act,scene,character,dialogue,line_number
NA,None,[stage direction],Warkworth. Before the castle,NA
NA,None,[stage direction],"Enter RUMOUR, painted full of tongues",NA
NA,None,Rumour,Open your ears; for which of you will stop,1
NA,None,Rumour,The vent of hearing when loud Rumour speaks?,2
NA,None,Rumour,"I, from the orient to the drooping west,",3
NA,None,Rumour,"Making the wind my post-horse, still unfold",4
NA,None,Rumour,The acts commenced on this ball of earth:,5
NA,None,Rumour,"Upon my tongues continual slanders ride,",6
NA,None,Rumour,"The which in every language I pronounce,",7
NA,None,Rumour,Stuffing the ears of men with false reports.,8
NA,None,Rumour,"I speak of peace, while covert enmity",9
NA,None,Rumour,Under the smile of safety wounds the world:,10
NA,None,Rumour,"And who but Rumour, who but only I,",11
NA,None,Rumour,"Make fearful musters and prepared defence,",12
NA,None,Rumour,"Whiles the big year, swoln with some other grief,",13
NA,None,Rumour,"Is thought with child by the stern tyrant war,",14
NA,None,Rumour,And no such matter? Rumour is a pipe,15
NA,None,Rumour,"Blown by surmises, jealousies, conjectures",16
NA,None,Rumour,And of so easy and so plain a stop,17
NA,None,Rumour,"That the blunt monster with uncounted heads,",18
NA,None,Rumour,"The still-discordant wavering multitude,",19
NA,None,Rumour,Can play upon it. But what need I thus,20
NA,None,Rumour,My well-known body to anatomize,21
NA,None,Rumour,Among my household? Why is Rumour here?,22
NA,None,Rumour,I run before King Harry's victory;,23
NA,None,Rumour,Who in a bloody field by Shrewsbury,24
NA,None,Rumour,"Hath beaten down young Hotspur and his troops,",25
NA,None,Rumour,Quenching the flame of bold rebellion,26
NA,None,Rumour,Even with the rebel's blood. But what mean I,27
NA,None,Rumour,To speak so true at first? my office is,28
NA,None,Rumour,To noise abroad that Harry Monmouth fell,29
NA,None,Rumour,"Under the wrath of noble Hotspur's sword,",30
NA,None,Rumour,And that the king before the Douglas' rage,31
NA,None,Rumour,Stoop'd his anointed head as low as death.,32
NA,None,Rumour,This have I rumour'd through the peasant towns,33
NA,None,Rumour,Between that royal field of Shrewsbury,34
NA,None,Rumour,"And this worm-eaten hold of ragged stone,",35
NA,None,Rumour,"Where Hotspur's father, old Northumberland,",36
NA,None,Rumour,"Lies crafty-sick: the posts come tiring on,",37
NA,None,Rumour,And not a man of them brings other news,38
NA,None,Rumour,Than they have learn'd of me: from Rumour's tongues,39
NA,None,Rumour,"They bring smooth comforts false, worse than",40
NA,None,Rumour,true wrongs.,41
NA,None,[stage direction],Exit,NA
Act I,Scene I,[stage direction],Enter LORD BARDOLPH,NA
Act I,Scene I,Lord Bardolph,"Who keeps the gate here, ho?",42
Act I,Scene I,[stage direction],The Porter opens the gate,NA
Act I,Scene I,Lord Bardolph,Where is the earl?,43
Act I,Scene I,Porter,What shall I say you are?,44
Act I,Scene I,Lord Bardolph,Tell thou the earl,45
Act I,Scene I,Lord Bardolph,That the Lord Bardolph doth attend him here.,46
Act I,Scene I,Porter,His lordship is walk'd forth into the orchard;,47
Act I,Scene I,Porter,"Please it your honour, knock but at the gate,",48
Act I,Scene I,Porter,And he himself wilt answer.,49
Act I,Scene I,[stage direction],Enter NORTHUMBERLAND,NA
Act I,Scene I,Lord Bardolph,Here comes the earl.,50
Act I,Scene I,[stage direction],Exit Porter,NA
Act I,Scene I,Northumberland,"What news, Lord Bardolph? every minute now",51
Act I,Scene I,Northumberland,Should be the father of some stratagem:,52
Act I,Scene I,Northumberland,"The times are wild: contention, like a horse",53
Act I,Scene I,Northumberland,"Full of high feeding, madly hath broke loose",54
Act I,Scene I,Northumberland,And bears down all before him.,55
Act I,Scene I,Lord Bardolph,"Noble earl,",56
Act I,Scene I,Lord Bardolph,I bring you certain news from Shrewsbury.,57
Act I,Scene I,Northumberland,"Good, an God will!",58
Act I,Scene I,Lord Bardolph,As good as heart can wish:,59
Act I,Scene I,Lord Bardolph,The king is almost wounded to the death;,60
Act I,Scene I,Lord Bardolph,"And, in the fortune of my lord your son,",61
Act I,Scene I,Lord Bardolph,Prince Harry slain outright; and both the Blunts,62
Act I,Scene I,Lord Bardolph,Kill'd by the hand of Douglas; young Prince John,63
Act I,Scene I,Lord Bardolph,And Westmoreland and Stafford fled the field;,64
Act I,Scene I,Lord Bardolph,"And Harry Monmouth's brawn, the hulk Sir John,",65
Act I,Scene I,Lord Bardolph,"Is prisoner to your son: O, such a day,",66
Act I,Scene I,Lord Bardolph,"So fought, so follow'd and so fairly won,",67
Act I,Scene I,Lord Bardolph,"Came not till now to dignify the times,",68
Act I,Scene I,Lord Bardolph,Since Caesar's fortunes!,69
Act I,Scene I,Northumberland,How is this derived?,70
Act I,Scene I,Northumberland,Saw you the field? came you from Shrewsbury?,71
Act I,Scene I,Lord Bardolph,"I spake with one, my lord, that came from thence,",72
Act I,Scene I,Lord Bardolph,"A gentleman well bred and of good name,",73
Act I,Scene I,Lord Bardolph,That freely render'd me these news for true.,74
Act I,Scene I,Northumberland,"Here comes my servant Travers, whom I sent",75
Act I,Scene I,Northumberland,On Tuesday last to listen after news.,76
Act I,Scene I,[stage direction],Enter TRAVERS,NA
Act I,Scene I,Lord Bardolph,"My lord, I over-rode him on the way;",77
Act I,Scene I,Lord Bardolph,And he is furnish'd with no certainties,78
Act I,Scene I,Lord Bardolph,More than he haply may retail from me.,79
Act I,Scene I,Northumberland,"Now, Travers, what good tidings comes with you?",80
Act I,Scene I,Travers,"My lord, Sir John Umfrevile turn'd me back",81
Act I,Scene I,Travers,"With joyful tidings; and, being better horsed,",82
Act I,Scene I,Travers,Out-rode me. After him came spurring hard,83
Act I,Scene I,Travers,"A gentleman, almost forspent with speed,",84
Act I,Scene I,Travers,That stopp'd by me to breathe his bloodied horse.,85
Act I,Scene I,Travers,He ask'd the way to Chester; and of him,86
Act I,Scene I,Travers,I did demand what news from Shrewsbury:,87
Act I,Scene I,Travers,He told me that rebellion had bad luck,88
Act I,Scene I,Travers,And that young Harry Percy's spur was cold.,89
Act I,Scene I,Travers,"With that, he gave his able horse the head,",90
Act I,Scene I,Travers,And bending forward struck his armed heels,91
Act I,Scene I,Travers,Against the panting sides of his poor jade,92
Act I,Scene I,Travers,"Up to the rowel-head, and starting so",93
Act I,Scene I,Travers,"He seem'd in running to devour the way,",94
Act I,Scene I,Travers,Staying no longer question.,95
Act I,Scene I,Northumberland,Ha! Again:,96
Act I,Scene I,Northumberland,Said he young Harry Percy's spur was cold?,97
Act I,Scene I,Northumberland,Of Hotspur Coldspur? that rebellion,98
Act I,Scene I,Northumberland,Had met ill luck?,99
Act I,Scene I,Lord Bardolph,"My lord, I'll tell you what;",100
Act I,Scene I,Lord Bardolph,"If my young lord your son have not the day,",101
Act I,Scene I,Lord Bardolph,"Upon mine honour, for a silken point",102
Act I,Scene I,Lord Bardolph,I'll give my barony: never talk of it.,103
Act I,Scene I,Northumberland,Why should that gentleman that rode by Travers,104
Act I,Scene I,Northumberland,Give then such instances of loss?,105
Act I,Scene I,Lord Bardolph,"Who, he?",106
Act I,Scene I,Lord Bardolph,He was some hilding fellow that had stolen,107
Act I,Scene I,Lord Bardolph,"The horse he rode on, and, upon my life,",108
Act I,Scene I,Lord Bardolph,"Spoke at a venture. Look, here comes more news.",109
Act I,Scene I,[stage direction],Enter MORTON,NA
Act I,Scene I,Northumberland,"Yea, this man's brow, like to a title-leaf,",110
Act I,Scene I,Northumberland,Foretells the nature of a tragic volume:,111
Act I,Scene I,Northumberland,So looks the strand whereon the imperious flood,112
Act I,Scene I,Northumberland,Hath left a witness'd usurpation.,113
Act I,Scene I,Northumberland,"Say, Morton, didst thou come from Shrewsbury?",114
Act I,Scene I,Morton,"I ran from Shrewsbury, my noble lord;",115
Act I,Scene I,Morton,Where hateful death put on his ugliest mask,116
Act I,Scene I,Morton,To fright our party.,117
Act I,Scene I,Northumberland,How doth my son and brother?,118
Act I,Scene I,Northumberland,Thou tremblest; and the whiteness in thy cheek,119
Act I,Scene I,Northumberland,Is apter than thy tongue to tell thy errand.,120
Act I,Scene I,Northumberland,"Even such a man, so faint, so spiritless,",121
Act I,Scene I,Northumberland,"So dull, so dead in look, so woe-begone,",122
Act I,Scene I,Northumberland,"Drew Priam's curtain in the dead of night,",123
Act I,Scene I,Northumberland,And would have told him half his Troy was burnt;,124
Act I,Scene I,Northumberland,"But Priam found the fire ere he his tongue,",125
Act I,Scene I,Northumberland,And I my Percy's death ere thou report'st it.,126
Act I,Scene I,Northumberland,"This thou wouldst say, 'Your son did thus and thus;",127
Act I,Scene I,Northumberland,Your brother thus: so fought the noble Douglas:',128
Act I,Scene I,Northumberland,Stopping my greedy ear with their bold deeds:,129
Act I,Scene I,Northumberland,"But in the end, to stop my ear indeed,",130
Act I,Scene I,Northumberland,"Thou hast a sigh to blow away this praise,",131
Act I,Scene I,Northumberland,"Ending with 'Brother, son, and all are dead.'",132
Act I,Scene I,Morton,"Douglas is living, and your brother, yet;",133
Act I,Scene I,Morton,"But, for my lord your son--",134
Act I,Scene I,Northumberland,"Why, he is dead.",135
Act I,Scene I,Northumberland,See what a ready tongue suspicion hath!,136
Act I,Scene I,Northumberland,He that but fears the thing he would not know,137
Act I,Scene I,Northumberland,Hath by instinct knowledge from others' eyes,138
Act I,Scene I,Northumberland,"That what he fear'd is chanced. Yet speak, Morton;",139
Act I,Scene I,Northumberland,"Tell thou an earl his divination lies,",140
Act I,Scene I,Northumberland,And I will take it as a sweet disgrace,141
Act I,Scene I,Northumberland,And make thee rich for doing me such wrong.,142
Act I,Scene I,Morton,You are too great to be by me gainsaid:,143
Act I,Scene I,Morton,"Your spirit is too true, your fears too certain.",144
Act I,Scene I,Northumberland,"Yet, for all this, say not that Percy's dead.",145
Act I,Scene I,Northumberland,I see a strange confession in thine eye:,146
Act I,Scene I,Northumberland,Thou shakest thy head and hold'st it fear or sin,147
Act I,Scene I,Northumberland,"To speak a truth. If he be slain, say so;",148
Act I,Scene I,Northumberland,The tongue offends not that reports his death:,149
Act I,Scene I,Northumberland,"And he doth sin that doth belie the dead,",150
Act I,Scene I,Northumberland,Not he which says the dead is not alive.,151
Act I,Scene I,Northumberland,Yet the first bringer of unwelcome news,152
Act I,Scene I,Northumberland,"Hath but a losing office, and his tongue",153
Act I,Scene I,Northumberland,"Sounds ever after as a sullen bell,",154
Act I,Scene I,Northumberland,Remember'd tolling a departing friend.,155
Act I,Scene I,Lord Bardolph,"I cannot think, my lord, your son is dead.",156
Act I,Scene I,Morton,I am sorry I should force you to believe,157
Act I,Scene I,Morton,That which I would to God I had not seen;,158
Act I,Scene I,Morton,"But these mine eyes saw him in bloody state,",159
Act I,Scene I,Morton,"Rendering faint quittance, wearied and out-breathed,",160
Act I,Scene I,Morton,To Harry Monmouth; whose swift wrath beat down,161
Act I,Scene I,Morton,"The never-daunted Percy to the earth,",162
Act I,Scene I,Morton,From whence with life he never more sprung up.,163
Act I,Scene I,Morton,"In few, his death, whose spirit lent a fire",164
Act I,Scene I,Morton,"Even to the dullest peasant in his camp,",165
Act I,Scene I,Morton,"Being bruited once, took fire and heat away",166
Act I,Scene I,Morton,From the best temper'd courage in his troops;,167
Act I,Scene I,Morton,For from his metal was his party steel'd;,168
Act I,Scene I,Morton,"Which once in him abated, all the rest",169
Act I,Scene I,Morton,"Turn'd on themselves, like dull and heavy lead:",170
Act I,Scene I,Morton,"And as the thing that's heavy in itself,",171
Act I,Scene I,Morton,"Upon enforcement flies with greatest speed,",172
Act I,Scene I,Morton,"So did our men, heavy in Hotspur's loss,",173
Act I,Scene I,Morton,Lend to this weight such lightness with their fear,174
Act I,Scene I,Morton,That arrows fled not swifter toward their aim,175
Act I,Scene I,Morton,"Than did our soldiers, aiming at their safety,",176
Act I,Scene I,Morton,Fly from the field. Then was the noble Worcester,177
Act I,Scene I,Morton,"Too soon ta'en prisoner; and that furious Scot,",178
Act I,Scene I,Morton,"The bloody Douglas, whose well-labouring sword",179
Act I,Scene I,Morton,"Had three times slain the appearance of the king,",180
Act I,Scene I,Morton,'Gan vail his stomach and did grace the shame,181
Act I,Scene I,Morton,"Of those that turn'd their backs, and in his flight,",182
Act I,Scene I,Morton,"Stumbling in fear, was took. The sum of all",183
Act I,Scene I,Morton,"Is that the king hath won, and hath sent out",184
Act I,Scene I,Morton,"A speedy power to encounter you, my lord,",185
Act I,Scene I,Morton,Under the conduct of young Lancaster,186
Act I,Scene I,Morton,And Westmoreland. This is the news at full.,187
Act I,Scene I,Northumberland,For this I shall have time enough to mourn.,188
Act I,Scene I,Northumberland,"In poison there is physic; and these news,",189
Act I,Scene I,Northumberland,"Having been well, that would have made me sick,",190
Act I,Scene I,Northumberland,"Being sick, have in some measure made me well:",191
Act I,Scene I,Northumberland,"And as the wretch, whose fever-weaken'd joints,",192
Act I,Scene I,Northumberland,"Like strengthless hinges, buckle under life,",193
Act I,Scene I,Northumberland,"Impatient of his fit, breaks like a fire",194
Act I,Scene I,Northumberland,"Out of his keeper's arms, even so my limbs,",195
Act I,Scene I,Northumberland,"Weaken'd with grief, being now enraged with grief,",196
Act I,Scene I,Northumberland,"Are thrice themselves. Hence, therefore, thou nice crutch!",197
Act I,Scene I,Northumberland,A scaly gauntlet now with joints of steel,198
Act I,Scene I,Northumberland,"Must glove this hand: and hence, thou sickly quoif!",199
Act I,Scene I,Northumberland,Thou art a guard too wanton for the head,200
Act I,Scene I,Northumberland,"Which princes, flesh'd with conquest, aim to hit.",201
Act I,Scene I,Northumberland,Now bind my brows with iron; and approach,202
Act I,Scene I,Northumberland,The ragged'st hour that time and spite dare bring,203
Act I,Scene I,Northumberland,To frown upon the enraged Northumberland!,204
Act I,Scene I,Northumberland,Let heaven kiss earth! now let not Nature's hand,205
Act I,Scene I,Northumberland,Keep the wild flood confined! let order die!,206
Act I,Scene I,Northumberland,And let this world no longer be a stage,207
Act I,Scene I,Northumberland,To feed contention in a lingering act;,208
Act I,Scene I,Northumberland,But let one spirit of the first-born Cain,209
Act I,Scene I,Northumberland,"Reign in all bosoms, that, each heart being set",210
Act I,Scene I,Northumberland,"On bloody courses, the rude scene may end,",211
Act I,Scene I,Northumberland,And darkness be the burier of the dead!,212
Act I,Scene I,Travers,"This strained passion doth you wrong, my lord.",213
Act I,Scene I,Lord Bardolph,"Sweet earl, divorce not wisdom from your honour.",214
Act I,Scene I,Morton,The lives of all your loving complices,215
Act I,Scene I,Morton,"Lean on your health; the which, if you give o'er",216
Act I,Scene I,Morton,"To stormy passion, must perforce decay.",217
Act I,Scene I,Morton,"You cast the event of war, my noble lord,",218
Act I,Scene I,Morton,"And summ'd the account of chance, before you said",219
Act I,Scene I,Morton,"'Let us make head.' It was your presurmise,",220
Act I,Scene I,Morton,"That, in the dole of blows, your son might drop:",221
Act I,Scene I,Morton,"You knew he walk'd o'er perils, on an edge,",222
Act I,Scene I,Morton,More likely to fall in than to get o'er;,223
Act I,Scene I,Morton,You were advised his flesh was capable,224
Act I,Scene I,Morton,Of wounds and scars and that his forward spirit,225
Act I,Scene I,Morton,Would lift him where most trade of danger ranged:,226
Act I,Scene I,Morton,"Yet did you say 'Go forth;' and none of this,",227
Act I,Scene I,Morton,"Though strongly apprehended, could restrain",228
Act I,Scene I,Morton,"The stiff-borne action: what hath then befallen,",229
Act I,Scene I,Morton,"Or what hath this bold enterprise brought forth,",230
Act I,Scene I,Morton,More than that being which was like to be?,231
Act I,Scene I,Lord Bardolph,We all that are engaged to this loss,232
Act I,Scene I,Lord Bardolph,Knew that we ventured on such dangerous seas,233
Act I,Scene I,Lord Bardolph,That if we wrought our life 'twas ten to one;,234
Act I,Scene I,Lord Bardolph,"And yet we ventured, for the gain proposed",235
Act I,Scene I,Lord Bardolph,Choked the respect of likely peril fear'd;,236
Act I,Scene I,Lord Bardolph,"And since we are o'erset, venture again.",237
Act I,Scene I,Lord Bardolph,"Come, we will all put forth, body and goods.",238
Act I,Scene I,Morton,"'Tis more than time: and, my most noble lord,",239
Act I,Scene I,Morton,"I hear for certain, and do speak the truth,",240
Act I,Scene I,Morton,The gentle Archbishop of York is up,241
Act I,Scene I,Morton,With well-appointed powers: he is a man,242
Act I,Scene I,Morton,Who with a double surety binds his followers.,243
Act I,Scene I,Morton,"My lord your son had only but the corpse,",244
Act I,Scene I,Morton,"But shadows and the shows of men, to fight;",245
Act I,Scene I,Morton,"For that same word, rebellion, did divide",246
Act I,Scene I,Morton,The action of their bodies from their souls;,247
Act I,Scene I,Morton,"And they did fight with queasiness, constrain'd,",248
Act I,Scene I,Morton,"As men drink potions, that their weapons only",249
Act I,Scene I,Morton,"Seem'd on our side; but, for their spirits and souls,",250
Act I,Scene I,Morton,"This word, rebellion, it had froze them up,",251
Act I,Scene I,Morton,As fish are in a pond. But now the bishop,252
Act I,Scene I,Morton,Turns insurrection to religion:,253
Act I,Scene I,Morton,"Supposed sincere and holy in his thoughts,",254
Act I,Scene I,Morton,He's followed both with body and with mind;,255
Act I,Scene I,Morton,And doth enlarge his rising with the blood,256
Act I,Scene I,Morton,"Of fair King Richard, scraped from Pomfret stones;",257
Act I,Scene I,Morton,Derives from heaven his quarrel and his cause;,258
Act I,Scene I,Morton,"Tells them he doth bestride a bleeding land,",259
Act I,Scene I,Morton,Gasping for life under great Bolingbroke;,260
Act I,Scene I,Morton,And more and less do flock to follow him.,261
Act I,Scene I,Northumberland,"I knew of this before; but, to speak truth,",262
Act I,Scene I,Northumberland,This present grief had wiped it from my mind.,263
Act I,Scene I,Northumberland,Go in with me; and counsel every man,264
Act I,Scene I,Northumberland,The aptest way for safety and revenge:,265
Act I,Scene I,Northumberland,"Get posts and letters, and make friends with speed:",266
Act I,Scene I,Northumberland,"Never so few, and never yet more need.",267
Act I,Scene I,[stage direction],Exeunt,NA
Act I,Scene II,[stage direction],"Enter FALSTAFF, with his Page bearing his sword and buckler",NA
Act I,Scene II,Falstaff,"Sirrah, you giant, what says the doctor to my water?",268
Act I,Scene II,Page,"He said, sir, the water itself was a good healthy",269
Act I,Scene II,Page,"water; but, for the party that owed it, he might",270
Act I,Scene II,Page,have more diseases than he knew for.,271
Act I,Scene II,Falstaff,Men of all sorts take a pride to gird at me: the,272
Act I,Scene II,Falstaff,"brain of this foolish-compounded clay, man, is not",273
Act I,Scene II,Falstaff,"able to invent anything that tends to laughter, more",274
Act I,Scene II,Falstaff,than I invent or is invented on me: I am not only,275
Act I,Scene II,Falstaff,"witty in myself, but the cause that wit is in other",276
Act I,Scene II,Falstaff,men. I do here walk before thee like a sow that,277
Act I,Scene II,Falstaff,hath overwhelmed all her litter but one. If the,278
Act I,Scene II,Falstaff,prince put thee into my service for any other reason,279
Act I,Scene II,Falstaff,"than to set me off, why then I have no judgment.",280
Act I,Scene II,Falstaff,"Thou whoreson mandrake, thou art fitter to be worn",281
Act I,Scene II,Falstaff,in my cap than to wait at my heels. I was never,282
Act I,Scene II,Falstaff,manned with an agate till now: but I will inset you,283
Act I,Scene II,Falstaff,"neither in gold nor silver, but in vile apparel, and",284
Act I,Scene II,Falstaff,"send you back again to your master, for a jewel,--",285
Act I,Scene II,Falstaff,"the juvenal, the prince your master, whose chin is",286
Act I,Scene II,Falstaff,not yet fledged. I will sooner have a beard grow in,287
Act I,Scene II,Falstaff,the palm of my hand than he shall get one on his,288
Act I,Scene II,Falstaff,cheek; and yet he will not stick to say his face is,289
Act I,Scene II,Falstaff,"a face-royal: God may finish it when he will, 'tis",290
Act I,Scene II,Falstaff,not a hair amiss yet: he may keep it still at a,291
Act I,Scene II,Falstaff,"face-royal, for a barber shall never earn sixpence",292
Act I,Scene II,Falstaff,out of it; and yet he'll be crowing as if he had,293
Act I,Scene II,Falstaff,writ man ever since his father was a bachelor. He,294
Act I,Scene II,Falstaff,"may keep his own grace, but he's almost out of mine,",295
Act I,Scene II,Falstaff,I can assure him. What said Master Dombledon about,296
Act I,Scene II,Falstaff,the satin for my short cloak and my slops?,297
Act I,Scene II,Page,"He said, sir, you should procure him better",298
Act I,Scene II,Page,assurance than Bardolph: he would not take his,299
Act I,Scene II,Page,band and yours; he liked not the security.,300
Act I,Scene II,Falstaff,"Let him be damned, like the glutton! pray God his",301
Act I,Scene II,Falstaff,tongue be hotter! A whoreson Achitophel! a rascally,302
Act I,Scene II,Falstaff,"yea-forsooth knave! to bear a gentleman in hand,",303
Act I,Scene II,Falstaff,and then stand upon security! The whoreson,304
Act I,Scene II,Falstaff,"smooth-pates do now wear nothing but high shoes, and",305
Act I,Scene II,Falstaff,bunches of keys at their girdles; and if a man is,306
Act I,Scene II,Falstaff,"through with them in honest taking up, then they",307
Act I,Scene II,Falstaff,must stand upon security. I had as lief they would,308
Act I,Scene II,Falstaff,put ratsbane in my mouth as offer to stop it with,309
Act I,Scene II,Falstaff,security. I looked a' should have sent me two and,310
Act I,Scene II,Falstaff,"twenty yards of satin, as I am a true knight, and he",311
Act I,Scene II,Falstaff,"sends me security. Well, he may sleep in security;",312
Act I,Scene II,Falstaff,"for he hath the horn of abundance, and the lightness",313
Act I,Scene II,Falstaff,of his wife shines through it: and yet cannot he,314
Act I,Scene II,Falstaff,"see, though he have his own lanthorn to light him.",315
Act I,Scene II,Falstaff,Where's Bardolph?,316
Act I,Scene II,Page,He's gone into Smithfield to buy your worship a horse.,317
Act I,Scene II,Falstaff,"I bought him in Paul's, and he'll buy me a horse in",318
Act I,Scene II,Falstaff,Smithfield: an I could get me but a wife in the,319
Act I,Scene II,Falstaff,"stews, I were manned, horsed, and wived.",320
Act I,Scene II,[stage direction],Enter the Lord Chief-Justice and Servant,NA
Act I,Scene II,Page,"Sir, here comes the nobleman that committed the",321
Act I,Scene II,Page,Prince for striking him about Bardolph.,322
Act I,Scene II,Falstaff,"Wait, close; I will not see him.",323
Act I,Scene II,Falstaff,Lord Chief-Justice	What's he that goes there?,324
Act I,Scene II,Servant,"Falstaff, an't please your lordship.",325
Act I,Scene II,Servant,Lord Chief-Justice	He that was in question for the robbery?,326
Act I,Scene II,Servant,"He, my lord: but he hath since done good service at",327
Act I,Scene II,Servant,"Shrewsbury; and, as I hear, is now going with some",328
Act I,Scene II,Servant,charge to the Lord John of Lancaster.,329
Act I,Scene II,Servant,"Lord Chief-Justice	What, to York? Call him back again.",330
Act I,Scene II,Servant,Sir John Falstaff!,331
Act I,Scene II,Falstaff,"Boy, tell him I am deaf.",332
Act I,Scene II,Page,You must speak louder; my master is deaf.,333
Act I,Scene II,Page,"Lord Chief-Justice	I am sure he is, to the hearing of any thing good.",334
Act I,Scene II,Page,"Go, pluck him by the elbow; I must speak with him.",335
Act I,Scene II,Servant,Sir John!,336
Act I,Scene II,Falstaff,"What! a young knave, and begging! Is there not",337
Act I,Scene II,Falstaff,wars? is there not employment? doth not the king,338
Act I,Scene II,Falstaff,lack subjects? do not the rebels need soldiers?,339
Act I,Scene II,Falstaff,"Though it be a shame to be on any side but one, it",340
Act I,Scene II,Falstaff,"is worse shame to beg than to be on the worst side,",341
Act I,Scene II,Falstaff,were it worse than the name of rebellion can tell,342
Act I,Scene II,Falstaff,how to make it.,343
Act I,Scene II,Servant,"You mistake me, sir.",344
Act I,Scene II,Falstaff,"Why, sir, did I say you were an honest man? setting",345
Act I,Scene II,Falstaff,"my knighthood and my soldiership aside, I had lied",346
Act I,Scene II,Falstaff,"in my throat, if I had said so.",347
Act I,Scene II,Servant,"I pray you, sir, then set your knighthood and our",348
Act I,Scene II,Servant,"soldiership aside; and give me leave to tell you,",349
Act I,Scene II,Servant,"you lie in your throat, if you say I am any other",350
Act I,Scene II,Servant,than an honest man.,351
Act I,Scene II,Falstaff,I give thee leave to tell me so! I lay aside that,352
Act I,Scene II,Falstaff,"which grows to me! if thou gettest any leave of me,",353
Act I,Scene II,Falstaff,"hang me; if thou takest leave, thou wert better be",354
Act I,Scene II,Falstaff,hanged. You hunt counter: hence! avaunt!,355
Act I,Scene II,Servant,"Sir, my lord would speak with you.",356
Act I,Scene II,Servant,"Lord Chief-Justice	Sir John Falstaff, a word with you.",357
Act I,Scene II,Falstaff,My good lord! God give your lordship good time of,358
Act I,Scene II,Falstaff,day. I am glad to see your lordship abroad: I heard,359
Act I,Scene II,Falstaff,say your lordship was sick: I hope your lordship,360
Act I,Scene II,Falstaff,"goes abroad by advice. Your lordship, though not",361
Act I,Scene II,Falstaff,"clean past your youth, hath yet some smack of age in",362
Act I,Scene II,Falstaff,"you, some relish of the saltness of time; and I must",363
Act I,Scene II,Falstaff,humbly beseech your lordship to have a reverent care,364
Act I,Scene II,Falstaff,of your health.,365
Act I,Scene II,Falstaff,"Lord Chief-Justice	Sir John, I sent for you before your expedition to",366
Act I,Scene II,Falstaff,Shrewsbury.,367
Act I,Scene II,Falstaff,"An't please your lordship, I hear his majesty is",368
Act I,Scene II,Falstaff,returned with some discomfort from Wales.,369
Act I,Scene II,Falstaff,Lord Chief-Justice	I talk not of his majesty: you would not come when,370
Act I,Scene II,Falstaff,I sent for you.,371
Act I,Scene II,Falstaff,"And I hear, moreover, his highness is fallen into",372
Act I,Scene II,Falstaff,this same whoreson apoplexy.,373
Act I,Scene II,Falstaff,"Lord Chief-Justice	Well, God mend him! I pray you, let me speak with",374
Act I,Scene II,Falstaff,you.,375
Act I,Scene II,Falstaff,"This apoplexy is, as I take it, a kind of lethargy,",376
Act I,Scene II,Falstaff,an't please your lordship; a kind of sleeping in the,377
Act I,Scene II,Falstaff,"blood, a whoreson tingling.",378
Act I,Scene II,Falstaff,Lord Chief-Justice	What tell you me of it? be it as it is.,379
Act I,Scene II,Falstaff,"It hath its original from much grief, from study and",380
Act I,Scene II,Falstaff,perturbation of the brain: I have read the cause of,381
Act I,Scene II,Falstaff,his effects in Galen: it is a kind of deafness.,382
Act I,Scene II,Falstaff,Lord Chief-Justice	I think you are fallen into the disease; for you,383
Act I,Scene II,Falstaff,hear not what I say to you.,384
Act I,Scene II,Falstaff,"Very well, my lord, very well: rather, an't please",385
Act I,Scene II,Falstaff,"you, it is the disease of not listening, the malady",386
Act I,Scene II,Falstaff,"of not marking, that I am troubled withal.",387
Act I,Scene II,Falstaff,Lord Chief-Justice	To punish you by the heels would amend the,388
Act I,Scene II,Falstaff,attention of your ears; and I care not if I do,389
Act I,Scene II,Falstaff,become your physician.,390
Act I,Scene II,Falstaff,"I am as poor as Job, my lord, but not so patient:",391
Act I,Scene II,Falstaff,your lordship may minister the potion of,392
Act I,Scene II,Falstaff,imprisonment to me in respect of poverty; but how,393
Act I,Scene II,Falstaff,should I be your patient to follow your,394
Act I,Scene II,Falstaff,"prescriptions, the wise may make some dram of a",395
Act I,Scene II,Falstaff,"scruple, or indeed a scruple itself.",396
Act I,Scene II,Falstaff,"Lord Chief-Justice	I sent for you, when there were matters against you",397
Act I,Scene II,Falstaff,"for your life, to come speak with me.",398
Act I,Scene II,Falstaff,As I was then advised by my learned counsel in the,399
Act I,Scene II,Falstaff,"laws of this land-service, I did not come.",400
Act I,Scene II,Falstaff,"Lord Chief-Justice	Well, the truth is, Sir John, you live in great infamy.",401
Act I,Scene II,Falstaff,He that buckles him in my belt cannot live in less.,402
Act I,Scene II,Falstaff,"Lord Chief-Justice	Your means are very slender, and your waste is great.",403
Act I,Scene II,Falstaff,I would it were otherwise; I would my means were,404
Act I,Scene II,Falstaff,"greater, and my waist slenderer.",405
Act I,Scene II,Falstaff,Lord Chief-Justice	You have misled the youthful prince.,406
Act I,Scene II,Falstaff,The young prince hath misled me: I am the fellow,407
Act I,Scene II,Falstaff,"with the great belly, and he my dog.",408
Act I,Scene II,Falstaff,"Lord Chief-Justice	Well, I am loath to gall a new-healed wound: your",409
Act I,Scene II,Falstaff,day's service at Shrewsbury hath a little gilded,410
Act I,Scene II,Falstaff,over your night's exploit on Gad's-hill: you may,411
Act I,Scene II,Falstaff,thank the unquiet time for your quiet o'er-posting,412
Act I,Scene II,Falstaff,that action.,413
Act I,Scene II,Falstaff,My lord?,414
Act I,Scene II,Falstaff,"Lord Chief-Justice	But since all is well, keep it so: wake not a",415
Act I,Scene II,Falstaff,sleeping wolf.,416
Act I,Scene II,Falstaff,To wake a wolf is as bad as to smell a fox.,417
Act I,Scene II,Falstaff,"Lord Chief-Justice	What! you are as a candle, the better part burnt",418
Act I,Scene II,Falstaff,out.,419
Act I,Scene II,Falstaff,"A wassail candle, my lord, all tallow: if I did say",420
Act I,Scene II,Falstaff,"of wax, my growth would approve the truth.",421
Act I,Scene II,Falstaff,Lord Chief-Justice	There is not a white hair on your face but should,422
Act I,Scene II,Falstaff,have his effect of gravity.,423
Act I,Scene II,Falstaff,"His effect of gravy, gravy, gravy.",424
Act I,Scene II,Falstaff,"Lord Chief-Justice	You follow the young prince up and down, like his",425
Act I,Scene II,Falstaff,ill angel.,426
Act I,Scene II,Falstaff,"Not so, my lord; your ill angel is light; but I hope",427
Act I,Scene II,Falstaff,he that looks upon me will take me without weighing:,428
Act I,Scene II,Falstaff,"and yet, in some respects, I grant, I cannot go: I",429
Act I,Scene II,Falstaff,cannot tell. Virtue is of so little regard in these,430
Act I,Scene II,Falstaff,costermonger times that true valour is turned,431
Act I,Scene II,Falstaff,"bear-herd: pregnancy is made a tapster, and hath",432
Act I,Scene II,Falstaff,his quick wit wasted in giving reckonings: all the,433
Act I,Scene II,Falstaff,"other gifts appertinent to man, as the malice of",434
Act I,Scene II,Falstaff,"this age shapes them, are not worth a gooseberry.",435
Act I,Scene II,Falstaff,You that are old consider not the capacities of us,436
Act I,Scene II,Falstaff,that are young; you do measure the heat of our,437
Act I,Scene II,Falstaff,livers with the bitterness of your galls: and we,438
Act I,Scene II,Falstaff,"that are in the vaward of our youth, I must confess,",439
Act I,Scene II,Falstaff,are wags too.,440
Act I,Scene II,Falstaff,"Lord Chief-Justice	Do you set down your name in the scroll of youth,",441
Act I,Scene II,Falstaff,that are written down old with all the characters of,442
Act I,Scene II,Falstaff,age? Have you not a moist eye? a dry hand? a,443
Act I,Scene II,Falstaff,yellow cheek? a white beard? a decreasing leg? an,444
Act I,Scene II,Falstaff,increasing belly? is not your voice broken? your,445
Act I,Scene II,Falstaff,wind short? your chin double? your wit single? and,446
Act I,Scene II,Falstaff,every part about you blasted with antiquity? and,447
Act I,Scene II,Falstaff,"will you yet call yourself young? Fie, fie, fie, Sir John!",448
Act I,Scene II,Falstaff,"My lord, I was born about three of the clock in the",449
Act I,Scene II,Falstaff,"afternoon, with a white head and something a round",450
Act I,Scene II,Falstaff,"belly. For my voice, I have lost it with halloing",451
Act I,Scene II,Falstaff,and singing of anthems. To approve my youth,452
Act I,Scene II,Falstaff,"further, I will not: the truth is, I am only old in",453
Act I,Scene II,Falstaff,judgment and understanding; and he that will caper,454
Act I,Scene II,Falstaff,"with me for a thousand marks, let him lend me the",455
Act I,Scene II,Falstaff,"money, and have at him! For the box of the ear that",456
Act I,Scene II,Falstaff,"the prince gave you, he gave it like a rude prince,",457
Act I,Scene II,Falstaff,and you took it like a sensible lord. I have,458
Act I,Scene II,Falstaff,"chequed him for it, and the young lion repents;",459
Act I,Scene II,Falstaff,"marry, not in ashes and sackcloth, but in new silk",460
Act I,Scene II,Falstaff,and old sack.,461
Act I,Scene II,Falstaff,"Lord Chief-Justice	Well, God send the prince a better companion!",462
Act I,Scene II,Falstaff,God send the companion a better prince! I cannot,463
Act I,Scene II,Falstaff,rid my hands of him.,464
Act I,Scene II,Falstaff,"Lord Chief-Justice	Well, the king hath severed you and Prince Harry: I",465
Act I,Scene II,Falstaff,hear you are going with Lord John of Lancaster,466
Act I,Scene II,Falstaff,against the Archbishop and the Earl of,467
Act I,Scene II,Falstaff,Northumberland.,468
Act I,Scene II,Falstaff,Yea; I thank your pretty sweet wit for it. But look,469
Act I,Scene II,Falstaff,"you pray, all you that kiss my lady Peace at home,",470
Act I,Scene II,Falstaff,"that our armies join not in a hot day; for, by the",471
Act I,Scene II,Falstaff,"Lord, I take but two shirts out with me, and I mean",472
Act I,Scene II,Falstaff,"not to sweat extraordinarily: if it be a hot day,",473
Act I,Scene II,Falstaff,"and I brandish any thing but a bottle, I would I",474
Act I,Scene II,Falstaff,might never spit white again. There is not a,475
Act I,Scene II,Falstaff,dangerous action can peep out his head but I am,476
Act I,Scene II,Falstaff,"thrust upon it: well, I cannot last ever: but it",477
Act I,Scene II,Falstaff,"was alway yet the trick of our English nation, if",478
Act I,Scene II,Falstaff,"they have a good thing, to make it too common. If",479
Act I,Scene II,Falstaff,"ye will needs say I am an old man, you should give",480
Act I,Scene II,Falstaff,me rest. I would to God my name were not so,481
Act I,Scene II,Falstaff,terrible to the enemy as it is: I were better to be,482
Act I,Scene II,Falstaff,eaten to death with a rust than to be scoured to,483
Act I,Scene II,Falstaff,nothing with perpetual motion.,484
Act I,Scene II,Falstaff,"Lord Chief-Justice	Well, be honest, be honest; and God bless your",485
Act I,Scene II,Falstaff,expedition!,486
Act I,Scene II,Falstaff,Will your lordship lend me a thousand pound to,487
Act I,Scene II,Falstaff,furnish me forth?,488
Act I,Scene II,Falstaff,"Lord Chief-Justice	Not a penny, not a penny; you are too impatient to",489
Act I,Scene II,Falstaff,bear crosses. Fare you well: commend me to my,490
Act I,Scene II,Falstaff,cousin Westmoreland.,491
Act I,Scene II,[stage direction],Exeunt Chief-Justice and Servant,NA
Act I,Scene II,Falstaff,"If I do, fillip me with a three-man beetle. A man",492
Act I,Scene II,Falstaff,can no more separate age and covetousness than a',493
Act I,Scene II,Falstaff,can part young limbs and lechery: but the gout,494
Act I,Scene II,Falstaff,"galls the one, and the pox pinches the other; and",495
Act I,Scene II,Falstaff,so both the degrees prevent my curses. Boy!,496
Act I,Scene II,Page,Sir?,497
Act I,Scene II,Falstaff,What money is in my purse?,498
Act I,Scene II,Page,Seven groats and two pence.,499
Act I,Scene II,Falstaff,I can get no remedy against this consumption of the,500
Act I,Scene II,Falstaff,"purse: borrowing only lingers and lingers it out,",501
Act I,Scene II,Falstaff,but the disease is incurable. Go bear this letter,502
Act I,Scene II,Falstaff,to my Lord of Lancaster; this to the prince; this,503
Act I,Scene II,Falstaff,to the Earl of Westmoreland; and this to old,504
Act I,Scene II,Falstaff,"Mistress Ursula, whom I have weekly sworn to marry",505
Act I,Scene II,Falstaff,since I perceived the first white hair on my chin.,506
Act I,Scene II,Falstaff,About it: you know where to find me.,507
Act I,Scene II,[stage direction],Exit Page,NA
Act I,Scene II,Falstaff,"A pox of this gout! or, a gout of this pox! for",508
Act I,Scene II,Falstaff,the one or the other plays the rogue with my great,509
Act I,Scene II,Falstaff,toe. 'Tis no matter if I do halt; I have the wars,510
Act I,Scene II,Falstaff,"for my colour, and my pension shall seem the more",511
Act I,Scene II,Falstaff,reasonable. A good wit will make use of any thing:,512
Act I,Scene II,Falstaff,I will turn diseases to commodity.,513
Act I,Scene II,[stage direction],Exit,NA
Act I,Scene III,[stage direction],"Enter the ARCHBISHOP OF YORK, the Lords HASTINGS, MOWBRAY, and BARDOLPH",NA
Act I,Scene III,Archbishop Of York,Thus have you heard our cause and known our means;,514
Act I,Scene III,Archbishop Of York,"And, my most noble friends, I pray you all,",515
Act I,Scene III,Archbishop Of York,Speak plainly your opinions of our hopes:,516
Act I,Scene III,Archbishop Of York,"And first, lord marshal, what say you to it?",517
Act I,Scene III,Mowbray,I well allow the occasion of our arms;,518
Act I,Scene III,Mowbray,But gladly would be better satisfied,519
Act I,Scene III,Mowbray,How in our means we should advance ourselves,520
Act I,Scene III,Mowbray,To look with forehead bold and big enough,521
Act I,Scene III,Mowbray,Upon the power and puissance of the king.,522
Act I,Scene III,Hastings,Our present musters grow upon the file,523
Act I,Scene III,Hastings,To five and twenty thousand men of choice;,524
Act I,Scene III,Hastings,And our supplies live largely in the hope,525
Act I,Scene III,Hastings,"Of great Northumberland, whose bosom burns",526
Act I,Scene III,Hastings,With an incensed fire of injuries.,527
Act I,Scene III,Lord Bardolph,"The question then, Lord Hastings, standeth thus;",528
Act I,Scene III,Lord Bardolph,Whether our present five and twenty thousand,529
Act I,Scene III,Lord Bardolph,May hold up head without Northumberland?,530
Act I,Scene III,Hastings,"With him, we may.",531
Act I,Scene III,Lord Bardolph,"Yea, marry, there's the point:",532
Act I,Scene III,Lord Bardolph,"But if without him we be thought too feeble,",533
Act I,Scene III,Lord Bardolph,"My judgment is, we should not step too far",534
Act I,Scene III,Lord Bardolph,Till we had his assistance by the hand;,535
Act I,Scene III,Lord Bardolph,For in a theme so bloody-faced as this,536
Act I,Scene III,Lord Bardolph,"Conjecture, expectation, and surmise",537
Act I,Scene III,Lord Bardolph,Of aids incertain should not be admitted.,538
Act I,Scene III,Archbishop Of York,"'Tis very true, Lord Bardolph; for indeed",539
Act I,Scene III,Archbishop Of York,It was young Hotspur's case at Shrewsbury.,540
Act I,Scene III,Lord Bardolph,"It was, my lord; who lined himself with hope,",541
Act I,Scene III,Lord Bardolph,"Eating the air on promise of supply,",542
Act I,Scene III,Lord Bardolph,Flattering himself in project of a power,543
Act I,Scene III,Lord Bardolph,Much smaller than the smallest of his thoughts:,544
Act I,Scene III,Lord Bardolph,"And so, with great imagination",545
Act I,Scene III,Lord Bardolph,"Proper to madmen, led his powers to death",546
Act I,Scene III,Lord Bardolph,And winking leap'd into destruction.,547
Act I,Scene III,Hastings,"But, by your leave, it never yet did hurt",548
Act I,Scene III,Hastings,To lay down likelihoods and forms of hope.,549
Act I,Scene III,Lord Bardolph,"Yes, if this present quality of war,",550
Act I,Scene III,Lord Bardolph,Indeed the instant action: a cause on foot,551
Act I,Scene III,Lord Bardolph,Lives so in hope as in an early spring,552
Act I,Scene III,Lord Bardolph,"We see the appearing buds; which to prove fruit,",553
Act I,Scene III,Lord Bardolph,Hope gives not so much warrant as despair,554
Act I,Scene III,Lord Bardolph,"That frosts will bite them. When we mean to build,",555
Act I,Scene III,Lord Bardolph,"We first survey the plot, then draw the model;",556
Act I,Scene III,Lord Bardolph,"And when we see the figure of the house,",557
Act I,Scene III,Lord Bardolph,Then must we rate the cost of the erection;,558
Act I,Scene III,Lord Bardolph,"Which if we find outweighs ability,",559
Act I,Scene III,Lord Bardolph,What do we then but draw anew the model,560
Act I,Scene III,Lord Bardolph,"In fewer offices, or at last desist",561
Act I,Scene III,Lord Bardolph,"To build at all? Much more, in this great work,",562
Act I,Scene III,Lord Bardolph,Which is almost to pluck a kingdom down,563
Act I,Scene III,Lord Bardolph,"And set another up, should we survey",564
Act I,Scene III,Lord Bardolph,"The plot of situation and the model,",565
Act I,Scene III,Lord Bardolph,"Consent upon a sure foundation,",566
Act I,Scene III,Lord Bardolph,"Question surveyors, know our own estate,",567
Act I,Scene III,Lord Bardolph,"How able such a work to undergo,",568
Act I,Scene III,Lord Bardolph,To weigh against his opposite; or else,569
Act I,Scene III,Lord Bardolph,"We fortify in paper and in figures,",570
Act I,Scene III,Lord Bardolph,Using the names of men instead of men:,571
Act I,Scene III,Lord Bardolph,Like one that draws the model of a house,572
Act I,Scene III,Lord Bardolph,"Beyond his power to build it; who, half through,",573
Act I,Scene III,Lord Bardolph,Gives o'er and leaves his part-created cost,574
Act I,Scene III,Lord Bardolph,A naked subject to the weeping clouds,575
Act I,Scene III,Lord Bardolph,And waste for churlish winter's tyranny.,576
Act I,Scene III,Hastings,"Grant that our hopes, yet likely of fair birth,",577
Act I,Scene III,Hastings,"Should be still-born, and that we now possess'd",578
Act I,Scene III,Hastings,"The utmost man of expectation,",579
Act I,Scene III,Hastings,"I think we are a body strong enough,",580
Act I,Scene III,Hastings,"Even as we are, to equal with the king.",581
Act I,Scene III,Lord Bardolph,"What, is the king but five and twenty thousand?",582
Act I,Scene III,Hastings,"To us no more; nay, not so much, Lord Bardolph.",583
Act I,Scene III,Hastings,"For his divisions, as the times do brawl,",584
Act I,Scene III,Hastings,"Are in three heads: one power against the French,",585
Act I,Scene III,Hastings,And one against Glendower; perforce a third,586
Act I,Scene III,Hastings,Must take up us: so is the unfirm king,587
Act I,Scene III,Hastings,In three divided; and his coffers sound,588
Act I,Scene III,Hastings,With hollow poverty and emptiness.,589
Act I,Scene III,Archbishop Of York,That he should draw his several strengths together,590
Act I,Scene III,Archbishop Of York,"And come against us in full puissance,",591
Act I,Scene III,Archbishop Of York,Need not be dreaded.,592
Act I,Scene III,Hastings,"If he should do so,",593
Act I,Scene III,Hastings,"He leaves his back unarm'd, the French and Welsh",594
Act I,Scene III,Hastings,Baying him at the heels: never fear that.,595
Act I,Scene III,Lord Bardolph,Who is it like should lead his forces hither?,596
Act I,Scene III,Hastings,The Duke of Lancaster and Westmoreland;,597
Act I,Scene III,Hastings,"Against the Welsh, himself and Harry Monmouth:",598
Act I,Scene III,Hastings,"But who is substituted 'gainst the French,",599
Act I,Scene III,Hastings,I have no certain notice.,600
Act I,Scene III,Archbishop Of York,"Let us on,",601
Act I,Scene III,Archbishop Of York,And publish the occasion of our arms.,602
Act I,Scene III,Archbishop Of York,The commonwealth is sick of their own choice;,603
Act I,Scene III,Archbishop Of York,Their over-greedy love hath surfeited:,604
Act I,Scene III,Archbishop Of York,An habitation giddy and unsure,605
Act I,Scene III,Archbishop Of York,Hath he that buildeth on the vulgar heart.,606
Act I,Scene III,Archbishop Of York,"O thou fond many, with what loud applause",607
Act I,Scene III,Archbishop Of York,"Didst thou beat heaven with blessing Bolingbroke,",608
Act I,Scene III,Archbishop Of York,Before he was what thou wouldst have him be!,609
Act I,Scene III,Archbishop Of York,"And being now trimm'd in thine own desires,",610
Act I,Scene III,Archbishop Of York,"Thou, beastly feeder, art so full of him,",611
Act I,Scene III,Archbishop Of York,That thou provokest thyself to cast him up.,612
Act I,Scene III,Archbishop Of York,"So, so, thou common dog, didst thou disgorge",613
Act I,Scene III,Archbishop Of York,Thy glutton bosom of the royal Richard;,614
Act I,Scene III,Archbishop Of York,"And now thou wouldst eat thy dead vomit up,",615
Act I,Scene III,Archbishop Of York,And howl'st to find it. What trust is in,616
Act I,Scene III,Archbishop Of York,these times?,617
Act I,Scene III,Archbishop Of York,"They that, when Richard lived, would have him die,",618
Act I,Scene III,Archbishop Of York,Are now become enamour'd on his grave:,619
Act I,Scene III,Archbishop Of York,"Thou, that threw'st dust upon his goodly head",620
Act I,Scene III,Archbishop Of York,When through proud London he came sighing on,621
Act I,Scene III,Archbishop Of York,"After the admired heels of Bolingbroke,",622
Act I,Scene III,Archbishop Of York,"Criest now 'O earth, yield us that king again,",623
Act I,Scene III,Archbishop Of York,And take thou this!' O thoughts of men accursed!,624
Act I,Scene III,Archbishop Of York,Past and to come seems best; things present worst.,625
Act I,Scene III,Mowbray,Shall we go draw our numbers and set on?,626
Act I,Scene III,Hastings,"We are time's subjects, and time bids be gone.",627
Act I,Scene III,[stage direction],Exeunt,NA
Act II,Scene I,[stage direction],"Enter MISTRESS QUICKLY, FANG and his Boy with her, and SNARE following.",NA
Act II,Scene I,Mistress Quickly,"Master Fang, have you entered the action?",628
Act II,Scene I,Fang,It is entered.,629
Act II,Scene I,Mistress Quickly,Where's your yeoman? Is't a lusty yeoman? will a',630
Act II,Scene I,Mistress Quickly,stand to 't?,631
Act II,Scene I,Fang,"Sirrah, where's Snare?",632
Act II,Scene I,Mistress Quickly,"O Lord, ay! good Master Snare.",633
Act II,Scene I,Snare,"Here, here.",634
Act II,Scene I,Fang,"Snare, we must arrest Sir John Falstaff.",635
Act II,Scene I,Mistress Quickly,"Yea, good Master Snare; I have entered him and all.",636
Act II,Scene I,Snare,"It may chance cost some of us our lives, for he will stab.",637
Act II,Scene I,Mistress Quickly,Alas the day! take heed of him; he stabbed me in,638
Act II,Scene I,Mistress Quickly,"mine own house, and that most beastly: in good",639
Act II,Scene I,Mistress Quickly,"faith, he cares not what mischief he does. If his",640
Act II,Scene I,Mistress Quickly,weapon be out: he will foin like any devil; he will,641
Act II,Scene I,Mistress Quickly,"spare neither man, woman, nor child.",642
Act II,Scene I,Fang,"If I can close with him, I care not for his thrust.",643
Act II,Scene I,Mistress Quickly,"No, nor I neither: I'll be at your elbow.",644
Act II,Scene I,Fang,"An I but fist him once; an a' come but within my vice,--",645
Act II,Scene I,Mistress Quickly,"I am undone by his going; I warrant you, he's an",646
Act II,Scene I,Mistress Quickly,"infinitive thing upon my score. Good Master Fang,",647
Act II,Scene I,Mistress Quickly,"hold him sure: good Master Snare, let him not",648
Act II,Scene I,Mistress Quickly,'scape. A' comes continuantly to Pie-corner--saving,649
Act II,Scene I,Mistress Quickly,your manhoods--to buy a saddle; and he is indited to,650
Act II,Scene I,Mistress Quickly,"dinner to the Lubber's-head in Lumbert street, to",651
Act II,Scene I,Mistress Quickly,"Master Smooth's the silkman: I pray ye, since my",652
Act II,Scene I,Mistress Quickly,exion is entered and my case so openly known to the,653
Act II,Scene I,Mistress Quickly,"world, let him be brought in to his answer. A",654
Act II,Scene I,Mistress Quickly,hundred mark is a long one for a poor lone woman to,655
Act II,Scene I,Mistress Quickly,"bear: and I have borne, and borne, and borne, and",656
Act II,Scene I,Mistress Quickly,"have been fubbed off, and fubbed off, and fubbed",657
Act II,Scene I,Mistress Quickly,"off, from this day to that day, that it is a shame",658
Act II,Scene I,Mistress Quickly,to be thought on. There is no honesty in such,659
Act II,Scene I,Mistress Quickly,dealing; unless a woman should be made an ass and a,660
Act II,Scene I,Mistress Quickly,"beast, to bear every knave's wrong. Yonder he",661
Act II,Scene I,Mistress Quickly,"comes; and that errant malmsey-nose knave, Bardolph,",662
Act II,Scene I,Mistress Quickly,"with him. Do your offices, do your offices: Master",663
Act II,Scene I,Mistress Quickly,"Fang and Master Snare, do me, do me, do me your offices.",664
Act II,Scene I,[stage direction],"Enter FALSTAFF, Page, and BARDOLPH",NA
Act II,Scene I,Falstaff,How now! whose mare's dead? what's the matter?,665
Act II,Scene I,Fang,"Sir John, I arrest you at the suit of Mistress Quickly.",666
Act II,Scene I,Falstaff,"Away, varlets! Draw, Bardolph: cut me off the",667
Act II,Scene I,Falstaff,villain's head: throw the quean in the channel.,668
Act II,Scene I,Mistress Quickly,Throw me in the channel! I'll throw thee in the,669
Act II,Scene I,Mistress Quickly,channel. Wilt thou? wilt thou? thou bastardly,670
Act II,Scene I,Mistress Quickly,"rogue! Murder, murder! Ah, thou honeysuckle",671
Act II,Scene I,Mistress Quickly,villain! wilt thou kill God's officers and the,672
Act II,Scene I,Mistress Quickly,"king's? Ah, thou honey-seed rogue! thou art a",673
Act II,Scene I,Mistress Quickly,"honey-seed, a man-queller, and a woman-queller.",674
Act II,Scene I,Falstaff,"Keep them off, Bardolph.",675
Act II,Scene I,Fang,A rescue! a rescue!,676
Act II,Scene I,Mistress Quickly,"Good people, bring a rescue or two. Thou wo't, wo't",677
Act II,Scene I,Mistress Quickly,"thou? Thou wo't, wo't ta? do, do, thou rogue! do,",678
Act II,Scene I,Mistress Quickly,thou hemp-seed!,679
Act II,Scene I,Falstaff,"Away, you scullion! you rampallion! You",680
Act II,Scene I,Falstaff,fustilarian! I'll tickle your catastrophe.,681
Act II,Scene I,[stage direction],"Enter the Lord Chief-Justice, and his men",NA
Act II,Scene I,Falstaff,"Lord Chief-Justice	What is the matter? keep the peace here, ho!",682
Act II,Scene I,Mistress Quickly,"Good my lord, be good to me. I beseech you, stand to me.",683
Act II,Scene I,Mistress Quickly,"Lord Chief-Justice	How now, Sir John! what are you brawling here?",684
Act II,Scene I,Mistress Quickly,"Doth this become your place, your time and business?",685
Act II,Scene I,Mistress Quickly,You should have been well on your way to York.,686
Act II,Scene I,Mistress Quickly,"Stand from him, fellow: wherefore hang'st upon him?",687
Act II,Scene I,Mistress Quickly,"O most worshipful lord, an't please your grace, I am",688
Act II,Scene I,Mistress Quickly,"a poor widow of Eastcheap, and he is arrested at my suit.",689
Act II,Scene I,Mistress Quickly,Lord Chief-Justice	For what sum?,690
Act II,Scene I,Mistress Quickly,"It is more than for some, my lord; it is for all,",691
Act II,Scene I,Mistress Quickly,all I have. He hath eaten me out of house and home;,692
Act II,Scene I,Mistress Quickly,he hath put all my substance into that fat belly of,693
Act II,Scene I,Mistress Quickly,"his: but I will have some of it out again, or I",694
Act II,Scene I,Mistress Quickly,will ride thee o' nights like the mare.,695
Act II,Scene I,Falstaff,"I think I am as like to ride the mare, if I have",696
Act II,Scene I,Falstaff,any vantage of ground to get up.,697
Act II,Scene I,Falstaff,"Lord Chief-Justice	How comes this, Sir John? Fie! what man of good",698
Act II,Scene I,Falstaff,temper would endure this tempest of exclamation?,699
Act II,Scene I,Falstaff,Are you not ashamed to enforce a poor widow to so,700
Act II,Scene I,Falstaff,rough a course to come by her own?,701
Act II,Scene I,Falstaff,What is the gross sum that I owe thee?,702
Act II,Scene I,Mistress Quickly,"Marry, if thou wert an honest man, thyself and the",703
Act II,Scene I,Mistress Quickly,money too. Thou didst swear to me upon a,704
Act II,Scene I,Mistress Quickly,"parcel-gilt goblet, sitting in my Dolphin-chamber,",705
Act II,Scene I,Mistress Quickly,"at the round table, by a sea-coal fire, upon",706
Act II,Scene I,Mistress Quickly,"Wednesday in Wheeson week, when the prince broke",707
Act II,Scene I,Mistress Quickly,thy head for liking his father to a singing-man of,708
Act II,Scene I,Mistress Quickly,"Windsor, thou didst swear to me then, as I was",709
Act II,Scene I,Mistress Quickly,"washing thy wound, to marry me and make me my lady",710
Act II,Scene I,Mistress Quickly,thy wife. Canst thou deny it? Did not goodwife,711
Act II,Scene I,Mistress Quickly,"Keech, the butcher's wife, come in then and call me",712
Act II,Scene I,Mistress Quickly,gossip Quickly? coming in to borrow a mess of,713
Act II,Scene I,Mistress Quickly,vinegar; telling us she had a good dish of prawns;,714
Act II,Scene I,Mistress Quickly,whereby thou didst desire to eat some; whereby I,715
Act II,Scene I,Mistress Quickly,told thee they were ill for a green wound? And,716
Act II,Scene I,Mistress Quickly,"didst thou not, when she was gone down stairs,",717
Act II,Scene I,Mistress Quickly,desire me to be no more so familiarity with such,718
Act II,Scene I,Mistress Quickly,poor people; saying that ere long they should call,719
Act II,Scene I,Mistress Quickly,me madam? And didst thou not kiss me and bid me,720
Act II,Scene I,Mistress Quickly,fetch thee thirty shillings? I put thee now to thy,721
Act II,Scene I,Mistress Quickly,"book-oath: deny it, if thou canst.",722
Act II,Scene I,Falstaff,"My lord, this is a poor mad soul; and she says up",723
Act II,Scene I,Falstaff,and down the town that the eldest son is like you:,724
Act II,Scene I,Falstaff,"she hath been in good case, and the truth is,",725
Act II,Scene I,Falstaff,poverty hath distracted her. But for these foolish,726
Act II,Scene I,Falstaff,"officers, I beseech you I may have redress against them.",727
Act II,Scene I,Falstaff,"Lord Chief-Justice	Sir John, Sir John, I am well acquainted with your",728
Act II,Scene I,Falstaff,manner of wrenching the true cause the false way. It,729
Act II,Scene I,Falstaff,"is not a confident brow, nor the throng of words",730
Act II,Scene I,Falstaff,that come with such more than impudent sauciness,731
Act II,Scene I,Falstaff,"from you, can thrust me from a level consideration:",732
Act II,Scene I,Falstaff,"you have, as it appears to me, practised upon the",733
Act II,Scene I,Falstaff,"easy-yielding spirit of this woman, and made her",734
Act II,Scene I,Falstaff,serve your uses both in purse and in person.,735
Act II,Scene I,Mistress Quickly,"Yea, in truth, my lord.",736
Act II,Scene I,Mistress Quickly,"Lord Chief-Justice	Pray thee, peace. Pay her the debt you owe her, and",737
Act II,Scene I,Mistress Quickly,unpay the villany you have done her: the one you,738
Act II,Scene I,Mistress Quickly,"may do with sterling money, and the other with",739
Act II,Scene I,Mistress Quickly,current repentance.,740
Act II,Scene I,Falstaff,"My lord, I will not undergo this sneap without",741
Act II,Scene I,Falstaff,reply. You call honourable boldness impudent,742
Act II,Scene I,Falstaff,sauciness: if a man will make courtesy and say,743
Act II,Scene I,Falstaff,"nothing, he is virtuous: no, my lord, my humble",744
Act II,Scene I,Falstaff,"duty remembered, I will not be your suitor. I say",745
Act II,Scene I,Falstaff,"to you, I do desire deliverance from these officers,",746
Act II,Scene I,Falstaff,being upon hasty employment in the king's affairs.,747
Act II,Scene I,Falstaff,Lord Chief-Justice	You speak as having power to do wrong: but answer,748
Act II,Scene I,Falstaff,"in the effect of your reputation, and satisfy this",749
Act II,Scene I,Falstaff,poor woman.,750
Act II,Scene I,Falstaff,"Come hither, hostess.",751
Act II,Scene I,[stage direction],Enter GOWER,NA
Act II,Scene I,Falstaff,"Lord Chief-Justice	Now, Master Gower, what news?",752
Act II,Scene I,Gower,"The king, my lord, and Harry Prince of Wales",753
Act II,Scene I,Gower,Are near at hand: the rest the paper tells.,754
Act II,Scene I,Falstaff,As I am a gentleman.,755
Act II,Scene I,Mistress Quickly,"Faith, you said so before.",756
Act II,Scene I,Falstaff,"As I am a gentleman. Come, no more words of it.",757
Act II,Scene I,Mistress Quickly,"By this heavenly ground I tread on, I must be fain",758
Act II,Scene I,Mistress Quickly,to pawn both my plate and the tapestry of my,759
Act II,Scene I,Mistress Quickly,dining-chambers.,760
Act II,Scene I,Falstaff,"Glasses, glasses is the only drinking: and for thy",761
Act II,Scene I,Falstaff,"walls, a pretty slight drollery, or the story of",762
Act II,Scene I,Falstaff,"the Prodigal, or the German hunting in water-work,",763
Act II,Scene I,Falstaff,is worth a thousand of these bed-hangings and these,764
Act II,Scene I,Falstaff,"fly-bitten tapestries. Let it be ten pound, if thou",765
Act II,Scene I,Falstaff,"canst. Come, an 'twere not for thy humours, there's",766
Act II,Scene I,Falstaff,"not a better wench in England. Go, wash thy face,",767
Act II,Scene I,Falstaff,"and draw the action. Come, thou must not be in",768
Act II,Scene I,Falstaff,"this humour with me; dost not know me? come, come, I",769
Act II,Scene I,Falstaff,know thou wast set on to this.,770
Act II,Scene I,Mistress Quickly,"Pray thee, Sir John, let it be but twenty nobles: i'",771
Act II,Scene I,Mistress Quickly,"faith, I am loath to pawn my plate, so God save me,",772
Act II,Scene I,Mistress Quickly,la!,773
Act II,Scene I,Falstaff,Let it alone; I'll make other shift: you'll be a,774
Act II,Scene I,Falstaff,fool still.,775
Act II,Scene I,Mistress Quickly,"Well, you shall have it, though I pawn my gown. I",776
Act II,Scene I,Mistress Quickly,hope you'll come to supper. You'll pay me all together?,777
Act II,Scene I,Falstaff,Will I live?,778
Act II,Scene I,[stage direction],To BARDOLPH,NA
Act II,Scene I,Falstaff,"Go, with her, with her; hook on, hook on.",779
Act II,Scene I,Mistress Quickly,Will you have Doll Tearsheet meet you at supper?,780
Act II,Scene I,Falstaff,No more words; let's have her.,781
Act II,Scene I,[stage direction],"Exeunt MISTRESS QUICKLY, BARDOLPH, Officers and Boy",NA
Act II,Scene I,Falstaff,Lord Chief-Justice	I have heard better news.,782
Act II,Scene I,Falstaff,"What's the news, my lord?",783
Act II,Scene I,Falstaff,Lord Chief-Justice	Where lay the king last night?,784
Act II,Scene I,Gower,"At Basingstoke, my lord.",785
Act II,Scene I,Falstaff,"I hope, my lord, all's well: what is the news, my lord?",786
Act II,Scene I,Falstaff,Lord Chief-Justice	Come all his forces back?,787
Act II,Scene I,Gower,"No; fifteen hundred foot, five hundred horse,",788
Act II,Scene I,Gower,"Are marched up to my lord of Lancaster,",789
Act II,Scene I,Gower,Against Northumberland and the Archbishop.,790
Act II,Scene I,Falstaff,"Comes the king back from Wales, my noble lord?",791
Act II,Scene I,Falstaff,Lord Chief-Justice	You shall have letters of me presently:,792
Act II,Scene I,Falstaff,"Come, go along with me, good Master Gower.",793
Act II,Scene I,Falstaff,My lord!,794
Act II,Scene I,Falstaff,Lord Chief-Justice	What's the matter?,795
Act II,Scene I,Falstaff,"Master Gower, shall I entreat you with me to dinner?",796
Act II,Scene I,Gower,"I must wait upon my good lord here; I thank you,",797
Act II,Scene I,Gower,good Sir John.,798
Act II,Scene I,Gower,"Lord Chief-Justice	Sir John, you loiter here too long, being you are to",799
Act II,Scene I,Gower,take soldiers up in counties as you go.,800
Act II,Scene I,Falstaff,"Will you sup with me, Master Gower?",801
Act II,Scene I,Falstaff,"Lord Chief-Justice	What foolish master taught you these manners, Sir John?",802
Act II,Scene I,Falstaff,"Master Gower, if they become me not, he was a fool",803
Act II,Scene I,Falstaff,that taught them me. This is the right fencing,804
Act II,Scene I,Falstaff,"grace, my lord; tap for tap, and so part fair.",805
Act II,Scene I,Falstaff,Lord Chief-Justice	Now the Lord lighten thee! thou art a great fool.,806
Act II,Scene I,[stage direction],Exeunt,NA
Act II,Scene II,[stage direction],Enter PRINCE HENRY and POINS,NA
Act II,Scene II,Prince Henry,"Before God, I am exceeding weary.",807
Act II,Scene II,Poins,Is't come to that? I had thought weariness durst not,808
Act II,Scene II,Poins,have attached one of so high blood.,809
Act II,Scene II,Prince Henry,"Faith, it does me; though it discolours the",810
Act II,Scene II,Prince Henry,complexion of my greatness to acknowledge it. Doth,811
Act II,Scene II,Prince Henry,it not show vilely in me to desire small beer?,812
Act II,Scene II,Poins,"Why, a prince should not be so loosely studied as",813
Act II,Scene II,Poins,to remember so weak a composition.,814
Act II,Scene II,Prince Henry,"Belike then my appetite was not princely got; for,",815
Act II,Scene II,Prince Henry,"by my troth, I do now remember the poor creature,",816
Act II,Scene II,Prince Henry,"small beer. But, indeed, these humble",817
Act II,Scene II,Prince Henry,considerations make me out of love with my,818
Act II,Scene II,Prince Henry,greatness. What a disgrace is it to me to remember,819
Act II,Scene II,Prince Henry,thy name! or to know thy face to-morrow! or to,820
Act II,Scene II,Prince Henry,take note how many pair of silk stockings thou,821
Act II,Scene II,Prince Henry,"hast, viz. these, and those that were thy",822
Act II,Scene II,Prince Henry,peach-coloured ones! or to bear the inventory of thy,823
Act II,Scene II,Prince Henry,"shirts, as, one for superfluity, and another for",824
Act II,Scene II,Prince Henry,use! But that the tennis-court-keeper knows better,825
Act II,Scene II,Prince Henry,than I; for it is a low ebb of linen with thee when,826
Act II,Scene II,Prince Henry,thou keepest not racket there; as thou hast not done,827
Act II,Scene II,Prince Henry,"a great while, because the rest of thy low",828
Act II,Scene II,Prince Henry,countries have made a shift to eat up thy holland:,829
Act II,Scene II,Prince Henry,"and God knows, whether those that bawl out the ruins",830
Act II,Scene II,Prince Henry,of thy linen shall inherit his kingdom: but the,831
Act II,Scene II,Prince Henry,midwives say the children are not in the fault;,832
Act II,Scene II,Prince Henry,"whereupon the world increases, and kindreds are",833
Act II,Scene II,Prince Henry,mightily strengthened.,834
Act II,Scene II,Poins,"How ill it follows, after you have laboured so hard,",835
Act II,Scene II,Poins,"you should talk so idly! Tell me, how many good",836
Act II,Scene II,Poins,"young princes would do so, their fathers being so",837
Act II,Scene II,Poins,sick as yours at this time is?,838
Act II,Scene II,Prince Henry,"Shall I tell thee one thing, Poins?",839
Act II,Scene II,Poins,"Yes, faith; and let it be an excellent good thing.",840
Act II,Scene II,Prince Henry,It shall serve among wits of no higher breeding than thine.,841
Act II,Scene II,Poins,Go to; I stand the push of your one thing that you,842
Act II,Scene II,Poins,will tell.,843
Act II,Scene II,Prince Henry,"Marry, I tell thee, it is not meet that I should be",844
Act II,Scene II,Prince Henry,"sad, now my father is sick: albeit I could tell",845
Act II,Scene II,Prince Henry,"thee, as to one it pleases me, for fault of a",846
Act II,Scene II,Prince Henry,"better, to call my friend, I could be sad, and sad",847
Act II,Scene II,Prince Henry,indeed too.,848
Act II,Scene II,Poins,Very hardly upon such a subject.,849
Act II,Scene II,Prince Henry,By this hand thou thinkest me as far in the devil's,850
Act II,Scene II,Prince Henry,book as thou and Falstaff for obduracy and,851
Act II,Scene II,Prince Henry,persistency: let the end try the man. But I tell,852
Act II,Scene II,Prince Henry,"thee, my heart bleeds inwardly that my father is so",853
Act II,Scene II,Prince Henry,sick: and keeping such vile company as thou art,854
Act II,Scene II,Prince Henry,hath in reason taken from me all ostentation of sorrow.,855
Act II,Scene II,Poins,The reason?,856
Act II,Scene II,Prince Henry,"What wouldst thou think of me, if I should weep?",857
Act II,Scene II,Poins,I would think thee a most princely hypocrite.,858
Act II,Scene II,Prince Henry,It would be every man's thought; and thou art a,859
Act II,Scene II,Prince Henry,blessed fellow to think as every man thinks: never,860
Act II,Scene II,Prince Henry,a man's thought in the world keeps the road-way,861
Act II,Scene II,Prince Henry,better than thine: every man would think me an,862
Act II,Scene II,Prince Henry,hypocrite indeed. And what accites your most,863
Act II,Scene II,Prince Henry,worshipful thought to think so?,864
Act II,Scene II,Poins,"Why, because you have been so lewd and so much",865
Act II,Scene II,Poins,engraffed to Falstaff.,866
Act II,Scene II,Prince Henry,And to thee.,867
Act II,Scene II,Poins,"By this light, I am well spoke on; I can hear it",868
Act II,Scene II,Poins,with my own ears: the worst that they can say of,869
Act II,Scene II,Poins,me is that I am a second brother and that I am a,870
Act II,Scene II,Poins,"proper fellow of my hands; and those two things, I",871
Act II,Scene II,Poins,"confess, I cannot help. By the mass, here comes Bardolph.",872
Act II,Scene II,[stage direction],Enter BARDOLPH and Page,NA
Act II,Scene II,Prince Henry,And the boy that I gave Falstaff: a' had him from,873
Act II,Scene II,Prince Henry,"me Christian; and look, if the fat villain have not",874
Act II,Scene II,Prince Henry,transformed him ape.,875
Act II,Scene II,Bardolph,God save your grace!,876
Act II,Scene II,Prince Henry,"And yours, most noble Bardolph!",877
Act II,Scene II,Bardolph,"Come, you virtuous ass, you bashful fool, must you",878
Act II,Scene II,Bardolph,be blushing? wherefore blush you now? What a,879
Act II,Scene II,Bardolph,maidenly man-at-arms are you become! Is't such a,880
Act II,Scene II,Bardolph,matter to get a pottle-pot's maidenhead?,881
Act II,Scene II,Page,"A' calls me e'en now, my lord, through a red",882
Act II,Scene II,Page,"lattice, and I could discern no part of his face",883
Act II,Scene II,Page,"from the window: at last I spied his eyes, and",884
Act II,Scene II,Page,methought he had made two holes in the ale-wife's,885
Act II,Scene II,Page,new petticoat and so peeped through.,886
Act II,Scene II,Prince Henry,Has not the boy profited?,887
Act II,Scene II,Bardolph,"Away, you whoreson upright rabbit, away!",888
Act II,Scene II,Page,"Away, you rascally Althaea's dream, away!",889
Act II,Scene II,Prince Henry,"Instruct us, boy; what dream, boy?",890
Act II,Scene II,Page,"Marry, my lord, Althaea dreamed she was delivered",891
Act II,Scene II,Page,of a fire-brand; and therefore I call him her dream.,892
Act II,Scene II,Prince Henry,"A crown's worth of good interpretation: there 'tis,",893
Act II,Scene II,Prince Henry,boy.,894
Act II,Scene II,Poins,"O, that this good blossom could be kept from",895
Act II,Scene II,Poins,"cankers! Well, there is sixpence to preserve thee.",896
Act II,Scene II,Bardolph,"An you do not make him hanged among you, the",897
Act II,Scene II,Bardolph,gallows shall have wrong.,898
Act II,Scene II,Prince Henry,"And how doth thy master, Bardolph?",899
Act II,Scene II,Bardolph,"Well, my lord. He heard of your grace's coming to",900
Act II,Scene II,Bardolph,town: there's a letter for you.,901
Act II,Scene II,Poins,Delivered with good respect. And how doth the,902
Act II,Scene II,Poins,"martlemas, your master?",903
Act II,Scene II,Bardolph,"In bodily health, sir.",904
Act II,Scene II,Poins,"Marry, the immortal part needs a physician; but",905
Act II,Scene II,Poins,"that moves not him: though that be sick, it dies",906
Act II,Scene II,Poins,not.,907
Act II,Scene II,Prince Henry,I do allow this wen to be as familiar with me as my,908
Act II,Scene II,Prince Henry,dog; and he holds his place; for look you how be writes.,909
Act II,Scene II,Poins,"[Reads]  'John Falstaff, knight,'--every man must",910
Act II,Scene II,Poins,"know that, as oft as he has occasion to name",911
Act II,Scene II,Poins,himself: even like those that are kin to the king;,912
Act II,Scene II,Poins,"for they never prick their finger but they say,",913
Act II,Scene II,Poins,'There's some of the king's blood spilt.' 'How,914
Act II,Scene II,Poins,"comes that?' says he, that takes upon him not to",915
Act II,Scene II,Poins,conceive. The answer is as ready as a borrower's,916
Act II,Scene II,Poins,"cap, 'I am the king's poor cousin, sir.'",917
Act II,Scene II,Prince Henry,"Nay, they will be kin to us, or they will fetch it",918
Act II,Scene II,Prince Henry,from Japhet. But to the letter.,919
Act II,Scene II,Poins,"[Reads]  'Sir John Falstaff, knight, to the son of",920
Act II,Scene II,Poins,"the king, nearest his father, Harry Prince of",921
Act II,Scene II,Poins,"Wales, greeting.' Why, this is a certificate.",922
Act II,Scene II,Prince Henry,Peace!,923
Act II,Scene II,Poins,[Reads]  'I will imitate the honourable Romans in,924
Act II,Scene II,Poins,"brevity:' he sure means brevity in breath,",925
Act II,Scene II,Poins,"short-winded. 'I commend me to thee, I commend",926
Act II,Scene II,Poins,"thee, and I leave thee. Be not too familiar with",927
Act II,Scene II,Poins,"Poins; for he misuses thy favours so much, that he",928
Act II,Scene II,Poins,swears thou art to marry his sister Nell. Repent,929
Act II,Scene II,Poins,"at idle times as thou mayest; and so, farewell.",930
Act II,Scene II,Poins,"Thine, by yea and no, which is as much as to",931
Act II,Scene II,Poins,"say, as thou usest him, JACK FALSTAFF with my",932
Act II,Scene II,Poins,"familiars, JOHN with my brothers and sisters,",933
Act II,Scene II,Poins,and SIR JOHN with all Europe.',934
Act II,Scene II,Poins,"My lord, I'll steep this letter in sack and make him eat it.",935
Act II,Scene II,Prince Henry,That's to make him eat twenty of his words. But do,936
Act II,Scene II,Prince Henry,"you use me thus, Ned? must I marry your sister?",937
Act II,Scene II,Poins,God send the wench no worse fortune! But I never said so.,938
Act II,Scene II,Prince Henry,"Well, thus we play the fools with the time, and the",939
Act II,Scene II,Prince Henry,spirits of the wise sit in the clouds and mock us.,940
Act II,Scene II,Prince Henry,Is your master here in London?,941
Act II,Scene II,Bardolph,"Yea, my lord.",942
Act II,Scene II,Prince Henry,Where sups he? doth the old boar feed in the old frank?,943
Act II,Scene II,Bardolph,"At the old place, my lord, in Eastcheap.",944
Act II,Scene II,Prince Henry,What company?,945
Act II,Scene II,Page,"Ephesians, my lord, of the old church.",946
Act II,Scene II,Prince Henry,Sup any women with him?,947
Act II,Scene II,Page,"None, my lord, but old Mistress Quickly and",948
Act II,Scene II,Page,Mistress Doll Tearsheet.,949
Act II,Scene II,Prince Henry,What pagan may that be?,950
Act II,Scene II,Page,"A proper gentlewoman, sir, and a kinswoman of my master's.",951
Act II,Scene II,Prince Henry,Even such kin as the parish heifers are to the town,952
Act II,Scene II,Prince Henry,"bull. Shall we steal upon them, Ned, at supper?",953
Act II,Scene II,Poins,"I am your shadow, my lord; I'll follow you.",954
Act II,Scene II,Prince Henry,"Sirrah, you boy, and Bardolph, no word to your",955
Act II,Scene II,Prince Henry,master that I am yet come to town: there's for,956
Act II,Scene II,Prince Henry,your silence.,957
Act II,Scene II,Bardolph,"I have no tongue, sir.",958
Act II,Scene II,Page,"And for mine, sir, I will govern it.",959
Act II,Scene II,Prince Henry,Fare you well; go.,960
Act II,Scene II,[stage direction],Exeunt BARDOLPH and Page,NA
Act II,Scene II,Prince Henry,This Doll Tearsheet should be some road.,961
Act II,Scene II,Poins,"I warrant you, as common as the way between Saint",962
Act II,Scene II,Poins,Alban's and London.,963
Act II,Scene II,Prince Henry,How might we see Falstaff bestow himself to-night,964
Act II,Scene II,Prince Henry,"in his true colours, and not ourselves be seen?",965
Act II,Scene II,Poins,"Put on two leathern jerkins and aprons, and wait",966
Act II,Scene II,Poins,upon him at his table as drawers.,967
Act II,Scene II,Prince Henry,From a God to a bull? a heavy decension! it was,968
Act II,Scene II,Prince Henry,Jove's case. From a prince to a prentice? a low,969
Act II,Scene II,Prince Henry,transformation! that shall be mine; for in every,970
Act II,Scene II,Prince Henry,thing the purpose must weigh with the folly.,971
Act II,Scene II,Prince Henry,"Follow me, Ned.",972
Act II,Scene II,[stage direction],Exeunt,NA
Act II,Scene III,[stage direction],"Enter NORTHUMBERLAND, LADY NORTHUMBERLAND, and LADY PERCY",NA
Act II,Scene III,Northumberland,"I pray thee, loving wife, and gentle daughter,",973
Act II,Scene III,Northumberland,Give even way unto my rough affairs:,974
Act II,Scene III,Northumberland,Put not you on the visage of the times,975
Act II,Scene III,Northumberland,And be like them to Percy troublesome.,976
Act II,Scene III,Northumberland,LADY,977
Act II,Scene III,Northumberland,"I have given over, I will speak no more:",978
Act II,Scene III,Northumberland,Do what you will; your wisdom be your guide.,979
Act II,Scene III,Northumberland,"Alas, sweet wife, my honour is at pawn;",980
Act II,Scene III,Northumberland,"And, but my going, nothing can redeem it.",981
Act II,Scene III,Lady Percy,"O yet, for God's sake, go not to these wars!",982
Act II,Scene III,Lady Percy,"The time was, father, that you broke your word,",983
Act II,Scene III,Lady Percy,When you were more endeared to it than now;,984
Act II,Scene III,Lady Percy,"When your own Percy, when my heart's dear Harry,",985
Act II,Scene III,Lady Percy,Threw many a northward look to see his father,986
Act II,Scene III,Lady Percy,Bring up his powers; but he did long in vain.,987
Act II,Scene III,Lady Percy,Who then persuaded you to stay at home?,988
Act II,Scene III,Lady Percy,"There were two honours lost, yours and your son's.",989
Act II,Scene III,Lady Percy,"For yours, the God of heaven brighten it!",990
Act II,Scene III,Lady Percy,"For his, it stuck upon him as the sun",991
Act II,Scene III,Lady Percy,"In the grey vault of heaven, and by his light",992
Act II,Scene III,Lady Percy,Did all the chivalry of England move,993
Act II,Scene III,Lady Percy,To do brave acts: he was indeed the glass,994
Act II,Scene III,Lady Percy,Wherein the noble youth did dress themselves:,995
Act II,Scene III,Lady Percy,He had no legs that practised not his gait;,996
Act II,Scene III,Lady Percy,"And speaking thick, which nature made his blemish,",997
Act II,Scene III,Lady Percy,Became the accents of the valiant;,998
Act II,Scene III,Lady Percy,For those that could speak low and tardily,999
Act II,Scene III,Lady Percy,"Would turn their own perfection to abuse,",1000
Act II,Scene III,Lady Percy,"To seem like him: so that in speech, in gait,",1001
Act II,Scene III,Lady Percy,"In diet, in affections of delight,",1002
Act II,Scene III,Lady Percy,"In military rules, humours of blood,",1003
Act II,Scene III,Lady Percy,"He was the mark and glass, copy and book,",1004
Act II,Scene III,Lady Percy,"That fashion'd others. And him, O wondrous him!",1005
Act II,Scene III,Lady Percy,"O miracle of men! him did you leave,",1006
Act II,Scene III,Lady Percy,"Second to none, unseconded by you,",1007
Act II,Scene III,Lady Percy,To look upon the hideous god of war,1008
Act II,Scene III,Lady Percy,In disadvantage; to abide a field,1009
Act II,Scene III,Lady Percy,Where nothing but the sound of Hotspur's name,1010
Act II,Scene III,Lady Percy,Did seem defensible: so you left him.,1011
Act II,Scene III,Lady Percy,"Never, O never, do his ghost the wrong",1012
Act II,Scene III,Lady Percy,To hold your honour more precise and nice,1013
Act II,Scene III,Lady Percy,With others than with him! let them alone:,1014
Act II,Scene III,Lady Percy,The marshal and the archbishop are strong:,1015
Act II,Scene III,Lady Percy,"Had my sweet Harry had but half their numbers,",1016
Act II,Scene III,Lady Percy,"To-day might I, hanging on Hotspur's neck,",1017
Act II,Scene III,Lady Percy,Have talk'd of Monmouth's grave.,1018
Act II,Scene III,Northumberland,"Beshrew your heart,",1019
Act II,Scene III,Northumberland,"Fair daughter, you do draw my spirits from me",1020
Act II,Scene III,Northumberland,With new lamenting ancient oversights.,1021
Act II,Scene III,Northumberland,"But I must go and meet with danger there,",1022
Act II,Scene III,Northumberland,Or it will seek me in another place,1023
Act II,Scene III,Northumberland,And find me worse provided.,1024
Act II,Scene III,Northumberland,LADY,1025
Act II,Scene III,Northumberland,"O, fly to Scotland,",1026
Act II,Scene III,Northumberland,Till that the nobles and the armed commons,1027
Act II,Scene III,Northumberland,Have of their puissance made a little taste.,1028
Act II,Scene III,Lady Percy,"If they get ground and vantage of the king,",1029
Act II,Scene III,Lady Percy,"Then join you with them, like a rib of steel,",1030
Act II,Scene III,Lady Percy,"To make strength stronger; but, for all our loves,",1031
Act II,Scene III,Lady Percy,First let them try themselves. So did your son;,1032
Act II,Scene III,Lady Percy,He was so suffer'd: so came I a widow;,1033
Act II,Scene III,Lady Percy,And never shall have length of life enough,1034
Act II,Scene III,Lady Percy,"To rain upon remembrance with mine eyes,",1035
Act II,Scene III,Lady Percy,"That it may grow and sprout as high as heaven,",1036
Act II,Scene III,Lady Percy,For recordation to my noble husband.,1037
Act II,Scene III,Northumberland,"Come, come, go in with me. 'Tis with my mind",1038
Act II,Scene III,Northumberland,"As with the tide swell'd up unto his height,",1039
Act II,Scene III,Northumberland,"That makes a still-stand, running neither way:",1040
Act II,Scene III,Northumberland,"Fain would I go to meet the archbishop,",1041
Act II,Scene III,Northumberland,But many thousand reasons hold me back.,1042
Act II,Scene III,Northumberland,"I will resolve for Scotland: there am I,",1043
Act II,Scene III,Northumberland,Till time and vantage crave my company.,1044
Act II,Scene III,[stage direction],Exeunt,NA
Act II,Scene IV,[stage direction],Enter two Drawers,NA
Act II,Scene IV,First Drawer,What the devil hast thou brought there? apple-johns?,1045
Act II,Scene IV,First Drawer,thou knowest Sir John cannot endure an apple-john.,1046
Act II,Scene IV,Second Drawer,"Mass, thou sayest true. The prince once set a dish",1047
Act II,Scene IV,Second Drawer,"of apple-johns before him, and told him there were",1048
Act II,Scene IV,Second Drawer,"five more Sir Johns, and, putting off his hat, said",1049
Act II,Scene IV,Second Drawer,"'I will now take my leave of these six dry, round,",1050
Act II,Scene IV,Second Drawer,"old, withered knights.' It angered him to the",1051
Act II,Scene IV,Second Drawer,heart: but he hath forgot that.,1052
Act II,Scene IV,First Drawer,"Why, then, cover, and set them down: and see if",1053
Act II,Scene IV,First Drawer,thou canst find out Sneak's noise; Mistress,1054
Act II,Scene IV,First Drawer,Tearsheet would fain hear some music. Dispatch: the,1055
Act II,Scene IV,First Drawer,room where they supped is too hot; they'll come in straight.,1056
Act II,Scene IV,Second Drawer,"Sirrah, here will be the prince and Master Poins",1057
Act II,Scene IV,Second Drawer,anon; and they will put on two of our jerkins and,1058
Act II,Scene IV,Second Drawer,aprons; and Sir John must not know of it: Bardolph,1059
Act II,Scene IV,Second Drawer,hath brought word.,1060
Act II,Scene IV,First Drawer,"By the mass, here will be old Utis: it will be an",1061
Act II,Scene IV,First Drawer,excellent stratagem.,1062
Act II,Scene IV,Second Drawer,I'll see if I can find out Sneak.,1063
Act II,Scene IV,[stage direction],Exit,NA
Act II,Scene IV,[stage direction],Enter MISTRESS QUICKLY and DOLL TEARSHEET,NA
Act II,Scene IV,Mistress Quickly,"I' faith, sweetheart, methinks now you are in an",1064
Act II,Scene IV,Mistress Quickly,excellent good temperality: your pulsidge beats as,1065
Act II,Scene IV,Mistress Quickly,extraordinarily as heart would desire; and your,1066
Act II,Scene IV,Mistress Quickly,"colour, I warrant you, is as red as any rose, in good",1067
Act II,Scene IV,Mistress Quickly,"truth, la! But, i' faith, you have drunk too much",1068
Act II,Scene IV,Mistress Quickly,"canaries; and that's a marvellous searching wine,",1069
Act II,Scene IV,Mistress Quickly,and it perfumes the blood ere one can say 'What's,1070
Act II,Scene IV,Mistress Quickly,this?' How do you now?,1071
Act II,Scene IV,Doll Tearsheet,Better than I was: hem!,1072
Act II,Scene IV,Mistress Quickly,"Why, that's well said; a good heart's worth gold.",1073
Act II,Scene IV,Mistress Quickly,"Lo, here comes Sir John.",1074
Act II,Scene IV,[stage direction],Enter FALSTAFF,NA
Act II,Scene IV,Falstaff,"[Singing]  'When Arthur first in court,'",1075
Act II,Scene IV,Falstaff,--Empty the jordan.,1076
Act II,Scene IV,[stage direction],Exit First Drawer,NA
Act II,Scene IV,[stage direction],Singing,NA
Act II,Scene IV,Falstaff,"--'And was a worthy king.' How now, Mistress Doll!",1077
Act II,Scene IV,Mistress Quickly,"Sick of a calm; yea, good faith.",1078
Act II,Scene IV,Falstaff,"So is all her sect; an they be once in a calm, they are sick.",1079
Act II,Scene IV,Doll Tearsheet,"You muddy rascal, is that all the comfort you give me?",1080
Act II,Scene IV,Falstaff,"You make fat rascals, Mistress Doll.",1081
Act II,Scene IV,Doll Tearsheet,I make them! gluttony and diseases make them; I,1082
Act II,Scene IV,Doll Tearsheet,make them not.,1083
Act II,Scene IV,Falstaff,"If the cook help to make the gluttony, you help to",1084
Act II,Scene IV,Falstaff,"make the diseases, Doll: we catch of you, Doll, we",1085
Act II,Scene IV,Falstaff,"catch of you; grant that, my poor virtue grant that.",1086
Act II,Scene IV,Doll Tearsheet,"Yea, joy, our chains and our jewels.",1087
Act II,Scene IV,Falstaff,"'Your broaches, pearls, and ouches:' for to serve",1088
Act II,Scene IV,Falstaff,"bravely is to come halting off, you know: to come",1089
Act II,Scene IV,Falstaff,"off the breach with his pike bent bravely, and to",1090
Act II,Scene IV,Falstaff,surgery bravely; to venture upon the charged,1091
Act II,Scene IV,Falstaff,"chambers bravely,--",1092
Act II,Scene IV,Doll Tearsheet,"Hang yourself, you muddy conger, hang yourself!",1093
Act II,Scene IV,Mistress Quickly,"By my troth, this is the old fashion; you two never",1094
Act II,Scene IV,Mistress Quickly,"meet but you fall to some discord: you are both,",1095
Act II,Scene IV,Mistress Quickly,"i' good truth, as rheumatic as two dry toasts; you",1096
Act II,Scene IV,Mistress Quickly,cannot one bear with another's confirmities. What,1097
Act II,Scene IV,Mistress Quickly,"the good-year! one must bear, and that must be",1098
Act II,Scene IV,Mistress Quickly,"you: you are the weaker vessel, as they say, the",1099
Act II,Scene IV,Mistress Quickly,emptier vessel.,1100
Act II,Scene IV,Doll Tearsheet,Can a weak empty vessel bear such a huge full,1101
Act II,Scene IV,Doll Tearsheet,hogshead? there's a whole merchant's venture of,1102
Act II,Scene IV,Doll Tearsheet,Bourdeaux stuff in him; you have not seen a hulk,1103
Act II,Scene IV,Doll Tearsheet,"better stuffed in the hold. Come, I'll be friends",1104
Act II,Scene IV,Doll Tearsheet,"with thee, Jack: thou art going to the wars; and",1105
Act II,Scene IV,Doll Tearsheet,"whether I shall ever see thee again or no, there is",1106
Act II,Scene IV,Doll Tearsheet,nobody cares.,1107
Act II,Scene IV,[stage direction],Re-enter First Drawer,NA
Act II,Scene IV,First Drawer,"Sir, Ancient Pistol's below, and would speak with",1108
Act II,Scene IV,First Drawer,you.,1109
Act II,Scene IV,Doll Tearsheet,"Hang him, swaggering rascal! let him not come",1110
Act II,Scene IV,Doll Tearsheet,hither: it is the foul-mouthed'st rogue in England.,1111
Act II,Scene IV,Mistress Quickly,"If he swagger, let him not come here: no, by my",1112
Act II,Scene IV,Mistress Quickly,faith; I must live among my neighbours: I'll no,1113
Act II,Scene IV,Mistress Quickly,swaggerers: I am in good name and fame with the,1114
Act II,Scene IV,Mistress Quickly,very best: shut the door; there comes no swaggerers,1115
Act II,Scene IV,Mistress Quickly,"here: I have not lived all this while, to have",1116
Act II,Scene IV,Mistress Quickly,"swaggering now: shut the door, I pray you.",1117
Act II,Scene IV,Falstaff,"Dost thou hear, hostess?",1118
Act II,Scene IV,Mistress Quickly,"Pray ye, pacify yourself, Sir John: there comes no",1119
Act II,Scene IV,Mistress Quickly,swaggerers here.,1120
Act II,Scene IV,Falstaff,Dost thou hear? it is mine ancient.,1121
Act II,Scene IV,Mistress Quickly,"Tilly-fally, Sir John, ne'er tell me: your ancient",1122
Act II,Scene IV,Mistress Quickly,swaggerer comes not in my doors. I was before Master,1123
Act II,Scene IV,Mistress Quickly,"Tisick, the debuty, t'other day; and, as he said to",1124
Act II,Scene IV,Mistress Quickly,"me, 'twas no longer ago than Wednesday last, 'I'",1125
Act II,Scene IV,Mistress Quickly,"good faith, neighbour Quickly,' says he; Master",1126
Act II,Scene IV,Mistress Quickly,"Dumbe, our minister, was by then; 'neighbour",1127
Act II,Scene IV,Mistress Quickly,"Quickly,' says he, 'receive those that are civil;",1128
Act II,Scene IV,Mistress Quickly,"for,' said he, 'you are in an ill name:' now a'",1129
Act II,Scene IV,Mistress Quickly,"said so, I can tell whereupon; 'for,' says he, 'you",1130
Act II,Scene IV,Mistress Quickly,"are an honest woman, and well thought on; therefore",1131
Act II,Scene IV,Mistress Quickly,"take heed what guests you receive: receive,' says",1132
Act II,Scene IV,Mistress Quickly,"he, 'no swaggering companions.' There comes none",1133
Act II,Scene IV,Mistress Quickly,here: you would bless you to hear what he said:,1134
Act II,Scene IV,Mistress Quickly,"no, I'll no swaggerers.",1135
Act II,Scene IV,Falstaff,"He's no swaggerer, hostess; a tame cheater, i'",1136
Act II,Scene IV,Falstaff,faith; you may stroke him as gently as a puppy,1137
Act II,Scene IV,Falstaff,"greyhound: he'll not swagger with a Barbary hen, if",1138
Act II,Scene IV,Falstaff,her feathers turn back in any show of resistance.,1139
Act II,Scene IV,Falstaff,"Call him up, drawer.",1140
Act II,Scene IV,[stage direction],Exit First Drawer,NA
Act II,Scene IV,Mistress Quickly,"Cheater, call you him? I will bar no honest man my",1141
Act II,Scene IV,Mistress Quickly,"house, nor no cheater: but I do not love",1142
Act II,Scene IV,Mistress Quickly,"swaggering, by my troth; I am the worse, when one",1143
Act II,Scene IV,Mistress Quickly,"says swagger: feel, masters, how I shake; look you,",1144
Act II,Scene IV,Mistress Quickly,I warrant you.,1145
Act II,Scene IV,Doll Tearsheet,"So you do, hostess.",1146
Act II,Scene IV,Mistress Quickly,"Do I? yea, in very truth, do I, an 'twere an aspen",1147
Act II,Scene IV,Mistress Quickly,leaf: I cannot abide swaggerers.,1148
Act II,Scene IV,[stage direction],"Enter PISTOL, BARDOLPH, and Page",NA
Act II,Scene IV,Pistol,"God save you, Sir John!",1149
Act II,Scene IV,Falstaff,"Welcome, Ancient Pistol. Here, Pistol, I charge",1150
Act II,Scene IV,Falstaff,you with a cup of sack: do you discharge upon mine hostess.,1151
Act II,Scene IV,Pistol,"I will discharge upon her, Sir John, with two bullets.",1152
Act II,Scene IV,Falstaff,"She is Pistol-proof, sir; you shall hardly offend",1153
Act II,Scene IV,Falstaff,her.,1154
Act II,Scene IV,Mistress Quickly,"Come, I'll drink no proofs nor no bullets: I'll",1155
Act II,Scene IV,Mistress Quickly,"drink no more than will do me good, for no man's",1156
Act II,Scene IV,Mistress Quickly,"pleasure, I.",1157
Act II,Scene IV,Pistol,"Then to you, Mistress Dorothy; I will charge you.",1158
Act II,Scene IV,Doll Tearsheet,"Charge me! I scorn you, scurvy companion. What!",1159
Act II,Scene IV,Doll Tearsheet,"you poor, base, rascally, cheating, lack-linen",1160
Act II,Scene IV,Doll Tearsheet,"mate! Away, you mouldy rogue, away! I am meat for",1161
Act II,Scene IV,Doll Tearsheet,your master.,1162
Act II,Scene IV,Pistol,"I know you, Mistress Dorothy.",1163
Act II,Scene IV,Doll Tearsheet,"Away, you cut-purse rascal! you filthy bung, away!",1164
Act II,Scene IV,Doll Tearsheet,"by this wine, I'll thrust my knife in your mouldy",1165
Act II,Scene IV,Doll Tearsheet,"chaps, an you play the saucy cuttle with me. Away,",1166
Act II,Scene IV,Doll Tearsheet,you bottle-ale rascal! you basket-hilt stale,1167
Act II,Scene IV,Doll Tearsheet,"juggler, you! Since when, I pray you, sir? God's",1168
Act II,Scene IV,Doll Tearsheet,"light, with two points on your shoulder? much!",1169
Act II,Scene IV,Pistol,"God let me not live, but I will murder your ruff for this.",1170
Act II,Scene IV,Falstaff,"No more, Pistol; I would not have you go off here:",1171
Act II,Scene IV,Falstaff,"discharge yourself of our company, Pistol.",1172
Act II,Scene IV,Mistress Quickly,"No, Good Captain Pistol; not here, sweet captain.",1173
Act II,Scene IV,Doll Tearsheet,"Captain! thou abominable damned cheater, art thou",1174
Act II,Scene IV,Doll Tearsheet,not ashamed to be called captain? An captains were,1175
Act II,Scene IV,Doll Tearsheet,"of my mind, they would truncheon you out, for",1176
Act II,Scene IV,Doll Tearsheet,taking their names upon you before you have earned,1177
Act II,Scene IV,Doll Tearsheet,"them. You a captain! you slave, for what? for",1178
Act II,Scene IV,Doll Tearsheet,tearing a poor whore's ruff in a bawdy-house? He a,1179
Act II,Scene IV,Doll Tearsheet,"captain! hang him, rogue! he lives upon mouldy",1180
Act II,Scene IV,Doll Tearsheet,stewed prunes and dried cakes. A captain! God's,1181
Act II,Scene IV,Doll Tearsheet,"light, these villains will make the word as odious",1182
Act II,Scene IV,Doll Tearsheet,as the word 'occupy;' which was an excellent good,1183
Act II,Scene IV,Doll Tearsheet,word before it was ill sorted: therefore captains,1184
Act II,Scene IV,Doll Tearsheet,had need look to 't.,1185
Act II,Scene IV,Bardolph,"Pray thee, go down, good ancient.",1186
Act II,Scene IV,Falstaff,"Hark thee hither, Mistress Doll.",1187
Act II,Scene IV,Pistol,"Not I	I tell thee what, Corporal Bardolph, I could",1188
Act II,Scene IV,Pistol,tear her: I'll be revenged of her.,1189
Act II,Scene IV,Page,"Pray thee, go down.",1190
Act II,Scene IV,Pistol,"I'll see her damned first; to Pluto's damned lake,",1191
Act II,Scene IV,Pistol,"by this hand, to the infernal deep, with Erebus and",1192
Act II,Scene IV,Pistol,"tortures vile also. Hold hook and line, say I.",1193
Act II,Scene IV,Pistol,"Down, down, dogs! down, faitors! Have we not",1194
Act II,Scene IV,Pistol,Hiren here?,1195
Act II,Scene IV,Mistress Quickly,"Good Captain Peesel, be quiet; 'tis very late, i'",1196
Act II,Scene IV,Mistress Quickly,"faith: I beseek you now, aggravate your choler.",1197
Act II,Scene IV,Pistol,"These be good humours, indeed! Shall pack-horses",1198
Act II,Scene IV,Pistol,"And hollow pamper'd jades of Asia,",1199
Act II,Scene IV,Pistol,"Which cannot go but thirty mile a-day,",1200
Act II,Scene IV,Pistol,"Compare with Caesars, and with Cannibals,",1201
Act II,Scene IV,Pistol,"And Trojan Greeks? nay, rather damn them with",1202
Act II,Scene IV,Pistol,King Cerberus; and let the welkin roar.,1203
Act II,Scene IV,Pistol,Shall we fall foul for toys?,1204
Act II,Scene IV,Mistress Quickly,"By my troth, captain, these are very bitter words.",1205
Act II,Scene IV,Bardolph,"Be gone, good ancient: this will grow to abrawl anon.",1206
Act II,Scene IV,Pistol,Die men like dogs! give crowns like pins! Have we,1207
Act II,Scene IV,Pistol,not Heren here?,1208
Act II,Scene IV,Mistress Quickly,"O' my word, captain, there's none such here. What",1209
Act II,Scene IV,Mistress Quickly,the good-year! do you think I would deny her? For,1210
Act II,Scene IV,Mistress Quickly,"God's sake, be quiet.",1211
Act II,Scene IV,Pistol,"Then feed, and be fat, my fair Calipolis.",1212
Act II,Scene IV,Pistol,"Come, give's some sack.",1213
Act II,Scene IV,Pistol,"'Si fortune me tormente, sperato me contento.'",1214
Act II,Scene IV,Pistol,"Fear we broadsides? no, let the fiend give fire:",1215
Act II,Scene IV,Pistol,"Give me some sack: and, sweetheart, lie thou there.",1216
Act II,Scene IV,[stage direction],Laying down his sword,NA
Act II,Scene IV,Pistol,Come we to full points here; and are etceteras nothing?,1217
Act II,Scene IV,Falstaff,"Pistol, I would be quiet.",1218
Act II,Scene IV,Pistol,"Sweet knight, I kiss thy neaf: what! we have seen",1219
Act II,Scene IV,Pistol,the seven stars.,1220
Act II,Scene IV,Doll Tearsheet,"For God's sake, thrust him down stairs: I cannot",1221
Act II,Scene IV,Doll Tearsheet,endure such a fustian rascal.,1222
Act II,Scene IV,Pistol,Thrust him down stairs! know we not Galloway nags?,1223
Act II,Scene IV,Falstaff,"Quoit him down, Bardolph, like a shove-groat",1224
Act II,Scene IV,Falstaff,"shilling: nay, an a' do nothing but speak nothing,",1225
Act II,Scene IV,Falstaff,a' shall be nothing here.,1226
Act II,Scene IV,Bardolph,"Come, get you down stairs.",1227
Act II,Scene IV,Pistol,What! shall we have incision? shall we imbrue?,1228
Act II,Scene IV,[stage direction],Snatching up his sword,NA
Act II,Scene IV,Pistol,"Then death rock me asleep, abridge my doleful days!",1229
Act II,Scene IV,Pistol,"Why, then, let grievous, ghastly, gaping wounds",1230
Act II,Scene IV,Pistol,"Untwine the Sisters Three! Come, Atropos, I say!",1231
Act II,Scene IV,Mistress Quickly,Here's goodly stuff toward!,1232
Act II,Scene IV,Falstaff,"Give me my rapier, boy.",1233
Act II,Scene IV,Doll Tearsheet,"I pray thee, Jack, I pray thee, do not draw.",1234
Act II,Scene IV,Falstaff,Get you down stairs.,1235
Act II,Scene IV,[stage direction],"Drawing, and driving PISTOL out",NA
Act II,Scene IV,Mistress Quickly,Here's a goodly tumult! I'll forswear keeping,1236
Act II,Scene IV,Mistress Quickly,"house, afore I'll be in these tirrits and frights.",1237
Act II,Scene IV,Mistress Quickly,"So; murder, I warrant now. Alas, alas! put up",1238
Act II,Scene IV,Mistress Quickly,"your naked weapons, put up your naked weapons.",1239
Act II,Scene IV,[stage direction],Exeunt PISTOL and BARDOLPH,NA
Act II,Scene IV,Doll Tearsheet,"I pray thee, Jack, be quiet; the rascal's gone.",1240
Act II,Scene IV,Doll Tearsheet,"Ah, you whoreson little valiant villain, you!",1241
Act II,Scene IV,Mistress Quickly,He you not hurt i' the groin? methought a' made a,1242
Act II,Scene IV,Mistress Quickly,shrewd thrust at your belly.,1243
Act II,Scene IV,[stage direction],Re-enter BARDOLPH,NA
Act II,Scene IV,Falstaff,Have you turned him out o' doors?,1244
Act II,Scene IV,Bardolph,"Yea, sir. The rascal's drunk: you have hurt him,",1245
Act II,Scene IV,Bardolph,"sir, i' the shoulder.",1246
Act II,Scene IV,Falstaff,A rascal! to brave me!,1247
Act II,Scene IV,Doll Tearsheet,"Ah, you sweet little rogue, you! alas, poor ape,",1248
Act II,Scene IV,Doll Tearsheet,"how thou sweatest! come, let me wipe thy face;",1249
Act II,Scene IV,Doll Tearsheet,"come on, you whoreson chops: ah, rogue! i'faith, I",1250
Act II,Scene IV,Doll Tearsheet,"love thee: thou art as valorous as Hector of Troy,",1251
Act II,Scene IV,Doll Tearsheet,"worth five of Agamemnon, and ten times better than",1252
Act II,Scene IV,Doll Tearsheet,"the Nine Worthies: ah, villain!",1253
Act II,Scene IV,Falstaff,A rascally slave! I will toss the rogue in a blanket.,1254
Act II,Scene IV,Doll Tearsheet,"Do, an thou darest for thy heart: an thou dost,",1255
Act II,Scene IV,Doll Tearsheet,I'll canvass thee between a pair of sheets.,1256
Act II,Scene IV,[stage direction],Enter Music,NA
Act II,Scene IV,Page,"The music is come, sir.",1257
Act II,Scene IV,Falstaff,"Let them play. Play, sirs. Sit on my knee, Doll.",1258
Act II,Scene IV,Falstaff,A rascal bragging slave! the rogue fled from me,1259
Act II,Scene IV,Falstaff,like quicksilver.,1260
Act II,Scene IV,Doll Tearsheet,"I' faith, and thou followedst him like a church.",1261
Act II,Scene IV,Doll Tearsheet,"Thou whoreson little tidy Bartholomew boar-pig,",1262
Act II,Scene IV,Doll Tearsheet,when wilt thou leave fighting o' days and foining,1263
Act II,Scene IV,Doll Tearsheet,"o' nights, and begin to patch up thine old body for heaven?",1264
Act II,Scene IV,[stage direction],"Enter, behind, PRINCE HENRY and POINS, disguised",NA
Act II,Scene IV,Falstaff,"Peace, good Doll! do not speak like a death's-head;",1265
Act II,Scene IV,Falstaff,do not bid me remember mine end.,1266
Act II,Scene IV,Doll Tearsheet,"Sirrah, what humour's the prince of?",1267
Act II,Scene IV,Falstaff,A good shallow young fellow: a' would have made a,1268
Act II,Scene IV,Falstaff,"good pantler, a' would ha' chipp'd bread well.",1269
Act II,Scene IV,Doll Tearsheet,They say Poins has a good wit.,1270
Act II,Scene IV,Falstaff,"He a good wit? hang him, baboon! his wit's as thick",1271
Act II,Scene IV,Falstaff,as Tewksbury mustard; there's no more conceit in him,1272
Act II,Scene IV,Falstaff,than is in a mallet.,1273
Act II,Scene IV,Doll Tearsheet,"Why does the prince love him so, then?",1274
Act II,Scene IV,Falstaff,"Because their legs are both of a bigness, and a'",1275
Act II,Scene IV,Falstaff,"plays at quoits well, and eats conger and fennel,",1276
Act II,Scene IV,Falstaff,"and drinks off candles' ends for flap-dragons, and",1277
Act II,Scene IV,Falstaff,"rides the wild-mare with the boys, and jumps upon",1278
Act II,Scene IV,Falstaff,"joined-stools, and swears with a good grace, and",1279
Act II,Scene IV,Falstaff,"wears his boots very smooth, like unto the sign of",1280
Act II,Scene IV,Falstaff,"the leg, and breeds no bate with telling of discreet",1281
Act II,Scene IV,Falstaff,"stories; and such other gambol faculties a' has,",1282
Act II,Scene IV,Falstaff,"that show a weak mind and an able body, for the",1283
Act II,Scene IV,Falstaff,which the prince admits him: for the prince himself,1284
Act II,Scene IV,Falstaff,is such another; the weight of a hair will turn the,1285
Act II,Scene IV,Falstaff,scales between their avoirdupois.,1286
Act II,Scene IV,Prince Henry,Would not this nave of a wheel have his ears cut off?,1287
Act II,Scene IV,Poins,Let's beat him before his whore.,1288
Act II,Scene IV,Prince Henry,"Look, whether the withered elder hath not his poll",1289
Act II,Scene IV,Prince Henry,clawed like a parrot.,1290
Act II,Scene IV,Poins,Is it not strange that desire should so many years,1291
Act II,Scene IV,Poins,outlive performance?,1292
Act II,Scene IV,Falstaff,"Kiss me, Doll.",1293
Act II,Scene IV,Prince Henry,Saturn and Venus this year in conjunction! what,1294
Act II,Scene IV,Prince Henry,says the almanac to that?,1295
Act II,Scene IV,Poins,"And look, whether the fiery Trigon, his man, be not",1296
Act II,Scene IV,Poins,"lisping to his master's old tables, his note-book,",1297
Act II,Scene IV,Poins,his counsel-keeper.,1298
Act II,Scene IV,Falstaff,Thou dost give me flattering busses.,1299
Act II,Scene IV,Doll Tearsheet,"By my troth, I kiss thee with a most constant heart.",1300
Act II,Scene IV,Falstaff,"I am old, I am old.",1301
Act II,Scene IV,Doll Tearsheet,I love thee better than I love e'er a scurvy young,1302
Act II,Scene IV,Doll Tearsheet,boy of them all.,1303
Act II,Scene IV,Falstaff,What stuff wilt have a kirtle of? I shall receive,1304
Act II,Scene IV,Falstaff,money o' Thursday: shalt have a cap to-morrow. A,1305
Act II,Scene IV,Falstaff,"merry song, come: it grows late; we'll to bed.",1306
Act II,Scene IV,Falstaff,Thou'lt forget me when I am gone.,1307
Act II,Scene IV,Doll Tearsheet,"By my troth, thou'lt set me a-weeping, an thou",1308
Act II,Scene IV,Doll Tearsheet,sayest so: prove that ever I dress myself handsome,1309
Act II,Scene IV,Doll Tearsheet,"till thy return: well, harken at the end.",1310
Act II,Scene IV,Falstaff,"Some sack, Francis.",1311
Act II,Scene IV,Poins,"Anon, anon, sir.",1312
Act II,Scene IV,[stage direction],Coming forward,NA
Act II,Scene IV,Falstaff,Ha! a bastard son of the king's? And art not thou,1313
Act II,Scene IV,Falstaff,Poins his brother?,1314
Act II,Scene IV,Prince Henry,"Why, thou globe of sinful continents! what a life",1315
Act II,Scene IV,Prince Henry,dost thou lead!,1316
Act II,Scene IV,Falstaff,A better than thou: I am a gentleman; thou art a drawer.,1317
Act II,Scene IV,Prince Henry,"Very true, sir; and I come to draw you out by the ears.",1318
Act II,Scene IV,Mistress Quickly,"O, the Lord preserve thy good grace! by my troth,",1319
Act II,Scene IV,Mistress Quickly,"welcome to London. Now, the Lord bless that sweet",1320
Act II,Scene IV,Mistress Quickly,"face of thine! O, Jesu, are you come from Wales?",1321
Act II,Scene IV,Falstaff,"Thou whoreson mad compound of majesty, by this light",1322
Act II,Scene IV,Falstaff,"flesh and corrupt blood, thou art welcome.",1323
Act II,Scene IV,Doll Tearsheet,"How, you fat fool! I scorn you.",1324
Act II,Scene IV,Poins,"My lord, he will drive you out of your revenge and",1325
Act II,Scene IV,Poins,"turn all to a merriment, if you take not the heat.",1326
Act II,Scene IV,Prince Henry,"You whoreson candle-mine, you, how vilely did you",1327
Act II,Scene IV,Prince Henry,"speak of me even now before this honest, virtuous,",1328
Act II,Scene IV,Prince Henry,civil gentlewoman!,1329
Act II,Scene IV,Mistress Quickly,"God's blessing of your good heart! and so she is,",1330
Act II,Scene IV,Mistress Quickly,by my troth.,1331
Act II,Scene IV,Falstaff,Didst thou hear me?,1332
Act II,Scene IV,Prince Henry,"Yea, and you knew me, as you did when you ran away",1333
Act II,Scene IV,Prince Henry,"by Gad's-hill: you knew I was at your back, and",1334
Act II,Scene IV,Prince Henry,spoke it on purpose to try my patience.,1335
Act II,Scene IV,Falstaff,"No, no, no; not so; I did not think thou wast within hearing.",1336
Act II,Scene IV,Prince Henry,I shall drive you then to confess the wilful abuse;,1337
Act II,Scene IV,Prince Henry,and then I know how to handle you.,1338
Act II,Scene IV,Falstaff,"No abuse, Hal, o' mine honour, no abuse.",1339
Act II,Scene IV,Prince Henry,"Not to dispraise me, and call me pantier and",1340
Act II,Scene IV,Prince Henry,bread-chipper and I know not what?,1341
Act II,Scene IV,Falstaff,"No abuse, Hal.",1342
Act II,Scene IV,Poins,No abuse?,1343
Act II,Scene IV,Falstaff,"No abuse, Ned, i' the world; honest Ned, none. I",1344
Act II,Scene IV,Falstaff,"dispraised him before the wicked, that the wicked",1345
Act II,Scene IV,Falstaff,"might not fall in love with him; in which doing, I",1346
Act II,Scene IV,Falstaff,have done the part of a careful friend and a true,1347
Act II,Scene IV,Falstaff,"subject, and thy father is to give me thanks for it.",1348
Act II,Scene IV,Falstaff,"No abuse, Hal: none, Ned, none: no, faith, boys, none.",1349
Act II,Scene IV,Prince Henry,"See now, whether pure fear and entire cowardice doth",1350
Act II,Scene IV,Prince Henry,not make thee wrong this virtuous gentlewoman to,1351
Act II,Scene IV,Prince Henry,close with us? is she of the wicked? is thine,1352
Act II,Scene IV,Prince Henry,hostess here of the wicked? or is thy boy of the,1353
Act II,Scene IV,Prince Henry,"wicked? or honest Bardolph, whose zeal burns in his",1354
Act II,Scene IV,Prince Henry,"nose, of the wicked?",1355
Act II,Scene IV,Poins,"Answer, thou dead elm, answer.",1356
Act II,Scene IV,Falstaff,The fiend hath pricked down Bardolph irrecoverable;,1357
Act II,Scene IV,Falstaff,"and his face is Lucifer's privy-kitchen, where he",1358
Act II,Scene IV,Falstaff,"doth nothing but roast malt-worms. For the boy,",1359
Act II,Scene IV,Falstaff,there is a good angel about him; but the devil,1360
Act II,Scene IV,Falstaff,outbids him too.,1361
Act II,Scene IV,Prince Henry,For the women?,1362
Act II,Scene IV,Falstaff,"For one of them, she is in hell already, and burns",1363
Act II,Scene IV,Falstaff,"poor souls. For the other, I owe her money, and",1364
Act II,Scene IV,Falstaff,"whether she be damned for that, I know not.",1365
Act II,Scene IV,Mistress Quickly,"No, I warrant you.",1366
Act II,Scene IV,Falstaff,"No, I think thou art not; I think thou art quit for",1367
Act II,Scene IV,Falstaff,"that. Marry, there is another indictment upon thee,",1368
Act II,Scene IV,Falstaff,"for suffering flesh to be eaten in thy house,",1369
Act II,Scene IV,Falstaff,contrary to the law; for the which I think thou wilt howl.,1370
Act II,Scene IV,Mistress Quickly,All victuallers do so; what's a joint of mutton or,1371
Act II,Scene IV,Mistress Quickly,two in a whole Lent?,1372
Act II,Scene IV,Prince Henry,"You, gentlewoman,-",1373
Act II,Scene IV,Doll Tearsheet,What says your grace?,1374
Act II,Scene IV,Falstaff,His grace says that which his flesh rebels against.,1375
Act II,Scene IV,[stage direction],Knocking within,NA
Act II,Scene IV,Mistress Quickly,"Who knocks so loud at door? Look to the door there, Francis.",1376
Act II,Scene IV,[stage direction],Enter PETO,NA
Act II,Scene IV,Prince Henry,"Peto, how now! what news?",1377
Act II,Scene IV,Peto,The king your father is at Westminster:,1378
Act II,Scene IV,Peto,And there are twenty weak and wearied posts,1379
Act II,Scene IV,Peto,"Come from the north: and, as I came along,",1380
Act II,Scene IV,Peto,"I met and overtook a dozen captains,",1381
Act II,Scene IV,Peto,"Bare-headed, sweating, knocking at the taverns,",1382
Act II,Scene IV,Peto,And asking every one for Sir John Falstaff.,1383
Act II,Scene IV,Prince Henry,"By heaven, Poins, I feel me much to blame,",1384
Act II,Scene IV,Prince Henry,"So idly to profane the precious time,",1385
Act II,Scene IV,Prince Henry,"When tempest of commotion, like the south",1386
Act II,Scene IV,Prince Henry,"Borne with black vapour, doth begin to melt",1387
Act II,Scene IV,Prince Henry,And drop upon our bare unarmed heads.,1388
Act II,Scene IV,Prince Henry,"Give me my sword and cloak. Falstaff, good night.",1389
Act II,Scene IV,[stage direction],"Exeunt PRINCE HENRY, POINS, PETO and BARDOLPH",NA
Act II,Scene IV,Falstaff,"Now comes in the sweetest morsel of the night, and",1390
Act II,Scene IV,Falstaff,we must hence and leave it unpicked.,1391
Act II,Scene IV,[stage direction],Knocking within,NA
Act II,Scene IV,Falstaff,More knocking at the door!,1392
Act II,Scene IV,[stage direction],Re-enter BARDOLPH,NA
Act II,Scene IV,Falstaff,How now! what's the matter?,1393
Act II,Scene IV,Bardolph,"You must away to court, sir, presently;",1394
Act II,Scene IV,Bardolph,A dozen captains stay at door for you.,1395
Act II,Scene IV,Falstaff,"[To the Page]  Pay the musicians, sirrah. Farewell,",1396
Act II,Scene IV,Falstaff,"hostess; farewell, Doll. You see, my good wenches,",1397
Act II,Scene IV,Falstaff,how men of merit are sought after: the undeserver,1398
Act II,Scene IV,Falstaff,"may sleep, when the man of action is called on.",1399
Act II,Scene IV,Falstaff,"Farewell good wenches: if I be not sent away post,",1400
Act II,Scene IV,Falstaff,I will see you again ere I go.,1401
Act II,Scene IV,Doll Tearsheet,"I cannot speak; if my heart be not read to burst,--",1402
Act II,Scene IV,Doll Tearsheet,"well, sweet Jack, have a care of thyself.",1403
Act II,Scene IV,Falstaff,"Farewell, farewell.",1404
Act II,Scene IV,[stage direction],Exeunt FALSTAFF and BARDOLPH,NA
Act II,Scene IV,Mistress Quickly,"Well, fare thee well: I have known thee these",1405
Act II,Scene IV,Mistress Quickly,"twenty-nine years, come peascod-time; but an",1406
Act II,Scene IV,Mistress Quickly,"honester and truer-hearted man,--well, fare thee well.",1407
Act II,Scene IV,Bardolph,[Within]  Mistress Tearsheet!,1408
Act II,Scene IV,Mistress Quickly,What's the matter?,1409
Act II,Scene IV,Bardolph,"[Within]  Good Mistress Tearsheet, come to my master.",1410
Act II,Scene IV,Mistress Quickly,"O, run, Doll, run; run, good Doll: come.",1411
Act II,Scene IV,[stage direction],She comes blubbered,NA
Act II,Scene IV,Mistress Quickly,"Yea, will you come, Doll?",1412
Act II,Scene IV,[stage direction],Exeunt,NA
Act III,Scene I,[stage direction],"Enter KING HENRY IV in his nightgown, with a Page",NA
Act III,Scene I,King Henry Iv,Go call the Earls of Surrey and of Warwick;,1413
Act III,Scene I,King Henry Iv,"But, ere they come, bid them o'er-read these letters,",1414
Act III,Scene I,King Henry Iv,And well consider of them; make good speed.,1415
Act III,Scene I,[stage direction],Exit Page,NA
Act III,Scene I,King Henry Iv,How many thousand of my poorest subjects,1416
Act III,Scene I,King Henry Iv,"Are at this hour asleep! O sleep, O gentle sleep,",1417
Act III,Scene I,King Henry Iv,"Nature's soft nurse, how have I frighted thee,",1418
Act III,Scene I,King Henry Iv,That thou no more wilt weigh my eyelids down,1419
Act III,Scene I,King Henry Iv,And steep my senses in forgetfulness?,1420
Act III,Scene I,King Henry Iv,"Why rather, sleep, liest thou in smoky cribs,",1421
Act III,Scene I,King Henry Iv,Upon uneasy pallets stretching thee,1422
Act III,Scene I,King Henry Iv,"And hush'd with buzzing night-flies to thy slumber,",1423
Act III,Scene I,King Henry Iv,"Than in the perfumed chambers of the great,",1424
Act III,Scene I,King Henry Iv,"Under the canopies of costly state,",1425
Act III,Scene I,King Henry Iv,And lull'd with sound of sweetest melody?,1426
Act III,Scene I,King Henry Iv,"O thou dull god, why liest thou with the vile",1427
Act III,Scene I,King Henry Iv,"In loathsome beds, and leavest the kingly couch",1428
Act III,Scene I,King Henry Iv,A watch-case or a common 'larum-bell?,1429
Act III,Scene I,King Henry Iv,Wilt thou upon the high and giddy mast,1430
Act III,Scene I,King Henry Iv,"Seal up the ship-boy's eyes, and rock his brains",1431
Act III,Scene I,King Henry Iv,In cradle of the rude imperious surge,1432
Act III,Scene I,King Henry Iv,"And in the visitation of the winds,",1433
Act III,Scene I,King Henry Iv,"Who take the ruffian billows by the top,",1434
Act III,Scene I,King Henry Iv,Curling their monstrous heads and hanging them,1435
Act III,Scene I,King Henry Iv,"With deafening clamour in the slippery clouds,",1436
Act III,Scene I,King Henry Iv,"That, with the hurly, death itself awakes?",1437
Act III,Scene I,King Henry Iv,"Canst thou, O partial sleep, give thy repose",1438
Act III,Scene I,King Henry Iv,"To the wet sea-boy in an hour so rude,",1439
Act III,Scene I,King Henry Iv,"And in the calmest and most stillest night,",1440
Act III,Scene I,King Henry Iv,"With all appliances and means to boot,",1441
Act III,Scene I,King Henry Iv,"Deny it to a king? Then happy low, lie down!",1442
Act III,Scene I,King Henry Iv,Uneasy lies the head that wears a crown.,1443
Act III,Scene I,[stage direction],Enter WARWICK and SURREY,NA
Act III,Scene I,Warwick,Many good morrows to your majesty!,1444
Act III,Scene I,King Henry Iv,"Is it good morrow, lords?",1445
Act III,Scene I,Warwick,"'Tis one o'clock, and past.",1446
Act III,Scene I,King Henry Iv,"Why, then, good morrow to you all, my lords.",1447
Act III,Scene I,King Henry Iv,Have you read o'er the letters that I sent you?,1448
Act III,Scene I,Warwick,"We have, my liege.",1449
Act III,Scene I,King Henry Iv,Then you perceive the body of our kingdom,1450
Act III,Scene I,King Henry Iv,How foul it is; what rank diseases grow,1451
Act III,Scene I,King Henry Iv,"And with what danger, near the heart of it.",1452
Act III,Scene I,Warwick,It is but as a body yet distemper'd;,1453
Act III,Scene I,Warwick,Which to his former strength may be restored,1454
Act III,Scene I,Warwick,With good advice and little medicine:,1455
Act III,Scene I,Warwick,My Lord Northumberland will soon be cool'd.,1456
Act III,Scene I,King Henry Iv,"O God! that one might read the book of fate,",1457
Act III,Scene I,King Henry Iv,And see the revolution of the times,1458
Act III,Scene I,King Henry Iv,"Make mountains level, and the continent,",1459
Act III,Scene I,King Henry Iv,"Weary of solid firmness, melt itself",1460
Act III,Scene I,King Henry Iv,"Into the sea! and, other times, to see",1461
Act III,Scene I,King Henry Iv,The beachy girdle of the ocean,1462
Act III,Scene I,King Henry Iv,"Too wide for Neptune's hips; how chances mock,",1463
Act III,Scene I,King Henry Iv,And changes fill the cup of alteration,1464
Act III,Scene I,King Henry Iv,"With divers liquors! O, if this were seen,",1465
Act III,Scene I,King Henry Iv,"The happiest youth, viewing his progress through,",1466
Act III,Scene I,King Henry Iv,"What perils past, what crosses to ensue,",1467
Act III,Scene I,King Henry Iv,"Would shut the book, and sit him down and die.",1468
Act III,Scene I,King Henry Iv,'Tis not 'ten years gone,1469
Act III,Scene I,King Henry Iv,"Since Richard and Northumberland, great friends,",1470
Act III,Scene I,King Henry Iv,"Did feast together, and in two years after",1471
Act III,Scene I,King Henry Iv,Were they at wars: it is but eight years since,1472
Act III,Scene I,King Henry Iv,"This Percy was the man nearest my soul,",1473
Act III,Scene I,King Henry Iv,Who like a brother toil'd in my affairs,1474
Act III,Scene I,King Henry Iv,"And laid his love and life under my foot,",1475
Act III,Scene I,King Henry Iv,"Yea, for my sake, even to the eyes of Richard",1476
Act III,Scene I,King Henry Iv,Gave him defiance. But which of you was by--,1477
Act III,Scene I,King Henry Iv,"You, cousin Nevil, as I may remember--",1478
Act III,Scene I,[stage direction],To WARWICK,NA
Act III,Scene I,King Henry Iv,"When Richard, with his eye brimful of tears,",1479
Act III,Scene I,King Henry Iv,"Then cheque'd and rated by Northumberland,",1480
Act III,Scene I,King Henry Iv,"Did speak these words, now proved a prophecy?",1481
Act III,Scene I,King Henry Iv,"'Northumberland, thou ladder by the which",1482
Act III,Scene I,King Henry Iv,My cousin Bolingbroke ascends my throne;',1483
Act III,Scene I,King Henry Iv,"Though then, God knows, I had no such intent,",1484
Act III,Scene I,King Henry Iv,But that necessity so bow'd the state,1485
Act III,Scene I,King Henry Iv,That I and greatness were compell'd to kiss:,1486
Act III,Scene I,King Henry Iv,"'The time shall come,' thus did he follow it,",1487
Act III,Scene I,King Henry Iv,"'The time will come, that foul sin, gathering head,",1488
Act III,Scene I,King Henry Iv,"Shall break into corruption:' so went on,",1489
Act III,Scene I,King Henry Iv,Foretelling this same time's condition,1490
Act III,Scene I,King Henry Iv,And the division of our amity.,1491
Act III,Scene I,Warwick,"There is a history in all men's lives,",1492
Act III,Scene I,Warwick,Figuring the nature of the times deceased;,1493
Act III,Scene I,Warwick,"The which observed, a man may prophesy,",1494
Act III,Scene I,Warwick,"With a near aim, of the main chance of things",1495
Act III,Scene I,Warwick,"As yet not come to life, which in their seeds",1496
Act III,Scene I,Warwick,And weak beginnings lie intreasured.,1497
Act III,Scene I,Warwick,Such things become the hatch and brood of time;,1498
Act III,Scene I,Warwick,And by the necessary form of this,1499
Act III,Scene I,Warwick,King Richard might create a perfect guess,1500
Act III,Scene I,Warwick,"That great Northumberland, then false to him,",1501
Act III,Scene I,Warwick,Would of that seed grow to a greater falseness;,1502
Act III,Scene I,Warwick,"Which should not find a ground to root upon,",1503
Act III,Scene I,Warwick,Unless on you.,1504
Act III,Scene I,King Henry Iv,Are these things then necessities?,1505
Act III,Scene I,King Henry Iv,Then let us meet them like necessities:,1506
Act III,Scene I,King Henry Iv,And that same word even now cries out on us:,1507
Act III,Scene I,King Henry Iv,They say the bishop and Northumberland,1508
Act III,Scene I,King Henry Iv,Are fifty thousand strong.,1509
Act III,Scene I,Warwick,"It cannot be, my lord;",1510
Act III,Scene I,Warwick,"Rumour doth double, like the voice and echo,",1511
Act III,Scene I,Warwick,The numbers of the fear'd. Please it your grace,1512
Act III,Scene I,Warwick,"To go to bed. Upon my soul, my lord,",1513
Act III,Scene I,Warwick,The powers that you already have sent forth,1514
Act III,Scene I,Warwick,Shall bring this prize in very easily.,1515
Act III,Scene I,Warwick,"To comfort you the more, I have received",1516
Act III,Scene I,Warwick,A certain instance that Glendower is dead.,1517
Act III,Scene I,Warwick,"Your majesty hath been this fortnight ill,",1518
Act III,Scene I,Warwick,And these unseason'd hours perforce must add,1519
Act III,Scene I,Warwick,Unto your sickness.,1520
Act III,Scene I,King Henry Iv,I will take your counsel:,1521
Act III,Scene I,King Henry Iv,"And were these inward wars once out of hand,",1522
Act III,Scene I,King Henry Iv,"We would, dear lords, unto the Holy Land.",1523
Act III,Scene I,[stage direction],Exeunt,NA
Act III,Scene II,[stage direction],"Enter SHALLOW and SILENCE, meeting; MOULDY,  SHADOW, WART, FEEBLE, BULLCALF, a Servant or two with them",NA
Act III,Scene II,Shallow,"Come on, come on, come on, sir; give me your hand,",1524
Act III,Scene II,Shallow,"sir, give me your hand, sir: an early stirrer, by",1525
Act III,Scene II,Shallow,the rood! And how doth my good cousin Silence?,1526
Act III,Scene II,Silence,"Good morrow, good cousin Shallow.",1527
Act III,Scene II,Shallow,"And how doth my cousin, your bedfellow? and your",1528
Act III,Scene II,Shallow,"fairest daughter and mine, my god-daughter Ellen?",1529
Act III,Scene II,Silence,"Alas, a black ousel, cousin Shallow!",1530
Act III,Scene II,Shallow,"By yea and nay, sir, I dare say my cousin William is",1531
Act III,Scene II,Shallow,"become a good scholar: he is at Oxford still, is he not?",1532
Act III,Scene II,Silence,"Indeed, sir, to my cost.",1533
Act III,Scene II,Shallow,"A' must, then, to the inns o' court shortly. I was",1534
Act III,Scene II,Shallow,"once of Clement's Inn, where I think they will",1535
Act III,Scene II,Shallow,talk of mad Shallow yet.,1536
Act III,Scene II,Silence,"You were called 'lusty Shallow' then, cousin.",1537
Act III,Scene II,Shallow,"By the mass, I was called any thing; and I would",1538
Act III,Scene II,Shallow,"have done any thing indeed too, and roundly too.",1539
Act III,Scene II,Shallow,"There was I, and little John Doit of Staffordshire,",1540
Act III,Scene II,Shallow,"and black George Barnes, and Francis Pickbone, and",1541
Act III,Scene II,Shallow,"Will Squele, a Cotswold man; you had not four such",1542
Act III,Scene II,Shallow,swinge-bucklers in all the inns o' court again: and,1543
Act III,Scene II,Shallow,"I may say to you, we knew where the bona-robas were",1544
Act III,Scene II,Shallow,and had the best of them all at commandment. Then,1545
Act III,Scene II,Shallow,"was Jack Falstaff, now Sir John, a boy, and page to",1546
Act III,Scene II,Shallow,"Thomas Mowbray, Duke of Norfolk.",1547
Act III,Scene II,Silence,"This Sir John, cousin, that comes hither anon about soldiers?",1548
Act III,Scene II,Shallow,"The same Sir John, the very same. I  see him break",1549
Act III,Scene II,Shallow,"Skogan's head at the court-gate, when a' was a",1550
Act III,Scene II,Shallow,crack not thus high: and the very same day did I,1551
Act III,Scene II,Shallow,"fight with one Sampson Stockfish, a fruiterer,",1552
Act III,Scene II,Shallow,"behind Gray's Inn. Jesu, Jesu, the mad days that I",1553
Act III,Scene II,Shallow,have spent! and to see how many of my old,1554
Act III,Scene II,Shallow,acquaintance are dead!,1555
Act III,Scene II,Silence,"We shall all follow, cousin.",1556
Act III,Scene II,Shadow,"Certain, 'tis certain; very sure, very sure: death,",1557
Act III,Scene II,Shadow,"as the Psalmist saith, is certain to all; all shall",1558
Act III,Scene II,Shadow,die. How a good yoke of bullocks at Stamford fair?,1559
Act III,Scene II,Silence,"By my troth, I was not there.",1560
Act III,Scene II,Shallow,Death is certain. Is old Double of your town living,1561
Act III,Scene II,Shallow,yet?,1562
Act III,Scene II,Silence,"Dead, sir.",1563
Act III,Scene II,Shallow,"Jesu, Jesu, dead! a' drew a good bow; and dead! a'",1564
Act III,Scene II,Shallow,"shot a fine shoot: John a Gaunt loved him well, and",1565
Act III,Scene II,Shallow,betted much money on his head. Dead! a' would have,1566
Act III,Scene II,Shallow,clapped i' the clout at twelve score; and carried,1567
Act III,Scene II,Shallow,you a forehand shaft a fourteen and fourteen and a,1568
Act III,Scene II,Shallow,"half, that it would have done a man's heart good to",1569
Act III,Scene II,Shallow,see. How a score of ewes now?,1570
Act III,Scene II,Silence,Thereafter as they be: a score of good ewes may be,1571
Act III,Scene II,Silence,worth ten pounds.,1572
Act III,Scene II,Shallow,And is old Double dead?,1573
Act III,Scene II,Silence,"Here come two of Sir John Falstaff's men, as I think.",1574
Act III,Scene II,[stage direction],Enter BARDOLPH and one with him,NA
Act III,Scene II,Bardolph,"Good morrow, honest gentlemen: I beseech you, which",1575
Act III,Scene II,Bardolph,is Justice Shallow?,1576
Act III,Scene II,Shallow,"I am Robert Shallow, sir; a poor esquire of this",1577
Act III,Scene II,Shallow,"county, and one of the king's justices of th e peace:",1578
Act III,Scene II,Shallow,What is your good pleasure with me?,1579
Act III,Scene II,Bardolph,"My captain, sir, commends him to you; my captain,",1580
Act III,Scene II,Bardolph,"Sir John Falstaff, a tall gentleman, by heaven, and",1581
Act III,Scene II,Bardolph,a most gallant leader.,1582
Act III,Scene II,Shallow,"He greets me well, sir. I knew him a good backsword",1583
Act III,Scene II,Shallow,man. How doth the good knight? may I ask how my,1584
Act III,Scene II,Shallow,lady his wife doth?,1585
Act III,Scene II,Bardolph,"Sir, pardon; a soldier is better accommodated than",1586
Act III,Scene II,Bardolph,with a wife.,1587
Act III,Scene II,Shallow,"It is well said, in faith, sir; and it is well said",1588
Act III,Scene II,Shallow,"indeed too. Better accommodated! it is good; yea,",1589
Act III,Scene II,Shallow,"indeed, is it: good phrases are surely, and ever",1590
Act III,Scene II,Shallow,"were, very commendable. Accommodated! it comes of",1591
Act III,Scene II,Shallow,'accommodo' very good; a good phrase.,1592
Act III,Scene II,Bardolph,"Pardon me, sir; I have heard the word. Phrase call",1593
Act III,Scene II,Bardolph,"you it? by this good day, I know not the phrase;",1594
Act III,Scene II,Bardolph,but I will maintain the word with my sword to be a,1595
Act III,Scene II,Bardolph,"soldier-like word, and a word of exceeding good",1596
Act III,Scene II,Bardolph,"command, by heaven. Accommodated; that is, when a",1597
Act III,Scene II,Bardolph,"man is, as they say, accommodated; or when a man is,",1598
Act III,Scene II,Bardolph,"being, whereby a' may be thought to be accommodated;",1599
Act III,Scene II,Bardolph,which is an excellent thing.,1600
Act III,Scene II,Shallow,It is very just.,1601
Act III,Scene II,[stage direction],Enter FALSTAFF,NA
Act III,Scene II,Shallow,"Look, here comes good Sir John. Give me your good",1602
Act III,Scene II,Shallow,"hand, give me your worship's good hand: by my",1603
Act III,Scene II,Shallow,"troth, you like well and bear your years very well:",1604
Act III,Scene II,Shallow,"welcome, good Sir John.",1605
Act III,Scene II,Falstaff,"I am glad to see you well, good Master Robert",1606
Act III,Scene II,Falstaff,"Shallow: Master Surecard, as I think?",1607
Act III,Scene II,Shallow,"No, Sir John; it is my cousin Silence, in commission with me.",1608
Act III,Scene II,Falstaff,"Good Master Silence, it well befits you should be of",1609
Act III,Scene II,Falstaff,the peace.,1610
Act III,Scene II,Silence,Your good-worship is welcome.,1611
Act III,Scene II,Falstaff,"Fie! this is hot weather, gentlemen. Have you",1612
Act III,Scene II,Falstaff,provided me here half a dozen sufficient men?,1613
Act III,Scene II,Shallow,"Marry, have we, sir. Will you sit?",1614
Act III,Scene II,Falstaff,"Let me see them, I beseech you.",1615
Act III,Scene II,Shallow,Where's the roll? where's the roll? where's the,1616
Act III,Scene II,Shallow,"roll? Let me see, let me see, let me see. So, so:",1617
Act III,Scene II,Shallow,"yea, marry, sir: Ralph Mouldy! Let them appear as",1618
Act III,Scene II,Shallow,"I call; let them do so, let them do so. Let me",1619
Act III,Scene II,Shallow,see; where is Mouldy?,1620
Act III,Scene II,Mouldy,"Here, an't please you.",1621
Act III,Scene II,Shallow,"What think you, Sir John? a good-limbed fellow;",1622
Act III,Scene II,Shallow,"young, strong, and of good friends.",1623
Act III,Scene II,Falstaff,Is thy name Mouldy?,1624
Act III,Scene II,Mouldy,"Yea, an't please you.",1625
Act III,Scene II,Falstaff,'Tis the more time thou wert used.,1626
Act III,Scene II,Shallow,"Ha, ha, ha! most excellent, i' faith! Things that",1627
Act III,Scene II,Shallow,"are mouldy lack use: very singular good! in faith,",1628
Act III,Scene II,Shallow,"well said, Sir John, very well said.",1629
Act III,Scene II,Falstaff,Prick him.,1630
Act III,Scene II,Mouldy,"I was pricked well enough before, an you could have",1631
Act III,Scene II,Mouldy,let me alone: my old dame will be undone now for,1632
Act III,Scene II,Mouldy,one to do her husbandry and her drudgery: you need,1633
Act III,Scene II,Mouldy,not to have pricked me; there are other men fitter,1634
Act III,Scene II,Mouldy,to go out than I.,1635
Act III,Scene II,Falstaff,"Go to: peace, Mouldy; you shall go. Mouldy, it is",1636
Act III,Scene II,Falstaff,time you were spent.,1637
Act III,Scene II,Mouldy,Spent!,1638
Act III,Scene II,Shallow,"Peace, fellow, peace; stand aside: know you where",1639
Act III,Scene II,Shallow,"you are? For the other, Sir John: let me see:",1640
Act III,Scene II,Shallow,Simon Shadow!,1641
Act III,Scene II,Falstaff,"Yea, marry, let me have him to sit under: he's like",1642
Act III,Scene II,Falstaff,to be a cold soldier.,1643
Act III,Scene II,Shallow,Where's Shadow?,1644
Act III,Scene II,Shadow,"Here, sir.",1645
Act III,Scene II,Falstaff,"Shadow, whose son art thou?",1646
Act III,Scene II,Shadow,"My mother's son, sir.",1647
Act III,Scene II,Falstaff,"Thy mother's son! like enough, and thy father's",1648
Act III,Scene II,Falstaff,shadow: so the son of the female is the shadow of,1649
Act III,Scene II,Falstaff,"the male: it is often so, indeed; but much of the",1650
Act III,Scene II,Falstaff,father's substance!,1651
Act III,Scene II,Shallow,"Do you like him, Sir John?",1652
Act III,Scene II,Falstaff,"Shadow will serve for summer; prick him, for we have",1653
Act III,Scene II,Falstaff,a number of shadows to fill up the muster-book.,1654
Act III,Scene II,Shallow,Thomas Wart!,1655
Act III,Scene II,Falstaff,Where's he?,1656
Act III,Scene II,Wart,"Here, sir.",1657
Act III,Scene II,Falstaff,Is thy name Wart?,1658
Act III,Scene II,Wart,"Yea, sir.",1659
Act III,Scene II,Falstaff,Thou art a very ragged wart.,1660
Act III,Scene II,Shallow,"Shall I prick him down, Sir John?",1661
Act III,Scene II,Falstaff,It were superfluous; for his apparel is built upon,1662
Act III,Scene II,Falstaff,his back and the whole frame stands upon pins:,1663
Act III,Scene II,Falstaff,prick him no more.,1664
Act III,Scene II,Shallow,"Ha, ha, ha! you can do it, sir; you can do it: I",1665
Act III,Scene II,Shallow,commend you well. Francis Feeble!,1666
Act III,Scene II,Feeble,"Here, sir.",1667
Act III,Scene II,Falstaff,"What trade art thou, Feeble?",1668
Act III,Scene II,Feeble,"A woman's tailor, sir.",1669
Act III,Scene II,Shallow,"Shall I prick him, sir?",1670
Act III,Scene II,Falstaff,"You may: but if he had been a man's tailor, he'ld",1671
Act III,Scene II,Falstaff,ha' pricked you. Wilt thou make as many holes in,1672
Act III,Scene II,Falstaff,an enemy's battle as thou hast done in a woman's petticoat?,1673
Act III,Scene II,Feeble,"I will do my good will, sir; you can have no more.",1674
Act III,Scene II,Falstaff,"Well said, good woman's tailor! well said,",1675
Act III,Scene II,Falstaff,courageous Feeble! thou wilt be as valiant as the,1676
Act III,Scene II,Falstaff,wrathful dove or most magnanimous mouse. Prick the,1677
Act III,Scene II,Falstaff,"woman's tailor: well, Master Shallow; deep, Master Shallow.",1678
Act III,Scene II,Feeble,"I would Wart might have gone, sir.",1679
Act III,Scene II,Falstaff,"I would thou wert a man's tailor, that thou mightst",1680
Act III,Scene II,Falstaff,mend him and make him fit to go. I cannot put him,1681
Act III,Scene II,Falstaff,to a private soldier that is the leader of so many,1682
Act III,Scene II,Falstaff,"thousands: let that suffice, most forcible Feeble.",1683
Act III,Scene II,Feeble,"It shall suffice, sir.",1684
Act III,Scene II,Falstaff,"I am bound to thee, reverend Feeble. Who is next?",1685
Act III,Scene II,Shallow,Peter Bullcalf o' the green!,1686
Act III,Scene II,Falstaff,"Yea, marry, let's see Bullcalf.",1687
Act III,Scene II,Bullcalf,"Here, sir.",1688
Act III,Scene II,Falstaff,"'Fore God, a likely fellow! Come, prick me Bullcalf",1689
Act III,Scene II,Falstaff,till he roar again.,1690
Act III,Scene II,Bullcalf,"O Lord! good my lord captain,--",1691
Act III,Scene II,Falstaff,"What, dost thou roar before thou art pricked?",1692
Act III,Scene II,Bullcalf,"O Lord, sir! I am a diseased man.",1693
Act III,Scene II,Falstaff,What disease hast thou?,1694
Act III,Scene II,Bullcalf,"A whoreson cold, sir, a cough, sir, which I caught",1695
Act III,Scene II,Bullcalf,with ringing in the king's affairs upon his,1696
Act III,Scene II,Bullcalf,"coronation-day, sir.",1697
Act III,Scene II,Falstaff,"Come, thou shalt go to the wars in a gown; we wilt",1698
Act III,Scene II,Falstaff,have away thy cold; and I will take such order that,1699
Act III,Scene II,Falstaff,my friends shall ring for thee. Is here all?,1700
Act III,Scene II,Shallow,"Here is two more called than your number, you must",1701
Act III,Scene II,Shallow,"have but four here, sir: and so, I pray you, go in",1702
Act III,Scene II,Shallow,with me to dinner.,1703
Act III,Scene II,Falstaff,"Come, I will go drink with you, but I cannot tarry",1704
Act III,Scene II,Falstaff,"dinner. I am glad to see you, by my troth, Master Shallow.",1705
Act III,Scene II,Shallow,"O, Sir John, do you remember since we lay all night",1706
Act III,Scene II,Shallow,in the windmill in Saint George's field?,1707
Act III,Scene II,Falstaff,"No more of that, good Master Shallow, no more of that.",1708
Act III,Scene II,Shallow,Ha! 'twas a merry night. And is Jane Nightwork alive?,1709
Act III,Scene II,Falstaff,"She lives, Master Shallow.",1710
Act III,Scene II,Shallow,She never could away with me.,1711
Act III,Scene II,Falstaff,"Never, never; she would always say she could not",1712
Act III,Scene II,Falstaff,abide Master Shallow.,1713
Act III,Scene II,Shallow,"By the mass, I could anger her to the heart. She",1714
Act III,Scene II,Shallow,was then a bona-roba. Doth she hold her own well?,1715
Act III,Scene II,Falstaff,"Old, old, Master Shallow.",1716
Act III,Scene II,Shallow,"Nay, she must be old; she cannot choose but be old;",1717
Act III,Scene II,Shallow,certain she's old; and had Robin Nightwork by old,1718
Act III,Scene II,Shallow,Nightwork before I came to Clement's Inn.,1719
Act III,Scene II,Silence,That's fifty-five year ago.,1720
Act III,Scene II,Shallow,"Ha, cousin Silence, that thou hadst seen that that",1721
Act III,Scene II,Shallow,"this knight and I have seen! Ha, Sir John, said I well?",1722
Act III,Scene II,Falstaff,"We have heard the chimes at midnight, Master Shallow.",1723
Act III,Scene II,Shallow,"That we have, that we have, that we have; in faith,",1724
Act III,Scene II,Shallow,"Sir John, we have: our watch-word was 'Hem boys!'",1725
Act III,Scene II,Shallow,"Come, let's to dinner; come, let's to dinner:",1726
Act III,Scene II,Shallow,"Jesus, the days that we have seen! Come, come.",1727
Act III,Scene II,[stage direction],Exeunt FALSTAFF and Justices,NA
Act III,Scene II,Bullcalf,"Good Master Corporate Bardolph, stand my friend;",1728
Act III,Scene II,Bullcalf,and here's four Harry ten shillings in French crowns,1729
Act III,Scene II,Bullcalf,"for you. In very truth, sir, I had as lief be",1730
Act III,Scene II,Bullcalf,"hanged, sir, as go: and yet, for mine own part, sir,",1731
Act III,Scene II,Bullcalf,"I do not care; but rather, because I am unwilling,",1732
Act III,Scene II,Bullcalf,"and, for mine own part, have a desire to stay with",1733
Act III,Scene II,Bullcalf,"my friends; else, sir, I did not care, for mine own",1734
Act III,Scene II,Bullcalf,"part, so much.",1735
Act III,Scene II,Bardolph,Go to; stand aside.,1736
Act III,Scene II,Mouldy,"And, good master corporal captain, for my old",1737
Act III,Scene II,Mouldy,"dame's sake, stand my friend: she has nobody to do",1738
Act III,Scene II,Mouldy,"any thing about her when I am gone; and she is old,",1739
Act III,Scene II,Mouldy,"and cannot help herself: You shall have forty, sir.",1740
Act III,Scene II,Bardolph,Go to; stand aside.,1741
Act III,Scene II,Feeble,"By my troth, I care not; a man can die but once: we",1742
Act III,Scene II,Feeble,owe God a death: I'll ne'er bear a base mind:,1743
Act III,Scene II,Feeble,"an't be my destiny, so; an't be not, so: no man is",1744
Act III,Scene II,Feeble,too good to serve's prince; and let it go which way,1745
Act III,Scene II,Feeble,"it will, he that dies this year is quit for the next.",1746
Act III,Scene II,Bardolph,Well said; thou'rt a good fellow.,1747
Act III,Scene II,Feeble,"Faith, I'll bear no base mind.",1748
Act III,Scene II,[stage direction],Re-enter FALSTAFF and the Justices,NA
Act III,Scene II,Falstaff,"Come, sir, which men shall I have?",1749
Act III,Scene II,Shallow,Four of which you please.,1750
Act III,Scene II,Bardolph,"Sir, a word with you: I have three pound to free",1751
Act III,Scene II,Bardolph,Mouldy and Bullcalf.,1752
Act III,Scene II,Falstaff,Go to; well.,1753
Act III,Scene II,Shallow,"Come, Sir John, which four will you have?",1754
Act III,Scene II,Falstaff,Do you choose for me.,1755
Act III,Scene II,Shallow,"Marry, then, Mouldy, Bullcalf, Feeble and Shadow.",1756
Act III,Scene II,Falstaff,"Mouldy and Bullcalf: for you, Mouldy, stay at home",1757
Act III,Scene II,Falstaff,"till you are past service: and for your part,",1758
Act III,Scene II,Falstaff,"Bullcalf, grow till you come unto it: I will none of you.",1759
Act III,Scene II,Shallow,"Sir John, Sir John, do not yourself wrong: they are",1760
Act III,Scene II,Shallow,"your likeliest men, and I would have you served with the best.",1761
Act III,Scene II,Falstaff,"Will you tell me, Master Shallow, how to choose a",1762
Act III,Scene II,Falstaff,"man? Care I for the limb, the thewes, the stature,",1763
Act III,Scene II,Falstaff,"bulk, and big assemblance of a man! Give me the",1764
Act III,Scene II,Falstaff,"spirit, Master Shallow. Here's Wart; you see what a",1765
Act III,Scene II,Falstaff,ragged appearance it is; a' shall charge you and,1766
Act III,Scene II,Falstaff,discharge you with the motion of a pewterer's,1767
Act III,Scene II,Falstaff,"hammer, come off and on swifter than he that gibbets",1768
Act III,Scene II,Falstaff,on the brewer's bucket. And this same half-faced,1769
Act III,Scene II,Falstaff,"fellow, Shadow; give me this man: he presents no",1770
Act III,Scene II,Falstaff,mark to the enemy; the foeman may with as great aim,1771
Act III,Scene II,Falstaff,level at the edge of a penknife. And for a retreat;,1772
Act III,Scene II,Falstaff,how swiftly will this Feeble the woman's tailor run,1773
Act III,Scene II,Falstaff,"off! O, give me the spare men, and spare me the",1774
Act III,Scene II,Falstaff,"great ones. Put me a caliver into Wart's hand, Bardolph.",1775
Act III,Scene II,Bardolph,"Hold, Wart, traverse; thus, thus, thus.",1776
Act III,Scene II,Falstaff,"Come, manage me your caliver. So: very well: go",1777
Act III,Scene II,Falstaff,"to: very good, exceeding good. O, give me always a",1778
Act III,Scene II,Falstaff,"little, lean, old, chapt, bald shot. Well said, i'",1779
Act III,Scene II,Falstaff,"faith, Wart; thou'rt a good scab: hold, there's a",1780
Act III,Scene II,Falstaff,tester for thee.,1781
Act III,Scene II,Shallow,He is not his craft's master; he doth not do it,1782
Act III,Scene II,Shallow,"right. I remember at Mile-end Green, when I lay at",1783
Act III,Scene II,Shallow,Clement's Inn--I was then Sir Dagonet in Arthur's,1784
Act III,Scene II,Shallow,"show,--there was a little quiver fellow, and a'",1785
Act III,Scene II,Shallow,would manage you his piece thus; and a' would about,1786
Act III,Scene II,Shallow,"and about, and come you in and come you in: 'rah,",1787
Act III,Scene II,Shallow,"tah, tah,' would a' say; 'bounce' would a' say; and",1788
Act III,Scene II,Shallow,"away again would a' go, and again would a' come: I",1789
Act III,Scene II,Shallow,shall ne'er see such a fellow.,1790
Act III,Scene II,Falstaff,"These fellows will do well, Master Shallow. God",1791
Act III,Scene II,Falstaff,"keep you, Master Silence: I will not use many words",1792
Act III,Scene II,Falstaff,"with you. Fare you well, gentlemen both: I thank",1793
Act III,Scene II,Falstaff,"you: I must a dozen mile to-night. Bardolph, give",1794
Act III,Scene II,Falstaff,the soldiers coats.,1795
Act III,Scene II,Shallow,"Sir John, the Lord bless you! God prosper your",1796
Act III,Scene II,Shallow,affairs! God send us peace! At your return visit,1797
Act III,Scene II,Shallow,our house; let our old acquaintance be renewed;,1798
Act III,Scene II,Shallow,peradventure I will with ye to the court.,1799
Act III,Scene II,Falstaff,"'Fore God, I would you would, Master Shallow.",1800
Act III,Scene II,Shallow,Go to; I have spoke at a word. God keep you.,1801
Act III,Scene II,Falstaff,"Fare you well, gentle gentlemen.",1802
Act III,Scene II,[stage direction],Exeunt Justices,NA
Act III,Scene II,Falstaff,"On, Bardolph; lead the men away.",1803
Act III,Scene II,[stage direction],"Exeunt BARDOLPH, Recruits,  &amp; c",NA
Act III,Scene II,Falstaff,"As I return, I will fetch off these justices: I do",1804
Act III,Scene II,Falstaff,"see the bottom of Justice Shallow. Lord, Lord, how",1805
Act III,Scene II,Falstaff,subject we old men are to this vice of lying! This,1806
Act III,Scene II,Falstaff,same starved justice hath done nothing but prate to,1807
Act III,Scene II,Falstaff,"me of the wildness of his youth, and the feats he",1808
Act III,Scene II,Falstaff,hath done about Turnbull Street: and every third,1809
Act III,Scene II,Falstaff,"word a lie, duer paid to the hearer than the Turk's",1810
Act III,Scene II,Falstaff,tribute. I do remember him at Clement's Inn like a,1811
Act III,Scene II,Falstaff,man made after supper of a cheese-paring: when a',1812
Act III,Scene II,Falstaff,"was naked, he was, for all the world, like a forked",1813
Act III,Scene II,Falstaff,"radish, with a head fantastically carved upon it",1814
Act III,Scene II,Falstaff,"with a knife: a' was so forlorn, that his",1815
Act III,Scene II,Falstaff,dimensions to any thick sight were invincible: a',1816
Act III,Scene II,Falstaff,was the very genius of famine; yet lecherous as a,1817
Act III,Scene II,Falstaff,"monkey, and the whores called him mandrake: a' came",1818
Act III,Scene II,Falstaff,"ever in the rearward of the fashion, and sung those",1819
Act III,Scene II,Falstaff,tunes to the overscutched huswives that he heard the,1820
Act III,Scene II,Falstaff,"carmen whistle, and swear they were his fancies or",1821
Act III,Scene II,Falstaff,his good-nights. And now is this Vice's dagger,1822
Act III,Scene II,Falstaff,"become a squire, and talks as familiarly of John a",1823
Act III,Scene II,Falstaff,Gaunt as if he had been sworn brother to him; and,1824
Act III,Scene II,Falstaff,I'll be sworn a' ne'er saw him but once in the,1825
Act III,Scene II,Falstaff,Tilt-yard; and then he burst his head for crowding,1826
Act III,Scene II,Falstaff,"among the marshal's men. I saw it, and told John a",1827
Act III,Scene II,Falstaff,Gaunt he beat his own name; for you might have,1828
Act III,Scene II,Falstaff,thrust him and all his apparel into an eel-skin; the,1829
Act III,Scene II,Falstaff,"case of a treble hautboy was a mansion for him, a",1830
Act III,Scene II,Falstaff,"court: and now has he land and beefs. Well, I'll",1831
Act III,Scene II,Falstaff,"be acquainted with him, if I return; and it shall",1832
Act III,Scene II,Falstaff,go hard but I will make him a philosopher's two,1833
Act III,Scene II,Falstaff,stones to me: if the young dace be a bait for the,1834
Act III,Scene II,Falstaff,"old pike, I see no reason in the law of nature but I",1835
Act III,Scene II,Falstaff,"may snap at him. Let time shape, and there an end.",1836
Act III,Scene II,[stage direction],Exit,NA
Act IV,Scene I,[stage direction],"Enter the ARCHBISHOP OF YORK, MOWBRAY, LORD HASTINGS, and others",NA
Act IV,Scene I,Archbishop Of York,What is this forest call'd?,1837
Act IV,Scene I,Hastings,"'Tis Gaultree Forest, an't shall please your grace.",1838
Act IV,Scene I,Archbishop Of York,"Here stand, my lords; and send discoverers forth",1839
Act IV,Scene I,Archbishop Of York,To know the numbers of our enemies.,1840
Act IV,Scene I,Hastings,We have sent forth already.,1841
Act IV,Scene I,Archbishop Of York,'Tis well done.,1842
Act IV,Scene I,Archbishop Of York,"My friends and brethren in these great affairs,",1843
Act IV,Scene I,Archbishop Of York,I must acquaint you that I have received,1844
Act IV,Scene I,Archbishop Of York,New-dated letters from Northumberland;,1845
Act IV,Scene I,Archbishop Of York,"Their cold intent, tenor and substance, thus:",1846
Act IV,Scene I,Archbishop Of York,"Here doth he wish his person, with such powers",1847
Act IV,Scene I,Archbishop Of York,"As might hold sortance with his quality,",1848
Act IV,Scene I,Archbishop Of York,The which he could not levy; whereupon,1849
Act IV,Scene I,Archbishop Of York,"He is retired, to ripe his growing fortunes,",1850
Act IV,Scene I,Archbishop Of York,To Scotland: and concludes in hearty prayers,1851
Act IV,Scene I,Archbishop Of York,That your attempts may overlive the hazard,1852
Act IV,Scene I,Archbishop Of York,And fearful melting of their opposite.,1853
Act IV,Scene I,Mowbray,Thus do the hopes we have in him touch ground,1854
Act IV,Scene I,Mowbray,And dash themselves to pieces.,1855
Act IV,Scene I,[stage direction],Enter a Messenger,NA
Act IV,Scene I,Hastings,"Now, what news?",1856
Act IV,Scene I,Messenger,"West of this forest, scarcely off a mile,",1857
Act IV,Scene I,Messenger,In goodly form comes on the enemy;,1858
Act IV,Scene I,Messenger,"And, by the ground they hide, I judge their number",1859
Act IV,Scene I,Messenger,Upon or near the rate of thirty thousand.,1860
Act IV,Scene I,Mowbray,The just proportion that we gave them out,1861
Act IV,Scene I,Mowbray,Let us sway on and face them in the field.,1862
Act IV,Scene I,Archbishop Of York,What well-appointed leader fronts us here?,1863
Act IV,Scene I,[stage direction],Enter WESTMORELAND,NA
Act IV,Scene I,Mowbray,I think it is my Lord of Westmoreland.,1864
Act IV,Scene I,Westmoreland,"Health and fair greeting from our general,",1865
Act IV,Scene I,Westmoreland,"The prince, Lord John and Duke of Lancaster.",1866
Act IV,Scene I,Archbishop Of York,"Say on, my Lord of Westmoreland, in peace:",1867
Act IV,Scene I,Archbishop Of York,What doth concern your coming?,1868
Act IV,Scene I,Westmoreland,"Then, my lord,",1869
Act IV,Scene I,Westmoreland,Unto your grace do I in chief address,1870
Act IV,Scene I,Westmoreland,The substance of my speech. If that rebellion,1871
Act IV,Scene I,Westmoreland,"Came like itself, in base and abject routs,",1872
Act IV,Scene I,Westmoreland,"Led on by bloody youth, guarded with rags,",1873
Act IV,Scene I,Westmoreland,"And countenanced by boys and beggary,",1874
Act IV,Scene I,Westmoreland,"I say, if damn'd commotion so appear'd,",1875
Act IV,Scene I,Westmoreland,"In his true, native and most proper shape,",1876
Act IV,Scene I,Westmoreland,"You, reverend father, and these noble lords",1877
Act IV,Scene I,Westmoreland,"Had not been here, to dress the ugly form",1878
Act IV,Scene I,Westmoreland,Of base and bloody insurrection,1879
Act IV,Scene I,Westmoreland,"With your fair honours. You, lord archbishop,",1880
Act IV,Scene I,Westmoreland,"Whose see is by a civil peace maintained,",1881
Act IV,Scene I,Westmoreland,"Whose beard the silver hand of peace hath touch'd,",1882
Act IV,Scene I,Westmoreland,"Whose learning and good letters peace hath tutor'd,",1883
Act IV,Scene I,Westmoreland,"Whose white investments figure innocence,",1884
Act IV,Scene I,Westmoreland,"The dove and very blessed spirit of peace,",1885
Act IV,Scene I,Westmoreland,Wherefore do you so ill translate ourself,1886
Act IV,Scene I,Westmoreland,"Out of the speech of peace that bears such grace,",1887
Act IV,Scene I,Westmoreland,Into the harsh and boisterous tongue of war;,1888
Act IV,Scene I,Westmoreland,"Turning your books to graves, your ink to blood,",1889
Act IV,Scene I,Westmoreland,Your pens to lances and your tongue divine,1890
Act IV,Scene I,Westmoreland,To a trumpet and a point of war?,1891
Act IV,Scene I,Archbishop Of York,Wherefore do I this? so the question stands.,1892
Act IV,Scene I,Archbishop Of York,"Briefly to this end: we are all diseased,",1893
Act IV,Scene I,Archbishop Of York,And with our surfeiting and wanton hours,1894
Act IV,Scene I,Archbishop Of York,"Have brought ourselves into a burning fever,",1895
Act IV,Scene I,Archbishop Of York,And we must bleed for it; of which disease,1896
Act IV,Scene I,Archbishop Of York,"Our late king, Richard, being infected, died.",1897
Act IV,Scene I,Archbishop Of York,"But, my most noble Lord of Westmoreland,",1898
Act IV,Scene I,Archbishop Of York,"I take not on me here as a physician,",1899
Act IV,Scene I,Archbishop Of York,Nor do I as an enemy to peace,1900
Act IV,Scene I,Archbishop Of York,Troop in the throngs of military men;,1901
Act IV,Scene I,Archbishop Of York,"But rather show awhile like fearful war,",1902
Act IV,Scene I,Archbishop Of York,To diet rank minds sick of happiness,1903
Act IV,Scene I,Archbishop Of York,And purge the obstructions which begin to stop,1904
Act IV,Scene I,Archbishop Of York,Our very veins of life. Hear me more plainly.,1905
Act IV,Scene I,Archbishop Of York,I have in equal balance justly weigh'd,1906
Act IV,Scene I,Archbishop Of York,"What wrongs our arms may do, what wrongs we suffer,",1907
Act IV,Scene I,Archbishop Of York,And find our griefs heavier than our offences.,1908
Act IV,Scene I,Archbishop Of York,"We see which way the stream of time doth run,",1909
Act IV,Scene I,Archbishop Of York,And are enforced from our most quiet there,1910
Act IV,Scene I,Archbishop Of York,By the rough torrent of occasion;,1911
Act IV,Scene I,Archbishop Of York,"And have the summary of all our griefs,",1912
Act IV,Scene I,Archbishop Of York,"When time shall serve, to show in articles;",1913
Act IV,Scene I,Archbishop Of York,"Which long ere this we offer'd to the king,",1914
Act IV,Scene I,Archbishop Of York,And might by no suit gain our audience:,1915
Act IV,Scene I,Archbishop Of York,"When we are wrong'd and would unfold our griefs,",1916
Act IV,Scene I,Archbishop Of York,We are denied access unto his person,1917
Act IV,Scene I,Archbishop Of York,Even by those men that most have done us wrong.,1918
Act IV,Scene I,Archbishop Of York,"The dangers of the days but newly gone,",1919
Act IV,Scene I,Archbishop Of York,Whose memory is written on the earth,1920
Act IV,Scene I,Archbishop Of York,"With yet appearing blood, and the examples",1921
Act IV,Scene I,Archbishop Of York,"Of every minute's instance, present now,",1922
Act IV,Scene I,Archbishop Of York,"Hath put us in these ill-beseeming arms,",1923
Act IV,Scene I,Archbishop Of York,"Not to break peace or any branch of it,",1924
Act IV,Scene I,Archbishop Of York,"But to establish here a peace indeed,",1925
Act IV,Scene I,Archbishop Of York,Concurring both in name and quality.,1926
Act IV,Scene I,Westmoreland,When ever yet was your appeal denied?,1927
Act IV,Scene I,Westmoreland,Wherein have you been galled by the king?,1928
Act IV,Scene I,Westmoreland,"What peer hath been suborn'd to grate on you,",1929
Act IV,Scene I,Westmoreland,That you should seal this lawless bloody book,1930
Act IV,Scene I,Westmoreland,Of forged rebellion with a seal divine,1931
Act IV,Scene I,Westmoreland,And consecrate commotion's bitter edge?,1932
Act IV,Scene I,Archbishop Of York,"My brother general, the commonwealth,",1933
Act IV,Scene I,Archbishop Of York,"To brother born an household cruelty,",1934
Act IV,Scene I,Archbishop Of York,I make my quarrel in particular.,1935
Act IV,Scene I,Westmoreland,There is no need of any such redress;,1936
Act IV,Scene I,Westmoreland,"Or if there were, it not belongs to you.",1937
Act IV,Scene I,Mowbray,"Why not to him in part, and to us all",1938
Act IV,Scene I,Mowbray,"That feel the bruises of the days before,",1939
Act IV,Scene I,Mowbray,And suffer the condition of these times,1940
Act IV,Scene I,Mowbray,To lay a heavy and unequal hand,1941
Act IV,Scene I,Mowbray,Upon our honours?,1942
Act IV,Scene I,Westmoreland,"O, my good Lord Mowbray,",1943
Act IV,Scene I,Westmoreland,"Construe the times to their necessities,",1944
Act IV,Scene I,Westmoreland,"And you shall say indeed, it is the time,",1945
Act IV,Scene I,Westmoreland,"And not the king, that doth you injuries.",1946
Act IV,Scene I,Westmoreland,"Yet for your part, it not appears to me",1947
Act IV,Scene I,Westmoreland,Either from the king or in the present time,1948
Act IV,Scene I,Westmoreland,That you should have an inch of any ground,1949
Act IV,Scene I,Westmoreland,To build a grief on: were you not restored,1950
Act IV,Scene I,Westmoreland,"To all the Duke of Norfolk's signories,",1951
Act IV,Scene I,Westmoreland,Your noble and right well remember'd father's?,1952
Act IV,Scene I,Mowbray,"What thing, in honour, had my father lost,",1953
Act IV,Scene I,Mowbray,That need to be revived and breathed in me?,1954
Act IV,Scene I,Mowbray,"The king that loved him, as the state stood then,",1955
Act IV,Scene I,Mowbray,Was force perforce compell'd to banish him:,1956
Act IV,Scene I,Mowbray,"And then that Harry Bolingbroke and he,",1957
Act IV,Scene I,Mowbray,"Being mounted and both roused in their seats,",1958
Act IV,Scene I,Mowbray,"Their neighing coursers daring of the spur,",1959
Act IV,Scene I,Mowbray,"Their armed staves in charge, their beavers down,",1960
Act IV,Scene I,Mowbray,Their eyes of fire sparking through sights of steel,1961
Act IV,Scene I,Mowbray,"And the loud trumpet blowing them together,",1962
Act IV,Scene I,Mowbray,"Then, then, when there was nothing could have stay'd",1963
Act IV,Scene I,Mowbray,"My father from the breast of Bolingbroke,",1964
Act IV,Scene I,Mowbray,"O when the king did throw his warder down,",1965
Act IV,Scene I,Mowbray,His own life hung upon the staff he threw;,1966
Act IV,Scene I,Mowbray,Then threw he down himself and all their lives,1967
Act IV,Scene I,Mowbray,That by indictment and by dint of sword,1968
Act IV,Scene I,Mowbray,Have since miscarried under Bolingbroke.,1969
Act IV,Scene I,Westmoreland,"You speak, Lord Mowbray, now you know not what.",1970
Act IV,Scene I,Westmoreland,The Earl of Hereford was reputed then,1971
Act IV,Scene I,Westmoreland,In England the most valiant gentlemen:,1972
Act IV,Scene I,Westmoreland,Who knows on whom fortune would then have smiled?,1973
Act IV,Scene I,Westmoreland,"But if your father had been victor there,",1974
Act IV,Scene I,Westmoreland,He ne'er had borne it out of Coventry:,1975
Act IV,Scene I,Westmoreland,For all the country in a general voice,1976
Act IV,Scene I,Westmoreland,Cried hate upon him; and all their prayers and love,1977
Act IV,Scene I,Westmoreland,"Were set on Hereford, whom they doted on",1978
Act IV,Scene I,Westmoreland,"And bless'd and graced indeed, more than the king.",1979
Act IV,Scene I,Westmoreland,But this is mere digression from my purpose.,1980
Act IV,Scene I,Westmoreland,Here come I from our princely general,1981
Act IV,Scene I,Westmoreland,To know your griefs; to tell you from his grace,1982
Act IV,Scene I,Westmoreland,That he will give you audience; and wherein,1983
Act IV,Scene I,Westmoreland,"It shall appear that your demands are just,",1984
Act IV,Scene I,Westmoreland,"You shall enjoy them, every thing set off",1985
Act IV,Scene I,Westmoreland,That might so much as think you enemies.,1986
Act IV,Scene I,Mowbray,But he hath forced us to compel this offer;,1987
Act IV,Scene I,Mowbray,"And it proceeds from policy, not love.",1988
Act IV,Scene I,Westmoreland,"Mowbray, you overween to take it so;",1989
Act IV,Scene I,Westmoreland,"This offer comes from mercy, not from fear:",1990
Act IV,Scene I,Westmoreland,"For, lo! within a ken our army lies,",1991
Act IV,Scene I,Westmoreland,"Upon mine honour, all too confident",1992
Act IV,Scene I,Westmoreland,To give admittance to a thought of fear.,1993
Act IV,Scene I,Westmoreland,"Our battle is more full of names than yours,",1994
Act IV,Scene I,Westmoreland,"Our men more perfect in the use of arms,",1995
Act IV,Scene I,Westmoreland,"Our armour all as strong, our cause the best;",1996
Act IV,Scene I,Westmoreland,Then reason will our heart should be as good,1997
Act IV,Scene I,Westmoreland,Say you not then our offer is compell'd.,1998
Act IV,Scene I,Mowbray,"Well, by my will we shall admit no parley.",1999
Act IV,Scene I,Westmoreland,That argues but the shame of your offence:,2000
Act IV,Scene I,Westmoreland,A rotten case abides no handling.,2001
Act IV,Scene I,Hastings,"Hath the Prince John a full commission,",2002
Act IV,Scene I,Hastings,"In very ample virtue of his father,",2003
Act IV,Scene I,Hastings,To hear and absolutely to determine,2004
Act IV,Scene I,Hastings,Of what conditions we shall stand upon?,2005
Act IV,Scene I,Westmoreland,That is intended in the general's name:,2006
Act IV,Scene I,Westmoreland,I muse you make so slight a question.,2007
Act IV,Scene I,Archbishop Of York,"Then take, my Lord of Westmoreland, this schedule,",2008
Act IV,Scene I,Archbishop Of York,For this contains our general grievances:,2009
Act IV,Scene I,Archbishop Of York,"Each several article herein redress'd,",2010
Act IV,Scene I,Archbishop Of York,"All members of our cause, both here and hence,",2011
Act IV,Scene I,Archbishop Of York,"That are insinew'd to this action,",2012
Act IV,Scene I,Archbishop Of York,Acquitted by a true substantial form,2013
Act IV,Scene I,Archbishop Of York,And present execution of our wills,2014
Act IV,Scene I,Archbishop Of York,"To us and to our purposes confined,",2015
Act IV,Scene I,Archbishop Of York,We come within our awful banks again,2016
Act IV,Scene I,Archbishop Of York,And knit our powers to the arm of peace.,2017
Act IV,Scene I,Westmoreland,"This will I show the general. Please you, lords,",2018
Act IV,Scene I,Westmoreland,In sight of both our battles we may meet;,2019
Act IV,Scene I,Westmoreland,"And either end in peace, which God so frame!",2020
Act IV,Scene I,Westmoreland,Or to the place of difference call the swords,2021
Act IV,Scene I,Westmoreland,Which must decide it.,2022
Act IV,Scene I,Archbishop Of York,"My lord, we will do so.",2023
Act IV,Scene I,[stage direction],Exit WESTMORELAND,NA
Act IV,Scene I,Mowbray,There is a thing within my bosom tells me,2024
Act IV,Scene I,Mowbray,That no conditions of our peace can stand.,2025
Act IV,Scene I,Hastings,Fear you not that: if we can make our peace,2026
Act IV,Scene I,Hastings,Upon such large terms and so absolute,2027
Act IV,Scene I,Hastings,"As our conditions shall consist upon,",2028
Act IV,Scene I,Hastings,Our peace shall stand as firm as rocky mountains.,2029
Act IV,Scene I,Mowbray,"Yea, but our valuation shall be such",2030
Act IV,Scene I,Mowbray,"That every slight and false-derived cause,",2031
Act IV,Scene I,Mowbray,"Yea, every idle, nice and wanton reason",2032
Act IV,Scene I,Mowbray,Shall to the king taste of this action;,2033
Act IV,Scene I,Mowbray,"That, were our royal faiths martyrs in love,",2034
Act IV,Scene I,Mowbray,We shall be winnow'd with so rough a wind,2035
Act IV,Scene I,Mowbray,That even our corn shall seem as light as chaff,2036
Act IV,Scene I,Mowbray,And good from bad find no partition.,2037
Act IV,Scene I,Archbishop Of York,"No, no, my lord. Note this; the king is weary",2038
Act IV,Scene I,Archbishop Of York,Of dainty and such picking grievances:,2039
Act IV,Scene I,Archbishop Of York,For he hath found to end one doubt by death,2040
Act IV,Scene I,Archbishop Of York,"Revives two greater in the heirs of life,",2041
Act IV,Scene I,Archbishop Of York,And therefore will he wipe his tables clean,2042
Act IV,Scene I,Archbishop Of York,And keep no tell-tale to his memory,2043
Act IV,Scene I,Archbishop Of York,That may repeat and history his loss,2044
Act IV,Scene I,Archbishop Of York,To new remembrance; for full well he knows,2045
Act IV,Scene I,Archbishop Of York,He cannot so precisely weed this land,2046
Act IV,Scene I,Archbishop Of York,As his misdoubts present occasion:,2047
Act IV,Scene I,Archbishop Of York,His foes are so enrooted with his friends,2048
Act IV,Scene I,Archbishop Of York,"That, plucking to unfix an enemy,",2049
Act IV,Scene I,Archbishop Of York,He doth unfasten so and shake a friend:,2050
Act IV,Scene I,Archbishop Of York,"So that this land, like an offensive wife",2051
Act IV,Scene I,Archbishop Of York,"That hath enraged him on to offer strokes,",2052
Act IV,Scene I,Archbishop Of York,"As he is striking, holds his infant up",2053
Act IV,Scene I,Archbishop Of York,And hangs resolved correction in the arm,2054
Act IV,Scene I,Archbishop Of York,That was uprear'd to execution.,2055
Act IV,Scene I,Hastings,"Besides, the king hath wasted all his rods",2056
Act IV,Scene I,Hastings,"On late offenders, that he now doth lack",2057
Act IV,Scene I,Hastings,The very instruments of chastisement:,2058
Act IV,Scene I,Hastings,"So that his power, like to a fangless lion,",2059
Act IV,Scene I,Hastings,"May offer, but not hold.",2060
Act IV,Scene I,Archbishop Of York,'Tis very true:,2061
Act IV,Scene I,Archbishop Of York,"And therefore be assured, my good lord marshal,",2062
Act IV,Scene I,Archbishop Of York,"If we do now make our atonement well,",2063
Act IV,Scene I,Archbishop Of York,"Our peace will, like a broken limb united,",2064
Act IV,Scene I,Archbishop Of York,Grow stronger for the breaking.,2065
Act IV,Scene I,Mowbray,Be it so.,2066
Act IV,Scene I,Mowbray,Here is return'd my Lord of Westmoreland.,2067
Act IV,Scene I,[stage direction],Re-enter WESTMORELAND,NA
Act IV,Scene I,Westmoreland,The prince is here at hand: pleaseth your lordship,2068
Act IV,Scene I,Westmoreland,To meet his grace just distance 'tween our armies.,2069
Act IV,Scene I,Mowbray,"Your grace of York, in God's name then, set forward.",2070
Act IV,Scene I,Archbishop Of York,"Before, and greet his grace: my lord, we come.",2071
Act IV,Scene I,[stage direction],Exeunt,NA
Act IV,Scene II,[stage direction],"Enter, from one side, MOWBRAY, attended; afterwards  the ARCHBISHOP OF YORK, HASTINGS, and others: from  the other side, Prince John of LANCASTER, and WESTMORELAND; Officers, and others with them",NA
Act IV,Scene II,Lancaster,"You are well encounter'd here, my cousin Mowbray:",2072
Act IV,Scene II,Lancaster,"Good day to you, gentle lord archbishop;",2073
Act IV,Scene II,Lancaster,"And so to you, Lord Hastings, and to all.",2074
Act IV,Scene II,Lancaster,"My Lord of York, it better show'd with you",2075
Act IV,Scene II,Lancaster,"When that your flock, assembled by the bell,",2076
Act IV,Scene II,Lancaster,Encircled you to hear with reverence,2077
Act IV,Scene II,Lancaster,Your exposition on the holy text,2078
Act IV,Scene II,Lancaster,"Than now to see you here an iron man,",2079
Act IV,Scene II,Lancaster,"Cheering a rout of rebels with your drum,",2080
Act IV,Scene II,Lancaster,Turning the word to sword and life to death.,2081
Act IV,Scene II,Lancaster,"That man that sits within a monarch's heart,",2082
Act IV,Scene II,Lancaster,"And ripens in the sunshine of his favour,",2083
Act IV,Scene II,Lancaster,"Would he abuse the countenance of the king,",2084
Act IV,Scene II,Lancaster,"Alack, what mischiefs might he set abrooch",2085
Act IV,Scene II,Lancaster,"In shadow of such greatness! With you, lord bishop,",2086
Act IV,Scene II,Lancaster,It is even so. Who hath not heard it spoken,2087
Act IV,Scene II,Lancaster,How deep you were within the books of God?,2088
Act IV,Scene II,Lancaster,To us the speaker in his parliament;,2089
Act IV,Scene II,Lancaster,To us the imagined voice of God himself;,2090
Act IV,Scene II,Lancaster,The very opener and intelligencer,2091
Act IV,Scene II,Lancaster,"Between the grace, the sanctities of heaven",2092
Act IV,Scene II,Lancaster,"And our dull workings. O, who shall believe",2093
Act IV,Scene II,Lancaster,"But you misuse the reverence of your place,",2094
Act IV,Scene II,Lancaster,"Employ the countenance and grace of heaven,",2095
Act IV,Scene II,Lancaster,"As a false favourite doth his prince's name,",2096
Act IV,Scene II,Lancaster,"In deeds dishonourable? You have ta'en up,",2097
Act IV,Scene II,Lancaster,"Under the counterfeited zeal of God,",2098
Act IV,Scene II,Lancaster,"The subjects of his substitute, my father,",2099
Act IV,Scene II,Lancaster,And both against the peace of heaven and him,2100
Act IV,Scene II,Lancaster,Have here up-swarm'd them.,2101
Act IV,Scene II,Archbishop Of York,"Good my Lord of Lancaster,",2102
Act IV,Scene II,Archbishop Of York,I am not here against your father's peace;,2103
Act IV,Scene II,Archbishop Of York,"But, as I told my lord of Westmoreland,",2104
Act IV,Scene II,Archbishop Of York,"The time misorder'd doth, in common sense,",2105
Act IV,Scene II,Archbishop Of York,"Crowd us and crush us to this monstrous form,",2106
Act IV,Scene II,Archbishop Of York,To hold our safety up. I sent your grace,2107
Act IV,Scene II,Archbishop Of York,"The parcels and particulars of our grief,",2108
Act IV,Scene II,Archbishop Of York,"The which hath been with scorn shoved from the court,",2109
Act IV,Scene II,Archbishop Of York,Whereon this Hydra son of war is born;,2110
Act IV,Scene II,Archbishop Of York,Whose dangerous eyes may well be charm'd asleep,2111
Act IV,Scene II,Archbishop Of York,"With grant of our most just and right desires,",2112
Act IV,Scene II,Archbishop Of York,"And true obedience, of this madness cured,",2113
Act IV,Scene II,Archbishop Of York,Stoop tamely to the foot of majesty.,2114
Act IV,Scene II,Mowbray,"If not, we ready are to try our fortunes",2115
Act IV,Scene II,Mowbray,To the last man.,2116
Act IV,Scene II,Hastings,"And though we here fall down,",2117
Act IV,Scene II,Hastings,We have supplies to second our attempt:,2118
Act IV,Scene II,Hastings,"If they miscarry, theirs shall second them;",2119
Act IV,Scene II,Hastings,And so success of mischief shall be born,2120
Act IV,Scene II,Hastings,And heir from heir shall hold this quarrel up,2121
Act IV,Scene II,Hastings,Whiles England shall have generation.,2122
Act IV,Scene II,Lancaster,"You are too shallow, Hastings, much too shallow,",2123
Act IV,Scene II,Lancaster,To sound the bottom of the after-times.,2124
Act IV,Scene II,Westmoreland,Pleaseth your grace to answer them directly,2125
Act IV,Scene II,Westmoreland,How far forth you do like their articles.,2126
Act IV,Scene II,Lancaster,"I like them all, and do allow them well,",2127
Act IV,Scene II,Lancaster,"And swear here, by the honour of my blood,",2128
Act IV,Scene II,Lancaster,"My father's purposes have been mistook,",2129
Act IV,Scene II,Lancaster,And some about him have too lavishly,2130
Act IV,Scene II,Lancaster,Wrested his meaning and authority.,2131
Act IV,Scene II,Lancaster,"My lord, these griefs shall be with speed redress'd;",2132
Act IV,Scene II,Lancaster,"Upon my soul, they shall. If this may please you,",2133
Act IV,Scene II,Lancaster,"Discharge your powers unto their several counties,",2134
Act IV,Scene II,Lancaster,As we will ours: and here between the armies,2135
Act IV,Scene II,Lancaster,"Let's drink together friendly and embrace,",2136
Act IV,Scene II,Lancaster,That all their eyes may bear those tokens home,2137
Act IV,Scene II,Lancaster,Of our restored love and amity.,2138
Act IV,Scene II,Archbishop Of York,I take your princely word for these redresses.,2139
Act IV,Scene II,Lancaster,"I give it you, and will maintain my word:",2140
Act IV,Scene II,Lancaster,And thereupon I drink unto your grace.,2141
Act IV,Scene II,Hastings,"Go, captain, and deliver to the army",2142
Act IV,Scene II,Hastings,"This news of peace: let them have pay, and part:",2143
Act IV,Scene II,Hastings,"I know it will well please them. Hie thee, captain.",2144
Act IV,Scene II,[stage direction],Exit Officer,NA
Act IV,Scene II,Archbishop Of York,"To you, my noble Lord of Westmoreland.",2145
Act IV,Scene II,Westmoreland,"I pledge your grace; and, if you knew what pains",2146
Act IV,Scene II,Westmoreland,"I have bestow'd to breed this present peace,",2147
Act IV,Scene II,Westmoreland,You would drink freely: but my love to ye,2148
Act IV,Scene II,Westmoreland,Shall show itself more openly hereafter.,2149
Act IV,Scene II,Archbishop Of York,I do not doubt you.,2150
Act IV,Scene II,Westmoreland,I am glad of it.,2151
Act IV,Scene II,Westmoreland,"Health to my lord and gentle cousin, Mowbray.",2152
Act IV,Scene II,Mowbray,You wish me health in very happy season;,2153
Act IV,Scene II,Mowbray,"For I am, on the sudden, something ill.",2154
Act IV,Scene II,Archbishop Of York,Against ill chances men are ever merry;,2155
Act IV,Scene II,Archbishop Of York,But heaviness foreruns the good event.,2156
Act IV,Scene II,Westmoreland,"Therefore be merry, coz; since sudden sorrow",2157
Act IV,Scene II,Westmoreland,"Serves to say thus, 'some good thing comes",2158
Act IV,Scene II,Westmoreland,to-morrow.',2159
Act IV,Scene II,Archbishop Of York,"Believe me, I am passing light in spirit.",2160
Act IV,Scene II,Mowbray,"So much the worse, if your own rule be true.",2161
Act IV,Scene II,[stage direction],Shouts within,NA
Act IV,Scene II,Lancaster,"The word of peace is render'd: hark, how they shout!",2162
Act IV,Scene II,Mowbray,This had been cheerful after victory.,2163
Act IV,Scene II,Archbishop Of York,A peace is of the nature of a conquest;,2164
Act IV,Scene II,Archbishop Of York,"For then both parties nobly are subdued,",2165
Act IV,Scene II,Archbishop Of York,And neither party loser.,2166
Act IV,Scene II,Lancaster,"Go, my lord,",2167
Act IV,Scene II,Lancaster,And let our army be discharged too.,2168
Act IV,Scene II,[stage direction],Exit WESTMORELAND,NA
Act IV,Scene II,Lancaster,"And, good my lord, so please you, let our trains",2169
Act IV,Scene II,Lancaster,"March, by us, that we may peruse the men",2170
Act IV,Scene II,Lancaster,We should have coped withal.,2171
Act IV,Scene II,Archbishop Of York,"Go, good Lord Hastings,",2172
Act IV,Scene II,Archbishop Of York,"And, ere they be dismissed, let them march by.",2173
Act IV,Scene II,[stage direction],Exit HASTINGS,NA
Act IV,Scene II,Lancaster,"I trust, lords, we shall lie to-night together.",2174
Act IV,Scene II,[stage direction],Re-enter WESTMORELAND,NA
Act IV,Scene II,Lancaster,"Now, cousin, wherefore stands our army still?",2175
Act IV,Scene II,Westmoreland,"The leaders, having charge from you to stand,",2176
Act IV,Scene II,Westmoreland,Will not go off until they hear you speak.,2177
Act IV,Scene II,Lancaster,They know their duties.,2178
Act IV,Scene II,[stage direction],Re-enter HASTINGS,NA
Act IV,Scene II,Hastings,"My lord, our army is dispersed already;",2179
Act IV,Scene II,Hastings,"Like youthful steers unyoked, they take their courses",2180
Act IV,Scene II,Hastings,"East, west, north, south; or, like a school broke up,",2181
Act IV,Scene II,Hastings,Each hurries toward his home and sporting-place.,2182
Act IV,Scene II,Westmoreland,"Good tidings, my Lord Hastings; for the which",2183
Act IV,Scene II,Westmoreland,"I do arrest thee, traitor, of high treason:",2184
Act IV,Scene II,Westmoreland,"And you, lord archbishop, and you, Lord Mowbray,",2185
Act IV,Scene II,Westmoreland,Of capitol treason I attach you both.,2186
Act IV,Scene II,Mowbray,Is this proceeding just and honourable?,2187
Act IV,Scene II,Westmoreland,Is your assembly so?,2188
Act IV,Scene II,Archbishop Of York,Will you thus break your faith?,2189
Act IV,Scene II,Lancaster,I pawn'd thee none:,2190
Act IV,Scene II,Lancaster,I promised you redress of these same grievances,2191
Act IV,Scene II,Lancaster,"Whereof you did complain; which, by mine honour,",2192
Act IV,Scene II,Lancaster,I will perform with a most Christian care.,2193
Act IV,Scene II,Lancaster,"But for you, rebels, look to taste the due",2194
Act IV,Scene II,Lancaster,Meet for rebellion and such acts as yours.,2195
Act IV,Scene II,Lancaster,"Most shallowly did you these arms commence,",2196
Act IV,Scene II,Lancaster,Fondly brought here and foolishly sent hence.,2197
Act IV,Scene II,Lancaster,"Strike up our drums, pursue the scatter'd stray:",2198
Act IV,Scene II,Lancaster,"God, and not we, hath safely fought to-day.",2199
Act IV,Scene II,Lancaster,"Some guard these traitors to the block of death,",2200
Act IV,Scene II,Lancaster,Treason's true bed and yielder up of breath.,2201
Act IV,Scene II,[stage direction],Exeunt,NA
Act IV,Scene III,[stage direction],"Alarum. Excursions. Enter FALSTAFF and COLEVILE, meeting",NA
Act IV,Scene III,Falstaff,"What's your name, sir? of what condition are you,",2202
Act IV,Scene III,Falstaff,"and of what place, I pray?",2203
Act IV,Scene III,Colevile,"I am a knight, sir, and my name is Colevile of the dale.",2204
Act IV,Scene III,Falstaff,"Well, then, Colevile is your name, a knight is your",2205
Act IV,Scene III,Falstaff,"degree, and your place the dale: Colevile shall be",2206
Act IV,Scene III,Falstaff,"still your name, a traitor your degree, and the",2207
Act IV,Scene III,Falstaff,"dungeon your place, a place deep enough; so shall",2208
Act IV,Scene III,Falstaff,you be still Colevile of the dale.,2209
Act IV,Scene III,Colevile,Are not you Sir John Falstaff?,2210
Act IV,Scene III,Falstaff,"As good a man as he, sir, whoe'er I am. Do ye",2211
Act IV,Scene III,Falstaff,"yield, sir? or shall I sweat for you? if I do",2212
Act IV,Scene III,Falstaff,"sweat, they are the drops of thy lovers, and they",2213
Act IV,Scene III,Falstaff,weep for thy death: therefore rouse up fear and,2214
Act IV,Scene III,Falstaff,"trembling, and do observance to my mercy.",2215
Act IV,Scene III,Colevile,"I think you are Sir John Falstaff, and in that",2216
Act IV,Scene III,Colevile,thought yield me.,2217
Act IV,Scene III,Falstaff,I have a whole school of tongues in this belly of,2218
Act IV,Scene III,Falstaff,"mine, and not a tongue of them all speaks any other",2219
Act IV,Scene III,Falstaff,word but my name. An I had but a belly of any,2220
Act IV,Scene III,Falstaff,"indifference, I were simply the most active fellow",2221
Act IV,Scene III,Falstaff,"in Europe: my womb, my womb, my womb, undoes me.",2222
Act IV,Scene III,Falstaff,Here comes our general.,2223
Act IV,Scene III,[stage direction],"Enter PRINCE JOHN OF LANCASTER, WESTMORELAND, BLUNT, and others",NA
Act IV,Scene III,Lancaster,The heat is past; follow no further now:,2224
Act IV,Scene III,Lancaster,"Call in the powers, good cousin Westmoreland.",2225
Act IV,Scene III,[stage direction],Exit WESTMORELAND,NA
Act IV,Scene III,Lancaster,"Now, Falstaff, where have you been all this while?",2226
Act IV,Scene III,Lancaster,"When every thing is ended, then you come:",2227
Act IV,Scene III,Lancaster,"These tardy tricks of yours will, on my life,",2228
Act IV,Scene III,Lancaster,One time or other break some gallows' back.,2229
Act IV,Scene III,Falstaff,"I would be sorry, my lord, but it should be thus: I",2230
Act IV,Scene III,Falstaff,never knew yet but rebuke and cheque was the reward,2231
Act IV,Scene III,Falstaff,"of valour. Do you think me a swallow, an arrow, or a",2232
Act IV,Scene III,Falstaff,"bullet? have I, in my poor and old motion, the",2233
Act IV,Scene III,Falstaff,expedition of thought? I have speeded hither with,2234
Act IV,Scene III,Falstaff,the very extremest inch of possibility; I have,2235
Act IV,Scene III,Falstaff,"foundered nine score and odd posts: and here,",2236
Act IV,Scene III,Falstaff,"travel-tainted as I am, have in my pure and",2237
Act IV,Scene III,Falstaff,"immaculate valour, taken Sir John Colevile of the",2238
Act IV,Scene III,Falstaff,"dale, a most furious knight and valorous enemy.",2239
Act IV,Scene III,Falstaff,"But what of that? he saw me, and yielded; that I",2240
Act IV,Scene III,Falstaff,"may justly say, with the hook-nosed fellow of Rome,",2241
Act IV,Scene III,Falstaff,"'I came, saw, and overcame.'",2242
Act IV,Scene III,Lancaster,It was more of his courtesy than your deserving.,2243
Act IV,Scene III,Falstaff,"I know not: here he is, and here I yield him: and",2244
Act IV,Scene III,Falstaff,"I beseech your grace, let it be booked with the",2245
Act IV,Scene III,Falstaff,"rest of this day's deeds; or, by the Lord, I will",2246
Act IV,Scene III,Falstaff,"have it in a particular ballad else, with mine own",2247
Act IV,Scene III,Falstaff,"picture on the top on't, Colevile kissing my foot:",2248
Act IV,Scene III,Falstaff,"to the which course if I be enforced, if you do not",2249
Act IV,Scene III,Falstaff,"all show like gilt twopences to me, and I in the",2250
Act IV,Scene III,Falstaff,clear sky of fame o'ershine you as much as the full,2251
Act IV,Scene III,Falstaff,"moon doth the cinders of the element, which show",2252
Act IV,Scene III,Falstaff,"like pins' heads to her, believe not the word of",2253
Act IV,Scene III,Falstaff,"the noble: therefore let me have right, and let",2254
Act IV,Scene III,Falstaff,desert mount.,2255
Act IV,Scene III,Lancaster,Thine's too heavy to mount.,2256
Act IV,Scene III,Falstaff,"Let it shine, then.",2257
Act IV,Scene III,Lancaster,Thine's too thick to shine.,2258
Act IV,Scene III,Falstaff,"Let it do something, my good lord, that may do me",2259
Act IV,Scene III,Falstaff,"good, and call it what you will.",2260
Act IV,Scene III,Lancaster,Is thy name Colevile?,2261
Act IV,Scene III,Colevile,"It is, my lord.",2262
Act IV,Scene III,Lancaster,"A famous rebel art thou, Colevile.",2263
Act IV,Scene III,Falstaff,And a famous true subject took him.,2264
Act IV,Scene III,Colevile,"I am, my lord, but as my betters are",2265
Act IV,Scene III,Colevile,"That led me hither: had they been ruled by me,",2266
Act IV,Scene III,Colevile,You should have won them dearer than you have.,2267
Act IV,Scene III,Falstaff,"I know not how they sold themselves: but thou, like",2268
Act IV,Scene III,Falstaff,"a kind fellow, gavest thyself away gratis; and I",2269
Act IV,Scene III,Falstaff,thank thee for thee.,2270
Act IV,Scene III,[stage direction],Re-enter WESTMORELAND,NA
Act IV,Scene III,Lancaster,"Now, have you left pursuit?",2271
Act IV,Scene III,Westmoreland,Retreat is made and execution stay'd.,2272
Act IV,Scene III,Lancaster,Send Colevile with his confederates,2273
Act IV,Scene III,Lancaster,"To York, to present execution:",2274
Act IV,Scene III,Lancaster,"Blunt, lead him hence; and see you guard him sure.",2275
Act IV,Scene III,[stage direction],Exeunt BLUNT and others with COLEVILE,NA
Act IV,Scene III,Lancaster,"And now dispatch we toward the court, my lords:",2276
Act IV,Scene III,Lancaster,I hear the king my father is sore sick:,2277
Act IV,Scene III,Lancaster,"Our news shall go before us to his majesty,",2278
Act IV,Scene III,Lancaster,"Which, cousin, you shall bear to comfort him,",2279
Act IV,Scene III,Lancaster,And we with sober speed will follow you.,2280
Act IV,Scene III,Falstaff,"My lord, I beseech you, give me leave to go",2281
Act IV,Scene III,Falstaff,"Through Gloucestershire: and, when you come to court,",2282
Act IV,Scene III,Falstaff,"Stand my good lord, pray, in your good report.",2283
Act IV,Scene III,Lancaster,"Fare you well, Falstaff: I, in my condition,",2284
Act IV,Scene III,Lancaster,Shall better speak of you than you deserve.,2285
Act IV,Scene III,[stage direction],Exeunt all but Falstaff,NA
Act IV,Scene III,Falstaff,I would you had but the wit: 'twere better than,2286
Act IV,Scene III,Falstaff,"your dukedom. Good faith, this same young sober-",2287
Act IV,Scene III,Falstaff,blooded boy doth not love me; nor a man cannot make,2288
Act IV,Scene III,Falstaff,"him laugh; but that's no marvel, he drinks no wine.",2289
Act IV,Scene III,Falstaff,There's never none of these demure boys come to any,2290
Act IV,Scene III,Falstaff,"proof; for thin drink doth so over-cool their blood,",2291
Act IV,Scene III,Falstaff,"and making many fish-meals, that they fall into a",2292
Act IV,Scene III,Falstaff,kind of male green-sickness; and then when they,2293
Act IV,Scene III,Falstaff,"marry, they get wenches: they are generally fools",2294
Act IV,Scene III,Falstaff,"and cowards; which some of us should be too, but for",2295
Act IV,Scene III,Falstaff,inflammation. A good sherris sack hath a two-fold,2296
Act IV,Scene III,Falstaff,operation in it. It ascends me into the brain;,2297
Act IV,Scene III,Falstaff,dries me there all the foolish and dull and curdy,2298
Act IV,Scene III,Falstaff,"vapours which environ it; makes it apprehensive,",2299
Act IV,Scene III,Falstaff,"quick, forgetive, full of nimble fiery and",2300
Act IV,Scene III,Falstaff,"delectable shapes, which, delivered o'er to the",2301
Act IV,Scene III,Falstaff,"voice, the tongue, which is the birth, becomes",2302
Act IV,Scene III,Falstaff,excellent wit. The second property of your,2303
Act IV,Scene III,Falstaff,"excellent sherris is, the warming of the blood;",2304
Act IV,Scene III,Falstaff,"which, before cold and settled, left the liver",2305
Act IV,Scene III,Falstaff,"white and pale, which is the badge of pusillanimity",2306
Act IV,Scene III,Falstaff,and cowardice; but the sherris warms it and makes,2307
Act IV,Scene III,Falstaff,it course from the inwards to the parts extreme:,2308
Act IV,Scene III,Falstaff,"it illumineth the face, which as a beacon gives",2309
Act IV,Scene III,Falstaff,"warning to all the rest of this little kingdom,",2310
Act IV,Scene III,Falstaff,"man, to arm; and then the vital commoners and",2311
Act IV,Scene III,Falstaff,"inland petty spirits muster me all to their captain,",2312
Act IV,Scene III,Falstaff,"the heart, who, great and puffed up with this",2313
Act IV,Scene III,Falstaff,"retinue, doth any deed of courage; and this valour",2314
Act IV,Scene III,Falstaff,comes of sherris. So that skill in the weapon is,2315
Act IV,Scene III,Falstaff,"nothing without sack, for that sets it a-work; and",2316
Act IV,Scene III,Falstaff,"learning a mere hoard of gold kept by a devil, till",2317
Act IV,Scene III,Falstaff,sack commences it and sets it in act and use.,2318
Act IV,Scene III,Falstaff,Hereof comes it that Prince Harry is valiant; for,2319
Act IV,Scene III,Falstaff,the cold blood he did naturally inherit of his,2320
Act IV,Scene III,Falstaff,"father, he hath, like lean, sterile and bare land,",2321
Act IV,Scene III,Falstaff,"manured, husbanded and tilled with excellent",2322
Act IV,Scene III,Falstaff,endeavour of drinking good and good store of fertile,2323
Act IV,Scene III,Falstaff,"sherris, that he is become very hot and valiant. If",2324
Act IV,Scene III,Falstaff,"I had a thousand sons, the first humane principle I",2325
Act IV,Scene III,Falstaff,"would teach them should be, to forswear thin",2326
Act IV,Scene III,Falstaff,potations and to addict themselves to sack.,2327
Act IV,Scene III,[stage direction],Enter BARDOLPH,NA
Act IV,Scene III,Falstaff,How now Bardolph?,2328
Act IV,Scene III,Bardolph,The army is discharged all and gone.,2329
Act IV,Scene III,Falstaff,Let them go. I'll through Gloucestershire; and,2330
Act IV,Scene III,Falstaff,"there will I visit Master Robert Shallow, esquire:",2331
Act IV,Scene III,Falstaff,I have him already tempering between my finger and,2332
Act IV,Scene III,Falstaff,"my thumb, and shortly will I seal with him. Come away.",2333
Act IV,Scene III,[stage direction],Exeunt,NA
Act IV,Scene IV,[stage direction],"Enter KING HENRY IV, the Princes Thomas of CLARENCE and Humphrey of GLOUCESTER, WARWICK, and others",NA
Act IV,Scene IV,King Henry Iv,"Now, lords, if God doth give successful end",2334
Act IV,Scene IV,King Henry Iv,"To this debate that bleedeth at our doors,",2335
Act IV,Scene IV,King Henry Iv,We will our youth lead on to higher fields,2336
Act IV,Scene IV,King Henry Iv,And draw no swords but what are sanctified.,2337
Act IV,Scene IV,King Henry Iv,"Our navy is address'd, our power collected,",2338
Act IV,Scene IV,King Henry Iv,"Our substitutes in absence well invested,",2339
Act IV,Scene IV,King Henry Iv,And every thing lies level to our wish:,2340
Act IV,Scene IV,King Henry Iv,"Only, we want a little personal strength;",2341
Act IV,Scene IV,King Henry Iv,"And pause us, till these rebels, now afoot,",2342
Act IV,Scene IV,King Henry Iv,Come underneath the yoke of government.,2343
Act IV,Scene IV,Warwick,Both which we doubt not but your majesty,2344
Act IV,Scene IV,Warwick,Shall soon enjoy.,2345
Act IV,Scene IV,King Henry Iv,"Humphrey, my son of Gloucester,",2346
Act IV,Scene IV,King Henry Iv,Where is the prince your brother?,2347
Act IV,Scene IV,Gloucester,"I think he's gone to hunt, my lord, at Windsor.",2348
Act IV,Scene IV,King Henry Iv,And how accompanied?,2349
Act IV,Scene IV,Gloucester,"I do not know, my lord.",2350
Act IV,Scene IV,King Henry Iv,"Is not his brother, Thomas of Clarence, with him?",2351
Act IV,Scene IV,Gloucester,"No, my good lord; he is in presence here.",2352
Act IV,Scene IV,Clarence,What would my lord and father?,2353
Act IV,Scene IV,King Henry Iv,"Nothing but well to thee, Thomas of Clarence.",2354
Act IV,Scene IV,King Henry Iv,How chance thou art not with the prince thy brother?,2355
Act IV,Scene IV,King Henry Iv,"He loves thee, and thou dost neglect him, Thomas;",2356
Act IV,Scene IV,King Henry Iv,Thou hast a better place in his affection,2357
Act IV,Scene IV,King Henry Iv,"Than all thy brothers: cherish it, my boy,",2358
Act IV,Scene IV,King Henry Iv,And noble offices thou mayst effect,2359
Act IV,Scene IV,King Henry Iv,"Of mediation, after I am dead,",2360
Act IV,Scene IV,King Henry Iv,Between his greatness and thy other brethren:,2361
Act IV,Scene IV,King Henry Iv,"Therefore omit him not; blunt not his love,",2362
Act IV,Scene IV,King Henry Iv,Nor lose the good advantage of his grace,2363
Act IV,Scene IV,King Henry Iv,By seeming cold or careless of his will;,2364
Act IV,Scene IV,King Henry Iv,"For he is gracious, if he be observed:",2365
Act IV,Scene IV,King Henry Iv,He hath a tear for pity and a hand,2366
Act IV,Scene IV,King Henry Iv,Open as day for melting charity:,2367
Act IV,Scene IV,King Henry Iv,"Yet notwithstanding, being incensed, he's flint,",2368
Act IV,Scene IV,King Henry Iv,As humorous as winter and as sudden,2369
Act IV,Scene IV,King Henry Iv,As flaws congealed in the spring of day.,2370
Act IV,Scene IV,King Henry Iv,"His temper, therefore, must be well observed:",2371
Act IV,Scene IV,King Henry Iv,"Chide him for faults, and do it reverently,",2372
Act IV,Scene IV,King Henry Iv,When thou perceive his blood inclined to mirth;,2373
Act IV,Scene IV,King Henry Iv,"But, being moody, give him line and scope,",2374
Act IV,Scene IV,King Henry Iv,"Till that his passions, like a whale on ground,",2375
Act IV,Scene IV,King Henry Iv,"Confound themselves with working. Learn this, Thomas,",2376
Act IV,Scene IV,King Henry Iv,"And thou shalt prove a shelter to thy friends,",2377
Act IV,Scene IV,King Henry Iv,"A hoop of gold to bind thy brothers in,",2378
Act IV,Scene IV,King Henry Iv,"That the united vessel of their blood,",2379
Act IV,Scene IV,King Henry Iv,Mingled with venom of suggestion--,2380
Act IV,Scene IV,King Henry Iv,"As, force perforce, the age will pour it in--",2381
Act IV,Scene IV,King Henry Iv,"Shall never leak, though it do work as strong",2382
Act IV,Scene IV,King Henry Iv,As aconitum or rash gunpowder.,2383
Act IV,Scene IV,Clarence,I shall observe him with all care and love.,2384
Act IV,Scene IV,King Henry Iv,"Why art thou not at Windsor with him, Thomas?",2385
Act IV,Scene IV,Clarence,He is not there to-day; he dines in London.,2386
Act IV,Scene IV,King Henry Iv,And how accompanied? canst thou tell that?,2387
Act IV,Scene IV,Clarence,"With Poins, and other his continual followers.",2388
Act IV,Scene IV,King Henry Iv,Most subject is the fattest soil to weeds;,2389
Act IV,Scene IV,King Henry Iv,"And he, the noble image of my youth,",2390
Act IV,Scene IV,King Henry Iv,Is overspread with them: therefore my grief,2391
Act IV,Scene IV,King Henry Iv,Stretches itself beyond the hour of death:,2392
Act IV,Scene IV,King Henry Iv,The blood weeps from my heart when I do shape,2393
Act IV,Scene IV,King Henry Iv,In forms imaginary the unguided days,2394
Act IV,Scene IV,King Henry Iv,And rotten times that you shall look upon,2395
Act IV,Scene IV,King Henry Iv,When I am sleeping with my ancestors.,2396
Act IV,Scene IV,King Henry Iv,"For when his headstrong riot hath no curb,",2397
Act IV,Scene IV,King Henry Iv,"When rage and hot blood are his counsellors,",2398
Act IV,Scene IV,King Henry Iv,"When means and lavish manners meet together,",2399
Act IV,Scene IV,King Henry Iv,"O, with what wings shall his affections fly",2400
Act IV,Scene IV,King Henry Iv,Towards fronting peril and opposed decay!,2401
Act IV,Scene IV,Warwick,"My gracious lord, you look beyond him quite:",2402
Act IV,Scene IV,Warwick,The prince but studies his companions,2403
Act IV,Scene IV,Warwick,"Like a strange tongue, wherein, to gain the language,",2404
Act IV,Scene IV,Warwick,'Tis needful that the most immodest word,2405
Act IV,Scene IV,Warwick,"Be look'd upon and learn'd; which once attain'd,",2406
Act IV,Scene IV,Warwick,"Your highness knows, comes to no further use",2407
Act IV,Scene IV,Warwick,"But to be known and hated. So, like gross terms,",2408
Act IV,Scene IV,Warwick,The prince will in the perfectness of time,2409
Act IV,Scene IV,Warwick,Cast off his followers; and their memory,2410
Act IV,Scene IV,Warwick,"Shall as a pattern or a measure live,",2411
Act IV,Scene IV,Warwick,"By which his grace must mete the lives of others,",2412
Act IV,Scene IV,Warwick,Turning past evils to advantages.,2413
Act IV,Scene IV,King Henry Iv,'Tis seldom when the bee doth leave her comb,2414
Act IV,Scene IV,King Henry Iv,In the dead carrion.,2415
Act IV,Scene IV,[stage direction],Enter WESTMORELAND,NA
Act IV,Scene IV,King Henry Iv,Who's here? Westmoreland?,2416
Act IV,Scene IV,Westmoreland,"Health to my sovereign, and new happiness",2417
Act IV,Scene IV,Westmoreland,Added to that that I am to deliver!,2418
Act IV,Scene IV,Westmoreland,Prince John your son doth kiss your grace's hand:,2419
Act IV,Scene IV,Westmoreland,"Mowbray, the Bishop Scroop, Hastings and all",2420
Act IV,Scene IV,Westmoreland,Are brought to the correction of your law;,2421
Act IV,Scene IV,Westmoreland,There is not now a rebel's sword unsheath'd,2422
Act IV,Scene IV,Westmoreland,But peace puts forth her olive every where.,2423
Act IV,Scene IV,Westmoreland,The manner how this action hath been borne,2424
Act IV,Scene IV,Westmoreland,"Here at more leisure may your highness read,",2425
Act IV,Scene IV,Westmoreland,With every course in his particular.,2426
Act IV,Scene IV,King Henry Iv,"O Westmoreland, thou art a summer bird,",2427
Act IV,Scene IV,King Henry Iv,Which ever in the haunch of winter sings,2428
Act IV,Scene IV,King Henry Iv,The lifting up of day.,2429
Act IV,Scene IV,[stage direction],Enter HARCOURT,NA
Act IV,Scene IV,King Henry Iv,"Look, here's more news.",2430
Act IV,Scene IV,Harcourt,From enemies heaven keep your majesty;,2431
Act IV,Scene IV,Harcourt,"And, when they stand against you, may they fall",2432
Act IV,Scene IV,Harcourt,As those that I am come to tell you of!,2433
Act IV,Scene IV,Harcourt,"The Earl Northumberland and the Lord Bardolph,",2434
Act IV,Scene IV,Harcourt,With a great power of English and of Scots,2435
Act IV,Scene IV,Harcourt,Are by the sheriff of Yorkshire overthrown:,2436
Act IV,Scene IV,Harcourt,The manner and true order of the fight,2437
Act IV,Scene IV,Harcourt,"This packet, please it you, contains at large.",2438
Act IV,Scene IV,King Henry Iv,And wherefore should these good news make me sick?,2439
Act IV,Scene IV,King Henry Iv,"Will fortune never come with both hands full,",2440
Act IV,Scene IV,King Henry Iv,But write her fair words still in foulest letters?,2441
Act IV,Scene IV,King Henry Iv,She either gives a stomach and no food;,2442
Act IV,Scene IV,King Henry Iv,"Such are the poor, in health; or else a feast",2443
Act IV,Scene IV,King Henry Iv,"And takes away the stomach; such are the rich,",2444
Act IV,Scene IV,King Henry Iv,That have abundance and enjoy it not.,2445
Act IV,Scene IV,King Henry Iv,I should rejoice now at this happy news;,2446
Act IV,Scene IV,King Henry Iv,"And now my sight fails, and my brain is giddy:",2447
Act IV,Scene IV,King Henry Iv,O me! come near me; now I am much ill.,2448
Act IV,Scene IV,Gloucester,"Comfort, your majesty!",2449
Act IV,Scene IV,Clarence,O my royal father!,2450
Act IV,Scene IV,Westmoreland,"My sovereign lord, cheer up yourself, look up.",2451
Act IV,Scene IV,Warwick,"Be patient, princes; you do know, these fits",2452
Act IV,Scene IV,Warwick,Are with his highness very ordinary.,2453
Act IV,Scene IV,Warwick,Stand from him. Give him air; he'll straight be well.,2454
Act IV,Scene IV,Clarence,"No, no, he cannot long hold out these pangs:",2455
Act IV,Scene IV,Clarence,The incessant care and labour of his mind,2456
Act IV,Scene IV,Clarence,Hath wrought the mure that should confine it in,2457
Act IV,Scene IV,Clarence,So thin that life looks through and will break out.,2458
Act IV,Scene IV,Gloucester,The people fear me; for they do observe,2459
Act IV,Scene IV,Gloucester,Unfather'd heirs and loathly births of nature:,2460
Act IV,Scene IV,Gloucester,"The seasons change their manners, as the year",2461
Act IV,Scene IV,Gloucester,Had found some months asleep and leap'd them over.,2462
Act IV,Scene IV,Clarence,"The river hath thrice flow'd, no ebb between;",2463
Act IV,Scene IV,Clarence,"And the old folk, time's doting chronicles,",2464
Act IV,Scene IV,Clarence,Say it did so a little time before,2465
Act IV,Scene IV,Clarence,"That our great-grandsire, Edward, sick'd and died.",2466
Act IV,Scene IV,Warwick,"Speak lower, princes, for the king recovers.",2467
Act IV,Scene IV,Gloucester,This apoplexy will certain be his end.,2468
Act IV,Scene IV,King Henry Iv,"I pray you, take me up, and bear me hence",2469
Act IV,Scene IV,King Henry Iv,"Into some other chamber: softly, pray.",2470
Act IV,Scene V,[stage direction],"KING HENRY IV lying on a bed: CLARENCE, GLOUCESTER, WARWICK, and others in attendance",NA
Act IV,Scene V,King Henry Iv,"Let there be no noise made, my gentle friends;",2471
Act IV,Scene V,King Henry Iv,Unless some dull and favourable hand,2472
Act IV,Scene V,King Henry Iv,Will whisper music to my weary spirit.,2473
Act IV,Scene V,Warwick,Call for the music in the other room.,2474
Act IV,Scene V,King Henry Iv,Set me the crown upon my pillow here.,2475
Act IV,Scene V,Clarence,"His eye is hollow, and he changes much.",2476
Act IV,Scene V,Warwick,"Less noise, less noise!",2477
Act IV,Scene V,[stage direction],Enter PRINCE HENRY,NA
Act IV,Scene V,Prince Henry,Who saw the Duke of Clarence?,2478
Act IV,Scene V,Clarence,"I am here, brother, full of heaviness.",2479
Act IV,Scene V,Prince Henry,"How now! rain within doors, and none abroad!",2480
Act IV,Scene V,Prince Henry,How doth the king?,2481
Act IV,Scene V,Gloucester,Exceeding ill.,2482
Act IV,Scene V,Prince Henry,Heard he the good news yet?,2483
Act IV,Scene V,Prince Henry,Tell it him.,2484
Act IV,Scene V,Gloucester,He alter'd much upon the hearing it.,2485
Act IV,Scene V,Prince Henry,"If he be sick with joy, he'll recover without physic.",2486
Act IV,Scene V,Warwick,"Not so much noise, my lords: sweet prince,",2487
Act IV,Scene V,Warwick,speak low;,2488
Act IV,Scene V,Warwick,The king your father is disposed to sleep.,2489
Act IV,Scene V,Clarence,Let us withdraw into the other room.,2490
Act IV,Scene V,Warwick,Will't please your grace to go along with us?,2491
Act IV,Scene V,Prince Henry,No; I will sit and watch here by the king.,2492
Act IV,Scene V,[stage direction],Exeunt all but PRINCE HENRY,NA
Act IV,Scene V,Prince Henry,"Why doth the crown lie there upon his pillow,",2493
Act IV,Scene V,Prince Henry,Being so troublesome a bedfellow?,2494
Act IV,Scene V,Prince Henry,O polish'd perturbation! golden care!,2495
Act IV,Scene V,Prince Henry,That keep'st the ports of slumber open wide,2496
Act IV,Scene V,Prince Henry,To many a watchful night! sleep with it now!,2497
Act IV,Scene V,Prince Henry,Yet not so sound and half so deeply sweet,2498
Act IV,Scene V,Prince Henry,As he whose brow with homely biggen bound,2499
Act IV,Scene V,Prince Henry,Snores out the watch of night. O majesty!,2500
Act IV,Scene V,Prince Henry,"When thou dost pinch thy bearer, thou dost sit",2501
Act IV,Scene V,Prince Henry,"Like a rich armour worn in heat of day,",2502
Act IV,Scene V,Prince Henry,That scalds with safety. By his gates of breath,2503
Act IV,Scene V,Prince Henry,There lies a downy feather which stirs not:,2504
Act IV,Scene V,Prince Henry,"Did he suspire, that light and weightless down",2505
Act IV,Scene V,Prince Henry,Perforce must move. My gracious lord! my father!,2506
Act IV,Scene V,Prince Henry,"This sleep is sound indeed, this is a sleep",2507
Act IV,Scene V,Prince Henry,That from this golden rigol hath divorced,2508
Act IV,Scene V,Prince Henry,So many English kings. Thy due from me,2509
Act IV,Scene V,Prince Henry,"Is tears and heavy sorrows of the blood,",2510
Act IV,Scene V,Prince Henry,"Which nature, love, and filial tenderness,",2511
Act IV,Scene V,Prince Henry,"Shall, O dear father, pay thee plenteously:",2512
Act IV,Scene V,Prince Henry,"My due from thee is this imperial crown,",2513
Act IV,Scene V,Prince Henry,"Which, as immediate as thy place and blood,",2514
Act IV,Scene V,Prince Henry,"Derives itself to me. Lo, here it sits,",2515
Act IV,Scene V,Prince Henry,Which God shall guard: and put the world's whole strength,2516
Act IV,Scene V,Prince Henry,"Into one giant arm, it shall not force",2517
Act IV,Scene V,Prince Henry,This lineal honour from me: this from thee,2518
Act IV,Scene V,Prince Henry,"Will I to mine leave, as 'tis left to me.",2519
Act IV,Scene V,[stage direction],Exit,NA
Act IV,Scene V,King Henry Iv,Warwick! Gloucester! Clarence!,2520
Act IV,Scene V,[stage direction],"Re-enter WARWICK, GLOUCESTER, CLARENCE, and the rest",NA
Act IV,Scene V,Clarence,Doth the king call?,2521
Act IV,Scene V,Warwick,What would your majesty? How fares your grace?,2522
Act IV,Scene V,King Henry Iv,"Why did you leave me here alone, my lords?",2523
Act IV,Scene V,Clarence,"We left the prince my brother here, my liege,",2524
Act IV,Scene V,Clarence,Who undertook to sit and watch by you.,2525
Act IV,Scene V,King Henry Iv,The Prince of Wales! Where is he? let me see him:,2526
Act IV,Scene V,King Henry Iv,He is not here.,2527
Act IV,Scene V,Warwick,This door is open; he is gone this way.,2528
Act IV,Scene V,Gloucester,He came not through the chamber where we stay'd.,2529
Act IV,Scene V,King Henry Iv,Where is the crown? who took it from my pillow?,2530
Act IV,Scene V,Warwick,"When we withdrew, my liege, we left it here.",2531
Act IV,Scene V,King Henry Iv,"The prince hath ta'en it hence: go, seek him out.",2532
Act IV,Scene V,King Henry Iv,Is he so hasty that he doth suppose,2533
Act IV,Scene V,King Henry Iv,My sleep my death?,2534
Act IV,Scene V,King Henry Iv,"Find him, my Lord of Warwick; chide him hither.",2535
Act IV,Scene V,[stage direction],Exit WARWICK,NA
Act IV,Scene V,King Henry Iv,"This part of his conjoins with my disease,",2536
Act IV,Scene V,King Henry Iv,"And helps to end me. See, sons, what things you are!",2537
Act IV,Scene V,King Henry Iv,How quickly nature falls into revolt,2538
Act IV,Scene V,King Henry Iv,When gold becomes her object!,2539
Act IV,Scene V,King Henry Iv,For this the foolish over-careful fathers,2540
Act IV,Scene V,King Henry Iv,"Have broke their sleep with thoughts, their brains with care,",2541
Act IV,Scene V,King Henry Iv,Their bones with industry;,2542
Act IV,Scene V,King Henry Iv,For this they have engrossed and piled up,2543
Act IV,Scene V,King Henry Iv,The canker'd heaps of strange-achieved gold;,2544
Act IV,Scene V,King Henry Iv,For this they have been thoughtful to invest,2545
Act IV,Scene V,King Henry Iv,Their sons with arts and martial exercises:,2546
Act IV,Scene V,King Henry Iv,"When, like the bee, culling from every flower",2547
Act IV,Scene V,King Henry Iv,"The virtuous sweets,",2548
Act IV,Scene V,King Henry Iv,"Our thighs pack'd with wax, our mouths with honey,",2549
Act IV,Scene V,King Henry Iv,"We bring it to the hive, and, like the bees,",2550
Act IV,Scene V,King Henry Iv,Are murdered for our pains. This bitter taste,2551
Act IV,Scene V,King Henry Iv,Yield his engrossments to the ending father.,2552
Act IV,Scene V,[stage direction],Re-enter WARWICK,NA
Act IV,Scene V,King Henry Iv,"Now, where is he that will not stay so long",2553
Act IV,Scene V,King Henry Iv,Till his friend sickness hath determined me?,2554
Act IV,Scene V,Warwick,"My lord, I found the prince in the next room,",2555
Act IV,Scene V,Warwick,"Washing with kindly tears his gentle cheeks,",2556
Act IV,Scene V,Warwick,With such a deep demeanor in great sorrow,2557
Act IV,Scene V,Warwick,"That tyranny, which never quaff'd but blood,",2558
Act IV,Scene V,Warwick,"Would, by beholding him, have wash'd his knife",2559
Act IV,Scene V,Warwick,With gentle eye-drops. He is coming hither.,2560
Act IV,Scene V,King Henry Iv,But wherefore did he take away the crown?,2561
Act IV,Scene V,[stage direction],Re-enter PRINCE HENRY,NA
Act IV,Scene V,King Henry Iv,"Lo, where he comes. Come hither to me, Harry.",2562
Act IV,Scene V,King Henry Iv,"Depart the chamber, leave us here alone.",2563
Act IV,Scene V,[stage direction],Exeunt WARWICK and the rest,NA
Act IV,Scene V,Prince Henry,I never thought to hear you speak again.,2564
Act IV,Scene V,King Henry Iv,"Thy wish was father, Harry, to that thought:",2565
Act IV,Scene V,King Henry Iv,"I stay too long by thee, I weary thee.",2566
Act IV,Scene V,King Henry Iv,Dost thou so hunger for mine empty chair,2567
Act IV,Scene V,King Henry Iv,That thou wilt needs invest thee with my honours,2568
Act IV,Scene V,King Henry Iv,Before thy hour be ripe? O foolish youth!,2569
Act IV,Scene V,King Henry Iv,Thou seek'st the greatness that will o'erwhelm thee.,2570
Act IV,Scene V,King Henry Iv,Stay but a little; for my cloud of dignity,2571
Act IV,Scene V,King Henry Iv,Is held from falling with so weak a wind,2572
Act IV,Scene V,King Henry Iv,That it will quickly drop: my day is dim.,2573
Act IV,Scene V,King Henry Iv,Thou hast stolen that which after some few hours,2574
Act IV,Scene V,King Henry Iv,Were thine without offence; and at my death,2575
Act IV,Scene V,King Henry Iv,Thou hast seal'd up my expectation:,2576
Act IV,Scene V,King Henry Iv,"Thy life did manifest thou lovedst me not,",2577
Act IV,Scene V,King Henry Iv,And thou wilt have me die assured of it.,2578
Act IV,Scene V,King Henry Iv,"Thou hidest a thousand daggers in thy thoughts,",2579
Act IV,Scene V,King Henry Iv,"Which thou hast whetted on thy stony heart,",2580
Act IV,Scene V,King Henry Iv,To stab at half an hour of my life.,2581
Act IV,Scene V,King Henry Iv,What! canst thou not forbear me half an hour?,2582
Act IV,Scene V,King Henry Iv,"Then get thee gone and dig my grave thyself,",2583
Act IV,Scene V,King Henry Iv,And bid the merry bells ring to thine ear,2584
Act IV,Scene V,King Henry Iv,"That thou art crowned, not that I am dead.",2585
Act IV,Scene V,King Henry Iv,Let all the tears that should bedew my hearse,2586
Act IV,Scene V,King Henry Iv,Be drops of balm to sanctify thy head:,2587
Act IV,Scene V,King Henry Iv,Only compound me with forgotten dust,2588
Act IV,Scene V,King Henry Iv,Give that which gave thee life unto the worms.,2589
Act IV,Scene V,King Henry Iv,"Pluck down my officers, break my decrees;",2590
Act IV,Scene V,King Henry Iv,For now a time is come to mock at form:,2591
Act IV,Scene V,King Henry Iv,"Harry the Fifth is crown'd: up, vanity!",2592
Act IV,Scene V,King Henry Iv,"Down, royal state! all you sage counsellors, hence!",2593
Act IV,Scene V,King Henry Iv,"And to the English court assemble now,",2594
Act IV,Scene V,King Henry Iv,"From every region, apes of idleness!",2595
Act IV,Scene V,King Henry Iv,"Now, neighbour confines, purge you of your scum:",2596
Act IV,Scene V,King Henry Iv,"Have you a ruffian that will swear, drink, dance,",2597
Act IV,Scene V,King Henry Iv,"Revel the night, rob, murder, and commit",2598
Act IV,Scene V,King Henry Iv,The oldest sins the newest kind of ways?,2599
Act IV,Scene V,King Henry Iv,"Be happy, he will trouble you no more;",2600
Act IV,Scene V,King Henry Iv,"England shall double gild his treble guilt,",2601
Act IV,Scene V,King Henry Iv,"England shall give him office, honour, might;",2602
Act IV,Scene V,King Henry Iv,For the fifth Harry from curb'd licence plucks,2603
Act IV,Scene V,King Henry Iv,"The muzzle of restraint, and the wild dog",2604
Act IV,Scene V,King Henry Iv,Shall flesh his tooth on every innocent.,2605
Act IV,Scene V,King Henry Iv,"O my poor kingdom, sick with civil blows!",2606
Act IV,Scene V,King Henry Iv,"When that my care could not withhold thy riots,",2607
Act IV,Scene V,King Henry Iv,What wilt thou do when riot is thy care?,2608
Act IV,Scene V,King Henry Iv,"O, thou wilt be a wilderness again,",2609
Act IV,Scene V,King Henry Iv,"Peopled with wolves, thy old inhabitants!",2610
Act IV,Scene V,Prince Henry,"O, pardon me, my liege! but for my tears,",2611
Act IV,Scene V,Prince Henry,"The moist impediments unto my speech,",2612
Act IV,Scene V,Prince Henry,I had forestall'd this dear and deep rebuke,2613
Act IV,Scene V,Prince Henry,Ere you with grief had spoke and I had heard,2614
Act IV,Scene V,Prince Henry,The course of it so far. There is your crown;,2615
Act IV,Scene V,Prince Henry,And He that wears the crown immortally,2616
Act IV,Scene V,Prince Henry,Long guard it yours! If I affect it more,2617
Act IV,Scene V,Prince Henry,"Than as your honour and as your renown,",2618
Act IV,Scene V,Prince Henry,"Let me no more from this obedience rise,",2619
Act IV,Scene V,Prince Henry,Which my most inward true and duteous spirit,2620
Act IV,Scene V,Prince Henry,"Teacheth, this prostrate and exterior bending.",2621
Act IV,Scene V,Prince Henry,"God witness with me, when I here came in,",2622
Act IV,Scene V,Prince Henry,"And found no course of breath within your majesty,",2623
Act IV,Scene V,Prince Henry,"How cold it struck my heart! If I do feign,",2624
Act IV,Scene V,Prince Henry,"O, let me in my present wildness die",2625
Act IV,Scene V,Prince Henry,And never live to show the incredulous world,2626
Act IV,Scene V,Prince Henry,The noble change that I have purposed!,2627
Act IV,Scene V,Prince Henry,"Coming to look on you, thinking you dead,",2628
Act IV,Scene V,Prince Henry,"And dead almost, my liege, to think you were,",2629
Act IV,Scene V,Prince Henry,"I spake unto this crown as having sense,",2630
Act IV,Scene V,Prince Henry,And thus upbraided it: 'The care on thee depending,2631
Act IV,Scene V,Prince Henry,Hath fed upon the body of my father;,2632
Act IV,Scene V,Prince Henry,"Therefore, thou best of gold art worst of gold:",2633
Act IV,Scene V,Prince Henry,"Other, less fine in carat, is more precious,",2634
Act IV,Scene V,Prince Henry,Preserving life in medicine potable;,2635
Act IV,Scene V,Prince Henry,"But thou, most fine, most honour'd: most renown'd,",2636
Act IV,Scene V,Prince Henry,"Hast eat thy bearer up.' Thus, my most royal liege,",2637
Act IV,Scene V,Prince Henry,"Accusing it, I put it on my head,",2638
Act IV,Scene V,Prince Henry,"To try with it, as with an enemy",2639
Act IV,Scene V,Prince Henry,"That had before my face murder'd my father,",2640
Act IV,Scene V,Prince Henry,The quarrel of a true inheritor.,2641
Act IV,Scene V,Prince Henry,"But if it did infect my blood with joy,",2642
Act IV,Scene V,Prince Henry,Or swell my thoughts to any strain of pride;,2643
Act IV,Scene V,Prince Henry,If any rebel or vain spirit of mine,2644
Act IV,Scene V,Prince Henry,Did with the least affection of a welcome,2645
Act IV,Scene V,Prince Henry,"Give entertainment to the might of it,",2646
Act IV,Scene V,Prince Henry,Let God for ever keep it from my head,2647
Act IV,Scene V,Prince Henry,And make me as the poorest vassal is,2648
Act IV,Scene V,Prince Henry,That doth with awe and terror kneel to it!,2649
Act IV,Scene V,King Henry Iv,"O my son,",2650
Act IV,Scene V,King Henry Iv,"God put it in thy mind to take it hence,",2651
Act IV,Scene V,King Henry Iv,"That thou mightst win the more thy father's love,",2652
Act IV,Scene V,King Henry Iv,Pleading so wisely in excuse of it!,2653
Act IV,Scene V,King Henry Iv,"Come hither, Harry, sit thou by my bed;",2654
Act IV,Scene V,King Henry Iv,"And hear, I think, the very latest counsel",2655
Act IV,Scene V,King Henry Iv,"That ever I shall breathe. God knows, my son,",2656
Act IV,Scene V,King Henry Iv,By what by-paths and indirect crook'd ways,2657
Act IV,Scene V,King Henry Iv,I met this crown; and I myself know well,2658
Act IV,Scene V,King Henry Iv,How troublesome it sat upon my head.,2659
Act IV,Scene V,King Henry Iv,"To thee it shall descend with bitter quiet,",2660
Act IV,Scene V,King Henry Iv,"Better opinion, better confirmation;",2661
Act IV,Scene V,King Henry Iv,For all the soil of the achievement goes,2662
Act IV,Scene V,King Henry Iv,With me into the earth. It seem'd in me,2663
Act IV,Scene V,King Henry Iv,"But as an honour snatch'd with boisterous hand,",2664
Act IV,Scene V,King Henry Iv,And I had many living to upbraid,2665
Act IV,Scene V,King Henry Iv,My gain of it by their assistances;,2666
Act IV,Scene V,King Henry Iv,"Which daily grew to quarrel and to bloodshed,",2667
Act IV,Scene V,King Henry Iv,Wounding supposed peace: all these bold fears,2668
Act IV,Scene V,King Henry Iv,Thou see'st with peril I have answered;,2669
Act IV,Scene V,King Henry Iv,For all my reign hath been but as a scene,2670
Act IV,Scene V,King Henry Iv,Acting that argument: and now my death,2671
Act IV,Scene V,King Henry Iv,"Changes the mode; for what in me was purchased,",2672
Act IV,Scene V,King Henry Iv,Falls upon thee in a more fairer sort;,2673
Act IV,Scene V,King Henry Iv,So thou the garland wear'st successively.,2674
Act IV,Scene V,King Henry Iv,"Yet, though thou stand'st more sure than I could do,",2675
Act IV,Scene V,King Henry Iv,"Thou art not firm enough, since griefs are green;",2676
Act IV,Scene V,King Henry Iv,"And all my friends, which thou must make thy friends,",2677
Act IV,Scene V,King Henry Iv,Have but their stings and teeth newly ta'en out;,2678
Act IV,Scene V,King Henry Iv,By whose fell working I was first advanced,2679
Act IV,Scene V,King Henry Iv,And by whose power I well might lodge a fear,2680
Act IV,Scene V,King Henry Iv,"To be again displaced: which to avoid,",2681
Act IV,Scene V,King Henry Iv,I cut them off; and had a purpose now,2682
Act IV,Scene V,King Henry Iv,"To lead out many to the Holy Land,",2683
Act IV,Scene V,King Henry Iv,Lest rest and lying still might make them look,2684
Act IV,Scene V,King Henry Iv,"Too near unto my state. Therefore, my Harry,",2685
Act IV,Scene V,King Henry Iv,Be it thy course to busy giddy minds,2686
Act IV,Scene V,King Henry Iv,"With foreign quarrels; that action, hence borne out,",2687
Act IV,Scene V,King Henry Iv,May waste the memory of the former days.,2688
Act IV,Scene V,King Henry Iv,"More would I, but my lungs are wasted so",2689
Act IV,Scene V,King Henry Iv,That strength of speech is utterly denied me.,2690
Act IV,Scene V,King Henry Iv,"How I came by the crown, O God forgive;",2691
Act IV,Scene V,King Henry Iv,And grant it may with thee in true peace live!,2692
Act IV,Scene V,Prince Henry,"My gracious liege,",2693
Act IV,Scene V,Prince Henry,"You won it, wore it, kept it, gave it me;",2694
Act IV,Scene V,Prince Henry,Then plain and right must my possession be:,2695
Act IV,Scene V,Prince Henry,Which I with more than with a common pain,2696
Act IV,Scene V,Prince Henry,'Gainst all the world will rightfully maintain.,2697
Act IV,Scene V,[stage direction],Enter Lord John of LANCASTER,NA
Act IV,Scene V,King Henry Iv,"Look, look, here comes my John of Lancaster.",2698
Act IV,Scene V,Lancaster,"Health, peace, and happiness to my royal father!",2699
Act IV,Scene V,King Henry Iv,"Thou bring'st me happiness and peace, son John;",2700
Act IV,Scene V,King Henry Iv,"But health, alack, with youthful wings is flown",2701
Act IV,Scene V,King Henry Iv,From this bare wither'd trunk: upon thy sight,2702
Act IV,Scene V,King Henry Iv,My worldly business makes a period.,2703
Act IV,Scene V,King Henry Iv,Where is my Lord of Warwick?,2704
Act IV,Scene V,Prince Henry,My Lord of Warwick!,2705
Act IV,Scene V,[stage direction],"Enter WARWICK, and others",NA
Act IV,Scene V,King Henry Iv,Doth any name particular belong,2706
Act IV,Scene V,King Henry Iv,Unto the lodging where I first did swoon?,2707
Act IV,Scene V,Warwick,"'Tis call'd Jerusalem, my noble lord.",2708
Act IV,Scene V,King Henry Iv,Laud be to God! even there my life must end.,2709
Act IV,Scene V,King Henry Iv,"It hath been prophesied to me many years,",2710
Act IV,Scene V,King Henry Iv,I should not die but in Jerusalem;,2711
Act IV,Scene V,King Henry Iv,Which vainly I supposed the Holy Land:,2712
Act IV,Scene V,King Henry Iv,But bear me to that chamber; there I'll lie;,2713
Act IV,Scene V,King Henry Iv,In that Jerusalem shall Harry die.,2714
Act IV,Scene V,[stage direction],Exeunt,NA
Act V,Scene I,[stage direction],"Enter SHALLOW, FALSTAFF, BARDOLPH, and Page",NA
Act V,Scene I,Shallow,"By cock and pie, sir, you shall not away to-night.",2715
Act V,Scene I,Shallow,"What, Davy, I say!",2716
Act V,Scene I,Falstaff,"You must excuse me, Master Robert Shallow.",2717
Act V,Scene I,Shallow,I will not excuse you; you shall not be excused;,2718
Act V,Scene I,Shallow,excuses shall not be admitted; there is no excuse,2719
Act V,Scene I,Shallow,"shall serve; you shall not be excused. Why, Davy!",2720
Act V,Scene I,[stage direction],Enter DAVY,NA
Act V,Scene I,Davy,"Here, sir.",2721
Act V,Scene I,Shallow,"Davy, Davy, Davy, Davy, let me see, Davy; let me",2722
Act V,Scene I,Shallow,"see, Davy; let me see: yea, marry, William cook,",2723
Act V,Scene I,Shallow,"bid him come hither. Sir John, you shall not be excused.",2724
Act V,Scene I,Davy,"Marry, sir, thus; those precepts cannot be served:",2725
Act V,Scene I,Davy,"and, again, sir, shall we sow the headland with wheat?",2726
Act V,Scene I,Shallow,"With red wheat, Davy. But for William cook: are",2727
Act V,Scene I,Shallow,there no young pigeons?,2728
Act V,Scene I,Davy,"Yes, sir. Here is now the smith's note for shoeing",2729
Act V,Scene I,Davy,and plough-irons.,2730
Act V,Scene I,Shallow,"Let it be cast and paid. Sir John, you shall not be excused.",2731
Act V,Scene I,Davy,"Now, sir, a new link to the bucket must need be",2732
Act V,Scene I,Davy,"had: and, sir, do you mean to stop any of William's",2733
Act V,Scene I,Davy,"wages, about the sack he lost the other day at",2734
Act V,Scene I,Davy,Hinckley fair?,2735
Act V,Scene I,Shallow,"A' shall answer it. Some pigeons, Davy, a couple",2736
Act V,Scene I,Shallow,"of short-legged hens, a joint of mutton, and any",2737
Act V,Scene I,Shallow,"pretty little tiny kickshaws, tell William cook.",2738
Act V,Scene I,Davy,"Doth the man of war stay all night, sir?",2739
Act V,Scene I,Shallow,"Yea, Davy. I will use him well: a friend i' the",2740
Act V,Scene I,Shallow,court is better than a penny in purse. Use his men,2741
Act V,Scene I,Shallow,"well, Davy; for they are arrant knaves, and will backbite.",2742
Act V,Scene I,Davy,"No worse than they are backbitten, sir; for they",2743
Act V,Scene I,Davy,have marvellous foul linen.,2744
Act V,Scene I,Shallow,"Well conceited, Davy: about thy business, Davy.",2745
Act V,Scene I,Davy,"I beseech you, sir, to countenance William Visor of",2746
Act V,Scene I,Davy,Woncot against Clement Perkes of the hill.,2747
Act V,Scene I,Shallow,"There is many complaints, Davy, against that Visor:",2748
Act V,Scene I,Shallow,"that Visor is an arrant knave, on my knowledge.",2749
Act V,Scene I,Davy,"I grant your worship that he is a knave, sir; but",2750
Act V,Scene I,Davy,"yet, God forbid, sir, but a knave should have some",2751
Act V,Scene I,Davy,countenance at his friend's request. An honest,2752
Act V,Scene I,Davy,"man, sir, is able to speak for himself, when a knave",2753
Act V,Scene I,Davy,"is not. I have served your worship truly, sir,",2754
Act V,Scene I,Davy,this eight years; and if I cannot once or twice in,2755
Act V,Scene I,Davy,"a quarter bear out a knave against an honest man, I",2756
Act V,Scene I,Davy,have but a very little credit with your worship. The,2757
Act V,Scene I,Davy,"knave is mine honest friend, sir; therefore, I",2758
Act V,Scene I,Davy,"beseech your worship, let him be countenanced.",2759
Act V,Scene I,Shallow,"Go to; I say he shall have no wrong. Look about, Davy.",2760
Act V,Scene I,[stage direction],Exit DAVY,NA
Act V,Scene I,Shallow,"Where are you, Sir John? Come, come, come, off",2761
Act V,Scene I,Shallow,"with your boots. Give me your hand, Master Bardolph.",2762
Act V,Scene I,Bardolph,I am glad to see your worship.,2763
Act V,Scene I,Shallow,"I thank thee with all my heart, kind",2764
Act V,Scene I,Shallow,"Master Bardolph: and welcome, my tall fellow.",2765
Act V,Scene I,[stage direction],To the Page,NA
Act V,Scene I,Shallow,"Come, Sir John.",2766
Act V,Scene I,Falstaff,"I'll follow you, good Master Robert Shallow.",2767
Act V,Scene I,[stage direction],Exit SHALLOW,NA
Act V,Scene I,Falstaff,"Bardolph, look to our horses.",2768
Act V,Scene I,[stage direction],Exeunt BARDOLPH and Page,NA
Act V,Scene I,Falstaff,"If I were sawed into quantities, I should make four",2769
Act V,Scene I,Falstaff,dozen of such bearded hermits' staves as Master,2770
Act V,Scene I,Falstaff,Shallow. It is a wonderful thing to see the,2771
Act V,Scene I,Falstaff,semblable coherence of his men's spirits and his:,2772
Act V,Scene I,Falstaff,"they, by observing of him, do bear themselves like",2773
Act V,Scene I,Falstaff,"foolish justices; he, by conversing with them, is",2774
Act V,Scene I,Falstaff,turned into a justice-like serving-man: their,2775
Act V,Scene I,Falstaff,spirits are so married in conjunction with the,2776
Act V,Scene I,Falstaff,participation of society that they flock together in,2777
Act V,Scene I,Falstaff,"consent, like so many wild-geese. If I had a suit",2778
Act V,Scene I,Falstaff,"to Master Shallow, I would humour his men with the",2779
Act V,Scene I,Falstaff,imputation of being near their master: if to his,2780
Act V,Scene I,Falstaff,"men, I would curry with Master Shallow that no man",2781
Act V,Scene I,Falstaff,could better command his servants. It is certain,2782
Act V,Scene I,Falstaff,that either wise bearing or ignorant carriage is,2783
Act V,Scene I,Falstaff,"caught, as men take diseases, one of another:",2784
Act V,Scene I,Falstaff,therefore let men take heed of their company. I,2785
Act V,Scene I,Falstaff,will devise matter enough out of this Shallow to,2786
Act V,Scene I,Falstaff,keep Prince Harry in continual laughter the wearing,2787
Act V,Scene I,Falstaff,"out of six fashions, which is four terms, or two",2788
Act V,Scene I,Falstaff,"actions, and a' shall laugh without intervallums. O,",2789
Act V,Scene I,Falstaff,it is much that a lie with a slight oath and a jest,2790
Act V,Scene I,Falstaff,with a sad brow will do with a fellow that never,2791
Act V,Scene I,Falstaff,"had the ache in his shoulders! O, you shall see him",2792
Act V,Scene I,Falstaff,laugh till his face be like a wet cloak ill laid up!,2793
Act V,Scene I,Shallow,[Within]  Sir John!,2794
Act V,Scene I,Falstaff,"I come, Master Shallow; I come, Master Shallow.",2795
Act V,Scene I,[stage direction],Exit,NA
Act V,Scene II,[stage direction],"Enter WARWICK and the Lord Chief-Justice, meeting",NA
Act V,Scene II,Warwick,"How now, my lord chief-justice! whither away?",2796
Act V,Scene II,Warwick,Lord Chief-Justice	How doth the king?,2797
Act V,Scene II,Warwick,Exceeding well; his cares are now all ended.,2798
Act V,Scene II,Warwick,"Lord Chief-Justice	I hope, not dead.",2799
Act V,Scene II,Warwick,He's walk'd the way of nature;,2800
Act V,Scene II,Warwick,And to our purposes he lives no more.,2801
Act V,Scene II,Warwick,Lord Chief-Justice	I would his majesty had call'd me with him:,2802
Act V,Scene II,Warwick,The service that I truly did his life,2803
Act V,Scene II,Warwick,Hath left me open to all injuries.,2804
Act V,Scene II,Warwick,Indeed I think the young king loves you not.,2805
Act V,Scene II,Warwick,"Lord Chief-Justice	I know he doth not, and do arm myself",2806
Act V,Scene II,Warwick,"To welcome the condition of the time,",2807
Act V,Scene II,Warwick,Which cannot look more hideously upon me,2808
Act V,Scene II,Warwick,Than I have drawn it in my fantasy.,2809
Act V,Scene II,[stage direction],"Enter LANCASTER, CLARENCE, GLOUCESTER, WESTMORELAND, and others",NA
Act V,Scene II,Warwick,Here come the heavy issue of dead Harry:,2810
Act V,Scene II,Warwick,O that the living Harry had the temper,2811
Act V,Scene II,Warwick,"Of him, the worst of these three gentlemen!",2812
Act V,Scene II,Warwick,How many nobles then should hold their places,2813
Act V,Scene II,Warwick,That must strike sail to spirits of vile sort!,2814
Act V,Scene II,Warwick,"Lord Chief-Justice	O God, I fear all will be overturn'd!",2815
Act V,Scene II,Lancaster,"Good morrow, cousin Warwick, good morrow.",2816
Act V,Scene II,Clarence,"Good morrow, cousin.",2817
Act V,Scene II,Lancaster,We meet like men that had forgot to speak.,2818
Act V,Scene II,Warwick,We do remember; but our argument,2819
Act V,Scene II,Warwick,Is all too heavy to admit much talk.,2820
Act V,Scene II,Lancaster,"Well, peace be with him that hath made us heavy.",2821
Act V,Scene II,Lancaster,"Lord Chief-Justice	Peace be with us, lest we be heavier!",2822
Act V,Scene II,Gloucester,"O, good my lord, you have lost a friend indeed;",2823
Act V,Scene II,Gloucester,And I dare swear you borrow not that face,2824
Act V,Scene II,Gloucester,"Of seeming sorrow, it is sure your own.",2825
Act V,Scene II,Lancaster,"Though no man be assured what grace to find,",2826
Act V,Scene II,Lancaster,You stand in coldest expectation:,2827
Act V,Scene II,Lancaster,I am the sorrier; would 'twere otherwise.,2828
Act V,Scene II,Clarence,"Well, you must now speak Sir John Falstaff fair;",2829
Act V,Scene II,Clarence,Which swims against your stream of quality.,2830
Act V,Scene II,Clarence,"Lord Chief-Justice	Sweet princes, what I did, I did in honour,",2831
Act V,Scene II,Clarence,Led by the impartial conduct of my soul:,2832
Act V,Scene II,Clarence,And never shall you see that I will beg,2833
Act V,Scene II,Clarence,A ragged and forestall'd remission.,2834
Act V,Scene II,Clarence,"If truth and upright innocency fail me,",2835
Act V,Scene II,Clarence,"I'll to the king my master that is dead,",2836
Act V,Scene II,Clarence,And tell him who hath sent me after him.,2837
Act V,Scene II,Warwick,Here comes the prince.,2838
Act V,Scene II,[stage direction],"Enter KING HENRY V, attended",NA
Act V,Scene II,Warwick,Lord Chief-Justice	Good morrow; and God save your majesty!,2839
Act V,Scene II,King Henry V,"This new and gorgeous garment, majesty,",2840
Act V,Scene II,King Henry V,Sits not so easy on me as you think.,2841
Act V,Scene II,King Henry V,"Brothers, you mix your sadness with some fear:",2842
Act V,Scene II,King Henry V,"This is the English, not the Turkish court;",2843
Act V,Scene II,King Henry V,"Not Amurath an Amurath succeeds,",2844
Act V,Scene II,King Henry V,"But Harry Harry. Yet be sad, good brothers,",2845
Act V,Scene II,King Henry V,"For, by my faith, it very well becomes you:",2846
Act V,Scene II,King Henry V,Sorrow so royally in you appears,2847
Act V,Scene II,King Henry V,That I will deeply put the fashion on,2848
Act V,Scene II,King Henry V,"And wear it in my heart: why then, be sad;",2849
Act V,Scene II,King Henry V,"But entertain no more of it, good brothers,",2850
Act V,Scene II,King Henry V,Than a joint burden laid upon us all.,2851
Act V,Scene II,King Henry V,"For me, by heaven, I bid you be assured,",2852
Act V,Scene II,King Henry V,I'll be your father and your brother too;,2853
Act V,Scene II,King Henry V,"Let me but bear your love, I 'll bear your cares:",2854
Act V,Scene II,King Henry V,Yet weep that Harry's dead; and so will I;,2855
Act V,Scene II,King Henry V,"But Harry lives, that shall convert those tears",2856
Act V,Scene II,King Henry V,By number into hours of happiness.,2857
Act V,Scene II,Princes,We hope no other from your majesty.,2858
Act V,Scene II,King Henry V,You all look strangely on me: and you most;,2859
Act V,Scene II,King Henry V,"You are, I think, assured I love you not.",2860
Act V,Scene II,King Henry V,"Lord Chief-Justice	I am assured, if I be measured rightly,",2861
Act V,Scene II,King Henry V,Your majesty hath no just cause to hate me.,2862
Act V,Scene II,King Henry V,No!,2863
Act V,Scene II,King Henry V,How might a prince of my great hopes forget,2864
Act V,Scene II,King Henry V,So great indignities you laid upon me?,2865
Act V,Scene II,King Henry V,"What! rate, rebuke, and roughly send to prison",2866
Act V,Scene II,King Henry V,The immediate heir of England! Was this easy?,2867
Act V,Scene II,King Henry V,"May this be wash'd in Lethe, and forgotten?",2868
Act V,Scene II,King Henry V,Lord Chief-Justice	I then did use the person of your father;,2869
Act V,Scene II,King Henry V,The image of his power lay then in me:,2870
Act V,Scene II,King Henry V,"And, in the administration of his law,",2871
Act V,Scene II,King Henry V,"Whiles I was busy for the commonwealth,",2872
Act V,Scene II,King Henry V,"Your highness pleased to forget my place,",2873
Act V,Scene II,King Henry V,"The majesty and power of law and justice,",2874
Act V,Scene II,King Henry V,"The image of the king whom I presented,",2875
Act V,Scene II,King Henry V,And struck me in my very seat of judgment;,2876
Act V,Scene II,King Henry V,"Whereon, as an offender to your father,",2877
Act V,Scene II,King Henry V,I gave bold way to my authority,2878
Act V,Scene II,King Henry V,"And did commit you. If the deed were ill,",2879
Act V,Scene II,King Henry V,"Be you contented, wearing now the garland,",2880
Act V,Scene II,King Henry V,"To have a son set your decrees at nought,",2881
Act V,Scene II,King Henry V,"To pluck down justice from your awful bench,",2882
Act V,Scene II,King Henry V,To trip the course of law and blunt the sword,2883
Act V,Scene II,King Henry V,That guards the peace and safety of your person;,2884
Act V,Scene II,King Henry V,"Nay, more, to spurn at your most royal image",2885
Act V,Scene II,King Henry V,And mock your workings in a second body.,2886
Act V,Scene II,King Henry V,"Question your royal thoughts, make the case yours;",2887
Act V,Scene II,King Henry V,"Be now the father and propose a son,",2888
Act V,Scene II,King Henry V,"Hear your own dignity so much profaned,",2889
Act V,Scene II,King Henry V,"See your most dreadful laws so loosely slighted,",2890
Act V,Scene II,King Henry V,Behold yourself so by a son disdain'd;,2891
Act V,Scene II,King Henry V,And then imagine me taking your part,2892
Act V,Scene II,King Henry V,And in your power soft silencing your son:,2893
Act V,Scene II,King Henry V,"After this cold considerance, sentence me;",2894
Act V,Scene II,King Henry V,"And, as you are a king, speak in your state",2895
Act V,Scene II,King Henry V,"What I have done that misbecame my place,",2896
Act V,Scene II,King Henry V,"My person, or my liege's sovereignty.",2897
Act V,Scene II,King Henry V,"You are right, justice, and you weigh this well;",2898
Act V,Scene II,King Henry V,Therefore still bear the balance and the sword:,2899
Act V,Scene II,King Henry V,"And I do wish your honours may increase,",2900
Act V,Scene II,King Henry V,Till you do live to see a son of mine,2901
Act V,Scene II,King Henry V,"Offend you and obey you, as I did.",2902
Act V,Scene II,King Henry V,So shall I live to speak my father's words:,2903
Act V,Scene II,King Henry V,"'Happy am I, that have a man so bold,",2904
Act V,Scene II,King Henry V,That dares do justice on my proper son;,2905
Act V,Scene II,King Henry V,"And not less happy, having such a son,",2906
Act V,Scene II,King Henry V,That would deliver up his greatness so,2907
Act V,Scene II,King Henry V,Into the hands of justice.' You did commit me:,2908
Act V,Scene II,King Henry V,"For which, I do commit into your hand",2909
Act V,Scene II,King Henry V,The unstained sword that you have used to bear;,2910
Act V,Scene II,King Henry V,"With this remembrance, that you use the same",2911
Act V,Scene II,King Henry V,"With the like bold, just and impartial spirit",2912
Act V,Scene II,King Henry V,As you have done 'gainst me. There is my hand.,2913
Act V,Scene II,King Henry V,You shall be as a father to my youth:,2914
Act V,Scene II,King Henry V,"My voice shall sound as you do prompt mine ear,",2915
Act V,Scene II,King Henry V,And I will stoop and humble my intents,2916
Act V,Scene II,King Henry V,To your well-practised wise directions.,2917
Act V,Scene II,King Henry V,"And, princes all, believe me, I beseech you;",2918
Act V,Scene II,King Henry V,"My father is gone wild into his grave,",2919
Act V,Scene II,King Henry V,For in his tomb lie my affections;,2920
Act V,Scene II,King Henry V,"And with his spirit sadly I survive,",2921
Act V,Scene II,King Henry V,"To mock the expectation of the world,",2922
Act V,Scene II,King Henry V,To frustrate prophecies and to raze out,2923
Act V,Scene II,King Henry V,"Rotten opinion, who hath writ me down",2924
Act V,Scene II,King Henry V,After my seeming. The tide of blood in me,2925
Act V,Scene II,King Henry V,Hath proudly flow'd in vanity till now:,2926
Act V,Scene II,King Henry V,"Now doth it turn and ebb back to the sea,",2927
Act V,Scene II,King Henry V,Where it shall mingle with the state of floods,2928
Act V,Scene II,King Henry V,And flow henceforth in formal majesty.,2929
Act V,Scene II,King Henry V,Now call we our high court of parliament:,2930
Act V,Scene II,King Henry V,"And let us choose such limbs of noble counsel,",2931
Act V,Scene II,King Henry V,That the great body of our state may go,2932
Act V,Scene II,King Henry V,In equal rank with the best govern'd nation;,2933
Act V,Scene II,King Henry V,"That war, or peace, or both at once, may be",2934
Act V,Scene II,King Henry V,As things acquainted and familiar to us;,2935
Act V,Scene II,King Henry V,"In which you, father, shall have foremost hand.",2936
Act V,Scene II,King Henry V,"Our coronation done, we will accite,",2937
Act V,Scene II,King Henry V,"As I before remember'd, all our state:",2938
Act V,Scene II,King Henry V,"And, God consigning to my good intents,",2939
Act V,Scene II,King Henry V,"No prince nor peer shall have just cause to say,",2940
Act V,Scene II,King Henry V,God shorten Harry's happy life one day!,2941
Act V,Scene II,[stage direction],Exeunt,NA
Act V,Scene III,[stage direction],"Enter FALSTAFF, SHALLOW, SILENCE, DAVY, BARDOLPH, and the Page",NA
Act V,Scene III,Shallow,"Nay, you shall see my orchard, where, in an arbour,",2942
Act V,Scene III,Shallow,"we will eat a last year's pippin of my own graffing,",2943
Act V,Scene III,Shallow,"with a dish of caraways, and so forth: come,",2944
Act V,Scene III,Shallow,cousin Silence: and then to bed.,2945
Act V,Scene III,Falstaff,"'Fore God, you have here a goodly dwelling and a rich.",2946
Act V,Scene III,Shallow,"Barren, barren, barren; beggars all, beggars all,",2947
Act V,Scene III,Shallow,"Sir John: marry, good air. Spread, Davy; spread,",2948
Act V,Scene III,Shallow,"Davy; well said, Davy.",2949
Act V,Scene III,Falstaff,This Davy serves you for good uses; he is your,2950
Act V,Scene III,Falstaff,serving-man and your husband.,2951
Act V,Scene III,Shallow,"A good varlet, a good varlet, a very good varlet,",2952
Act V,Scene III,Shallow,"Sir John: by the mass, I have drunk too much sack",2953
Act V,Scene III,Shallow,"at supper: a good varlet. Now sit down, now sit",2954
Act V,Scene III,Shallow,"down: come, cousin.",2955
Act V,Scene III,Silence,"Ah, sirrah! quoth-a, we shall",2956
Act V,Scene III,Silence,"Do nothing but eat, and make good cheer,",2957
Act V,Scene III,[stage direction],Singing,NA
Act V,Scene III,Silence,And praise God for the merry year;,2958
Act V,Scene III,Silence,"When flesh is cheap and females dear,",2959
Act V,Scene III,Silence,And lusty lads roam here and there,2960
Act V,Scene III,Silence,"So merrily,",2961
Act V,Scene III,Silence,And ever among so merrily.,2962
Act V,Scene III,Falstaff,"There's a merry heart! Good Master Silence, I'll",2963
Act V,Scene III,Falstaff,give you a health for that anon.,2964
Act V,Scene III,Shallow,"Give Master Bardolph some wine, Davy.",2965
Act V,Scene III,Davy,"Sweet sir, sit; I'll be with you anon. most sweet",2966
Act V,Scene III,Davy,"sir, sit. Master page, good master page, sit.",2967
Act V,Scene III,Davy,"Proface! What you want in meat, we'll have in drink:",2968
Act V,Scene III,Davy,but you must bear; the heart's all.,2969
Act V,Scene III,[stage direction],Exit,NA
Act V,Scene III,Shallow,"Be merry, Master Bardolph; and, my little soldier",2970
Act V,Scene III,Shallow,"there, be merry.",2971
Act V,Scene III,Silence,"Be merry, be merry, my wife has all;",2972
Act V,Scene III,[stage direction],Singing,NA
Act V,Scene III,Silence,"For women are shrews, both short and tall:",2973
Act V,Scene III,Silence,"'Tis merry in hall when beards wag all,",2974
Act V,Scene III,Silence,And welcome merry Shrove-tide.,2975
Act V,Scene III,Silence,"Be merry, be merry.",2976
Act V,Scene III,Falstaff,I did not think Master Silence had been a man of,2977
Act V,Scene III,Falstaff,this mettle.,2978
Act V,Scene III,Silence,"Who, I? I have been merry twice and once ere now.",2979
Act V,Scene III,[stage direction],Re-enter DAVY,NA
Act V,Scene III,Davy,There's a dish of leather-coats for you.,2980
Act V,Scene III,[stage direction],To BARDOLPH,NA
Act V,Scene III,Shallow,Davy!,2981
Act V,Scene III,Davy,Your worship! I'll be with you straight.,2982
Act V,Scene III,[stage direction],To BARDOLPH,NA
Act V,Scene III,Davy,"A cup of wine, sir?",2983
Act V,Scene III,Silence,"A cup of wine that's brisk and fine,",2984
Act V,Scene III,[stage direction],Singing,NA
Act V,Scene III,Silence,And drink unto the leman mine;,2985
Act V,Scene III,Silence,And a merry heart lives long-a.,2986
Act V,Scene III,Falstaff,"Well said, Master Silence.",2987
Act V,Scene III,Silence,"An we shall be merry, now comes in the sweet o' the night.",2988
Act V,Scene III,Falstaff,"Health and long life to you, Master Silence.",2989
Act V,Scene III,Silence,"Fill the cup, and let it come;",2990
Act V,Scene III,[stage direction],Singing,NA
Act V,Scene III,Silence,I'll pledge you a mile to the bottom.,2991
Act V,Scene III,Shallow,"Honest Bardolph, welcome: if thou wantest any",2992
Act V,Scene III,Shallow,"thing, and wilt not call, beshrew thy heart.",2993
Act V,Scene III,Shallow,"Welcome, my little tiny thief.",2994
Act V,Scene III,[stage direction],To the Page,NA
Act V,Scene III,Shallow,And welcome indeed too. I'll drink to Master,2995
Act V,Scene III,Shallow,"Bardolph, and to all the cavaleros about London.",2996
Act V,Scene III,Davy,I hove to see London once ere I die.,2997
Act V,Scene III,Bardolph,"An I might see you there, Davy,--",2998
Act V,Scene III,Shallow,"By the mass, you'll crack a quart together, ha!",2999
Act V,Scene III,Shallow,"Will you not, Master Bardolph?",3000
Act V,Scene III,Bardolph,"Yea, sir, in a pottle-pot.",3001
Act V,Scene III,Shallow,"By God's liggens, I thank thee: the knave will",3002
Act V,Scene III,Shallow,"stick by thee, I can assure thee that. A' will not",3003
Act V,Scene III,Shallow,out; he is true bred.,3004
Act V,Scene III,Bardolph,"And I'll stick by him, sir.",3005
Act V,Scene III,Shallow,"Why, there spoke a king. Lack nothing: be merry.",3006
Act V,Scene III,[stage direction],Knocking within,NA
Act V,Scene III,Shallow,"Look who's at door there, ho! who knocks?",3007
Act V,Scene III,[stage direction],Exit DAVY,NA
Act V,Scene III,Falstaff,"Why, now you have done me right.",3008
Act V,Scene III,[stage direction],"To SILENCE, seeing him take off a bumper",NA
Act V,Scene III,Silence,[Singing],3009
Act V,Scene III,Silence,"Do me right,",3010
Act V,Scene III,Silence,And dub me knight: Samingo.,3011
Act V,Scene III,Silence,Is't not so?,3012
Act V,Scene III,Falstaff,'Tis so.,3013
Act V,Scene III,Silence,"Is't so? Why then, say an old man can do somewhat.",3014
Act V,Scene III,[stage direction],Re-enter DAVY,NA
Act V,Scene III,Davy,"An't please your worship, there's one Pistol come",3015
Act V,Scene III,Davy,from the court with news.,3016
Act V,Scene III,Falstaff,From the court! let him come in.,3017
Act V,Scene III,[stage direction],Enter PISTOL,NA
Act V,Scene III,Falstaff,"How now, Pistol!",3018
Act V,Scene III,Pistol,"Sir John, God save you!",3019
Act V,Scene III,Falstaff,"What wind blew you hither, Pistol?",3020
Act V,Scene III,Pistol,Not the ill wind which blows no man to good. Sweet,3021
Act V,Scene III,Pistol,"knight, thou art now one of the greatest men in this realm.",3022
Act V,Scene III,Silence,"By'r lady, I think a' be, but goodman Puff of Barson.",3023
Act V,Scene III,Pistol,Puff!,3024
Act V,Scene III,Pistol,"Puff in thy teeth, most recreant coward base!",3025
Act V,Scene III,Pistol,"Sir John, I am thy Pistol and thy friend,",3026
Act V,Scene III,Pistol,"And helter-skelter have I rode to thee,",3027
Act V,Scene III,Pistol,And tidings do I bring and lucky joys,3028
Act V,Scene III,Pistol,And golden times and happy news of price.,3029
Act V,Scene III,Falstaff,"I pray thee now, deliver them like a man of this world.",3030
Act V,Scene III,Pistol,A foutre for the world and worldlings base!,3031
Act V,Scene III,Pistol,I speak of Africa and golden joys.,3032
Act V,Scene III,Falstaff,"O base Assyrian knight, what is thy news?",3033
Act V,Scene III,Falstaff,Let King Cophetua know the truth thereof.,3034
Act V,Scene III,Silence,"And Robin Hood, Scarlet, and John.",3035
Act V,Scene III,[stage direction],Singing,NA
Act V,Scene III,Pistol,Shall dunghill curs confront the Helicons?,3036
Act V,Scene III,Pistol,And shall good news be baffled?,3037
Act V,Scene III,Pistol,"Then, Pistol, lay thy head in Furies' lap.",3038
Act V,Scene III,Silence,"Honest gentleman, I know not your breeding.",3039
Act V,Scene III,Pistol,"Why then, lament therefore.",3040
Act V,Scene III,Shallow,"Give me pardon, sir: if, sir, you come with news",3041
Act V,Scene III,Shallow,"from the court, I take it there's but two ways,",3042
Act V,Scene III,Shallow,"either to utter them, or to conceal them. I am,",3043
Act V,Scene III,Shallow,"sir, under the king, in some authority.",3044
Act V,Scene III,Pistol,"Under which king, Besonian? speak, or die.",3045
Act V,Scene III,Shallow,Under King Harry.,3046
Act V,Scene III,Pistol,Harry the Fourth? or Fifth?,3047
Act V,Scene III,Shallow,Harry the Fourth.,3048
Act V,Scene III,Pistol,A foutre for thine office!,3049
Act V,Scene III,Pistol,"Sir John, thy tender lambkin now is king;",3050
Act V,Scene III,Pistol,Harry the Fifth's the man. I speak the truth:,3051
Act V,Scene III,Pistol,"When Pistol lies, do this; and fig me, like",3052
Act V,Scene III,Pistol,The bragging Spaniard.,3053
Act V,Scene III,Falstaff,"What, is the old king dead?",3054
Act V,Scene III,Pistol,As nail in door: the things I speak are just.,3055
Act V,Scene III,Falstaff,"Away, Bardolph! saddle my horse. Master Robert",3056
Act V,Scene III,Falstaff,"Shallow, choose what office thou wilt in the land,",3057
Act V,Scene III,Falstaff,"'tis thine. Pistol, I will double-charge thee with dignities.",3058
Act V,Scene III,Bardolph,O joyful day!,3059
Act V,Scene III,Bardolph,I would not take a knighthood for my fortune.,3060
Act V,Scene III,Pistol,What! I do bring good news.,3061
Act V,Scene III,Falstaff,"Carry Master Silence to bed. Master Shallow, my",3062
Act V,Scene III,Falstaff,"Lord Shallow,--be what thou wilt; I am fortune's",3063
Act V,Scene III,Falstaff,steward--get on thy boots: we'll ride all night.,3064
Act V,Scene III,Falstaff,"O sweet Pistol! Away, Bardolph!",3065
Act V,Scene III,[stage direction],Exit BARDOLPH,NA
Act V,Scene III,Falstaff,"Come, Pistol, utter more to me; and withal devise",3066
Act V,Scene III,Falstaff,"something to do thyself good. Boot, boot, Master",3067
Act V,Scene III,Falstaff,Shallow: I know the young king is sick for me. Let,3068
Act V,Scene III,Falstaff,us take any man's horses; the laws of England are at,3069
Act V,Scene III,Falstaff,my commandment. Blessed are they that have been my,3070
Act V,Scene III,Falstaff,friends; and woe to my lord chief-justice!,3071
Act V,Scene III,Pistol,Let vultures vile seize on his lungs also!,3072
Act V,Scene III,Pistol,'Where is the life that late I led?' say they:,3073
Act V,Scene III,Pistol,"Why, here it is; welcome these pleasant days!",3074
Act V,Scene III,[stage direction],Exeunt,NA
Act V,Scene IV,[stage direction],"Enter Beadles, dragging in HOSTESS QUICKLY and DOLL TEARSHEET",NA
Act V,Scene IV,Mistress Quickly,"No, thou arrant knave; I would to God that I might",3075
Act V,Scene IV,Mistress Quickly,"die, that I might have thee hanged: thou hast",3076
Act V,Scene IV,Mistress Quickly,drawn my shoulder out of joint.,3077
Act V,Scene IV,First Beadle,The constables have delivered her over to me; and,3078
Act V,Scene IV,First Beadle,"she shall have whipping-cheer enough, I warrant",3079
Act V,Scene IV,First Beadle,her: there hath been a man or two lately killed about her.,3080
Act V,Scene IV,Doll Tearsheet,"Nut-hook, nut-hook, you lie. Come on; I 'll tell",3081
Act V,Scene IV,Doll Tearsheet,"thee what, thou damned tripe-visaged rascal, an",3082
Act V,Scene IV,Doll Tearsheet,"the child I now go with do miscarry, thou wert",3083
Act V,Scene IV,Doll Tearsheet,"better thou hadst struck thy mother, thou",3084
Act V,Scene IV,Doll Tearsheet,paper-faced villain.,3085
Act V,Scene IV,Mistress Quickly,"O the Lord, that Sir John were come! he would make",3086
Act V,Scene IV,Mistress Quickly,this a bloody day to somebody. But I pray God the,3087
Act V,Scene IV,Mistress Quickly,fruit of her womb miscarry!,3088
Act V,Scene IV,First Beadle,"If it do, you shall have a dozen of cushions again;",3089
Act V,Scene IV,First Beadle,"you have but eleven now. Come, I charge you both go",3090
Act V,Scene IV,First Beadle,with me; for the man is dead that you and Pistol,3091
Act V,Scene IV,First Beadle,beat amongst you.,3092
Act V,Scene IV,Doll Tearsheet,"I'll tell you what, you thin man in a censer, I",3093
Act V,Scene IV,Doll Tearsheet,"will have you as soundly swinged for this,--you",3094
Act V,Scene IV,Doll Tearsheet,"blue-bottle rogue, you filthy famished correctioner,",3095
Act V,Scene IV,Doll Tearsheet,"if you be not swinged, I'll forswear half-kirtles.",3096
Act V,Scene IV,First Beadle,"Come, come, you she knight-errant, come.",3097
Act V,Scene IV,Mistress Quickly,"O God, that right should thus overcome might!",3098
Act V,Scene IV,Mistress Quickly,"Well, of sufferance comes ease.",3099
Act V,Scene IV,Doll Tearsheet,"Come, you rogue, come; bring me to a justice.",3100
Act V,Scene IV,Mistress Quickly,"Ay, come, you starved blood-hound.",3101
Act V,Scene IV,Doll Tearsheet,"Goodman death, goodman bones!",3102
Act V,Scene IV,Mistress Quickly,"Thou atomy, thou!",3103
Act V,Scene IV,Doll Tearsheet,"Come, you thin thing; come you rascal.",3104
Act V,Scene IV,First Beadle,Very well.,3105
Act V,Scene IV,[stage direction],Exeunt,NA
Act V,Scene V,[stage direction],"Enter two Grooms, strewing rushes",NA
Act V,Scene V,First Groom,"More rushes, more rushes.",3106
Act V,Scene V,Second Groom,The trumpets have sounded twice.,3107
Act V,Scene V,First Groom,'Twill be two o'clock ere they come from the,3108
Act V,Scene V,First Groom,"coronation: dispatch, dispatch.",3109
Act V,Scene V,[stage direction],Exeunt,NA
Act V,Scene V,[stage direction],"Enter FALSTAFF, SHALLOW, PISTOL, BARDOLPH, and Page",NA
Act V,Scene V,Falstaff,"Stand here by me, Master Robert Shallow; I will",3110
Act V,Scene V,Falstaff,make the king do you grace: I will leer upon him as,3111
Act V,Scene V,Falstaff,a' comes by; and do but mark the countenance that he,3112
Act V,Scene V,Falstaff,will give me.,3113
Act V,Scene V,Pistol,"God bless thy lungs, good knight.",3114
Act V,Scene V,Falstaff,"Come here, Pistol; stand behind me. O, if I had had",3115
Act V,Scene V,Falstaff,"time to have made new liveries, I would have",3116
Act V,Scene V,Falstaff,bestowed the thousand pound I borrowed of you. But,3117
Act V,Scene V,Falstaff,'tis no matter; this poor show doth better: this,3118
Act V,Scene V,Falstaff,doth infer the zeal I had to see him.,3119
Act V,Scene V,Shallow,It doth so.,3120
Act V,Scene V,Falstaff,"It shows my earnestness of affection,--",3121
Act V,Scene V,Shallow,It doth so.,3122
Act V,Scene V,Falstaff,"My devotion,--",3123
Act V,Scene V,Shallow,"It doth, it doth, it doth.",3124
Act V,Scene V,Falstaff,"As it were, to ride day and night; and not to",3125
Act V,Scene V,Falstaff,"deliberate, not to remember, not to have patience",3126
Act V,Scene V,Falstaff,"to shift me,--",3127
Act V,Scene V,Shallow,"It is best, certain.",3128
Act V,Scene V,Falstaff,"But to stand stained with travel, and sweating with",3129
Act V,Scene V,Falstaff,"desire to see him; thinking of nothing else,",3130
Act V,Scene V,Falstaff,"putting all affairs else in oblivion, as if there",3131
Act V,Scene V,Falstaff,were nothing else to be done but to see him.,3132
Act V,Scene V,Pistol,"'Tis 'semper idem,' for 'obsque hoc nihil est:'",3133
Act V,Scene V,Pistol,'tis all in every part.,3134
Act V,Scene V,Shallow,"'Tis so, indeed.",3135
Act V,Scene V,Pistol,"My knight, I will inflame thy noble liver,",3136
Act V,Scene V,Pistol,And make thee rage.,3137
Act V,Scene V,Pistol,"Thy Doll, and Helen of thy noble thoughts,",3138
Act V,Scene V,Pistol,Is in base durance and contagious prison;,3139
Act V,Scene V,Pistol,Haled thither,3140
Act V,Scene V,Pistol,By most mechanical and dirty hand:,3141
Act V,Scene V,Pistol,Rouse up revenge from ebon den with fell,3142
Act V,Scene V,Pistol,"Alecto's snake,",3143
Act V,Scene V,Pistol,For Doll is in. Pistol speaks nought but truth.,3144
Act V,Scene V,Falstaff,I will deliver her.,3145
Act V,Scene V,[stage direction],"Shouts within, and the trumpets sound",NA
Act V,Scene V,Pistol,"There roar'd the sea, and trumpet-clangor sounds.",3146
Act V,Scene V,[stage direction],"Enter KING HENRY V and his train, the Lord Chief- Justice among them",NA
Act V,Scene V,Falstaff,"God save thy grace, King Hal! my royal Hal!",3147
Act V,Scene V,Pistol,"The heavens thee guard and keep, most royal imp of fame!",3148
Act V,Scene V,Falstaff,"God save thee, my sweet boy!",3149
Act V,Scene V,King Henry Iv,"My lord chief-justice, speak to that vain man.",3150
Act V,Scene V,King Henry Iv,Lord Chief-Justice	Have you your wits? know you what 'tis to speak?,3151
Act V,Scene V,Falstaff,"My king! my Jove! I speak to thee, my heart!",3152
Act V,Scene V,King Henry Iv,"I know thee not, old man: fall to thy prayers;",3153
Act V,Scene V,King Henry Iv,How ill white hairs become a fool and jester!,3154
Act V,Scene V,King Henry Iv,"I have long dream'd of such a kind of man,",3155
Act V,Scene V,King Henry Iv,"So surfeit-swell'd, so old and so profane;",3156
Act V,Scene V,King Henry Iv,"But, being awaked, I do despise my dream.",3157
Act V,Scene V,King Henry Iv,"Make less thy body hence, and more thy grace;",3158
Act V,Scene V,King Henry Iv,Leave gormandizing; know the grave doth gape,3159
Act V,Scene V,King Henry Iv,For thee thrice wider than for other men.,3160
Act V,Scene V,King Henry Iv,Reply not to me with a fool-born jest:,3161
Act V,Scene V,King Henry Iv,Presume not that I am the thing I was;,3162
Act V,Scene V,King Henry Iv,"For God doth know, so shall the world perceive,",3163
Act V,Scene V,King Henry Iv,That I have turn'd away my former self;,3164
Act V,Scene V,King Henry Iv,So will I those that kept me company.,3165
Act V,Scene V,King Henry Iv,"When thou dost hear I am as I have been,",3166
Act V,Scene V,King Henry Iv,"Approach me, and thou shalt be as thou wast,",3167
Act V,Scene V,King Henry Iv,The tutor and the feeder of my riots:,3168
Act V,Scene V,King Henry Iv,"Till then, I banish thee, on pain of death,",3169
Act V,Scene V,King Henry Iv,"As I have done the rest of my misleaders,",3170
Act V,Scene V,King Henry Iv,Not to come near our person by ten mile.,3171
Act V,Scene V,King Henry Iv,"For competence of life I will allow you,",3172
Act V,Scene V,King Henry Iv,That lack of means enforce you not to evil:,3173
Act V,Scene V,King Henry Iv,"And, as we hear you do reform yourselves,",3174
Act V,Scene V,King Henry Iv,"We will, according to your strengths and qualities,",3175
Act V,Scene V,King Henry Iv,"Give you advancement. Be it your charge, my lord,",3176
Act V,Scene V,King Henry Iv,To see perform'd the tenor of our word. Set on.,3177
Act V,Scene V,[stage direction],"Exeunt KING HENRY V,  &amp; c",NA
Act V,Scene V,Falstaff,"Master Shallow, I owe you a thousand pound.",3178
Act V,Scene V,Shallow,"Yea, marry, Sir John; which I beseech you to let me",3179
Act V,Scene V,Shallow,have home with me.,3180
Act V,Scene V,Falstaff,"That can hardly be, Master Shallow. Do not you",3181
Act V,Scene V,Falstaff,grieve at this; I shall be sent for in private to,3182
Act V,Scene V,Falstaff,"him: look you, he must seem thus to the world:",3183
Act V,Scene V,Falstaff,fear not your advancements; I will be the man yet,3184
Act V,Scene V,Falstaff,that shall make you great.,3185
Act V,Scene V,Shallow,"I cannot well perceive how, unless you should give",3186
Act V,Scene V,Shallow,me your doublet and stuff me out with straw. I,3187
Act V,Scene V,Shallow,"beseech you, good Sir John, let me have five hundred",3188
Act V,Scene V,Shallow,of my thousand.,3189
Act V,Scene V,Falstaff,"Sir, I will be as good as my word: this that you",3190
Act V,Scene V,Falstaff,heard was but a colour.,3191
Act V,Scene V,Shallow,"A colour that I fear you will die in, Sir John.",3192
Act V,Scene V,Falstaff,"Fear no colours: go  with me to dinner: come,",3193
Act V,Scene V,Falstaff,"Lieutenant Pistol; come, Bardolph: I shall be sent",3194
Act V,Scene V,Falstaff,for soon at night.,3195
Act V,Scene V,[stage direction],"Re-enter Prince John of LANCASTER, the Lord Chief-Justice; Officers with them",NA
Act V,Scene V,Falstaff,"Lord Chief-Justice	Go, carry Sir John Falstaff to the Fleet:",3196
Act V,Scene V,Falstaff,Take all his company along with him.,3197
Act V,Scene V,Falstaff,"My lord, my lord,--",3198
Act V,Scene V,Falstaff,Lord Chief-Justice	I cannot now speak: I will hear you soon.,3199
Act V,Scene V,Falstaff,Take them away.,3200
Act V,Scene V,Pistol,"Si fortune me tormenta, spero contenta.",3201
Act V,Scene V,[stage direction],Exeunt all but PRINCE JOHN and the Lord Chief-Justice,NA
Act V,Scene V,Lancaster,I like this fair proceeding of the king's:,3202
Act V,Scene V,Lancaster,He hath intent his wonted followers,3203
Act V,Scene V,Lancaster,Shall all be very well provided for;,3204
Act V,Scene V,Lancaster,But all are banish'd till their conversations,3205
Act V,Scene V,Lancaster,Appear more wise and modest to the world.,3206
Act V,Scene V,Lancaster,Lord Chief-Justice	And so they are.,3207
Act V,Scene V,Lancaster,"The king hath call'd his parliament, my lord.",3208
Act V,Scene V,Lancaster,Lord Chief-Justice	He hath.,3209
Act V,Scene V,Lancaster,"I will lay odds that, ere this year expire,",3210
Act V,Scene V,Lancaster,We bear our civil swords and native fire,3211
Act V,Scene V,Lancaster,"As far as France: I beard a bird so sing,",3212
Act V,Scene V,Lancaster,"Whose music, to my thinking, pleased the king.",3213
Act V,Scene V,Lancaster,"Come, will you hence?",3214
Act V,Scene V,[stage direction],Exeunt,NA
Act V,Epilogue,[stage direction],Spoken by a Dancer,NA
Act V,Epilogue,Lancaster,First my fear; then my courtesy; last my speech.,3215
Act V,Epilogue,Lancaster,"My fear is, your displeasure; my courtesy, my duty;",3216
Act V,Epilogue,Lancaster,"and my speech, to beg your pardons. If you look",3217
Act V,Epilogue,Lancaster,"for a good speech now, you undo me: for what I have",3218
Act V,Epilogue,Lancaster,to say is of mine own making; and what indeed I,3219
Act V,Epilogue,Lancaster,"should say will, I doubt, prove mine own marring.",3220
Act V,Epilogue,Lancaster,"But to the purpose, and so to the venture. Be it",3221
Act V,Epilogue,Lancaster,"known to you, as it is very well, I was lately here",3222
Act V,Epilogue,Lancaster,"in the end of a displeasing play, to pray your",3223
Act V,Epilogue,Lancaster,patience for it and to promise you a better. I,3224
Act V,Epilogue,Lancaster,"meant indeed to pay you with this; which, if like an",3225
Act V,Epilogue,Lancaster,"ill venture it come unluckily home, I break, and",3226
Act V,Epilogue,Lancaster,"you, my gentle creditors, lose. Here I promised you",3227
Act V,Epilogue,Lancaster,I would be and here I commit my body to your,3228
Act V,Epilogue,Lancaster,"mercies: bate me some and I will pay you some and,",3229
Act V,Epilogue,Lancaster,"as most debtors do, promise you infinitely.",3230
Act V,Epilogue,Lancaster,"If my tongue cannot entreat you to acquit me, will",3231
Act V,Epilogue,Lancaster,you command me to use my legs? and yet that were but,3232
Act V,Epilogue,Lancaster,"light payment, to dance out of your debt. But a",3233
Act V,Epilogue,Lancaster,"good conscience will make any possible satisfaction,",3234
Act V,Epilogue,Lancaster,and so would I. All the gentlewomen here have,3235
Act V,Epilogue,Lancaster,"forgiven me: if the gentlemen will not, then the",3236
Act V,Epilogue,Lancaster,"gentlemen do not agree with the gentlewomen, which",3237
Act V,Epilogue,Lancaster,was never seen before in such an assembly.,3238
Act V,Epilogue,Lancaster,"One word more, I beseech you. If you be not too",3239
Act V,Epilogue,Lancaster,"much cloyed with fat meat, our humble author will",3240
Act V,Epilogue,Lancaster,"continue the story, with Sir John in it, and make",3241
Act V,Epilogue,Lancaster,"you merry with fair Katharine of France: where, for",3242
Act V,Epilogue,Lancaster,"any thing I know, Falstaff shall die of a sweat,",3243
Act V,Epilogue,Lancaster,unless already a' be killed with your hard,3244
Act V,Epilogue,Lancaster,"opinions; for Oldcastle died a martyr, and this is",3245
Act V,Epilogue,Lancaster,not the man. My tongue is weary; when my legs are,3246
Act V,Epilogue,Lancaster,"too, I will bid you good night: and so kneel down",3247
Act V,Epilogue,Lancaster,"before you; but, indeed, to pray for the queen.",3248
