act,scene,character,dialogue,line_number
Act I,Scene I,[stage direction],"Enter BERTRAM, the COUNTESS of Rousillon, HELENA, and LAFEU, all in black",NA
Act I,Scene I,Countess,"In delivering my son from me, I bury a second husband.",1
Act I,Scene I,Bertram,"And I in going, madam, weep o'er my father's death",2
Act I,Scene I,Bertram,"anew: but I must attend his majesty's command, to",3
Act I,Scene I,Bertram,"whom I am now in ward, evermore in subjection.",4
Act I,Scene I,Lafeu,"You shall find of the king a husband, madam; you,",5
Act I,Scene I,Lafeu,"sir, a father: he that so generally is at all times",6
Act I,Scene I,Lafeu,good must of necessity hold his virtue to you; whose,7
Act I,Scene I,Lafeu,worthiness would stir it up where it wanted rather,8
Act I,Scene I,Lafeu,than lack it where there is such abundance.,9
Act I,Scene I,Countess,What hope is there of his majesty's amendment?,10
Act I,Scene I,Lafeu,"He hath abandoned his physicians, madam; under whose",11
Act I,Scene I,Lafeu,"practises he hath persecuted time with hope, and",12
Act I,Scene I,Lafeu,finds no other advantage in the process but only the,13
Act I,Scene I,Lafeu,losing of hope by time.,14
Act I,Scene I,Countess,"This young gentlewoman had a father,--O, that",15
Act I,Scene I,Countess,'had'! how sad a passage 'tis!--whose skill was,16
Act I,Scene I,Countess,almost as great as his honesty; had it stretched so,17
Act I,Scene I,Countess,"far, would have made nature immortal, and death",18
Act I,Scene I,Countess,"should have play for lack of work. Would, for the",19
Act I,Scene I,Countess,"king's sake, he were living! I think it would be",20
Act I,Scene I,Countess,the death of the king's disease.,21
Act I,Scene I,Lafeu,"How called you the man you speak of, madam?",22
Act I,Scene I,Countess,"He was famous, sir, in his profession, and it was",23
Act I,Scene I,Countess,his great right to be so: Gerard de Narbon.,24
Act I,Scene I,Lafeu,"He was excellent indeed, madam: the king very",25
Act I,Scene I,Lafeu,lately spoke of him admiringly and mourningly: he,26
Act I,Scene I,Lafeu,"was skilful enough to have lived still, if knowledge",27
Act I,Scene I,Lafeu,could be set up against mortality.,28
Act I,Scene I,Bertram,"What is it, my good lord, the king languishes of?",29
Act I,Scene I,Lafeu,"A fistula, my lord.",30
Act I,Scene I,Bertram,I heard not of it before.,31
Act I,Scene I,Lafeu,I would it were not notorious. Was this gentlewoman,32
Act I,Scene I,Lafeu,the daughter of Gerard de Narbon?,33
Act I,Scene I,Countess,"His sole child, my lord, and bequeathed to my",34
Act I,Scene I,Countess,overlooking. I have those hopes of her good that,35
Act I,Scene I,Countess,her education promises; her dispositions she,36
Act I,Scene I,Countess,"inherits, which makes fair gifts fairer; for where",37
Act I,Scene I,Countess,"an unclean mind carries virtuous qualities, there",38
Act I,Scene I,Countess,commendations go with pity; they are virtues and,39
Act I,Scene I,Countess,traitors too; in her they are the better for their,40
Act I,Scene I,Countess,simpleness; she derives her honesty and achieves her goodness.,41
Act I,Scene I,Lafeu,"Your commendations, madam, get from her tears.",42
Act I,Scene I,Countess,'Tis the best brine a maiden can season her praise,43
Act I,Scene I,Countess,in. The remembrance of her father never approaches,44
Act I,Scene I,Countess,her heart but the tyranny of her sorrows takes all,45
Act I,Scene I,Countess,"livelihood from her cheek. No more of this, Helena;",46
Act I,Scene I,Countess,"go to, no more; lest it be rather thought you affect",47
Act I,Scene I,Countess,a sorrow than have it.,48
Act I,Scene I,Helena,"I do affect a sorrow indeed, but I have it too.",49
Act I,Scene I,Lafeu,"Moderate lamentation is the right of the dead,",50
Act I,Scene I,Lafeu,excessive grief the enemy to the living.,51
Act I,Scene I,Countess,"If the living be enemy to the grief, the excess",52
Act I,Scene I,Countess,makes it soon mortal.,53
Act I,Scene I,Bertram,"Madam, I desire your holy wishes.",54
Act I,Scene I,Lafeu,How understand we that?,55
Act I,Scene I,Countess,"Be thou blest, Bertram, and succeed thy father",56
Act I,Scene I,Countess,"In manners, as in shape! thy blood and virtue",57
Act I,Scene I,Countess,"Contend for empire in thee, and thy goodness",58
Act I,Scene I,Countess,"Share with thy birthright! Love all, trust a few,",59
Act I,Scene I,Countess,Do wrong to none: be able for thine enemy,60
Act I,Scene I,Countess,"Rather in power than use, and keep thy friend",61
Act I,Scene I,Countess,"Under thy own life's key: be cheque'd for silence,",62
Act I,Scene I,Countess,"But never tax'd for speech. What heaven more will,",63
Act I,Scene I,Countess,"That thee may furnish and my prayers pluck down,",64
Act I,Scene I,Countess,"Fall on thy head! Farewell, my lord;",65
Act I,Scene I,Countess,"'Tis an unseason'd courtier; good my lord,",66
Act I,Scene I,Countess,Advise him.,67
Act I,Scene I,Lafeu,He cannot want the best,68
Act I,Scene I,Lafeu,That shall attend his love.,69
Act I,Scene I,Countess,"Heaven bless him! Farewell, Bertram.",70
Act I,Scene I,[stage direction],Exit,NA
Act I,Scene I,Bertram,[To HELENA]  The best wishes that can be forged in,71
Act I,Scene I,Bertram,your thoughts be servants to you! Be comfortable,72
Act I,Scene I,Bertram,"to my mother, your mistress, and make much of her.",73
Act I,Scene I,Lafeu,"Farewell, pretty lady: you must hold the credit of",74
Act I,Scene I,Lafeu,your father.,75
Act I,Scene I,[stage direction],Exeunt BERTRAM and LAFEU,NA
Act I,Scene I,Helena,"O, were that all! I think not on my father;",76
Act I,Scene I,Helena,And these great tears grace his remembrance more,77
Act I,Scene I,Helena,Than those I shed for him. What was he like?,78
Act I,Scene I,Helena,I have forgot him: my imagination,79
Act I,Scene I,Helena,Carries no favour in't but Bertram's.,80
Act I,Scene I,Helena,"I am undone: there is no living, none,",81
Act I,Scene I,Helena,If Bertram be away. 'Twere all one,82
Act I,Scene I,Helena,That I should love a bright particular star,83
Act I,Scene I,Helena,"And think to wed it, he is so above me:",84
Act I,Scene I,Helena,In his bright radiance and collateral light,85
Act I,Scene I,Helena,"Must I be comforted, not in his sphere.",86
Act I,Scene I,Helena,The ambition in my love thus plagues itself:,87
Act I,Scene I,Helena,The hind that would be mated by the lion,88
Act I,Scene I,Helena,"Must die for love. 'Twas pretty, though plague,",89
Act I,Scene I,Helena,To see him every hour; to sit and draw,90
Act I,Scene I,Helena,"His arched brows, his hawking eye, his curls,",91
Act I,Scene I,Helena,In our heart's table; heart too capable,92
Act I,Scene I,Helena,Of every line and trick of his sweet favour:,93
Act I,Scene I,Helena,"But now he's gone, and my idolatrous fancy",94
Act I,Scene I,Helena,Must sanctify his reliques. Who comes here?,95
Act I,Scene I,[stage direction],Enter PAROLLES,NA
Act I,Scene I,[stage direction],Aside,NA
Act I,Scene I,Helena,One that goes with him: I love him for his sake;,96
Act I,Scene I,Helena,"And yet I know him a notorious liar,",97
Act I,Scene I,Helena,"Think him a great way fool, solely a coward;",98
Act I,Scene I,Helena,"Yet these fixed evils sit so fit in him,",99
Act I,Scene I,Helena,"That they take place, when virtue's steely bones",100
Act I,Scene I,Helena,"Look bleak i' the cold wind: withal, full oft we see",101
Act I,Scene I,Helena,Cold wisdom waiting on superfluous folly.,102
Act I,Scene I,Parolles,"Save you, fair queen!",103
Act I,Scene I,Helena,"And you, monarch!",104
Act I,Scene I,Parolles,No.,105
Act I,Scene I,Helena,And no.,106
Act I,Scene I,Parolles,Are you meditating on virginity?,107
Act I,Scene I,Helena,Ay. You have some stain of soldier in you: let me,108
Act I,Scene I,Helena,ask you a question. Man is enemy to virginity; how,109
Act I,Scene I,Helena,may we barricado it against him?,110
Act I,Scene I,Parolles,Keep him out.,111
Act I,Scene I,Helena,"But he assails; and our virginity, though valiant,",112
Act I,Scene I,Helena,in the defence yet is weak: unfold to us some,113
Act I,Scene I,Helena,warlike resistance.,114
Act I,Scene I,Parolles,"There is none: man, sitting down before you, will",115
Act I,Scene I,Parolles,undermine you and blow you up.,116
Act I,Scene I,Helena,Bless our poor virginity from underminers and,117
Act I,Scene I,Helena,"blowers up! Is there no military policy, how",118
Act I,Scene I,Helena,virgins might blow up men?,119
Act I,Scene I,Parolles,"Virginity being blown down, man will quicklier be",120
Act I,Scene I,Parolles,"blown up: marry, in blowing him down again, with",121
Act I,Scene I,Parolles,"the breach yourselves made, you lose your city. It",122
Act I,Scene I,Parolles,is not politic in the commonwealth of nature to,123
Act I,Scene I,Parolles,preserve virginity. Loss of virginity is rational,124
Act I,Scene I,Parolles,increase and there was never virgin got till,125
Act I,Scene I,Parolles,virginity was first lost. That you were made of is,126
Act I,Scene I,Parolles,metal to make virgins. Virginity by being once lost,127
Act I,Scene I,Parolles,"may be ten times found; by being ever kept, it is",128
Act I,Scene I,Parolles,ever lost: 'tis too cold a companion; away with 't!,129
Act I,Scene I,Helena,"I will stand for 't a little, though therefore I die a virgin.",130
Act I,Scene I,Parolles,There's little can be said in 't; 'tis against the,131
Act I,Scene I,Parolles,"rule of nature. To speak on the part of virginity,",132
Act I,Scene I,Parolles,is to accuse your mothers; which is most infallible,133
Act I,Scene I,Parolles,disobedience. He that hangs himself is a virgin:,134
Act I,Scene I,Parolles,virginity murders itself and should be buried in,135
Act I,Scene I,Parolles,"highways out of all sanctified limit, as a desperate",136
Act I,Scene I,Parolles,"offendress against nature. Virginity breeds mites,",137
Act I,Scene I,Parolles,much like a cheese; consumes itself to the very,138
Act I,Scene I,Parolles,"paring, and so dies with feeding his own stomach.",139
Act I,Scene I,Parolles,"Besides, virginity is peevish, proud, idle, made of",140
Act I,Scene I,Parolles,"self-love, which is the most inhibited sin in the",141
Act I,Scene I,Parolles,canon. Keep it not; you cannot choose but loose,142
Act I,Scene I,Parolles,by't: out with 't! within ten year it will make,143
Act I,Scene I,Parolles,"itself ten, which is a goodly increase; and the",144
Act I,Scene I,Parolles,principal itself not much the worse: away with 't!,145
Act I,Scene I,Helena,"How might one do, sir, to lose it to her own liking?",146
Act I,Scene I,Parolles,"Let me see: marry, ill, to like him that ne'er it",147
Act I,Scene I,Parolles,likes. 'Tis a commodity will lose the gloss with,148
Act I,Scene I,Parolles,"lying; the longer kept, the less worth: off with 't",149
Act I,Scene I,Parolles,while 'tis vendible; answer the time of request.,150
Act I,Scene I,Parolles,"Virginity, like an old courtier, wears her cap out",151
Act I,Scene I,Parolles,"of fashion: richly suited, but unsuitable: just",152
Act I,Scene I,Parolles,"like the brooch and the tooth-pick, which wear not",153
Act I,Scene I,Parolles,now. Your date is better in your pie and your,154
Act I,Scene I,Parolles,"porridge than in your cheek; and your virginity,",155
Act I,Scene I,Parolles,"your old virginity, is like one of our French",156
Act I,Scene I,Parolles,"withered pears, it looks ill, it eats drily; marry,",157
Act I,Scene I,Parolles,'tis a withered pear; it was formerly better;,158
Act I,Scene I,Parolles,"marry, yet 'tis a withered pear: will you anything with it?",159
Act I,Scene I,Helena,Not my virginity yet [         ],160
Act I,Scene I,Helena,"There shall your master have a thousand loves,",161
Act I,Scene I,Helena,"A mother and a mistress and a friend,",162
Act I,Scene I,Helena,"A phoenix, captain and an enemy,",163
Act I,Scene I,Helena,"A guide, a goddess, and a sovereign,",164
Act I,Scene I,Helena,"A counsellor, a traitress, and a dear;",165
Act I,Scene I,Helena,"His humble ambition, proud humility,",166
Act I,Scene I,Helena,"His jarring concord, and his discord dulcet,",167
Act I,Scene I,Helena,"His faith, his sweet disaster; with a world",168
Act I,Scene I,Helena,"Of pretty, fond, adoptious christendoms,",169
Act I,Scene I,Helena,That blinking Cupid gossips. Now shall he--,170
Act I,Scene I,Helena,I know not what he shall. God send him well!,171
Act I,Scene I,Helena,"The court's a learning place, and he is one--",172
Act I,Scene I,Parolles,"What one, i' faith?",173
Act I,Scene I,Helena,That I wish well. 'Tis pity--,174
Act I,Scene I,Parolles,What's pity?,175
Act I,Scene I,Helena,"That wishing well had not a body in't,",176
Act I,Scene I,Helena,"Which might be felt; that we, the poorer born,",177
Act I,Scene I,Helena,"Whose baser stars do shut us up in wishes,",178
Act I,Scene I,Helena,"Might with effects of them follow our friends,",179
Act I,Scene I,Helena,"And show what we alone must think, which never",180
Act I,Scene I,Helena,Return us thanks.,181
Act I,Scene I,[stage direction],Enter Page,NA
Act I,Scene I,Page,"Monsieur Parolles, my lord calls for you.",182
Act I,Scene I,[stage direction],Exit,NA
Act I,Scene I,Parolles,"Little Helen, farewell; if I can remember thee, I",183
Act I,Scene I,Parolles,will think of thee at court.,184
Act I,Scene I,Helena,"Monsieur Parolles, you were born under a charitable star.",185
Act I,Scene I,Parolles,"Under Mars, I.",186
Act I,Scene I,Helena,"I especially think, under Mars.",187
Act I,Scene I,Parolles,Why under Mars?,188
Act I,Scene I,Helena,The wars have so kept you under that you must needs,189
Act I,Scene I,Helena,be born under Mars.,190
Act I,Scene I,Parolles,When he was predominant.,191
Act I,Scene I,Helena,"When he was retrograde, I think, rather.",192
Act I,Scene I,Parolles,Why think you so?,193
Act I,Scene I,Helena,You go so much backward when you fight.,194
Act I,Scene I,Parolles,That's for advantage.,195
Act I,Scene I,Helena,"So is running away, when fear proposes the safety;",196
Act I,Scene I,Helena,but the composition that your valour and fear makes,197
Act I,Scene I,Helena,"in you is a virtue of a good wing, and I like the wear well.",198
Act I,Scene I,Parolles,"I am so full of businesses, I cannot answer thee",199
Act I,Scene I,Parolles,acutely. I will return perfect courtier; in the,200
Act I,Scene I,Parolles,"which, my instruction shall serve to naturalize",201
Act I,Scene I,Parolles,"thee, so thou wilt be capable of a courtier's",202
Act I,Scene I,Parolles,counsel and understand what advice shall thrust upon,203
Act I,Scene I,Parolles,"thee; else thou diest in thine unthankfulness, and",204
Act I,Scene I,Parolles,thine ignorance makes thee away: farewell. When,205
Act I,Scene I,Parolles,"thou hast leisure, say thy prayers; when thou hast",206
Act I,Scene I,Parolles,"none, remember thy friends; get thee a good husband,",207
Act I,Scene I,Parolles,"and use him as he uses thee; so, farewell.",208
Act I,Scene I,[stage direction],Exit,NA
Act I,Scene I,Helena,"Our remedies oft in ourselves do lie,",209
Act I,Scene I,Helena,Which we ascribe to heaven: the fated sky,210
Act I,Scene I,Helena,"Gives us free scope, only doth backward pull",211
Act I,Scene I,Helena,Our slow designs when we ourselves are dull.,212
Act I,Scene I,Helena,"What power is it which mounts my love so high,",213
Act I,Scene I,Helena,"That makes me see, and cannot feed mine eye?",214
Act I,Scene I,Helena,The mightiest space in fortune nature brings,215
Act I,Scene I,Helena,To join like likes and kiss like native things.,216
Act I,Scene I,Helena,Impossible be strange attempts to those,217
Act I,Scene I,Helena,That weigh their pains in sense and do suppose,218
Act I,Scene I,Helena,What hath been cannot be: who ever strove,219
Act I,Scene I,Helena,"So show her merit, that did miss her love?",220
Act I,Scene I,Helena,"The king's disease--my project may deceive me,",221
Act I,Scene I,Helena,But my intents are fix'd and will not leave me.,222
Act I,Scene I,[stage direction],Exit,NA
Act I,Scene II,[stage direction],"Flourish of cornets. Enter the KING of France, with letters, and divers Attendants",NA
Act I,Scene II,King,The Florentines and Senoys are by the ears;,223
Act I,Scene II,King,Have fought with equal fortune and continue,224
Act I,Scene II,King,A braving war.,225
Act I,Scene II,First Lord,"So 'tis reported, sir.",226
Act I,Scene II,King,"Nay, 'tis most credible; we here received it",227
Act I,Scene II,King,"A certainty, vouch'd from our cousin Austria,",228
Act I,Scene II,King,With caution that the Florentine will move us,229
Act I,Scene II,King,For speedy aid; wherein our dearest friend,230
Act I,Scene II,King,Prejudicates the business and would seem,231
Act I,Scene II,King,To have us make denial.,232
Act I,Scene II,First Lord,"His love and wisdom,",233
Act I,Scene II,First Lord,"Approved so to your majesty, may plead",234
Act I,Scene II,First Lord,For amplest credence.,235
Act I,Scene II,King,"He hath arm'd our answer,",236
Act I,Scene II,King,And Florence is denied before he comes:,237
Act I,Scene II,King,"Yet, for our gentlemen that mean to see",238
Act I,Scene II,King,"The Tuscan service, freely have they leave",239
Act I,Scene II,King,To stand on either part.,240
Act I,Scene II,Second Lord,It well may serve,241
Act I,Scene II,Second Lord,"A nursery to our gentry, who are sick",242
Act I,Scene II,Second Lord,For breathing and exploit.,243
Act I,Scene II,King,What's he comes here?,244
Act I,Scene II,[stage direction],"Enter BERTRAM, LAFEU, and PAROLLES",NA
Act I,Scene II,First Lord,"It is the Count Rousillon, my good lord,",245
Act I,Scene II,First Lord,Young Bertram.,246
Act I,Scene II,King,"Youth, thou bear'st thy father's face;",247
Act I,Scene II,King,"Frank nature, rather curious than in haste,",248
Act I,Scene II,King,Hath well composed thee. Thy father's moral parts,249
Act I,Scene II,King,Mayst thou inherit too! Welcome to Paris.,250
Act I,Scene II,Bertram,My thanks and duty are your majesty's.,251
Act I,Scene II,King,"I would I had that corporal soundness now,",252
Act I,Scene II,King,As when thy father and myself in friendship,253
Act I,Scene II,King,First tried our soldiership! He did look far,254
Act I,Scene II,King,Into the service of the time and was,255
Act I,Scene II,King,Discipled of the bravest: he lasted long;,256
Act I,Scene II,King,But on us both did haggish age steal on,257
Act I,Scene II,King,And wore us out of act. It much repairs me,258
Act I,Scene II,King,To talk of your good father. In his youth,259
Act I,Scene II,King,He had the wit which I can well observe,260
Act I,Scene II,King,To-day in our young lords; but they may jest,261
Act I,Scene II,King,Till their own scorn return to them unnoted,262
Act I,Scene II,King,Ere they can hide their levity in honour;,263
Act I,Scene II,King,"So like a courtier, contempt nor bitterness",264
Act I,Scene II,King,"Were in his pride or sharpness; if they were,",265
Act I,Scene II,King,"His equal had awaked them, and his honour,",266
Act I,Scene II,King,"Clock to itself, knew the true minute when",267
Act I,Scene II,King,"Exception bid him speak, and at this time",268
Act I,Scene II,King,His tongue obey'd his hand: who were below him,269
Act I,Scene II,King,He used as creatures of another place,270
Act I,Scene II,King,"And bow'd his eminent top to their low ranks,",271
Act I,Scene II,King,"Making them proud of his humility,",272
Act I,Scene II,King,In their poor praise he humbled. Such a man,273
Act I,Scene II,King,Might be a copy to these younger times;,274
Act I,Scene II,King,"Which, follow'd well, would demonstrate them now",275
Act I,Scene II,King,But goers backward.,276
Act I,Scene II,Bertram,"His good remembrance, sir,",277
Act I,Scene II,Bertram,Lies richer in your thoughts than on his tomb;,278
Act I,Scene II,Bertram,So in approof lives not his epitaph,279
Act I,Scene II,Bertram,As in your royal speech.,280
Act I,Scene II,King,Would I were with him! He would always say--,281
Act I,Scene II,King,Methinks I hear him now; his plausive words,282
Act I,Scene II,King,"He scatter'd not in ears, but grafted them,",283
Act I,Scene II,King,"To grow there and to bear,--'Let me not live,'--",284
Act I,Scene II,King,"This his good melancholy oft began,",285
Act I,Scene II,King,"On the catastrophe and heel of pastime,",286
Act I,Scene II,King,"When it was out,--'Let me not live,' quoth he,",287
Act I,Scene II,King,"'After my flame lacks oil, to be the snuff",288
Act I,Scene II,King,"Of younger spirits, whose apprehensive senses",289
Act I,Scene II,King,All but new things disdain; whose judgments are,290
Act I,Scene II,King,Mere fathers of their garments; whose constancies,291
Act I,Scene II,King,Expire before their fashions.' This he wish'd;,292
Act I,Scene II,King,"I after him do after him wish too,",293
Act I,Scene II,King,"Since I nor wax nor honey can bring home,",294
Act I,Scene II,King,"I quickly were dissolved from my hive,",295
Act I,Scene II,King,To give some labourers room.,296
Act I,Scene II,Second Lord,"You are loved, sir:",297
Act I,Scene II,Second Lord,They that least lend it you shall lack you first.,298
Act I,Scene II,King,"I fill a place, I know't. How long is't, count,",299
Act I,Scene II,King,Since the physician at your father's died?,300
Act I,Scene II,King,He was much famed.,301
Act I,Scene II,Bertram,"Some six months since, my lord.",302
Act I,Scene II,King,"If he were living, I would try him yet.",303
Act I,Scene II,King,Lend me an arm; the rest have worn me out,304
Act I,Scene II,King,With several applications; nature and sickness,305
Act I,Scene II,King,"Debate it at their leisure. Welcome, count;",306
Act I,Scene II,King,My son's no dearer.,307
Act I,Scene II,Bertram,Thank your majesty.,308
Act I,Scene II,[stage direction],Exeunt. Flourish,NA
Act I,Scene III,[stage direction],"Enter COUNTESS, Steward, and Clown",NA
Act I,Scene III,Countess,I will now hear; what say you of this gentlewoman?,309
Act I,Scene III,Steward,"Madam, the care I have had to even your content, I",310
Act I,Scene III,Steward,wish might be found in the calendar of my past,311
Act I,Scene III,Steward,endeavours; for then we wound our modesty and make,312
Act I,Scene III,Steward,"foul the clearness of our deservings, when of",313
Act I,Scene III,Steward,ourselves we publish them.,314
Act I,Scene III,Countess,"What does this knave here? Get you gone, sirrah:",315
Act I,Scene III,Countess,the complaints I have heard of you I do not all,316
Act I,Scene III,Countess,believe: 'tis my slowness that I do not; for I know,317
Act I,Scene III,Countess,"you lack not folly to commit them, and have ability",318
Act I,Scene III,Countess,enough to make such knaveries yours.,319
Act I,Scene III,Clown,"'Tis not unknown to you, madam, I am a poor fellow.",320
Act I,Scene III,Countess,"Well, sir.",321
Act I,Scene III,Clown,"No, madam, 'tis not so well that I am poor, though",322
Act I,Scene III,Clown,"many of the rich are damned: but, if I may have",323
Act I,Scene III,Clown,"your ladyship's good will to go to the world, Isbel",324
Act I,Scene III,Clown,the woman and I will do as we may.,325
Act I,Scene III,Countess,Wilt thou needs be a beggar?,326
Act I,Scene III,Clown,I do beg your good will in this case.,327
Act I,Scene III,Countess,In what case?,328
Act I,Scene III,Clown,In Isbel's case and mine own. Service is no,329
Act I,Scene III,Clown,heritage: and I think I shall never have the,330
Act I,Scene III,Clown,blessing of God till I have issue o' my body; for,331
Act I,Scene III,Clown,they say barnes are blessings.,332
Act I,Scene III,Countess,Tell me thy reason why thou wilt marry.,333
Act I,Scene III,Clown,"My poor body, madam, requires it: I am driven on",334
Act I,Scene III,Clown,by the flesh; and he must needs go that the devil drives.,335
Act I,Scene III,Countess,Is this all your worship's reason?,336
Act I,Scene III,Clown,"Faith, madam, I have other holy reasons such as they",337
Act I,Scene III,Clown,are.,338
Act I,Scene III,Countess,May the world know them?,339
Act I,Scene III,Clown,"I have been, madam, a wicked creature, as you and",340
Act I,Scene III,Clown,"all flesh and blood are; and, indeed, I do marry",341
Act I,Scene III,Clown,that I may repent.,342
Act I,Scene III,Countess,"Thy marriage, sooner than thy wickedness.",343
Act I,Scene III,Clown,"I am out o' friends, madam; and I hope to have",344
Act I,Scene III,Clown,friends for my wife's sake.,345
Act I,Scene III,Countess,"Such friends are thine enemies, knave.",346
Act I,Scene III,Clown,"You're shallow, madam, in great friends; for the",347
Act I,Scene III,Clown,knaves come to do that for me which I am aweary of.,348
Act I,Scene III,Clown,He that ears my land spares my team and gives me,349
Act I,Scene III,Clown,"leave to in the crop; if I be his cuckold, he's my",350
Act I,Scene III,Clown,drudge: he that comforts my wife is the cherisher,351
Act I,Scene III,Clown,of my flesh and blood; he that cherishes my flesh,352
Act I,Scene III,Clown,and blood loves my flesh and blood; he that loves my,353
Act I,Scene III,Clown,"flesh and blood is my friend: ergo, he that kisses",354
Act I,Scene III,Clown,my wife is my friend. If men could be contented to,355
Act I,Scene III,Clown,"be what they are, there were no fear in marriage;",356
Act I,Scene III,Clown,for young Charbon the Puritan and old Poysam the,357
Act I,Scene III,Clown,"Papist, howsome'er their hearts are severed in",358
Act I,Scene III,Clown,"religion, their heads are both one; they may jowl",359
Act I,Scene III,Clown,"horns together, like any deer i' the herd.",360
Act I,Scene III,Countess,Wilt thou ever be a foul-mouthed and calumnious knave?,361
Act I,Scene III,Clown,"A prophet I, madam; and I speak the truth the next",362
Act I,Scene III,Clown,way:,363
Act I,Scene III,Clown,"For I the ballad will repeat,",364
Act I,Scene III,Clown,Which men full true shall find;,365
Act I,Scene III,Clown,"Your marriage comes by destiny,",366
Act I,Scene III,Clown,Your cuckoo sings by kind.,367
Act I,Scene III,Countess,"Get you gone, sir; I'll talk with you more anon.",368
Act I,Scene III,Steward,"May it please you, madam, that he bid Helen come to",369
Act I,Scene III,Steward,you: of her I am to speak.,370
Act I,Scene III,Countess,"Sirrah, tell my gentlewoman I would speak with her;",371
Act I,Scene III,Countess,"Helen, I mean.",372
Act I,Scene III,Clown,"Was this fair face the cause, quoth she,",373
Act I,Scene III,Clown,Why the Grecians sacked Troy?,374
Act I,Scene III,Clown,"Fond done, done fond,",375
Act I,Scene III,Clown,Was this King Priam's joy?,376
Act I,Scene III,Clown,"With that she sighed as she stood,",377
Act I,Scene III,Clown,"With that she sighed as she stood,",378
Act I,Scene III,Clown,And gave this sentence then;,379
Act I,Scene III,Clown,"Among nine bad if one be good,",380
Act I,Scene III,Clown,"Among nine bad if one be good,",381
Act I,Scene III,Clown,There's yet one good in ten.,382
Act I,Scene III,Countess,"What, one good in ten? you corrupt the song, sirrah.",383
Act I,Scene III,Clown,"One good woman in ten, madam; which is a purifying",384
Act I,Scene III,Clown,o' the song: would God would serve the world so all,385
Act I,Scene III,Clown,"the year! we'ld find no fault with the tithe-woman,",386
Act I,Scene III,Clown,"if I were the parson. One in ten, quoth a'! An we",387
Act I,Scene III,Clown,might have a good woman born but one every blazing,388
Act I,Scene III,Clown,"star, or at an earthquake, 'twould mend the lottery",389
Act I,Scene III,Clown,"well: a man may draw his heart out, ere a' pluck",390
Act I,Scene III,Clown,one.,391
Act I,Scene III,Countess,"You'll be gone, sir knave, and do as I command you.",392
Act I,Scene III,Clown,"That man should be at woman's command, and yet no",393
Act I,Scene III,Clown,"hurt done! Though honesty be no puritan, yet it",394
Act I,Scene III,Clown,will do no hurt; it will wear the surplice of,395
Act I,Scene III,Clown,humility over the black gown of a big heart. I am,396
Act I,Scene III,Clown,"going, forsooth: the business is for Helen to come hither.",397
Act I,Scene III,[stage direction],Exit,NA
Act I,Scene III,Countess,"Well, now.",398
Act I,Scene III,Steward,"I know, madam, you love your gentlewoman entirely.",399
Act I,Scene III,Countess,"Faith, I do: her father bequeathed her to me; and",400
Act I,Scene III,Countess,"she herself, without other advantage, may lawfully",401
Act I,Scene III,Countess,make title to as much love as she finds: there is,402
Act I,Scene III,Countess,more owing her than is paid; and more shall be paid,403
Act I,Scene III,Countess,her than she'll demand.,404
Act I,Scene III,Steward,"Madam, I was very late more near her than I think",405
Act I,Scene III,Steward,"she wished me: alone she was, and did communicate",406
Act I,Scene III,Steward,to herself her own words to her own ears; she,407
Act I,Scene III,Steward,"thought, I dare vow for her, they touched not any",408
Act I,Scene III,Steward,"stranger sense. Her matter was, she loved your son:",409
Act I,Scene III,Steward,"Fortune, she said, was no goddess, that had put",410
Act I,Scene III,Steward,such difference betwixt their two estates; Love no,411
Act I,Scene III,Steward,"god, that would not extend his might, only where",412
Act I,Scene III,Steward,"qualities were level; Dian no queen of virgins, that",413
Act I,Scene III,Steward,"would suffer her poor knight surprised, without",414
Act I,Scene III,Steward,rescue in the first assault or ransom afterward.,415
Act I,Scene III,Steward,This she delivered in the most bitter touch of,416
Act I,Scene III,Steward,sorrow that e'er I heard virgin exclaim in: which I,417
Act I,Scene III,Steward,held my duty speedily to acquaint you withal;,418
Act I,Scene III,Steward,"sithence, in the loss that may happen, it concerns",419
Act I,Scene III,Steward,you something to know it.,420
Act I,Scene III,Countess,You have discharged this honestly; keep it to,421
Act I,Scene III,Countess,yourself: many likelihoods informed me of this,422
Act I,Scene III,Countess,"before, which hung so tottering in the balance that",423
Act I,Scene III,Countess,"I could neither believe nor misdoubt. Pray you,",424
Act I,Scene III,Countess,leave me: stall this in your bosom; and I thank you,425
Act I,Scene III,Countess,for your honest care: I will speak with you further anon.,426
Act I,Scene III,[stage direction],Exit Steward,NA
Act I,Scene III,[stage direction],Enter HELENA,NA
Act I,Scene III,Countess,Even so it was with me when I was young:,427
Act I,Scene III,Countess,"If ever we are nature's, these are ours; this thorn",428
Act I,Scene III,Countess,Doth to our rose of youth rightly belong;,429
Act I,Scene III,Countess,"Our blood to us, this to our blood is born;",430
Act I,Scene III,Countess,"It is the show and seal of nature's truth,",431
Act I,Scene III,Countess,Where love's strong passion is impress'd in youth:,432
Act I,Scene III,Countess,"By our remembrances of days foregone,",433
Act I,Scene III,Countess,"Such were our faults, or then we thought them none.",434
Act I,Scene III,Countess,Her eye is sick on't: I observe her now.,435
Act I,Scene III,Helena,"What is your pleasure, madam?",436
Act I,Scene III,Countess,"You know, Helen,",437
Act I,Scene III,Countess,I am a mother to you.,438
Act I,Scene III,Helena,Mine honourable mistress.,439
Act I,Scene III,Countess,"Nay, a mother:",440
Act I,Scene III,Countess,"Why not a mother? When I said 'a mother,'",441
Act I,Scene III,Countess,"Methought you saw a serpent: what's in 'mother,'",442
Act I,Scene III,Countess,"That you start at it? I say, I am your mother;",443
Act I,Scene III,Countess,And put you in the catalogue of those,444
Act I,Scene III,Countess,That were enwombed mine: 'tis often seen,445
Act I,Scene III,Countess,Adoption strives with nature and choice breeds,446
Act I,Scene III,Countess,A native slip to us from foreign seeds:,447
Act I,Scene III,Countess,"You ne'er oppress'd me with a mother's groan,",448
Act I,Scene III,Countess,Yet I express to you a mother's care:,449
Act I,Scene III,Countess,"God's mercy, maiden! does it curd thy blood",450
Act I,Scene III,Countess,"To say I am thy mother? What's the matter,",451
Act I,Scene III,Countess,"That this distemper'd messenger of wet,",452
Act I,Scene III,Countess,"The many-colour'd Iris, rounds thine eye?",453
Act I,Scene III,Countess,Why? that you are my daughter?,454
Act I,Scene III,Helena,That I am not.,455
Act I,Scene III,Countess,"I say, I am your mother.",456
Act I,Scene III,Helena,"Pardon, madam;",457
Act I,Scene III,Helena,The Count Rousillon cannot be my brother:,458
Act I,Scene III,Helena,"I am from humble, he from honour'd name;",459
Act I,Scene III,Helena,"No note upon my parents, his all noble:",460
Act I,Scene III,Helena,"My master, my dear lord he is; and I",461
Act I,Scene III,Helena,"His servant live, and will his vassal die:",462
Act I,Scene III,Helena,He must not be my brother.,463
Act I,Scene III,Countess,Nor I your mother?,464
Act I,Scene III,Helena,"You are my mother, madam; would you were,--",465
Act I,Scene III,Helena,"So that my lord your son were not my brother,--",466
Act I,Scene III,Helena,"Indeed my mother! or were you both our mothers,",467
Act I,Scene III,Helena,"I care no more for than I do for heaven,",468
Act I,Scene III,Helena,"So I were not his sister. Can't no other,",469
Act I,Scene III,Helena,"But, I your daughter, he must be my brother?",470
Act I,Scene III,Countess,"Yes, Helen, you might be my daughter-in-law:",471
Act I,Scene III,Countess,God shield you mean it not! daughter and mother,472
Act I,Scene III,Countess,"So strive upon your pulse. What, pale again?",473
Act I,Scene III,Countess,My fear hath catch'd your fondness: now I see,474
Act I,Scene III,Countess,"The mystery of your loneliness, and find",475
Act I,Scene III,Countess,Your salt tears' head: now to all sense 'tis gross,476
Act I,Scene III,Countess,"You love my son; invention is ashamed,",477
Act I,Scene III,Countess,"Against the proclamation of thy passion,",478
Act I,Scene III,Countess,To say thou dost not: therefore tell me true;,479
Act I,Scene III,Countess,"But tell me then, 'tis so; for, look thy cheeks",480
Act I,Scene III,Countess,"Confess it, th' one to th' other; and thine eyes",481
Act I,Scene III,Countess,See it so grossly shown in thy behaviors,482
Act I,Scene III,Countess,That in their kind they speak it: only sin,483
Act I,Scene III,Countess,"And hellish obstinacy tie thy tongue,",484
Act I,Scene III,Countess,"That truth should be suspected. Speak, is't so?",485
Act I,Scene III,Countess,"If it be so, you have wound a goodly clew;",486
Act I,Scene III,Countess,"If it be not, forswear't: howe'er, I charge thee,",487
Act I,Scene III,Countess,"As heaven shall work in me for thine avail,",488
Act I,Scene III,Countess,Tell me truly.,489
Act I,Scene III,Helena,"Good madam, pardon me!",490
Act I,Scene III,Countess,Do you love my son?,491
Act I,Scene III,Helena,"Your pardon, noble mistress!",492
Act I,Scene III,Countess,Love you my son?,493
Act I,Scene III,Helena,"Do not you love him, madam?",494
Act I,Scene III,Countess,"Go not about; my love hath in't a bond,",495
Act I,Scene III,Countess,"Whereof the world takes note: come, come, disclose",496
Act I,Scene III,Countess,The state of your affection; for your passions,497
Act I,Scene III,Countess,Have to the full appeach'd.,498
Act I,Scene III,Helena,"Then, I confess,",499
Act I,Scene III,Helena,"Here on my knee, before high heaven and you,",500
Act I,Scene III,Helena,"That before you, and next unto high heaven,",501
Act I,Scene III,Helena,I love your son.,502
Act I,Scene III,Helena,"My friends were poor, but honest; so's my love:",503
Act I,Scene III,Helena,Be not offended; for it hurts not him,504
Act I,Scene III,Helena,That he is loved of me: I follow him not,505
Act I,Scene III,Helena,By any token of presumptuous suit;,506
Act I,Scene III,Helena,Nor would I have him till I do deserve him;,507
Act I,Scene III,Helena,Yet never know how that desert should be.,508
Act I,Scene III,Helena,"I know I love in vain, strive against hope;",509
Act I,Scene III,Helena,Yet in this captious and intenible sieve,510
Act I,Scene III,Helena,I still pour in the waters of my love,511
Act I,Scene III,Helena,"And lack not to lose still: thus, Indian-like,",512
Act I,Scene III,Helena,"Religious in mine error, I adore",513
Act I,Scene III,Helena,"The sun, that looks upon his worshipper,",514
Act I,Scene III,Helena,"But knows of him no more. My dearest madam,",515
Act I,Scene III,Helena,Let not your hate encounter with my love,516
Act I,Scene III,Helena,"For loving where you do: but if yourself,",517
Act I,Scene III,Helena,"Whose aged honour cites a virtuous youth,",518
Act I,Scene III,Helena,Did ever in so true a flame of liking,519
Act I,Scene III,Helena,"Wish chastely and love dearly, that your Dian",520
Act I,Scene III,Helena,"Was both herself and love: O, then, give pity",521
Act I,Scene III,Helena,"To her, whose state is such that cannot choose",522
Act I,Scene III,Helena,But lend and give where she is sure to lose;,523
Act I,Scene III,Helena,"That seeks not to find that her search implies,",524
Act I,Scene III,Helena,But riddle-like lives sweetly where she dies!,525
Act I,Scene III,Countess,"Had you not lately an intent,--speak truly,--",526
Act I,Scene III,Countess,To go to Paris?,527
Act I,Scene III,Helena,"Madam, I had.",528
Act I,Scene III,Countess,Wherefore? tell true.,529
Act I,Scene III,Helena,I will tell truth; by grace itself I swear.,530
Act I,Scene III,Helena,You know my father left me some prescriptions,531
Act I,Scene III,Helena,"Of rare and proved effects, such as his reading",532
Act I,Scene III,Helena,And manifest experience had collected,533
Act I,Scene III,Helena,For general sovereignty; and that he will'd me,534
Act I,Scene III,Helena,"In heedfull'st reservation to bestow them,",535
Act I,Scene III,Helena,As notes whose faculties inclusive were,536
Act I,Scene III,Helena,"More than they were in note: amongst the rest,",537
Act I,Scene III,Helena,"There is a remedy, approved, set down,",538
Act I,Scene III,Helena,To cure the desperate languishings whereof,539
Act I,Scene III,Helena,The king is render'd lost.,540
Act I,Scene III,Countess,This was your motive,541
Act I,Scene III,Countess,"For Paris, was it? speak.",542
Act I,Scene III,Helena,My lord your son made me to think of this;,543
Act I,Scene III,Helena,Else Paris and the medicine and the king,544
Act I,Scene III,Helena,Had from the conversation of my thoughts,545
Act I,Scene III,Helena,Haply been absent then.,546
Act I,Scene III,Countess,"But think you, Helen,",547
Act I,Scene III,Countess,"If you should tender your supposed aid,",548
Act I,Scene III,Countess,He would receive it? he and his physicians,549
Act I,Scene III,Countess,"Are of a mind; he, that they cannot help him,",550
Act I,Scene III,Countess,"They, that they cannot help: how shall they credit",551
Act I,Scene III,Countess,"A poor unlearned virgin, when the schools,",552
Act I,Scene III,Countess,"Embowell'd of their doctrine, have left off",553
Act I,Scene III,Countess,The danger to itself?,554
Act I,Scene III,Helena,"There's something in't,",555
Act I,Scene III,Helena,"More than my father's skill, which was the greatest",556
Act I,Scene III,Helena,"Of his profession, that his good receipt",557
Act I,Scene III,Helena,Shall for my legacy be sanctified,558
Act I,Scene III,Helena,"By the luckiest stars in heaven: and, would your honour",559
Act I,Scene III,Helena,"But give me leave to try success, I'ld venture",560
Act I,Scene III,Helena,The well-lost life of mine on his grace's cure,561
Act I,Scene III,Helena,By such a day and hour.,562
Act I,Scene III,Countess,Dost thou believe't?,563
Act I,Scene III,Helena,"Ay, madam, knowingly.",564
Act I,Scene III,Countess,"Why, Helen, thou shalt have my leave and love,",565
Act I,Scene III,Countess,Means and attendants and my loving greetings,566
Act I,Scene III,Countess,To those of mine in court: I'll stay at home,567
Act I,Scene III,Countess,And pray God's blessing into thy attempt:,568
Act I,Scene III,Countess,"Be gone to-morrow; and be sure of this,",569
Act I,Scene III,Countess,What I can help thee to thou shalt not miss.,570
Act I,Scene III,[stage direction],Exeunt,NA
Act II,Scene I,[stage direction],"Flourish of cornets. Enter the KING, attended  with divers young Lords taking leave for the Florentine war; BERTRAM, and PAROLLES",NA
Act II,Scene I,King,"Farewell, young lords; these warlike principles",571
Act II,Scene I,King,"Do not throw from you: and you, my lords, farewell:",572
Act II,Scene I,King,"Share the advice betwixt you; if both gain, all",573
Act II,Scene I,King,"The gift doth stretch itself as 'tis received,",574
Act II,Scene I,King,And is enough for both.,575
Act II,Scene I,First Lord,"'Tis our hope, sir,",576
Act II,Scene I,First Lord,"After well enter'd soldiers, to return",577
Act II,Scene I,First Lord,And find your grace in health.,578
Act II,Scene I,King,"No, no, it cannot be; and yet my heart",579
Act II,Scene I,King,Will not confess he owes the malady,580
Act II,Scene I,King,"That doth my life besiege. Farewell, young lords;",581
Act II,Scene I,King,"Whether I live or die, be you the sons",582
Act II,Scene I,King,"Of worthy Frenchmen: let higher Italy,--",583
Act II,Scene I,King,Those bated that inherit but the fall,584
Act II,Scene I,King,"Of the last monarchy,--see that you come",585
Act II,Scene I,King,"Not to woo honour, but to wed it; when",586
Act II,Scene I,King,"The bravest questant shrinks, find what you seek,",587
Act II,Scene I,King,"That fame may cry you loud: I say, farewell.",588
Act II,Scene I,Second Lord,"Health, at your bidding, serve your majesty!",589
Act II,Scene I,King,"Those girls of Italy, take heed of them:",590
Act II,Scene I,King,"They say, our French lack language to deny,",591
Act II,Scene I,King,"If they demand: beware of being captives,",592
Act II,Scene I,King,Before you serve.,593
Act II,Scene I,Both,Our hearts receive your warnings.,594
Act II,Scene I,King,Farewell. Come hither to me.,595
Act II,Scene I,[stage direction],"Exit, attended",NA
Act II,Scene I,First Lord,"O, my sweet lord, that you will stay behind us!",596
Act II,Scene I,Parolles,"'Tis not his fault, the spark.",597
Act II,Scene I,Second Lord,"O, 'tis brave wars!",598
Act II,Scene I,Parolles,Most admirable: I have seen those wars.,599
Act II,Scene I,Bertram,"I am commanded here, and kept a coil with",600
Act II,Scene I,Bertram,'Too young' and 'the next year' and ''tis too early.',601
Act II,Scene I,Parolles,"An thy mind stand to't, boy, steal away bravely.",602
Act II,Scene I,Bertram,"I shall stay here the forehorse to a smock,",603
Act II,Scene I,Bertram,"Creaking my shoes on the plain masonry,",604
Act II,Scene I,Bertram,Till honour be bought up and no sword worn,605
Act II,Scene I,Bertram,"But one to dance with! By heaven, I'll steal away.",606
Act II,Scene I,First Lord,There's honour in the theft.,607
Act II,Scene I,Parolles,"Commit it, count.",608
Act II,Scene I,Second Lord,"I am your accessary; and so, farewell.",609
Act II,Scene I,Bertram,"I grow to you, and our parting is a tortured body.",610
Act II,Scene I,First Lord,"Farewell, captain.",611
Act II,Scene I,Second Lord,Sweet Monsieur Parolles!,612
Act II,Scene I,Parolles,"Noble heroes, my sword and yours are kin. Good",613
Act II,Scene I,Parolles,"sparks and lustrous, a word, good metals: you shall",614
Act II,Scene I,Parolles,find in the regiment of the Spinii one Captain,615
Act II,Scene I,Parolles,"Spurio, with his cicatrice, an emblem of war, here",616
Act II,Scene I,Parolles,on his sinister cheek; it was this very sword,617
Act II,Scene I,Parolles,"entrenched it: say to him, I live; and observe his",618
Act II,Scene I,Parolles,reports for me.,619
Act II,Scene I,First Lord,"We shall, noble captain.",620
Act II,Scene I,[stage direction],Exeunt Lords,NA
Act II,Scene I,Parolles,Mars dote on you for his novices! what will ye do?,621
Act II,Scene I,Bertram,Stay: the king.,622
Act II,Scene I,[stage direction],Re-enter KING. BERTRAM and PAROLLES retire,NA
Act II,Scene I,Parolles,[To BERTRAM]  Use a more spacious ceremony to the,623
Act II,Scene I,Parolles,noble lords; you have restrained yourself within the,624
Act II,Scene I,Parolles,list of too cold an adieu: be more expressive to,625
Act II,Scene I,Parolles,them: for they wear themselves in the cap of the,626
Act II,Scene I,Parolles,"time, there do muster true gait, eat, speak, and",627
Act II,Scene I,Parolles,move under the influence of the most received star;,628
Act II,Scene I,Parolles,"and though the devil lead the measure, such are to",629
Act II,Scene I,Parolles,"be followed: after them, and take a more dilated farewell.",630
Act II,Scene I,Bertram,And I will do so.,631
Act II,Scene I,Parolles,Worthy fellows; and like to prove most sinewy sword-men.,632
Act II,Scene I,[stage direction],Exeunt BERTRAM and PAROLLES,NA
Act II,Scene I,[stage direction],Enter LAFEU,NA
Act II,Scene I,Lafeu,"[Kneeling]  Pardon, my lord, for me and for my tidings.",633
Act II,Scene I,King,I'll fee thee to stand up.,634
Act II,Scene I,Lafeu,"Then here's a man stands, that has brought his pardon.",635
Act II,Scene I,Lafeu,"I would you had kneel'd, my lord, to ask me mercy,",636
Act II,Scene I,Lafeu,And that at my bidding you could so stand up.,637
Act II,Scene I,King,"I would I had; so I had broke thy pate,",638
Act II,Scene I,King,And ask'd thee mercy for't.,639
Act II,Scene I,Lafeu,"Good faith, across: but, my good lord 'tis thus;",640
Act II,Scene I,Lafeu,Will you be cured of your infirmity?,641
Act II,Scene I,King,No.,642
Act II,Scene I,Lafeu,"O, will you eat no grapes, my royal fox?",643
Act II,Scene I,Lafeu,"Yes, but you will my noble grapes, an if",644
Act II,Scene I,Lafeu,My royal fox could reach them: I have seen a medicine,645
Act II,Scene I,Lafeu,"That's able to breathe life into a stone,",646
Act II,Scene I,Lafeu,"Quicken a rock, and make you dance canary",647
Act II,Scene I,Lafeu,"With spritely fire and motion; whose simple touch,",648
Act II,Scene I,Lafeu,"Is powerful to araise King Pepin, nay,",649
Act II,Scene I,Lafeu,"To give great Charlemain a pen in's hand,",650
Act II,Scene I,Lafeu,And write to her a love-line.,651
Act II,Scene I,King,What 'her' is this?,652
Act II,Scene I,Lafeu,"Why, Doctor She: my lord, there's one arrived,",653
Act II,Scene I,Lafeu,"If you will see her: now, by my faith and honour,",654
Act II,Scene I,Lafeu,If seriously I may convey my thoughts,655
Act II,Scene I,Lafeu,"In this my light deliverance, I have spoke",656
Act II,Scene I,Lafeu,"With one that, in her sex, her years, profession,",657
Act II,Scene I,Lafeu,"Wisdom and constancy, hath amazed me more",658
Act II,Scene I,Lafeu,Than I dare blame my weakness: will you see her,659
Act II,Scene I,Lafeu,"For that is her demand, and know her business?",660
Act II,Scene I,Lafeu,"That done, laugh well at me.",661
Act II,Scene I,King,"Now, good Lafeu,",662
Act II,Scene I,King,Bring in the admiration; that we with thee,663
Act II,Scene I,King,"May spend our wonder too, or take off thine",664
Act II,Scene I,King,By wondering how thou took'st it.,665
Act II,Scene I,Lafeu,"Nay, I'll fit you,",666
Act II,Scene I,Lafeu,And not be all day neither.,667
Act II,Scene I,[stage direction],Exit,NA
Act II,Scene I,King,Thus he his special nothing ever prologues.,668
Act II,Scene I,[stage direction],"Re-enter LAFEU, with HELENA",NA
Act II,Scene I,Lafeu,"Nay, come your ways.",669
Act II,Scene I,King,This haste hath wings indeed.,670
Act II,Scene I,Lafeu,"Nay, come your ways:",671
Act II,Scene I,Lafeu,This is his majesty; say your mind to him:,672
Act II,Scene I,Lafeu,A traitor you do look like; but such traitors,673
Act II,Scene I,Lafeu,"His majesty seldom fears: I am Cressid's uncle,",674
Act II,Scene I,Lafeu,That dare leave two together; fare you well.,675
Act II,Scene I,[stage direction],Exit,NA
Act II,Scene I,King,"Now, fair one, does your business follow us?",676
Act II,Scene I,Helena,"Ay, my good lord.",677
Act II,Scene I,Helena,Gerard de Narbon was my father;,678
Act II,Scene I,Helena,"In what he did profess, well found.",679
Act II,Scene I,King,I knew him.,680
Act II,Scene I,Helena,The rather will I spare my praises towards him:,681
Act II,Scene I,Helena,Knowing him is enough. On's bed of death,682
Act II,Scene I,Helena,Many receipts he gave me: chiefly one.,683
Act II,Scene I,Helena,"Which, as the dearest issue of his practise,",684
Act II,Scene I,Helena,"And of his old experience the oily darling,",685
Act II,Scene I,Helena,"He bade me store up, as a triple eye,",686
Act II,Scene I,Helena,"Safer than mine own two, more dear; I have so;",687
Act II,Scene I,Helena,And hearing your high majesty is touch'd,688
Act II,Scene I,Helena,With that malignant cause wherein the honour,689
Act II,Scene I,Helena,"Of my dear father's gift stands chief in power,",690
Act II,Scene I,Helena,I come to tender it and my appliance,691
Act II,Scene I,Helena,With all bound humbleness.,692
Act II,Scene I,King,"We thank you, maiden;",693
Act II,Scene I,King,"But may not be so credulous of cure,",694
Act II,Scene I,King,When our most learned doctors leave us and,695
Act II,Scene I,King,The congregated college have concluded,696
Act II,Scene I,King,That labouring art can never ransom nature,697
Act II,Scene I,King,From her inaidible estate; I say we must not,698
Act II,Scene I,King,"So stain our judgment, or corrupt our hope,",699
Act II,Scene I,King,To prostitute our past-cure malady,700
Act II,Scene I,King,"To empirics, or to dissever so",701
Act II,Scene I,King,"Our great self and our credit, to esteem",702
Act II,Scene I,King,A senseless help when help past sense we deem.,703
Act II,Scene I,Helena,My duty then shall pay me for my pains:,704
Act II,Scene I,Helena,I will no more enforce mine office on you.,705
Act II,Scene I,Helena,Humbly entreating from your royal thoughts,706
Act II,Scene I,Helena,"A modest one, to bear me back again.",707
Act II,Scene I,King,"I cannot give thee less, to be call'd grateful:",708
Act II,Scene I,King,Thou thought'st to help me; and such thanks I give,709
Act II,Scene I,King,As one near death to those that wish him live:,710
Act II,Scene I,King,"But what at full I know, thou know'st no part,",711
Act II,Scene I,King,"I knowing all my peril, thou no art.",712
Act II,Scene I,Helena,"What I can do can do no hurt to try,",713
Act II,Scene I,Helena,Since you set up your rest 'gainst remedy.,714
Act II,Scene I,Helena,He that of greatest works is finisher,715
Act II,Scene I,Helena,Oft does them by the weakest minister:,716
Act II,Scene I,Helena,"So holy writ in babes hath judgment shown,",717
Act II,Scene I,Helena,When judges have been babes; great floods have flown,718
Act II,Scene I,Helena,"From simple sources, and great seas have dried",719
Act II,Scene I,Helena,When miracles have by the greatest been denied.,720
Act II,Scene I,Helena,Oft expectation fails and most oft there,721
Act II,Scene I,Helena,"Where most it promises, and oft it hits",722
Act II,Scene I,Helena,Where hope is coldest and despair most fits.,723
Act II,Scene I,King,"I must not hear thee; fare thee well, kind maid;",724
Act II,Scene I,King,Thy pains not used must by thyself be paid:,725
Act II,Scene I,King,Proffers not took reap thanks for their reward.,726
Act II,Scene I,Helena,Inspired merit so by breath is barr'd:,727
Act II,Scene I,Helena,It is not so with Him that all things knows,728
Act II,Scene I,Helena,As 'tis with us that square our guess by shows;,729
Act II,Scene I,Helena,But most it is presumption in us when,730
Act II,Scene I,Helena,The help of heaven we count the act of men.,731
Act II,Scene I,Helena,"Dear sir, to my endeavours give consent;",732
Act II,Scene I,Helena,"Of heaven, not me, make an experiment.",733
Act II,Scene I,Helena,I am not an impostor that proclaim,734
Act II,Scene I,Helena,Myself against the level of mine aim;,735
Act II,Scene I,Helena,But know I think and think I know most sure,736
Act II,Scene I,Helena,My art is not past power nor you past cure.,737
Act II,Scene I,King,Are thou so confident? within what space,738
Act II,Scene I,King,Hopest thou my cure?,739
Act II,Scene I,Helena,The great'st grace lending grace,740
Act II,Scene I,Helena,Ere twice the horses of the sun shall bring,741
Act II,Scene I,Helena,"Their fiery torcher his diurnal ring,",742
Act II,Scene I,Helena,Ere twice in murk and occidental damp,743
Act II,Scene I,Helena,"Moist Hesperus hath quench'd his sleepy lamp,",744
Act II,Scene I,Helena,Or four and twenty times the pilot's glass,745
Act II,Scene I,Helena,"Hath told the thievish minutes how they pass,",746
Act II,Scene I,Helena,"What is infirm from your sound parts shall fly,",747
Act II,Scene I,Helena,Health shall live free and sickness freely die.,748
Act II,Scene I,King,Upon thy certainty and confidence,749
Act II,Scene I,King,What darest thou venture?,750
Act II,Scene I,Helena,"Tax of impudence,",751
Act II,Scene I,Helena,"A strumpet's boldness, a divulged shame",752
Act II,Scene I,Helena,Traduced by odious ballads: my maiden's name,753
Act II,Scene I,Helena,"Sear'd otherwise; nay, worse--if worse--extended",754
Act II,Scene I,Helena,With vilest torture let my life be ended.,755
Act II,Scene I,King,Methinks in thee some blessed spirit doth speak,756
Act II,Scene I,King,His powerful sound within an organ weak:,757
Act II,Scene I,King,And what impossibility would slay,758
Act II,Scene I,King,"In common sense, sense saves another way.",759
Act II,Scene I,King,Thy life is dear; for all that life can rate,760
Act II,Scene I,King,"Worth name of life in thee hath estimate,",761
Act II,Scene I,King,"Youth, beauty, wisdom, courage, all",762
Act II,Scene I,King,That happiness and prime can happy call:,763
Act II,Scene I,King,Thou this to hazard needs must intimate,764
Act II,Scene I,King,Skill infinite or monstrous desperate.,765
Act II,Scene I,King,"Sweet practiser, thy physic I will try,",766
Act II,Scene I,King,That ministers thine own death if I die.,767
Act II,Scene I,Helena,"If I break time, or flinch in property",768
Act II,Scene I,Helena,"Of what I spoke, unpitied let me die,",769
Act II,Scene I,Helena,"And well deserved: not helping, death's my fee;",770
Act II,Scene I,Helena,"But, if I help, what do you promise me?",771
Act II,Scene I,King,Make thy demand.,772
Act II,Scene I,Helena,But will you make it even?,773
Act II,Scene I,King,"Ay, by my sceptre and my hopes of heaven.",774
Act II,Scene I,Helena,Then shalt thou give me with thy kingly hand,775
Act II,Scene I,Helena,What husband in thy power I will command:,776
Act II,Scene I,Helena,Exempted be from me the arrogance,777
Act II,Scene I,Helena,"To choose from forth the royal blood of France,",778
Act II,Scene I,Helena,My low and humble name to propagate,779
Act II,Scene I,Helena,With any branch or image of thy state;,780
Act II,Scene I,Helena,"But such a one, thy vassal, whom I know",781
Act II,Scene I,Helena,"Is free for me to ask, thee to bestow.",782
Act II,Scene I,King,"Here is my hand; the premises observed,",783
Act II,Scene I,King,Thy will by my performance shall be served:,784
Act II,Scene I,King,"So make the choice of thy own time, for I,",785
Act II,Scene I,King,"Thy resolved patient, on thee still rely.",786
Act II,Scene I,King,"More should I question thee, and more I must,",787
Act II,Scene I,King,"Though more to know could not be more to trust,",788
Act II,Scene I,King,"From whence thou camest, how tended on: but rest",789
Act II,Scene I,King,Unquestion'd welcome and undoubted blest.,790
Act II,Scene I,King,"Give me some help here, ho! If thou proceed",791
Act II,Scene I,King,"As high as word, my deed shall match thy meed.",792
Act II,Scene I,[stage direction],Flourish. Exeunt,NA
Act II,Scene II,[stage direction],Enter COUNTESS and Clown,NA
Act II,Scene II,Countess,"Come on, sir; I shall now put you to the height of",793
Act II,Scene II,Countess,your breeding.,794
Act II,Scene II,Clown,I will show myself highly fed and lowly taught: I,795
Act II,Scene II,Clown,know my business is but to the court.,796
Act II,Scene II,Countess,"To the court! why, what place make you special,",797
Act II,Scene II,Countess,when you put off that with such contempt? But to the court!,798
Act II,Scene II,Clown,"Truly, madam, if God have lent a man any manners, he",799
Act II,Scene II,Clown,may easily put it off at court: he that cannot make,800
Act II,Scene II,Clown,"a leg, put off's cap, kiss his hand and say nothing,",801
Act II,Scene II,Clown,"has neither leg, hands, lip, nor cap; and indeed",802
Act II,Scene II,Clown,"such a fellow, to say precisely, were not for the",803
Act II,Scene II,Clown,"court; but for me, I have an answer will serve all",804
Act II,Scene II,Clown,men.,805
Act II,Scene II,Countess,"Marry, that's a bountiful answer that fits all",806
Act II,Scene II,Countess,questions.,807
Act II,Scene II,Clown,"It is like a barber's chair that fits all buttocks,",808
Act II,Scene II,Clown,"the pin-buttock, the quatch-buttock, the brawn",809
Act II,Scene II,Clown,"buttock, or any buttock.",810
Act II,Scene II,Countess,Will your answer serve fit to all questions?,811
Act II,Scene II,Clown,"As fit as ten groats is for the hand of an attorney,",812
Act II,Scene II,Clown,"as your French crown for your taffeta punk, as Tib's",813
Act II,Scene II,Clown,"rush for Tom's forefinger, as a pancake for Shrove",814
Act II,Scene II,Clown,"Tuesday, a morris for May-day, as the nail to his",815
Act II,Scene II,Clown,"hole, the cuckold to his horn, as a scolding queen",816
Act II,Scene II,Clown,"to a wrangling knave, as the nun's lip to the",817
Act II,Scene II,Clown,"friar's mouth, nay, as the pudding to his skin.",818
Act II,Scene II,Countess,"Have you, I say, an answer of such fitness for all",819
Act II,Scene II,Countess,questions?,820
Act II,Scene II,Clown,"From below your duke to beneath your constable, it",821
Act II,Scene II,Clown,will fit any question.,822
Act II,Scene II,Countess,It must be an answer of most monstrous size that,823
Act II,Scene II,Countess,must fit all demands.,824
Act II,Scene II,Clown,"But a trifle neither, in good faith, if the learned",825
Act II,Scene II,Clown,"should speak truth of it: here it is, and all that",826
Act II,Scene II,Clown,belongs to't. Ask me if I am a courtier: it shall,827
Act II,Scene II,Clown,do you no harm to learn.,828
Act II,Scene II,Countess,"To be young again, if we could: I will be a fool in",829
Act II,Scene II,Countess,"question, hoping to be the wiser by your answer. I",830
Act II,Scene II,Countess,"pray you, sir, are you a courtier?",831
Act II,Scene II,Clown,"O Lord, sir! There's a simple putting off. More,",832
Act II,Scene II,Clown,"more, a hundred of them.",833
Act II,Scene II,Countess,"Sir, I am a poor friend of yours, that loves you.",834
Act II,Scene II,Clown,"O Lord, sir! Thick, thick, spare not me.",835
Act II,Scene II,Countess,"I think, sir, you can eat none of this homely meat.",836
Act II,Scene II,Clown,"O Lord, sir! Nay, put me to't, I warrant you.",837
Act II,Scene II,Countess,"You were lately whipped, sir, as I think.",838
Act II,Scene II,Clown,"O Lord, sir! spare not me.",839
Act II,Scene II,Countess,"Do you cry, 'O Lord, sir!' at your whipping, and",840
Act II,Scene II,Countess,"'spare not me?' Indeed your 'O Lord, sir!' is very",841
Act II,Scene II,Countess,sequent to your whipping: you would answer very well,842
Act II,Scene II,Countess,"to a whipping, if you were but bound to't.",843
Act II,Scene II,Clown,"I ne'er had worse luck in my life in my 'O Lord,",844
Act II,Scene II,Clown,"sir!' I see things may serve long, but not serve ever.",845
Act II,Scene II,Countess,I play the noble housewife with the time,846
Act II,Scene II,Countess,To entertain't so merrily with a fool.,847
Act II,Scene II,Clown,"O Lord, sir! why, there't serves well again.",848
Act II,Scene II,Countess,"An end, sir; to your business. Give Helen this,",849
Act II,Scene II,Countess,And urge her to a present answer back:,850
Act II,Scene II,Countess,Commend me to my kinsmen and my son:,851
Act II,Scene II,Countess,This is not much.,852
Act II,Scene II,Clown,Not much commendation to them.,853
Act II,Scene II,Countess,Not much employment for you: you understand me?,854
Act II,Scene II,Clown,Most fruitfully: I am there before my legs.,855
Act II,Scene II,Countess,Haste you again.,856
Act II,Scene II,[stage direction],Exeunt severally,NA
Act II,Scene III,[stage direction],"Enter BERTRAM, LAFEU, and PAROLLES",NA
Act II,Scene III,Lafeu,They say miracles are past; and we have our,857
Act II,Scene III,Lafeu,"philosophical persons, to make modern and familiar,",858
Act II,Scene III,Lafeu,things supernatural and causeless. Hence is it that,859
Act II,Scene III,Lafeu,"we make trifles of terrors, ensconcing ourselves",860
Act II,Scene III,Lafeu,"into seeming knowledge, when we should submit",861
Act II,Scene III,Lafeu,ourselves to an unknown fear.,862
Act II,Scene III,Parolles,"Why, 'tis the rarest argument of wonder that hath",863
Act II,Scene III,Parolles,shot out in our latter times.,864
Act II,Scene III,Bertram,And so 'tis.,865
Act II,Scene III,Lafeu,"To be relinquish'd of the artists,--",866
Act II,Scene III,Parolles,So I say.,867
Act II,Scene III,Lafeu,Both of Galen and Paracelsus.,868
Act II,Scene III,Parolles,So I say.,869
Act II,Scene III,Lafeu,"Of all the learned and authentic fellows,--",870
Act II,Scene III,Parolles,Right; so I say.,871
Act II,Scene III,Lafeu,"That gave him out incurable,--",872
Act II,Scene III,Parolles,"Why, there 'tis; so say I too.",873
Act II,Scene III,Lafeu,"Not to be helped,--",874
Act II,Scene III,Parolles,"Right; as 'twere, a man assured of a--",875
Act II,Scene III,Lafeu,"Uncertain life, and sure death.",876
Act II,Scene III,Parolles,"Just, you say well; so would I have said.",877
Act II,Scene III,Lafeu,"I may truly say, it is a novelty to the world.",878
Act II,Scene III,Parolles,"It is, indeed: if you will have it in showing, you",879
Act II,Scene III,Parolles,shall read it in--what do you call there?,880
Act II,Scene III,Lafeu,A showing of a heavenly effect in an earthly actor.,881
Act II,Scene III,Parolles,That's it; I would have said the very same.,882
Act II,Scene III,Lafeu,"Why, your dolphin is not lustier: 'fore me,",883
Act II,Scene III,Lafeu,I speak in respect--,884
Act II,Scene III,Parolles,"Nay, 'tis strange, 'tis very strange, that is the",885
Act II,Scene III,Parolles,brief and the tedious of it; and he's of a most,886
Act II,Scene III,Parolles,facinerious spirit that will not acknowledge it to be the--,887
Act II,Scene III,Lafeu,Very hand of heaven.,888
Act II,Scene III,Parolles,"Ay, so I say.",889
Act II,Scene III,Lafeu,In a most weak--,890
Act II,Scene III,[stage direction],pausing,NA
Act II,Scene III,Lafeu,"and debile minister, great power, great",891
Act II,Scene III,Lafeu,"transcendence: which should, indeed, give us a",892
Act II,Scene III,Lafeu,further use to be made than alone the recovery of,893
Act II,Scene III,Lafeu,"the king, as to be--",894
Act II,Scene III,[stage direction],pausing,NA
Act II,Scene III,Lafeu,generally thankful.,895
Act II,Scene III,Parolles,I would have said it; you say well. Here comes the king.,896
Act II,Scene III,[stage direction],"Enter KING, HELENA, and Attendants. LAFEU and PAROLLES retire",NA
Act II,Scene III,Lafeu,"Lustig, as the Dutchman says: I'll like a maid the",897
Act II,Scene III,Lafeu,"better, whilst I have a tooth in my head: why, he's",898
Act II,Scene III,Lafeu,able to lead her a coranto.,899
Act II,Scene III,Parolles,Mort du vinaigre! is not this Helen?,900
Act II,Scene III,Lafeu,"'Fore God, I think so.",901
Act II,Scene III,King,"Go, call before me all the lords in court.",902
Act II,Scene III,King,"Sit, my preserver, by thy patient's side;",903
Act II,Scene III,King,"And with this healthful hand, whose banish'd sense",904
Act II,Scene III,King,"Thou hast repeal'd, a second time receive",905
Act II,Scene III,King,"The confirmation of my promised gift,",906
Act II,Scene III,King,Which but attends thy naming.,907
Act II,Scene III,[stage direction],Enter three or four Lords,NA
Act II,Scene III,King,"Fair maid, send forth thine eye: this youthful parcel",908
Act II,Scene III,King,"Of noble bachelors stand at my bestowing,",909
Act II,Scene III,King,O'er whom both sovereign power and father's voice,910
Act II,Scene III,King,I have to use: thy frank election make;,911
Act II,Scene III,King,"Thou hast power to choose, and they none to forsake.",912
Act II,Scene III,Helena,To each of you one fair and virtuous mistress,913
Act II,Scene III,Helena,"Fall, when Love please! marry, to each, but one!",914
Act II,Scene III,Lafeu,"I'ld give bay Curtal and his furniture,",915
Act II,Scene III,Lafeu,"My mouth no more were broken than these boys',",916
Act II,Scene III,Lafeu,And writ as little beard.,917
Act II,Scene III,King,Peruse them well:,918
Act II,Scene III,King,Not one of those but had a noble father.,919
Act II,Scene III,Helena,"Gentlemen,",920
Act II,Scene III,Helena,Heaven hath through me restored the king to health.,921
Act II,Scene III,All,"We understand it, and thank heaven for you.",922
Act II,Scene III,Helena,"I am a simple maid, and therein wealthiest,",923
Act II,Scene III,Helena,That I protest I simply am a maid.,924
Act II,Scene III,Helena,"Please it your majesty, I have done already:",925
Act II,Scene III,Helena,"The blushes in my cheeks thus whisper me,",926
Act II,Scene III,Helena,"'We blush that thou shouldst choose; but, be refused,",927
Act II,Scene III,Helena,Let the white death sit on thy cheek for ever;,928
Act II,Scene III,Helena,We'll ne'er come there again.',929
Act II,Scene III,King,"Make choice; and, see,",930
Act II,Scene III,King,Who shuns thy love shuns all his love in me.,931
Act II,Scene III,Helena,"Now, Dian, from thy altar do I fly,",932
Act II,Scene III,Helena,"And to imperial Love, that god most high,",933
Act II,Scene III,Helena,"Do my sighs stream. Sir, will you hear my suit?",934
Act II,Scene III,First Lord,And grant it.,935
Act II,Scene III,Helena,"Thanks, sir; all the rest is mute.",936
Act II,Scene III,Lafeu,I had rather be in this choice than throw ames-ace,937
Act II,Scene III,Lafeu,for my life.,938
Act II,Scene III,Helena,"The honour, sir, that flames in your fair eyes,",939
Act II,Scene III,Helena,"Before I speak, too threateningly replies:",940
Act II,Scene III,Helena,Love make your fortunes twenty times above,941
Act II,Scene III,Helena,Her that so wishes and her humble love!,942
Act II,Scene III,Second Lord,"No better, if you please.",943
Act II,Scene III,Helena,"My wish receive,",944
Act II,Scene III,Helena,"Which great Love grant! and so, I take my leave.",945
Act II,Scene III,Lafeu,"Do all they deny her? An they were sons of mine,",946
Act II,Scene III,Lafeu,I'd have them whipped; or I would send them to the,947
Act II,Scene III,Lafeu,"Turk, to make eunuchs of.",948
Act II,Scene III,Helena,Be not afraid that I your hand should take;,949
Act II,Scene III,Helena,I'll never do you wrong for your own sake:,950
Act II,Scene III,Helena,Blessing upon your vows! and in your bed,951
Act II,Scene III,Helena,"Find fairer fortune, if you ever wed!",952
Act II,Scene III,Lafeu,"These boys are boys of ice, they'll none have her:",953
Act II,Scene III,Lafeu,"sure, they are bastards to the English; the French",954
Act II,Scene III,Lafeu,ne'er got 'em.,955
Act II,Scene III,Helena,"You are too young, too happy, and too good,",956
Act II,Scene III,Helena,To make yourself a son out of my blood.,957
Act II,Scene III,Fourth Lord,"Fair one, I think not so.",958
Act II,Scene III,Lafeu,There's one grape yet; I am sure thy father drunk,959
Act II,Scene III,Lafeu,"wine: but if thou be'st not an ass, I am a youth",960
Act II,Scene III,Lafeu,of fourteen; I have known thee already.,961
Act II,Scene III,Helena,[To BERTRAM]  I dare not say I take you; but I give,962
Act II,Scene III,Helena,"Me and my service, ever whilst I live,",963
Act II,Scene III,Helena,Into your guiding power. This is the man.,964
Act II,Scene III,King,"Why, then, young Bertram, take her; she's thy wife.",965
Act II,Scene III,Bertram,"My wife, my liege! I shall beseech your highness,",966
Act II,Scene III,Bertram,In such a business give me leave to use,967
Act II,Scene III,Bertram,The help of mine own eyes.,968
Act II,Scene III,King,"Know'st thou not, Bertram,",969
Act II,Scene III,King,What she has done for me?,970
Act II,Scene III,Bertram,"Yes, my good lord;",971
Act II,Scene III,Bertram,But never hope to know why I should marry her.,972
Act II,Scene III,King,Thou know'st she has raised me from my sickly bed.,973
Act II,Scene III,Bertram,"But follows it, my lord, to bring me down",974
Act II,Scene III,Bertram,Must answer for your raising? I know her well:,975
Act II,Scene III,Bertram,She had her breeding at my father's charge.,976
Act II,Scene III,Bertram,A poor physician's daughter my wife! Disdain,977
Act II,Scene III,Bertram,Rather corrupt me ever!,978
Act II,Scene III,King,"'Tis only title thou disdain'st in her, the which",979
Act II,Scene III,King,"I can build up. Strange is it that our bloods,",980
Act II,Scene III,King,"Of colour, weight, and heat, pour'd all together,",981
Act II,Scene III,King,"Would quite confound distinction, yet stand off",982
Act II,Scene III,King,In differences so mighty. If she be,983
Act II,Scene III,King,"All that is virtuous, save what thou dislikest,",984
Act II,Scene III,King,"A poor physician's daughter, thou dislikest",985
Act II,Scene III,King,Of virtue for the name: but do not so:,986
Act II,Scene III,King,"From lowest place when virtuous things proceed,",987
Act II,Scene III,King,The place is dignified by the doer's deed:,988
Act II,Scene III,King,"Where great additions swell's, and virtue none,",989
Act II,Scene III,King,It is a dropsied honour. Good alone,990
Act II,Scene III,King,Is good without a name. Vileness is so:,991
Act II,Scene III,King,"The property by what it is should go,",992
Act II,Scene III,King,"Not by the title. She is young, wise, fair;",993
Act II,Scene III,King,"In these to nature she's immediate heir,",994
Act II,Scene III,King,"And these breed honour: that is honour's scorn,",995
Act II,Scene III,King,Which challenges itself as honour's born,996
Act II,Scene III,King,"And is not like the sire: honours thrive,",997
Act II,Scene III,King,When rather from our acts we them derive,998
Act II,Scene III,King,Than our foregoers: the mere word's a slave,999
Act II,Scene III,King,"Debosh'd on every tomb, on every grave",1000
Act II,Scene III,King,"A lying trophy, and as oft is dumb",1001
Act II,Scene III,King,Where dust and damn'd oblivion is the tomb,1002
Act II,Scene III,King,Of honour'd bones indeed. What should be said?,1003
Act II,Scene III,King,"If thou canst like this creature as a maid,",1004
Act II,Scene III,King,I can create the rest: virtue and she,1005
Act II,Scene III,King,Is her own dower; honour and wealth from me.,1006
Act II,Scene III,Bertram,"I cannot love her, nor will strive to do't.",1007
Act II,Scene III,King,"Thou wrong'st thyself, if thou shouldst strive to choose.",1008
Act II,Scene III,Helena,"That you are well restored, my lord, I'm glad:",1009
Act II,Scene III,Helena,Let the rest go.,1010
Act II,Scene III,King,"My honour's at the stake; which to defeat,",1011
Act II,Scene III,King,"I must produce my power. Here, take her hand,",1012
Act II,Scene III,King,"Proud scornful boy, unworthy this good gift;",1013
Act II,Scene III,King,That dost in vile misprision shackle up,1014
Act II,Scene III,King,"My love and her desert; that canst not dream,",1015
Act II,Scene III,King,"We, poising us in her defective scale,",1016
Act II,Scene III,King,"Shall weigh thee to the beam; that wilt not know,",1017
Act II,Scene III,King,It is in us to plant thine honour where,1018
Act II,Scene III,King,We please to have it grow. Cheque thy contempt:,1019
Act II,Scene III,King,"Obey our will, which travails in thy good:",1020
Act II,Scene III,King,"Believe not thy disdain, but presently",1021
Act II,Scene III,King,Do thine own fortunes that obedient right,1022
Act II,Scene III,King,Which both thy duty owes and our power claims;,1023
Act II,Scene III,King,Or I will throw thee from my care for ever,1024
Act II,Scene III,King,Into the staggers and the careless lapse,1025
Act II,Scene III,King,Of youth and ignorance; both my revenge and hate,1026
Act II,Scene III,King,"Loosing upon thee, in the name of justice,",1027
Act II,Scene III,King,Without all terms of pity. Speak; thine answer.,1028
Act II,Scene III,Bertram,"Pardon, my gracious lord; for I submit",1029
Act II,Scene III,Bertram,My fancy to your eyes: when I consider,1030
Act II,Scene III,Bertram,What great creation and what dole of honour,1031
Act II,Scene III,Bertram,"Flies where you bid it, I find that she, which late",1032
Act II,Scene III,Bertram,"Was in my nobler thoughts most base, is now",1033
Act II,Scene III,Bertram,"The praised of the king; who, so ennobled,",1034
Act II,Scene III,Bertram,Is as 'twere born so.,1035
Act II,Scene III,King,"Take her by the hand,",1036
Act II,Scene III,King,And tell her she is thine: to whom I promise,1037
Act II,Scene III,King,"A counterpoise, if not to thy estate",1038
Act II,Scene III,King,A balance more replete.,1039
Act II,Scene III,Bertram,I take her hand.,1040
Act II,Scene III,King,Good fortune and the favour of the king,1041
Act II,Scene III,King,Smile upon this contract; whose ceremony,1042
Act II,Scene III,King,"Shall seem expedient on the now-born brief,",1043
Act II,Scene III,King,And be perform'd to-night: the solemn feast,1044
Act II,Scene III,King,"Shall more attend upon the coming space,",1045
Act II,Scene III,King,"Expecting absent friends. As thou lovest her,",1046
Act II,Scene III,King,"Thy love's to me religious; else, does err.",1047
Act II,Scene III,[stage direction],Exeunt all but LAFEU and PAROLLES,NA
Act II,Scene III,Lafeu,"[Advancing]  Do you hear, monsieur? a word with you.",1048
Act II,Scene III,Parolles,"Your pleasure, sir?",1049
Act II,Scene III,Lafeu,Your lord and master did well to make his,1050
Act II,Scene III,Lafeu,recantation.,1051
Act II,Scene III,Parolles,Recantation! My lord! my master!,1052
Act II,Scene III,Lafeu,Ay; is it not a language I speak?,1053
Act II,Scene III,Parolles,"A most harsh one, and not to be understood without",1054
Act II,Scene III,Parolles,bloody succeeding. My master!,1055
Act II,Scene III,Lafeu,Are you companion to the Count Rousillon?,1056
Act II,Scene III,Parolles,"To any count, to all counts, to what is man.",1057
Act II,Scene III,Lafeu,To what is count's man: count's master is of,1058
Act II,Scene III,Lafeu,another style.,1059
Act II,Scene III,Parolles,"You are too old, sir; let it satisfy you, you are too old.",1060
Act II,Scene III,Lafeu,"I must tell thee, sirrah, I write man; to which",1061
Act II,Scene III,Lafeu,title age cannot bring thee.,1062
Act II,Scene III,Parolles,"What I dare too well do, I dare not do.",1063
Act II,Scene III,Lafeu,"I did think thee, for two ordinaries, to be a pretty",1064
Act II,Scene III,Lafeu,wise fellow; thou didst make tolerable vent of thy,1065
Act II,Scene III,Lafeu,travel; it might pass: yet the scarfs and the,1066
Act II,Scene III,Lafeu,bannerets about thee did manifoldly dissuade me from,1067
Act II,Scene III,Lafeu,believing thee a vessel of too great a burthen. I,1068
Act II,Scene III,Lafeu,"have now found thee; when I lose thee again, I care",1069
Act II,Scene III,Lafeu,not: yet art thou good for nothing but taking up; and,1070
Act II,Scene III,Lafeu,that thou't scarce worth.,1071
Act II,Scene III,Parolles,"Hadst thou not the privilege of antiquity upon thee,--",1072
Act II,Scene III,Lafeu,"Do not plunge thyself too far in anger, lest thou",1073
Act II,Scene III,Lafeu,hasten thy trial; which if--Lord have mercy on thee,1074
Act II,Scene III,Lafeu,"for a hen! So, my good window of lattice, fare thee",1075
Act II,Scene III,Lafeu,"well: thy casement I need not open, for I look",1076
Act II,Scene III,Lafeu,through thee. Give me thy hand.,1077
Act II,Scene III,Parolles,"My lord, you give me most egregious indignity.",1078
Act II,Scene III,Lafeu,"Ay, with all my heart; and thou art worthy of it.",1079
Act II,Scene III,Parolles,"I have not, my lord, deserved it.",1080
Act II,Scene III,Lafeu,"Yes, good faith, every dram of it; and I will not",1081
Act II,Scene III,Lafeu,bate thee a scruple.,1082
Act II,Scene III,Parolles,"Well, I shall be wiser.",1083
Act II,Scene III,Lafeu,"Even as soon as thou canst, for thou hast to pull at",1084
Act II,Scene III,Lafeu,a smack o' the contrary. If ever thou be'st bound,1085
Act II,Scene III,Lafeu,"in thy scarf and beaten, thou shalt find what it is",1086
Act II,Scene III,Lafeu,to be proud of thy bondage. I have a desire to hold,1087
Act II,Scene III,Lafeu,"my acquaintance with thee, or rather my knowledge,",1088
Act II,Scene III,Lafeu,"that I may say in the default, he is a man I know.",1089
Act II,Scene III,Parolles,"My lord, you do me most insupportable vexation.",1090
Act II,Scene III,Lafeu,"I would it were hell-pains for thy sake, and my poor",1091
Act II,Scene III,Lafeu,doing eternal: for doing I am past: as I will by,1092
Act II,Scene III,Lafeu,"thee, in what motion age will give me leave.",1093
Act II,Scene III,[stage direction],Exit,NA
Act II,Scene III,Parolles,"Well, thou hast a son shall take this disgrace off",1094
Act II,Scene III,Parolles,"me; scurvy, old, filthy, scurvy lord! Well, I must",1095
Act II,Scene III,Parolles,be patient; there is no fettering of authority.,1096
Act II,Scene III,Parolles,"I'll beat him, by my life, if I can meet him with",1097
Act II,Scene III,Parolles,"any convenience, an he were double and double a",1098
Act II,Scene III,Parolles,lord. I'll have no more pity of his age than I,1099
Act II,Scene III,Parolles,"would of--I'll beat him, an if I could but meet him again.",1100
Act II,Scene III,[stage direction],Re-enter LAFEU,NA
Act II,Scene III,Lafeu,"Sirrah, your lord and master's married; there's news",1101
Act II,Scene III,Lafeu,for you: you have a new mistress.,1102
Act II,Scene III,Parolles,I most unfeignedly beseech your lordship to make,1103
Act II,Scene III,Parolles,some reservation of your wrongs: he is my good,1104
Act II,Scene III,Parolles,lord: whom I serve above is my master.,1105
Act II,Scene III,Lafeu,Who? God?,1106
Act II,Scene III,Parolles,"Ay, sir.",1107
Act II,Scene III,Lafeu,The devil it is that's thy master. Why dost thou,1108
Act II,Scene III,Lafeu,garter up thy arms o' this fashion? dost make hose of,1109
Act II,Scene III,Lafeu,sleeves? do other servants so? Thou wert best set,1110
Act II,Scene III,Lafeu,thy lower part where thy nose stands. By mine,1111
Act II,Scene III,Lafeu,"honour, if I were but two hours younger, I'ld beat",1112
Act II,Scene III,Lafeu,"thee: methinks, thou art a general offence, and",1113
Act II,Scene III,Lafeu,every man should beat thee: I think thou wast,1114
Act II,Scene III,Lafeu,created for men to breathe themselves upon thee.,1115
Act II,Scene III,Parolles,"This is hard and undeserved measure, my lord.",1116
Act II,Scene III,Lafeu,"Go to, sir; you were beaten in Italy for picking a",1117
Act II,Scene III,Lafeu,kernel out of a pomegranate; you are a vagabond and,1118
Act II,Scene III,Lafeu,no true traveller: you are more saucy with lords,1119
Act II,Scene III,Lafeu,and honourable personages than the commission of your,1120
Act II,Scene III,Lafeu,birth and virtue gives you heraldry. You are not,1121
Act II,Scene III,Lafeu,"worth another word, else I'ld call you knave. I leave you.",1122
Act II,Scene III,[stage direction],Exit,NA
Act II,Scene III,Parolles,"Good, very good; it is so then: good, very good;",1123
Act II,Scene III,Parolles,let it be concealed awhile.,1124
Act II,Scene III,[stage direction],Re-enter BERTRAM,NA
Act II,Scene III,Bertram,"Undone, and forfeited to cares for ever!",1125
Act II,Scene III,Parolles,"What's the matter, sweet-heart?",1126
Act II,Scene III,Bertram,"Although before the solemn priest I have sworn,",1127
Act II,Scene III,Bertram,I will not bed her.,1128
Act II,Scene III,Parolles,"What, what, sweet-heart?",1129
Act II,Scene III,Bertram,"O my Parolles, they have married me!",1130
Act II,Scene III,Bertram,"I'll to the Tuscan wars, and never bed her.",1131
Act II,Scene III,Parolles,"France is a dog-hole, and it no more merits",1132
Act II,Scene III,Parolles,The tread of a man's foot: to the wars!,1133
Act II,Scene III,Bertram,"There's letters from my mother: what the import is,",1134
Act II,Scene III,Bertram,I know not yet.,1135
Act II,Scene III,Parolles,"Ay, that would be known. To the wars, my boy, to the wars!",1136
Act II,Scene III,Parolles,"He wears his honour in a box unseen,",1137
Act II,Scene III,Parolles,"That hugs his kicky-wicky here at home,",1138
Act II,Scene III,Parolles,"Spending his manly marrow in her arms,",1139
Act II,Scene III,Parolles,Which should sustain the bound and high curvet,1140
Act II,Scene III,Parolles,Of Mars's fiery steed. To other regions,1141
Act II,Scene III,Parolles,France is a stable; we that dwell in't jades;,1142
Act II,Scene III,Parolles,"Therefore, to the war!",1143
Act II,Scene III,Bertram,"It shall be so: I'll send her to my house,",1144
Act II,Scene III,Bertram,"Acquaint my mother with my hate to her,",1145
Act II,Scene III,Bertram,And wherefore I am fled; write to the king,1146
Act II,Scene III,Bertram,That which I durst not speak; his present gift,1147
Act II,Scene III,Bertram,"Shall furnish me to those Italian fields,",1148
Act II,Scene III,Bertram,Where noble fellows strike: war is no strife,1149
Act II,Scene III,Bertram,To the dark house and the detested wife.,1150
Act II,Scene III,Parolles,Will this capriccio hold in thee? art sure?,1151
Act II,Scene III,Bertram,"Go with me to my chamber, and advise me.",1152
Act II,Scene III,Bertram,I'll send her straight away: to-morrow,1153
Act II,Scene III,Bertram,"I'll to the wars, she to her single sorrow.",1154
Act II,Scene III,Parolles,"Why, these balls bound; there's noise in it. 'Tis hard:",1155
Act II,Scene III,Parolles,A young man married is a man that's marr'd:,1156
Act II,Scene III,Parolles,"Therefore away, and leave her bravely; go:",1157
Act II,Scene III,Parolles,"The king has done you wrong: but, hush, 'tis so.",1158
Act II,Scene III,[stage direction],Exeunt,NA
Act II,Scene IV,[stage direction],Enter HELENA and Clown,NA
Act II,Scene IV,Helena,My mother greets me kindly; is she well?,1159
Act II,Scene IV,Clown,She is not well; but yet she has her health: she's,1160
Act II,Scene IV,Clown,very merry; but yet she is not well: but thanks be,1161
Act II,Scene IV,Clown,"given, she's very well and wants nothing i', the",1162
Act II,Scene IV,Clown,world; but yet she is not well.,1163
Act II,Scene IV,Helena,"If she be very well, what does she ail, that she's",1164
Act II,Scene IV,Helena,not very well?,1165
Act II,Scene IV,Clown,"Truly, she's very well indeed, but for two things.",1166
Act II,Scene IV,Helena,What two things?,1167
Act II,Scene IV,Clown,"One, that she's not in heaven, whither God send her",1168
Act II,Scene IV,Clown,"quickly! the other that she's in earth, from whence",1169
Act II,Scene IV,Clown,God send her quickly!,1170
Act II,Scene IV,[stage direction],Enter PAROLLES,NA
Act II,Scene IV,Parolles,"Bless you, my fortunate lady!",1171
Act II,Scene IV,Helena,"I hope, sir, I have your good will to have mine own",1172
Act II,Scene IV,Helena,good fortunes.,1173
Act II,Scene IV,Parolles,You had my prayers to lead them on; and to keep them,1174
Act II,Scene IV,Parolles,"on, have them still. O, my knave, how does my old lady?",1175
Act II,Scene IV,Clown,"So that you had her wrinkles and I her money,",1176
Act II,Scene IV,Clown,I would she did as you say.,1177
Act II,Scene IV,Parolles,"Why, I say nothing.",1178
Act II,Scene IV,Clown,"Marry, you are the wiser man; for many a man's",1179
Act II,Scene IV,Clown,tongue shakes out his master's undoing: to say,1180
Act II,Scene IV,Clown,"nothing, to do nothing, to know nothing, and to have",1181
Act II,Scene IV,Clown,"nothing, is to be a great part of your title; which",1182
Act II,Scene IV,Clown,is within a very little of nothing.,1183
Act II,Scene IV,Parolles,Away! thou'rt a knave.,1184
Act II,Scene IV,Clown,"You should have said, sir, before a knave thou'rt a",1185
Act II,Scene IV,Clown,"knave; that's, before me thou'rt a knave: this had",1186
Act II,Scene IV,Clown,"been truth, sir.",1187
Act II,Scene IV,Parolles,"Go to, thou art a witty fool; I have found thee.",1188
Act II,Scene IV,Clown,"Did you find me in yourself, sir? or were you",1189
Act II,Scene IV,Clown,"taught to find me? The search, sir, was profitable;",1190
Act II,Scene IV,Clown,"and much fool may you find in you, even to the",1191
Act II,Scene IV,Clown,world's pleasure and the increase of laughter.,1192
Act II,Scene IV,Parolles,"A good knave, i' faith, and well fed.",1193
Act II,Scene IV,Parolles,"Madam, my lord will go away to-night;",1194
Act II,Scene IV,Parolles,A very serious business calls on him.,1195
Act II,Scene IV,Parolles,"The great prerogative and rite of love,",1196
Act II,Scene IV,Parolles,"Which, as your due, time claims, he does acknowledge;",1197
Act II,Scene IV,Parolles,But puts it off to a compell'd restraint;,1198
Act II,Scene IV,Parolles,"Whose want, and whose delay, is strew'd with sweets,",1199
Act II,Scene IV,Parolles,"Which they distil now in the curbed time,",1200
Act II,Scene IV,Parolles,To make the coming hour o'erflow with joy,1201
Act II,Scene IV,Parolles,And pleasure drown the brim.,1202
Act II,Scene IV,Helena,What's his will else?,1203
Act II,Scene IV,Parolles,That you will take your instant leave o' the king,1204
Act II,Scene IV,Parolles,"And make this haste as your own good proceeding,",1205
Act II,Scene IV,Parolles,Strengthen'd with what apology you think,1206
Act II,Scene IV,Parolles,May make it probable need.,1207
Act II,Scene IV,Helena,What more commands he?,1208
Act II,Scene IV,Parolles,"That, having this obtain'd, you presently",1209
Act II,Scene IV,Parolles,Attend his further pleasure.,1210
Act II,Scene IV,Helena,In every thing I wait upon his will.,1211
Act II,Scene IV,Parolles,I shall report it so.,1212
Act II,Scene IV,Helena,I pray you.,1213
Act II,Scene IV,[stage direction],Exit PAROLLES,NA
Act II,Scene IV,Helena,"Come, sirrah.",1214
Act II,Scene IV,[stage direction],Exeunt,NA
Act II,Scene V,[stage direction],Enter LAFEU and BERTRAM,NA
Act II,Scene V,Lafeu,But I hope your lordship thinks not him a soldier.,1215
Act II,Scene V,Bertram,"Yes, my lord, and of very valiant approof.",1216
Act II,Scene V,Lafeu,You have it from his own deliverance.,1217
Act II,Scene V,Bertram,And by other warranted testimony.,1218
Act II,Scene V,Lafeu,Then my dial goes not true: I took this lark for a bunting.,1219
Act II,Scene V,Bertram,"I do assure you, my lord, he is very great in",1220
Act II,Scene V,Bertram,knowledge and accordingly valiant.,1221
Act II,Scene V,Lafeu,I have then sinned against his experience and,1222
Act II,Scene V,Lafeu,transgressed against his valour; and my state that,1223
Act II,Scene V,Lafeu,"way is dangerous, since I cannot yet find in my",1224
Act II,Scene V,Lafeu,"heart to repent. Here he comes: I pray you, make",1225
Act II,Scene V,Lafeu,us friends; I will pursue the amity.,1226
Act II,Scene V,[stage direction],Enter PAROLLES,NA
Act II,Scene V,Parolles,"[To BERTRAM]  These things shall be done, sir.",1227
Act II,Scene V,Lafeu,"Pray you, sir, who's his tailor?",1228
Act II,Scene V,Parolles,Sir?,1229
Act II,Scene V,Lafeu,"O, I know him well, I, sir; he, sir, 's a good",1230
Act II,Scene V,Lafeu,"workman, a very good tailor.",1231
Act II,Scene V,Bertram,[Aside to PAROLLES]  Is she gone to the king?,1232
Act II,Scene V,Parolles,She is.,1233
Act II,Scene V,Bertram,Will she away to-night?,1234
Act II,Scene V,Parolles,As you'll have her.,1235
Act II,Scene V,Bertram,"I have writ my letters, casketed my treasure,",1236
Act II,Scene V,Bertram,"Given order for our horses; and to-night,",1237
Act II,Scene V,Bertram,"When I should take possession of the bride,",1238
Act II,Scene V,Bertram,End ere I do begin.,1239
Act II,Scene V,Lafeu,A good traveller is something at the latter end of a,1240
Act II,Scene V,Lafeu,dinner; but one that lies three thirds and uses a,1241
Act II,Scene V,Lafeu,"known truth to pass a thousand nothings with, should",1242
Act II,Scene V,Lafeu,"be once heard and thrice beaten. God save you, captain.",1243
Act II,Scene V,Bertram,"Is there any unkindness between my lord and you, monsieur?",1244
Act II,Scene V,Parolles,I know not how I have deserved to run into my lord's,1245
Act II,Scene V,Parolles,displeasure.,1246
Act II,Scene V,Lafeu,"You have made shift to run into 't, boots and spurs",1247
Act II,Scene V,Lafeu,"and all, like him that leaped into the custard; and",1248
Act II,Scene V,Lafeu,"out of it you'll run again, rather than suffer",1249
Act II,Scene V,Lafeu,question for your residence.,1250
Act II,Scene V,Bertram,"It may be you have mistaken him, my lord.",1251
Act II,Scene V,Lafeu,"And shall do so ever, though I took him at 's",1252
Act II,Scene V,Lafeu,"prayers. Fare you well, my lord; and believe this",1253
Act II,Scene V,Lafeu,"of me, there can be no kernel in this light nut; the",1254
Act II,Scene V,Lafeu,soul of this man is his clothes. Trust him not in,1255
Act II,Scene V,Lafeu,matter of heavy consequence; I have kept of them,1256
Act II,Scene V,Lafeu,"tame, and know their natures. Farewell, monsieur:",1257
Act II,Scene V,Lafeu,I have spoken better of you than you have or will to,1258
Act II,Scene V,Lafeu,deserve at my hand; but we must do good against evil.,1259
Act II,Scene V,[stage direction],Exit,NA
Act II,Scene V,Parolles,An idle lord. I swear.,1260
Act II,Scene V,Bertram,I think so.,1261
Act II,Scene V,Parolles,"Why, do you not know him?",1262
Act II,Scene V,Bertram,"Yes, I do know him well, and common speech",1263
Act II,Scene V,Bertram,Gives him a worthy pass. Here comes my clog.,1264
Act II,Scene V,[stage direction],Enter HELENA,NA
Act II,Scene V,Helena,"I have, sir, as I was commanded from you,",1265
Act II,Scene V,Helena,Spoke with the king and have procured his leave,1266
Act II,Scene V,Helena,For present parting; only he desires,1267
Act II,Scene V,Helena,Some private speech with you.,1268
Act II,Scene V,Bertram,I shall obey his will.,1269
Act II,Scene V,Bertram,"You must not marvel, Helen, at my course,",1270
Act II,Scene V,Bertram,"Which holds not colour with the time, nor does",1271
Act II,Scene V,Bertram,The ministration and required office,1272
Act II,Scene V,Bertram,On my particular. Prepared I was not,1273
Act II,Scene V,Bertram,For such a business; therefore am I found,1274
Act II,Scene V,Bertram,So much unsettled: this drives me to entreat you,1275
Act II,Scene V,Bertram,That presently you take our way for home;,1276
Act II,Scene V,Bertram,"And rather muse than ask why I entreat you,",1277
Act II,Scene V,Bertram,For my respects are better than they seem,1278
Act II,Scene V,Bertram,And my appointments have in them a need,1279
Act II,Scene V,Bertram,Greater than shows itself at the first view,1280
Act II,Scene V,Bertram,To you that know them not. This to my mother:,1281
Act II,Scene V,[stage direction],Giving a letter,NA
Act II,Scene V,Bertram,"'Twill be two days ere I shall see you, so",1282
Act II,Scene V,Bertram,I leave you to your wisdom.,1283
Act II,Scene V,Helena,"Sir, I can nothing say,",1284
Act II,Scene V,Helena,But that I am your most obedient servant.,1285
Act II,Scene V,Bertram,"Come, come, no more of that.",1286
Act II,Scene V,Helena,And ever shall,1287
Act II,Scene V,Helena,With true observance seek to eke out that,1288
Act II,Scene V,Helena,Wherein toward me my homely stars have fail'd,1289
Act II,Scene V,Helena,To equal my great fortune.,1290
Act II,Scene V,Bertram,Let that go:,1291
Act II,Scene V,Bertram,My haste is very great: farewell; hie home.,1292
Act II,Scene V,Helena,"Pray, sir, your pardon.",1293
Act II,Scene V,Bertram,"Well, what would you say?",1294
Act II,Scene V,Helena,"I am not worthy of the wealth I owe,",1295
Act II,Scene V,Helena,"Nor dare I say 'tis mine, and yet it is;",1296
Act II,Scene V,Helena,"But, like a timorous thief, most fain would steal",1297
Act II,Scene V,Helena,What law does vouch mine own.,1298
Act II,Scene V,Bertram,What would you have?,1299
Act II,Scene V,Helena,"Something; and scarce so much: nothing, indeed.",1300
Act II,Scene V,Helena,"I would not tell you what I would, my lord:",1301
Act II,Scene V,Helena,Faith yes;,1302
Act II,Scene V,Helena,"Strangers and foes do sunder, and not kiss.",1303
Act II,Scene V,Bertram,"I pray you, stay not, but in haste to horse.",1304
Act II,Scene V,Helena,"I shall not break your bidding, good my lord.",1305
Act II,Scene V,Bertram,"Where are my other men, monsieur? Farewell.",1306
Act II,Scene V,[stage direction],Exit HELENA,NA
Act II,Scene V,Bertram,Go thou toward home; where I will never come,1307
Act II,Scene V,Bertram,Whilst I can shake my sword or hear the drum.,1308
Act II,Scene V,Bertram,"Away, and for our flight.",1309
Act II,Scene V,Parolles,"Bravely, coragio!",1310
Act II,Scene V,[stage direction],Exeunt,NA
Act III,Scene I,[stage direction],"Flourish. Enter the DUKE of Florence attended; the two Frenchmen, with a troop of soldiers.",NA
Act III,Scene I,Duke,So that from point to point now have you heard,1311
Act III,Scene I,Duke,"The fundamental reasons of this war,",1312
Act III,Scene I,Duke,Whose great decision hath much blood let forth,1313
Act III,Scene I,Duke,And more thirsts after.,1314
Act III,Scene I,First Lord,Holy seems the quarrel,1315
Act III,Scene I,First Lord,Upon your grace's part; black and fearful,1316
Act III,Scene I,First Lord,On the opposer.,1317
Act III,Scene I,Duke,Therefore we marvel much our cousin France,1318
Act III,Scene I,Duke,Would in so just a business shut his bosom,1319
Act III,Scene I,Duke,Against our borrowing prayers.,1320
Act III,Scene I,Second Lord,"Good my lord,",1321
Act III,Scene I,Second Lord,"The reasons of our state I cannot yield,",1322
Act III,Scene I,Second Lord,"But like a common and an outward man,",1323
Act III,Scene I,Second Lord,That the great figure of a council frames,1324
Act III,Scene I,Second Lord,By self-unable motion: therefore dare not,1325
Act III,Scene I,Second Lord,"Say what I think of it, since I have found",1326
Act III,Scene I,Second Lord,Myself in my incertain grounds to fail,1327
Act III,Scene I,Second Lord,As often as I guess'd.,1328
Act III,Scene I,Duke,Be it his pleasure.,1329
Act III,Scene I,First Lord,"But I am sure the younger of our nature,",1330
Act III,Scene I,First Lord,"That surfeit on their ease, will day by day",1331
Act III,Scene I,First Lord,Come here for physic.,1332
Act III,Scene I,Duke,Welcome shall they be;,1333
Act III,Scene I,Duke,And all the honours that can fly from us,1334
Act III,Scene I,Duke,Shall on them settle. You know your places well;,1335
Act III,Scene I,Duke,"When better fall, for your avails they fell:",1336
Act III,Scene I,Duke,To-morrow to the field.,1337
Act III,Scene I,[stage direction],Flourish. Exeunt,NA
Act III,Scene II,[stage direction],Enter COUNTESS and Clown,NA
Act III,Scene II,Countess,"It hath happened all as I would have had it, save",1338
Act III,Scene II,Countess,that he comes not along with her.,1339
Act III,Scene II,Clown,"By my troth, I take my young lord to be a very",1340
Act III,Scene II,Clown,melancholy man.,1341
Act III,Scene II,Countess,"By what observance, I pray you?",1342
Act III,Scene II,Clown,"Why, he will look upon his boot and sing; mend the",1343
Act III,Scene II,Clown,ruff and sing; ask questions and sing; pick his,1344
Act III,Scene II,Clown,teeth and sing. I know a man that had this trick of,1345
Act III,Scene II,Clown,melancholy sold a goodly manor for a song.,1346
Act III,Scene II,Countess,"Let me see what he writes, and when he means to come.",1347
Act III,Scene II,[stage direction],Opening a letter,NA
Act III,Scene II,Clown,I have no mind to Isbel since I was at court: our,1348
Act III,Scene II,Clown,old ling and our Isbels o' the country are nothing,1349
Act III,Scene II,Clown,like your old ling and your Isbels o' the court:,1350
Act III,Scene II,Clown,"the brains of my Cupid's knocked out, and I begin to",1351
Act III,Scene II,Clown,"love, as an old man loves money, with no stomach.",1352
Act III,Scene II,Countess,What have we here?,1353
Act III,Scene II,Clown,E'en that you have there.,1354
Act III,Scene II,[stage direction],Exit,NA
Act III,Scene II,Countess,[Reads]  I have sent you a daughter-in-law: she hath,1355
Act III,Scene II,Countess,"recovered the king, and undone me. I have wedded",1356
Act III,Scene II,Countess,"her, not bedded her; and sworn to make the 'not'",1357
Act III,Scene II,Countess,eternal. You shall hear I am run away: know it,1358
Act III,Scene II,Countess,before the report come. If there be breadth enough,1359
Act III,Scene II,Countess,"in the world, I will hold a long distance. My duty",1360
Act III,Scene II,Countess,"to you.	Your unfortunate son,",1361
Act III,Scene II,Countess,BERTRAM.,1362
Act III,Scene II,Countess,"This is not well, rash and unbridled boy.",1363
Act III,Scene II,Countess,To fly the favours of so good a king;,1364
Act III,Scene II,Countess,To pluck his indignation on thy head,1365
Act III,Scene II,Countess,By the misprising of a maid too virtuous,1366
Act III,Scene II,Countess,For the contempt of empire.,1367
Act III,Scene II,[stage direction],Re-enter Clown,NA
Act III,Scene II,Clown,"O madam, yonder is heavy news within between two",1368
Act III,Scene II,Clown,soldiers and my young lady!,1369
Act III,Scene II,Countess,What is the matter?,1370
Act III,Scene II,Clown,"Nay, there is some comfort in the news, some",1371
Act III,Scene II,Clown,comfort; your son will not be killed so soon as I,1372
Act III,Scene II,Clown,thought he would.,1373
Act III,Scene II,Countess,Why should he be killed?,1374
Act III,Scene II,Clown,"So say I, madam, if he run away, as I hear he does:",1375
Act III,Scene II,Clown,the danger is in standing to't; that's the loss of,1376
Act III,Scene II,Clown,"men, though it be the getting of children. Here",1377
Act III,Scene II,Clown,"they come will tell you more: for my part, I only",1378
Act III,Scene II,Clown,hear your son was run away.,1379
Act III,Scene II,[stage direction],Exit,NA
Act III,Scene II,[stage direction],"Enter HELENA, and two Gentlemen",NA
Act III,Scene II,First Gentleman,"Save you, good madam.",1380
Act III,Scene II,Helena,"Madam, my lord is gone, for ever gone.",1381
Act III,Scene II,Second Gentleman,Do not say so.,1382
Act III,Scene II,Countess,"Think upon patience. Pray you, gentlemen,",1383
Act III,Scene II,Countess,"I have felt so many quirks of joy and grief,",1384
Act III,Scene II,Countess,"That the first face of neither, on the start,",1385
Act III,Scene II,Countess,"Can woman me unto't: where is my son, I pray you?",1386
Act III,Scene II,Second Gentleman,"Madam, he's gone to serve the duke of Florence:",1387
Act III,Scene II,Second Gentleman,"We met him thitherward; for thence we came,",1388
Act III,Scene II,Second Gentleman,"And, after some dispatch in hand at court,",1389
Act III,Scene II,Second Gentleman,Thither we bend again.,1390
Act III,Scene II,Helena,"Look on his letter, madam; here's my passport.",1391
Act III,Scene II,[stage direction],Reads,NA
Act III,Scene II,Helena,When thou canst get the ring upon my finger which,1392
Act III,Scene II,Helena,"never shall come off, and show me a child begotten",1393
Act III,Scene II,Helena,"of thy body that I am father to, then call me",1394
Act III,Scene II,Helena,husband: but in such a 'then' I write a 'never.',1395
Act III,Scene II,Helena,This is a dreadful sentence.,1396
Act III,Scene II,Countess,"Brought you this letter, gentlemen?",1397
Act III,Scene II,First Gentleman,"Ay, madam;",1398
Act III,Scene II,First Gentleman,And for the contents' sake are sorry for our pain.,1399
Act III,Scene II,Countess,"I prithee, lady, have a better cheer;",1400
Act III,Scene II,Countess,"If thou engrossest all the griefs are thine,",1401
Act III,Scene II,Countess,Thou robb'st me of a moiety: he was my son;,1402
Act III,Scene II,Countess,"But I do wash his name out of my blood,",1403
Act III,Scene II,Countess,And thou art all my child. Towards Florence is he?,1404
Act III,Scene II,Second Gentleman,"Ay, madam.",1405
Act III,Scene II,Countess,And to be a soldier?,1406
Act III,Scene II,Second Gentleman,"Such is his noble purpose; and believe 't,",1407
Act III,Scene II,Second Gentleman,The duke will lay upon him all the honour,1408
Act III,Scene II,Second Gentleman,That good convenience claims.,1409
Act III,Scene II,Countess,Return you thither?,1410
Act III,Scene II,First Gentleman,"Ay, madam, with the swiftest wing of speed.",1411
Act III,Scene II,Helena,[Reads]  Till I have no wife I have nothing in France.,1412
Act III,Scene II,Helena,'Tis bitter.,1413
Act III,Scene II,Countess,Find you that there?,1414
Act III,Scene II,Helena,"Ay, madam.",1415
Act III,Scene II,First Gentleman,"'Tis but the boldness of his hand, haply, which his",1416
Act III,Scene II,First Gentleman,heart was not consenting to.,1417
Act III,Scene II,Countess,"Nothing in France, until he have no wife!",1418
Act III,Scene II,Countess,There's nothing here that is too good for him,1419
Act III,Scene II,Countess,But only she; and she deserves a lord,1420
Act III,Scene II,Countess,That twenty such rude boys might tend upon,1421
Act III,Scene II,Countess,And call her hourly mistress. Who was with him?,1422
Act III,Scene II,First Gentleman,"A servant only, and a gentleman",1423
Act III,Scene II,First Gentleman,Which I have sometime known.,1424
Act III,Scene II,Countess,"Parolles, was it not?",1425
Act III,Scene II,First Gentleman,"Ay, my good lady, he.",1426
Act III,Scene II,Countess,"A very tainted fellow, and full of wickedness.",1427
Act III,Scene II,Countess,My son corrupts a well-derived nature,1428
Act III,Scene II,Countess,With his inducement.,1429
Act III,Scene II,First Gentleman,"Indeed, good lady,",1430
Act III,Scene II,First Gentleman,"The fellow has a deal of that too much,",1431
Act III,Scene II,First Gentleman,Which holds him much to have.,1432
Act III,Scene II,Countess,"You're welcome, gentlemen.",1433
Act III,Scene II,Countess,"I will entreat you, when you see my son,",1434
Act III,Scene II,Countess,To tell him that his sword can never win,1435
Act III,Scene II,Countess,The honour that he loses: more I'll entreat you,1436
Act III,Scene II,Countess,Written to bear along.,1437
Act III,Scene II,Second Gentleman,"We serve you, madam,",1438
Act III,Scene II,Second Gentleman,In that and all your worthiest affairs.,1439
Act III,Scene II,Countess,"Not so, but as we change our courtesies.",1440
Act III,Scene II,Countess,Will you draw near!,1441
Act III,Scene II,[stage direction],Exeunt COUNTESS and Gentlemen,NA
Act III,Scene II,Helena,"'Till I have no wife, I have nothing in France.'",1442
Act III,Scene II,Helena,"Nothing in France, until he has no wife!",1443
Act III,Scene II,Helena,"Thou shalt have none, Rousillon, none in France;",1444
Act III,Scene II,Helena,Then hast thou all again. Poor lord! is't I,1445
Act III,Scene II,Helena,That chase thee from thy country and expose,1446
Act III,Scene II,Helena,Those tender limbs of thine to the event,1447
Act III,Scene II,Helena,Of the none-sparing war? and is it I,1448
Act III,Scene II,Helena,"That drive thee from the sportive court, where thou",1449
Act III,Scene II,Helena,"Wast shot at with fair eyes, to be the mark",1450
Act III,Scene II,Helena,"Of smoky muskets? O you leaden messengers,",1451
Act III,Scene II,Helena,"That ride upon the violent speed of fire,",1452
Act III,Scene II,Helena,"Fly with false aim; move the still-peering air,",1453
Act III,Scene II,Helena,That sings with piercing; do not touch my lord.,1454
Act III,Scene II,Helena,"Whoever shoots at him, I set him there;",1455
Act III,Scene II,Helena,"Whoever charges on his forward breast,",1456
Act III,Scene II,Helena,I am the caitiff that do hold him to't;,1457
Act III,Scene II,Helena,"And, though I kill him not, I am the cause",1458
Act III,Scene II,Helena,His death was so effected: better 'twere,1459
Act III,Scene II,Helena,I met the ravin lion when he roar'd,1460
Act III,Scene II,Helena,With sharp constraint of hunger; better 'twere,1461
Act III,Scene II,Helena,That all the miseries which nature owes,1462
Act III,Scene II,Helena,"Were mine at once. No, come thou home, Rousillon,",1463
Act III,Scene II,Helena,"Whence honour but of danger wins a scar,",1464
Act III,Scene II,Helena,As oft it loses all: I will be gone;,1465
Act III,Scene II,Helena,My being here it is that holds thee hence:,1466
Act III,Scene II,Helena,"Shall I stay here to do't?  no, no, although",1467
Act III,Scene II,Helena,The air of paradise did fan the house,1468
Act III,Scene II,Helena,"And angels officed all: I will be gone,",1469
Act III,Scene II,Helena,"That pitiful rumour may report my flight,",1470
Act III,Scene II,Helena,"To consolate thine ear. Come, night; end, day!",1471
Act III,Scene II,Helena,"For with the dark, poor thief, I'll steal away.",1472
Act III,Scene II,[stage direction],Exit,NA
Act III,Scene III,[stage direction],"Flourish. Enter the DUKE of Florence, BERTRAM, PAROLLES, Soldiers, Drum, and Trumpets",NA
Act III,Scene III,Duke,"The general of our horse thou art; and we,",1473
Act III,Scene III,Duke,"Great in our hope, lay our best love and credence",1474
Act III,Scene III,Duke,Upon thy promising fortune.,1475
Act III,Scene III,Bertram,"Sir, it is",1476
Act III,Scene III,Bertram,"A charge too heavy for my strength, but yet",1477
Act III,Scene III,Bertram,We'll strive to bear it for your worthy sake,1478
Act III,Scene III,Bertram,To the extreme edge of hazard.,1479
Act III,Scene III,Duke,Then go thou forth;,1480
Act III,Scene III,Duke,"And fortune play upon thy prosperous helm,",1481
Act III,Scene III,Duke,As thy auspicious mistress!,1482
Act III,Scene III,Bertram,"This very day,",1483
Act III,Scene III,Bertram,"Great Mars, I put myself into thy file:",1484
Act III,Scene III,Bertram,"Make me but like my thoughts, and I shall prove",1485
Act III,Scene III,Bertram,"A lover of thy drum, hater of love.",1486
Act III,Scene III,[stage direction],Exeunt,NA
Act III,Scene IV,[stage direction],Enter COUNTESS and Steward,NA
Act III,Scene IV,Countess,Alas! and would you take the letter of her?,1487
Act III,Scene IV,Countess,"Might you not know she would do as she has done,",1488
Act III,Scene IV,Countess,By sending me a letter? Read it again.,1489
Act III,Scene IV,Steward,[Reads],1490
Act III,Scene IV,Steward,"I am Saint Jaques' pilgrim, thither gone:",1491
Act III,Scene IV,Steward,"Ambitious love hath so in me offended,",1492
Act III,Scene IV,Steward,"That barefoot plod I the cold ground upon,",1493
Act III,Scene IV,Steward,With sainted vow my faults to have amended.,1494
Act III,Scene IV,Steward,"Write, write, that from the bloody course of war",1495
Act III,Scene IV,Steward,"My dearest master, your dear son, may hie:",1496
Act III,Scene IV,Steward,"Bless him at home in peace, whilst I from far",1497
Act III,Scene IV,Steward,His name with zealous fervor sanctify:,1498
Act III,Scene IV,Steward,His taken labours bid him me forgive;,1499
Act III,Scene IV,Steward,"I, his despiteful Juno, sent him forth",1500
Act III,Scene IV,Steward,"From courtly friends, with camping foes to live,",1501
Act III,Scene IV,Steward,Where death and danger dogs the heels of worth:,1502
Act III,Scene IV,Steward,He is too good and fair for death and me:,1503
Act III,Scene IV,Steward,"Whom I myself embrace, to set him free.",1504
Act III,Scene IV,Countess,"Ah, what sharp stings are in her mildest words!",1505
Act III,Scene IV,Countess,"Rinaldo, you did never lack advice so much,",1506
Act III,Scene IV,Countess,"As letting her pass so: had I spoke with her,",1507
Act III,Scene IV,Countess,"I could have well diverted her intents,",1508
Act III,Scene IV,Countess,Which thus she hath prevented.,1509
Act III,Scene IV,Steward,"Pardon me, madam:",1510
Act III,Scene IV,Steward,"If I had given you this at over-night,",1511
Act III,Scene IV,Steward,"She might have been o'erta'en; and yet she writes,",1512
Act III,Scene IV,Steward,Pursuit would be but vain.,1513
Act III,Scene IV,Countess,What angel shall,1514
Act III,Scene IV,Countess,"Bless this unworthy husband? he cannot thrive,",1515
Act III,Scene IV,Countess,"Unless her prayers, whom heaven delights to hear",1516
Act III,Scene IV,Countess,"And loves to grant, reprieve him from the wrath",1517
Act III,Scene IV,Countess,"Of greatest justice. Write, write, Rinaldo,",1518
Act III,Scene IV,Countess,To this unworthy husband of his wife;,1519
Act III,Scene IV,Countess,Let every word weigh heavy of her worth,1520
Act III,Scene IV,Countess,That he does weigh too light: my greatest grief.,1521
Act III,Scene IV,Countess,"Though little he do feel it, set down sharply.",1522
Act III,Scene IV,Countess,Dispatch the most convenient messenger:,1523
Act III,Scene IV,Countess,"When haply he shall hear that she is gone,",1524
Act III,Scene IV,Countess,"He will return; and hope I may that she,",1525
Act III,Scene IV,Countess,"Hearing so much, will speed her foot again,",1526
Act III,Scene IV,Countess,Led hither by pure love: which of them both,1527
Act III,Scene IV,Countess,Is dearest to me. I have no skill in sense,1528
Act III,Scene IV,Countess,To make distinction: provide this messenger:,1529
Act III,Scene IV,Countess,My heart is heavy and mine age is weak;,1530
Act III,Scene IV,Countess,"Grief would have tears, and sorrow bids me speak.",1531
Act III,Scene IV,[stage direction],Exeunt,NA
Act III,Scene V,[stage direction],"Enter an old Widow of Florence, DIANA, VIOLENTA, and MARIANA, with other Citizens",NA
Act III,Scene V,Widow,"Nay, come; for if they do approach the city, we",1532
Act III,Scene V,Widow,shall lose all the sight.,1533
Act III,Scene V,Diana,They say the French count has done most honourable service.,1534
Act III,Scene V,Widow,It is reported that he has taken their greatest,1535
Act III,Scene V,Widow,commander; and that with his own hand he slew the,1536
Act III,Scene V,Widow,duke's brother.,1537
Act III,Scene V,[stage direction],Tucket,NA
Act III,Scene V,Widow,We have lost our labour; they are gone a contrary,1538
Act III,Scene V,Widow,way: hark! you may know by their trumpets.,1539
Act III,Scene V,Mariana,"Come, let's return again, and suffice ourselves with",1540
Act III,Scene V,Mariana,"the report of it. Well, Diana, take heed of this",1541
Act III,Scene V,Mariana,French earl: the honour of a maid is her name; and,1542
Act III,Scene V,Mariana,no legacy is so rich as honesty.,1543
Act III,Scene V,Widow,I have told my neighbour how you have been solicited,1544
Act III,Scene V,Widow,by a gentleman his companion.,1545
Act III,Scene V,Mariana,I know that knave; hang him! one Parolles: a,1546
Act III,Scene V,Mariana,filthy officer he is in those suggestions for the,1547
Act III,Scene V,Mariana,"young earl. Beware of them, Diana; their promises,",1548
Act III,Scene V,Mariana,"enticements, oaths, tokens, and all these engines of",1549
Act III,Scene V,Mariana,"lust, are not the things they go under: many a maid",1550
Act III,Scene V,Mariana,"hath been seduced by them; and the misery is,",1551
Act III,Scene V,Mariana,"example, that so terrible shows in the wreck of",1552
Act III,Scene V,Mariana,"maidenhood, cannot for all that dissuade succession,",1553
Act III,Scene V,Mariana,but that they are limed with the twigs that threaten,1554
Act III,Scene V,Mariana,them. I hope I need not to advise you further; but,1555
Act III,Scene V,Mariana,"I hope your own grace will keep you where you are,",1556
Act III,Scene V,Mariana,though there were no further danger known but the,1557
Act III,Scene V,Mariana,modesty which is so lost.,1558
Act III,Scene V,Diana,You shall not need to fear me.,1559
Act III,Scene V,Widow,I hope so.,1560
Act III,Scene V,[stage direction],"Enter HELENA, disguised like a Pilgrim",NA
Act III,Scene V,Widow,"Look, here comes a pilgrim: I know she will lie at",1561
Act III,Scene V,Widow,my house; thither they send one another: I'll,1562
Act III,Scene V,Widow,"question her. God save you, pilgrim! whither are you bound?",1563
Act III,Scene V,Helena,To Saint Jaques le Grand.,1564
Act III,Scene V,Helena,"Where do the palmers lodge, I do beseech you?",1565
Act III,Scene V,Widow,At the Saint Francis here beside the port.,1566
Act III,Scene V,Helena,Is this the way?,1567
Act III,Scene V,Widow,"Ay, marry, is't.",1568
Act III,Scene V,[stage direction],A march afar,NA
Act III,Scene V,Widow,Hark you! they come this way.,1569
Act III,Scene V,Widow,"If you will tarry, holy pilgrim,",1570
Act III,Scene V,Widow,"But till the troops come by,",1571
Act III,Scene V,Widow,I will conduct you where you shall be lodged;,1572
Act III,Scene V,Widow,"The rather, for I think I know your hostess",1573
Act III,Scene V,Widow,As ample as myself.,1574
Act III,Scene V,Helena,Is it yourself?,1575
Act III,Scene V,Widow,"If you shall please so, pilgrim.",1576
Act III,Scene V,Helena,"I thank you, and will stay upon your leisure.",1577
Act III,Scene V,Widow,"You came, I think, from France?",1578
Act III,Scene V,Helena,I did so.,1579
Act III,Scene V,Widow,Here you shall see a countryman of yours,1580
Act III,Scene V,Widow,That has done worthy service.,1581
Act III,Scene V,Helena,"His name, I pray you.",1582
Act III,Scene V,Diana,The Count Rousillon: know you such a one?,1583
Act III,Scene V,Helena,"But by the ear, that hears most nobly of him:",1584
Act III,Scene V,Helena,His face I know not.,1585
Act III,Scene V,Diana,"Whatsome'er he is,",1586
Act III,Scene V,Diana,"He's bravely taken here. He stole from France,",1587
Act III,Scene V,Diana,"As 'tis reported, for the king had married him",1588
Act III,Scene V,Diana,Against his liking: think you it is so?,1589
Act III,Scene V,Helena,"Ay, surely, mere the truth: I know his lady.",1590
Act III,Scene V,Diana,There is a gentleman that serves the count,1591
Act III,Scene V,Diana,Reports but coarsely of her.,1592
Act III,Scene V,Helena,What's his name?,1593
Act III,Scene V,Diana,Monsieur Parolles.,1594
Act III,Scene V,Helena,"O, I believe with him,",1595
Act III,Scene V,Helena,"In argument of praise, or to the worth",1596
Act III,Scene V,Helena,"Of the great count himself, she is too mean",1597
Act III,Scene V,Helena,To have her name repeated: all her deserving,1598
Act III,Scene V,Helena,"Is a reserved honesty, and that",1599
Act III,Scene V,Helena,I have not heard examined.,1600
Act III,Scene V,Diana,"Alas, poor lady!",1601
Act III,Scene V,Diana,'Tis a hard bondage to become the wife,1602
Act III,Scene V,Diana,Of a detesting lord.,1603
Act III,Scene V,Widow,"I warrant, good creature, wheresoe'er she is,",1604
Act III,Scene V,Widow,Her heart weighs sadly: this young maid might do her,1605
Act III,Scene V,Widow,"A shrewd turn, if she pleased.",1606
Act III,Scene V,Helena,How do you mean?,1607
Act III,Scene V,Helena,May be the amorous count solicits her,1608
Act III,Scene V,Helena,In the unlawful purpose.,1609
Act III,Scene V,Widow,He does indeed;,1610
Act III,Scene V,Widow,And brokes with all that can in such a suit,1611
Act III,Scene V,Widow,Corrupt the tender honour of a maid:,1612
Act III,Scene V,Widow,But she is arm'd for him and keeps her guard,1613
Act III,Scene V,Widow,In honestest defence.,1614
Act III,Scene V,Mariana,The gods forbid else!,1615
Act III,Scene V,Widow,"So, now they come:",1616
Act III,Scene V,[stage direction],Drum and Colours,NA
Act III,Scene V,[stage direction],"Enter BERTRAM, PAROLLES, and the whole army",NA
Act III,Scene V,Widow,"That is Antonio, the duke's eldest son;",1617
Act III,Scene V,Widow,"That, Escalus.",1618
Act III,Scene V,Helena,Which is the Frenchman?,1619
Act III,Scene V,Diana,He;,1620
Act III,Scene V,Diana,That with the plume: 'tis a most gallant fellow.,1621
Act III,Scene V,Diana,I would he loved his wife: if he were honester,1622
Act III,Scene V,Diana,He were much goodlier: is't not a handsome gentleman?,1623
Act III,Scene V,Helena,I like him well.,1624
Act III,Scene V,Diana,'Tis pity he is not honest: yond's that same knave,1625
Act III,Scene V,Diana,"That leads him to these places: were I his lady,",1626
Act III,Scene V,Diana,I would Poison that vile rascal.,1627
Act III,Scene V,Helena,Which is he?,1628
Act III,Scene V,Diana,That jack-an-apes with scarfs: why is he melancholy?,1629
Act III,Scene V,Helena,Perchance he's hurt i' the battle.,1630
Act III,Scene V,Parolles,Lose our drum! well.,1631
Act III,Scene V,Mariana,"He's shrewdly vexed at something: look, he has spied us.",1632
Act III,Scene V,Widow,"Marry, hang you!",1633
Act III,Scene V,Mariana,"And your courtesy, for a ring-carrier!",1634
Act III,Scene V,[stage direction],"Exeunt BERTRAM, PAROLLES, and army",NA
Act III,Scene V,Widow,"The troop is past. Come, pilgrim, I will bring you",1635
Act III,Scene V,Widow,Where you shall host: of enjoin'd penitents,1636
Act III,Scene V,Widow,"There's four or five, to great Saint Jaques bound,",1637
Act III,Scene V,Widow,Already at my house.,1638
Act III,Scene V,Helena,I humbly thank you:,1639
Act III,Scene V,Helena,Please it this matron and this gentle maid,1640
Act III,Scene V,Helena,"To eat with us to-night, the charge and thanking",1641
Act III,Scene V,Helena,"Shall be for me; and, to requite you further,",1642
Act III,Scene V,Helena,I will bestow some precepts of this virgin,1643
Act III,Scene V,Helena,Worthy the note.,1644
Act III,Scene V,Both,We'll take your offer kindly.,1645
Act III,Scene V,[stage direction],Exeunt,NA
Act III,Scene VI,[stage direction],Enter BERTRAM and the two French Lords,NA
Act III,Scene VI,Second Lord,"Nay, good my lord, put him to't; let him have his",1646
Act III,Scene VI,Second Lord,way.,1647
Act III,Scene VI,First Lord,"If your lordship find him not a hilding, hold me no",1648
Act III,Scene VI,First Lord,more in your respect.,1649
Act III,Scene VI,Second Lord,"On my life, my lord, a bubble.",1650
Act III,Scene VI,Bertram,Do you think I am so far deceived in him?,1651
Act III,Scene VI,Second Lord,"Believe it, my lord, in mine own direct knowledge,",1652
Act III,Scene VI,Second Lord,"without any malice, but to speak of him as my",1653
Act III,Scene VI,Second Lord,"kinsman, he's a most notable coward, an infinite and",1654
Act III,Scene VI,Second Lord,"endless liar, an hourly promise-breaker, the owner",1655
Act III,Scene VI,Second Lord,of no one good quality worthy your lordship's,1656
Act III,Scene VI,Second Lord,entertainment.,1657
Act III,Scene VI,First Lord,"It were fit you knew him; lest, reposing too far in",1658
Act III,Scene VI,First Lord,"his virtue, which he hath not, he might at some",1659
Act III,Scene VI,First Lord,great and trusty business in a main danger fail you.,1660
Act III,Scene VI,Bertram,I would I knew in what particular action to try him.,1661
Act III,Scene VI,First Lord,"None better than to let him fetch off his drum,",1662
Act III,Scene VI,First Lord,which you hear him so confidently undertake to do.,1663
Act III,Scene VI,Second Lord,"I, with a troop of Florentines, will suddenly",1664
Act III,Scene VI,Second Lord,"surprise him; such I will have, whom I am sure he",1665
Act III,Scene VI,Second Lord,knows not from the enemy: we will bind and hoodwink,1666
Act III,Scene VI,Second Lord,"him so, that he shall suppose no other but that he",1667
Act III,Scene VI,Second Lord,"is carried into the leaguer of the adversaries, when",1668
Act III,Scene VI,Second Lord,we bring him to our own tents. Be but your lordship,1669
Act III,Scene VI,Second Lord,"present at his examination: if he do not, for the",1670
Act III,Scene VI,Second Lord,promise of his life and in the highest compulsion of,1671
Act III,Scene VI,Second Lord,"base fear, offer to betray you and deliver all the",1672
Act III,Scene VI,Second Lord,"intelligence in his power against you, and that with",1673
Act III,Scene VI,Second Lord,"the divine forfeit of his soul upon oath, never",1674
Act III,Scene VI,Second Lord,trust my judgment in any thing.,1675
Act III,Scene VI,First Lord,"O, for the love of laughter, let him fetch his drum;",1676
Act III,Scene VI,First Lord,he says he has a stratagem for't: when your,1677
Act III,Scene VI,First Lord,"lordship sees the bottom of his success in't, and to",1678
Act III,Scene VI,First Lord,what metal this counterfeit lump of ore will be,1679
Act III,Scene VI,First Lord,"melted, if you give him not John Drum's",1680
Act III,Scene VI,First Lord,"entertainment, your inclining cannot be removed.",1681
Act III,Scene VI,First Lord,Here he comes.,1682
Act III,Scene VI,[stage direction],Enter PAROLLES,NA
Act III,Scene VI,Second Lord,"[Aside to BERTRAM]  O, for the love of laughter,",1683
Act III,Scene VI,Second Lord,hinder not the honour of his design: let him fetch,1684
Act III,Scene VI,Second Lord,off his drum in any hand.,1685
Act III,Scene VI,Bertram,"How now, monsieur! this drum sticks sorely in your",1686
Act III,Scene VI,Bertram,disposition.,1687
Act III,Scene VI,First Lord,"A pox on't, let it go; 'tis but a drum.",1688
Act III,Scene VI,Parolles,'But a drum'! is't 'but a drum'? A drum so lost!,1689
Act III,Scene VI,Parolles,"There was excellent command,--to charge in with our",1690
Act III,Scene VI,Parolles,"horse upon our own wings, and to rend our own soldiers!",1691
Act III,Scene VI,First Lord,That was not to be blamed in the command of the,1692
Act III,Scene VI,First Lord,service: it was a disaster of war that Caesar,1693
Act III,Scene VI,First Lord,"himself could not have prevented, if he had been",1694
Act III,Scene VI,First Lord,there to command.,1695
Act III,Scene VI,Bertram,"Well, we cannot greatly condemn our success: some",1696
Act III,Scene VI,Bertram,dishonour we had in the loss of that drum; but it is,1697
Act III,Scene VI,Bertram,not to be recovered.,1698
Act III,Scene VI,Parolles,It might have been recovered.,1699
Act III,Scene VI,Bertram,It might; but it is not now.,1700
Act III,Scene VI,Parolles,It is to be recovered: but that the merit of,1701
Act III,Scene VI,Parolles,service is seldom attributed to the true and exact,1702
Act III,Scene VI,Parolles,"performer, I would have that drum or another, or",1703
Act III,Scene VI,Parolles,'hic jacet.',1704
Act III,Scene VI,Bertram,"Why, if you have a stomach, to't, monsieur: if you",1705
Act III,Scene VI,Bertram,think your mystery in stratagem can bring this,1706
Act III,Scene VI,Bertram,"instrument of honour again into his native quarter,",1707
Act III,Scene VI,Bertram,be magnanimous in the enterprise and go on; I will,1708
Act III,Scene VI,Bertram,grace the attempt for a worthy exploit: if you,1709
Act III,Scene VI,Bertram,"speed well in it, the duke shall both speak of it.",1710
Act III,Scene VI,Bertram,and extend to you what further becomes his,1711
Act III,Scene VI,Bertram,"greatness, even to the utmost syllable of your",1712
Act III,Scene VI,Bertram,worthiness.,1713
Act III,Scene VI,Parolles,"By the hand of a soldier, I will undertake it.",1714
Act III,Scene VI,Bertram,But you must not now slumber in it.,1715
Act III,Scene VI,Parolles,I'll about it this evening: and I will presently,1716
Act III,Scene VI,Parolles,"pen down my dilemmas, encourage myself in my",1717
Act III,Scene VI,Parolles,"certainty, put myself into my mortal preparation;",1718
Act III,Scene VI,Parolles,and by midnight look to hear further from me.,1719
Act III,Scene VI,Bertram,May I be bold to acquaint his grace you are gone about it?,1720
Act III,Scene VI,Parolles,"I know not what the success will be, my lord; but",1721
Act III,Scene VI,Parolles,the attempt I vow.,1722
Act III,Scene VI,Bertram,"I know thou'rt valiant; and, to the possibility of",1723
Act III,Scene VI,Bertram,"thy soldiership, will subscribe for thee. Farewell.",1724
Act III,Scene VI,Parolles,I love not many words.,1725
Act III,Scene VI,[stage direction],Exit,NA
Act III,Scene VI,Second Lord,No more than a fish loves water. Is not this a,1726
Act III,Scene VI,Second Lord,"strange fellow, my lord, that so confidently seems",1727
Act III,Scene VI,Second Lord,"to undertake this business, which he knows is not to",1728
Act III,Scene VI,Second Lord,be done; damns himself to do and dares better be,1729
Act III,Scene VI,Second Lord,damned than to do't?,1730
Act III,Scene VI,First Lord,"You do not know him, my lord, as we do: certain it",1731
Act III,Scene VI,First Lord,is that he will steal himself into a man's favour and,1732
Act III,Scene VI,First Lord,for a week escape a great deal of discoveries; but,1733
Act III,Scene VI,First Lord,"when you find him out, you have him ever after.",1734
Act III,Scene VI,Bertram,"Why, do you think he will make no deed at all of",1735
Act III,Scene VI,Bertram,this that so seriously he does address himself unto?,1736
Act III,Scene VI,Second Lord,None in the world; but return with an invention and,1737
Act III,Scene VI,Second Lord,clap upon you two or three probable lies: but we,1738
Act III,Scene VI,Second Lord,have almost embossed him; you shall see his fall,1739
Act III,Scene VI,Second Lord,to-night; for indeed he is not for your lordship's respect.,1740
Act III,Scene VI,First Lord,We'll make you some sport with the fox ere we case,1741
Act III,Scene VI,First Lord,him. He was first smoked by the old lord Lafeu:,1742
Act III,Scene VI,First Lord,"when his disguise and he is parted, tell me what a",1743
Act III,Scene VI,First Lord,sprat you shall find him; which you shall see this,1744
Act III,Scene VI,First Lord,very night.,1745
Act III,Scene VI,Second Lord,I must go look my twigs: he shall be caught.,1746
Act III,Scene VI,Bertram,Your brother he shall go along with me.,1747
Act III,Scene VI,Second Lord,As't please your lordship: I'll leave you.,1748
Act III,Scene VI,[stage direction],Exit,NA
Act III,Scene VI,Bertram,"Now will I lead you to the house, and show you",1749
Act III,Scene VI,Bertram,The lass I spoke of.,1750
Act III,Scene VI,First Lord,But you say she's honest.,1751
Act III,Scene VI,Bertram,That's all the fault: I spoke with her but once,1752
Act III,Scene VI,Bertram,"And found her wondrous cold; but I sent to her,",1753
Act III,Scene VI,Bertram,"By this same coxcomb that we have i' the wind,",1754
Act III,Scene VI,Bertram,Tokens and letters which she did re-send;,1755
Act III,Scene VI,Bertram,And this is all I have done. She's a fair creature:,1756
Act III,Scene VI,Bertram,Will you go see her?,1757
Act III,Scene VI,First Lord,"With all my heart, my lord.",1758
Act III,Scene VI,[stage direction],Exeunt,NA
Act III,Scene VII,[stage direction],Enter HELENA and Widow,NA
Act III,Scene VII,Helena,"If you misdoubt me that I am not she,",1759
Act III,Scene VII,Helena,"I know not how I shall assure you further,",1760
Act III,Scene VII,Helena,But I shall lose the grounds I work upon.,1761
Act III,Scene VII,Widow,"Though my estate be fallen, I was well born,",1762
Act III,Scene VII,Widow,Nothing acquainted with these businesses;,1763
Act III,Scene VII,Widow,And would not put my reputation now,1764
Act III,Scene VII,Widow,In any staining act.,1765
Act III,Scene VII,Helena,Nor would I wish you.,1766
Act III,Scene VII,Helena,"First, give me trust, the count he is my husband,",1767
Act III,Scene VII,Helena,And what to your sworn counsel I have spoken,1768
Act III,Scene VII,Helena,"Is so from word to word; and then you cannot,",1769
Act III,Scene VII,Helena,"By the good aid that I of you shall borrow,",1770
Act III,Scene VII,Helena,Err in bestowing it.,1771
Act III,Scene VII,Widow,I should believe you:,1772
Act III,Scene VII,Widow,For you have show'd me that which well approves,1773
Act III,Scene VII,Widow,You're great in fortune.,1774
Act III,Scene VII,Helena,"Take this purse of gold,",1775
Act III,Scene VII,Helena,"And let me buy your friendly help thus far,",1776
Act III,Scene VII,Helena,Which I will over-pay and pay again,1777
Act III,Scene VII,Helena,"When I have found it. The count he wooes your daughter,",1778
Act III,Scene VII,Helena,"Lays down his wanton siege before her beauty,",1779
Act III,Scene VII,Helena,"Resolved to carry her: let her in fine consent,",1780
Act III,Scene VII,Helena,As we'll direct her how 'tis best to bear it.,1781
Act III,Scene VII,Helena,Now his important blood will nought deny,1782
Act III,Scene VII,Helena,"That she'll demand: a ring the county wears,",1783
Act III,Scene VII,Helena,That downward hath succeeded in his house,1784
Act III,Scene VII,Helena,"From son to son, some four or five descents",1785
Act III,Scene VII,Helena,Since the first father wore it: this ring he holds,1786
Act III,Scene VII,Helena,"In most rich choice; yet in his idle fire,",1787
Act III,Scene VII,Helena,"To buy his will, it would not seem too dear,",1788
Act III,Scene VII,Helena,Howe'er repented after.,1789
Act III,Scene VII,Widow,Now I see,1790
Act III,Scene VII,Widow,The bottom of your purpose.,1791
Act III,Scene VII,Helena,"You see it lawful, then: it is no more,",1792
Act III,Scene VII,Helena,"But that your daughter, ere she seems as won,",1793
Act III,Scene VII,Helena,Desires this ring; appoints him an encounter;,1794
Act III,Scene VII,Helena,"In fine, delivers me to fill the time,",1795
Act III,Scene VII,Helena,"Herself most chastely absent: after this,",1796
Act III,Scene VII,Helena,"To marry her, I'll add three thousand crowns",1797
Act III,Scene VII,Helena,To what is passed already.,1798
Act III,Scene VII,Widow,I have yielded:,1799
Act III,Scene VII,Widow,"Instruct my daughter how she shall persever,",1800
Act III,Scene VII,Widow,That time and place with this deceit so lawful,1801
Act III,Scene VII,Widow,May prove coherent. Every night he comes,1802
Act III,Scene VII,Widow,With musics of all sorts and songs composed,1803
Act III,Scene VII,Widow,To her unworthiness: it nothing steads us,1804
Act III,Scene VII,Widow,To chide him from our eaves; for he persists,1805
Act III,Scene VII,Widow,As if his life lay on't.,1806
Act III,Scene VII,Helena,Why then to-night,1807
Act III,Scene VII,Helena,"Let us assay our plot; which, if it speed,",1808
Act III,Scene VII,Helena,Is wicked meaning in a lawful deed,1809
Act III,Scene VII,Helena,"And lawful meaning in a lawful act,",1810
Act III,Scene VII,Helena,"Where both not sin, and yet a sinful fact:",1811
Act III,Scene VII,Helena,But let's about it.,1812
Act III,Scene VII,[stage direction],Exeunt,NA
Act IV,Scene I,[stage direction],"Enter Second French Lord, with five or six other Soldiers in ambush",NA
Act IV,Scene I,Second Lord,He can come no other way but by this hedge-corner.,1813
Act IV,Scene I,Second Lord,"When you sally upon him, speak what terrible",1814
Act IV,Scene I,Second Lord,language you will: though you understand it not,1815
Act IV,Scene I,Second Lord,"yourselves, no matter; for we must not seem to",1816
Act IV,Scene I,Second Lord,"understand him, unless some one among us whom we",1817
Act IV,Scene I,Second Lord,must produce for an interpreter.,1818
Act IV,Scene I,First Soldier,"Good captain, let me be the interpreter.",1819
Act IV,Scene I,Second Lord,Art not acquainted with him? knows he not thy voice?,1820
Act IV,Scene I,First Soldier,"No, sir, I warrant you.",1821
Act IV,Scene I,Second Lord,But what linsey-woolsey hast thou to speak to us again?,1822
Act IV,Scene I,First Soldier,E'en such as you speak to me.,1823
Act IV,Scene I,Second Lord,He must think us some band of strangers i' the,1824
Act IV,Scene I,Second Lord,adversary's entertainment. Now he hath a smack of,1825
Act IV,Scene I,Second Lord,all neighbouring languages; therefore we must every,1826
Act IV,Scene I,Second Lord,"one be a man of his own fancy, not to know what we",1827
Act IV,Scene I,Second Lord,"speak one to another; so we seem to know, is to",1828
Act IV,Scene I,Second Lord,"know straight our purpose: choughs' language,",1829
Act IV,Scene I,Second Lord,"gabble enough, and good enough. As for you,",1830
Act IV,Scene I,Second Lord,"interpreter, you must seem very politic. But couch,",1831
Act IV,Scene I,Second Lord,"ho! here he comes, to beguile two hours in a sleep,",1832
Act IV,Scene I,Second Lord,and then to return and swear the lies he forges.,1833
Act IV,Scene I,[stage direction],Enter PAROLLES,NA
Act IV,Scene I,Parolles,Ten o'clock: within these three hours 'twill be,1834
Act IV,Scene I,Parolles,time enough to go home. What shall I say I have,1835
Act IV,Scene I,Parolles,done? It must be a very plausive invention that,1836
Act IV,Scene I,Parolles,carries it: they begin to smoke me; and disgraces,1837
Act IV,Scene I,Parolles,have of late knocked too often at my door. I find,1838
Act IV,Scene I,Parolles,my tongue is too foolhardy; but my heart hath the,1839
Act IV,Scene I,Parolles,"fear of Mars before it and of his creatures, not",1840
Act IV,Scene I,Parolles,daring the reports of my tongue.,1841
Act IV,Scene I,Second Lord,This is the first truth that e'er thine own tongue,1842
Act IV,Scene I,Second Lord,was guilty of.,1843
Act IV,Scene I,Parolles,What the devil should move me to undertake the,1844
Act IV,Scene I,Parolles,"recovery of this drum, being not ignorant of the",1845
Act IV,Scene I,Parolles,"impossibility, and knowing I had no such purpose? I",1846
Act IV,Scene I,Parolles,"must give myself some hurts, and say I got them in",1847
Act IV,Scene I,Parolles,exploit: yet slight ones will not carry it; they,1848
Act IV,Scene I,Parolles,"will say, 'Came you off with so little?' and great",1849
Act IV,Scene I,Parolles,"ones I dare not give. Wherefore, what's the",1850
Act IV,Scene I,Parolles,"instance? Tongue, I must put you into a",1851
Act IV,Scene I,Parolles,butter-woman's mouth and buy myself another of,1852
Act IV,Scene I,Parolles,"Bajazet's mule, if you prattle me into these perils.",1853
Act IV,Scene I,Second Lord,"Is it possible he should know what he is, and be",1854
Act IV,Scene I,Second Lord,that he is?,1855
Act IV,Scene I,Parolles,I would the cutting of my garments would serve the,1856
Act IV,Scene I,Parolles,"turn, or the breaking of my Spanish sword.",1857
Act IV,Scene I,Second Lord,We cannot afford you so.,1858
Act IV,Scene I,Parolles,Or the baring of my beard; and to say it was in,1859
Act IV,Scene I,Parolles,stratagem.,1860
Act IV,Scene I,Second Lord,'Twould not do.,1861
Act IV,Scene I,Parolles,"Or to drown my clothes, and say I was stripped.",1862
Act IV,Scene I,Second Lord,Hardly serve.,1863
Act IV,Scene I,Parolles,Though I swore I leaped from the window of the citadel.,1864
Act IV,Scene I,Second Lord,How deep?,1865
Act IV,Scene I,Parolles,Thirty fathom.,1866
Act IV,Scene I,Second Lord,Three great oaths would scarce make that be believed.,1867
Act IV,Scene I,Parolles,I would I had any drum of the enemy's: I would swear,1868
Act IV,Scene I,Parolles,I recovered it.,1869
Act IV,Scene I,Second Lord,You shall hear one anon.,1870
Act IV,Scene I,Parolles,"A drum now of the enemy's,--",1871
Act IV,Scene I,[stage direction],Alarum within,NA
Act IV,Scene I,Second Lord,"Throca movousus, cargo, cargo, cargo.",1872
Act IV,Scene I,All,"Cargo, cargo, cargo, villiando par corbo, cargo.",1873
Act IV,Scene I,Parolles,"O, ransom, ransom! do not hide mine eyes.",1874
Act IV,Scene I,[stage direction],They seize and blindfold him,NA
Act IV,Scene I,First Soldier,Boskos thromuldo boskos.,1875
Act IV,Scene I,Parolles,I know you are the Muskos' regiment:,1876
Act IV,Scene I,Parolles,And I shall lose my life for want of language;,1877
Act IV,Scene I,Parolles,"If there be here German, or Dane, low Dutch,",1878
Act IV,Scene I,Parolles,"Italian, or French, let him speak to me; I'll",1879
Act IV,Scene I,Parolles,Discover that which shall undo the Florentine.,1880
Act IV,Scene I,First Soldier,"Boskos vauvado: I understand thee, and can speak",1881
Act IV,Scene I,First Soldier,"thy tongue. Kerely bonto, sir, betake thee to thy",1882
Act IV,Scene I,First Soldier,"faith, for seventeen poniards are at thy bosom.",1883
Act IV,Scene I,Parolles,O!,1884
Act IV,Scene I,First Soldier,"O, pray, pray, pray! Manka revania dulche.",1885
Act IV,Scene I,Second Lord,Oscorbidulchos volivorco.,1886
Act IV,Scene I,First Soldier,The general is content to spare thee yet;,1887
Act IV,Scene I,First Soldier,"And, hoodwink'd as thou art, will lead thee on",1888
Act IV,Scene I,First Soldier,To gather from thee: haply thou mayst inform,1889
Act IV,Scene I,First Soldier,Something to save thy life.,1890
Act IV,Scene I,Parolles,"O, let me live!",1891
Act IV,Scene I,Parolles,"And all the secrets of our camp I'll show,",1892
Act IV,Scene I,Parolles,"Their force, their purposes; nay, I'll speak that",1893
Act IV,Scene I,Parolles,Which you will wonder at.,1894
Act IV,Scene I,First Soldier,But wilt thou faithfully?,1895
Act IV,Scene I,Parolles,"If I do not, damn me.",1896
Act IV,Scene I,First Soldier,Acordo linta.,1897
Act IV,Scene I,First Soldier,Come on; thou art granted space.,1898
Act IV,Scene I,[stage direction],"Exit, with PAROLLES guarded. A short alarum within",NA
Act IV,Scene I,Second Lord,"Go, tell the Count Rousillon, and my brother,",1899
Act IV,Scene I,Second Lord,"We have caught the woodcock, and will keep him muffled",1900
Act IV,Scene I,Second Lord,Till we do hear from them.,1901
Act IV,Scene I,Second Soldier,"Captain, I will.",1902
Act IV,Scene I,Second Lord,A' will betray us all unto ourselves:,1903
Act IV,Scene I,Second Lord,Inform on that.,1904
Act IV,Scene I,Second Soldier,"So I will, sir.",1905
Act IV,Scene I,Second Lord,Till then I'll keep him dark and safely lock'd.,1906
Act IV,Scene I,[stage direction],Exeunt,NA
Act IV,Scene II,[stage direction],Enter BERTRAM and DIANA,NA
Act IV,Scene II,Bertram,They told me that your name was Fontibell.,1907
Act IV,Scene II,Diana,"No, my good lord, Diana.",1908
Act IV,Scene II,Bertram,Titled goddess;,1909
Act IV,Scene II,Bertram,"And worth it, with addition! But, fair soul,",1910
Act IV,Scene II,Bertram,In your fine frame hath love no quality?,1911
Act IV,Scene II,Bertram,"If quick fire of youth light not your mind,",1912
Act IV,Scene II,Bertram,"You are no maiden, but a monument:",1913
Act IV,Scene II,Bertram,"When you are dead, you should be such a one",1914
Act IV,Scene II,Bertram,"As you are now, for you are cold and stem;",1915
Act IV,Scene II,Bertram,And now you should be as your mother was,1916
Act IV,Scene II,Bertram,When your sweet self was got.,1917
Act IV,Scene II,Diana,She then was honest.,1918
Act IV,Scene II,Bertram,So should you be.,1919
Act IV,Scene II,Diana,No:,1920
Act IV,Scene II,Diana,"My mother did but duty; such, my lord,",1921
Act IV,Scene II,Diana,As you owe to your wife.,1922
Act IV,Scene II,Bertram,No more o' that;,1923
Act IV,Scene II,Bertram,"I prithee, do not strive against my vows:",1924
Act IV,Scene II,Bertram,I was compell'd to her; but I love thee,1925
Act IV,Scene II,Bertram,"By love's own sweet constraint, and will for ever",1926
Act IV,Scene II,Bertram,Do thee all rights of service.,1927
Act IV,Scene II,Diana,"Ay, so you serve us",1928
Act IV,Scene II,Diana,"Till we serve you; but when you have our roses,",1929
Act IV,Scene II,Diana,You barely leave our thorns to prick ourselves,1930
Act IV,Scene II,Diana,And mock us with our bareness.,1931
Act IV,Scene II,Bertram,How have I sworn!,1932
Act IV,Scene II,Diana,"'Tis not the many oaths that makes the truth,",1933
Act IV,Scene II,Diana,But the plain single vow that is vow'd true.,1934
Act IV,Scene II,Diana,"What is not holy, that we swear not by,",1935
Act IV,Scene II,Diana,"But take the High'st to witness: then, pray you, tell me,",1936
Act IV,Scene II,Diana,"If I should swear by God's great attributes,",1937
Act IV,Scene II,Diana,"I loved you dearly, would you believe my oaths,",1938
Act IV,Scene II,Diana,"When I did love you ill? This has no holding,",1939
Act IV,Scene II,Diana,"To swear by him whom I protest to love,",1940
Act IV,Scene II,Diana,That I will work against him: therefore your oaths,1941
Act IV,Scene II,Diana,"Are words and poor conditions, but unseal'd,",1942
Act IV,Scene II,Diana,At least in my opinion.,1943
Act IV,Scene II,Bertram,"Change it, change it;",1944
Act IV,Scene II,Bertram,Be not so holy-cruel: love is holy;,1945
Act IV,Scene II,Bertram,And my integrity ne'er knew the crafts,1946
Act IV,Scene II,Bertram,"That you do charge men with. Stand no more off,",1947
Act IV,Scene II,Bertram,"But give thyself unto my sick desires,",1948
Act IV,Scene II,Bertram,"Who then recover: say thou art mine, and ever",1949
Act IV,Scene II,Bertram,My love as it begins shall so persever.,1950
Act IV,Scene II,Diana,I see that men make ropes in such a scarre,1951
Act IV,Scene II,Diana,That we'll forsake ourselves. Give me that ring.,1952
Act IV,Scene II,Bertram,"I'll lend it thee, my dear; but have no power",1953
Act IV,Scene II,Bertram,To give it from me.,1954
Act IV,Scene II,Diana,"Will you not, my lord?",1955
Act IV,Scene II,Bertram,"It is an honour 'longing to our house,",1956
Act IV,Scene II,Bertram,Bequeathed down from many ancestors;,1957
Act IV,Scene II,Bertram,Which were the greatest obloquy i' the world,1958
Act IV,Scene II,Bertram,In me to lose.,1959
Act IV,Scene II,Diana,Mine honour's such a ring:,1960
Act IV,Scene II,Diana,"My chastity's the jewel of our house,",1961
Act IV,Scene II,Diana,Bequeathed down from many ancestors;,1962
Act IV,Scene II,Diana,Which were the greatest obloquy i' the world,1963
Act IV,Scene II,Diana,In me to lose: thus your own proper wisdom,1964
Act IV,Scene II,Diana,"Brings in the champion Honour on my part,",1965
Act IV,Scene II,Diana,Against your vain assault.,1966
Act IV,Scene II,Bertram,"Here, take my ring:",1967
Act IV,Scene II,Bertram,"My house, mine honour, yea, my life, be thine,",1968
Act IV,Scene II,Bertram,And I'll be bid by thee.,1969
Act IV,Scene II,Diana,"When midnight comes, knock at my chamber-window:",1970
Act IV,Scene II,Diana,I'll order take my mother shall not hear.,1971
Act IV,Scene II,Diana,"Now will I charge you in the band of truth,",1972
Act IV,Scene II,Diana,"When you have conquer'd my yet maiden bed,",1973
Act IV,Scene II,Diana,"Remain there but an hour, nor speak to me:",1974
Act IV,Scene II,Diana,My reasons are most strong; and you shall know them,1975
Act IV,Scene II,Diana,When back again this ring shall be deliver'd:,1976
Act IV,Scene II,Diana,And on your finger in the night I'll put,1977
Act IV,Scene II,Diana,"Another ring, that what in time proceeds",1978
Act IV,Scene II,Diana,May token to the future our past deeds.,1979
Act IV,Scene II,Diana,"Adieu, till then; then, fail not. You have won",1980
Act IV,Scene II,Diana,"A wife of me, though there my hope be done.",1981
Act IV,Scene II,Bertram,A heaven on earth I have won by wooing thee.,1982
Act IV,Scene II,[stage direction],Exit,NA
Act IV,Scene II,Diana,For which live long to thank both heaven and me!,1983
Act IV,Scene II,Diana,You may so in the end.,1984
Act IV,Scene II,Diana,"My mother told me just how he would woo,",1985
Act IV,Scene II,Diana,As if she sat in 's heart; she says all men,1986
Act IV,Scene II,Diana,Have the like oaths: he had sworn to marry me,1987
Act IV,Scene II,Diana,When his wife's dead; therefore I'll lie with him,1988
Act IV,Scene II,Diana,"When I am buried. Since Frenchmen are so braid,",1989
Act IV,Scene II,Diana,"Marry that will, I live and die a maid:",1990
Act IV,Scene II,Diana,Only in this disguise I think't no sin,1991
Act IV,Scene II,Diana,To cozen him that would unjustly win.,1992
Act IV,Scene II,[stage direction],Exit,NA
Act IV,Scene III,[stage direction],Enter the two French Lords and some two or three Soldiers,NA
Act IV,Scene III,First Lord,You have not given him his mother's letter?,1993
Act IV,Scene III,Second Lord,I have delivered it an hour since: there is,1994
Act IV,Scene III,Second Lord,something in't that stings his nature; for on the,1995
Act IV,Scene III,Second Lord,reading it he changed almost into another man.,1996
Act IV,Scene III,First Lord,He has much worthy blame laid upon him for shaking,1997
Act IV,Scene III,First Lord,off so good a wife and so sweet a lady.,1998
Act IV,Scene III,Second Lord,Especially he hath incurred the everlasting,1999
Act IV,Scene III,Second Lord,"displeasure of the king, who had even tuned his",2000
Act IV,Scene III,Second Lord,bounty to sing happiness to him. I will tell you a,2001
Act IV,Scene III,Second Lord,"thing, but you shall let it dwell darkly with you.",2002
Act IV,Scene III,First Lord,"When you have spoken it, 'tis dead, and I am the",2003
Act IV,Scene III,First Lord,grave of it.,2004
Act IV,Scene III,Second Lord,He hath perverted a young gentlewoman here in,2005
Act IV,Scene III,Second Lord,"Florence, of a most chaste renown; and this night he",2006
Act IV,Scene III,Second Lord,fleshes his will in the spoil of her honour: he hath,2007
Act IV,Scene III,Second Lord,"given her his monumental ring, and thinks himself",2008
Act IV,Scene III,Second Lord,made in the unchaste composition.,2009
Act IV,Scene III,First Lord,"Now, God delay our rebellion! as we are ourselves,",2010
Act IV,Scene III,First Lord,what things are we!,2011
Act IV,Scene III,Second Lord,Merely our own traitors. And as in the common course,2012
Act IV,Scene III,Second Lord,"of all treasons, we still see them reveal",2013
Act IV,Scene III,Second Lord,"themselves, till they attain to their abhorred ends,",2014
Act IV,Scene III,Second Lord,so he that in this action contrives against his own,2015
Act IV,Scene III,Second Lord,"nobility, in his proper stream o'erflows himself.",2016
Act IV,Scene III,First Lord,"Is it not meant damnable in us, to be trumpeters of",2017
Act IV,Scene III,First Lord,our unlawful intents? We shall not then have his,2018
Act IV,Scene III,First Lord,company to-night?,2019
Act IV,Scene III,Second Lord,Not till after midnight; for he is dieted to his hour.,2020
Act IV,Scene III,First Lord,That approaches apace; I would gladly have him see,2021
Act IV,Scene III,First Lord,"his company anatomized, that he might take a measure",2022
Act IV,Scene III,First Lord,"of his own judgments, wherein so curiously he had",2023
Act IV,Scene III,First Lord,set this counterfeit.,2024
Act IV,Scene III,Second Lord,We will not meddle with him till he come; for his,2025
Act IV,Scene III,Second Lord,presence must be the whip of the other.,2026
Act IV,Scene III,First Lord,"In the mean time, what hear you of these wars?",2027
Act IV,Scene III,Second Lord,I hear there is an overture of peace.,2028
Act IV,Scene III,First Lord,"Nay, I assure you, a peace concluded.",2029
Act IV,Scene III,Second Lord,What will Count Rousillon do then? will he travel,2030
Act IV,Scene III,Second Lord,"higher, or return again into France?",2031
Act IV,Scene III,First Lord,"I perceive, by this demand, you are not altogether",2032
Act IV,Scene III,First Lord,of his council.,2033
Act IV,Scene III,Second Lord,"Let it be forbid, sir; so should I be a great deal",2034
Act IV,Scene III,Second Lord,of his act.,2035
Act IV,Scene III,First Lord,"Sir, his wife some two months since fled from his",2036
Act IV,Scene III,First Lord,house: her pretence is a pilgrimage to Saint Jaques,2037
Act IV,Scene III,First Lord,le Grand; which holy undertaking with most austere,2038
Act IV,Scene III,First Lord,"sanctimony she accomplished; and, there residing the",2039
Act IV,Scene III,First Lord,tenderness of her nature became as a prey to her,2040
Act IV,Scene III,First Lord,"grief; in fine, made a groan of her last breath, and",2041
Act IV,Scene III,First Lord,now she sings in heaven.,2042
Act IV,Scene III,Second Lord,How is this justified?,2043
Act IV,Scene III,First Lord,"The stronger part of it by her own letters, which",2044
Act IV,Scene III,First Lord,"makes her story true, even to the point of her",2045
Act IV,Scene III,First Lord,"death: her death itself, which could not be her",2046
Act IV,Scene III,First Lord,"office to say is come, was faithfully confirmed by",2047
Act IV,Scene III,First Lord,the rector of the place.,2048
Act IV,Scene III,Second Lord,Hath the count all this intelligence?,2049
Act IV,Scene III,First Lord,"Ay, and the particular confirmations, point from",2050
Act IV,Scene III,First Lord,"point, so to the full arming of the verity.",2051
Act IV,Scene III,Second Lord,I am heartily sorry that he'll be glad of this.,2052
Act IV,Scene III,First Lord,How mightily sometimes we make us comforts of our losses!,2053
Act IV,Scene III,Second Lord,And how mightily some other times we drown our gain,2054
Act IV,Scene III,Second Lord,in tears! The great dignity that his valour hath,2055
Act IV,Scene III,Second Lord,here acquired for him shall at home be encountered,2056
Act IV,Scene III,Second Lord,with a shame as ample.,2057
Act IV,Scene III,First Lord,"The web of our life is of a mingled yarn, good and",2058
Act IV,Scene III,First Lord,"ill together: our virtues would be proud, if our",2059
Act IV,Scene III,First Lord,faults whipped them not; and our crimes would,2060
Act IV,Scene III,First Lord,"despair, if they were not cherished by our virtues.",2061
Act IV,Scene III,[stage direction],Enter a Messenger,NA
Act IV,Scene III,First Lord,How now! where's your master?,2062
Act IV,Scene III,Servant,"He met the duke in the street, sir, of whom he hath",2063
Act IV,Scene III,Servant,taken a solemn leave: his lordship will next,2064
Act IV,Scene III,Servant,morning for France. The duke hath offered him,2065
Act IV,Scene III,Servant,letters of commendations to the king.,2066
Act IV,Scene III,Second Lord,"They shall be no more than needful there, if they",2067
Act IV,Scene III,Second Lord,were more than they can commend.,2068
Act IV,Scene III,First Lord,They cannot be too sweet for the king's tartness.,2069
Act IV,Scene III,First Lord,Here's his lordship now.,2070
Act IV,Scene III,[stage direction],Enter BERTRAM,NA
Act IV,Scene III,First Lord,"How now, my lord! is't not after midnight?",2071
Act IV,Scene III,Bertram,"I have to-night dispatched sixteen businesses, a",2072
Act IV,Scene III,Bertram,"month's length a-piece, by an abstract of success:",2073
Act IV,Scene III,Bertram,"I have congied with the duke, done my adieu with his",2074
Act IV,Scene III,Bertram,"nearest; buried a wife, mourned for her; writ to my",2075
Act IV,Scene III,Bertram,lady mother I am returning; entertained my convoy;,2076
Act IV,Scene III,Bertram,and between these main parcels of dispatch effected,2077
Act IV,Scene III,Bertram,"many nicer needs; the last was the greatest, but",2078
Act IV,Scene III,Bertram,that I have not ended yet.,2079
Act IV,Scene III,Second Lord,"If the business be of any difficulty, and this",2080
Act IV,Scene III,Second Lord,"morning your departure hence, it requires haste of",2081
Act IV,Scene III,Second Lord,your lordship.,2082
Act IV,Scene III,Bertram,"I mean, the business is not ended, as fearing to",2083
Act IV,Scene III,Bertram,hear of it hereafter. But shall we have this,2084
Act IV,Scene III,Bertram,"dialogue between the fool and the soldier? Come,",2085
Act IV,Scene III,Bertram,"bring forth this counterfeit module, he has deceived",2086
Act IV,Scene III,Bertram,"me, like a double-meaning prophesier.",2087
Act IV,Scene III,Second Lord,"Bring him forth: has sat i' the stocks all night,",2088
Act IV,Scene III,Second Lord,poor gallant knave.,2089
Act IV,Scene III,Bertram,"No matter: his heels have deserved it, in usurping",2090
Act IV,Scene III,Bertram,his spurs so long. How does he carry himself?,2091
Act IV,Scene III,Second Lord,"I have told your lordship already, the stocks carry",2092
Act IV,Scene III,Second Lord,him. But to answer you as you would be understood;,2093
Act IV,Scene III,Second Lord,he weeps like a wench that had shed her milk: he,2094
Act IV,Scene III,Second Lord,"hath confessed himself to Morgan, whom he supposes",2095
Act IV,Scene III,Second Lord,"to be a friar, from the time of his remembrance to",2096
Act IV,Scene III,Second Lord,this very instant disaster of his setting i' the,2097
Act IV,Scene III,Second Lord,stocks: and what think you he hath confessed?,2098
Act IV,Scene III,Bertram,"Nothing of me, has a'?",2099
Act IV,Scene III,Second Lord,"His confession is taken, and it shall be read to his",2100
Act IV,Scene III,Second Lord,"face: if your lordship be in't, as I believe you",2101
Act IV,Scene III,Second Lord,"are, you must have the patience to hear it.",2102
Act IV,Scene III,[stage direction],"Enter PAROLLES guarded, and First Soldier",NA
Act IV,Scene III,Bertram,A plague upon him! muffled! he can say nothing of,2103
Act IV,Scene III,Bertram,"me: hush, hush!",2104
Act IV,Scene III,First Lord,Hoodman comes! Portotartarosa,2105
Act IV,Scene III,First Soldier,He calls for the tortures: what will you say,2106
Act IV,Scene III,First Soldier,without 'em?,2107
Act IV,Scene III,Parolles,I will confess what I know without constraint: if,2108
Act IV,Scene III,Parolles,"ye pinch me like a pasty, I can say no more.",2109
Act IV,Scene III,First Soldier,Bosko chimurcho.,2110
Act IV,Scene III,First Lord,Boblibindo chicurmurco.,2111
Act IV,Scene III,First Soldier,You are a merciful general. Our general bids you,2112
Act IV,Scene III,First Soldier,answer to what I shall ask you out of a note.,2113
Act IV,Scene III,Parolles,"And truly, as I hope to live.",2114
Act IV,Scene III,First Soldier,[Reads]  'First demand of him how many horse the,2115
Act IV,Scene III,First Soldier,duke is strong.' What say you to that?,2116
Act IV,Scene III,Parolles,Five or six thousand; but very weak and,2117
Act IV,Scene III,Parolles,"unserviceable: the troops are all scattered, and",2118
Act IV,Scene III,Parolles,"the commanders very poor rogues, upon my reputation",2119
Act IV,Scene III,Parolles,and credit and as I hope to live.,2120
Act IV,Scene III,First Soldier,Shall I set down your answer so?,2121
Act IV,Scene III,Parolles,"Do: I'll take the sacrament on't, how and which way you will.",2122
Act IV,Scene III,Bertram,All's one to him. What a past-saving slave is this!,2123
Act IV,Scene III,First Lord,"You're deceived, my lord: this is Monsieur",2124
Act IV,Scene III,First Lord,"Parolles, the gallant militarist,--that was his own",2125
Act IV,Scene III,First Lord,"phrase,--that had the whole theoric of war in the",2126
Act IV,Scene III,First Lord,"knot of his scarf, and the practise in the chape of",2127
Act IV,Scene III,First Lord,his dagger.,2128
Act IV,Scene III,Second Lord,I will never trust a man again for keeping his sword,2129
Act IV,Scene III,Second Lord,clean. nor believe he can have every thing in him,2130
Act IV,Scene III,Second Lord,by wearing his apparel neatly.,2131
Act IV,Scene III,First Soldier,"Well, that's set down.",2132
Act IV,Scene III,Parolles,"Five or six thousand horse, I said,-- I will say",2133
Act IV,Scene III,Parolles,"true,--or thereabouts, set down, for I'll speak truth.",2134
Act IV,Scene III,First Lord,He's very near the truth in this.,2135
Act IV,Scene III,Bertram,"But I con him no thanks for't, in the nature he",2136
Act IV,Scene III,Bertram,delivers it.,2137
Act IV,Scene III,Parolles,"Poor rogues, I pray you, say.",2138
Act IV,Scene III,First Soldier,"Well, that's set down.",2139
Act IV,Scene III,Parolles,"I humbly thank you, sir: a truth's a truth, the",2140
Act IV,Scene III,Parolles,rogues are marvellous poor.,2141
Act IV,Scene III,First Soldier,"[Reads]  'Demand of him, of what strength they are",2142
Act IV,Scene III,First Soldier,a-foot.' What say you to that?,2143
Act IV,Scene III,Parolles,"By my troth, sir, if I were to live this present",2144
Act IV,Scene III,Parolles,"hour, I will tell true. Let me see: Spurio, a",2145
Act IV,Scene III,Parolles,"hundred and fifty; Sebastian, so many; Corambus, so",2146
Act IV,Scene III,Parolles,"many; Jaques, so many; Guiltian, Cosmo, Lodowick,",2147
Act IV,Scene III,Parolles,"and Gratii, two hundred and fifty each; mine own",2148
Act IV,Scene III,Parolles,"company, Chitopher, Vaumond, Bentii, two hundred and",2149
Act IV,Scene III,Parolles,"fifty each: so that the muster-file, rotten and",2150
Act IV,Scene III,Parolles,"sound, upon my life, amounts not to fifteen thousand",2151
Act IV,Scene III,Parolles,poll; half of the which dare not shake snow from off,2152
Act IV,Scene III,Parolles,"their cassocks, lest they shake themselves to pieces.",2153
Act IV,Scene III,Bertram,What shall be done to him?,2154
Act IV,Scene III,First Lord,"Nothing, but let him have thanks. Demand of him my",2155
Act IV,Scene III,First Lord,"condition, and what credit I have with the duke.",2156
Act IV,Scene III,First Soldier,"Well, that's set down.",2157
Act IV,Scene III,[stage direction],Reads,NA
Act IV,Scene III,First Soldier,"'You shall demand of him, whether one Captain Dumain",2158
Act IV,Scene III,First Soldier,"be i' the camp, a Frenchman; what his reputation is",2159
Act IV,Scene III,First Soldier,"with the duke; what his valour, honesty, and",2160
Act IV,Scene III,First Soldier,expertness in wars; or whether he thinks it were not,2161
Act IV,Scene III,First Soldier,"possible, with well-weighing sums of gold, to",2162
Act IV,Scene III,First Soldier,corrupt him to revolt.' What say you to this? what,2163
Act IV,Scene III,First Soldier,do you know of it?,2164
Act IV,Scene III,Parolles,"I beseech you, let me answer to the particular of",2165
Act IV,Scene III,Parolles,the inter'gatories: demand them singly.,2166
Act IV,Scene III,First Soldier,Do you know this Captain Dumain?,2167
Act IV,Scene III,Parolles,"I know him: a' was a botcher's 'prentice in Paris,",2168
Act IV,Scene III,Parolles,from whence he was whipped for getting the shrieve's,2169
Act IV,Scene III,Parolles,"fool with child,--a dumb innocent, that could not",2170
Act IV,Scene III,Parolles,say him nay.,2171
Act IV,Scene III,Bertram,"Nay, by your leave, hold your hands; though I know",2172
Act IV,Scene III,Bertram,his brains are forfeit to the next tile that falls.,2173
Act IV,Scene III,First Soldier,"Well, is this captain in the duke of Florence's camp?",2174
Act IV,Scene III,Parolles,"Upon my knowledge, he is, and lousy.",2175
Act IV,Scene III,First Lord,Nay look not so upon me; we shall hear of your,2176
Act IV,Scene III,First Lord,lordship anon.,2177
Act IV,Scene III,First Soldier,What is his reputation with the duke?,2178
Act IV,Scene III,Parolles,The duke knows him for no other but a poor officer,2179
Act IV,Scene III,Parolles,of mine; and writ to me this other day to turn him,2180
Act IV,Scene III,Parolles,out o' the band: I think I have his letter in my pocket.,2181
Act IV,Scene III,First Soldier,"Marry, we'll search.",2182
Act IV,Scene III,Parolles,"In good sadness, I do not know; either it is there,",2183
Act IV,Scene III,Parolles,or it is upon a file with the duke's other letters,2184
Act IV,Scene III,Parolles,in my tent.,2185
Act IV,Scene III,First Soldier,Here 'tis; here's a paper: shall I read it to you?,2186
Act IV,Scene III,Parolles,I do not know if it be it or no.,2187
Act IV,Scene III,Bertram,Our interpreter does it well.,2188
Act IV,Scene III,First Lord,Excellently.,2189
Act IV,Scene III,First Soldier,"[Reads]  'Dian, the count's a fool, and full of gold,'--",2190
Act IV,Scene III,Parolles,"That is not the duke's letter, sir; that is an",2191
Act IV,Scene III,Parolles,"advertisement to a proper maid in Florence, one",2192
Act IV,Scene III,Parolles,"Diana, to take heed of the allurement of one Count",2193
Act IV,Scene III,Parolles,"Rousillon, a foolish idle boy, but for all that very",2194
Act IV,Scene III,Parolles,"ruttish: I pray you, sir, put it up again.",2195
Act IV,Scene III,First Soldier,"Nay, I'll read it first, by your favour.",2196
Act IV,Scene III,Parolles,"My meaning in't, I protest, was very honest in the",2197
Act IV,Scene III,Parolles,behalf of the maid; for I knew the young count to be,2198
Act IV,Scene III,Parolles,"a dangerous and lascivious boy, who is a whale to",2199
Act IV,Scene III,Parolles,virginity and devours up all the fry it finds.,2200
Act IV,Scene III,Bertram,Damnable both-sides rogue!,2201
Act IV,Scene III,First Soldier,"[Reads]  'When he swears oaths, bid him drop gold, and take it;",2202
Act IV,Scene III,First Soldier,"After he scores, he never pays the score:",2203
Act IV,Scene III,First Soldier,"Half won is match well made; match, and well make it;",2204
Act IV,Scene III,First Soldier,"He ne'er pays after-debts, take it before;",2205
Act IV,Scene III,First Soldier,"And say a soldier, Dian, told thee this,",2206
Act IV,Scene III,First Soldier,"Men are to mell with, boys are not to kiss:",2207
Act IV,Scene III,First Soldier,"For count of this, the count's a fool, I know it,",2208
Act IV,Scene III,First Soldier,"Who pays before, but not when he does owe it.",2209
Act IV,Scene III,First Soldier,"Thine, as he vowed to thee in thine ear,",2210
Act IV,Scene III,First Soldier,PAROLLES.',2211
Act IV,Scene III,Bertram,He shall be whipped through the army with this rhyme,2212
Act IV,Scene III,Bertram,in's forehead.,2213
Act IV,Scene III,Second Lord,"This is your devoted friend, sir, the manifold",2214
Act IV,Scene III,Second Lord,linguist and the armipotent soldier.,2215
Act IV,Scene III,Bertram,"I could endure any thing before but a cat, and now",2216
Act IV,Scene III,Bertram,he's a cat to me.,2217
Act IV,Scene III,First Soldier,"I perceive, sir, by the general's looks, we shall be",2218
Act IV,Scene III,First Soldier,fain to hang you.,2219
Act IV,Scene III,Parolles,"My life, sir, in any case: not that I am afraid to",2220
Act IV,Scene III,Parolles,"die; but that, my offences being many, I would",2221
Act IV,Scene III,Parolles,"repent out the remainder of nature: let me live,",2222
Act IV,Scene III,Parolles,"sir, in a dungeon, i' the stocks, or any where, so I may live.",2223
Act IV,Scene III,First Soldier,"We'll see what may be done, so you confess freely;",2224
Act IV,Scene III,First Soldier,"therefore, once more to this Captain Dumain: you",2225
Act IV,Scene III,First Soldier,have answered to his reputation with the duke and to,2226
Act IV,Scene III,First Soldier,his valour: what is his honesty?,2227
Act IV,Scene III,Parolles,"He will steal, sir, an egg out of a cloister: for",2228
Act IV,Scene III,Parolles,rapes and ravishments he parallels Nessus: he,2229
Act IV,Scene III,Parolles,professes not keeping of oaths; in breaking 'em he,2230
Act IV,Scene III,Parolles,"is stronger than Hercules: he will lie, sir, with",2231
Act IV,Scene III,Parolles,"such volubility, that you would think truth were a",2232
Act IV,Scene III,Parolles,"fool: drunkenness is his best virtue, for he will",2233
Act IV,Scene III,Parolles,be swine-drunk; and in his sleep he does little,2234
Act IV,Scene III,Parolles,"harm, save to his bed-clothes about him; but they",2235
Act IV,Scene III,Parolles,know his conditions and lay him in straw. I have but,2236
Act IV,Scene III,Parolles,"little more to say, sir, of his honesty: he has",2237
Act IV,Scene III,Parolles,every thing that an honest man should not have; what,2238
Act IV,Scene III,Parolles,"an honest man should have, he has nothing.",2239
Act IV,Scene III,First Lord,I begin to love him for this.,2240
Act IV,Scene III,Bertram,For this description of thine honesty? A pox upon,2241
Act IV,Scene III,Bertram,"him for me, he's more and more a cat.",2242
Act IV,Scene III,First Soldier,What say you to his expertness in war?,2243
Act IV,Scene III,Parolles,"Faith, sir, he has led the drum before the English",2244
Act IV,Scene III,Parolles,"tragedians; to belie him, I will not, and more of",2245
Act IV,Scene III,Parolles,"his soldiership I know not; except, in that country",2246
Act IV,Scene III,Parolles,he had the honour to be the officer at a place there,2247
Act IV,Scene III,Parolles,"called Mile-end, to instruct for the doubling of",2248
Act IV,Scene III,Parolles,"files: I would do the man what honour I can, but of",2249
Act IV,Scene III,Parolles,this I am not certain.,2250
Act IV,Scene III,First Lord,"He hath out-villained villany so far, that the",2251
Act IV,Scene III,First Lord,rarity redeems him.,2252
Act IV,Scene III,Bertram,"A pox on him, he's a cat still.",2253
Act IV,Scene III,First Soldier,"His qualities being at this poor price, I need not",2254
Act IV,Scene III,First Soldier,to ask you if gold will corrupt him to revolt.,2255
Act IV,Scene III,Parolles,"Sir, for a quart d'ecu he will sell the fee-simple",2256
Act IV,Scene III,Parolles,"of his salvation, the inheritance of it; and cut the",2257
Act IV,Scene III,Parolles,"entail from all remainders, and a perpetual",2258
Act IV,Scene III,Parolles,succession for it perpetually.,2259
Act IV,Scene III,First Soldier,"What's his brother, the other Captain Dumain?",2260
Act IV,Scene III,Second Lord,Why does be ask him of me?,2261
Act IV,Scene III,First Soldier,What's he?,2262
Act IV,Scene III,Parolles,E'en a crow o' the same nest; not altogether so,2263
Act IV,Scene III,Parolles,"great as the first in goodness, but greater a great",2264
Act IV,Scene III,Parolles,"deal in evil: he excels his brother for a coward,",2265
Act IV,Scene III,Parolles,yet his brother is reputed one of the best that is:,2266
Act IV,Scene III,Parolles,"in a retreat he outruns any lackey; marry, in coming",2267
Act IV,Scene III,Parolles,on he has the cramp.,2268
Act IV,Scene III,First Soldier,"If your life be saved, will you undertake to betray",2269
Act IV,Scene III,First Soldier,the Florentine?,2270
Act IV,Scene III,Parolles,"Ay, and the captain of his horse, Count Rousillon.",2271
Act IV,Scene III,First Soldier,"I'll whisper with the general, and know his pleasure.",2272
Act IV,Scene III,Parolles,[Aside]  I'll no more drumming; a plague of all,2273
Act IV,Scene III,Parolles,"drums! Only to seem to deserve well, and to",2274
Act IV,Scene III,Parolles,beguile the supposition of that lascivious young boy,2275
Act IV,Scene III,Parolles,"the count, have I run into this danger. Yet who",2276
Act IV,Scene III,Parolles,would have suspected an ambush where I was taken?,2277
Act IV,Scene III,First Soldier,"There is no remedy, sir, but you must die: the",2278
Act IV,Scene III,First Soldier,"general says, you that have so traitorously",2279
Act IV,Scene III,First Soldier,discovered the secrets of your army and made such,2280
Act IV,Scene III,First Soldier,"pestiferous reports of men very nobly held, can",2281
Act IV,Scene III,First Soldier,serve the world for no honest use; therefore you,2282
Act IV,Scene III,First Soldier,"must die. Come, headsman, off with his head.",2283
Act IV,Scene III,Parolles,"O Lord, sir, let me live, or let me see my death!",2284
Act IV,Scene III,First Lord,"That shall you, and take your leave of all your friends.",2285
Act IV,Scene III,[stage direction],Unblinding him,NA
Act IV,Scene III,First Lord,"So, look about you: know you any here?",2286
Act IV,Scene III,Bertram,"Good morrow, noble captain.",2287
Act IV,Scene III,Second Lord,"God bless you, Captain Parolles.",2288
Act IV,Scene III,First Lord,"God save you, noble captain.",2289
Act IV,Scene III,Second Lord,"Captain, what greeting will you to my Lord Lafeu?",2290
Act IV,Scene III,Second Lord,I am for France.,2291
Act IV,Scene III,First Lord,"Good captain, will you give me a copy of the sonnet",2292
Act IV,Scene III,First Lord,you writ to Diana in behalf of the Count Rousillon?,2293
Act IV,Scene III,First Lord,"an I were not a very coward, I'ld compel it of you:",2294
Act IV,Scene III,First Lord,but fare you well.,2295
Act IV,Scene III,[stage direction],Exeunt BERTRAM and Lords,NA
Act IV,Scene III,First Soldier,"You are undone, captain, all but your scarf; that",2296
Act IV,Scene III,First Soldier,has a knot on't yet,2297
Act IV,Scene III,Parolles,Who cannot be crushed with a plot?,2298
Act IV,Scene III,First Soldier,If you could find out a country where but women were,2299
Act IV,Scene III,First Soldier,"that had received so much shame, you might begin an",2300
Act IV,Scene III,First Soldier,"impudent nation. Fare ye well, sir; I am for France",2301
Act IV,Scene III,First Soldier,too: we shall speak of you there.,2302
Act IV,Scene III,[stage direction],Exit with Soldiers,NA
Act IV,Scene III,Parolles,"Yet am I thankful: if my heart were great,",2303
Act IV,Scene III,Parolles,'Twould burst at this. Captain I'll be no more;,2304
Act IV,Scene III,Parolles,"But I will eat and drink, and sleep as soft",2305
Act IV,Scene III,Parolles,As captain shall: simply the thing I am,2306
Act IV,Scene III,Parolles,"Shall make me live. Who knows himself a braggart,",2307
Act IV,Scene III,Parolles,"Let him fear this, for it will come to pass",2308
Act IV,Scene III,Parolles,that every braggart shall be found an ass.,2309
Act IV,Scene III,Parolles,"Rust, sword? cool, blushes! and, Parolles, live",2310
Act IV,Scene III,Parolles,"Safest in shame! being fool'd, by foolery thrive!",2311
Act IV,Scene III,Parolles,There's place and means for every man alive.,2312
Act IV,Scene III,Parolles,I'll after them.,2313
Act IV,Scene III,[stage direction],Exit,NA
Act IV,Scene IV,[stage direction],"Enter HELENA, Widow, and DIANA",NA
Act IV,Scene IV,Helena,"That you may well perceive I have not wrong'd you,",2314
Act IV,Scene IV,Helena,One of the greatest in the Christian world,2315
Act IV,Scene IV,Helena,"Shall be my surety; 'fore whose throne 'tis needful,",2316
Act IV,Scene IV,Helena,"Ere I can perfect mine intents, to kneel:",2317
Act IV,Scene IV,Helena,"Time was, I did him a desired office,",2318
Act IV,Scene IV,Helena,Dear almost as his life; which gratitude,2319
Act IV,Scene IV,Helena,"Through flinty Tartar's bosom would peep forth,",2320
Act IV,Scene IV,Helena,"And answer, thanks: I duly am inform'd",2321
Act IV,Scene IV,Helena,His grace is at Marseilles; to which place,2322
Act IV,Scene IV,Helena,We have convenient convoy. You must know,2323
Act IV,Scene IV,Helena,"I am supposed dead: the army breaking,",2324
Act IV,Scene IV,Helena,"My husband hies him home; where, heaven aiding,",2325
Act IV,Scene IV,Helena,"And by the leave of my good lord the king,",2326
Act IV,Scene IV,Helena,We'll be before our welcome.,2327
Act IV,Scene IV,Widow,"Gentle madam,",2328
Act IV,Scene IV,Widow,You never had a servant to whose trust,2329
Act IV,Scene IV,Widow,Your business was more welcome.,2330
Act IV,Scene IV,Helena,"Nor you, mistress,",2331
Act IV,Scene IV,Helena,Ever a friend whose thoughts more truly labour,2332
Act IV,Scene IV,Helena,To recompense your love: doubt not but heaven,2333
Act IV,Scene IV,Helena,"Hath brought me up to be your daughter's dower,",2334
Act IV,Scene IV,Helena,As it hath fated her to be my motive,2335
Act IV,Scene IV,Helena,"And helper to a husband. But, O strange men!",2336
Act IV,Scene IV,Helena,"That can such sweet use make of what they hate,",2337
Act IV,Scene IV,Helena,When saucy trusting of the cozen'd thoughts,2338
Act IV,Scene IV,Helena,Defiles the pitchy night: so lust doth play,2339
Act IV,Scene IV,Helena,With what it loathes for that which is away.,2340
Act IV,Scene IV,Helena,"But more of this hereafter. You, Diana,",2341
Act IV,Scene IV,Helena,Under my poor instructions yet must suffer,2342
Act IV,Scene IV,Helena,Something in my behalf.,2343
Act IV,Scene IV,Diana,Let death and honesty,2344
Act IV,Scene IV,Diana,"Go with your impositions, I am yours",2345
Act IV,Scene IV,Diana,Upon your will to suffer.,2346
Act IV,Scene IV,Helena,"Yet, I pray you:",2347
Act IV,Scene IV,Helena,"But with the word the time will bring on summer,",2348
Act IV,Scene IV,Helena,"When briers shall have leaves as well as thorns,",2349
Act IV,Scene IV,Helena,And be as sweet as sharp. We must away;,2350
Act IV,Scene IV,Helena,"Our wagon is prepared, and time revives us:",2351
Act IV,Scene IV,Helena,All's well that ends well; still the fine's the crown;,2352
Act IV,Scene IV,Helena,"Whate'er the course, the end is the renown.",2353
Act IV,Scene IV,[stage direction],Exeunt,NA
Act IV,Scene V,[stage direction],"Enter COUNTESS, LAFEU, and Clown",NA
Act IV,Scene V,Lafeu,"No, no, no, your son was misled with a snipt-taffeta",2354
Act IV,Scene V,Lafeu,"fellow there, whose villanous saffron would have",2355
Act IV,Scene V,Lafeu,made all the unbaked and doughy youth of a nation in,2356
Act IV,Scene V,Lafeu,his colour: your daughter-in-law had been alive at,2357
Act IV,Scene V,Lafeu,"this hour, and your son here at home, more advanced",2358
Act IV,Scene V,Lafeu,by the king than by that red-tailed humble-bee I speak of.,2359
Act IV,Scene V,Countess,I would I had not known him; it was the death of the,2360
Act IV,Scene V,Countess,most virtuous gentlewoman that ever nature had,2361
Act IV,Scene V,Countess,praise for creating. If she had partaken of my,2362
Act IV,Scene V,Countess,"flesh, and cost me the dearest groans of a mother, I",2363
Act IV,Scene V,Countess,could not have owed her a more rooted love.,2364
Act IV,Scene V,Lafeu,"'Twas a good lady, 'twas a good lady: we may pick a",2365
Act IV,Scene V,Lafeu,thousand salads ere we light on such another herb.,2366
Act IV,Scene V,Clown,"Indeed, sir, she was the sweet marjoram of the",2367
Act IV,Scene V,Clown,"salad, or rather, the herb of grace.",2368
Act IV,Scene V,Lafeu,"They are not herbs, you knave; they are nose-herbs.",2369
Act IV,Scene V,Clown,"I am no great Nebuchadnezzar, sir; I have not much",2370
Act IV,Scene V,Clown,skill in grass.,2371
Act IV,Scene V,Lafeu,"Whether dost thou profess thyself, a knave or a fool?",2372
Act IV,Scene V,Clown,"A fool, sir, at a woman's service, and a knave at a man's.",2373
Act IV,Scene V,Lafeu,Your distinction?,2374
Act IV,Scene V,Clown,I would cozen the man of his wife and do his service.,2375
Act IV,Scene V,Lafeu,"So you were a knave at his service, indeed.",2376
Act IV,Scene V,Clown,"And I would give his wife my bauble, sir, to do her service.",2377
Act IV,Scene V,Lafeu,"I will subscribe for thee, thou art both knave and fool.",2378
Act IV,Scene V,Clown,At your service.,2379
Act IV,Scene V,Lafeu,"No, no, no.",2380
Act IV,Scene V,Clown,"Why, sir, if I cannot serve you, I can serve as",2381
Act IV,Scene V,Clown,great a prince as you are.,2382
Act IV,Scene V,Lafeu,Who's that? a Frenchman?,2383
Act IV,Scene V,Clown,"Faith, sir, a' has an English name; but his fisnomy",2384
Act IV,Scene V,Clown,is more hotter in France than there.,2385
Act IV,Scene V,Lafeu,What prince is that?,2386
Act IV,Scene V,Clown,"The black prince, sir; alias, the prince of",2387
Act IV,Scene V,Clown,"darkness; alias, the devil.",2388
Act IV,Scene V,Lafeu,"Hold thee, there's my purse: I give thee not this",2389
Act IV,Scene V,Lafeu,to suggest thee from thy master thou talkest of;,2390
Act IV,Scene V,Lafeu,serve him still.,2391
Act IV,Scene V,Clown,"I am a woodland fellow, sir, that always loved a",2392
Act IV,Scene V,Clown,great fire; and the master I speak of ever keeps a,2393
Act IV,Scene V,Clown,"good fire. But, sure, he is the prince of the",2394
Act IV,Scene V,Clown,world; let his nobility remain in's court. I am for,2395
Act IV,Scene V,Clown,"the house with the narrow gate, which I take to be",2396
Act IV,Scene V,Clown,too little for pomp to enter: some that humble,2397
Act IV,Scene V,Clown,themselves may; but the many will be too chill and,2398
Act IV,Scene V,Clown,"tender, and they'll be for the flowery way that",2399
Act IV,Scene V,Clown,leads to the broad gate and the great fire.,2400
Act IV,Scene V,Lafeu,"Go thy ways, I begin to be aweary of thee; and I",2401
Act IV,Scene V,Lafeu,"tell thee so before, because I would not fall out",2402
Act IV,Scene V,Lafeu,with thee. Go thy ways: let my horses be well,2403
Act IV,Scene V,Lafeu,"looked to, without any tricks.",2404
Act IV,Scene V,Clown,"If I put any tricks upon 'em, sir, they shall be",2405
Act IV,Scene V,Clown,jades' tricks; which are their own right by the law of nature.,2406
Act IV,Scene V,[stage direction],Exit,NA
Act IV,Scene V,Lafeu,A shrewd knave and an unhappy.,2407
Act IV,Scene V,Countess,So he is. My lord that's gone made himself much,2408
Act IV,Scene V,Countess,"sport out of him: by his authority he remains here,",2409
Act IV,Scene V,Countess,"which he thinks is a patent for his sauciness; and,",2410
Act IV,Scene V,Countess,"indeed, he has no pace, but runs where he will.",2411
Act IV,Scene V,Lafeu,I like him well; 'tis not amiss. And I was about to,2412
Act IV,Scene V,Lafeu,"tell you, since I heard of the good lady's death and",2413
Act IV,Scene V,Lafeu,"that my lord your son was upon his return home, I",2414
Act IV,Scene V,Lafeu,moved the king my master to speak in the behalf of,2415
Act IV,Scene V,Lafeu,"my daughter; which, in the minority of them both,",2416
Act IV,Scene V,Lafeu,"his majesty, out of a self-gracious remembrance, did",2417
Act IV,Scene V,Lafeu,first propose: his highness hath promised me to do,2418
Act IV,Scene V,Lafeu,"it: and, to stop up the displeasure he hath",2419
Act IV,Scene V,Lafeu,"conceived against your son, there is no fitter",2420
Act IV,Scene V,Lafeu,matter. How does your ladyship like it?,2421
Act IV,Scene V,Countess,"With very much content, my lord; and I wish it",2422
Act IV,Scene V,Countess,happily effected.,2423
Act IV,Scene V,Lafeu,"His highness comes post from Marseilles, of as able",2424
Act IV,Scene V,Lafeu,body as when he numbered thirty: he will be here,2425
Act IV,Scene V,Lafeu,"to-morrow, or I am deceived by him that in such",2426
Act IV,Scene V,Lafeu,intelligence hath seldom failed.,2427
Act IV,Scene V,Countess,"It rejoices me, that I hope I shall see him ere I",2428
Act IV,Scene V,Countess,die. I have letters that my son will be here,2429
Act IV,Scene V,Countess,to-night: I shall beseech your lordship to remain,2430
Act IV,Scene V,Countess,with me till they meet together.,2431
Act IV,Scene V,Lafeu,"Madam, I was thinking with what manners I might",2432
Act IV,Scene V,Lafeu,safely be admitted.,2433
Act IV,Scene V,Countess,You need but plead your honourable privilege.,2434
Act IV,Scene V,Lafeu,"Lady, of that I have made a bold charter; but I",2435
Act IV,Scene V,Lafeu,thank my God it holds yet.,2436
Act IV,Scene V,[stage direction],Re-enter Clown,NA
Act IV,Scene V,Clown,"O madam, yonder's my lord your son with a patch of",2437
Act IV,Scene V,Clown,velvet on's face: whether there be a scar under't,2438
Act IV,Scene V,Clown,"or no, the velvet knows; but 'tis a goodly patch of",2439
Act IV,Scene V,Clown,velvet: his left cheek is a cheek of two pile and a,2440
Act IV,Scene V,Clown,"half, but his right cheek is worn bare.",2441
Act IV,Scene V,Lafeu,"A scar nobly got, or a noble scar, is a good livery",2442
Act IV,Scene V,Lafeu,of honour; so belike is that.,2443
Act IV,Scene V,Clown,But it is your carbonadoed face.,2444
Act IV,Scene V,Lafeu,"Let us go see your son, I pray you: I long to talk",2445
Act IV,Scene V,Lafeu,with the young noble soldier.,2446
Act IV,Scene V,Clown,"Faith there's a dozen of 'em, with delicate fine",2447
Act IV,Scene V,Clown,"hats and most courteous feathers, which bow the head",2448
Act IV,Scene V,Clown,and nod at every man.,2449
Act IV,Scene V,[stage direction],Exeunt,NA
Act V,Scene I,[stage direction],"Enter HELENA, Widow, and DIANA, with two Attendants",NA
Act V,Scene I,Helena,But this exceeding posting day and night,2450
Act V,Scene I,Helena,Must wear your spirits low; we cannot help it:,2451
Act V,Scene I,Helena,"But since you have made the days and nights as one,",2452
Act V,Scene I,Helena,"To wear your gentle limbs in my affairs,",2453
Act V,Scene I,Helena,Be bold you do so grow in my requital,2454
Act V,Scene I,Helena,As nothing can unroot you. In happy time;,2455
Act V,Scene I,[stage direction],Enter a Gentleman,NA
Act V,Scene I,Helena,"This man may help me to his majesty's ear,",2456
Act V,Scene I,Helena,"If he would spend his power. God save you, sir.",2457
Act V,Scene I,Gentleman,And you.,2458
Act V,Scene I,Helena,"Sir, I have seen you in the court of France.",2459
Act V,Scene I,Gentleman,I have been sometimes there.,2460
Act V,Scene I,Helena,"I do presume, sir, that you are not fallen",2461
Act V,Scene I,Helena,From the report that goes upon your goodness;,2462
Act V,Scene I,Helena,"An therefore, goaded with most sharp occasions,",2463
Act V,Scene I,Helena,"Which lay nice manners by, I put you to",2464
Act V,Scene I,Helena,"The use of your own virtues, for the which",2465
Act V,Scene I,Helena,I shall continue thankful.,2466
Act V,Scene I,Gentleman,What's your will?,2467
Act V,Scene I,Helena,That it will please you,2468
Act V,Scene I,Helena,"To give this poor petition to the king,",2469
Act V,Scene I,Helena,And aid me with that store of power you have,2470
Act V,Scene I,Helena,To come into his presence.,2471
Act V,Scene I,Gentleman,The king's not here.,2472
Act V,Scene I,Helena,"Not here, sir!",2473
Act V,Scene I,Gentleman,"Not, indeed:",2474
Act V,Scene I,Gentleman,He hence removed last night and with more haste,2475
Act V,Scene I,Gentleman,Than is his use.,2476
Act V,Scene I,Widow,"Lord, how we lose our pains!",2477
Act V,Scene I,Helena,"ALL'S WELL THAT ENDS WELL yet,",2478
Act V,Scene I,Helena,Though time seem so adverse and means unfit.,2479
Act V,Scene I,Helena,"I do beseech you, whither is he gone?",2480
Act V,Scene I,Gentleman,"Marry, as I take it, to Rousillon;",2481
Act V,Scene I,Gentleman,Whither I am going.,2482
Act V,Scene I,Helena,"I do beseech you, sir,",2483
Act V,Scene I,Helena,"Since you are like to see the king before me,",2484
Act V,Scene I,Helena,"Commend the paper to his gracious hand,",2485
Act V,Scene I,Helena,Which I presume shall render you no blame,2486
Act V,Scene I,Helena,But rather make you thank your pains for it.,2487
Act V,Scene I,Helena,I will come after you with what good speed,2488
Act V,Scene I,Helena,Our means will make us means.,2489
Act V,Scene I,Gentleman,This I'll do for you.,2490
Act V,Scene I,Helena,"And you shall find yourself to be well thank'd,",2491
Act V,Scene I,Helena,Whate'er falls more. We must to horse again.,2492
Act V,Scene I,Helena,"Go, go, provide.",2493
Act V,Scene I,[stage direction],Exeunt,NA
Act V,Scene II,[stage direction],"Enter Clown, and PAROLLES, following",NA
Act V,Scene II,Parolles,"Good Monsieur Lavache, give my Lord Lafeu this",2494
Act V,Scene II,Parolles,"letter: I have ere now, sir, been better known to",2495
Act V,Scene II,Parolles,"you, when I have held familiarity with fresher",2496
Act V,Scene II,Parolles,"clothes; but I am now, sir, muddied in fortune's",2497
Act V,Scene II,Parolles,"mood, and smell somewhat strong of her strong",2498
Act V,Scene II,Parolles,displeasure.,2499
Act V,Scene II,Clown,"Truly, fortune's displeasure is but sluttish, if it",2500
Act V,Scene II,Clown,smell so strongly as thou speakest of: I will,2501
Act V,Scene II,Clown,henceforth eat no fish of fortune's buttering.,2502
Act V,Scene II,Clown,"Prithee, allow the wind.",2503
Act V,Scene II,Parolles,"Nay, you need not to stop your nose, sir; I spake",2504
Act V,Scene II,Parolles,but by a metaphor.,2505
Act V,Scene II,Clown,"Indeed, sir, if your metaphor stink, I will stop my",2506
Act V,Scene II,Clown,"nose; or against any man's metaphor. Prithee, get",2507
Act V,Scene II,Clown,thee further.,2508
Act V,Scene II,Parolles,"Pray you, sir, deliver me this paper.",2509
Act V,Scene II,Clown,"Foh! prithee, stand away: a paper from fortune's",2510
Act V,Scene II,Clown,"close-stool to give to a nobleman! Look, here he",2511
Act V,Scene II,Clown,comes himself.,2512
Act V,Scene II,[stage direction],Enter LAFEU,NA
Act V,Scene II,Clown,"Here is a purr of fortune's, sir, or of fortune's",2513
Act V,Scene II,Clown,"cat,--but not a musk-cat,--that has fallen into the",2514
Act V,Scene II,Clown,"unclean fishpond of her displeasure, and, as he",2515
Act V,Scene II,Clown,"says, is muddied withal: pray you, sir, use the",2516
Act V,Scene II,Clown,"carp as you may; for he looks like a poor, decayed,",2517
Act V,Scene II,Clown,"ingenious, foolish, rascally knave. I do pity his",2518
Act V,Scene II,Clown,distress in my similes of comfort and leave him to,2519
Act V,Scene II,Clown,your lordship.,2520
Act V,Scene II,[stage direction],Exit,NA
Act V,Scene II,Parolles,"My lord, I am a man whom fortune hath cruelly",2521
Act V,Scene II,Parolles,scratched.,2522
Act V,Scene II,Lafeu,And what would you have me to do? 'Tis too late to,2523
Act V,Scene II,Lafeu,pare her nails now. Wherein have you played the,2524
Act V,Scene II,Lafeu,"knave with fortune, that she should scratch you, who",2525
Act V,Scene II,Lafeu,of herself is a good lady and would not have knaves,2526
Act V,Scene II,Lafeu,thrive long under her? There's a quart d'ecu for,2527
Act V,Scene II,Lafeu,you: let the justices make you and fortune friends:,2528
Act V,Scene II,Lafeu,I am for other business.,2529
Act V,Scene II,Parolles,I beseech your honour to hear me one single word.,2530
Act V,Scene II,Lafeu,"You beg a single penny more: come, you shall ha't;",2531
Act V,Scene II,Lafeu,save your word.,2532
Act V,Scene II,Parolles,"My name, my good lord, is Parolles.",2533
Act V,Scene II,Lafeu,"You beg more than 'word,' then. Cox my passion!",2534
Act V,Scene II,Lafeu,give me your hand. How does your drum?,2535
Act V,Scene II,Parolles,"O my good lord, you were the first that found me!",2536
Act V,Scene II,Lafeu,"Was I, in sooth? and I was the first that lost thee.",2537
Act V,Scene II,Parolles,"It lies in you, my lord, to bring me in some grace,",2538
Act V,Scene II,Parolles,for you did bring me out.,2539
Act V,Scene II,Lafeu,"Out upon thee, knave! dost thou put upon me at once",2540
Act V,Scene II,Lafeu,both the office of God and the devil? One brings,2541
Act V,Scene II,Lafeu,thee in grace and the other brings thee out.,2542
Act V,Scene II,[stage direction],Trumpets sound,NA
Act V,Scene II,Lafeu,"The king's coming; I know by his trumpets. Sirrah,",2543
Act V,Scene II,Lafeu,inquire further after me; I had talk of you last,2544
Act V,Scene II,Lafeu,"night: though you are a fool and a knave, you shall",2545
Act V,Scene II,Lafeu,"eat; go to, follow.",2546
Act V,Scene II,Parolles,I praise God for you.,2547
Act V,Scene II,[stage direction],Exeunt,NA
Act V,Scene III,[stage direction],"Flourish. Enter KING, COUNTESS, LAFEU, the two French Lords, with Attendants",NA
Act V,Scene III,King,We lost a jewel of her; and our esteem,2548
Act V,Scene III,King,"Was made much poorer by it: but your son,",2549
Act V,Scene III,King,"As mad in folly, lack'd the sense to know",2550
Act V,Scene III,King,Her estimation home.,2551
Act V,Scene III,Countess,"'Tis past, my liege;",2552
Act V,Scene III,Countess,And I beseech your majesty to make it,2553
Act V,Scene III,Countess,"Natural rebellion, done i' the blaze of youth;",2554
Act V,Scene III,Countess,"When oil and fire, too strong for reason's force,",2555
Act V,Scene III,Countess,O'erbears it and burns on.,2556
Act V,Scene III,King,"My honour'd lady,",2557
Act V,Scene III,King,I have forgiven and forgotten all;,2558
Act V,Scene III,King,"Though my revenges were high bent upon him,",2559
Act V,Scene III,King,And watch'd the time to shoot.,2560
Act V,Scene III,Lafeu,"This I must say,",2561
Act V,Scene III,Lafeu,"But first I beg my pardon, the young lord",2562
Act V,Scene III,Lafeu,"Did to his majesty, his mother and his lady",2563
Act V,Scene III,Lafeu,Offence of mighty note; but to himself,2564
Act V,Scene III,Lafeu,The greatest wrong of all. He lost a wife,2565
Act V,Scene III,Lafeu,Whose beauty did astonish the survey,2566
Act V,Scene III,Lafeu,"Of richest eyes, whose words all ears took captive,",2567
Act V,Scene III,Lafeu,Whose dear perfection hearts that scorn'd to serve,2568
Act V,Scene III,Lafeu,Humbly call'd mistress.,2569
Act V,Scene III,King,Praising what is lost,2570
Act V,Scene III,King,"Makes the remembrance dear. Well, call him hither;",2571
Act V,Scene III,King,"We are reconciled, and the first view shall kill",2572
Act V,Scene III,King,All repetition: let him not ask our pardon;,2573
Act V,Scene III,King,"The nature of his great offence is dead,",2574
Act V,Scene III,King,And deeper than oblivion we do bury,2575
Act V,Scene III,King,"The incensing relics of it: let him approach,",2576
Act V,Scene III,King,"A stranger, no offender; and inform him",2577
Act V,Scene III,King,So 'tis our will he should.,2578
Act V,Scene III,Gentleman,"I shall, my liege.",2579
Act V,Scene III,[stage direction],Exit,NA
Act V,Scene III,King,What says he to your daughter? have you spoke?,2580
Act V,Scene III,Lafeu,All that he is hath reference to your highness.,2581
Act V,Scene III,King,Then shall we have a match. I have letters sent me,2582
Act V,Scene III,King,That set him high in fame.,2583
Act V,Scene III,[stage direction],Enter BERTRAM,NA
Act V,Scene III,Lafeu,He looks well on't.,2584
Act V,Scene III,King,"I am not a day of season,",2585
Act V,Scene III,King,For thou mayst see a sunshine and a hail,2586
Act V,Scene III,King,In me at once: but to the brightest beams,2587
Act V,Scene III,King,Distracted clouds give way; so stand thou forth;,2588
Act V,Scene III,King,The time is fair again.,2589
Act V,Scene III,Bertram,"My high-repented blames,",2590
Act V,Scene III,Bertram,"Dear sovereign, pardon to me.",2591
Act V,Scene III,King,All is whole;,2592
Act V,Scene III,King,Not one word more of the consumed time.,2593
Act V,Scene III,King,Let's take the instant by the forward top;,2594
Act V,Scene III,King,"For we are old, and on our quick'st decrees",2595
Act V,Scene III,King,The inaudible and noiseless foot of Time,2596
Act V,Scene III,King,Steals ere we can effect them. You remember,2597
Act V,Scene III,King,The daughter of this lord?,2598
Act V,Scene III,Bertram,"Admiringly, my liege, at first",2599
Act V,Scene III,Bertram,"I stuck my choice upon her, ere my heart",2600
Act V,Scene III,Bertram,Durst make too bold a herald of my tongue,2601
Act V,Scene III,Bertram,"Where the impression of mine eye infixing,",2602
Act V,Scene III,Bertram,"Contempt his scornful perspective did lend me,",2603
Act V,Scene III,Bertram,Which warp'd the line of every other favour;,2604
Act V,Scene III,Bertram,"Scorn'd a fair colour, or express'd it stolen;",2605
Act V,Scene III,Bertram,Extended or contracted all proportions,2606
Act V,Scene III,Bertram,To a most hideous object: thence it came,2607
Act V,Scene III,Bertram,"That she whom all men praised and whom myself,",2608
Act V,Scene III,Bertram,"Since I have lost, have loved, was in mine eye",2609
Act V,Scene III,Bertram,The dust that did offend it.,2610
Act V,Scene III,King,Well excused:,2611
Act V,Scene III,King,"That thou didst love her, strikes some scores away",2612
Act V,Scene III,King,"From the great compt: but love that comes too late,",2613
Act V,Scene III,King,"Like a remorseful pardon slowly carried,",2614
Act V,Scene III,King,"To the great sender turns a sour offence,",2615
Act V,Scene III,King,"Crying, 'That's good that's gone.' Our rash faults",2616
Act V,Scene III,King,"Make trivial price of serious things we have,",2617
Act V,Scene III,King,Not knowing them until we know their grave:,2618
Act V,Scene III,King,"Oft our displeasures, to ourselves unjust,",2619
Act V,Scene III,King,Destroy our friends and after weep their dust,2620
Act V,Scene III,King,"Our own love waking cries to see what's done,",2621
Act V,Scene III,King,While shame full late sleeps out the afternoon.,2622
Act V,Scene III,King,"Be this sweet Helen's knell, and now forget her.",2623
Act V,Scene III,King,Send forth your amorous token for fair Maudlin:,2624
Act V,Scene III,King,The main consents are had; and here we'll stay,2625
Act V,Scene III,King,To see our widower's second marriage-day.,2626
Act V,Scene III,Countess,"Which better than the first, O dear heaven, bless!",2627
Act V,Scene III,Countess,"Or, ere they meet, in me, O nature, cesse!",2628
Act V,Scene III,Lafeu,"Come on, my son, in whom my house's name",2629
Act V,Scene III,Lafeu,"Must be digested, give a favour from you",2630
Act V,Scene III,Lafeu,"To sparkle in the spirits of my daughter,",2631
Act V,Scene III,Lafeu,That she may quickly come.,2632
Act V,Scene III,[stage direction],BERTRAM gives a ring,NA
Act V,Scene III,Lafeu,"By my old beard,",2633
Act V,Scene III,Lafeu,"And every hair that's on't, Helen, that's dead,",2634
Act V,Scene III,Lafeu,"Was a sweet creature: such a ring as this,",2635
Act V,Scene III,Lafeu,"The last that e'er I took her at court,",2636
Act V,Scene III,Lafeu,I saw upon her finger.,2637
Act V,Scene III,Bertram,Hers it was not.,2638
Act V,Scene III,King,"Now, pray you, let me see it; for mine eye,",2639
Act V,Scene III,King,"While I was speaking, oft was fasten'd to't.",2640
Act V,Scene III,King,"This ring was mine; and, when I gave it Helen,",2641
Act V,Scene III,King,"I bade her, if her fortunes ever stood",2642
Act V,Scene III,King,"Necessitied to help, that by this token",2643
Act V,Scene III,King,"I would relieve her. Had you that craft, to reave",2644
Act V,Scene III,King,her,2645
Act V,Scene III,King,Of what should stead her most?,2646
Act V,Scene III,Bertram,"My gracious sovereign,",2647
Act V,Scene III,Bertram,"Howe'er it pleases you to take it so,",2648
Act V,Scene III,Bertram,The ring was never hers.,2649
Act V,Scene III,Countess,"Son, on my life,",2650
Act V,Scene III,Countess,I have seen her wear it; and she reckon'd it,2651
Act V,Scene III,Countess,At her life's rate.,2652
Act V,Scene III,Lafeu,I am sure I saw her wear it.,2653
Act V,Scene III,Bertram,"You are deceived, my lord; she never saw it:",2654
Act V,Scene III,Bertram,"In Florence was it from a casement thrown me,",2655
Act V,Scene III,Bertram,"Wrapp'd in a paper, which contain'd the name",2656
Act V,Scene III,Bertram,"Of her that threw it: noble she was, and thought",2657
Act V,Scene III,Bertram,I stood engaged: but when I had subscribed,2658
Act V,Scene III,Bertram,To mine own fortune and inform'd her fully,2659
Act V,Scene III,Bertram,I could not answer in that course of honour,2660
Act V,Scene III,Bertram,"As she had made the overture, she ceased",2661
Act V,Scene III,Bertram,In heavy satisfaction and would never,2662
Act V,Scene III,Bertram,Receive the ring again.,2663
Act V,Scene III,King,"Plutus himself,",2664
Act V,Scene III,King,"That knows the tinct and multiplying medicine,",2665
Act V,Scene III,King,Hath not in nature's mystery more science,2666
Act V,Scene III,King,"Than I have in this ring: 'twas mine, 'twas Helen's,",2667
Act V,Scene III,King,"Whoever gave it you. Then, if you know",2668
Act V,Scene III,King,"That you are well acquainted with yourself,",2669
Act V,Scene III,King,"Confess 'twas hers, and by what rough enforcement",2670
Act V,Scene III,King,You got it from her: she call'd the saints to surety,2671
Act V,Scene III,King,"That she would never put it from her finger,",2672
Act V,Scene III,King,"Unless she gave it to yourself in bed,",2673
Act V,Scene III,King,"Where you have never come, or sent it us",2674
Act V,Scene III,King,Upon her great disaster.,2675
Act V,Scene III,Bertram,She never saw it.,2676
Act V,Scene III,King,"Thou speak'st it falsely, as I love mine honour;",2677
Act V,Scene III,King,And makest conjectural fears to come into me,2678
Act V,Scene III,King,Which I would fain shut out. If it should prove,2679
Act V,Scene III,King,"That thou art so inhuman,--'twill not prove so;--",2680
Act V,Scene III,King,"And yet I know not: thou didst hate her deadly,",2681
Act V,Scene III,King,"And she is dead; which nothing, but to close",2682
Act V,Scene III,King,"Her eyes myself, could win me to believe,",2683
Act V,Scene III,King,More than to see this ring. Take him away.,2684
Act V,Scene III,[stage direction],Guards seize BERTRAM,NA
Act V,Scene III,King,"My fore-past proofs, howe'er the matter fall,",2685
Act V,Scene III,King,"Shall tax my fears of little vanity,",2686
Act V,Scene III,King,Having vainly fear'd too little. Away with him!,2687
Act V,Scene III,King,We'll sift this matter further.,2688
Act V,Scene III,Bertram,If you shall prove,2689
Act V,Scene III,Bertram,"This ring was ever hers, you shall as easy",2690
Act V,Scene III,Bertram,"Prove that I husbanded her bed in Florence,",2691
Act V,Scene III,Bertram,Where yet she never was.,2692
Act V,Scene III,[stage direction],"Exit, guarded",NA
Act V,Scene III,King,I am wrapp'd in dismal thinkings.,2693
Act V,Scene III,[stage direction],Enter a Gentleman,NA
Act V,Scene III,Gentleman,"Gracious sovereign,",2694
Act V,Scene III,Gentleman,"Whether I have been to blame or no, I know not:",2695
Act V,Scene III,Gentleman,"Here's a petition from a Florentine,",2696
Act V,Scene III,Gentleman,Who hath for four or five removes come short,2697
Act V,Scene III,Gentleman,"To tender it herself. I undertook it,",2698
Act V,Scene III,Gentleman,Vanquish'd thereto by the fair grace and speech,2699
Act V,Scene III,Gentleman,"Of the poor suppliant, who by this I know",2700
Act V,Scene III,Gentleman,Is here attending: her business looks in her,2701
Act V,Scene III,Gentleman,"With an importing visage; and she told me,",2702
Act V,Scene III,Gentleman,"In a sweet verbal brief, it did concern",2703
Act V,Scene III,Gentleman,Your highness with herself.,2704
Act V,Scene III,King,[Reads]  Upon his many protestations to marry me,2705
Act V,Scene III,King,"when his wife was dead, I blush to say it, he won",2706
Act V,Scene III,King,me. Now is the Count Rousillon a widower: his vows,2707
Act V,Scene III,King,"are forfeited to me, and my honour's paid to him. He",2708
Act V,Scene III,King,"stole from Florence, taking no leave, and I follow",2709
Act V,Scene III,King,"him to his country for justice: grant it me, O",2710
Act V,Scene III,King,king! in you it best lies; otherwise a seducer,2711
Act V,Scene III,King,"flourishes, and a poor maid is undone.",2712
Act V,Scene III,King,DIANA CAPILET.,2713
Act V,Scene III,Lafeu,"I will buy me a son-in-law in a fair, and toll for",2714
Act V,Scene III,Lafeu,this: I'll none of him.,2715
Act V,Scene III,King,"The heavens have thought well on thee Lafeu,",2716
Act V,Scene III,King,To bring forth this discovery. Seek these suitors:,2717
Act V,Scene III,King,Go speedily and bring again the count.,2718
Act V,Scene III,King,"I am afeard the life of Helen, lady,",2719
Act V,Scene III,King,Was foully snatch'd.,2720
Act V,Scene III,Countess,"Now, justice on the doers!",2721
Act V,Scene III,[stage direction],"Re-enter BERTRAM, guarded",NA
Act V,Scene III,King,"I wonder, sir, sith wives are monsters to you,",2722
Act V,Scene III,King,"And that you fly them as you swear them lordship,",2723
Act V,Scene III,King,Yet you desire to marry.,2724
Act V,Scene III,[stage direction],Enter Widow and DIANA,NA
Act V,Scene III,King,What woman's that?,2725
Act V,Scene III,Diana,"I am, my lord, a wretched Florentine,",2726
Act V,Scene III,Diana,Derived from the ancient Capilet:,2727
Act V,Scene III,Diana,"My suit, as I do understand, you know,",2728
Act V,Scene III,Diana,And therefore know how far I may be pitied.,2729
Act V,Scene III,Widow,"I am her mother, sir, whose age and honour",2730
Act V,Scene III,Widow,"Both suffer under this complaint we bring,",2731
Act V,Scene III,Widow,"And both shall cease, without your remedy.",2732
Act V,Scene III,King,"Come hither, count; do you know these women?",2733
Act V,Scene III,Bertram,"My lord, I neither can nor will deny",2734
Act V,Scene III,Bertram,But that I know them: do they charge me further?,2735
Act V,Scene III,Diana,Why do you look so strange upon your wife?,2736
Act V,Scene III,Bertram,"She's none of mine, my lord.",2737
Act V,Scene III,Diana,"If you shall marry,",2738
Act V,Scene III,Diana,"You give away this hand, and that is mine;",2739
Act V,Scene III,Diana,"You give away heaven's vows, and those are mine;",2740
Act V,Scene III,Diana,"You give away myself, which is known mine;",2741
Act V,Scene III,Diana,"For I by vow am so embodied yours,",2742
Act V,Scene III,Diana,"That she which marries you must marry me,",2743
Act V,Scene III,Diana,Either both or none.,2744
Act V,Scene III,Lafeu,Your reputation comes too short for my daughter; you,2745
Act V,Scene III,Lafeu,are no husband for her.,2746
Act V,Scene III,Bertram,"My lord, this is a fond and desperate creature,",2747
Act V,Scene III,Bertram,Whom sometime I have laugh'd with: let your highness,2748
Act V,Scene III,Bertram,Lay a more noble thought upon mine honour,2749
Act V,Scene III,Bertram,Than for to think that I would sink it here.,2750
Act V,Scene III,King,"Sir, for my thoughts, you have them ill to friend",2751
Act V,Scene III,King,Till your deeds gain them: fairer prove your honour,2752
Act V,Scene III,King,Than in my thought it lies.,2753
Act V,Scene III,Diana,"Good my lord,",2754
Act V,Scene III,Diana,"Ask him upon his oath, if he does think",2755
Act V,Scene III,Diana,He had not my virginity.,2756
Act V,Scene III,King,What say'st thou to her?,2757
Act V,Scene III,Bertram,"She's impudent, my lord,",2758
Act V,Scene III,Bertram,And was a common gamester to the camp.,2759
Act V,Scene III,Diana,"He does me wrong, my lord; if I were so,",2760
Act V,Scene III,Diana,He might have bought me at a common price:,2761
Act V,Scene III,Diana,"Do not believe him. O, behold this ring,",2762
Act V,Scene III,Diana,Whose high respect and rich validity,2763
Act V,Scene III,Diana,Did lack a parallel; yet for all that,2764
Act V,Scene III,Diana,"He gave it to a commoner o' the camp,",2765
Act V,Scene III,Diana,If I be one.,2766
Act V,Scene III,Countess,"He blushes, and 'tis it:",2767
Act V,Scene III,Countess,"Of six preceding ancestors, that gem,",2768
Act V,Scene III,Countess,"Conferr'd by testament to the sequent issue,",2769
Act V,Scene III,Countess,Hath it been owed and worn. This is his wife;,2770
Act V,Scene III,Countess,That ring's a thousand proofs.,2771
Act V,Scene III,King,Methought you said,2772
Act V,Scene III,King,You saw one here in court could witness it.,2773
Act V,Scene III,Diana,"I did, my lord, but loath am to produce",2774
Act V,Scene III,Diana,So bad an instrument: his name's Parolles.,2775
Act V,Scene III,Lafeu,"I saw the man to-day, if man he be.",2776
Act V,Scene III,King,"Find him, and bring him hither.",2777
Act V,Scene III,[stage direction],Exit an Attendant,NA
Act V,Scene III,Bertram,What of him?,2778
Act V,Scene III,Bertram,"He's quoted for a most perfidious slave,",2779
Act V,Scene III,Bertram,With all the spots o' the world tax'd and debosh'd;,2780
Act V,Scene III,Bertram,Whose nature sickens but to speak a truth.,2781
Act V,Scene III,Bertram,"Am I or that or this for what he'll utter,",2782
Act V,Scene III,Bertram,That will speak any thing?,2783
Act V,Scene III,King,She hath that ring of yours.,2784
Act V,Scene III,Bertram,"I think she has: certain it is I liked her,",2785
Act V,Scene III,Bertram,And boarded her i' the wanton way of youth:,2786
Act V,Scene III,Bertram,"She knew her distance and did angle for me,",2787
Act V,Scene III,Bertram,"Madding my eagerness with her restraint,",2788
Act V,Scene III,Bertram,As all impediments in fancy's course,2789
Act V,Scene III,Bertram,"Are motives of more fancy; and, in fine,",2790
Act V,Scene III,Bertram,"Her infinite cunning, with her modern grace,",2791
Act V,Scene III,Bertram,Subdued me to her rate: she got the ring;,2792
Act V,Scene III,Bertram,And I had that which any inferior might,2793
Act V,Scene III,Bertram,At market-price have bought.,2794
Act V,Scene III,Diana,I must be patient:,2795
Act V,Scene III,Diana,"You, that have turn'd off a first so noble wife,",2796
Act V,Scene III,Diana,May justly diet me. I pray you yet;,2797
Act V,Scene III,Diana,"Since you lack virtue, I will lose a husband;",2798
Act V,Scene III,Diana,"Send for your ring, I will return it home,",2799
Act V,Scene III,Diana,And give me mine again.,2800
Act V,Scene III,Bertram,I have it not.,2801
Act V,Scene III,King,"What ring was yours, I pray you?",2802
Act V,Scene III,Diana,"Sir, much like",2803
Act V,Scene III,Diana,The same upon your finger.,2804
Act V,Scene III,King,Know you this ring? this ring was his of late.,2805
Act V,Scene III,Diana,"And this was it I gave him, being abed.",2806
Act V,Scene III,King,"The story then goes false, you threw it him",2807
Act V,Scene III,King,Out of a casement.,2808
Act V,Scene III,Diana,I have spoke the truth.,2809
Act V,Scene III,[stage direction],Enter PAROLLES,NA
Act V,Scene III,Bertram,"My lord, I do confess the ring was hers.",2810
Act V,Scene III,King,"You boggle shrewdly, every feather stars you.",2811
Act V,Scene III,King,Is this the man you speak of?,2812
Act V,Scene III,Diana,"Ay, my lord.",2813
Act V,Scene III,King,"Tell me, sirrah, but tell me true, I charge you,",2814
Act V,Scene III,King,"Not fearing the displeasure of your master,",2815
Act V,Scene III,King,"Which on your just proceeding I'll keep off,",2816
Act V,Scene III,King,By him and by this woman here what know you?,2817
Act V,Scene III,Parolles,"So please your majesty, my master hath been an",2818
Act V,Scene III,Parolles,"honourable gentleman: tricks he hath had in him,",2819
Act V,Scene III,Parolles,which gentlemen have.,2820
Act V,Scene III,King,"Come, come, to the purpose: did he love this woman?",2821
Act V,Scene III,Parolles,"Faith, sir, he did love her; but how?",2822
Act V,Scene III,King,"How, I pray you?",2823
Act V,Scene III,Parolles,"He did love her, sir, as a gentleman loves a woman.",2824
Act V,Scene III,King,How is that?,2825
Act V,Scene III,Parolles,"He loved her, sir, and loved her not.",2826
Act V,Scene III,King,"As thou art a knave, and no knave. What an",2827
Act V,Scene III,King,equivocal companion is this!,2828
Act V,Scene III,Parolles,"I am a poor man, and at your majesty's command.",2829
Act V,Scene III,Lafeu,"He's a good drum, my lord, but a naughty orator.",2830
Act V,Scene III,Diana,Do you know he promised me marriage?,2831
Act V,Scene III,Parolles,"Faith, I know more than I'll speak.",2832
Act V,Scene III,King,But wilt thou not speak all thou knowest?,2833
Act V,Scene III,Parolles,"Yes, so please your majesty. I did go between them,",2834
Act V,Scene III,Parolles,"as I said; but more than that, he loved her: for",2835
Act V,Scene III,Parolles,"indeed he was mad for her, and talked of Satan and",2836
Act V,Scene III,Parolles,of Limbo and of Furies and I know not what: yet I,2837
Act V,Scene III,Parolles,was in that credit with them at that time that I,2838
Act V,Scene III,Parolles,"knew of their going to bed, and of other motions,",2839
Act V,Scene III,Parolles,"as promising her marriage, and things which would",2840
Act V,Scene III,Parolles,derive me ill will to speak of; therefore I will not,2841
Act V,Scene III,Parolles,speak what I know.,2842
Act V,Scene III,King,"Thou hast spoken all already, unless thou canst say",2843
Act V,Scene III,King,they are married: but thou art too fine in thy,2844
Act V,Scene III,King,evidence; therefore stand aside.,2845
Act V,Scene III,King,"This ring, you say, was yours?",2846
Act V,Scene III,Diana,"Ay, my good lord.",2847
Act V,Scene III,King,Where did you buy it? or who gave it you?,2848
Act V,Scene III,Diana,"It was not given me, nor I did not buy it.",2849
Act V,Scene III,King,Who lent it you?,2850
Act V,Scene III,Diana,It was not lent me neither.,2851
Act V,Scene III,King,"Where did you find it, then?",2852
Act V,Scene III,Diana,I found it not.,2853
Act V,Scene III,King,"If it were yours by none of all these ways,",2854
Act V,Scene III,King,How could you give it him?,2855
Act V,Scene III,Diana,I never gave it him.,2856
Act V,Scene III,Lafeu,"This woman's an easy glove, my lord; she goes off",2857
Act V,Scene III,Lafeu,and on at pleasure.,2858
Act V,Scene III,King,This ring was mine; I gave it his first wife.,2859
Act V,Scene III,Diana,"It might be yours or hers, for aught I know.",2860
Act V,Scene III,King,Take her away; I do not like her now;,2861
Act V,Scene III,King,To prison with her: and away with him.,2862
Act V,Scene III,King,"Unless thou tell'st me where thou hadst this ring,",2863
Act V,Scene III,King,Thou diest within this hour.,2864
Act V,Scene III,Diana,I'll never tell you.,2865
Act V,Scene III,King,Take her away.,2866
Act V,Scene III,Diana,"I'll put in bail, my liege.",2867
Act V,Scene III,King,I think thee now some common customer.,2868
Act V,Scene III,Diana,"By Jove, if ever I knew man, 'twas you.",2869
Act V,Scene III,King,Wherefore hast thou accused him all this while?,2870
Act V,Scene III,Diana,"Because he's guilty, and he is not guilty:",2871
Act V,Scene III,Diana,"He knows I am no maid, and he'll swear to't;",2872
Act V,Scene III,Diana,"I'll swear I am a maid, and he knows not.",2873
Act V,Scene III,Diana,"Great king, I am no strumpet, by my life;",2874
Act V,Scene III,Diana,"I am either maid, or else this old man's wife.",2875
Act V,Scene III,King,She does abuse our ears: to prison with her.,2876
Act V,Scene III,Diana,"Good mother, fetch my bail. Stay, royal sir:",2877
Act V,Scene III,[stage direction],Exit Widow,NA
Act V,Scene III,Diana,"The jeweller that owes the ring is sent for,",2878
Act V,Scene III,Diana,"And he shall surety me. But for this lord,",2879
Act V,Scene III,Diana,"Who hath abused me, as he knows himself,",2880
Act V,Scene III,Diana,"Though yet he never harm'd me, here I quit him:",2881
Act V,Scene III,Diana,He knows himself my bed he hath defiled;,2882
Act V,Scene III,Diana,And at that time he got his wife with child:,2883
Act V,Scene III,Diana,"Dead though she be, she feels her young one kick:",2884
Act V,Scene III,Diana,So there's my riddle: one that's dead is quick:,2885
Act V,Scene III,Diana,And now behold the meaning.,2886
Act V,Scene III,[stage direction],"Re-enter Widow, with HELENA",NA
Act V,Scene III,King,Is there no exorcist,2887
Act V,Scene III,King,Beguiles the truer office of mine eyes?,2888
Act V,Scene III,King,Is't real that I see?,2889
Act V,Scene III,Helena,"No, my good lord;",2890
Act V,Scene III,Helena,"'Tis but the shadow of a wife you see,",2891
Act V,Scene III,Helena,The name and not the thing.,2892
Act V,Scene III,Bertram,"Both, both. O, pardon!",2893
Act V,Scene III,Helena,"O my good lord, when I was like this maid,",2894
Act V,Scene III,Helena,I found you wondrous kind. There is your ring;,2895
Act V,Scene III,Helena,"And, look you, here's your letter; this it says:",2896
Act V,Scene III,Helena,'When from my finger you can get this ring,2897
Act V,Scene III,Helena,"And are by me with child,'  &amp; c. This is done:",2898
Act V,Scene III,Helena,"Will you be mine, now you are doubly won?",2899
Act V,Scene III,Bertram,"If she, my liege, can make me know this clearly,",2900
Act V,Scene III,Bertram,"I'll love her dearly, ever, ever dearly.",2901
Act V,Scene III,Helena,"If it appear not plain and prove untrue,",2902
Act V,Scene III,Helena,Deadly divorce step between me and you!,2903
Act V,Scene III,Helena,"O my dear mother, do I see you living?",2904
Act V,Scene III,Lafeu,Mine eyes smell onions; I shall weep anon:,2905
Act V,Scene III,[stage direction],To PAROLLES,NA
Act V,Scene III,Lafeu,"Good Tom Drum, lend me a handkercher: so,",2906
Act V,Scene III,Lafeu,"I thank thee: wait on me home, I'll make sport with thee:",2907
Act V,Scene III,Lafeu,"Let thy courtesies alone, they are scurvy ones.",2908
Act V,Scene III,King,"Let us from point to point this story know,",2909
Act V,Scene III,King,To make the even truth in pleasure flow.,2910
Act V,Scene III,[stage direction],To DIANA,NA
Act V,Scene III,King,"If thou be'st yet a fresh uncropped flower,",2911
Act V,Scene III,King,"Choose thou thy husband, and I'll pay thy dower;",2912
Act V,Scene III,King,For I can guess that by thy honest aid,2913
Act V,Scene III,King,"Thou keep'st a wife herself, thyself a maid.",2914
Act V,Scene III,King,"Of that and all the progress, more or less,",2915
Act V,Scene III,King,Resolvedly more leisure shall express:,2916
Act V,Scene III,King,"All yet seems well; and if it end so meet,",2917
Act V,Scene III,King,"The bitter past, more welcome is the sweet.",2918
Act V,Scene III,[stage direction],Flourish,NA
Act V,Epilogue,King,"The king's a beggar, now the play is done:",2919
Act V,Epilogue,King,"All is well ended, if this suit be won,",2920
Act V,Epilogue,King,"That you express content; which we will pay,",2921
Act V,Epilogue,King,"With strife to please you, day exceeding day:",2922
Act V,Epilogue,King,"Ours be your patience then, and yours our parts;",2923
Act V,Epilogue,King,"Your gentle hands lend us, and take our hearts.",2924
Act V,Epilogue,[stage direction],Exeunt,NA
