act,scene,character,dialogue,line_number
Act I,Scene I,[stage direction],Enter ORLANDO and ADAM,NA
Act I,Scene I,Orlando,"As I remember, Adam, it was upon this fashion",1
Act I,Scene I,Orlando,"bequeathed me by will but poor a thousand crowns,",2
Act I,Scene I,Orlando,"and, as thou sayest, charged my brother, on his",3
Act I,Scene I,Orlando,"blessing, to breed me well: and there begins my",4
Act I,Scene I,Orlando,"sadness. My brother Jaques he keeps at school, and",5
Act I,Scene I,Orlando,"report speaks goldenly of his profit: for my part,",6
Act I,Scene I,Orlando,"he keeps me rustically at home, or, to speak more",7
Act I,Scene I,Orlando,"properly, stays me here at home unkept; for call you",8
Act I,Scene I,Orlando,"that keeping for a gentleman of my birth, that",9
Act I,Scene I,Orlando,differs not from the stalling of an ox? His horses,10
Act I,Scene I,Orlando,"are bred better; for, besides that they are fair",11
Act I,Scene I,Orlando,"with their feeding, they are taught their manage,",12
Act I,Scene I,Orlando,"and to that end riders dearly hired: but I, his",13
Act I,Scene I,Orlando,"brother, gain nothing under him but growth; for the",14
Act I,Scene I,Orlando,which his animals on his dunghills are as much,15
Act I,Scene I,Orlando,bound to him as I. Besides this nothing that he so,16
Act I,Scene I,Orlando,"plentifully gives me, the something that nature gave",17
Act I,Scene I,Orlando,me his countenance seems to take from me: he lets,18
Act I,Scene I,Orlando,"me feed with his hinds, bars me the place of a",19
Act I,Scene I,Orlando,"brother, and, as much as in him lies, mines my",20
Act I,Scene I,Orlando,"gentility with my education. This is it, Adam, that",21
Act I,Scene I,Orlando,"grieves me; and the spirit of my father, which I",22
Act I,Scene I,Orlando,"think is within me, begins to mutiny against this",23
Act I,Scene I,Orlando,"servitude: I will no longer endure it, though yet I",24
Act I,Scene I,Orlando,know no wise remedy how to avoid it.,25
Act I,Scene I,Adam,"Yonder comes my master, your brother.",26
Act I,Scene I,Orlando,"Go apart, Adam, and thou shalt hear how he will",27
Act I,Scene I,Orlando,shake me up.,28
Act I,Scene I,[stage direction],Enter OLIVER,NA
Act I,Scene I,Oliver,"Now, sir! what make you here?",29
Act I,Scene I,Orlando,Nothing: I am not taught to make any thing.,30
Act I,Scene I,Oliver,"What mar you then, sir?",31
Act I,Scene I,Orlando,"Marry, sir, I am helping you to mar that which God",32
Act I,Scene I,Orlando,"made, a poor unworthy brother of yours, with idleness.",33
Act I,Scene I,Oliver,"Marry, sir, be better employed, and be naught awhile.",34
Act I,Scene I,Orlando,Shall I keep your hogs and eat husks with them?,35
Act I,Scene I,Orlando,"What prodigal portion have I spent, that I should",36
Act I,Scene I,Orlando,come to such penury?,37
Act I,Scene I,Oliver,"Know you where your are, sir?",38
Act I,Scene I,Orlando,"O, sir, very well; here in your orchard.",39
Act I,Scene I,Oliver,"Know you before whom, sir?",40
Act I,Scene I,Orlando,"Ay, better than him I am before knows me. I know",41
Act I,Scene I,Orlando,"you are my eldest brother; and, in the gentle",42
Act I,Scene I,Orlando,"condition of blood, you should so know me. The",43
Act I,Scene I,Orlando,"courtesy of nations allows you my better, in that",44
Act I,Scene I,Orlando,you are the first-born; but the same tradition,45
Act I,Scene I,Orlando,"takes not away my blood, were there twenty brothers",46
Act I,Scene I,Orlando,betwixt us: I have as much of my father in me as,47
Act I,Scene I,Orlando,"you; albeit, I confess, your coming before me is",48
Act I,Scene I,Orlando,nearer to his reverence.,49
Act I,Scene I,Oliver,"What, boy!",50
Act I,Scene I,Orlando,"Come, come, elder brother, you are too young in this.",51
Act I,Scene I,Oliver,"Wilt thou lay hands on me, villain?",52
Act I,Scene I,Orlando,I am no villain; I am the youngest son of Sir,53
Act I,Scene I,Orlando,"Rowland de Boys; he was my father, and he is thrice",54
Act I,Scene I,Orlando,a villain that says such a father begot villains.,55
Act I,Scene I,Orlando,"Wert thou not my brother, I would not take this hand",56
Act I,Scene I,Orlando,from thy throat till this other had pulled out thy,57
Act I,Scene I,Orlando,tongue for saying so: thou hast railed on thyself.,58
Act I,Scene I,Adam,"Sweet masters, be patient: for your father's",59
Act I,Scene I,Adam,"remembrance, be at accord.",60
Act I,Scene I,Oliver,"Let me go, I say.",61
Act I,Scene I,Orlando,"I will not, till I please: you shall hear me. My",62
Act I,Scene I,Orlando,father charged you in his will to give me good,63
Act I,Scene I,Orlando,"education: you have trained me like a peasant,",64
Act I,Scene I,Orlando,obscuring and hiding from me all gentleman-like,65
Act I,Scene I,Orlando,qualities. The spirit of my father grows strong in,66
Act I,Scene I,Orlando,"me, and I will no longer endure it: therefore allow",67
Act I,Scene I,Orlando,"me such exercises as may become a gentleman, or",68
Act I,Scene I,Orlando,give me the poor allottery my father left me by,69
Act I,Scene I,Orlando,testament; with that I will go buy my fortunes.,70
Act I,Scene I,Oliver,"And what wilt thou do? beg, when that is spent?",71
Act I,Scene I,Oliver,"Well, sir, get you in: I will not long be troubled",72
Act I,Scene I,Oliver,with you; you shall have some part of your will: I,73
Act I,Scene I,Oliver,"pray you, leave me.",74
Act I,Scene I,Orlando,I will no further offend you than becomes me for my good.,75
Act I,Scene I,Oliver,"Get you with him, you old dog.",76
Act I,Scene I,Adam,"Is 'old dog' my reward? Most true, I have lost my",77
Act I,Scene I,Adam,teeth in your service. God be with my old master!,78
Act I,Scene I,Adam,he would not have spoke such a word.,79
Act I,Scene I,[stage direction],Exeunt ORLANDO and ADAM,NA
Act I,Scene I,Oliver,Is it even so? begin you to grow upon me? I will,80
Act I,Scene I,Oliver,"physic your rankness, and yet give no thousand",81
Act I,Scene I,Oliver,"crowns neither. Holla, Dennis!",82
Act I,Scene I,[stage direction],Enter DENNIS,NA
Act I,Scene I,Dennis,Calls your worship?,83
Act I,Scene I,Oliver,"Was not Charles, the duke's wrestler, here to speak with me?",84
Act I,Scene I,Dennis,"So please you, he is here at the door and importunes",85
Act I,Scene I,Dennis,access to you.,86
Act I,Scene I,Oliver,Call him in.,87
Act I,Scene I,[stage direction],Exit DENNIS,NA
Act I,Scene I,Oliver,'Twill be a good way; and to-morrow the wrestling is.,88
Act I,Scene I,[stage direction],Enter CHARLES,NA
Act I,Scene I,Charles,Good morrow to your worship.,89
Act I,Scene I,Oliver,"Good Monsieur Charles, what's the new news at the",90
Act I,Scene I,Oliver,new court?,91
Act I,Scene I,Charles,"There's no news at the court, sir, but the old news:",92
Act I,Scene I,Charles,"that is, the old duke is banished by his younger",93
Act I,Scene I,Charles,brother the new duke; and three or four loving lords,94
Act I,Scene I,Charles,"have put themselves into voluntary exile with him,",95
Act I,Scene I,Charles,whose lands and revenues enrich the new duke;,96
Act I,Scene I,Charles,therefore he gives them good leave to wander.,97
Act I,Scene I,Oliver,"Can you tell if Rosalind, the duke's daughter, be",98
Act I,Scene I,Oliver,banished with her father?,99
Act I,Scene I,Charles,"O, no; for the duke's daughter, her cousin, so loves",100
Act I,Scene I,Charles,"her, being ever from their cradles bred together,",101
Act I,Scene I,Charles,"that she would have followed her exile, or have died",102
Act I,Scene I,Charles,"to stay behind her. She is at the court, and no",103
Act I,Scene I,Charles,less beloved of her uncle than his own daughter; and,104
Act I,Scene I,Charles,never two ladies loved as they do.,105
Act I,Scene I,Oliver,Where will the old duke live?,106
Act I,Scene I,Charles,"They say he is already in the forest of Arden, and",107
Act I,Scene I,Charles,a many merry men with him; and there they live like,108
Act I,Scene I,Charles,the old Robin Hood of England: they say many young,109
Act I,Scene I,Charles,"gentlemen flock to him every day, and fleet the time",110
Act I,Scene I,Charles,"carelessly, as they did in the golden world.",111
Act I,Scene I,Oliver,"What, you wrestle to-morrow before the new duke?",112
Act I,Scene I,Charles,"Marry, do I, sir; and I came to acquaint you with a",113
Act I,Scene I,Charles,"matter. I am given, sir, secretly to understand",114
Act I,Scene I,Charles,that your younger brother Orlando hath a disposition,115
Act I,Scene I,Charles,to come in disguised against me to try a fall.,116
Act I,Scene I,Charles,"To-morrow, sir, I wrestle for my credit; and he that",117
Act I,Scene I,Charles,escapes me without some broken limb shall acquit him,118
Act I,Scene I,Charles,"well. Your brother is but young and tender; and,",119
Act I,Scene I,Charles,"for your love, I would be loath to foil him, as I",120
Act I,Scene I,Charles,"must, for my own honour, if he come in: therefore,",121
Act I,Scene I,Charles,"out of my love to you, I came hither to acquaint you",122
Act I,Scene I,Charles,"withal, that either you might stay him from his",123
Act I,Scene I,Charles,intendment or brook such disgrace well as he shall,124
Act I,Scene I,Charles,"run into, in that it is a thing of his own search",125
Act I,Scene I,Charles,and altogether against my will.,126
Act I,Scene I,Oliver,"Charles, I thank thee for thy love to me, which",127
Act I,Scene I,Oliver,thou shalt find I will most kindly requite. I had,128
Act I,Scene I,Oliver,myself notice of my brother's purpose herein and,129
Act I,Scene I,Oliver,have by underhand means laboured to dissuade him from,130
Act I,Scene I,Oliver,"it, but he is resolute. I'll tell thee, Charles:",131
Act I,Scene I,Oliver,"it is the stubbornest young fellow of France, full",132
Act I,Scene I,Oliver,"of ambition, an envious emulator of every man's",133
Act I,Scene I,Oliver,"good parts, a secret and villanous contriver against",134
Act I,Scene I,Oliver,me his natural brother: therefore use thy,135
Act I,Scene I,Oliver,discretion; I had as lief thou didst break his neck,136
Act I,Scene I,Oliver,as his finger. And thou wert best look to't; for if,137
Act I,Scene I,Oliver,thou dost him any slight disgrace or if he do not,138
Act I,Scene I,Oliver,"mightily grace himself on thee, he will practise",139
Act I,Scene I,Oliver,"against thee by poison, entrap thee by some",140
Act I,Scene I,Oliver,treacherous device and never leave thee till he,141
Act I,Scene I,Oliver,hath ta'en thy life by some indirect means or other;,142
Act I,Scene I,Oliver,"for, I assure thee, and almost with tears I speak",143
Act I,Scene I,Oliver,"it, there is not one so young and so villanous this",144
Act I,Scene I,Oliver,day living. I speak but brotherly of him; but,145
Act I,Scene I,Oliver,"should I anatomize him to thee as he is, I must",146
Act I,Scene I,Oliver,blush and weep and thou must look pale and wonder.,147
Act I,Scene I,Charles,I am heartily glad I came hither to you. If he come,148
Act I,Scene I,Charles,"to-morrow, I'll give him his payment: if ever he go",149
Act I,Scene I,Charles,"alone again, I'll never wrestle for prize more: and",150
Act I,Scene I,Charles,so God keep your worship!,151
Act I,Scene I,Oliver,"Farewell, good Charles.",152
Act I,Scene I,[stage direction],Exit CHARLES,NA
Act I,Scene I,Oliver,Now will I stir this gamester: I hope I shall see,153
Act I,Scene I,Oliver,"an end of him; for my soul, yet I know not why,",154
Act I,Scene I,Oliver,"hates nothing more than he. Yet he's gentle, never",155
Act I,Scene I,Oliver,"schooled and yet learned, full of noble device, of",156
Act I,Scene I,Oliver,"all sorts enchantingly beloved, and indeed so much",157
Act I,Scene I,Oliver,"in the heart of the world, and especially of my own",158
Act I,Scene I,Oliver,"people, who best know him, that I am altogether",159
Act I,Scene I,Oliver,misprised: but it shall not be so long; this,160
Act I,Scene I,Oliver,wrestler shall clear all: nothing remains but that,161
Act I,Scene I,Oliver,I kindle the boy thither; which now I'll go about.,162
Act I,Scene I,[stage direction],Exit,NA
Act I,Scene II,[stage direction],Enter CELIA and ROSALIND,NA
Act I,Scene II,Celia,"I pray thee, Rosalind, sweet my coz, be merry.",163
Act I,Scene II,Rosalind,"Dear Celia, I show more mirth than I am mistress of;",164
Act I,Scene II,Rosalind,and would you yet I were merrier? Unless you could,165
Act I,Scene II,Rosalind,"teach me to forget a banished father, you must not",166
Act I,Scene II,Rosalind,learn me how to remember any extraordinary pleasure.,167
Act I,Scene II,Celia,Herein I see thou lovest me not with the full weight,168
Act I,Scene II,Celia,"that I love thee. If my uncle, thy banished father,",169
Act I,Scene II,Celia,"had banished thy uncle, the duke my father, so thou",170
Act I,Scene II,Celia,"hadst been still with me, I could have taught my",171
Act I,Scene II,Celia,"love to take thy father for mine: so wouldst thou,",172
Act I,Scene II,Celia,if the truth of thy love to me were so righteously,173
Act I,Scene II,Celia,tempered as mine is to thee.,174
Act I,Scene II,Rosalind,"Well, I will forget the condition of my estate, to",175
Act I,Scene II,Rosalind,rejoice in yours.,176
Act I,Scene II,Celia,"You know my father hath no child but I, nor none is",177
Act I,Scene II,Celia,"like to have: and, truly, when he dies, thou shalt",178
Act I,Scene II,Celia,"be his heir, for what he hath taken away from thy",179
Act I,Scene II,Celia,"father perforce, I will render thee again in",180
Act I,Scene II,Celia,"affection; by mine honour, I will; and when I break",181
Act I,Scene II,Celia,"that oath, let me turn monster: therefore, my",182
Act I,Scene II,Celia,"sweet Rose, my dear Rose, be merry.",183
Act I,Scene II,Rosalind,"From henceforth I will, coz, and devise sports. Let",184
Act I,Scene II,Rosalind,me see; what think you of falling in love?,185
Act I,Scene II,Celia,"Marry, I prithee, do, to make sport withal: but",186
Act I,Scene II,Celia,love no man in good earnest; nor no further in sport,187
Act I,Scene II,Celia,neither than with safety of a pure blush thou mayst,188
Act I,Scene II,Celia,in honour come off again.,189
Act I,Scene II,Rosalind,"What shall be our sport, then?",190
Act I,Scene II,Celia,Let us sit and mock the good housewife Fortune from,191
Act I,Scene II,Celia,"her wheel, that her gifts may henceforth be bestowed equally.",192
Act I,Scene II,Rosalind,"I would we could do so, for her benefits are",193
Act I,Scene II,Rosalind,"mightily misplaced, and the bountiful blind woman",194
Act I,Scene II,Rosalind,doth most mistake in her gifts to women.,195
Act I,Scene II,Celia,'Tis true; for those that she makes fair she scarce,196
Act I,Scene II,Celia,"makes honest, and those that she makes honest she",197
Act I,Scene II,Celia,makes very ill-favouredly.,198
Act I,Scene II,Rosalind,"Nay, now thou goest from Fortune's office to",199
Act I,Scene II,Rosalind,"Nature's: Fortune reigns in gifts of the world,",200
Act I,Scene II,Rosalind,not in the lineaments of Nature.,201
Act I,Scene II,[stage direction],Enter TOUCHSTONE,NA
Act I,Scene II,Celia,"No? when Nature hath made a fair creature, may she",202
Act I,Scene II,Celia,not by Fortune fall into the fire? Though Nature,203
Act I,Scene II,Celia,"hath given us wit to flout at Fortune, hath not",204
Act I,Scene II,Celia,Fortune sent in this fool to cut off the argument?,205
Act I,Scene II,Rosalind,"Indeed, there is Fortune too hard for Nature, when",206
Act I,Scene II,Rosalind,Fortune makes Nature's natural the cutter-off of,207
Act I,Scene II,Rosalind,Nature's wit.,208
Act I,Scene II,Celia,"Peradventure this is not Fortune's work neither, but",209
Act I,Scene II,Celia,Nature's; who perceiveth our natural wits too dull,210
Act I,Scene II,Celia,to reason of such goddesses and hath sent this,211
Act I,Scene II,Celia,natural for our whetstone; for always the dulness of,212
Act I,Scene II,Celia,"the fool is the whetstone of the wits. How now,",213
Act I,Scene II,Celia,wit! whither wander you?,214
Act I,Scene II,Touchstone,"Mistress, you must come away to your father.",215
Act I,Scene II,Celia,Were you made the messenger?,216
Act I,Scene II,Touchstone,"No, by mine honour, but I was bid to come for you.",217
Act I,Scene II,Rosalind,"Where learned you that oath, fool?",218
Act I,Scene II,Touchstone,Of a certain knight that swore by his honour they,219
Act I,Scene II,Touchstone,were good pancakes and swore by his honour the,220
Act I,Scene II,Touchstone,"mustard was naught: now I'll stand to it, the",221
Act I,Scene II,Touchstone,"pancakes were naught and the mustard was good, and",222
Act I,Scene II,Touchstone,yet was not the knight forsworn.,223
Act I,Scene II,Celia,"How prove you that, in the great heap of your",224
Act I,Scene II,Celia,knowledge?,225
Act I,Scene II,Rosalind,"Ay, marry, now unmuzzle your wisdom.",226
Act I,Scene II,Touchstone,"Stand you both forth now: stroke your chins, and",227
Act I,Scene II,Touchstone,swear by your beards that I am a knave.,228
Act I,Scene II,Celia,"By our beards, if we had them, thou art.",229
Act I,Scene II,Touchstone,"By my knavery, if I had it, then I were; but if you",230
Act I,Scene II,Touchstone,"swear by that that is not, you are not forsworn: no",231
Act I,Scene II,Touchstone,"more was this knight swearing by his honour, for he",232
Act I,Scene II,Touchstone,"never had any; or if he had, he had sworn it away",233
Act I,Scene II,Touchstone,before ever he saw those pancakes or that mustard.,234
Act I,Scene II,Celia,"Prithee, who is't that thou meanest?",235
Act I,Scene II,Touchstone,"One that old Frederick, your father, loves.",236
Act I,Scene II,Celia,My father's love is enough to honour him: enough!,237
Act I,Scene II,Celia,speak no more of him; you'll be whipped for taxation,238
Act I,Scene II,Celia,one of these days.,239
Act I,Scene II,Touchstone,"The more pity, that fools may not speak wisely what",240
Act I,Scene II,Touchstone,wise men do foolishly.,241
Act I,Scene II,Celia,"By my troth, thou sayest true; for since the little",242
Act I,Scene II,Celia,"wit that fools have was silenced, the little foolery",243
Act I,Scene II,Celia,that wise men have makes a great show. Here comes,244
Act I,Scene II,Celia,Monsieur Le Beau.,245
Act I,Scene II,Rosalind,With his mouth full of news.,246
Act I,Scene II,Celia,"Which he will put on us, as pigeons feed their young.",247
Act I,Scene II,Rosalind,Then shall we be news-crammed.,248
Act I,Scene II,Celia,All the better; we shall be the more marketable.,249
Act I,Scene II,[stage direction],Enter LE BEAU,NA
Act I,Scene II,Celia,"Bon jour, Monsieur Le Beau: what's the news?",250
Act I,Scene II,Le Beau,"Fair princess, you have lost much good sport.",251
Act I,Scene II,Celia,Sport! of what colour?,252
Act I,Scene II,Le Beau,"What colour, madam! how shall I answer you?",253
Act I,Scene II,Rosalind,As wit and fortune will.,254
Act I,Scene II,Touchstone,Or as the Destinies decree.,255
Act I,Scene II,Celia,Well said: that was laid on with a trowel.,256
Act I,Scene II,Touchstone,"Nay, if I keep not my rank,--",257
Act I,Scene II,Rosalind,Thou losest thy old smell.,258
Act I,Scene II,Le Beau,"You amaze me, ladies: I would have told you of good",259
Act I,Scene II,Le Beau,"wrestling, which you have lost the sight of.",260
Act I,Scene II,Rosalind,You tell us the manner of the wrestling.,261
Act I,Scene II,Le Beau,"I will tell you the beginning; and, if it please",262
Act I,Scene II,Le Beau,"your ladyships, you may see the end; for the best is",263
Act I,Scene II,Le Beau,"yet to do; and here, where you are, they are coming",264
Act I,Scene II,Le Beau,to perform it.,265
Act I,Scene II,Celia,"Well, the beginning, that is dead and buried.",266
Act I,Scene II,Le Beau,"There comes an old man and his three sons,--",267
Act I,Scene II,Celia,I could match this beginning with an old tale.,268
Act I,Scene II,Le Beau,"Three proper young men, of excellent growth and presence.",269
Act I,Scene II,Rosalind,"With bills on their necks, 'Be it known unto all men",270
Act I,Scene II,Rosalind,by these presents.',271
Act I,Scene II,Le Beau,"The eldest of the three wrestled with Charles, the",272
Act I,Scene II,Le Beau,duke's wrestler; which Charles in a moment threw him,273
Act I,Scene II,Le Beau,"and broke three of his ribs, that there is little",274
Act I,Scene II,Le Beau,"hope of life in him: so he served the second, and",275
Act I,Scene II,Le Beau,"so the third. Yonder they lie; the poor old man,",276
Act I,Scene II,Le Beau,"their father, making such pitiful dole over them",277
Act I,Scene II,Le Beau,that all the beholders take his part with weeping.,278
Act I,Scene II,Rosalind,Alas!,279
Act I,Scene II,Touchstone,"But what is the sport, monsieur, that the ladies",280
Act I,Scene II,Touchstone,have lost?,281
Act I,Scene II,Le Beau,"Why, this that I speak of.",282
Act I,Scene II,Touchstone,Thus men may grow wiser every day: it is the first,283
Act I,Scene II,Touchstone,time that ever I heard breaking of ribs was sport,284
Act I,Scene II,Touchstone,for ladies.,285
Act I,Scene II,Celia,"Or I, I promise thee.",286
Act I,Scene II,Rosalind,But is there any else longs to see this broken music,287
Act I,Scene II,Rosalind,in his sides? is there yet another dotes upon,288
Act I,Scene II,Rosalind,"rib-breaking? Shall we see this wrestling, cousin?",289
Act I,Scene II,Le Beau,"You must, if you stay here; for here is the place",290
Act I,Scene II,Le Beau,"appointed for the wrestling, and they are ready to",291
Act I,Scene II,Le Beau,perform it.,292
Act I,Scene II,Celia,"Yonder, sure, they are coming: let us now stay and see it.",293
Act I,Scene II,[stage direction],"Flourish. Enter DUKE FREDERICK, Lords, ORLANDO, CHARLES, and Attendants",NA
Act I,Scene II,Duke Frederick,"Come on: since the youth will not be entreated, his",294
Act I,Scene II,Duke Frederick,own peril on his forwardness.,295
Act I,Scene II,Rosalind,Is yonder the man?,296
Act I,Scene II,Le Beau,"Even he, madam.",297
Act I,Scene II,Celia,"Alas, he is too young! yet he looks successfully.",298
Act I,Scene II,Duke Frederick,"How now, daughter and cousin! are you crept hither",299
Act I,Scene II,Duke Frederick,to see the wrestling?,300
Act I,Scene II,Rosalind,"Ay, my liege, so please you give us leave.",301
Act I,Scene II,Duke Frederick,"You will take little delight in it, I can tell you;",302
Act I,Scene II,Duke Frederick,there is such odds in the man. In pity of the,303
Act I,Scene II,Duke Frederick,"challenger's youth I would fain dissuade him, but he",304
Act I,Scene II,Duke Frederick,"will not be entreated. Speak to him, ladies; see if",305
Act I,Scene II,Duke Frederick,you can move him.,306
Act I,Scene II,Celia,"Call him hither, good Monsieur Le Beau.",307
Act I,Scene II,Duke Frederick,Do so: I'll not be by.,308
Act I,Scene II,Le Beau,"Monsieur the challenger, the princesses call for you.",309
Act I,Scene II,Orlando,I attend them with all respect and duty.,310
Act I,Scene II,Rosalind,"Young man, have you challenged Charles the wrestler?",311
Act I,Scene II,Orlando,"No, fair princess; he is the general challenger: I",312
Act I,Scene II,Orlando,"come but in, as others do, to try with him the",313
Act I,Scene II,Orlando,strength of my youth.,314
Act I,Scene II,Celia,"Young gentleman, your spirits are too bold for your",315
Act I,Scene II,Celia,years. You have seen cruel proof of this man's,316
Act I,Scene II,Celia,strength: if you saw yourself with your eyes or,317
Act I,Scene II,Celia,"knew yourself with your judgment, the fear of your",318
Act I,Scene II,Celia,adventure would counsel you to a more equal,319
Act I,Scene II,Celia,"enterprise. We pray you, for your own sake, to",320
Act I,Scene II,Celia,embrace your own safety and give over this attempt.,321
Act I,Scene II,Rosalind,"Do, young sir; your reputation shall not therefore",322
Act I,Scene II,Rosalind,be misprised: we will make it our suit to the duke,323
Act I,Scene II,Rosalind,that the wrestling might not go forward.,324
Act I,Scene II,Orlando,"I beseech you, punish me not with your hard",325
Act I,Scene II,Orlando,"thoughts; wherein I confess me much guilty, to deny",326
Act I,Scene II,Orlando,so fair and excellent ladies any thing. But let,327
Act I,Scene II,Orlando,your fair eyes and gentle wishes go with me to my,328
Act I,Scene II,Orlando,"trial: wherein if I be foiled, there is but one",329
Act I,Scene II,Orlando,"shamed that was never gracious; if killed, but one",330
Act I,Scene II,Orlando,dead that was willing to be so: I shall do my,331
Act I,Scene II,Orlando,"friends no wrong, for I have none to lament me, the",332
Act I,Scene II,Orlando,"world no injury, for in it I have nothing; only in",333
Act I,Scene II,Orlando,"the world I fill up a place, which may be better",334
Act I,Scene II,Orlando,supplied when I have made it empty.,335
Act I,Scene II,Rosalind,"The little strength that I have, I would it were with you.",336
Act I,Scene II,Celia,"And mine, to eke out hers.",337
Act I,Scene II,Rosalind,Fare you well: pray heaven I be deceived in you!,338
Act I,Scene II,Celia,Your heart's desires be with you!,339
Act I,Scene II,Charles,"Come, where is this young gallant that is so",340
Act I,Scene II,Charles,desirous to lie with his mother earth?,341
Act I,Scene II,Orlando,"Ready, sir; but his will hath in it a more modest working.",342
Act I,Scene II,Duke Frederick,You shall try but one fall.,343
Act I,Scene II,Charles,"No, I warrant your grace, you shall not entreat him",344
Act I,Scene II,Charles,"to a second, that have so mightily persuaded him",345
Act I,Scene II,Charles,from a first.,346
Act I,Scene II,Orlando,"An you mean to mock me after, you should not have",347
Act I,Scene II,Orlando,mocked me before: but come your ways.,348
Act I,Scene II,Rosalind,"Now Hercules be thy speed, young man!",349
Act I,Scene II,Celia,"I would I were invisible, to catch the strong",350
Act I,Scene II,Celia,fellow by the leg.,351
Act I,Scene II,[stage direction],They wrestle,NA
Act I,Scene II,Rosalind,O excellent young man!,352
Act I,Scene II,Celia,"If I had a thunderbolt in mine eye, I can tell who",353
Act I,Scene II,Celia,should down.,354
Act I,Scene II,[stage direction],Shout. CHARLES is thrown,NA
Act I,Scene II,Duke Frederick,"No more, no more.",355
Act I,Scene II,Orlando,"Yes, I beseech your grace: I am not yet well breathed.",356
Act I,Scene II,Duke Frederick,"How dost thou, Charles?",357
Act I,Scene II,Le Beau,"He cannot speak, my lord.",358
Act I,Scene II,Duke Frederick,"Bear him away. What is thy name, young man?",359
Act I,Scene II,Orlando,"Orlando, my liege; the youngest son of Sir Rowland de Boys.",360
Act I,Scene II,Duke Frederick,I would thou hadst been son to some man else:,361
Act I,Scene II,Duke Frederick,"The world esteem'd thy father honourable,",362
Act I,Scene II,Duke Frederick,But I did find him still mine enemy:,363
Act I,Scene II,Duke Frederick,"Thou shouldst have better pleased me with this deed,",364
Act I,Scene II,Duke Frederick,Hadst thou descended from another house.,365
Act I,Scene II,Duke Frederick,But fare thee well; thou art a gallant youth:,366
Act I,Scene II,Duke Frederick,I would thou hadst told me of another father.,367
Act I,Scene II,[stage direction],"Exeunt DUKE FREDERICK, train, and LE BEAU",NA
Act I,Scene II,Celia,"Were I my father, coz, would I do this?",368
Act I,Scene II,Orlando,"I am more proud to be Sir Rowland's son,",369
Act I,Scene II,Orlando,"His youngest son; and would not change that calling,",370
Act I,Scene II,Orlando,To be adopted heir to Frederick.,371
Act I,Scene II,Rosalind,"My father loved Sir Rowland as his soul,",372
Act I,Scene II,Rosalind,And all the world was of my father's mind:,373
Act I,Scene II,Rosalind,"Had I before known this young man his son,",374
Act I,Scene II,Rosalind,"I should have given him tears unto entreaties,",375
Act I,Scene II,Rosalind,Ere he should thus have ventured.,376
Act I,Scene II,Celia,"Gentle cousin,",377
Act I,Scene II,Celia,Let us go thank him and encourage him:,378
Act I,Scene II,Celia,My father's rough and envious disposition,379
Act I,Scene II,Celia,"Sticks me at heart. Sir, you have well deserved:",380
Act I,Scene II,Celia,If you do keep your promises in love,381
Act I,Scene II,Celia,"But justly, as you have exceeded all promise,",382
Act I,Scene II,Celia,Your mistress shall be happy.,383
Act I,Scene II,Rosalind,"Gentleman,",384
Act I,Scene II,[stage direction],Giving him a chain from her neck,NA
Act I,Scene II,Rosalind,"Wear this for me, one out of suits with fortune,",385
Act I,Scene II,Rosalind,"That could give more, but that her hand lacks means.",386
Act I,Scene II,Rosalind,"Shall we go, coz?",387
Act I,Scene II,Celia,"Ay. Fare you well, fair gentleman.",388
Act I,Scene II,Orlando,"Can I not say, I thank you? My better parts",389
Act I,Scene II,Orlando,"Are all thrown down, and that which here stands up",390
Act I,Scene II,Orlando,"Is but a quintain, a mere lifeless block.",391
Act I,Scene II,Rosalind,He calls us back: my pride fell with my fortunes;,392
Act I,Scene II,Rosalind,"I'll ask him what he would. Did you call, sir?",393
Act I,Scene II,Rosalind,"Sir, you have wrestled well and overthrown",394
Act I,Scene II,Rosalind,More than your enemies.,395
Act I,Scene II,Celia,"Will you go, coz?",396
Act I,Scene II,Rosalind,Have with you. Fare you well.,397
Act I,Scene II,[stage direction],Exeunt ROSALIND and CELIA,NA
Act I,Scene II,Orlando,What passion hangs these weights upon my tongue?,398
Act I,Scene II,Orlando,"I cannot speak to her, yet she urged conference.",399
Act I,Scene II,Orlando,"O poor Orlando, thou art overthrown!",400
Act I,Scene II,Orlando,Or Charles or something weaker masters thee.,401
Act I,Scene II,[stage direction],Re-enter LE BEAU,NA
Act I,Scene II,Le Beau,"Good sir, I do in friendship counsel you",402
Act I,Scene II,Le Beau,To leave this place. Albeit you have deserved,403
Act I,Scene II,Le Beau,"High commendation, true applause and love,",404
Act I,Scene II,Le Beau,Yet such is now the duke's condition,405
Act I,Scene II,Le Beau,That he misconstrues all that you have done.,406
Act I,Scene II,Le Beau,"The duke is humorous; what he is indeed,",407
Act I,Scene II,Le Beau,More suits you to conceive than I to speak of.,408
Act I,Scene II,Orlando,"I thank you, sir: and, pray you, tell me this:",409
Act I,Scene II,Orlando,Which of the two was daughter of the duke,410
Act I,Scene II,Orlando,That here was at the wrestling?,411
Act I,Scene II,Le Beau,"Neither his daughter, if we judge by manners;",412
Act I,Scene II,Le Beau,But yet indeed the lesser is his daughter,413
Act I,Scene II,Le Beau,"The other is daughter to the banish'd duke,",414
Act I,Scene II,Le Beau,"And here detain'd by her usurping uncle,",415
Act I,Scene II,Le Beau,To keep his daughter company; whose loves,416
Act I,Scene II,Le Beau,Are dearer than the natural bond of sisters.,417
Act I,Scene II,Le Beau,But I can tell you that of late this duke,418
Act I,Scene II,Le Beau,"Hath ta'en displeasure 'gainst his gentle niece,",419
Act I,Scene II,Le Beau,Grounded upon no other argument,420
Act I,Scene II,Le Beau,But that the people praise her for her virtues,421
Act I,Scene II,Le Beau,And pity her for her good father's sake;,422
Act I,Scene II,Le Beau,"And, on my life, his malice 'gainst the lady",423
Act I,Scene II,Le Beau,"Will suddenly break forth. Sir, fare you well:",424
Act I,Scene II,Le Beau,"Hereafter, in a better world than this,",425
Act I,Scene II,Le Beau,I shall desire more love and knowledge of you.,426
Act I,Scene II,Orlando,I rest much bounden to you: fare you well.,427
Act I,Scene II,[stage direction],Exit LE BEAU,NA
Act I,Scene II,Orlando,Thus must I from the smoke into the smother;,428
Act I,Scene II,Orlando,From tyrant duke unto a tyrant brother:,429
Act I,Scene II,Orlando,But heavenly Rosalind!,430
Act I,Scene II,[stage direction],Exit,NA
Act I,Scene III,[stage direction],Enter CELIA and ROSALIND,NA
Act I,Scene III,Celia,"Why, cousin! why, Rosalind! Cupid have mercy! not a word?",431
Act I,Scene III,Rosalind,Not one to throw at a dog.,432
Act I,Scene III,Celia,"No, thy words are too precious to be cast away upon",433
Act I,Scene III,Celia,"curs; throw some of them at me; come, lame me with reasons.",434
Act I,Scene III,Rosalind,Then there were two cousins laid up; when the one,435
Act I,Scene III,Rosalind,should be lamed with reasons and the other mad,436
Act I,Scene III,Rosalind,without any.,437
Act I,Scene III,Celia,But is all this for your father?,438
Act I,Scene III,Rosalind,"No, some of it is for my child's father. O, how",439
Act I,Scene III,Rosalind,full of briers is this working-day world!,440
Act I,Scene III,Celia,"They are but burs, cousin, thrown upon thee in",441
Act I,Scene III,Celia,holiday foolery: if we walk not in the trodden,442
Act I,Scene III,Celia,paths our very petticoats will catch them.,443
Act I,Scene III,Rosalind,I could shake them off my coat: these burs are in my heart.,444
Act I,Scene III,Celia,Hem them away.,445
Act I,Scene III,Rosalind,"I would try, if I could cry 'hem' and have him.",446
Act I,Scene III,Celia,"Come, come, wrestle with thy affections.",447
Act I,Scene III,Rosalind,"O, they take the part of a better wrestler than myself!",448
Act I,Scene III,Celia,"O, a good wish upon you! you will try in time, in",449
Act I,Scene III,Celia,"despite of a fall. But, turning these jests out of",450
Act I,Scene III,Celia,"service, let us talk in good earnest: is it",451
Act I,Scene III,Celia,"possible, on such a sudden, you should fall into so",452
Act I,Scene III,Celia,strong a liking with old Sir Rowland's youngest son?,453
Act I,Scene III,Rosalind,The duke my father loved his father dearly.,454
Act I,Scene III,Celia,Doth it therefore ensue that you should love his son,455
Act I,Scene III,Celia,"dearly? By this kind of chase, I should hate him,",456
Act I,Scene III,Celia,for my father hated his father dearly; yet I hate,457
Act I,Scene III,Celia,not Orlando.,458
Act I,Scene III,Rosalind,"No, faith, hate him not, for my sake.",459
Act I,Scene III,Celia,Why should I not? doth he not deserve well?,460
Act I,Scene III,Rosalind,"Let me love him for that, and do you love him",461
Act I,Scene III,Rosalind,"because I do. Look, here comes the duke.",462
Act I,Scene III,Celia,With his eyes full of anger.,463
Act I,Scene III,[stage direction],"Enter DUKE FREDERICK, with Lords",NA
Act I,Scene III,Duke Frederick,"Mistress, dispatch you with your safest haste",464
Act I,Scene III,Duke Frederick,And get you from our court.,465
Act I,Scene III,Rosalind,"Me, uncle?",466
Act I,Scene III,Duke Frederick,"You, cousin",467
Act I,Scene III,Duke Frederick,Within these ten days if that thou be'st found,468
Act I,Scene III,Duke Frederick,"So near our public court as twenty miles,",469
Act I,Scene III,Duke Frederick,Thou diest for it.,470
Act I,Scene III,Rosalind,"I do beseech your grace,",471
Act I,Scene III,Rosalind,Let me the knowledge of my fault bear with me:,472
Act I,Scene III,Rosalind,If with myself I hold intelligence,473
Act I,Scene III,Rosalind,"Or have acquaintance with mine own desires,",474
Act I,Scene III,Rosalind,"If that I do not dream or be not frantic,--",475
Act I,Scene III,Rosalind,"As I do trust I am not--then, dear uncle,",476
Act I,Scene III,Rosalind,Never so much as in a thought unborn,477
Act I,Scene III,Rosalind,Did I offend your highness.,478
Act I,Scene III,Duke Frederick,Thus do all traitors:,479
Act I,Scene III,Duke Frederick,"If their purgation did consist in words,",480
Act I,Scene III,Duke Frederick,They are as innocent as grace itself:,481
Act I,Scene III,Duke Frederick,Let it suffice thee that I trust thee not.,482
Act I,Scene III,Rosalind,Yet your mistrust cannot make me a traitor:,483
Act I,Scene III,Rosalind,Tell me whereon the likelihood depends.,484
Act I,Scene III,Duke Frederick,Thou art thy father's daughter; there's enough.,485
Act I,Scene III,Rosalind,So was I when your highness took his dukedom;,486
Act I,Scene III,Rosalind,So was I when your highness banish'd him:,487
Act I,Scene III,Rosalind,"Treason is not inherited, my lord;",488
Act I,Scene III,Rosalind,"Or, if we did derive it from our friends,",489
Act I,Scene III,Rosalind,What's that to me? my father was no traitor:,490
Act I,Scene III,Rosalind,"Then, good my liege, mistake me not so much",491
Act I,Scene III,Rosalind,To think my poverty is treacherous.,492
Act I,Scene III,Celia,"Dear sovereign, hear me speak.",493
Act I,Scene III,Duke Frederick,"Ay, Celia; we stay'd her for your sake,",494
Act I,Scene III,Duke Frederick,Else had she with her father ranged along.,495
Act I,Scene III,Celia,I did not then entreat to have her stay;,496
Act I,Scene III,Celia,It was your pleasure and your own remorse:,497
Act I,Scene III,Celia,I was too young that time to value her;,498
Act I,Scene III,Celia,"But now I know her: if she be a traitor,",499
Act I,Scene III,Celia,"Why so am I; we still have slept together,",500
Act I,Scene III,Celia,"Rose at an instant, learn'd, play'd, eat together,",501
Act I,Scene III,Celia,"And wheresoever we went, like Juno's swans,",502
Act I,Scene III,Celia,Still we went coupled and inseparable.,503
Act I,Scene III,Duke Frederick,"She is too subtle for thee; and her smoothness,",504
Act I,Scene III,Duke Frederick,Her very silence and her patience,505
Act I,Scene III,Duke Frederick,"Speak to the people, and they pity her.",506
Act I,Scene III,Duke Frederick,Thou art a fool: she robs thee of thy name;,507
Act I,Scene III,Duke Frederick,And thou wilt show more bright and seem more virtuous,508
Act I,Scene III,Duke Frederick,When she is gone. Then open not thy lips:,509
Act I,Scene III,Duke Frederick,Firm and irrevocable is my doom,510
Act I,Scene III,Duke Frederick,Which I have pass'd upon her; she is banish'd.,511
Act I,Scene III,Celia,"Pronounce that sentence then on me, my liege:",512
Act I,Scene III,Celia,I cannot live out of her company.,513
Act I,Scene III,Duke Frederick,"You are a fool. You, niece, provide yourself:",514
Act I,Scene III,Duke Frederick,"If you outstay the time, upon mine honour,",515
Act I,Scene III,Duke Frederick,"And in the greatness of my word, you die.",516
Act I,Scene III,[stage direction],Exeunt DUKE FREDERICK and Lords,NA
Act I,Scene III,Celia,"O my poor Rosalind, whither wilt thou go?",517
Act I,Scene III,Celia,Wilt thou change fathers? I will give thee mine.,518
Act I,Scene III,Celia,"I charge thee, be not thou more grieved than I am.",519
Act I,Scene III,Rosalind,I have more cause.,520
Act I,Scene III,Celia,"Thou hast not, cousin;",521
Act I,Scene III,Celia,"Prithee be cheerful: know'st thou not, the duke",522
Act I,Scene III,Celia,"Hath banish'd me, his daughter?",523
Act I,Scene III,Rosalind,That he hath not.,524
Act I,Scene III,Celia,"No, hath not? Rosalind lacks then the love",525
Act I,Scene III,Celia,Which teacheth thee that thou and I am one:,526
Act I,Scene III,Celia,"Shall we be sunder'd? shall we part, sweet girl?",527
Act I,Scene III,Celia,No: let my father seek another heir.,528
Act I,Scene III,Celia,"Therefore devise with me how we may fly,",529
Act I,Scene III,Celia,Whither to go and what to bear with us;,530
Act I,Scene III,Celia,"And do not seek to take your change upon you,",531
Act I,Scene III,Celia,To bear your griefs yourself and leave me out;,532
Act I,Scene III,Celia,"For, by this heaven, now at our sorrows pale,",533
Act I,Scene III,Celia,"Say what thou canst, I'll go along with thee.",534
Act I,Scene III,Rosalind,"Why, whither shall we go?",535
Act I,Scene III,Celia,To seek my uncle in the forest of Arden.,536
Act I,Scene III,Rosalind,"Alas, what danger will it be to us,",537
Act I,Scene III,Rosalind,"Maids as we are, to travel forth so far!",538
Act I,Scene III,Rosalind,Beauty provoketh thieves sooner than gold.,539
Act I,Scene III,Celia,I'll put myself in poor and mean attire,540
Act I,Scene III,Celia,And with a kind of umber smirch my face;,541
Act I,Scene III,Celia,The like do you: so shall we pass along,542
Act I,Scene III,Celia,And never stir assailants.,543
Act I,Scene III,Rosalind,"Were it not better,",544
Act I,Scene III,Rosalind,"Because that I am more than common tall,",545
Act I,Scene III,Rosalind,That I did suit me all points like a man?,546
Act I,Scene III,Rosalind,"A gallant curtle-axe upon my thigh,",547
Act I,Scene III,Rosalind,A boar-spear in my hand; and--in my heart,548
Act I,Scene III,Rosalind,Lie there what hidden woman's fear there will--,549
Act I,Scene III,Rosalind,"We'll have a swashing and a martial outside,",550
Act I,Scene III,Rosalind,As many other mannish cowards have,551
Act I,Scene III,Rosalind,That do outface it with their semblances.,552
Act I,Scene III,Celia,What shall I call thee when thou art a man?,553
Act I,Scene III,Rosalind,I'll have no worse a name than Jove's own page;,554
Act I,Scene III,Rosalind,And therefore look you call me Ganymede.,555
Act I,Scene III,Rosalind,But what will you be call'd?,556
Act I,Scene III,Celia,Something that hath a reference to my state,557
Act I,Scene III,Celia,"No longer Celia, but Aliena.",558
Act I,Scene III,Rosalind,"But, cousin, what if we assay'd to steal",559
Act I,Scene III,Rosalind,The clownish fool out of your father's court?,560
Act I,Scene III,Rosalind,Would he not be a comfort to our travel?,561
Act I,Scene III,Celia,He'll go along o'er the wide world with me;,562
Act I,Scene III,Celia,"Leave me alone to woo him. Let's away,",563
Act I,Scene III,Celia,"And get our jewels and our wealth together,",564
Act I,Scene III,Celia,Devise the fittest time and safest way,565
Act I,Scene III,Celia,To hide us from pursuit that will be made,566
Act I,Scene III,Celia,After my flight. Now go we in content,567
Act I,Scene III,Celia,To liberty and not to banishment.,568
Act I,Scene III,[stage direction],Exeunt,NA
Act II,Scene I,[stage direction],"Enter DUKE SENIOR, AMIENS, and two or three Lords, like foresters",NA
Act II,Scene I,Duke Senior,"Now, my co-mates and brothers in exile,",569
Act II,Scene I,Duke Senior,Hath not old custom made this life more sweet,570
Act II,Scene I,Duke Senior,Than that of painted pomp? Are not these woods,571
Act II,Scene I,Duke Senior,More free from peril than the envious court?,572
Act II,Scene I,Duke Senior,"Here feel we but the penalty of Adam,",573
Act II,Scene I,Duke Senior,"The seasons' difference, as the icy fang",574
Act II,Scene I,Duke Senior,"And churlish chiding of the winter's wind,",575
Act II,Scene I,Duke Senior,"Which, when it bites and blows upon my body,",576
Act II,Scene I,Duke Senior,"Even till I shrink with cold, I smile and say",577
Act II,Scene I,Duke Senior,'This is no flattery: these are counsellors,578
Act II,Scene I,Duke Senior,That feelingly persuade me what I am.',579
Act II,Scene I,Duke Senior,"Sweet are the uses of adversity,",580
Act II,Scene I,Duke Senior,"Which, like the toad, ugly and venomous,",581
Act II,Scene I,Duke Senior,Wears yet a precious jewel in his head;,582
Act II,Scene I,Duke Senior,And this our life exempt from public haunt,583
Act II,Scene I,Duke Senior,"Finds tongues in trees, books in the running brooks,",584
Act II,Scene I,Duke Senior,Sermons in stones and good in every thing.,585
Act II,Scene I,Duke Senior,I would not change it.,586
Act II,Scene I,Amiens,"Happy is your grace,",587
Act II,Scene I,Amiens,That can translate the stubbornness of fortune,588
Act II,Scene I,Amiens,Into so quiet and so sweet a style.,589
Act II,Scene I,Duke Senior,"Come, shall we go and kill us venison?",590
Act II,Scene I,Duke Senior,"And yet it irks me the poor dappled fools,",591
Act II,Scene I,Duke Senior,"Being native burghers of this desert city,",592
Act II,Scene I,Duke Senior,Should in their own confines with forked heads,593
Act II,Scene I,Duke Senior,Have their round haunches gored.,594
Act II,Scene I,First Lord,"Indeed, my lord,",595
Act II,Scene I,First Lord,"The melancholy Jaques grieves at that,",596
Act II,Scene I,First Lord,"And, in that kind, swears you do more usurp",597
Act II,Scene I,First Lord,Than doth your brother that hath banish'd you.,598
Act II,Scene I,First Lord,To-day my Lord of Amiens and myself,599
Act II,Scene I,First Lord,Did steal behind him as he lay along,600
Act II,Scene I,First Lord,Under an oak whose antique root peeps out,601
Act II,Scene I,First Lord,Upon the brook that brawls along this wood:,602
Act II,Scene I,First Lord,"To the which place a poor sequester'd stag,",603
Act II,Scene I,First Lord,"That from the hunter's aim had ta'en a hurt,",604
Act II,Scene I,First Lord,"Did come to languish, and indeed, my lord,",605
Act II,Scene I,First Lord,The wretched animal heaved forth such groans,606
Act II,Scene I,First Lord,That their discharge did stretch his leathern coat,607
Act II,Scene I,First Lord,"Almost to bursting, and the big round tears",608
Act II,Scene I,First Lord,Coursed one another down his innocent nose,609
Act II,Scene I,First Lord,In piteous chase; and thus the hairy fool,610
Act II,Scene I,First Lord,"Much marked of the melancholy Jaques,",611
Act II,Scene I,First Lord,"Stood on the extremest verge of the swift brook,",612
Act II,Scene I,First Lord,Augmenting it with tears.,613
Act II,Scene I,Duke Senior,But what said Jaques?,614
Act II,Scene I,Duke Senior,Did he not moralize this spectacle?,615
Act II,Scene I,First Lord,"O, yes, into a thousand similes.",616
Act II,Scene I,First Lord,"First, for his weeping into the needless stream;",617
Act II,Scene I,First Lord,"'Poor deer,' quoth he, 'thou makest a testament",618
Act II,Scene I,First Lord,"As worldlings do, giving thy sum of more",619
Act II,Scene I,First Lord,"To that which had too much:' then, being there alone,",620
Act II,Scene I,First Lord,"Left and abandon'd of his velvet friends,",621
Act II,Scene I,First Lord,''Tis right:' quoth he; 'thus misery doth part,622
Act II,Scene I,First Lord,"The flux of company:' anon a careless herd,",623
Act II,Scene I,First Lord,"Full of the pasture, jumps along by him",624
Act II,Scene I,First Lord,"And never stays to greet him; 'Ay' quoth Jaques,",625
Act II,Scene I,First Lord,"'Sweep on, you fat and greasy citizens;",626
Act II,Scene I,First Lord,'Tis just the fashion: wherefore do you look,627
Act II,Scene I,First Lord,Upon that poor and broken bankrupt there?',628
Act II,Scene I,First Lord,Thus most invectively he pierceth through,629
Act II,Scene I,First Lord,"The body of the country, city, court,",630
Act II,Scene I,First Lord,"Yea, and of this our life, swearing that we",631
Act II,Scene I,First Lord,"Are mere usurpers, tyrants and what's worse,",632
Act II,Scene I,First Lord,To fright the animals and to kill them up,633
Act II,Scene I,First Lord,In their assign'd and native dwelling-place.,634
Act II,Scene I,Duke Senior,And did you leave him in this contemplation?,635
Act II,Scene I,Second Lord,"We did, my lord, weeping and commenting",636
Act II,Scene I,Second Lord,Upon the sobbing deer.,637
Act II,Scene I,Duke Senior,Show me the place:,638
Act II,Scene I,Duke Senior,"I love to cope him in these sullen fits,",639
Act II,Scene I,Duke Senior,For then he's full of matter.,640
Act II,Scene I,First Lord,I'll bring you to him straight.,641
Act II,Scene I,[stage direction],Exeunt,NA
Act II,Scene II,[stage direction],"Enter DUKE FREDERICK, with Lords",NA
Act II,Scene II,Duke Frederick,Can it be possible that no man saw them?,642
Act II,Scene II,Duke Frederick,It cannot be: some villains of my court,643
Act II,Scene II,Duke Frederick,Are of consent and sufferance in this.,644
Act II,Scene II,First Lord,I cannot hear of any that did see her.,645
Act II,Scene II,First Lord,"The ladies, her attendants of her chamber,",646
Act II,Scene II,First Lord,"Saw her abed, and in the morning early",647
Act II,Scene II,First Lord,They found the bed untreasured of their mistress.,648
Act II,Scene II,Second Lord,"My lord, the roynish clown, at whom so oft",649
Act II,Scene II,Second Lord,"Your grace was wont to laugh, is also missing.",650
Act II,Scene II,Second Lord,"Hisperia, the princess' gentlewoman,",651
Act II,Scene II,Second Lord,Confesses that she secretly o'erheard,652
Act II,Scene II,Second Lord,Your daughter and her cousin much commend,653
Act II,Scene II,Second Lord,The parts and graces of the wrestler,654
Act II,Scene II,Second Lord,That did but lately foil the sinewy Charles;,655
Act II,Scene II,Second Lord,"And she believes, wherever they are gone,",656
Act II,Scene II,Second Lord,That youth is surely in their company.,657
Act II,Scene II,Duke Frederick,Send to his brother; fetch that gallant hither;,658
Act II,Scene II,Duke Frederick,"If he be absent, bring his brother to me;",659
Act II,Scene II,Duke Frederick,"I'll make him find him: do this suddenly,",660
Act II,Scene II,Duke Frederick,And let not search and inquisition quail,661
Act II,Scene II,Duke Frederick,To bring again these foolish runaways.,662
Act II,Scene II,[stage direction],Exeunt,NA
Act II,Scene III,[stage direction],"Enter ORLANDO and ADAM, meeting",NA
Act II,Scene III,Orlando,Who's there?,663
Act II,Scene III,Adam,"What, my young master? O, my gentle master!",664
Act II,Scene III,Adam,O my sweet master! O you memory,665
Act II,Scene III,Adam,"Of old Sir Rowland! why, what make you here?",666
Act II,Scene III,Adam,Why are you virtuous? why do people love you?,667
Act II,Scene III,Adam,"And wherefore are you gentle, strong and valiant?",668
Act II,Scene III,Adam,Why would you be so fond to overcome,669
Act II,Scene III,Adam,The bonny priser of the humorous duke?,670
Act II,Scene III,Adam,Your praise is come too swiftly home before you.,671
Act II,Scene III,Adam,"Know you not, master, to some kind of men",672
Act II,Scene III,Adam,Their graces serve them but as enemies?,673
Act II,Scene III,Adam,"No more do yours: your virtues, gentle master,",674
Act II,Scene III,Adam,Are sanctified and holy traitors to you.,675
Act II,Scene III,Adam,"O, what a world is this, when what is comely",676
Act II,Scene III,Adam,Envenoms him that bears it!,677
Act II,Scene III,Orlando,"Why, what's the matter?",678
Act II,Scene III,Adam,O unhappy youth!,679
Act II,Scene III,Adam,Come not within these doors; within this roof,680
Act II,Scene III,Adam,The enemy of all your graces lives:,681
Act II,Scene III,Adam,"Your brother--no, no brother; yet the son--",682
Act II,Scene III,Adam,"Yet not the son, I will not call him son",683
Act II,Scene III,Adam,Of him I was about to call his father--,684
Act II,Scene III,Adam,"Hath heard your praises, and this night he means",685
Act II,Scene III,Adam,To burn the lodging where you use to lie,686
Act II,Scene III,Adam,"And you within it: if he fail of that,",687
Act II,Scene III,Adam,He will have other means to cut you off.,688
Act II,Scene III,Adam,I overheard him and his practises.,689
Act II,Scene III,Adam,This is no place; this house is but a butchery:,690
Act II,Scene III,Adam,"Abhor it, fear it, do not enter it.",691
Act II,Scene III,Orlando,"Why, whither, Adam, wouldst thou have me go?",692
Act II,Scene III,Adam,"No matter whither, so you come not here.",693
Act II,Scene III,Orlando,"What, wouldst thou have me go and beg my food?",694
Act II,Scene III,Orlando,Or with a base and boisterous sword enforce,695
Act II,Scene III,Orlando,A thievish living on the common road?,696
Act II,Scene III,Orlando,"This I must do, or know not what to do:",697
Act II,Scene III,Orlando,"Yet this I will not do, do how I can;",698
Act II,Scene III,Orlando,I rather will subject me to the malice,699
Act II,Scene III,Orlando,Of a diverted blood and bloody brother.,700
Act II,Scene III,Adam,"But do not so. I have five hundred crowns,",701
Act II,Scene III,Adam,"The thrifty hire I saved under your father,",702
Act II,Scene III,Adam,Which I did store to be my foster-nurse,703
Act II,Scene III,Adam,When service should in my old limbs lie lame,704
Act II,Scene III,Adam,And unregarded age in corners thrown:,705
Act II,Scene III,Adam,"Take that, and He that doth the ravens feed,",706
Act II,Scene III,Adam,"Yea, providently caters for the sparrow,",707
Act II,Scene III,Adam,Be comfort to my age! Here is the gold;,708
Act II,Scene III,Adam,And all this I give you. Let me be your servant:,709
Act II,Scene III,Adam,"Though I look old, yet I am strong and lusty;",710
Act II,Scene III,Adam,For in my youth I never did apply,711
Act II,Scene III,Adam,"Hot and rebellious liquors in my blood,",712
Act II,Scene III,Adam,Nor did not with unbashful forehead woo,713
Act II,Scene III,Adam,The means of weakness and debility;,714
Act II,Scene III,Adam,"Therefore my age is as a lusty winter,",715
Act II,Scene III,Adam,"Frosty, but kindly: let me go with you;",716
Act II,Scene III,Adam,I'll do the service of a younger man,717
Act II,Scene III,Adam,In all your business and necessities.,718
Act II,Scene III,Orlando,"O good old man, how well in thee appears",719
Act II,Scene III,Orlando,"The constant service of the antique world,",720
Act II,Scene III,Orlando,"When service sweat for duty, not for meed!",721
Act II,Scene III,Orlando,"Thou art not for the fashion of these times,",722
Act II,Scene III,Orlando,"Where none will sweat but for promotion,",723
Act II,Scene III,Orlando,"And having that, do choke their service up",724
Act II,Scene III,Orlando,Even with the having: it is not so with thee.,725
Act II,Scene III,Orlando,"But, poor old man, thou prunest a rotten tree,",726
Act II,Scene III,Orlando,That cannot so much as a blossom yield,727
Act II,Scene III,Orlando,In lieu of all thy pains and husbandry,728
Act II,Scene III,Orlando,"But come thy ways; well go along together,",729
Act II,Scene III,Orlando,"And ere we have thy youthful wages spent,",730
Act II,Scene III,Orlando,We'll light upon some settled low content.,731
Act II,Scene III,Adam,"Master, go on, and I will follow thee,",732
Act II,Scene III,Adam,"To the last gasp, with truth and loyalty.",733
Act II,Scene III,Adam,From seventeen years till now almost fourscore,734
Act II,Scene III,Adam,"Here lived I, but now live here no more.",735
Act II,Scene III,Adam,At seventeen years many their fortunes seek;,736
Act II,Scene III,Adam,But at fourscore it is too late a week:,737
Act II,Scene III,Adam,Yet fortune cannot recompense me better,738
Act II,Scene III,Adam,Than to die well and not my master's debtor.,739
Act II,Scene III,[stage direction],Exeunt,NA
Act II,Scene IV,[stage direction],"Enter ROSALIND for Ganymede, CELIA for Aliena, and TOUCHSTONE",NA
Act II,Scene IV,Rosalind,"O Jupiter, how weary are my spirits!",740
Act II,Scene IV,Touchstone,"I care not for my spirits, if my legs were not weary.",741
Act II,Scene IV,Rosalind,I could find in my heart to disgrace my man's,742
Act II,Scene IV,Rosalind,apparel and to cry like a woman; but I must comfort,743
Act II,Scene IV,Rosalind,"the weaker vessel, as doublet and hose ought to show",744
Act II,Scene IV,Rosalind,"itself courageous to petticoat: therefore courage,",745
Act II,Scene IV,Rosalind,good Aliena!,746
Act II,Scene IV,Celia,"I pray you, bear with me; I cannot go no further.",747
Act II,Scene IV,Touchstone,"For my part, I had rather bear with you than bear",748
Act II,Scene IV,Touchstone,"you; yet I should bear no cross if I did bear you,",749
Act II,Scene IV,Touchstone,for I think you have no money in your purse.,750
Act II,Scene IV,Rosalind,"Well, this is the forest of Arden.",751
Act II,Scene IV,Touchstone,"Ay, now am I in Arden; the more fool I; when I was",752
Act II,Scene IV,Touchstone,"at home, I was in a better place: but travellers",753
Act II,Scene IV,Touchstone,must be content.,754
Act II,Scene IV,Rosalind,"Ay, be so, good Touchstone.",755
Act II,Scene IV,[stage direction],Enter CORIN and SILVIUS,NA
Act II,Scene IV,Rosalind,"Look you, who comes here; a young man and an old in",756
Act II,Scene IV,Rosalind,solemn talk.,757
Act II,Scene IV,Corin,That is the way to make her scorn you still.,758
Act II,Scene IV,Silvius,"O Corin, that thou knew'st how I do love her!",759
Act II,Scene IV,Corin,I partly guess; for I have loved ere now.,760
Act II,Scene IV,Silvius,"No, Corin, being old, thou canst not guess,",761
Act II,Scene IV,Silvius,Though in thy youth thou wast as true a lover,762
Act II,Scene IV,Silvius,As ever sigh'd upon a midnight pillow:,763
Act II,Scene IV,Silvius,But if thy love were ever like to mine--,764
Act II,Scene IV,Silvius,As sure I think did never man love so--,765
Act II,Scene IV,Silvius,How many actions most ridiculous,766
Act II,Scene IV,Silvius,Hast thou been drawn to by thy fantasy?,767
Act II,Scene IV,Corin,Into a thousand that I have forgotten.,768
Act II,Scene IV,Silvius,"O, thou didst then ne'er love so heartily!",769
Act II,Scene IV,Silvius,If thou remember'st not the slightest folly,770
Act II,Scene IV,Silvius,"That ever love did make thee run into,",771
Act II,Scene IV,Silvius,Thou hast not loved:,772
Act II,Scene IV,Silvius,"Or if thou hast not sat as I do now,",773
Act II,Scene IV,Silvius,"Wearying thy hearer in thy mistress' praise,",774
Act II,Scene IV,Silvius,Thou hast not loved:,775
Act II,Scene IV,Silvius,Or if thou hast not broke from company,776
Act II,Scene IV,Silvius,"Abruptly, as my passion now makes me,",777
Act II,Scene IV,Silvius,Thou hast not loved.,778
Act II,Scene IV,Silvius,"O Phebe, Phebe, Phebe!",779
Act II,Scene IV,[stage direction],Exit,NA
Act II,Scene IV,Rosalind,"Alas, poor shepherd! searching of thy wound,",780
Act II,Scene IV,Rosalind,I have by hard adventure found mine own.,781
Act II,Scene IV,Touchstone,"And I mine. I remember, when I was in love I broke",782
Act II,Scene IV,Touchstone,my sword upon a stone and bid him take that for,783
Act II,Scene IV,Touchstone,coming a-night to Jane Smile; and I remember the,784
Act II,Scene IV,Touchstone,kissing of her batlet and the cow's dugs that her,785
Act II,Scene IV,Touchstone,pretty chopt hands had milked; and I remember the,786
Act II,Scene IV,Touchstone,"wooing of a peascod instead of her, from whom I took",787
Act II,Scene IV,Touchstone,"two cods and, giving her them again, said with",788
Act II,Scene IV,Touchstone,weeping tears 'Wear these for my sake.' We that are,789
Act II,Scene IV,Touchstone,true lovers run into strange capers; but as all is,790
Act II,Scene IV,Touchstone,"mortal in nature, so is all nature in love mortal in folly.",791
Act II,Scene IV,Rosalind,Thou speakest wiser than thou art ware of.,792
Act II,Scene IV,Touchstone,"Nay, I shall ne'er be ware of mine own wit till I",793
Act II,Scene IV,Touchstone,break my shins against it.,794
Act II,Scene IV,Rosalind,"Jove, Jove! this shepherd's passion",795
Act II,Scene IV,Rosalind,Is much upon my fashion.,796
Act II,Scene IV,Touchstone,And mine; but it grows something stale with me.,797
Act II,Scene IV,Celia,"I pray you, one of you question yond man",798
Act II,Scene IV,Celia,If he for gold will give us any food:,799
Act II,Scene IV,Celia,I faint almost to death.,800
Act II,Scene IV,Touchstone,"Holla, you clown!",801
Act II,Scene IV,Rosalind,"Peace, fool: he's not thy kinsman.",802
Act II,Scene IV,Corin,Who calls?,803
Act II,Scene IV,Touchstone,"Your betters, sir.",804
Act II,Scene IV,Corin,Else are they very wretched.,805
Act II,Scene IV,Rosalind,"Peace, I say. Good even to you, friend.",806
Act II,Scene IV,Corin,"And to you, gentle sir, and to you all.",807
Act II,Scene IV,Rosalind,"I prithee, shepherd, if that love or gold",808
Act II,Scene IV,Rosalind,"Can in this desert place buy entertainment,",809
Act II,Scene IV,Rosalind,Bring us where we may rest ourselves and feed:,810
Act II,Scene IV,Rosalind,Here's a young maid with travel much oppress'd,811
Act II,Scene IV,Rosalind,And faints for succor.,812
Act II,Scene IV,Corin,"Fair sir, I pity her",813
Act II,Scene IV,Corin,"And wish, for her sake more than for mine own,",814
Act II,Scene IV,Corin,My fortunes were more able to relieve her;,815
Act II,Scene IV,Corin,But I am shepherd to another man,816
Act II,Scene IV,Corin,And do not shear the fleeces that I graze:,817
Act II,Scene IV,Corin,My master is of churlish disposition,818
Act II,Scene IV,Corin,And little recks to find the way to heaven,819
Act II,Scene IV,Corin,By doing deeds of hospitality:,820
Act II,Scene IV,Corin,"Besides, his cote, his flocks and bounds of feed",821
Act II,Scene IV,Corin,"Are now on sale, and at our sheepcote now,",822
Act II,Scene IV,Corin,"By reason of his absence, there is nothing",823
Act II,Scene IV,Corin,"That you will feed on; but what is, come see.",824
Act II,Scene IV,Corin,And in my voice most welcome shall you be.,825
Act II,Scene IV,Rosalind,What is he that shall buy his flock and pasture?,826
Act II,Scene IV,Corin,"That young swain that you saw here but erewhile,",827
Act II,Scene IV,Corin,That little cares for buying any thing.,828
Act II,Scene IV,Rosalind,"I pray thee, if it stand with honesty,",829
Act II,Scene IV,Rosalind,"Buy thou the cottage, pasture and the flock,",830
Act II,Scene IV,Rosalind,And thou shalt have to pay for it of us.,831
Act II,Scene IV,Celia,And we will mend thy wages. I like this place.,832
Act II,Scene IV,Celia,And willingly could waste my time in it.,833
Act II,Scene IV,Corin,Assuredly the thing is to be sold:,834
Act II,Scene IV,Corin,Go with me: if you like upon report,835
Act II,Scene IV,Corin,"The soil, the profit and this kind of life,",836
Act II,Scene IV,Corin,I will your very faithful feeder be,837
Act II,Scene IV,Corin,And buy it with your gold right suddenly.,838
Act II,Scene IV,[stage direction],Exeunt,NA
Act II,Scene V,[stage direction],"Enter AMIENS, JAQUES, and others",NA
Act II,Scene V,Corin,SONG.,839
Act II,Scene V,Amiens,Under the greenwood tree,840
Act II,Scene V,Amiens,"Who loves to lie with me,",841
Act II,Scene V,Amiens,And turn his merry note,842
Act II,Scene V,Amiens,"Unto the sweet bird's throat,",843
Act II,Scene V,Amiens,"Come hither, come hither, come hither:",844
Act II,Scene V,Amiens,Here shall he see No enemy,845
Act II,Scene V,Amiens,But winter and rough weather.,846
Act II,Scene V,Jaques,"More, more, I prithee, more.",847
Act II,Scene V,Amiens,"It will make you melancholy, Monsieur Jaques.",848
Act II,Scene V,Jaques,"I thank it. More, I prithee, more. I can suck",849
Act II,Scene V,Jaques,"melancholy out of a song, as a weasel sucks eggs.",850
Act II,Scene V,Jaques,"More, I prithee, more.",851
Act II,Scene V,Amiens,My voice is ragged: I know I cannot please you.,852
Act II,Scene V,Jaques,I do not desire you to please me; I do desire you to,853
Act II,Scene V,Jaques,"sing. Come, more; another stanzo: call you 'em stanzos?",854
Act II,Scene V,Amiens,"What you will, Monsieur Jaques.",855
Act II,Scene V,Jaques,"Nay, I care not for their names; they owe me",856
Act II,Scene V,Jaques,nothing. Will you sing?,857
Act II,Scene V,Amiens,More at your request than to please myself.,858
Act II,Scene V,Jaques,"Well then, if ever I thank any man, I'll thank you;",859
Act II,Scene V,Jaques,but that they call compliment is like the encounter,860
Act II,Scene V,Jaques,"of two dog-apes, and when a man thanks me heartily,",861
Act II,Scene V,Jaques,methinks I have given him a penny and he renders me,862
Act II,Scene V,Jaques,"the beggarly thanks. Come, sing; and you that will",863
Act II,Scene V,Jaques,"not, hold your tongues.",864
Act II,Scene V,Amiens,"Well, I'll end the song. Sirs, cover the while; the",865
Act II,Scene V,Amiens,duke will drink under this tree. He hath been all,866
Act II,Scene V,Amiens,this day to look you.,867
Act II,Scene V,Jaques,And I have been all this day to avoid him. He is,868
Act II,Scene V,Jaques,too disputable for my company: I think of as many,869
Act II,Scene V,Jaques,"matters as he, but I give heaven thanks and make no",870
Act II,Scene V,Jaques,"boast of them. Come, warble, come.",871
Act II,Scene V,Jaques,SONG.,872
Act II,Scene V,Jaques,Who doth ambition shun,873
Act II,Scene V,[stage direction],All together here,NA
Act II,Scene V,Jaques,"And loves to live i' the sun,",874
Act II,Scene V,Jaques,Seeking the food he eats,875
Act II,Scene V,Jaques,"And pleased with what he gets,",876
Act II,Scene V,Jaques,"Come hither, come hither, come hither:",877
Act II,Scene V,Jaques,Here shall he see No enemy,878
Act II,Scene V,Jaques,But winter and rough weather.,879
Act II,Scene V,Jaques,I'll give you a verse to this note that I made,880
Act II,Scene V,Jaques,yesterday in despite of my invention.,881
Act II,Scene V,Amiens,And I'll sing it.,882
Act II,Scene V,Jaques,Thus it goes:--,883
Act II,Scene V,Jaques,If it do come to pass,884
Act II,Scene V,Jaques,"That any man turn ass,",885
Act II,Scene V,Jaques,"Leaving his wealth and ease,",886
Act II,Scene V,Jaques,"A stubborn will to please,",887
Act II,Scene V,Jaques,"Ducdame, ducdame, ducdame:",888
Act II,Scene V,Jaques,Here shall he see,889
Act II,Scene V,Jaques,"Gross fools as he,",890
Act II,Scene V,Jaques,An if he will come to me.,891
Act II,Scene V,Amiens,What's that 'ducdame'?,892
Act II,Scene V,Jaques,"'Tis a Greek invocation, to call fools into a",893
Act II,Scene V,Jaques,"circle. I'll go sleep, if I can; if I cannot, I'll",894
Act II,Scene V,Jaques,rail against all the first-born of Egypt.,895
Act II,Scene V,Amiens,And I'll go seek the duke: his banquet is prepared.,896
Act II,Scene V,[stage direction],Exeunt severally,NA
Act II,Scene VI,[stage direction],Enter ORLANDO and ADAM,NA
Act II,Scene VI,Adam,"Dear master, I can go no further. O, I die for food!",897
Act II,Scene VI,Adam,"Here lie I down, and measure out my grave. Farewell,",898
Act II,Scene VI,Adam,kind master.,899
Act II,Scene VI,Orlando,"Why, how now, Adam! no greater heart in thee? Live",900
Act II,Scene VI,Orlando,a little; comfort a little; cheer thyself a little.,901
Act II,Scene VI,Orlando,"If this uncouth forest yield any thing savage, I",902
Act II,Scene VI,Orlando,will either be food for it or bring it for food to,903
Act II,Scene VI,Orlando,thee. Thy conceit is nearer death than thy powers.,904
Act II,Scene VI,Orlando,For my sake be comfortable; hold death awhile at,905
Act II,Scene VI,Orlando,the arm's end: I will here be with thee presently;,906
Act II,Scene VI,Orlando,"and if I bring thee not something to eat, I will",907
Act II,Scene VI,Orlando,give thee leave to die: but if thou diest before I,908
Act II,Scene VI,Orlando,"come, thou art a mocker of my labour. Well said!",909
Act II,Scene VI,Orlando,"thou lookest cheerly, and I'll be with thee quickly.",910
Act II,Scene VI,Orlando,"Yet thou liest in the bleak air: come, I will bear",911
Act II,Scene VI,Orlando,thee to some shelter; and thou shalt not die for,912
Act II,Scene VI,Orlando,"lack of a dinner, if there live any thing in this",913
Act II,Scene VI,Orlando,"desert. Cheerly, good Adam!",914
Act II,Scene VI,[stage direction],Exeunt,NA
Act II,Scene VII,[stage direction],"A table set out. Enter DUKE SENIOR, AMIENS, and Lords like outlaws",NA
Act II,Scene VII,Duke Senior,I think he be transform'd into a beast;,915
Act II,Scene VII,Duke Senior,For I can no where find him like a man.,916
Act II,Scene VII,First Lord,"My lord, he is but even now gone hence:",917
Act II,Scene VII,First Lord,"Here was he merry, hearing of a song.",918
Act II,Scene VII,Duke Senior,"If he, compact of jars, grow musical,",919
Act II,Scene VII,Duke Senior,We shall have shortly discord in the spheres.,920
Act II,Scene VII,Duke Senior,"Go, seek him: tell him I would speak with him.",921
Act II,Scene VII,[stage direction],Enter JAQUES,NA
Act II,Scene VII,First Lord,He saves my labour by his own approach.,922
Act II,Scene VII,Duke Senior,"Why, how now, monsieur! what a life is this,",923
Act II,Scene VII,Duke Senior,That your poor friends must woo your company?,924
Act II,Scene VII,Duke Senior,"What, you look merrily!",925
Act II,Scene VII,Jaques,"A fool, a fool! I met a fool i' the forest,",926
Act II,Scene VII,Jaques,A motley fool; a miserable world!,927
Act II,Scene VII,Jaques,"As I do live by food, I met a fool",928
Act II,Scene VII,Jaques,"Who laid him down and bask'd him in the sun,",929
Act II,Scene VII,Jaques,"And rail'd on Lady Fortune in good terms,",930
Act II,Scene VII,Jaques,In good set terms and yet a motley fool.,931
Act II,Scene VII,Jaques,"'Good morrow, fool,' quoth I. 'No, sir,' quoth he,",932
Act II,Scene VII,Jaques,'Call me not fool till heaven hath sent me fortune:',933
Act II,Scene VII,Jaques,"And then he drew a dial from his poke,",934
Act II,Scene VII,Jaques,"And, looking on it with lack-lustre eye,",935
Act II,Scene VII,Jaques,"Says very wisely, 'It is ten o'clock:",936
Act II,Scene VII,Jaques,"Thus we may see,' quoth he, 'how the world wags:",937
Act II,Scene VII,Jaques,"'Tis but an hour ago since it was nine,",938
Act II,Scene VII,Jaques,And after one hour more 'twill be eleven;,939
Act II,Scene VII,Jaques,"And so, from hour to hour, we ripe and ripe,",940
Act II,Scene VII,Jaques,"And then, from hour to hour, we rot and rot;",941
Act II,Scene VII,Jaques,And thereby hangs a tale.' When I did hear,942
Act II,Scene VII,Jaques,"The motley fool thus moral on the time,",943
Act II,Scene VII,Jaques,"My lungs began to crow like chanticleer,",944
Act II,Scene VII,Jaques,"That fools should be so deep-contemplative,",945
Act II,Scene VII,Jaques,And I did laugh sans intermission,946
Act II,Scene VII,Jaques,An hour by his dial. O noble fool!,947
Act II,Scene VII,Jaques,A worthy fool! Motley's the only wear.,948
Act II,Scene VII,Duke Senior,What fool is this?,949
Act II,Scene VII,Jaques,"O worthy fool! One that hath been a courtier,",950
Act II,Scene VII,Jaques,"And says, if ladies be but young and fair,",951
Act II,Scene VII,Jaques,"They have the gift to know it: and in his brain,",952
Act II,Scene VII,Jaques,Which is as dry as the remainder biscuit,953
Act II,Scene VII,Jaques,"After a voyage, he hath strange places cramm'd",954
Act II,Scene VII,Jaques,"With observation, the which he vents",955
Act II,Scene VII,Jaques,In mangled forms. O that I were a fool!,956
Act II,Scene VII,Jaques,I am ambitious for a motley coat.,957
Act II,Scene VII,Duke Senior,Thou shalt have one.,958
Act II,Scene VII,Jaques,It is my only suit;,959
Act II,Scene VII,Jaques,Provided that you weed your better judgments,960
Act II,Scene VII,Jaques,Of all opinion that grows rank in them,961
Act II,Scene VII,Jaques,That I am wise. I must have liberty,962
Act II,Scene VII,Jaques,"Withal, as large a charter as the wind,",963
Act II,Scene VII,Jaques,To blow on whom I please; for so fools have;,964
Act II,Scene VII,Jaques,"And they that are most galled with my folly,",965
Act II,Scene VII,Jaques,"They most must laugh. And why, sir, must they so?",966
Act II,Scene VII,Jaques,The 'why' is plain as way to parish church:,967
Act II,Scene VII,Jaques,He that a fool doth very wisely hit,968
Act II,Scene VII,Jaques,"Doth very foolishly, although he smart,",969
Act II,Scene VII,Jaques,"Not to seem senseless of the bob: if not,",970
Act II,Scene VII,Jaques,The wise man's folly is anatomized,971
Act II,Scene VII,Jaques,Even by the squandering glances of the fool.,972
Act II,Scene VII,Jaques,Invest me in my motley; give me leave,973
Act II,Scene VII,Jaques,"To speak my mind, and I will through and through",974
Act II,Scene VII,Jaques,"Cleanse the foul body of the infected world,",975
Act II,Scene VII,Jaques,If they will patiently receive my medicine.,976
Act II,Scene VII,Duke Senior,Fie on thee! I can tell what thou wouldst do.,977
Act II,Scene VII,Jaques,"What, for a counter, would I do but good?",978
Act II,Scene VII,Duke Senior,"Most mischievous foul sin, in chiding sin:",979
Act II,Scene VII,Duke Senior,"For thou thyself hast been a libertine,",980
Act II,Scene VII,Duke Senior,As sensual as the brutish sting itself;,981
Act II,Scene VII,Duke Senior,"And all the embossed sores and headed evils,",982
Act II,Scene VII,Duke Senior,"That thou with licence of free foot hast caught,",983
Act II,Scene VII,Duke Senior,Wouldst thou disgorge into the general world.,984
Act II,Scene VII,Jaques,"Why, who cries out on pride,",985
Act II,Scene VII,Jaques,That can therein tax any private party?,986
Act II,Scene VII,Jaques,"Doth it not flow as hugely as the sea,",987
Act II,Scene VII,Jaques,Till that the weary very means do ebb?,988
Act II,Scene VII,Jaques,"What woman in the city do I name,",989
Act II,Scene VII,Jaques,When that I say the city-woman bears,990
Act II,Scene VII,Jaques,The cost of princes on unworthy shoulders?,991
Act II,Scene VII,Jaques,"Who can come in and say that I mean her,",992
Act II,Scene VII,Jaques,When such a one as she such is her neighbour?,993
Act II,Scene VII,Jaques,Or what is he of basest function,994
Act II,Scene VII,Jaques,"That says his bravery is not of my cost,",995
Act II,Scene VII,Jaques,"Thinking that I mean him, but therein suits",996
Act II,Scene VII,Jaques,His folly to the mettle of my speech?,997
Act II,Scene VII,Jaques,There then; how then? what then? Let me see wherein,998
Act II,Scene VII,Jaques,"My tongue hath wrong'd him: if it do him right,",999
Act II,Scene VII,Jaques,"Then he hath wrong'd himself; if he be free,",1000
Act II,Scene VII,Jaques,"Why then my taxing like a wild-goose flies,",1001
Act II,Scene VII,Jaques,Unclaim'd of any man. But who comes here?,1002
Act II,Scene VII,[stage direction],"Enter ORLANDO, with his sword drawn",NA
Act II,Scene VII,Orlando,"Forbear, and eat no more.",1003
Act II,Scene VII,Jaques,"Why, I have eat none yet.",1004
Act II,Scene VII,Orlando,"Nor shalt not, till necessity be served.",1005
Act II,Scene VII,Jaques,Of what kind should this cock come of?,1006
Act II,Scene VII,Duke Senior,"Art thou thus bolden'd, man, by thy distress,",1007
Act II,Scene VII,Duke Senior,"Or else a rude despiser of good manners,",1008
Act II,Scene VII,Duke Senior,That in civility thou seem'st so empty?,1009
Act II,Scene VII,Orlando,You touch'd my vein at first: the thorny point,1010
Act II,Scene VII,Orlando,Of bare distress hath ta'en from me the show,1011
Act II,Scene VII,Orlando,Of smooth civility: yet am I inland bred,1012
Act II,Scene VII,Orlando,"And know some nurture. But forbear, I say:",1013
Act II,Scene VII,Orlando,He dies that touches any of this fruit,1014
Act II,Scene VII,Orlando,Till I and my affairs are answered.,1015
Act II,Scene VII,Jaques,"An you will not be answered with reason, I must die.",1016
Act II,Scene VII,Duke Senior,What would you have? Your gentleness shall force,1017
Act II,Scene VII,Duke Senior,More than your force move us to gentleness.,1018
Act II,Scene VII,Orlando,I almost die for food; and let me have it.,1019
Act II,Scene VII,Duke Senior,"Sit down and feed, and welcome to our table.",1020
Act II,Scene VII,Orlando,"Speak you so gently? Pardon me, I pray you:",1021
Act II,Scene VII,Orlando,I thought that all things had been savage here;,1022
Act II,Scene VII,Orlando,And therefore put I on the countenance,1023
Act II,Scene VII,Orlando,Of stern commandment. But whate'er you are,1024
Act II,Scene VII,Orlando,"That in this desert inaccessible,",1025
Act II,Scene VII,Orlando,"Under the shade of melancholy boughs,",1026
Act II,Scene VII,Orlando,Lose and neglect the creeping hours of time,1027
Act II,Scene VII,Orlando,"If ever you have look'd on better days,",1028
Act II,Scene VII,Orlando,"If ever been where bells have knoll'd to church,",1029
Act II,Scene VII,Orlando,"If ever sat at any good man's feast,",1030
Act II,Scene VII,Orlando,If ever from your eyelids wiped a tear,1031
Act II,Scene VII,Orlando,"And know what 'tis to pity and be pitied,",1032
Act II,Scene VII,Orlando,Let gentleness my strong enforcement be:,1033
Act II,Scene VII,Orlando,"In the which hope I blush, and hide my sword.",1034
Act II,Scene VII,Duke Senior,"True is it that we have seen better days,",1035
Act II,Scene VII,Duke Senior,And have with holy bell been knoll'd to church,1036
Act II,Scene VII,Duke Senior,And sat at good men's feasts and wiped our eyes,1037
Act II,Scene VII,Duke Senior,Of drops that sacred pity hath engender'd:,1038
Act II,Scene VII,Duke Senior,And therefore sit you down in gentleness,1039
Act II,Scene VII,Duke Senior,And take upon command what help we have,1040
Act II,Scene VII,Duke Senior,That to your wanting may be minister'd.,1041
Act II,Scene VII,Orlando,"Then but forbear your food a little while,",1042
Act II,Scene VII,Orlando,"Whiles, like a doe, I go to find my fawn",1043
Act II,Scene VII,Orlando,"And give it food. There is an old poor man,",1044
Act II,Scene VII,Orlando,Who after me hath many a weary step,1045
Act II,Scene VII,Orlando,"Limp'd in pure love: till he be first sufficed,",1046
Act II,Scene VII,Orlando,"Oppress'd with two weak evils, age and hunger,",1047
Act II,Scene VII,Orlando,I will not touch a bit.,1048
Act II,Scene VII,Duke Senior,"Go find him out,",1049
Act II,Scene VII,Duke Senior,And we will nothing waste till you return.,1050
Act II,Scene VII,Orlando,I thank ye; and be blest for your good comfort!,1051
Act II,Scene VII,[stage direction],Exit,NA
Act II,Scene VII,Duke Senior,Thou seest we are not all alone unhappy:,1052
Act II,Scene VII,Duke Senior,This wide and universal theatre,1053
Act II,Scene VII,Duke Senior,Presents more woeful pageants than the scene,1054
Act II,Scene VII,Duke Senior,Wherein we play in.,1055
Act II,Scene VII,Jaques,"All the world's a stage,",1056
Act II,Scene VII,Jaques,And all the men and women merely players:,1057
Act II,Scene VII,Jaques,They have their exits and their entrances;,1058
Act II,Scene VII,Jaques,"And one man in his time plays many parts,",1059
Act II,Scene VII,Jaques,"His acts being seven ages. At first the infant,",1060
Act II,Scene VII,Jaques,Mewling and puking in the nurse's arms.,1061
Act II,Scene VII,Jaques,"And then the whining school-boy, with his satchel",1062
Act II,Scene VII,Jaques,"And shining morning face, creeping like snail",1063
Act II,Scene VII,Jaques,"Unwillingly to school. And then the lover,",1064
Act II,Scene VII,Jaques,"Sighing like furnace, with a woeful ballad",1065
Act II,Scene VII,Jaques,"Made to his mistress' eyebrow. Then a soldier,",1066
Act II,Scene VII,Jaques,"Full of strange oaths and bearded like the pard,",1067
Act II,Scene VII,Jaques,"Jealous in honour, sudden and quick in quarrel,",1068
Act II,Scene VII,Jaques,Seeking the bubble reputation,1069
Act II,Scene VII,Jaques,"Even in the cannon's mouth. And then the justice,",1070
Act II,Scene VII,Jaques,"In fair round belly with good capon lined,",1071
Act II,Scene VII,Jaques,"With eyes severe and beard of formal cut,",1072
Act II,Scene VII,Jaques,Full of wise saws and modern instances;,1073
Act II,Scene VII,Jaques,And so he plays his part. The sixth age shifts,1074
Act II,Scene VII,Jaques,"Into the lean and slipper'd pantaloon,",1075
Act II,Scene VII,Jaques,"With spectacles on nose and pouch on side,",1076
Act II,Scene VII,Jaques,"His youthful hose, well saved, a world too wide",1077
Act II,Scene VII,Jaques,"For his shrunk shank; and his big manly voice,",1078
Act II,Scene VII,Jaques,"Turning again toward childish treble, pipes",1079
Act II,Scene VII,Jaques,"And whistles in his sound. Last scene of all,",1080
Act II,Scene VII,Jaques,"That ends this strange eventful history,",1081
Act II,Scene VII,Jaques,"Is second childishness and mere oblivion,",1082
Act II,Scene VII,Jaques,"Sans teeth, sans eyes, sans taste, sans everything.",1083
Act II,Scene VII,[stage direction],"Re-enter ORLANDO, with ADAM",NA
Act II,Scene VII,Duke Senior,"Welcome. Set down your venerable burthen,",1084
Act II,Scene VII,Duke Senior,And let him feed.,1085
Act II,Scene VII,Orlando,I thank you most for him.,1086
Act II,Scene VII,Adam,So had you need:,1087
Act II,Scene VII,Adam,I scarce can speak to thank you for myself.,1088
Act II,Scene VII,Duke Senior,Welcome; fall to: I will not trouble you,1089
Act II,Scene VII,Duke Senior,"As yet, to question you about your fortunes.",1090
Act II,Scene VII,Duke Senior,"Give us some music; and, good cousin, sing.",1091
Act II,Scene VII,Duke Senior,SONG.,1092
Act II,Scene VII,Amiens,"Blow, blow, thou winter wind.",1093
Act II,Scene VII,Amiens,Thou art not so unkind,1094
Act II,Scene VII,Amiens,As man's ingratitude;,1095
Act II,Scene VII,Amiens,"Thy tooth is not so keen,",1096
Act II,Scene VII,Amiens,"Because thou art not seen,",1097
Act II,Scene VII,Amiens,Although thy breath be rude.,1098
Act II,Scene VII,Amiens,"Heigh-ho! sing, heigh-ho! unto the green holly:",1099
Act II,Scene VII,Amiens,"Most friendship is feigning, most loving mere folly:",1100
Act II,Scene VII,Amiens,"Then, heigh-ho, the holly!",1101
Act II,Scene VII,Amiens,This life is most jolly.,1102
Act II,Scene VII,Amiens,"Freeze, freeze, thou bitter sky,",1103
Act II,Scene VII,Amiens,That dost not bite so nigh,1104
Act II,Scene VII,Amiens,As benefits forgot:,1105
Act II,Scene VII,Amiens,"Though thou the waters warp,",1106
Act II,Scene VII,Amiens,Thy sting is not so sharp,1107
Act II,Scene VII,Amiens,As friend remember'd not.,1108
Act II,Scene VII,Amiens,"Heigh-ho! sing,  &amp; c.",1109
Act II,Scene VII,Duke Senior,"If that you were the good Sir Rowland's son,",1110
Act II,Scene VII,Duke Senior,"As you have whisper'd faithfully you were,",1111
Act II,Scene VII,Duke Senior,And as mine eye doth his effigies witness,1112
Act II,Scene VII,Duke Senior,"Most truly limn'd and living in your face,",1113
Act II,Scene VII,Duke Senior,Be truly welcome hither: I am the duke,1114
Act II,Scene VII,Duke Senior,"That loved your father: the residue of your fortune,",1115
Act II,Scene VII,Duke Senior,"Go to my cave and tell me. Good old man,",1116
Act II,Scene VII,Duke Senior,Thou art right welcome as thy master is.,1117
Act II,Scene VII,Duke Senior,"Support him by the arm. Give me your hand,",1118
Act II,Scene VII,Duke Senior,And let me all your fortunes understand.,1119
Act II,Scene VII,[stage direction],Exeunt,NA
Act III,Scene I,[stage direction],"Enter DUKE FREDERICK, Lords, and OLIVER",NA
Act III,Scene I,Duke Frederick,"Not see him since? Sir, sir, that cannot be:",1120
Act III,Scene I,Duke Frederick,"But were I not the better part made mercy,",1121
Act III,Scene I,Duke Frederick,I should not seek an absent argument,1122
Act III,Scene I,Duke Frederick,"Of my revenge, thou present. But look to it:",1123
Act III,Scene I,Duke Frederick,"Find out thy brother, wheresoe'er he is;",1124
Act III,Scene I,Duke Frederick,Seek him with candle; bring him dead or living,1125
Act III,Scene I,Duke Frederick,"Within this twelvemonth, or turn thou no more",1126
Act III,Scene I,Duke Frederick,To seek a living in our territory.,1127
Act III,Scene I,Duke Frederick,Thy lands and all things that thou dost call thine,1128
Act III,Scene I,Duke Frederick,"Worth seizure do we seize into our hands,",1129
Act III,Scene I,Duke Frederick,Till thou canst quit thee by thy brothers mouth,1130
Act III,Scene I,Duke Frederick,Of what we think against thee.,1131
Act III,Scene I,Oliver,O that your highness knew my heart in this!,1132
Act III,Scene I,Oliver,I never loved my brother in my life.,1133
Act III,Scene I,Duke Frederick,"More villain thou. Well, push him out of doors;",1134
Act III,Scene I,Duke Frederick,And let my officers of such a nature,1135
Act III,Scene I,Duke Frederick,Make an extent upon his house and lands:,1136
Act III,Scene I,Duke Frederick,Do this expediently and turn him going.,1137
Act III,Scene I,[stage direction],Exeunt,NA
Act III,Scene II,[stage direction],"Enter ORLANDO, with a paper",NA
Act III,Scene II,Orlando,"Hang there, my verse, in witness of my love:",1138
Act III,Scene II,Orlando,"And thou, thrice-crowned queen of night, survey",1139
Act III,Scene II,Orlando,"With thy chaste eye, from thy pale sphere above,",1140
Act III,Scene II,Orlando,Thy huntress' name that my full life doth sway.,1141
Act III,Scene II,Orlando,O Rosalind! these trees shall be my books,1142
Act III,Scene II,Orlando,And in their barks my thoughts I'll character;,1143
Act III,Scene II,Orlando,That every eye which in this forest looks,1144
Act III,Scene II,Orlando,Shall see thy virtue witness'd every where.,1145
Act III,Scene II,Orlando,"Run, run, Orlando; carve on every tree",1146
Act III,Scene II,Orlando,"The fair, the chaste and unexpressive she.",1147
Act III,Scene II,[stage direction],Exit,NA
Act III,Scene II,[stage direction],Enter CORIN and TOUCHSTONE,NA
Act III,Scene II,Corin,"And how like you this shepherd's life, Master Touchstone?",1148
Act III,Scene II,Touchstone,"Truly, shepherd, in respect of itself, it is a good",1149
Act III,Scene II,Touchstone,"life, but in respect that it is a shepherd's life,",1150
Act III,Scene II,Touchstone,"it is naught. In respect that it is solitary, I",1151
Act III,Scene II,Touchstone,like it very well; but in respect that it is,1152
Act III,Scene II,Touchstone,"private, it is a very vile life. Now, in respect it",1153
Act III,Scene II,Touchstone,"is in the fields, it pleaseth me well; but in",1154
Act III,Scene II,Touchstone,"respect it is not in the court, it is tedious. As",1155
Act III,Scene II,Touchstone,"is it a spare life, look you, it fits my humour well;",1156
Act III,Scene II,Touchstone,"but as there is no more plenty in it, it goes much",1157
Act III,Scene II,Touchstone,"against my stomach. Hast any philosophy in thee, shepherd?",1158
Act III,Scene II,Corin,No more but that I know the more one sickens the,1159
Act III,Scene II,Corin,"worse at ease he is; and that he that wants money,",1160
Act III,Scene II,Corin,means and content is without three good friends;,1161
Act III,Scene II,Corin,that the property of rain is to wet and fire to,1162
Act III,Scene II,Corin,"burn; that good pasture makes fat sheep, and that a",1163
Act III,Scene II,Corin,great cause of the night is lack of the sun; that,1164
Act III,Scene II,Corin,he that hath learned no wit by nature nor art may,1165
Act III,Scene II,Corin,complain of good breeding or comes of a very dull kindred.,1166
Act III,Scene II,Touchstone,Such a one is a natural philosopher. Wast ever in,1167
Act III,Scene II,Touchstone,"court, shepherd?",1168
Act III,Scene II,Corin,"No, truly.",1169
Act III,Scene II,Touchstone,Then thou art damned.,1170
Act III,Scene II,Corin,"Nay, I hope.",1171
Act III,Scene II,Touchstone,"Truly, thou art damned like an ill-roasted egg, all",1172
Act III,Scene II,Touchstone,on one side.,1173
Act III,Scene II,Corin,For not being at court? Your reason.,1174
Act III,Scene II,Touchstone,"Why, if thou never wast at court, thou never sawest",1175
Act III,Scene II,Touchstone,"good manners; if thou never sawest good manners,",1176
Act III,Scene II,Touchstone,then thy manners must be wicked; and wickedness is,1177
Act III,Scene II,Touchstone,"sin, and sin is damnation. Thou art in a parlous",1178
Act III,Scene II,Touchstone,"state, shepherd.",1179
Act III,Scene II,Corin,"Not a whit, Touchstone: those that are good manners",1180
Act III,Scene II,Corin,at the court are as ridiculous in the country as the,1181
Act III,Scene II,Corin,behavior of the country is most mockable at the,1182
Act III,Scene II,Corin,"court. You told me you salute not at the court, but",1183
Act III,Scene II,Corin,you kiss your hands: that courtesy would be,1184
Act III,Scene II,Corin,"uncleanly, if courtiers were shepherds.",1185
Act III,Scene II,Touchstone,"Instance, briefly; come, instance.",1186
Act III,Scene II,Corin,"Why, we are still handling our ewes, and their",1187
Act III,Scene II,Corin,"fells, you know, are greasy.",1188
Act III,Scene II,Touchstone,"Why, do not your courtier's hands sweat? and is not",1189
Act III,Scene II,Touchstone,the grease of a mutton as wholesome as the sweat of,1190
Act III,Scene II,Touchstone,"a man? Shallow, shallow. A better instance, I say; come.",1191
Act III,Scene II,Corin,"Besides, our hands are hard.",1192
Act III,Scene II,Touchstone,Your lips will feel them the sooner. Shallow again.,1193
Act III,Scene II,Touchstone,"A more sounder instance, come.",1194
Act III,Scene II,Corin,And they are often tarred over with the surgery of,1195
Act III,Scene II,Corin,our sheep: and would you have us kiss tar? The,1196
Act III,Scene II,Corin,courtier's hands are perfumed with civet.,1197
Act III,Scene II,Touchstone,"Most shallow man! thou worms-meat, in respect of a",1198
Act III,Scene II,Touchstone,"good piece of flesh indeed! Learn of the wise, and",1199
Act III,Scene II,Touchstone,"perpend: civet is of a baser birth than tar, the",1200
Act III,Scene II,Touchstone,"very uncleanly flux of a cat. Mend the instance, shepherd.",1201
Act III,Scene II,Corin,You have too courtly a wit for me: I'll rest.,1202
Act III,Scene II,Touchstone,"Wilt thou rest damned? God help thee, shallow man!",1203
Act III,Scene II,Touchstone,God make incision in thee! thou art raw.,1204
Act III,Scene II,Corin,"Sir, I am a true labourer: I earn that I eat, get",1205
Act III,Scene II,Corin,"that I wear, owe no man hate, envy no man's",1206
Act III,Scene II,Corin,"happiness, glad of other men's good, content with my",1207
Act III,Scene II,Corin,"harm, and the greatest of my pride is to see my ewes",1208
Act III,Scene II,Corin,graze and my lambs suck.,1209
Act III,Scene II,Touchstone,"That is another simple sin in you, to bring the ewes",1210
Act III,Scene II,Touchstone,and the rams together and to offer to get your,1211
Act III,Scene II,Touchstone,living by the copulation of cattle; to be bawd to a,1212
Act III,Scene II,Touchstone,"bell-wether, and to betray a she-lamb of a",1213
Act III,Scene II,Touchstone,"twelvemonth to a crooked-pated, old, cuckoldly ram,",1214
Act III,Scene II,Touchstone,out of all reasonable match. If thou beest not,1215
Act III,Scene II,Touchstone,"damned for this, the devil himself will have no",1216
Act III,Scene II,Touchstone,shepherds; I cannot see else how thou shouldst,1217
Act III,Scene II,Touchstone,'scape.,1218
Act III,Scene II,Corin,"Here comes young Master Ganymede, my new mistress's brother.",1219
Act III,Scene II,[stage direction],"Enter ROSALIND, with a paper, reading",NA
Act III,Scene II,Rosalind,"From the east to western Ind,",1220
Act III,Scene II,Rosalind,No jewel is like Rosalind.,1221
Act III,Scene II,Rosalind,"Her worth, being mounted on the wind,",1222
Act III,Scene II,Rosalind,Through all the world bears Rosalind.,1223
Act III,Scene II,Rosalind,All the pictures fairest lined,1224
Act III,Scene II,Rosalind,Are but black to Rosalind.,1225
Act III,Scene II,Rosalind,Let no fair be kept in mind,1226
Act III,Scene II,Rosalind,But the fair of Rosalind.,1227
Act III,Scene II,Touchstone,"I'll rhyme you so eight years together, dinners and",1228
Act III,Scene II,Touchstone,suppers and sleeping-hours excepted: it is the,1229
Act III,Scene II,Touchstone,right butter-women's rank to market.,1230
Act III,Scene II,Rosalind,"Out, fool!",1231
Act III,Scene II,Touchstone,For a taste:,1232
Act III,Scene II,Touchstone,"If a hart do lack a hind,",1233
Act III,Scene II,Touchstone,Let him seek out Rosalind.,1234
Act III,Scene II,Touchstone,"If the cat will after kind,",1235
Act III,Scene II,Touchstone,So be sure will Rosalind.,1236
Act III,Scene II,Touchstone,"Winter garments must be lined,",1237
Act III,Scene II,Touchstone,So must slender Rosalind.,1238
Act III,Scene II,Touchstone,They that reap must sheaf and bind;,1239
Act III,Scene II,Touchstone,Then to cart with Rosalind.,1240
Act III,Scene II,Touchstone,"Sweetest nut hath sourest rind,",1241
Act III,Scene II,Touchstone,Such a nut is Rosalind.,1242
Act III,Scene II,Touchstone,He that sweetest rose will find,1243
Act III,Scene II,Touchstone,Must find love's prick and Rosalind.,1244
Act III,Scene II,Touchstone,This is the very false gallop of verses: why do you,1245
Act III,Scene II,Touchstone,infect yourself with them?,1246
Act III,Scene II,Rosalind,"Peace, you dull fool! I found them on a tree.",1247
Act III,Scene II,Touchstone,"Truly, the tree yields bad fruit.",1248
Act III,Scene II,Rosalind,"I'll graff it with you, and then I shall graff it",1249
Act III,Scene II,Rosalind,with a medlar: then it will be the earliest fruit,1250
Act III,Scene II,Rosalind,i' the country; for you'll be rotten ere you be half,1251
Act III,Scene II,Rosalind,"ripe, and that's the right virtue of the medlar.",1252
Act III,Scene II,Touchstone,"You have said; but whether wisely or no, let the",1253
Act III,Scene II,Touchstone,forest judge.,1254
Act III,Scene II,[stage direction],"Enter CELIA, with a writing",NA
Act III,Scene II,Rosalind,"Peace! Here comes my sister, reading: stand aside.",1255
Act III,Scene II,Celia,[Reads],1256
Act III,Scene II,Celia,Why should this a desert be?,1257
Act III,Scene II,Celia,For it is unpeopled? No:,1258
Act III,Scene II,Celia,"Tongues I'll hang on every tree,",1259
Act III,Scene II,Celia,That shall civil sayings show:,1260
Act III,Scene II,Celia,"Some, how brief the life of man",1261
Act III,Scene II,Celia,"Runs his erring pilgrimage,",1262
Act III,Scene II,Celia,That the stretching of a span,1263
Act III,Scene II,Celia,Buckles in his sum of age;,1264
Act III,Scene II,Celia,"Some, of violated vows",1265
Act III,Scene II,Celia,'Twixt the souls of friend and friend:,1266
Act III,Scene II,Celia,"But upon the fairest boughs,",1267
Act III,Scene II,Celia,"Or at every sentence end,",1268
Act III,Scene II,Celia,"Will I Rosalinda write,",1269
Act III,Scene II,Celia,Teaching all that read to know,1270
Act III,Scene II,Celia,The quintessence of every sprite,1271
Act III,Scene II,Celia,Heaven would in little show.,1272
Act III,Scene II,Celia,Therefore Heaven Nature charged,1273
Act III,Scene II,Celia,That one body should be fill'd,1274
Act III,Scene II,Celia,With all graces wide-enlarged:,1275
Act III,Scene II,Celia,Nature presently distill'd,1276
Act III,Scene II,Celia,"Helen's cheek, but not her heart,",1277
Act III,Scene II,Celia,"Cleopatra's majesty,",1278
Act III,Scene II,Celia,"Atalanta's better part,",1279
Act III,Scene II,Celia,Sad Lucretia's modesty.,1280
Act III,Scene II,Celia,Thus Rosalind of many parts,1281
Act III,Scene II,Celia,"By heavenly synod was devised,",1282
Act III,Scene II,Celia,"Of many faces, eyes and hearts,",1283
Act III,Scene II,Celia,To have the touches dearest prized.,1284
Act III,Scene II,Celia,"Heaven would that she these gifts should have,",1285
Act III,Scene II,Celia,And I to live and die her slave.,1286
Act III,Scene II,Rosalind,O most gentle pulpiter! what tedious homily of love,1287
Act III,Scene II,Rosalind,"have you wearied your parishioners withal, and never",1288
Act III,Scene II,Rosalind,"cried 'Have patience, good people!'",1289
Act III,Scene II,Celia,"How now! back, friends! Shepherd, go off a little.",1290
Act III,Scene II,Celia,"Go with him, sirrah.",1291
Act III,Scene II,Touchstone,"Come, shepherd, let us make an honourable retreat;",1292
Act III,Scene II,Touchstone,"though not with bag and baggage, yet with scrip and scrippage.",1293
Act III,Scene II,[stage direction],Exeunt CORIN and TOUCHSTONE,NA
Act III,Scene II,Celia,Didst thou hear these verses?,1294
Act III,Scene II,Rosalind,"O, yes, I heard them all, and more too; for some of",1295
Act III,Scene II,Rosalind,them had in them more feet than the verses would bear.,1296
Act III,Scene II,Celia,That's no matter: the feet might bear the verses.,1297
Act III,Scene II,Rosalind,"Ay, but the feet were lame and could not bear",1298
Act III,Scene II,Rosalind,themselves without the verse and therefore stood,1299
Act III,Scene II,Rosalind,lamely in the verse.,1300
Act III,Scene II,Celia,But didst thou hear without wondering how thy name,1301
Act III,Scene II,Celia,should be hanged and carved upon these trees?,1302
Act III,Scene II,Rosalind,I was seven of the nine days out of the wonder,1303
Act III,Scene II,Rosalind,before you came; for look here what I found on a,1304
Act III,Scene II,Rosalind,palm-tree. I was never so be-rhymed since,1305
Act III,Scene II,Rosalind,"Pythagoras' time, that I was an Irish rat, which I",1306
Act III,Scene II,Rosalind,can hardly remember.,1307
Act III,Scene II,Celia,Trow you who hath done this?,1308
Act III,Scene II,Rosalind,Is it a man?,1309
Act III,Scene II,Celia,"And a chain, that you once wore, about his neck.",1310
Act III,Scene II,Celia,Change you colour?,1311
Act III,Scene II,Rosalind,"I prithee, who?",1312
Act III,Scene II,Celia,"O Lord, Lord! it is a hard matter for friends to",1313
Act III,Scene II,Celia,meet; but mountains may be removed with earthquakes,1314
Act III,Scene II,Celia,and so encounter.,1315
Act III,Scene II,Rosalind,"Nay, but who is it?",1316
Act III,Scene II,Celia,Is it possible?,1317
Act III,Scene II,Rosalind,"Nay, I prithee now with most petitionary vehemence,",1318
Act III,Scene II,Rosalind,tell me who it is.,1319
Act III,Scene II,Celia,"O wonderful, wonderful, and most wonderful",1320
Act III,Scene II,Celia,"wonderful! and yet again wonderful, and after that,",1321
Act III,Scene II,Celia,out of all hooping!,1322
Act III,Scene II,Rosalind,"Good my complexion! dost thou think, though I am",1323
Act III,Scene II,Rosalind,"caparisoned like a man, I have a doublet and hose in",1324
Act III,Scene II,Rosalind,my disposition? One inch of delay more is a,1325
Act III,Scene II,Rosalind,"South-sea of discovery; I prithee, tell me who is it",1326
Act III,Scene II,Rosalind,"quickly, and speak apace. I would thou couldst",1327
Act III,Scene II,Rosalind,"stammer, that thou mightst pour this concealed man",1328
Act III,Scene II,Rosalind,"out of thy mouth, as wine comes out of a narrow-",1329
Act III,Scene II,Rosalind,"mouthed bottle, either too much at once, or none at",1330
Act III,Scene II,Rosalind,"all. I prithee, take the cork out of thy mouth that",1331
Act III,Scene II,Rosalind,may drink thy tidings.,1332
Act III,Scene II,Celia,So you may put a man in your belly.,1333
Act III,Scene II,Rosalind,Is he of God's making? What manner of man? Is his,1334
Act III,Scene II,Rosalind,"head worth a hat, or his chin worth a beard?",1335
Act III,Scene II,Celia,"Nay, he hath but a little beard.",1336
Act III,Scene II,Rosalind,"Why, God will send more, if the man will be",1337
Act III,Scene II,Rosalind,"thankful: let me stay the growth of his beard, if",1338
Act III,Scene II,Rosalind,thou delay me not the knowledge of his chin.,1339
Act III,Scene II,Celia,"It is young Orlando, that tripped up the wrestler's",1340
Act III,Scene II,Celia,heels and your heart both in an instant.,1341
Act III,Scene II,Rosalind,"Nay, but the devil take mocking: speak, sad brow and",1342
Act III,Scene II,Rosalind,true maid.,1343
Act III,Scene II,Celia,"I' faith, coz, 'tis he.",1344
Act III,Scene II,Rosalind,Orlando?,1345
Act III,Scene II,Celia,Orlando.,1346
Act III,Scene II,Rosalind,Alas the day! what shall I do with my doublet and,1347
Act III,Scene II,Rosalind,hose? What did he when thou sawest him? What said,1348
Act III,Scene II,Rosalind,he? How looked he? Wherein went he? What makes,1349
Act III,Scene II,Rosalind,him here? Did he ask for me? Where remains he?,1350
Act III,Scene II,Rosalind,How parted he with thee? and when shalt thou see,1351
Act III,Scene II,Rosalind,him again? Answer me in one word.,1352
Act III,Scene II,Celia,You must borrow me Gargantua's mouth first: 'tis a,1353
Act III,Scene II,Celia,word too great for any mouth of this age's size. To,1354
Act III,Scene II,Celia,say ay and no to these particulars is more than to,1355
Act III,Scene II,Celia,answer in a catechism.,1356
Act III,Scene II,Rosalind,But doth he know that I am in this forest and in,1357
Act III,Scene II,Rosalind,man's apparel? Looks he as freshly as he did the,1358
Act III,Scene II,Rosalind,day he wrestled?,1359
Act III,Scene II,Celia,It is as easy to count atomies as to resolve the,1360
Act III,Scene II,Celia,propositions of a lover; but take a taste of my,1361
Act III,Scene II,Celia,"finding him, and relish it with good observance.",1362
Act III,Scene II,Celia,"I found him under a tree, like a dropped acorn.",1363
Act III,Scene II,Rosalind,"It may well be called Jove's tree, when it drops",1364
Act III,Scene II,Rosalind,forth such fruit.,1365
Act III,Scene II,Celia,"Give me audience, good madam.",1366
Act III,Scene II,Rosalind,Proceed.,1367
Act III,Scene II,Celia,"There lay he, stretched along, like a wounded knight.",1368
Act III,Scene II,Rosalind,"Though it be pity to see such a sight, it well",1369
Act III,Scene II,Rosalind,becomes the ground.,1370
Act III,Scene II,Celia,"Cry 'holla' to thy tongue, I prithee; it curvets",1371
Act III,Scene II,Celia,unseasonably. He was furnished like a hunter.,1372
Act III,Scene II,Rosalind,"O, ominous! he comes to kill my heart.",1373
Act III,Scene II,Celia,I would sing my song without a burden: thou bringest,1374
Act III,Scene II,Celia,me out of tune.,1375
Act III,Scene II,Rosalind,"Do you not know I am a woman? when I think, I must",1376
Act III,Scene II,Rosalind,"speak. Sweet, say on.",1377
Act III,Scene II,Celia,You bring me out. Soft! comes he not here?,1378
Act III,Scene II,[stage direction],Enter ORLANDO and JAQUES,NA
Act III,Scene II,Rosalind,"'Tis he: slink by, and note him.",1379
Act III,Scene II,Jaques,"I thank you for your company; but, good faith, I had",1380
Act III,Scene II,Jaques,as lief have been myself alone.,1381
Act III,Scene II,Orlando,"And so had I; but yet, for fashion sake, I thank you",1382
Act III,Scene II,Orlando,too for your society.,1383
Act III,Scene II,Jaques,God be wi' you: let's meet as little as we can.,1384
Act III,Scene II,Orlando,I do desire we may be better strangers.,1385
Act III,Scene II,Jaques,"I pray you, mar no more trees with writing",1386
Act III,Scene II,Jaques,love-songs in their barks.,1387
Act III,Scene II,Orlando,"I pray you, mar no more of my verses with reading",1388
Act III,Scene II,Orlando,them ill-favouredly.,1389
Act III,Scene II,Jaques,Rosalind is your love's name?,1390
Act III,Scene II,Orlando,"Yes, just.",1391
Act III,Scene II,Jaques,I do not like her name.,1392
Act III,Scene II,Orlando,There was no thought of pleasing you when she was,1393
Act III,Scene II,Orlando,christened.,1394
Act III,Scene II,Jaques,What stature is she of?,1395
Act III,Scene II,Orlando,Just as high as my heart.,1396
Act III,Scene II,Jaques,You are full of pretty answers. Have you not been,1397
Act III,Scene II,Jaques,"acquainted with goldsmiths' wives, and conned them",1398
Act III,Scene II,Jaques,out of rings?,1399
Act III,Scene II,Orlando,"Not so; but I answer you right painted cloth, from",1400
Act III,Scene II,Orlando,whence you have studied your questions.,1401
Act III,Scene II,Jaques,You have a nimble wit: I think 'twas made of,1402
Act III,Scene II,Jaques,Atalanta's heels. Will you sit down with me? and,1403
Act III,Scene II,Jaques,we two will rail against our mistress the world and,1404
Act III,Scene II,Jaques,all our misery.,1405
Act III,Scene II,Orlando,"I will chide no breather in the world but myself,",1406
Act III,Scene II,Orlando,against whom I know most faults.,1407
Act III,Scene II,Jaques,The worst fault you have is to be in love.,1408
Act III,Scene II,Orlando,'Tis a fault I will not change for your best virtue.,1409
Act III,Scene II,Orlando,I am weary of you.,1410
Act III,Scene II,Jaques,"By my troth, I was seeking for a fool when I found",1411
Act III,Scene II,Jaques,you.,1412
Act III,Scene II,Orlando,"He is drowned in the brook: look but in, and you",1413
Act III,Scene II,Orlando,shall see him.,1414
Act III,Scene II,Jaques,There I shall see mine own figure.,1415
Act III,Scene II,Orlando,Which I take to be either a fool or a cipher.,1416
Act III,Scene II,Jaques,"I'll tarry no longer with you: farewell, good",1417
Act III,Scene II,Jaques,Signior Love.,1418
Act III,Scene II,Orlando,"I am glad of your departure: adieu, good Monsieur",1419
Act III,Scene II,Orlando,Melancholy.,1420
Act III,Scene II,[stage direction],Exit JAQUES,NA
Act III,Scene II,Rosalind,"[Aside to CELIA]  I will speak to him, like a saucy",1421
Act III,Scene II,Rosalind,lackey and under that habit play the knave with him.,1422
Act III,Scene II,Rosalind,"Do you hear, forester?",1423
Act III,Scene II,Orlando,Very well: what would you?,1424
Act III,Scene II,Rosalind,"I pray you, what is't o'clock?",1425
Act III,Scene II,Orlando,You should ask me what time o' day: there's no clock,1426
Act III,Scene II,Orlando,in the forest.,1427
Act III,Scene II,Rosalind,Then there is no true lover in the forest; else,1428
Act III,Scene II,Rosalind,sighing every minute and groaning every hour would,1429
Act III,Scene II,Rosalind,detect the lazy foot of Time as well as a clock.,1430
Act III,Scene II,Orlando,And why not the swift foot of Time? had not that,1431
Act III,Scene II,Orlando,been as proper?,1432
Act III,Scene II,Rosalind,"By no means, sir: Time travels in divers paces with",1433
Act III,Scene II,Rosalind,divers persons. I'll tell you who Time ambles,1434
Act III,Scene II,Rosalind,"withal, who Time trots withal, who Time gallops",1435
Act III,Scene II,Rosalind,withal and who he stands still withal.,1436
Act III,Scene II,Orlando,"I prithee, who doth he trot withal?",1437
Act III,Scene II,Rosalind,"Marry, he trots hard with a young maid between the",1438
Act III,Scene II,Rosalind,contract of her marriage and the day it is,1439
Act III,Scene II,Rosalind,"solemnized: if the interim be but a se'nnight,",1440
Act III,Scene II,Rosalind,Time's pace is so hard that it seems the length of,1441
Act III,Scene II,Rosalind,seven year.,1442
Act III,Scene II,Orlando,Who ambles Time withal?,1443
Act III,Scene II,Rosalind,With a priest that lacks Latin and a rich man that,1444
Act III,Scene II,Rosalind,"hath not the gout, for the one sleeps easily because",1445
Act III,Scene II,Rosalind,"he cannot study, and the other lives merrily because",1446
Act III,Scene II,Rosalind,"he feels no pain, the one lacking the burden of lean",1447
Act III,Scene II,Rosalind,"and wasteful learning, the other knowing no burden",1448
Act III,Scene II,Rosalind,of heavy tedious penury; these Time ambles withal.,1449
Act III,Scene II,Orlando,Who doth he gallop withal?,1450
Act III,Scene II,Rosalind,"With a thief to the gallows, for though he go as",1451
Act III,Scene II,Rosalind,"softly as foot can fall, he thinks himself too soon there.",1452
Act III,Scene II,Orlando,Who stays it still withal?,1453
Act III,Scene II,Rosalind,"With lawyers in the vacation, for they sleep between",1454
Act III,Scene II,Rosalind,term and term and then they perceive not how Time moves.,1455
Act III,Scene II,Orlando,"Where dwell you, pretty youth?",1456
Act III,Scene II,Rosalind,"With this shepherdess, my sister; here in the",1457
Act III,Scene II,Rosalind,"skirts of the forest, like fringe upon a petticoat.",1458
Act III,Scene II,Orlando,Are you native of this place?,1459
Act III,Scene II,Rosalind,As the cony that you see dwell where she is kindled.,1460
Act III,Scene II,Orlando,Your accent is something finer than you could,1461
Act III,Scene II,Orlando,purchase in so removed a dwelling.,1462
Act III,Scene II,Rosalind,I have been told so of many: but indeed an old,1463
Act III,Scene II,Rosalind,"religious uncle of mine taught me to speak, who was",1464
Act III,Scene II,Rosalind,in his youth an inland man; one that knew courtship,1465
Act III,Scene II,Rosalind,"too well, for there he fell in love. I have heard",1466
Act III,Scene II,Rosalind,"him read many lectures against it, and I thank God",1467
Act III,Scene II,Rosalind,"I am not a woman, to be touched with so many",1468
Act III,Scene II,Rosalind,giddy offences as he hath generally taxed their,1469
Act III,Scene II,Rosalind,whole sex withal.,1470
Act III,Scene II,Orlando,Can you remember any of the principal evils that he,1471
Act III,Scene II,Orlando,laid to the charge of women?,1472
Act III,Scene II,Rosalind,There were none principal; they were all like one,1473
Act III,Scene II,Rosalind,"another as half-pence are, every one fault seeming",1474
Act III,Scene II,Rosalind,monstrous till his fellow fault came to match it.,1475
Act III,Scene II,Orlando,"I prithee, recount some of them.",1476
Act III,Scene II,Rosalind,"No, I will not cast away my physic but on those that",1477
Act III,Scene II,Rosalind,"are sick. There is a man haunts the forest, that",1478
Act III,Scene II,Rosalind,abuses our young plants with carving 'Rosalind' on,1479
Act III,Scene II,Rosalind,their barks; hangs odes upon hawthorns and elegies,1480
Act III,Scene II,Rosalind,"on brambles, all, forsooth, deifying the name of",1481
Act III,Scene II,Rosalind,Rosalind: if I could meet that fancy-monger I would,1482
Act III,Scene II,Rosalind,"give him some good counsel, for he seems to have the",1483
Act III,Scene II,Rosalind,quotidian of love upon him.,1484
Act III,Scene II,Orlando,I am he that is so love-shaked: I pray you tell me,1485
Act III,Scene II,Orlando,your remedy.,1486
Act III,Scene II,Rosalind,There is none of my uncle's marks upon you: he,1487
Act III,Scene II,Rosalind,taught me how to know a man in love; in which cage,1488
Act III,Scene II,Rosalind,of rushes I am sure you are not prisoner.,1489
Act III,Scene II,Orlando,What were his marks?,1490
Act III,Scene II,Rosalind,"A lean cheek, which you have not, a blue eye and",1491
Act III,Scene II,Rosalind,"sunken, which you have not, an unquestionable",1492
Act III,Scene II,Rosalind,"spirit, which you have not, a beard neglected,",1493
Act III,Scene II,Rosalind,"which you have not; but I pardon you for that, for",1494
Act III,Scene II,Rosalind,simply your having in beard is a younger brother's,1495
Act III,Scene II,Rosalind,"revenue: then your hose should be ungartered, your",1496
Act III,Scene II,Rosalind,"bonnet unbanded, your sleeve unbuttoned, your shoe",1497
Act III,Scene II,Rosalind,untied and every thing about you demonstrating a,1498
Act III,Scene II,Rosalind,careless desolation; but you are no such man; you,1499
Act III,Scene II,Rosalind,are rather point-device in your accoutrements as,1500
Act III,Scene II,Rosalind,loving yourself than seeming the lover of any other.,1501
Act III,Scene II,Orlando,"Fair youth, I would I could make thee believe I love.",1502
Act III,Scene II,Rosalind,Me believe it! you may as soon make her that you,1503
Act III,Scene II,Rosalind,"love believe it; which, I warrant, she is apter to",1504
Act III,Scene II,Rosalind,do than to confess she does: that is one of the,1505
Act III,Scene II,Rosalind,points in the which women still give the lie to,1506
Act III,Scene II,Rosalind,"their consciences. But, in good sooth, are you he",1507
Act III,Scene II,Rosalind,"that hangs the verses on the trees, wherein Rosalind",1508
Act III,Scene II,Rosalind,is so admired?,1509
Act III,Scene II,Orlando,"I swear to thee, youth, by the white hand of",1510
Act III,Scene II,Orlando,"Rosalind, I am that he, that unfortunate he.",1511
Act III,Scene II,Rosalind,But are you so much in love as your rhymes speak?,1512
Act III,Scene II,Orlando,Neither rhyme nor reason can express how much.,1513
Act III,Scene II,Rosalind,"Love is merely a madness, and, I tell you, deserves",1514
Act III,Scene II,Rosalind,as well a dark house and a whip as madmen do: and,1515
Act III,Scene II,Rosalind,the reason why they are not so punished and cured,1516
Act III,Scene II,Rosalind,"is, that the lunacy is so ordinary that the whippers",1517
Act III,Scene II,Rosalind,are in love too. Yet I profess curing it by counsel.,1518
Act III,Scene II,Orlando,Did you ever cure any so?,1519
Act III,Scene II,Rosalind,"Yes, one, and in this manner. He was to imagine me",1520
Act III,Scene II,Rosalind,"his love, his mistress; and I set him every day to",1521
Act III,Scene II,Rosalind,"woo me: at which time would I, being but a moonish",1522
Act III,Scene II,Rosalind,"youth, grieve, be effeminate, changeable, longing",1523
Act III,Scene II,Rosalind,"and liking, proud, fantastical, apish, shallow,",1524
Act III,Scene II,Rosalind,"inconstant, full of tears, full of smiles, for every",1525
Act III,Scene II,Rosalind,passion something and for no passion truly any,1526
Act III,Scene II,Rosalind,"thing, as boys and women are for the most part",1527
Act III,Scene II,Rosalind,"cattle of this colour; would now like him, now loathe",1528
Act III,Scene II,Rosalind,"him; then entertain him, then forswear him; now weep",1529
Act III,Scene II,Rosalind,"for him, then spit at him; that I drave my suitor",1530
Act III,Scene II,Rosalind,from his mad humour of love to a living humour of,1531
Act III,Scene II,Rosalind,"madness; which was, to forswear the full stream of",1532
Act III,Scene II,Rosalind,"the world, and to live in a nook merely monastic.",1533
Act III,Scene II,Rosalind,And thus I cured him; and this way will I take upon,1534
Act III,Scene II,Rosalind,me to wash your liver as clean as a sound sheep's,1535
Act III,Scene II,Rosalind,"heart, that there shall not be one spot of love in't.",1536
Act III,Scene II,Orlando,"I would not be cured, youth.",1537
Act III,Scene II,Rosalind,"I would cure you, if you would but call me Rosalind",1538
Act III,Scene II,Rosalind,and come every day to my cote and woo me.,1539
Act III,Scene II,Orlando,"Now, by the faith of my love, I will: tell me",1540
Act III,Scene II,Orlando,where it is.,1541
Act III,Scene II,Rosalind,Go with me to it and I'll show it you and by the way,1542
Act III,Scene II,Rosalind,you shall tell me where in the forest you live.,1543
Act III,Scene II,Rosalind,Will you go?,1544
Act III,Scene II,Orlando,"With all my heart, good youth.",1545
Act III,Scene II,Rosalind,"Nay you must call me Rosalind. Come, sister, will you go?",1546
Act III,Scene II,[stage direction],Exeunt,NA
Act III,Scene III,[stage direction],Enter TOUCHSTONE and AUDREY; JAQUES behind,NA
Act III,Scene III,Touchstone,"Come apace, good Audrey: I will fetch up your",1547
Act III,Scene III,Touchstone,"goats, Audrey. And how, Audrey? am I the man yet?",1548
Act III,Scene III,Touchstone,doth my simple feature content you?,1549
Act III,Scene III,Audrey,Your features! Lord warrant us! what features!,1550
Act III,Scene III,Touchstone,"I am here with thee and thy goats, as the most",1551
Act III,Scene III,Touchstone,"capricious poet, honest Ovid, was among the Goths.",1552
Act III,Scene III,Jaques,"[Aside]  O knowledge ill-inhabited, worse than Jove",1553
Act III,Scene III,Jaques,in a thatched house!,1554
Act III,Scene III,Touchstone,"When a man's verses cannot be understood, nor a",1555
Act III,Scene III,Touchstone,man's good wit seconded with the forward child,1556
Act III,Scene III,Touchstone,"Understanding, it strikes a man more dead than a",1557
Act III,Scene III,Touchstone,"great reckoning in a little room. Truly, I would",1558
Act III,Scene III,Touchstone,the gods had made thee poetical.,1559
Act III,Scene III,Audrey,I do not know what 'poetical' is: is it honest in,1560
Act III,Scene III,Audrey,deed and word? is it a true thing?,1561
Act III,Scene III,Touchstone,"No, truly; for the truest poetry is the most",1562
Act III,Scene III,Touchstone,"feigning; and lovers are given to poetry, and what",1563
Act III,Scene III,Touchstone,they swear in poetry may be said as lovers they do feign.,1564
Act III,Scene III,Audrey,Do you wish then that the gods had made me poetical?,1565
Act III,Scene III,Touchstone,"I do, truly; for thou swearest to me thou art",1566
Act III,Scene III,Touchstone,"honest: now, if thou wert a poet, I might have some",1567
Act III,Scene III,Touchstone,hope thou didst feign.,1568
Act III,Scene III,Audrey,Would you not have me honest?,1569
Act III,Scene III,Touchstone,"No, truly, unless thou wert hard-favoured; for",1570
Act III,Scene III,Touchstone,honesty coupled to beauty is to have honey a sauce to sugar.,1571
Act III,Scene III,Jaques,[Aside]  A material fool!,1572
Act III,Scene III,Audrey,"Well, I am not fair; and therefore I pray the gods",1573
Act III,Scene III,Audrey,make me honest.,1574
Act III,Scene III,Touchstone,"Truly, and to cast away honesty upon a foul slut",1575
Act III,Scene III,Touchstone,were to put good meat into an unclean dish.,1576
Act III,Scene III,Audrey,"I am not a slut, though I thank the gods I am foul.",1577
Act III,Scene III,Touchstone,"Well, praised be the gods for thy foulness!",1578
Act III,Scene III,Touchstone,sluttishness may come hereafter. But be it as it may,1579
Act III,Scene III,Touchstone,"be, I will marry thee, and to that end I have been",1580
Act III,Scene III,Touchstone,"with Sir Oliver Martext, the vicar of the next",1581
Act III,Scene III,Touchstone,"village, who hath promised to meet me in this place",1582
Act III,Scene III,Touchstone,of the forest and to couple us.,1583
Act III,Scene III,Jaques,[Aside]  I would fain see this meeting.,1584
Act III,Scene III,Audrey,"Well, the gods give us joy!",1585
Act III,Scene III,Touchstone,"Amen. A man may, if he were of a fearful heart,",1586
Act III,Scene III,Touchstone,stagger in this attempt; for here we have no temple,1587
Act III,Scene III,Touchstone,"but the wood, no assembly but horn-beasts. But what",1588
Act III,Scene III,Touchstone,"though? C ourage! As horns are odious, they are",1589
Act III,Scene III,Touchstone,"necessary. It is said, 'many a man knows no end of",1590
Act III,Scene III,Touchstone,"his goods:' right; many a man has good horns, and",1591
Act III,Scene III,Touchstone,"knows no end of them. Well, that is the dowry of",1592
Act III,Scene III,Touchstone,his wife; 'tis none of his own getting. Horns?,1593
Act III,Scene III,Touchstone,"Even so. Poor men alone? No, no; the noblest deer",1594
Act III,Scene III,Touchstone,hath them as huge as the rascal. Is the single man,1595
Act III,Scene III,Touchstone,therefore blessed? No: as a walled town is more,1596
Act III,Scene III,Touchstone,"worthier than a village, so is the forehead of a",1597
Act III,Scene III,Touchstone,married man more honourable than the bare brow of a,1598
Act III,Scene III,Touchstone,bachelor; and by how much defence is better than no,1599
Act III,Scene III,Touchstone,"skill, by so much is a horn more precious than to",1600
Act III,Scene III,Touchstone,want. Here comes Sir Oliver.,1601
Act III,Scene III,[stage direction],Enter SIR OLIVER MARTEXT,NA
Act III,Scene III,Touchstone,"Sir Oliver Martext, you are well met: will you",1602
Act III,Scene III,Touchstone,"dispatch us here under this tree, or shall we go",1603
Act III,Scene III,Touchstone,with you to your chapel?,1604
Act III,Scene III,Sir Oliver Martext,Is there none here to give the woman?,1605
Act III,Scene III,Touchstone,I will not take her on gift of any man.,1606
Act III,Scene III,Sir Oliver Martext,"Truly, she must be given, or the marriage is not lawful.",1607
Act III,Scene III,Jaques,[Advancing],1608
Act III,Scene III,Jaques,"Proceed, proceed	I'll give her.",1609
Act III,Scene III,Touchstone,"Good even, good Master What-ye-call't: how do you,",1610
Act III,Scene III,Touchstone,sir? You are very well met: God 'ild you for your,1611
Act III,Scene III,Touchstone,last company: I am very glad to see you: even a,1612
Act III,Scene III,Touchstone,"toy in hand here, sir: nay, pray be covered.",1613
Act III,Scene III,Jaques,"Will you be married, motley?",1614
Act III,Scene III,Touchstone,"As the ox hath his bow, sir, the horse his curb and",1615
Act III,Scene III,Touchstone,"the falcon her bells, so man hath his desires; and",1616
Act III,Scene III,Touchstone,"as pigeons bill, so wedlock would be nibbling.",1617
Act III,Scene III,Jaques,"And will you, being a man of your breeding, be",1618
Act III,Scene III,Jaques,married under a bush like a beggar? Get you to,1619
Act III,Scene III,Jaques,"church, and have a good priest that can tell you",1620
Act III,Scene III,Jaques,what marriage is: this fellow will but join you,1621
Act III,Scene III,Jaques,together as they join wainscot; then one of you will,1622
Act III,Scene III,Jaques,"prove a shrunk panel and, like green timber, warp, warp.",1623
Act III,Scene III,Touchstone,[Aside]  I am not in the mind but I were better to be,1624
Act III,Scene III,Touchstone,married of him than of another: for he is not like,1625
Act III,Scene III,Touchstone,"to marry me well; and not being well married, it",1626
Act III,Scene III,Touchstone,will be a good excuse for me hereafter to leave my wife.,1627
Act III,Scene III,Jaques,"Go thou with me, and let me counsel thee.",1628
Act III,Scene III,Touchstone,"'Come, sweet Audrey:",1629
Act III,Scene III,Touchstone,"We must be married, or we must live in bawdry.",1630
Act III,Scene III,Touchstone,"Farewell, good Master Oliver: not,--",1631
Act III,Scene III,Touchstone,"O sweet Oliver,",1632
Act III,Scene III,Touchstone,"O brave Oliver,",1633
Act III,Scene III,Touchstone,"Leave me not behind thee: but,--",1634
Act III,Scene III,Touchstone,"Wind away,",1635
Act III,Scene III,Touchstone,"Begone, I say,",1636
Act III,Scene III,Touchstone,I will not to wedding with thee.,1637
Act III,Scene III,[stage direction],"Exeunt JAQUES, TOUCHSTONE and AUDREY",NA
Act III,Scene III,Sir Oliver Martext,'Tis no matter: ne'er a fantastical knave of them,1638
Act III,Scene III,Sir Oliver Martext,all shall flout me out of my calling.,1639
Act III,Scene III,[stage direction],Exit,NA
Act III,Scene IV,[stage direction],Enter ROSALIND and CELIA,NA
Act III,Scene IV,Rosalind,Never talk to me; I will weep.,1640
Act III,Scene IV,Celia,"Do, I prithee; but yet have the grace to consider",1641
Act III,Scene IV,Celia,that tears do not become a man.,1642
Act III,Scene IV,Rosalind,But have I not cause to weep?,1643
Act III,Scene IV,Celia,As good cause as one would desire; therefore weep.,1644
Act III,Scene IV,Rosalind,His very hair is of the dissembling colour.,1645
Act III,Scene IV,Celia,"Something browner than Judas's marry, his kisses are",1646
Act III,Scene IV,Celia,Judas's own children.,1647
Act III,Scene IV,Rosalind,"I' faith, his hair is of a good colour.",1648
Act III,Scene IV,Celia,An excellent colour: your chestnut was ever the only colour.,1649
Act III,Scene IV,Rosalind,And his kissing is as full of sanctity as the touch,1650
Act III,Scene IV,Rosalind,of holy bread.,1651
Act III,Scene IV,Celia,He hath bought a pair of cast lips of Diana: a nun,1652
Act III,Scene IV,Celia,of winter's sisterhood kisses not more religiously;,1653
Act III,Scene IV,Celia,the very ice of chastity is in them.,1654
Act III,Scene IV,Rosalind,"But why did he swear he would come this morning, and",1655
Act III,Scene IV,Rosalind,comes not?,1656
Act III,Scene IV,Celia,"Nay, certainly, there is no truth in him.",1657
Act III,Scene IV,Rosalind,Do you think so?,1658
Act III,Scene IV,Celia,Yes; I think he is not a pick-purse nor a,1659
Act III,Scene IV,Celia,"horse-stealer, but for his verity in love, I do",1660
Act III,Scene IV,Celia,think him as concave as a covered goblet or a,1661
Act III,Scene IV,Celia,worm-eaten nut.,1662
Act III,Scene IV,Rosalind,Not true in love?,1663
Act III,Scene IV,Celia,"Yes, when he is in; but I think he is not in.",1664
Act III,Scene IV,Rosalind,You have heard him swear downright he was.,1665
Act III,Scene IV,Celia,"'Was' is not 'is:' besides, the oath of a lover is",1666
Act III,Scene IV,Celia,no stronger than the word of a tapster; they are,1667
Act III,Scene IV,Celia,both the confirmer of false reckonings. He attends,1668
Act III,Scene IV,Celia,here in the forest on the duke your father.,1669
Act III,Scene IV,Rosalind,I met the duke yesterday and had much question with,1670
Act III,Scene IV,Rosalind,him: he asked me of what parentage I was; I told,1671
Act III,Scene IV,Rosalind,"him, of as good as he; so he laughed and let me go.",1672
Act III,Scene IV,Rosalind,"But what talk we of fathers, when there is such a",1673
Act III,Scene IV,Rosalind,man as Orlando?,1674
Act III,Scene IV,Celia,"O, that's a brave man! he writes brave verses,",1675
Act III,Scene IV,Celia,"speaks brave words, swears brave oaths and breaks",1676
Act III,Scene IV,Celia,"them bravely, quite traverse, athwart the heart of",1677
Act III,Scene IV,Celia,"his lover; as a puisny tilter, that spurs his horse",1678
Act III,Scene IV,Celia,"but on one side, breaks his staff like a noble",1679
Act III,Scene IV,Celia,goose: but all's brave that youth mounts and folly,1680
Act III,Scene IV,Celia,guides. Who comes here?,1681
Act III,Scene IV,[stage direction],Enter CORIN,NA
Act III,Scene IV,Corin,"Mistress and master, you have oft inquired",1682
Act III,Scene IV,Corin,"After the shepherd that complain'd of love,",1683
Act III,Scene IV,Corin,"Who you saw sitting by me on the turf,",1684
Act III,Scene IV,Corin,Praising the proud disdainful shepherdess,1685
Act III,Scene IV,Corin,That was his mistress.,1686
Act III,Scene IV,Celia,"Well, and what of him?",1687
Act III,Scene IV,Corin,"If you will see a pageant truly play'd,",1688
Act III,Scene IV,Corin,Between the pale complexion of true love,1689
Act III,Scene IV,Corin,"And the red glow of scorn and proud disdain,",1690
Act III,Scene IV,Corin,"Go hence a little and I shall conduct you,",1691
Act III,Scene IV,Corin,If you will mark it.,1692
Act III,Scene IV,Rosalind,"O, come, let us remove:",1693
Act III,Scene IV,Rosalind,The sight of lovers feedeth those in love.,1694
Act III,Scene IV,Rosalind,"Bring us to this sight, and you shall say",1695
Act III,Scene IV,Rosalind,I'll prove a busy actor in their play.,1696
Act III,Scene IV,[stage direction],Exeunt,NA
Act III,Scene V,[stage direction],Enter SILVIUS and PHEBE,NA
Act III,Scene V,Silvius,"Sweet Phebe, do not scorn me; do not, Phebe;",1697
Act III,Scene V,Silvius,"Say that you love me not, but say not so",1698
Act III,Scene V,Silvius,"In bitterness. The common executioner,",1699
Act III,Scene V,Silvius,"Whose heart the accustom'd sight of death makes hard,",1700
Act III,Scene V,Silvius,Falls not the axe upon the humbled neck,1701
Act III,Scene V,Silvius,But first begs pardon: will you sterner be,1702
Act III,Scene V,Silvius,Than he that dies and lives by bloody drops?,1703
Act III,Scene V,[stage direction],"Enter ROSALIND, CELIA, and CORIN, behind",NA
Act III,Scene V,Phebe,I would not be thy executioner:,1704
Act III,Scene V,Phebe,"I fly thee, for I would not injure thee.",1705
Act III,Scene V,Phebe,Thou tell'st me there is murder in mine eye:,1706
Act III,Scene V,Phebe,"'Tis pretty, sure, and very probable,",1707
Act III,Scene V,Phebe,"That eyes, that are the frail'st and softest things,",1708
Act III,Scene V,Phebe,"Who shut their coward gates on atomies,",1709
Act III,Scene V,Phebe,"Should be call'd tyrants, butchers, murderers!",1710
Act III,Scene V,Phebe,Now I do frown on thee with all my heart;,1711
Act III,Scene V,Phebe,"And if mine eyes can wound, now let them kill thee:",1712
Act III,Scene V,Phebe,Now counterfeit to swoon; why now fall down;,1713
Act III,Scene V,Phebe,"Or if thou canst not, O, for shame, for shame,",1714
Act III,Scene V,Phebe,"Lie not, to say mine eyes are murderers!",1715
Act III,Scene V,Phebe,Now show the wound mine eye hath made in thee:,1716
Act III,Scene V,Phebe,"Scratch thee but with a pin, and there remains",1717
Act III,Scene V,Phebe,"Some scar of it; lean but upon a rush,",1718
Act III,Scene V,Phebe,The cicatrice and capable impressure,1719
Act III,Scene V,Phebe,"Thy palm some moment keeps; but now mine eyes,",1720
Act III,Scene V,Phebe,"Which I have darted at thee, hurt thee not,",1721
Act III,Scene V,Phebe,"Nor, I am sure, there is no force in eyes",1722
Act III,Scene V,Phebe,That can do hurt.,1723
Act III,Scene V,Silvius,"O dear Phebe,",1724
Act III,Scene V,Silvius,"If ever,--as that ever may be near,--",1725
Act III,Scene V,Silvius,"You meet in some fresh cheek the power of fancy,",1726
Act III,Scene V,Silvius,Then shall you know the wounds invisible,1727
Act III,Scene V,Silvius,That love's keen arrows make.,1728
Act III,Scene V,Phebe,But till that time,1729
Act III,Scene V,Phebe,"Come not thou near me: and when that time comes,",1730
Act III,Scene V,Phebe,"Afflict me with thy mocks, pity me not;",1731
Act III,Scene V,Phebe,As till that time I shall not pity thee.,1732
Act III,Scene V,Rosalind,"And why, I pray you? Who might be your mother,",1733
Act III,Scene V,Rosalind,"That you insult, exult, and all at once,",1734
Act III,Scene V,Rosalind,"Over the wretched? What though you have no beauty,--",1735
Act III,Scene V,Rosalind,"As, by my faith, I see no more in you",1736
Act III,Scene V,Rosalind,Than without candle may go dark to bed--,1737
Act III,Scene V,Rosalind,Must you be therefore proud and pitiless?,1738
Act III,Scene V,Rosalind,"Why, what means this? Why do you look on me?",1739
Act III,Scene V,Rosalind,I see no more in you than in the ordinary,1740
Act III,Scene V,Rosalind,"Of nature's sale-work. 'Od's my little life,",1741
Act III,Scene V,Rosalind,I think she means to tangle my eyes too!,1742
Act III,Scene V,Rosalind,"No, faith, proud mistress, hope not after it:",1743
Act III,Scene V,Rosalind,"'Tis not your inky brows, your black silk hair,",1744
Act III,Scene V,Rosalind,"Your bugle eyeballs, nor your cheek of cream,",1745
Act III,Scene V,Rosalind,That can entame my spirits to your worship.,1746
Act III,Scene V,Rosalind,"You foolish shepherd, wherefore do you follow her,",1747
Act III,Scene V,Rosalind,Like foggy south puffing with wind and rain?,1748
Act III,Scene V,Rosalind,You are a thousand times a properer man,1749
Act III,Scene V,Rosalind,Than she a woman: 'tis such fools as you,1750
Act III,Scene V,Rosalind,That makes the world full of ill-favour'd children:,1751
Act III,Scene V,Rosalind,"'Tis not her glass, but you, that flatters her;",1752
Act III,Scene V,Rosalind,And out of you she sees herself more proper,1753
Act III,Scene V,Rosalind,Than any of her lineaments can show her.,1754
Act III,Scene V,Rosalind,"But, mistress, know yourself: down on your knees,",1755
Act III,Scene V,Rosalind,"And thank heaven, fasting, for a good man's love:",1756
Act III,Scene V,Rosalind,"For I must tell you friendly in your ear,",1757
Act III,Scene V,Rosalind,Sell when you can: you are not for all markets:,1758
Act III,Scene V,Rosalind,Cry the man mercy; love him; take his offer:,1759
Act III,Scene V,Rosalind,"Foul is most foul, being foul to be a scoffer.",1760
Act III,Scene V,Rosalind,"So take her to thee, shepherd: fare you well.",1761
Act III,Scene V,Phebe,"Sweet youth, I pray you, chide a year together:",1762
Act III,Scene V,Phebe,I had rather hear you chide than this man woo.,1763
Act III,Scene V,Rosalind,He's fallen in love with your foulness and she'll,1764
Act III,Scene V,Rosalind,"fall in love with my anger. If it be so, as fast as",1765
Act III,Scene V,Rosalind,"she answers thee with frowning looks, I'll sauce her",1766
Act III,Scene V,Rosalind,with bitter words. Why look you so upon me?,1767
Act III,Scene V,Phebe,For no ill will I bear you.,1768
Act III,Scene V,Rosalind,"I pray you, do not fall in love with me,",1769
Act III,Scene V,Rosalind,For I am falser than vows made in wine:,1770
Act III,Scene V,Rosalind,"Besides, I like you not. If you will know my house,",1771
Act III,Scene V,Rosalind,'Tis at the tuft of olives here hard by.,1772
Act III,Scene V,Rosalind,"Will you go, sister? Shepherd, ply her hard.",1773
Act III,Scene V,Rosalind,"Come, sister. Shepherdess, look on him better,",1774
Act III,Scene V,Rosalind,"And be not proud: though all the world could see,",1775
Act III,Scene V,Rosalind,None could be so abused in sight as he.,1776
Act III,Scene V,Rosalind,"Come, to our flock.",1777
Act III,Scene V,[stage direction],"Exeunt ROSALIND, CELIA and CORIN",NA
Act III,Scene V,Phebe,"Dead Shepherd, now I find thy saw of might,",1778
Act III,Scene V,Phebe,'Who ever loved that loved not at first sight?',1779
Act III,Scene V,Silvius,"Sweet Phebe,--",1780
Act III,Scene V,Phebe,"Ha, what say'st thou, Silvius?",1781
Act III,Scene V,Silvius,"Sweet Phebe, pity me.",1782
Act III,Scene V,Phebe,"Why, I am sorry for thee, gentle Silvius.",1783
Act III,Scene V,Silvius,"Wherever sorrow is, relief would be:",1784
Act III,Scene V,Silvius,"If you do sorrow at my grief in love,",1785
Act III,Scene V,Silvius,By giving love your sorrow and my grief,1786
Act III,Scene V,Silvius,Were both extermined.,1787
Act III,Scene V,Phebe,Thou hast my love: is not that neighbourly?,1788
Act III,Scene V,Silvius,I would have you.,1789
Act III,Scene V,Phebe,"Why, that were covetousness.",1790
Act III,Scene V,Phebe,"Silvius, the time was that I hated thee,",1791
Act III,Scene V,Phebe,And yet it is not that I bear thee love;,1792
Act III,Scene V,Phebe,"But since that thou canst talk of love so well,",1793
Act III,Scene V,Phebe,"Thy company, which erst was irksome to me,",1794
Act III,Scene V,Phebe,"I will endure, and I'll employ thee too:",1795
Act III,Scene V,Phebe,But do not look for further recompense,1796
Act III,Scene V,Phebe,Than thine own gladness that thou art employ'd.,1797
Act III,Scene V,Silvius,"So holy and so perfect is my love,",1798
Act III,Scene V,Silvius,"And I in such a poverty of grace,",1799
Act III,Scene V,Silvius,That I shall think it a most plenteous crop,1800
Act III,Scene V,Silvius,To glean the broken ears after the man,1801
Act III,Scene V,Silvius,That the main harvest reaps: loose now and then,1802
Act III,Scene V,Silvius,"A scatter'd smile, and that I'll live upon.",1803
Act III,Scene V,Phebe,Know'st now the youth that spoke to me erewhile?,1804
Act III,Scene V,Silvius,"Not very well, but I have met him oft;",1805
Act III,Scene V,Silvius,And he hath bought the cottage and the bounds,1806
Act III,Scene V,Silvius,That the old carlot once was master of.,1807
Act III,Scene V,Phebe,"Think not I love him, though I ask for him:",1808
Act III,Scene V,Phebe,'Tis but a peevish boy; yet he talks well;,1809
Act III,Scene V,Phebe,But what care I for words? yet words do well,1810
Act III,Scene V,Phebe,When he that speaks them pleases those that hear.,1811
Act III,Scene V,Phebe,It is a pretty youth: not very pretty:,1812
Act III,Scene V,Phebe,"But, sure, he's proud, and yet his pride becomes him:",1813
Act III,Scene V,Phebe,He'll make a proper man: the best thing in him,1814
Act III,Scene V,Phebe,Is his complexion; and faster than his tongue,1815
Act III,Scene V,Phebe,Did make offence his eye did heal it up.,1816
Act III,Scene V,Phebe,He is not very tall; yet for his years he's tall:,1817
Act III,Scene V,Phebe,His leg is but so so; and yet 'tis well:,1818
Act III,Scene V,Phebe,"There was a pretty redness in his lip,",1819
Act III,Scene V,Phebe,A little riper and more lusty red,1820
Act III,Scene V,Phebe,Than that mix'd in his cheek; 'twas just the difference,1821
Act III,Scene V,Phebe,Between the constant red and mingled damask.,1822
Act III,Scene V,Phebe,"There be some women, Silvius, had they mark'd him",1823
Act III,Scene V,Phebe,"In parcels as I did, would have gone near",1824
Act III,Scene V,Phebe,"To fall in love with him; but, for my part,",1825
Act III,Scene V,Phebe,I love him not nor hate him not; and yet,1826
Act III,Scene V,Phebe,I have more cause to hate him than to love him:,1827
Act III,Scene V,Phebe,For what had he to do to chide at me?,1828
Act III,Scene V,Phebe,He said mine eyes were black and my hair black:,1829
Act III,Scene V,Phebe,"And, now I am remember'd, scorn'd at me:",1830
Act III,Scene V,Phebe,I marvel why I answer'd not again:,1831
Act III,Scene V,Phebe,But that's all one; omittance is no quittance.,1832
Act III,Scene V,Phebe,"I'll write to him a very taunting letter,",1833
Act III,Scene V,Phebe,"And thou shalt bear it: wilt thou, Silvius?",1834
Act III,Scene V,Silvius,"Phebe, with all my heart.",1835
Act III,Scene V,Phebe,I'll write it straight;,1836
Act III,Scene V,Phebe,The matter's in my head and in my heart:,1837
Act III,Scene V,Phebe,I will be bitter with him and passing short.,1838
Act III,Scene V,Phebe,"Go with me, Silvius.",1839
Act III,Scene V,[stage direction],Exeunt,NA
Act IV,Scene I,[stage direction],"Enter ROSALIND, CELIA, and JAQUES",NA
Act IV,Scene I,Jaques,"I prithee, pretty youth, let me be better acquainted",1840
Act IV,Scene I,Jaques,with thee.,1841
Act IV,Scene I,Rosalind,They say you are a melancholy fellow.,1842
Act IV,Scene I,Jaques,I am so; I do love it better than laughing.,1843
Act IV,Scene I,Rosalind,Those that are in extremity of either are abominable,1844
Act IV,Scene I,Rosalind,fellows and betray themselves to every modern,1845
Act IV,Scene I,Rosalind,censure worse than drunkards.,1846
Act IV,Scene I,Jaques,"Why, 'tis good to be sad and say nothing.",1847
Act IV,Scene I,Rosalind,"Why then, 'tis good to be a post.",1848
Act IV,Scene I,Jaques,"I have neither the scholar's melancholy, which is",1849
Act IV,Scene I,Jaques,"emulation, nor the musician's, which is fantastical,",1850
Act IV,Scene I,Jaques,"nor the courtier's, which is proud, nor the",1851
Act IV,Scene I,Jaques,"soldier's, which is ambitious, nor the lawyer's,",1852
Act IV,Scene I,Jaques,"which is politic, nor the lady's, which is nice, nor",1853
Act IV,Scene I,Jaques,"the lover's, which is all these: but it is a",1854
Act IV,Scene I,Jaques,"melancholy of mine own, compounded of many simples,",1855
Act IV,Scene I,Jaques,"extracted from many objects, and indeed the sundry's",1856
Act IV,Scene I,Jaques,"contemplation of my travels, in which my often",1857
Act IV,Scene I,Jaques,rumination wraps me m a most humorous sadness.,1858
Act IV,Scene I,Rosalind,"A traveller! By my faith, you have great reason to",1859
Act IV,Scene I,Rosalind,be sad: I fear you have sold your own lands to see,1860
Act IV,Scene I,Rosalind,"other men's; then, to have seen much and to have",1861
Act IV,Scene I,Rosalind,"nothing, is to have rich eyes and poor hands.",1862
Act IV,Scene I,Jaques,"Yes, I have gained my experience.",1863
Act IV,Scene I,Rosalind,And your experience makes you sad: I had rather have,1864
Act IV,Scene I,Rosalind,a fool to make me merry than experience to make me,1865
Act IV,Scene I,Rosalind,sad; and to travel for it too!,1866
Act IV,Scene I,[stage direction],Enter ORLANDO,NA
Act IV,Scene I,Orlando,"Good day and happiness, dear Rosalind!",1867
Act IV,Scene I,Jaques,"Nay, then, God be wi' you, an you talk in blank verse.",1868
Act IV,Scene I,[stage direction],Exit,NA
Act IV,Scene I,Rosalind,"Farewell, Monsieur Traveller: look you lisp and",1869
Act IV,Scene I,Rosalind,"wear strange suits, disable all the benefits of your",1870
Act IV,Scene I,Rosalind,"own country, be out of love with your nativity and",1871
Act IV,Scene I,Rosalind,almost chide God for making you that countenance you,1872
Act IV,Scene I,Rosalind,"are, or I will scarce think you have swam in a",1873
Act IV,Scene I,Rosalind,"gondola. Why, how now, Orlando! where have you been",1874
Act IV,Scene I,Rosalind,all this while? You a lover! An you serve me such,1875
Act IV,Scene I,Rosalind,"another trick, never come in my sight more.",1876
Act IV,Scene I,Orlando,"My fair Rosalind, I come within an hour of my promise.",1877
Act IV,Scene I,Rosalind,Break an hour's promise in love! He that will,1878
Act IV,Scene I,Rosalind,divide a minute into a thousand parts and break but,1879
Act IV,Scene I,Rosalind,a part of the thousandth part of a minute in the,1880
Act IV,Scene I,Rosalind,"affairs of love, it may be said of him that Cupid",1881
Act IV,Scene I,Rosalind,"hath clapped him o' the shoulder, but I'll warrant",1882
Act IV,Scene I,Rosalind,him heart-whole.,1883
Act IV,Scene I,Orlando,"Pardon me, dear Rosalind.",1884
Act IV,Scene I,Rosalind,"Nay, an you be so tardy, come no more in my sight: I",1885
Act IV,Scene I,Rosalind,had as lief be wooed of a snail.,1886
Act IV,Scene I,Orlando,Of a snail?,1887
Act IV,Scene I,Rosalind,"Ay, of a snail; for though he comes slowly, he",1888
Act IV,Scene I,Rosalind,"carries his house on his head; a better jointure,",1889
Act IV,Scene I,Rosalind,"I think, than you make a woman: besides he brings",1890
Act IV,Scene I,Rosalind,his destiny with him.,1891
Act IV,Scene I,Orlando,What's that?,1892
Act IV,Scene I,Rosalind,"Why, horns, which such as you are fain to be",1893
Act IV,Scene I,Rosalind,beholding to your wives for: but he comes armed in,1894
Act IV,Scene I,Rosalind,his fortune and prevents the slander of his wife.,1895
Act IV,Scene I,Orlando,Virtue is no horn-maker; and my Rosalind is virtuous.,1896
Act IV,Scene I,Rosalind,And I am your Rosalind.,1897
Act IV,Scene I,Celia,It pleases him to call you so; but he hath a,1898
Act IV,Scene I,Celia,Rosalind of a better leer than you.,1899
Act IV,Scene I,Rosalind,"Come, woo me, woo me, for now I am in a holiday",1900
Act IV,Scene I,Rosalind,humour and like enough to consent. What would you,1901
Act IV,Scene I,Rosalind,"say to me now, an I were your very very Rosalind?",1902
Act IV,Scene I,Orlando,I would kiss before I spoke.,1903
Act IV,Scene I,Rosalind,"Nay, you were better speak first, and when you were",1904
Act IV,Scene I,Rosalind,"gravelled for lack of matter, you might take",1905
Act IV,Scene I,Rosalind,"occasion to kiss. Very good orators, when they are",1906
Act IV,Scene I,Rosalind,"out, they will spit; and for lovers lacking--God",1907
Act IV,Scene I,Rosalind,"warn us!--matter, the cleanliest shift is to kiss.",1908
Act IV,Scene I,Orlando,How if the kiss be denied?,1909
Act IV,Scene I,Rosalind,"Then she puts you to entreaty, and there begins new matter.",1910
Act IV,Scene I,Orlando,"Who could be out, being before his beloved mistress?",1911
Act IV,Scene I,Rosalind,"Marry, that should you, if I were your mistress, or",1912
Act IV,Scene I,Rosalind,I should think my honesty ranker than my wit.,1913
Act IV,Scene I,Orlando,"What, of my suit?",1914
Act IV,Scene I,Rosalind,"Not out of your apparel, and yet out of your suit.",1915
Act IV,Scene I,Rosalind,Am not I your Rosalind?,1916
Act IV,Scene I,Orlando,"I take some joy to say you are, because I would be",1917
Act IV,Scene I,Orlando,talking of her.,1918
Act IV,Scene I,Rosalind,Well in her person I say I will not have you.,1919
Act IV,Scene I,Orlando,Then in mine own person I die.,1920
Act IV,Scene I,Rosalind,"No, faith, die by attorney. The poor world is",1921
Act IV,Scene I,Rosalind,"almost six thousand years old, and in all this time",1922
Act IV,Scene I,Rosalind,"there was not any man died in his own person,",1923
Act IV,Scene I,Rosalind,"videlicit, in a love-cause. Troilus had his brains",1924
Act IV,Scene I,Rosalind,dashed out with a Grecian club; yet he did what he,1925
Act IV,Scene I,Rosalind,"could to die before, and he is one of the patterns",1926
Act IV,Scene I,Rosalind,"of love. Leander, he would have lived many a fair",1927
Act IV,Scene I,Rosalind,"year, though Hero had turned nun, if it had not been",1928
Act IV,Scene I,Rosalind,"for a hot midsummer night; for, good youth, he went",1929
Act IV,Scene I,Rosalind,but forth to wash him in the Hellespont and being,1930
Act IV,Scene I,Rosalind,taken with the cramp was drowned and the foolish,1931
Act IV,Scene I,Rosalind,coroners of that age found it was 'Hero of Sestos.',1932
Act IV,Scene I,Rosalind,But these are all lies: men have died from time to,1933
Act IV,Scene I,Rosalind,"time and worms have eaten them, but not for love.",1934
Act IV,Scene I,Orlando,"I would not have my right Rosalind of this mind,",1935
Act IV,Scene I,Orlando,"for, I protest, her frown might kill me.",1936
Act IV,Scene I,Rosalind,"By this hand, it will not kill a fly. But come, now",1937
Act IV,Scene I,Rosalind,I will be your Rosalind in a more coming-on,1938
Act IV,Scene I,Rosalind,"disposition, and ask me what you will. I will grant",1939
Act IV,Scene I,Rosalind,it.,1940
Act IV,Scene I,Orlando,"Then love me, Rosalind.",1941
Act IV,Scene I,Rosalind,"Yes, faith, will I, Fridays and Saturdays and all.",1942
Act IV,Scene I,Orlando,And wilt thou have me?,1943
Act IV,Scene I,Rosalind,"Ay, and twenty such.",1944
Act IV,Scene I,Orlando,What sayest thou?,1945
Act IV,Scene I,Rosalind,Are you not good?,1946
Act IV,Scene I,Orlando,I hope so.,1947
Act IV,Scene I,Rosalind,"Why then, can one desire too much of a good thing?",1948
Act IV,Scene I,Rosalind,"Come, sister, you shall be the priest and marry us.",1949
Act IV,Scene I,Rosalind,"Give me your hand, Orlando. What do you say, sister?",1950
Act IV,Scene I,Orlando,"Pray thee, marry us.",1951
Act IV,Scene I,Celia,I cannot say the words.,1952
Act IV,Scene I,Rosalind,"You must begin, 'Will you, Orlando--'",1953
Act IV,Scene I,Celia,"Go to. Will you, Orlando, have to wife this Rosalind?",1954
Act IV,Scene I,Orlando,I will.,1955
Act IV,Scene I,Rosalind,"Ay, but when?",1956
Act IV,Scene I,Orlando,Why now; as fast as she can marry us.,1957
Act IV,Scene I,Rosalind,"Then you must say 'I take thee, Rosalind, for wife.'",1958
Act IV,Scene I,Orlando,"I take thee, Rosalind, for wife.",1959
Act IV,Scene I,Rosalind,I might ask you for your commission; but I do take,1960
Act IV,Scene I,Rosalind,"thee, Orlando, for my husband: there's a girl goes",1961
Act IV,Scene I,Rosalind,before the priest; and certainly a woman's thought,1962
Act IV,Scene I,Rosalind,runs before her actions.,1963
Act IV,Scene I,Orlando,So do all thoughts; they are winged.,1964
Act IV,Scene I,Rosalind,Now tell me how long you would have her after you,1965
Act IV,Scene I,Rosalind,have possessed her.,1966
Act IV,Scene I,Orlando,For ever and a day.,1967
Act IV,Scene I,Rosalind,"Say 'a day,' without the 'ever.' No, no, Orlando;",1968
Act IV,Scene I,Rosalind,"men are April when they woo, December when they wed:",1969
Act IV,Scene I,Rosalind,"maids are May when they are maids, but the sky",1970
Act IV,Scene I,Rosalind,changes when they are wives. I will be more jealous,1971
Act IV,Scene I,Rosalind,"of thee than a Barbary cock-pigeon over his hen,",1972
Act IV,Scene I,Rosalind,"more clamorous than a parrot against rain, more",1973
Act IV,Scene I,Rosalind,"new-fangled than an ape, more giddy in my desires",1974
Act IV,Scene I,Rosalind,"than a monkey: I will weep for nothing, like Diana",1975
Act IV,Scene I,Rosalind,"in the fountain, and I will do that when you are",1976
Act IV,Scene I,Rosalind,"disposed to be merry; I will laugh like a hyen, and",1977
Act IV,Scene I,Rosalind,that when thou art inclined to sleep.,1978
Act IV,Scene I,Orlando,But will my Rosalind do so?,1979
Act IV,Scene I,Rosalind,"By my life, she will do as I do.",1980
Act IV,Scene I,Orlando,"O, but she is wise.",1981
Act IV,Scene I,Rosalind,Or else she could not have the wit to do this: the,1982
Act IV,Scene I,Rosalind,"wiser, the waywarder: make the doors upon a woman's",1983
Act IV,Scene I,Rosalind,wit and it will out at the casement; shut that and,1984
Act IV,Scene I,Rosalind,"'twill out at the key-hole; stop that, 'twill fly",1985
Act IV,Scene I,Rosalind,with the smoke out at the chimney.,1986
Act IV,Scene I,Orlando,"A man that had a wife with such a wit, he might say",1987
Act IV,Scene I,Orlando,"'Wit, whither wilt?'",1988
Act IV,Scene I,Rosalind,"Nay, you might keep that cheque for it till you met",1989
Act IV,Scene I,Rosalind,your wife's wit going to your neighbour's bed.,1990
Act IV,Scene I,Orlando,And what wit could wit have to excuse that?,1991
Act IV,Scene I,Rosalind,"Marry, to say she came to seek you there. You shall",1992
Act IV,Scene I,Rosalind,"never take her without her answer, unless you take",1993
Act IV,Scene I,Rosalind,"her without her tongue. O, that woman that cannot",1994
Act IV,Scene I,Rosalind,"make her fault her husband's occasion, let her",1995
Act IV,Scene I,Rosalind,"never nurse her child herself, for she will breed",1996
Act IV,Scene I,Rosalind,it like a fool!,1997
Act IV,Scene I,Orlando,"For these two hours, Rosalind, I will leave thee.",1998
Act IV,Scene I,Rosalind,"Alas! dear love, I cannot lack thee two hours.",1999
Act IV,Scene I,Orlando,I must attend the duke at dinner: by two o'clock I,2000
Act IV,Scene I,Orlando,will be with thee again.,2001
Act IV,Scene I,Rosalind,"Ay, go your ways, go your ways; I knew what you",2002
Act IV,Scene I,Rosalind,"would prove: my friends told me as much, and I",2003
Act IV,Scene I,Rosalind,thought no less: that flattering tongue of yours,2004
Act IV,Scene I,Rosalind,"won me: 'tis but one cast away, and so, come,",2005
Act IV,Scene I,Rosalind,death! Two o'clock is your hour?,2006
Act IV,Scene I,Orlando,"Ay, sweet Rosalind.",2007
Act IV,Scene I,Rosalind,"By my troth, and in good earnest, and so God mend",2008
Act IV,Scene I,Rosalind,"me, and by all pretty oaths that are not dangerous,",2009
Act IV,Scene I,Rosalind,if you break one jot of your promise or come one,2010
Act IV,Scene I,Rosalind,"minute behind your hour, I will think you the most",2011
Act IV,Scene I,Rosalind,pathetical break-promise and the most hollow lover,2012
Act IV,Scene I,Rosalind,and the most unworthy of her you call Rosalind that,2013
Act IV,Scene I,Rosalind,may be chosen out of the gross band of the,2014
Act IV,Scene I,Rosalind,unfaithful: therefore beware my censure and keep,2015
Act IV,Scene I,Rosalind,your promise.,2016
Act IV,Scene I,Orlando,With no less religion than if thou wert indeed my,2017
Act IV,Scene I,Orlando,Rosalind: so adieu.,2018
Act IV,Scene I,Rosalind,"Well, Time is the old justice that examines all such",2019
Act IV,Scene I,Rosalind,"offenders, and let Time try: adieu.",2020
Act IV,Scene I,[stage direction],Exit ORLANDO,NA
Act IV,Scene I,Celia,You have simply misused our sex in your love-prate:,2021
Act IV,Scene I,Celia,we must have your doublet and hose plucked over your,2022
Act IV,Scene I,Celia,"head, and show the world what the bird hath done to",2023
Act IV,Scene I,Celia,her own nest.,2024
Act IV,Scene I,Rosalind,"O coz, coz, coz, my pretty little coz, that thou",2025
Act IV,Scene I,Rosalind,didst know how many fathom deep I am in love! But,2026
Act IV,Scene I,Rosalind,it cannot be sounded: my affection hath an unknown,2027
Act IV,Scene I,Rosalind,"bottom, like the bay of Portugal.",2028
Act IV,Scene I,Celia,"Or rather, bottomless, that as fast as you pour",2029
Act IV,Scene I,Celia,"affection in, it runs out.",2030
Act IV,Scene I,Rosalind,"No, that same wicked bastard of Venus that was begot",2031
Act IV,Scene I,Rosalind,"of thought, conceived of spleen and born of madness,",2032
Act IV,Scene I,Rosalind,that blind rascally boy that abuses every one's eyes,2033
Act IV,Scene I,Rosalind,"because his own are out, let him be judge how deep I",2034
Act IV,Scene I,Rosalind,"am in love. I'll tell thee, Aliena, I cannot be out",2035
Act IV,Scene I,Rosalind,of the sight of Orlando: I'll go find a shadow and,2036
Act IV,Scene I,Rosalind,sigh till he come.,2037
Act IV,Scene I,Celia,And I'll sleep.,2038
Act IV,Scene I,[stage direction],Exeunt,NA
Act IV,Scene II,[stage direction],"Enter JAQUES, Lords, and Foresters",NA
Act IV,Scene II,Jaques,Which is he that killed the deer?,2039
Act IV,Scene II,A Lord,"Sir, it was I.",2040
Act IV,Scene II,Jaques,"Let's present him to the duke, like a Roman",2041
Act IV,Scene II,Jaques,conqueror; and it would do well to set the deer's,2042
Act IV,Scene II,Jaques,"horns upon his head, for a branch of victory. Have",2043
Act IV,Scene II,Jaques,"you no song, forester, for this purpose?",2044
Act IV,Scene II,Forester,"Yes, sir.",2045
Act IV,Scene II,Jaques,"Sing it: 'tis no matter how it be in tune, so it",2046
Act IV,Scene II,Jaques,make noise enough.,2047
Act IV,Scene II,Jaques,SONG.,2048
Act IV,Scene II,Forester,What shall he have that kill'd the deer?,2049
Act IV,Scene II,Forester,His leather skin and horns to wear.,2050
Act IV,Scene II,Forester,Then sing him home;,2051
Act IV,Scene II,[stage direction],The rest shall bear this burden,NA
Act IV,Scene II,Forester,Take thou no scorn to wear the horn;,2052
Act IV,Scene II,Forester,It was a crest ere thou wast born:,2053
Act IV,Scene II,Forester,"Thy father's father wore it,",2054
Act IV,Scene II,Forester,And thy father bore it:,2055
Act IV,Scene II,Forester,"The horn, the horn, the lusty horn",2056
Act IV,Scene II,Forester,Is not a thing to laugh to scorn.,2057
Act IV,Scene II,[stage direction],Exeunt,NA
Act IV,Scene III,[stage direction],Enter ROSALIND and CELIA,NA
Act IV,Scene III,Rosalind,How say you now? Is it not past two o'clock? and,2058
Act IV,Scene III,Rosalind,here much Orlando!,2059
Act IV,Scene III,Celia,"I warrant you, with pure love and troubled brain, he",2060
Act IV,Scene III,Celia,hath ta'en his bow and arrows and is gone forth to,2061
Act IV,Scene III,Celia,"sleep. Look, who comes here.",2062
Act IV,Scene III,[stage direction],Enter SILVIUS,NA
Act IV,Scene III,Silvius,"My errand is to you, fair youth;",2063
Act IV,Scene III,Silvius,My gentle Phebe bid me give you this:,2064
Act IV,Scene III,Silvius,"I know not the contents; but, as I guess",2065
Act IV,Scene III,Silvius,By the stern brow and waspish action,2066
Act IV,Scene III,Silvius,"Which she did use as she was writing of it,",2067
Act IV,Scene III,Silvius,It bears an angry tenor: pardon me:,2068
Act IV,Scene III,Silvius,I am but as a guiltless messenger.,2069
Act IV,Scene III,Rosalind,Patience herself would startle at this letter,2070
Act IV,Scene III,Rosalind,"And play the swaggerer; bear this, bear all:",2071
Act IV,Scene III,Rosalind,"She says I am not fair, that I lack manners;",2072
Act IV,Scene III,Rosalind,"She calls me proud, and that she could not love me,",2073
Act IV,Scene III,Rosalind,Were man as rare as phoenix. 'Od's my will!,2074
Act IV,Scene III,Rosalind,Her love is not the hare that I do hunt:,2075
Act IV,Scene III,Rosalind,"Why writes she so to me? Well, shepherd, well,",2076
Act IV,Scene III,Rosalind,This is a letter of your own device.,2077
Act IV,Scene III,Silvius,"No, I protest, I know not the contents:",2078
Act IV,Scene III,Silvius,Phebe did write it.,2079
Act IV,Scene III,Rosalind,"Come, come, you are a fool",2080
Act IV,Scene III,Rosalind,And turn'd into the extremity of love.,2081
Act IV,Scene III,Rosalind,I saw her hand: she has a leathern hand.,2082
Act IV,Scene III,Rosalind,A freestone-colour'd hand; I verily did think,2083
Act IV,Scene III,Rosalind,"That her old gloves were on, but 'twas her hands:",2084
Act IV,Scene III,Rosalind,She has a huswife's hand; but that's no matter:,2085
Act IV,Scene III,Rosalind,I say she never did invent this letter;,2086
Act IV,Scene III,Rosalind,This is a man's invention and his hand.,2087
Act IV,Scene III,Silvius,"Sure, it is hers.",2088
Act IV,Scene III,Rosalind,"Why, 'tis a boisterous and a cruel style.",2089
Act IV,Scene III,Rosalind,"A style for-challengers; why, she defies me,",2090
Act IV,Scene III,Rosalind,Like Turk to Christian: women's gentle brain,2091
Act IV,Scene III,Rosalind,Could not drop forth such giant-rude invention,2092
Act IV,Scene III,Rosalind,"Such Ethiope words, blacker in their effect",2093
Act IV,Scene III,Rosalind,Than in their countenance. Will you hear the letter?,2094
Act IV,Scene III,Silvius,"So please you, for I never heard it yet;",2095
Act IV,Scene III,Silvius,Yet heard too much of Phebe's cruelty.,2096
Act IV,Scene III,Rosalind,She Phebes me: mark how the tyrant writes.,2097
Act IV,Scene III,[stage direction],Reads,NA
Act IV,Scene III,Rosalind,"Art thou god to shepherd turn'd,",2098
Act IV,Scene III,Rosalind,That a maiden's heart hath burn'd?,2099
Act IV,Scene III,Rosalind,Can a woman rail thus?,2100
Act IV,Scene III,Silvius,Call you this railing?,2101
Act IV,Scene III,Rosalind,[Reads],2102
Act IV,Scene III,Rosalind,"Why, thy godhead laid apart,",2103
Act IV,Scene III,Rosalind,Warr'st thou with a woman's heart?,2104
Act IV,Scene III,Rosalind,Did you ever hear such railing?,2105
Act IV,Scene III,Rosalind,"Whiles the eye of man did woo me,",2106
Act IV,Scene III,Rosalind,That could do no vengeance to me.,2107
Act IV,Scene III,Rosalind,Meaning me a beast.,2108
Act IV,Scene III,Rosalind,If the scorn of your bright eyne,2109
Act IV,Scene III,Rosalind,"Have power to raise such love in mine,",2110
Act IV,Scene III,Rosalind,"Alack, in me what strange effect",2111
Act IV,Scene III,Rosalind,Would they work in mild aspect!,2112
Act IV,Scene III,Rosalind,"Whiles you chid me, I did love;",2113
Act IV,Scene III,Rosalind,How then might your prayers move!,2114
Act IV,Scene III,Rosalind,He that brings this love to thee,2115
Act IV,Scene III,Rosalind,Little knows this love in me:,2116
Act IV,Scene III,Rosalind,And by him seal up thy mind;,2117
Act IV,Scene III,Rosalind,Whether that thy youth and kind,2118
Act IV,Scene III,Rosalind,Will the faithful offer take,2119
Act IV,Scene III,Rosalind,Of me and all that I can make;,2120
Act IV,Scene III,Rosalind,"Or else by him my love deny,",2121
Act IV,Scene III,Rosalind,And then I'll study how to die.,2122
Act IV,Scene III,Silvius,Call you this chiding?,2123
Act IV,Scene III,Celia,"Alas, poor shepherd!",2124
Act IV,Scene III,Rosalind,"Do you pity him? no, he deserves no pity. Wilt",2125
Act IV,Scene III,Rosalind,"thou love such a woman? What, to make thee an",2126
Act IV,Scene III,Rosalind,instrument and play false strains upon thee! not to,2127
Act IV,Scene III,Rosalind,"be endured! Well, go your way to her, for I see",2128
Act IV,Scene III,Rosalind,"love hath made thee a tame snake, and say this to",2129
Act IV,Scene III,Rosalind,"her: that if she love me, I charge her to love",2130
Act IV,Scene III,Rosalind,"thee; if she will not, I will never have her unless",2131
Act IV,Scene III,Rosalind,"thou entreat for her. If you be a true lover,",2132
Act IV,Scene III,Rosalind,"hence, and not a word; for here comes more company.",2133
Act IV,Scene III,[stage direction],Exit SILVIUS,NA
Act IV,Scene III,[stage direction],Enter OLIVER,NA
Act IV,Scene III,Oliver,"Good morrow, fair ones: pray you, if you know,",2134
Act IV,Scene III,Oliver,Where in the purlieus of this forest stands,2135
Act IV,Scene III,Oliver,A sheep-cote fenced about with olive trees?,2136
Act IV,Scene III,Celia,"West of this place, down in the neighbour bottom:",2137
Act IV,Scene III,Celia,The rank of osiers by the murmuring stream,2138
Act IV,Scene III,Celia,Left on your right hand brings you to the place.,2139
Act IV,Scene III,Celia,But at this hour the house doth keep itself;,2140
Act IV,Scene III,Celia,There's none within.,2141
Act IV,Scene III,Oliver,"If that an eye may profit by a tongue,",2142
Act IV,Scene III,Oliver,Then should I know you by description;,2143
Act IV,Scene III,Oliver,"Such garments and such years: 'The boy is fair,",2144
Act IV,Scene III,Oliver,"Of female favour, and bestows himself",2145
Act IV,Scene III,Oliver,Like a ripe sister: the woman low,2146
Act IV,Scene III,Oliver,And browner than her brother.' Are not you,2147
Act IV,Scene III,Oliver,The owner of the house I did inquire for?,2148
Act IV,Scene III,Celia,"It is no boast, being ask'd, to say we are.",2149
Act IV,Scene III,Oliver,"Orlando doth commend him to you both,",2150
Act IV,Scene III,Oliver,And to that youth he calls his Rosalind,2151
Act IV,Scene III,Oliver,He sends this bloody napkin. Are you he?,2152
Act IV,Scene III,Rosalind,I am: what must we understand by this?,2153
Act IV,Scene III,Oliver,Some of my shame; if you will know of me,2154
Act IV,Scene III,Oliver,"What man I am, and how, and why, and where",2155
Act IV,Scene III,Oliver,This handkercher was stain'd.,2156
Act IV,Scene III,Celia,"I pray you, tell it.",2157
Act IV,Scene III,Oliver,When last the young Orlando parted from you,2158
Act IV,Scene III,Oliver,He left a promise to return again,2159
Act IV,Scene III,Oliver,"Within an hour, and pacing through the forest,",2160
Act IV,Scene III,Oliver,"Chewing the food of sweet and bitter fancy,",2161
Act IV,Scene III,Oliver,"Lo, what befell! he threw his eye aside,",2162
Act IV,Scene III,Oliver,And mark what object did present itself:,2163
Act IV,Scene III,Oliver,"Under an oak, whose boughs were moss'd with age",2164
Act IV,Scene III,Oliver,"And high top bald with dry antiquity,",2165
Act IV,Scene III,Oliver,"A wretched ragged man, o'ergrown with hair,",2166
Act IV,Scene III,Oliver,Lay sleeping on his back: about his neck,2167
Act IV,Scene III,Oliver,"A green and gilded snake had wreathed itself,",2168
Act IV,Scene III,Oliver,Who with her head nimble in threats approach'd,2169
Act IV,Scene III,Oliver,"The opening of his mouth; but suddenly,",2170
Act IV,Scene III,Oliver,"Seeing Orlando, it unlink'd itself,",2171
Act IV,Scene III,Oliver,And with indented glides did slip away,2172
Act IV,Scene III,Oliver,Into a bush: under which bush's shade,2173
Act IV,Scene III,Oliver,"A lioness, with udders all drawn dry,",2174
Act IV,Scene III,Oliver,"Lay couching, head on ground, with catlike watch,",2175
Act IV,Scene III,Oliver,When that the sleeping man should stir; for 'tis,2176
Act IV,Scene III,Oliver,The royal disposition of that beast,2177
Act IV,Scene III,Oliver,To prey on nothing that doth seem as dead:,2178
Act IV,Scene III,Oliver,"This seen, Orlando did approach the man",2179
Act IV,Scene III,Oliver,"And found it was his brother, his elder brother.",2180
Act IV,Scene III,Celia,"O, I have heard him speak of that same brother;",2181
Act IV,Scene III,Celia,And he did render him the most unnatural,2182
Act IV,Scene III,Celia,That lived amongst men.,2183
Act IV,Scene III,Oliver,"And well he might so do,",2184
Act IV,Scene III,Oliver,For well I know he was unnatural.,2185
Act IV,Scene III,Rosalind,"But, to Orlando: did he leave him there,",2186
Act IV,Scene III,Rosalind,Food to the suck'd and hungry lioness?,2187
Act IV,Scene III,Oliver,Twice did he turn his back and purposed so;,2188
Act IV,Scene III,Oliver,"But kindness, nobler ever than revenge,",2189
Act IV,Scene III,Oliver,"And nature, stronger than his just occasion,",2190
Act IV,Scene III,Oliver,"Made him give battle to the lioness,",2191
Act IV,Scene III,Oliver,Who quickly fell before him: in which hurtling,2192
Act IV,Scene III,Oliver,From miserable slumber I awaked.,2193
Act IV,Scene III,Celia,Are you his brother?,2194
Act IV,Scene III,Rosalind,Wast you he rescued?,2195
Act IV,Scene III,Celia,Was't you that did so oft contrive to kill him?,2196
Act IV,Scene III,Oliver,'Twas I; but 'tis not I	I do not shame,2197
Act IV,Scene III,Oliver,"To tell you what I was, since my conversion",2198
Act IV,Scene III,Oliver,"So sweetly tastes, being the thing I am.",2199
Act IV,Scene III,Rosalind,"But, for the bloody napkin?",2200
Act IV,Scene III,Oliver,By and by.,2201
Act IV,Scene III,Oliver,When from the first to last betwixt us two,2202
Act IV,Scene III,Oliver,"Tears our recountments had most kindly bathed,",2203
Act IV,Scene III,Oliver,As how I came into that desert place:--,2204
Act IV,Scene III,Oliver,"In brief, he led me to the gentle duke,",2205
Act IV,Scene III,Oliver,"Who gave me fresh array and entertainment,",2206
Act IV,Scene III,Oliver,Committing me unto my brother's love;,2207
Act IV,Scene III,Oliver,"Who led me instantly unto his cave,",2208
Act IV,Scene III,Oliver,"There stripp'd himself, and here upon his arm",2209
Act IV,Scene III,Oliver,"The lioness had torn some flesh away,",2210
Act IV,Scene III,Oliver,Which all this while had bled; and now he fainted,2211
Act IV,Scene III,Oliver,"And cried, in fainting, upon Rosalind.",2212
Act IV,Scene III,Oliver,"Brief, I recover'd him, bound up his wound;",2213
Act IV,Scene III,Oliver,"And, after some small space, being strong at heart,",2214
Act IV,Scene III,Oliver,"He sent me hither, stranger as I am,",2215
Act IV,Scene III,Oliver,"To tell this story, that you might excuse",2216
Act IV,Scene III,Oliver,"His broken promise, and to give this napkin",2217
Act IV,Scene III,Oliver,Dyed in his blood unto the shepherd youth,2218
Act IV,Scene III,Oliver,That he in sport doth call his Rosalind.,2219
Act IV,Scene III,[stage direction],ROSALIND swoons,NA
Act IV,Scene III,Celia,"Why, how now, Ganymede! sweet Ganymede!",2220
Act IV,Scene III,Oliver,Many will swoon when they do look on blood.,2221
Act IV,Scene III,Celia,There is more in it. Cousin Ganymede!,2222
Act IV,Scene III,Oliver,"Look, he recovers.",2223
Act IV,Scene III,Rosalind,I would I were at home.,2224
Act IV,Scene III,Celia,We'll lead you thither.,2225
Act IV,Scene III,Celia,"I pray you, will you take him by the arm?",2226
Act IV,Scene III,Oliver,"Be of good cheer, youth: you a man! you lack a",2227
Act IV,Scene III,Oliver,man's heart.,2228
Act IV,Scene III,Rosalind,"I do so, I confess it. Ah, sirrah, a body would",2229
Act IV,Scene III,Rosalind,"think this was well counterfeited! I pray you, tell",2230
Act IV,Scene III,Rosalind,your brother how well I counterfeited. Heigh-ho!,2231
Act IV,Scene III,Oliver,This was not counterfeit: there is too great,2232
Act IV,Scene III,Oliver,testimony in your complexion that it was a passion,2233
Act IV,Scene III,Oliver,of earnest.,2234
Act IV,Scene III,Rosalind,"Counterfeit, I assure you.",2235
Act IV,Scene III,Oliver,"Well then, take a good heart and counterfeit to be a man.",2236
Act IV,Scene III,Rosalind,"So I do: but, i' faith, I should have been a woman by right.",2237
Act IV,Scene III,Celia,"Come, you look paler and paler: pray you, draw",2238
Act IV,Scene III,Celia,"homewards. Good sir, go with us.",2239
Act IV,Scene III,Oliver,"That will I, for I must bear answer back",2240
Act IV,Scene III,Oliver,"How you excuse my brother, Rosalind.",2241
Act IV,Scene III,Rosalind,"I shall devise something: but, I pray you, commend",2242
Act IV,Scene III,Rosalind,my counterfeiting to him. Will you go?,2243
Act IV,Scene III,[stage direction],Exeunt,NA
Act V,Scene I,[stage direction],Enter TOUCHSTONE and AUDREY,NA
Act V,Scene I,Touchstone,"We shall find a time, Audrey; patience, gentle Audrey.",2244
Act V,Scene I,Audrey,"Faith, the priest was good enough, for all the old",2245
Act V,Scene I,Audrey,gentleman's saying.,2246
Act V,Scene I,Touchstone,"A most wicked Sir Oliver, Audrey, a most vile",2247
Act V,Scene I,Touchstone,"Martext. But, Audrey, there is a youth here in the",2248
Act V,Scene I,Touchstone,forest lays claim to you.,2249
Act V,Scene I,Audrey,"Ay, I know who 'tis; he hath no interest in me in",2250
Act V,Scene I,Audrey,the world: here comes the man you mean.,2251
Act V,Scene I,Touchstone,It is meat and drink to me to see a clown: by my,2252
Act V,Scene I,Touchstone,"troth, we that have good wits have much to answer",2253
Act V,Scene I,Touchstone,for; we shall be flouting; we cannot hold.,2254
Act V,Scene I,[stage direction],Enter WILLIAM,NA
Act V,Scene I,William,"Good even, Audrey.",2255
Act V,Scene I,Audrey,"God ye good even, William.",2256
Act V,Scene I,William,"And good even to you, sir.",2257
Act V,Scene I,Touchstone,"Good even, gentle friend. Cover thy head, cover thy",2258
Act V,Scene I,Touchstone,"head; nay, prithee, be covered. How old are you, friend?",2259
Act V,Scene I,William,"Five and twenty, sir.",2260
Act V,Scene I,Touchstone,A ripe age. Is thy name William?,2261
Act V,Scene I,William,"William, sir.",2262
Act V,Scene I,Touchstone,A fair name. Wast born i' the forest here?,2263
Act V,Scene I,William,"Ay, sir, I thank God.",2264
Act V,Scene I,Touchstone,'Thank God;' a good answer. Art rich?,2265
Act V,Scene I,William,"Faith, sir, so so.",2266
Act V,Scene I,Touchstone,"'So so' is good, very good, very excellent good; and",2267
Act V,Scene I,Touchstone,yet it is not; it is but so so. Art thou wise?,2268
Act V,Scene I,William,"Ay, sir, I have a pretty wit.",2269
Act V,Scene I,Touchstone,"Why, thou sayest well. I do now remember a saying,",2270
Act V,Scene I,Touchstone,"'The fool doth think he is wise, but the wise man",2271
Act V,Scene I,Touchstone,knows himself to be a fool.' The heathen,2272
Act V,Scene I,Touchstone,"philosopher, when he had a desire to eat a grape,",2273
Act V,Scene I,Touchstone,would open his lips when he put it into his mouth;,2274
Act V,Scene I,Touchstone,meaning thereby that grapes were made to eat and,2275
Act V,Scene I,Touchstone,lips to open. You do love this maid?,2276
Act V,Scene I,William,"I do, sir.",2277
Act V,Scene I,Touchstone,Give me your hand. Art thou learned?,2278
Act V,Scene I,William,"No, sir.",2279
Act V,Scene I,Touchstone,"Then learn this of me: to have, is to have; for it",2280
Act V,Scene I,Touchstone,"is a figure in rhetoric that drink, being poured out",2281
Act V,Scene I,Touchstone,"of a cup into a glass, by filling the one doth empty",2282
Act V,Scene I,Touchstone,the other; for all your writers do consent that ipse,2283
Act V,Scene I,Touchstone,"is he: now, you are not ipse, for I am he.",2284
Act V,Scene I,William,"Which he, sir?",2285
Act V,Scene I,Touchstone,"He, sir, that must marry this woman. Therefore, you",2286
Act V,Scene I,Touchstone,"clown, abandon,--which is in the vulgar leave,--the",2287
Act V,Scene I,Touchstone,"society,--which in the boorish is company,--of this",2288
Act V,Scene I,Touchstone,"female,--which in the common is woman; which",2289
Act V,Scene I,Touchstone,"together is, abandon the society of this female, or,",2290
Act V,Scene I,Touchstone,"clown, thou perishest; or, to thy better",2291
Act V,Scene I,Touchstone,"understanding, diest; or, to wit I kill thee, make",2292
Act V,Scene I,Touchstone,"thee away, translate thy life into death, thy",2293
Act V,Scene I,Touchstone,liberty into bondage: I will deal in poison with,2294
Act V,Scene I,Touchstone,"thee, or in bastinado, or in steel; I will bandy",2295
Act V,Scene I,Touchstone,with thee in faction; I will o'errun thee with,2296
Act V,Scene I,Touchstone,policy; I will kill thee a hundred and fifty ways:,2297
Act V,Scene I,Touchstone,therefore tremble and depart.,2298
Act V,Scene I,Audrey,"Do, good William.",2299
Act V,Scene I,William,"God rest you merry, sir.",2300
Act V,Scene I,[stage direction],Exit,NA
Act V,Scene I,[stage direction],Enter CORIN,NA
Act V,Scene I,Corin,"Our master and mistress seeks you; come, away, away!",2301
Act V,Scene I,Touchstone,"Trip, Audrey! trip, Audrey! I attend, I attend.",2302
Act V,Scene I,[stage direction],Exeunt,NA
Act V,Scene II,[stage direction],Enter ORLANDO and OLIVER,NA
Act V,Scene II,Orlando,Is't possible that on so little acquaintance you,2303
Act V,Scene II,Orlando,should like her? that but seeing you should love,2304
Act V,Scene II,Orlando,"her? and loving woo? and, wooing, she should",2305
Act V,Scene II,Orlando,grant? and will you persever to enjoy her?,2306
Act V,Scene II,Oliver,"Neither call the giddiness of it in question, the",2307
Act V,Scene II,Oliver,"poverty of her, the small acquaintance, my sudden",2308
Act V,Scene II,Oliver,"wooing, nor her sudden consenting; but say with me,",2309
Act V,Scene II,Oliver,I love Aliena; say with her that she loves me;,2310
Act V,Scene II,Oliver,consent with both that we may enjoy each other: it,2311
Act V,Scene II,Oliver,shall be to your good; for my father's house and all,2312
Act V,Scene II,Oliver,the revenue that was old Sir Rowland's will I,2313
Act V,Scene II,Oliver,"estate upon you, and here live and die a shepherd.",2314
Act V,Scene II,Orlando,You have my consent. Let your wedding be to-morrow:,2315
Act V,Scene II,Orlando,thither will I invite the duke and all's contented,2316
Act V,Scene II,Orlando,followers. Go you and prepare Aliena; for look,2317
Act V,Scene II,Orlando,"you, here comes my Rosalind.",2318
Act V,Scene II,[stage direction],Enter ROSALIND,NA
Act V,Scene II,Rosalind,"God save you, brother.",2319
Act V,Scene II,Oliver,"And you, fair sister.",2320
Act V,Scene II,[stage direction],Exit,NA
Act V,Scene II,Rosalind,"O, my dear Orlando, how it grieves me to see thee",2321
Act V,Scene II,Rosalind,wear thy heart in a scarf!,2322
Act V,Scene II,Orlando,It is my arm.,2323
Act V,Scene II,Rosalind,I thought thy heart had been wounded with the claws,2324
Act V,Scene II,Rosalind,of a lion.,2325
Act V,Scene II,Orlando,"Wounded it is, but with the eyes of a lady.",2326
Act V,Scene II,Rosalind,Did your brother tell you how I counterfeited to,2327
Act V,Scene II,Rosalind,swoon when he showed me your handkerchief?,2328
Act V,Scene II,Orlando,"Ay, and greater wonders than that.",2329
Act V,Scene II,Rosalind,"O, I know where you are: nay, 'tis true: there was",2330
Act V,Scene II,Rosalind,never any thing so sudden but the fight of two rams,2331
Act V,Scene II,Rosalind,"and Caesar's thrasonical brag of 'I came, saw, and",2332
Act V,Scene II,Rosalind,overcame:' for your brother and my sister no sooner,2333
Act V,Scene II,Rosalind,"met but they looked, no sooner looked but they",2334
Act V,Scene II,Rosalind,"loved, no sooner loved but they sighed, no sooner",2335
Act V,Scene II,Rosalind,"sighed but they asked one another the reason, no",2336
Act V,Scene II,Rosalind,sooner knew the reason but they sought the remedy;,2337
Act V,Scene II,Rosalind,and in these degrees have they made a pair of stairs,2338
Act V,Scene II,Rosalind,"to marriage which they will climb incontinent, or",2339
Act V,Scene II,Rosalind,else be incontinent before marriage: they are in,2340
Act V,Scene II,Rosalind,the very wrath of love and they will together; clubs,2341
Act V,Scene II,Rosalind,cannot part them.,2342
Act V,Scene II,Orlando,"They shall be married to-morrow, and I will bid the",2343
Act V,Scene II,Orlando,"duke to the nuptial. But, O, how bitter a thing it",2344
Act V,Scene II,Orlando,is to look into happiness through another man's,2345
Act V,Scene II,Orlando,eyes! By so much the more shall I to-morrow be at,2346
Act V,Scene II,Orlando,"the height of heart-heaviness, by how much I shall",2347
Act V,Scene II,Orlando,think my brother happy in having what he wishes for.,2348
Act V,Scene II,Rosalind,"Why then, to-morrow I cannot serve your turn for Rosalind?",2349
Act V,Scene II,Orlando,I can live no longer by thinking.,2350
Act V,Scene II,Rosalind,I will weary you then no longer with idle talking.,2351
Act V,Scene II,Rosalind,"Know of me then, for now I speak to some purpose,",2352
Act V,Scene II,Rosalind,that I know you are a gentleman of good conceit: I,2353
Act V,Scene II,Rosalind,speak not this that you should bear a good opinion,2354
Act V,Scene II,Rosalind,"of my knowledge, insomuch I say I know you are;",2355
Act V,Scene II,Rosalind,neither do I labour for a greater esteem than may in,2356
Act V,Scene II,Rosalind,"some little measure draw a belief from you, to do",2357
Act V,Scene II,Rosalind,"yourself good and not to grace me. Believe then, if",2358
Act V,Scene II,Rosalind,"you please, that I can do strange things: I have,",2359
Act V,Scene II,Rosalind,"since I was three year old, conversed with a",2360
Act V,Scene II,Rosalind,"magician, most profound in his art and yet not",2361
Act V,Scene II,Rosalind,damnable. If you do love Rosalind so near the heart,2362
Act V,Scene II,Rosalind,"as your gesture cries it out, when your brother",2363
Act V,Scene II,Rosalind,"marries Aliena, shall you marry her: I know into",2364
Act V,Scene II,Rosalind,what straits of fortune she is driven; and it is,2365
Act V,Scene II,Rosalind,"not impossible to me, if it appear not inconvenient",2366
Act V,Scene II,Rosalind,"to you, to set her before your eyes tomorrow human",2367
Act V,Scene II,Rosalind,as she is and without any danger.,2368
Act V,Scene II,Orlando,Speakest thou in sober meanings?,2369
Act V,Scene II,Rosalind,"By my life, I do; which I tender dearly, though I",2370
Act V,Scene II,Rosalind,"say I am a magician. Therefore, put you in your",2371
Act V,Scene II,Rosalind,best array: bid your friends; for if you will be,2372
Act V,Scene II,Rosalind,"married to-morrow, you shall, and to Rosalind, if you will.",2373
Act V,Scene II,[stage direction],Enter SILVIUS and PHEBE,NA
Act V,Scene II,Rosalind,"Look, here comes a lover of mine and a lover of hers.",2374
Act V,Scene II,Phebe,"Youth, you have done me much ungentleness,",2375
Act V,Scene II,Phebe,To show the letter that I writ to you.,2376
Act V,Scene II,Rosalind,I care not if I have: it is my study,2377
Act V,Scene II,Rosalind,To seem despiteful and ungentle to you:,2378
Act V,Scene II,Rosalind,You are there followed by a faithful shepherd;,2379
Act V,Scene II,Rosalind,"Look upon him, love him; he worships you.",2380
Act V,Scene II,Phebe,"Good shepherd, tell this youth what 'tis to love.",2381
Act V,Scene II,Silvius,It is to be all made of sighs and tears;,2382
Act V,Scene II,Silvius,And so am I for Phebe.,2383
Act V,Scene II,Phebe,And I for Ganymede.,2384
Act V,Scene II,Orlando,And I for Rosalind.,2385
Act V,Scene II,Rosalind,And I for no woman.,2386
Act V,Scene II,Silvius,It is to be all made of faith and service;,2387
Act V,Scene II,Silvius,And so am I for Phebe.,2388
Act V,Scene II,Phebe,And I for Ganymede.,2389
Act V,Scene II,Orlando,And I for Rosalind.,2390
Act V,Scene II,Rosalind,And I for no woman.,2391
Act V,Scene II,Silvius,"It is to be all made of fantasy,",2392
Act V,Scene II,Silvius,"All made of passion and all made of wishes,",2393
Act V,Scene II,Silvius,"All adoration, duty, and observance,",2394
Act V,Scene II,Silvius,"All humbleness, all patience and impatience,",2395
Act V,Scene II,Silvius,"All purity, all trial, all observance;",2396
Act V,Scene II,Silvius,And so am I for Phebe.,2397
Act V,Scene II,Phebe,And so am I for Ganymede.,2398
Act V,Scene II,Orlando,And so am I for Rosalind.,2399
Act V,Scene II,Rosalind,And so am I for no woman.,2400
Act V,Scene II,Phebe,"If this be so, why blame you me to love you?",2401
Act V,Scene II,Silvius,"If this be so, why blame you me to love you?",2402
Act V,Scene II,Orlando,"If this be so, why blame you me to love you?",2403
Act V,Scene II,Rosalind,"Who do you speak to, 'Why blame you me to love you?'",2404
Act V,Scene II,Orlando,"To her that is not here, nor doth not hear.",2405
Act V,Scene II,Rosalind,"Pray you, no more of this; 'tis like the howling",2406
Act V,Scene II,Rosalind,of Irish wolves against the moon.,2407
Act V,Scene II,[stage direction],To SILVIUS,NA
Act V,Scene II,Rosalind,"I will help you, if I can:",2408
Act V,Scene II,[stage direction],To PHEBE,NA
Act V,Scene II,Rosalind,"I would love you, if I could. To-morrow meet me all together.",2409
Act V,Scene II,[stage direction],To PHEBE,NA
Act V,Scene II,Rosalind,"I will marry you, if ever I marry woman, and I'll be",2410
Act V,Scene II,Rosalind,married to-morrow:,2411
Act V,Scene II,[stage direction],To ORLANDO,NA
Act V,Scene II,Rosalind,"I will satisfy you, if ever I satisfied man, and you",2412
Act V,Scene II,Rosalind,shall be married to-morrow:,2413
Act V,Scene II,[stage direction],To SILVIUS,NA
Act V,Scene II,Rosalind,"I will content you, if what pleases you contents",2414
Act V,Scene II,Rosalind,"you, and you shall be married to-morrow.",2415
Act V,Scene II,[stage direction],To ORLANDO,NA
Act V,Scene II,Rosalind,"As you love Rosalind, meet:",2416
Act V,Scene II,[stage direction],To SILVIUS,NA
Act V,Scene II,Rosalind,"as you love Phebe, meet: and as I love no woman,",2417
Act V,Scene II,Rosalind,I'll meet. So fare you well: I have left you commands.,2418
Act V,Scene II,Silvius,"I'll not fail, if I live.",2419
Act V,Scene II,Phebe,Nor I.,2420
Act V,Scene II,Orlando,Nor I.,2421
Act V,Scene II,[stage direction],Exeunt,NA
Act V,Scene III,[stage direction],Enter TOUCHSTONE and AUDREY,NA
Act V,Scene III,Touchstone,"To-morrow is the joyful day, Audrey; to-morrow will",2422
Act V,Scene III,Touchstone,we be married.,2423
Act V,Scene III,Audrey,I do desire it with all my heart; and I hope it is,2424
Act V,Scene III,Audrey,no dishonest desire to desire to be a woman of the,2425
Act V,Scene III,Audrey,world. Here comes two of the banished duke's pages.,2426
Act V,Scene III,[stage direction],Enter two Pages,NA
Act V,Scene III,First Page,"Well met, honest gentleman.",2427
Act V,Scene III,Touchstone,"By my troth, well met. Come, sit, sit, and a song.",2428
Act V,Scene III,Second Page,We are for you: sit i' the middle.,2429
Act V,Scene III,First Page,"Shall we clap into't roundly, without hawking or",2430
Act V,Scene III,First Page,"spitting or saying we are hoarse, which are the only",2431
Act V,Scene III,First Page,prologues to a bad voice?,2432
Act V,Scene III,Second Page,"I'faith, i'faith; and both in a tune, like two",2433
Act V,Scene III,Second Page,gipsies on a horse.,2434
Act V,Scene III,Second Page,SONG.,2435
Act V,Scene III,Second Page,"It was a lover and his lass,",2436
Act V,Scene III,Second Page,"With a hey, and a ho, and a hey nonino,",2437
Act V,Scene III,Second Page,That o'er the green corn-field did pass,2438
Act V,Scene III,Second Page,"In the spring time, the only pretty ring time,",2439
Act V,Scene III,Second Page,"When birds do sing, hey ding a ding, ding:",2440
Act V,Scene III,Second Page,Sweet lovers love the spring.,2441
Act V,Scene III,Second Page,"Between the acres of the rye,",2442
Act V,Scene III,Second Page,"With a hey, and a ho, and a hey nonino",2443
Act V,Scene III,Second Page,"These pretty country folks would lie,",2444
Act V,Scene III,Second Page,"In spring time,  &amp; c.",2445
Act V,Scene III,Second Page,"This carol they began that hour,",2446
Act V,Scene III,Second Page,"With a hey, and a ho, and a hey nonino,",2447
Act V,Scene III,Second Page,How that a life was but a flower,2448
Act V,Scene III,Second Page,"In spring time,  &amp; c.",2449
Act V,Scene III,Second Page,"And therefore take the present time,",2450
Act V,Scene III,Second Page,"With a hey, and a ho, and a hey nonino;",2451
Act V,Scene III,Second Page,For love is crowned with the prime,2452
Act V,Scene III,Second Page,"In spring time,  &amp; c.",2453
Act V,Scene III,Touchstone,"Truly, young gentlemen, though there was no great",2454
Act V,Scene III,Touchstone,"matter in the ditty, yet the note was very",2455
Act V,Scene III,Touchstone,untuneable.,2456
Act V,Scene III,First Page,"You are deceived, sir: we kept time, we lost not our time.",2457
Act V,Scene III,Touchstone,"By my troth, yes; I count it but time lost to hear",2458
Act V,Scene III,Touchstone,such a foolish song. God be wi' you; and God mend,2459
Act V,Scene III,Touchstone,"your voices! Come, Audrey.",2460
Act V,Scene III,[stage direction],Exeunt,NA
Act V,Scene IV,[stage direction],"Enter DUKE SENIOR, AMIENS, JAQUES, ORLANDO, OLIVER, and CELIA",NA
Act V,Scene IV,Duke Senior,"Dost thou believe, Orlando, that the boy",2461
Act V,Scene IV,Duke Senior,Can do all this that he hath promised?,2462
Act V,Scene IV,Orlando,"I sometimes do believe, and sometimes do not;",2463
Act V,Scene IV,Orlando,"As those that fear they hope, and know they fear.",2464
Act V,Scene IV,[stage direction],"Enter ROSALIND, SILVIUS, and PHEBE",NA
Act V,Scene IV,Rosalind,"Patience once more, whiles our compact is urged:",2465
Act V,Scene IV,Rosalind,"You say, if I bring in your Rosalind,",2466
Act V,Scene IV,Rosalind,You will bestow her on Orlando here?,2467
Act V,Scene IV,Duke Senior,"That would I, had I kingdoms to give with her.",2468
Act V,Scene IV,Rosalind,"And you say, you will have her, when I bring her?",2469
Act V,Scene IV,Orlando,"That would I, were I of all kingdoms king.",2470
Act V,Scene IV,Rosalind,"You say, you'll marry me, if I be willing?",2471
Act V,Scene IV,Phebe,"That will I, should I die the hour after.",2472
Act V,Scene IV,Rosalind,"But if you do refuse to marry me,",2473
Act V,Scene IV,Rosalind,You'll give yourself to this most faithful shepherd?,2474
Act V,Scene IV,Phebe,So is the bargain.,2475
Act V,Scene IV,Rosalind,"You say, that you'll have Phebe, if she will?",2476
Act V,Scene IV,Silvius,Though to have her and death were both one thing.,2477
Act V,Scene IV,Rosalind,I have promised to make all this matter even.,2478
Act V,Scene IV,Rosalind,"Keep you your word, O duke, to give your daughter;",2479
Act V,Scene IV,Rosalind,"You yours, Orlando, to receive his daughter:",2480
Act V,Scene IV,Rosalind,"Keep your word, Phebe, that you'll marry me,",2481
Act V,Scene IV,Rosalind,"Or else refusing me, to wed this shepherd:",2482
Act V,Scene IV,Rosalind,"Keep your word, Silvius, that you'll marry her.",2483
Act V,Scene IV,Rosalind,"If she refuse me: and from hence I go,",2484
Act V,Scene IV,Rosalind,To make these doubts all even.,2485
Act V,Scene IV,[stage direction],Exeunt ROSALIND and CELIA,NA
Act V,Scene IV,Duke Senior,I do remember in this shepherd boy,2486
Act V,Scene IV,Duke Senior,Some lively touches of my daughter's favour.,2487
Act V,Scene IV,Orlando,"My lord, the first time that I ever saw him",2488
Act V,Scene IV,Orlando,Methought he was a brother to your daughter:,2489
Act V,Scene IV,Orlando,"But, my good lord, this boy is forest-born,",2490
Act V,Scene IV,Orlando,And hath been tutor'd in the rudiments,2491
Act V,Scene IV,Orlando,"Of many desperate studies by his uncle,",2492
Act V,Scene IV,Orlando,"Whom he reports to be a great magician,",2493
Act V,Scene IV,Orlando,Obscured in the circle of this forest.,2494
Act V,Scene IV,[stage direction],Enter TOUCHSTONE and AUDREY,NA
Act V,Scene IV,Jaques,"There is, sure, another flood toward, and these",2495
Act V,Scene IV,Jaques,couples are coming to the ark. Here comes a pair of,2496
Act V,Scene IV,Jaques,"very strange beasts, which in all tongues are called fools.",2497
Act V,Scene IV,Touchstone,Salutation and greeting to you all!,2498
Act V,Scene IV,Jaques,"Good my lord, bid him welcome: this is the",2499
Act V,Scene IV,Jaques,motley-minded gentleman that I have so often met in,2500
Act V,Scene IV,Jaques,"the forest: he hath been a courtier, he swears.",2501
Act V,Scene IV,Touchstone,"If any man doubt that, let him put me to my",2502
Act V,Scene IV,Touchstone,purgation. I have trod a measure; I have flattered,2503
Act V,Scene IV,Touchstone,"a lady; I have been politic with my friend, smooth",2504
Act V,Scene IV,Touchstone,with mine enemy; I have undone three tailors; I have,2505
Act V,Scene IV,Touchstone,"had four quarrels, and like to have fought one.",2506
Act V,Scene IV,Jaques,And how was that ta'en up?,2507
Act V,Scene IV,Touchstone,"Faith, we met, and found the quarrel was upon the",2508
Act V,Scene IV,Touchstone,seventh cause.,2509
Act V,Scene IV,Jaques,"How seventh cause? Good my lord, like this fellow.",2510
Act V,Scene IV,Duke Senior,I like him very well.,2511
Act V,Scene IV,Touchstone,"God 'ild you, sir; I desire you of the like. I",2512
Act V,Scene IV,Touchstone,"press in here, sir, amongst the rest of the country",2513
Act V,Scene IV,Touchstone,"copulatives, to swear and to forswear: according as",2514
Act V,Scene IV,Touchstone,"marriage binds and blood breaks: a poor virgin,",2515
Act V,Scene IV,Touchstone,"sir, an ill-favoured thing, sir, but mine own; a poor",2516
Act V,Scene IV,Touchstone,"humour of mine, sir, to take that that no man else",2517
Act V,Scene IV,Touchstone,"will: rich honesty dwells like a miser, sir, in a",2518
Act V,Scene IV,Touchstone,poor house; as your pearl in your foul oyster.,2519
Act V,Scene IV,Duke Senior,"By my faith, he is very swift and sententious.",2520
Act V,Scene IV,Touchstone,"According to the fool's bolt, sir, and such dulcet diseases.",2521
Act V,Scene IV,Jaques,"But, for the seventh cause; how did you find the",2522
Act V,Scene IV,Jaques,quarrel on the seventh cause?,2523
Act V,Scene IV,Touchstone,Upon a lie seven times removed:--bear your body more,2524
Act V,Scene IV,Touchstone,"seeming, Audrey:--as thus, sir. I did dislike the",2525
Act V,Scene IV,Touchstone,"cut of a certain courtier's beard: he sent me word,",2526
Act V,Scene IV,Touchstone,"if I said his beard was not cut well, he was in the",2527
Act V,Scene IV,Touchstone,mind it was: this is called the Retort Courteous.,2528
Act V,Scene IV,Touchstone,"If I sent him word again 'it was not well cut,' he",2529
Act V,Scene IV,Touchstone,"would send me word, he cut it to please himself:",2530
Act V,Scene IV,Touchstone,this is called the Quip Modest. If again 'it was,2531
Act V,Scene IV,Touchstone,"not well cut,' he disabled my judgment: this is",2532
Act V,Scene IV,Touchstone,called the Reply Churlish. If again 'it was not,2533
Act V,Scene IV,Touchstone,"well cut,' he would answer, I spake not true: this",2534
Act V,Scene IV,Touchstone,is called the Reproof Valiant. If again 'it was not,2535
Act V,Scene IV,Touchstone,"well cut,' he would say I lied: this is called the",2536
Act V,Scene IV,Touchstone,Counter-cheque Quarrelsome: and so to the Lie,2537
Act V,Scene IV,Touchstone,Circumstantial and the Lie Direct.,2538
Act V,Scene IV,Jaques,And how oft did you say his beard was not well cut?,2539
Act V,Scene IV,Touchstone,"I durst go no further than the Lie Circumstantial,",2540
Act V,Scene IV,Touchstone,nor he durst not give me the Lie Direct; and so we,2541
Act V,Scene IV,Touchstone,measured swords and parted.,2542
Act V,Scene IV,Jaques,Can you nominate in order now the degrees of the lie?,2543
Act V,Scene IV,Touchstone,"O sir, we quarrel in print, by the book; as you have",2544
Act V,Scene IV,Touchstone,books for good manners: I will name you the degrees.,2545
Act V,Scene IV,Touchstone,"The first, the Retort Courteous; the second, the",2546
Act V,Scene IV,Touchstone,"Quip Modest; the third, the Reply Churlish; the",2547
Act V,Scene IV,Touchstone,"fourth, the Reproof Valiant; the fifth, the",2548
Act V,Scene IV,Touchstone,"Countercheque Quarrelsome; the sixth, the Lie with",2549
Act V,Scene IV,Touchstone,"Circumstance; the seventh, the Lie Direct. All",2550
Act V,Scene IV,Touchstone,these you may avoid but the Lie Direct; and you may,2551
Act V,Scene IV,Touchstone,"avoid that too, with an If. I knew when seven",2552
Act V,Scene IV,Touchstone,"justices could not take up a quarrel, but when the",2553
Act V,Scene IV,Touchstone,"parties were met themselves, one of them thought but",2554
Act V,Scene IV,Touchstone,"of an If, as, 'If you said so, then I said so;' and",2555
Act V,Scene IV,Touchstone,they shook hands and swore brothers. Your If is the,2556
Act V,Scene IV,Touchstone,only peacemaker; much virtue in If.,2557
Act V,Scene IV,Jaques,"Is not this a rare fellow, my lord? he's as good at",2558
Act V,Scene IV,Jaques,any thing and yet a fool.,2559
Act V,Scene IV,Duke Senior,He uses his folly like a stalking-horse and under,2560
Act V,Scene IV,Duke Senior,the presentation of that he shoots his wit.,2561
Act V,Scene IV,[stage direction],"Enter HYMEN, ROSALIND, and CELIA",NA
Act V,Scene IV,[stage direction],Still Music,NA
Act V,Scene IV,Hymen,"Then is there mirth in heaven,",2562
Act V,Scene IV,Hymen,When earthly things made even,2563
Act V,Scene IV,Hymen,Atone together.,2564
Act V,Scene IV,Hymen,"Good duke, receive thy daughter",2565
Act V,Scene IV,Hymen,"Hymen from heaven brought her,",2566
Act V,Scene IV,Hymen,"Yea, brought her hither,",2567
Act V,Scene IV,Hymen,That thou mightst join her hand with his,2568
Act V,Scene IV,Hymen,Whose heart within his bosom is.,2569
Act V,Scene IV,Rosalind,"[To DUKE SENIOR]  To you I give myself, for I am yours.",2570
Act V,Scene IV,[stage direction],To ORLANDO,NA
Act V,Scene IV,Rosalind,"To you I give myself, for I am yours.",2571
Act V,Scene IV,Duke Senior,"If there be truth in sight, you are my daughter.",2572
Act V,Scene IV,Orlando,"If there be truth in sight, you are my Rosalind.",2573
Act V,Scene IV,Phebe,"If sight and shape be true,",2574
Act V,Scene IV,Phebe,"Why then, my love adieu!",2575
Act V,Scene IV,Rosalind,"I'll have no father, if you be not he:",2576
Act V,Scene IV,Rosalind,"I'll have no husband, if you be not he:",2577
Act V,Scene IV,Rosalind,"Nor ne'er wed woman, if you be not she.",2578
Act V,Scene IV,Hymen,"Peace, ho! I bar confusion:",2579
Act V,Scene IV,Hymen,'Tis I must make conclusion,2580
Act V,Scene IV,Hymen,Of these most strange events:,2581
Act V,Scene IV,Hymen,Here's eight that must take hands,2582
Act V,Scene IV,Hymen,"To join in Hymen's bands,",2583
Act V,Scene IV,Hymen,If truth holds true contents.,2584
Act V,Scene IV,Hymen,You and you no cross shall part:,2585
Act V,Scene IV,Hymen,You and you are heart in heart,2586
Act V,Scene IV,Hymen,"You to his love must accord,",2587
Act V,Scene IV,Hymen,Or have a woman to your lord:,2588
Act V,Scene IV,Hymen,"You and you are sure together,",2589
Act V,Scene IV,Hymen,As the winter to foul weather.,2590
Act V,Scene IV,Hymen,"Whiles a wedlock-hymn we sing,",2591
Act V,Scene IV,Hymen,Feed yourselves with questioning;,2592
Act V,Scene IV,Hymen,"That reason wonder may diminish,",2593
Act V,Scene IV,Hymen,"How thus we met, and these things finish.",2594
Act V,Scene IV,Hymen,SONG.,2595
Act V,Scene IV,Hymen,Wedding is great Juno's crown:,2596
Act V,Scene IV,Hymen,O blessed bond of board and bed!,2597
Act V,Scene IV,Hymen,'Tis Hymen peoples every town;,2598
Act V,Scene IV,Hymen,High wedlock then be honoured:,2599
Act V,Scene IV,Hymen,"Honour, high honour and renown,",2600
Act V,Scene IV,Hymen,"To Hymen, god of every town!",2601
Act V,Scene IV,Duke Senior,"O my dear niece, welcome thou art to me!",2602
Act V,Scene IV,Duke Senior,"Even daughter, welcome, in no less degree.",2603
Act V,Scene IV,Phebe,"I will not eat my word, now thou art mine;",2604
Act V,Scene IV,Phebe,Thy faith my fancy to thee doth combine.,2605
Act V,Scene IV,[stage direction],Enter JAQUES DE BOYS,NA
Act V,Scene IV,Jaques De Boys,Let me have audience for a word or two:,2606
Act V,Scene IV,Jaques De Boys,"I am the second son of old Sir Rowland,",2607
Act V,Scene IV,Jaques De Boys,That bring these tidings to this fair assembly.,2608
Act V,Scene IV,Jaques De Boys,"Duke Frederick, hearing how that every day",2609
Act V,Scene IV,Jaques De Boys,"Men of great worth resorted to this forest,",2610
Act V,Scene IV,Jaques De Boys,"Address'd a mighty power; which were on foot,",2611
Act V,Scene IV,Jaques De Boys,"In his own conduct, purposely to take",2612
Act V,Scene IV,Jaques De Boys,His brother here and put him to the sword:,2613
Act V,Scene IV,Jaques De Boys,And to the skirts of this wild wood he came;,2614
Act V,Scene IV,Jaques De Boys,"Where meeting with an old religious man,",2615
Act V,Scene IV,Jaques De Boys,"After some question with him, was converted",2616
Act V,Scene IV,Jaques De Boys,"Both from his enterprise and from the world,",2617
Act V,Scene IV,Jaques De Boys,"His crown bequeathing to his banish'd brother,",2618
Act V,Scene IV,Jaques De Boys,And all their lands restored to them again,2619
Act V,Scene IV,Jaques De Boys,"That were with him exiled. This to be true,",2620
Act V,Scene IV,Jaques De Boys,I do engage my life.,2621
Act V,Scene IV,Duke Senior,"Welcome, young man;",2622
Act V,Scene IV,Duke Senior,Thou offer'st fairly to thy brothers' wedding:,2623
Act V,Scene IV,Duke Senior,"To one his lands withheld, and to the other",2624
Act V,Scene IV,Duke Senior,"A land itself at large, a potent dukedom.",2625
Act V,Scene IV,Duke Senior,"First, in this forest, let us do those ends",2626
Act V,Scene IV,Duke Senior,That here were well begun and well begot:,2627
Act V,Scene IV,Duke Senior,"And after, every of this happy number",2628
Act V,Scene IV,Duke Senior,That have endured shrewd days and nights with us,2629
Act V,Scene IV,Duke Senior,"Shall share the good of our returned fortune,",2630
Act V,Scene IV,Duke Senior,According to the measure of their states.,2631
Act V,Scene IV,Duke Senior,"Meantime, forget this new-fall'n dignity",2632
Act V,Scene IV,Duke Senior,And fall into our rustic revelry.,2633
Act V,Scene IV,Duke Senior,"Play, music! And you, brides and bridegrooms all,",2634
Act V,Scene IV,Duke Senior,"With measure heap'd in joy, to the measures fall.",2635
Act V,Scene IV,Jaques,"Sir, by your patience. If I heard you rightly,",2636
Act V,Scene IV,Jaques,The duke hath put on a religious life,2637
Act V,Scene IV,Jaques,And thrown into neglect the pompous court?,2638
Act V,Scene IV,Jaques De Boys,He hath.,2639
Act V,Scene IV,Jaques,To him will I : out of these convertites,2640
Act V,Scene IV,Jaques,There is much matter to be heard and learn'd.,2641
Act V,Scene IV,[stage direction],To DUKE SENIOR,NA
Act V,Scene IV,Jaques,You to your former honour I bequeath;,2642
Act V,Scene IV,Jaques,Your patience and your virtue well deserves it:,2643
Act V,Scene IV,[stage direction],To ORLANDO,NA
Act V,Scene IV,Jaques,You to a love that your true faith doth merit:,2644
Act V,Scene IV,[stage direction],To OLIVER,NA
Act V,Scene IV,Jaques,You to your land and love and great allies:,2645
Act V,Scene IV,[stage direction],To SILVIUS,NA
Act V,Scene IV,Jaques,You to a long and well-deserved bed:,2646
Act V,Scene IV,[stage direction],To TOUCHSTONE,NA
Act V,Scene IV,Jaques,And you to wrangling; for thy loving voyage,2647
Act V,Scene IV,Jaques,"Is but for two months victuall'd. So, to your pleasures:",2648
Act V,Scene IV,Jaques,I am for other than for dancing measures.,2649
Act V,Scene IV,Duke Senior,"Stay, Jaques, stay.",2650
Act V,Scene IV,Jaques,To see no pastime I	what you would have,2651
Act V,Scene IV,Jaques,I'll stay to know at your abandon'd cave.,2652
Act V,Scene IV,[stage direction],Exit,NA
Act V,Scene IV,Duke Senior,"Proceed, proceed: we will begin these rites,",2653
Act V,Scene IV,Duke Senior,"As we do trust they'll end, in true delights.",2654
Act V,Scene IV,[stage direction],A dance,NA
Act V,Epilogue,Rosalind,It is not the fashion to see the lady the epilogue;,2655
Act V,Epilogue,Rosalind,but it is no more unhandsome than to see the lord,2656
Act V,Epilogue,Rosalind,the prologue. If it be true that good wine needs,2657
Act V,Epilogue,Rosalind,"no bush, 'tis true that a good play needs no",2658
Act V,Epilogue,Rosalind,"epilogue; yet to good wine they do use good bushes,",2659
Act V,Epilogue,Rosalind,and good plays prove the better by the help of good,2660
Act V,Epilogue,Rosalind,"epilogues. What a case am I in then, that am",2661
Act V,Epilogue,Rosalind,neither a good epilogue nor cannot insinuate with,2662
Act V,Epilogue,Rosalind,you in the behalf of a good play! I am not,2663
Act V,Epilogue,Rosalind,"furnished like a beggar, therefore to beg will not",2664
Act V,Epilogue,Rosalind,become me: my way is to conjure you; and I'll begin,2665
Act V,Epilogue,Rosalind,"with the women. I charge you, O women, for the love",2666
Act V,Epilogue,Rosalind,"you bear to men, to like as much of this play as",2667
Act V,Epilogue,Rosalind,"please you: and I charge you, O men, for the love",2668
Act V,Epilogue,Rosalind,"you bear to women--as I perceive by your simpering,",2669
Act V,Epilogue,Rosalind,none of you hates them--that between you and the,2670
Act V,Epilogue,Rosalind,women the play may please. If I were a woman I,2671
Act V,Epilogue,Rosalind,would kiss as many of you as had beards that pleased,2672
Act V,Epilogue,Rosalind,"me, complexions that liked me and breaths that I",2673
Act V,Epilogue,Rosalind,"defied not: and, I am sure, as many as have good",2674
Act V,Epilogue,Rosalind,"beards or good faces or sweet breaths will, for my",2675
Act V,Epilogue,Rosalind,"kind offer, when I make curtsy, bid me farewell.",2676
Act V,Epilogue,[stage direction],Exeunt,NA
