act,scene,character,dialogue,line_number
Act I,Scene I,[stage direction],Enter DEMETRIUS and PHILO,NA
Act I,Scene I,Philo,"Nay, but this dotage of our general's",1
Act I,Scene I,Philo,"O'erflows the measure: those his goodly eyes,",2
Act I,Scene I,Philo,That o'er the files and musters of the war,3
Act I,Scene I,Philo,"Have glow'd like plated Mars, now bend, now turn,",4
Act I,Scene I,Philo,The office and devotion of their view,5
Act I,Scene I,Philo,"Upon a tawny front: his captain's heart,",6
Act I,Scene I,Philo,Which in the scuffles of great fights hath burst,7
Act I,Scene I,Philo,"The buckles on his breast, reneges all temper,",8
Act I,Scene I,Philo,And is become the bellows and the fan,9
Act I,Scene I,Philo,To cool a gipsy's lust.,10
Act I,Scene I,[stage direction],"Flourish. Enter ANTONY, CLEOPATRA, her Ladies, the Train, with Eunuchs fanning her",NA
Act I,Scene I,Philo,"Look, where they come:",11
Act I,Scene I,Philo,"Take but good note, and you shall see in him.",12
Act I,Scene I,Philo,The triple pillar of the world transform'd,13
Act I,Scene I,Philo,Into a strumpet's fool: behold and see.,14
Act I,Scene I,Cleopatra,"If it be love indeed, tell me how much.",15
Act I,Scene I,Mark Antony,There's beggary in the love that can be reckon'd.,16
Act I,Scene I,Cleopatra,I'll set a bourn how far to be beloved.,17
Act I,Scene I,Mark Antony,"Then must thou needs find out new heaven, new earth.",18
Act I,Scene I,[stage direction],Enter an Attendant,NA
Act I,Scene I,Attendant,"News, my good lord, from Rome.",19
Act I,Scene I,Mark Antony,Grates me: the sum.,20
Act I,Scene I,Cleopatra,"Nay, hear them, Antony:",21
Act I,Scene I,Cleopatra,"Fulvia perchance is angry; or, who knows",22
Act I,Scene I,Cleopatra,If the scarce-bearded Caesar have not sent,23
Act I,Scene I,Cleopatra,"His powerful mandate to you, 'Do this, or this;",24
Act I,Scene I,Cleopatra,"Take in that kingdom, and enfranchise that;",25
Act I,Scene I,Cleopatra,"Perform 't, or else we damn thee.'",26
Act I,Scene I,Mark Antony,"How, my love!",27
Act I,Scene I,Cleopatra,"Perchance! nay, and most like:",28
Act I,Scene I,Cleopatra,"You must not stay here longer, your dismission",29
Act I,Scene I,Cleopatra,"Is come from Caesar; therefore hear it, Antony.",30
Act I,Scene I,Cleopatra,Where's Fulvia's process? Caesar's I would say? both?,31
Act I,Scene I,Cleopatra,"Call in the messengers. As I am Egypt's queen,",32
Act I,Scene I,Cleopatra,"Thou blushest, Antony; and that blood of thine",33
Act I,Scene I,Cleopatra,Is Caesar's homager: else so thy cheek pays shame,34
Act I,Scene I,Cleopatra,When shrill-tongued Fulvia scolds. The messengers!,35
Act I,Scene I,Mark Antony,"Let Rome in Tiber melt, and the wide arch",36
Act I,Scene I,Mark Antony,Of the ranged empire fall! Here is my space.,37
Act I,Scene I,Mark Antony,Kingdoms are clay: our dungy earth alike,38
Act I,Scene I,Mark Antony,Feeds beast as man: the nobleness of life,39
Act I,Scene I,Mark Antony,Is to do thus; when such a mutual pair,40
Act I,Scene I,[stage direction],Embracing,NA
Act I,Scene I,Mark Antony,"And such a twain can do't, in which I bind,",41
Act I,Scene I,Mark Antony,"On pain of punishment, the world to weet",42
Act I,Scene I,Mark Antony,We stand up peerless.,43
Act I,Scene I,Cleopatra,Excellent falsehood!,44
Act I,Scene I,Cleopatra,"Why did he marry Fulvia, and not love her?",45
Act I,Scene I,Cleopatra,I'll seem the fool I am not; Antony,46
Act I,Scene I,Cleopatra,Will be himself.,47
Act I,Scene I,Mark Antony,But stirr'd by Cleopatra.,48
Act I,Scene I,Mark Antony,"Now, for the love of Love and her soft hours,",49
Act I,Scene I,Mark Antony,Let's not confound the time with conference harsh:,50
Act I,Scene I,Mark Antony,There's not a minute of our lives should stretch,51
Act I,Scene I,Mark Antony,Without some pleasure now. What sport tonight?,52
Act I,Scene I,Cleopatra,Hear the ambassadors.,53
Act I,Scene I,Mark Antony,"Fie, wrangling queen!",54
Act I,Scene I,Mark Antony,"Whom every thing becomes, to chide, to laugh,",55
Act I,Scene I,Mark Antony,To weep; whose every passion fully strives,56
Act I,Scene I,Mark Antony,"To make itself, in thee, fair and admired!",57
Act I,Scene I,Mark Antony,"No messenger, but thine; and all alone",58
Act I,Scene I,Mark Antony,To-night we'll wander through the streets and note,59
Act I,Scene I,Mark Antony,"The qualities of people. Come, my queen;",60
Act I,Scene I,Mark Antony,Last night you did desire it: speak not to us.,61
Act I,Scene I,[stage direction],Exeunt MARK ANTONY and CLEOPATRA with their train,NA
Act I,Scene I,Demetrius,Is Caesar with Antonius prized so slight?,62
Act I,Scene I,Philo,"Sir, sometimes, when he is not Antony,",63
Act I,Scene I,Philo,He comes too short of that great property,64
Act I,Scene I,Philo,Which still should go with Antony.,65
Act I,Scene I,Demetrius,I am full sorry,66
Act I,Scene I,Demetrius,"That he approves the common liar, who",67
Act I,Scene I,Demetrius,Thus speaks of him at Rome: but I will hope,68
Act I,Scene I,Demetrius,Of better deeds to-morrow. Rest you happy!,69
Act I,Scene I,[stage direction],Exeunt,NA
Act I,Scene II,[stage direction],"Enter CHARMIAN, IRAS, ALEXAS, and a Soothsayer",NA
Act I,Scene II,Charmian,"Lord Alexas, sweet Alexas, most any thing Alexas,",70
Act I,Scene II,Charmian,"almost most absolute Alexas, where's the soothsayer",71
Act I,Scene II,Charmian,"that you praised so to the queen? O, that I knew",72
Act I,Scene II,Charmian,"this husband, which, you say, must charge his horns",73
Act I,Scene II,Charmian,with garlands!,74
Act I,Scene II,Alexas,Soothsayer!,75
Act I,Scene II,Soothsayer,Your will?,76
Act I,Scene II,Charmian,"Is this the man? Is't you, sir, that know things?",77
Act I,Scene II,Soothsayer,In nature's infinite book of secrecy,78
Act I,Scene II,Soothsayer,A little I can read.,79
Act I,Scene II,Alexas,Show him your hand.,80
Act I,Scene II,[stage direction],Enter DOMITIUS ENOBARBUS,NA
Act I,Scene II,Domitius Enobarbus,Bring in the banquet quickly; wine enough,81
Act I,Scene II,Domitius Enobarbus,Cleopatra's health to drink.,82
Act I,Scene II,Charmian,"Good sir, give me good fortune.",83
Act I,Scene II,Soothsayer,"I make not, but foresee.",84
Act I,Scene II,Charmian,"Pray, then, foresee me one.",85
Act I,Scene II,Soothsayer,You shall be yet far fairer than you are.,86
Act I,Scene II,Charmian,He means in flesh.,87
Act I,Scene II,Iras,"No, you shall paint when you are old.",88
Act I,Scene II,Charmian,Wrinkles forbid!,89
Act I,Scene II,Alexas,Vex not his prescience; be attentive.,90
Act I,Scene II,Charmian,Hush!,91
Act I,Scene II,Soothsayer,You shall be more beloving than beloved.,92
Act I,Scene II,Charmian,I had rather heat my liver with drinking.,93
Act I,Scene II,Alexas,"Nay, hear him.",94
Act I,Scene II,Charmian,"Good now, some excellent fortune! Let me be married",95
Act I,Scene II,Charmian,"to three kings in a forenoon, and widow them all:",96
Act I,Scene II,Charmian,"let me have a child at fifty, to whom Herod of Jewry",97
Act I,Scene II,Charmian,may do homage: find me to marry me with Octavius,98
Act I,Scene II,Charmian,"Caesar, and companion me with my mistress.",99
Act I,Scene II,Soothsayer,You shall outlive the lady whom you serve.,100
Act I,Scene II,Charmian,O excellent! I love long life better than figs.,101
Act I,Scene II,Soothsayer,You have seen and proved a fairer former fortune,102
Act I,Scene II,Soothsayer,Than that which is to approach.,103
Act I,Scene II,Charmian,Then belike my children shall have no names:,104
Act I,Scene II,Charmian,"prithee, how many boys and wenches must I have?",105
Act I,Scene II,Soothsayer,If every of your wishes had a womb.,106
Act I,Scene II,Soothsayer,"And fertile every wish, a million.",107
Act I,Scene II,Charmian,"Out, fool! I forgive thee for a witch.",108
Act I,Scene II,Alexas,You think none but your sheets are privy to your wishes.,109
Act I,Scene II,Charmian,"Nay, come, tell Iras hers.",110
Act I,Scene II,Alexas,We'll know all our fortunes.,111
Act I,Scene II,Domitius Enobarbus,"Mine, and most of our fortunes, to-night, shall",112
Act I,Scene II,Domitius Enobarbus,be--drunk to bed.,113
Act I,Scene II,Iras,"There's a palm presages chastity, if nothing else.",114
Act I,Scene II,Charmian,E'en as the o'erflowing Nilus presageth famine.,115
Act I,Scene II,Iras,"Go, you wild bedfellow, you cannot soothsay.",116
Act I,Scene II,Charmian,"Nay, if an oily palm be not a fruitful",117
Act I,Scene II,Charmian,"prognostication, I cannot scratch mine ear. Prithee,",118
Act I,Scene II,Charmian,tell her but a worky-day fortune.,119
Act I,Scene II,Soothsayer,Your fortunes are alike.,120
Act I,Scene II,Iras,"But how, but how? give me particulars.",121
Act I,Scene II,Soothsayer,I have said.,122
Act I,Scene II,Iras,Am I not an inch of fortune better than she?,123
Act I,Scene II,Charmian,"Well, if you were but an inch of fortune better than",124
Act I,Scene II,Charmian,"I, where would you choose it?",125
Act I,Scene II,Iras,Not in my husband's nose.,126
Act I,Scene II,Charmian,"Our worser thoughts heavens mend! Alexas,--come,",127
Act I,Scene II,Charmian,"his fortune, his fortune! O, let him marry a woman",128
Act I,Scene II,Charmian,"that cannot go, sweet Isis, I beseech thee! and let",129
Act I,Scene II,Charmian,"her die too, and give him a worse! and let worst",130
Act I,Scene II,Charmian,"follow worse, till the worst of all follow him",131
Act I,Scene II,Charmian,"laughing to his grave, fifty-fold a cuckold! Good",132
Act I,Scene II,Charmian,"Isis, hear me this prayer, though thou deny me a",133
Act I,Scene II,Charmian,"matter of more weight; good Isis, I beseech thee!",134
Act I,Scene II,Iras,"Amen. Dear goddess, hear that prayer of the people!",135
Act I,Scene II,Iras,"for, as it is a heartbreaking to see a handsome man",136
Act I,Scene II,Iras,"loose-wived, so it is a deadly sorrow to behold a",137
Act I,Scene II,Iras,"foul knave uncuckolded: therefore, dear Isis, keep",138
Act I,Scene II,Iras,"decorum, and fortune him accordingly!",139
Act I,Scene II,Charmian,Amen.,140
Act I,Scene II,Alexas,"Lo, now, if it lay in their hands to make me a",141
Act I,Scene II,Alexas,"cuckold, they would make themselves whores, but",142
Act I,Scene II,Alexas,they'ld do't!,143
Act I,Scene II,Domitius Enobarbus,Hush! here comes Antony.,144
Act I,Scene II,Charmian,Not he; the queen.,145
Act I,Scene II,[stage direction],Enter CLEOPATRA,NA
Act I,Scene II,Cleopatra,Saw you my lord?,146
Act I,Scene II,Domitius Enobarbus,"No, lady.",147
Act I,Scene II,Cleopatra,Was he not here?,148
Act I,Scene II,Charmian,"No, madam.",149
Act I,Scene II,Cleopatra,He was disposed to mirth; but on the sudden,150
Act I,Scene II,Cleopatra,A Roman thought hath struck him. Enobarbus!,151
Act I,Scene II,Domitius Enobarbus,Madam?,152
Act I,Scene II,Cleopatra,"Seek him, and bring him hither.",153
Act I,Scene II,Cleopatra,Where's Alexas?,154
Act I,Scene II,Alexas,"Here, at your service. My lord approaches.",155
Act I,Scene II,Cleopatra,We will not look upon him: go with us.,156
Act I,Scene II,[stage direction],Exeunt,NA
Act I,Scene II,[stage direction],Enter MARK ANTONY with a Messenger and Attendants,NA
Act I,Scene II,Messenger,Fulvia thy wife first came into the field.,157
Act I,Scene II,Mark Antony,Against my brother Lucius?,158
Act I,Scene II,Messenger,Ay:,159
Act I,Scene II,Messenger,"But soon that war had end, and the time's state",160
Act I,Scene II,Messenger,"Made friends of them, joining their force 'gainst Caesar;",161
Act I,Scene II,Messenger,"Whose better issue in the war, from Italy,",162
Act I,Scene II,Messenger,"Upon the first encounter, drave them.",163
Act I,Scene II,Mark Antony,"Well, what worst?",164
Act I,Scene II,Messenger,The nature of bad news infects the teller.,165
Act I,Scene II,Mark Antony,When it concerns the fool or coward. On:,166
Act I,Scene II,Mark Antony,Things that are past are done with me. 'Tis thus:,167
Act I,Scene II,Mark Antony,"Who tells me true, though in his tale lie death,",168
Act I,Scene II,Mark Antony,I hear him as he flatter'd.,169
Act I,Scene II,Messenger,Labienus--,170
Act I,Scene II,Messenger,"This is stiff news--hath, with his Parthian force,",171
Act I,Scene II,Messenger,Extended Asia from Euphrates;,172
Act I,Scene II,Messenger,His conquering banner shook from Syria,173
Act I,Scene II,Messenger,To Lydia and to Ionia; Whilst--,174
Act I,Scene II,Mark Antony,"Antony, thou wouldst say,--",175
Act I,Scene II,Messenger,"O, my lord!",176
Act I,Scene II,Mark Antony,"Speak to me home, mince not the general tongue:",177
Act I,Scene II,Mark Antony,Name Cleopatra as she is call'd in Rome;,178
Act I,Scene II,Mark Antony,Rail thou in Fulvia's phrase; and taunt my faults,179
Act I,Scene II,Mark Antony,With such full licence as both truth and malice,180
Act I,Scene II,Mark Antony,"Have power to utter. O, then we bring forth weeds,",181
Act I,Scene II,Mark Antony,When our quick minds lie still; and our ills told us,182
Act I,Scene II,Mark Antony,Is as our earing. Fare thee well awhile.,183
Act I,Scene II,Messenger,At your noble pleasure.,184
Act I,Scene II,[stage direction],Exit,NA
Act I,Scene II,Mark Antony,"From Sicyon, ho, the news! Speak there!",185
Act I,Scene II,First Attendant,"The man from Sicyon,--is there such an one?",186
Act I,Scene II,Second Attendant,He stays upon your will.,187
Act I,Scene II,Mark Antony,Let him appear.,188
Act I,Scene II,Mark Antony,"These strong Egyptian fetters I must break,",189
Act I,Scene II,Mark Antony,Or lose myself in dotage.,190
Act I,Scene II,[stage direction],Enter another Messenger,NA
Act I,Scene II,Mark Antony,What are you?,191
Act I,Scene II,Second Messenger,Fulvia thy wife is dead.,192
Act I,Scene II,Mark Antony,Where died she?,193
Act I,Scene II,Second Messenger,In Sicyon:,194
Act I,Scene II,Second Messenger,"Her length of sickness, with what else more serious",195
Act I,Scene II,Second Messenger,"Importeth thee to know, this bears.",196
Act I,Scene II,[stage direction],Gives a letter,NA
Act I,Scene II,Mark Antony,Forbear me.,197
Act I,Scene II,[stage direction],Exit Second Messenger,NA
Act I,Scene II,Mark Antony,There's a great spirit gone! Thus did I desire it:,198
Act I,Scene II,Mark Antony,"What our contempt doth often hurl from us,",199
Act I,Scene II,Mark Antony,"We wish it ours again; the present pleasure,",200
Act I,Scene II,Mark Antony,"By revolution lowering, does become",201
Act I,Scene II,Mark Antony,"The opposite of itself: she's good, being gone;",202
Act I,Scene II,Mark Antony,The hand could pluck her back that shoved her on.,203
Act I,Scene II,Mark Antony,I must from this enchanting queen break off:,204
Act I,Scene II,Mark Antony,"Ten thousand harms, more than the ills I know,",205
Act I,Scene II,Mark Antony,My idleness doth hatch. How now! Enobarbus!,206
Act I,Scene II,[stage direction],Re-enter DOMITIUS ENOBARBUS,NA
Act I,Scene II,Domitius Enobarbus,"What's your pleasure, sir?",207
Act I,Scene II,Mark Antony,I must with haste from hence.,208
Act I,Scene II,Domitius Enobarbus,"Why, then, we kill all our women:",209
Act I,Scene II,Domitius Enobarbus,we see how mortal an unkindness is to them;,210
Act I,Scene II,Domitius Enobarbus,"if they suffer our departure, death's the word.",211
Act I,Scene II,Mark Antony,I must be gone.,212
Act I,Scene II,Domitius Enobarbus,"Under a compelling occasion, let women die; it were",213
Act I,Scene II,Domitius Enobarbus,"pity to cast them away for nothing; though, between",214
Act I,Scene II,Domitius Enobarbus,"them and a great cause, they should be esteemed",215
Act I,Scene II,Domitius Enobarbus,"nothing. Cleopatra, catching but the least noise of",216
Act I,Scene II,Domitius Enobarbus,"this, dies instantly; I have seen her die twenty",217
Act I,Scene II,Domitius Enobarbus,times upon far poorer moment: I do think there is,218
Act I,Scene II,Domitius Enobarbus,"mettle in death, which commits some loving act upon",219
Act I,Scene II,Domitius Enobarbus,"her, she hath such a celerity in dying.",220
Act I,Scene II,Mark Antony,She is cunning past man's thought.,221
Act I,Scene II,[stage direction],Exit ALEXAS,NA
Act I,Scene II,Domitius Enobarbus,"Alack, sir, no; her passions are made of nothing but",222
Act I,Scene II,Domitius Enobarbus,the finest part of pure love: we cannot call her,223
Act I,Scene II,Domitius Enobarbus,winds and waters sighs and tears; they are greater,224
Act I,Scene II,Domitius Enobarbus,storms and tempests than almanacs can report: this,225
Act I,Scene II,Domitius Enobarbus,"cannot be cunning in her; if it be, she makes a",226
Act I,Scene II,Domitius Enobarbus,shower of rain as well as Jove.,227
Act I,Scene II,Mark Antony,Would I had never seen her.,228
Act I,Scene II,Domitius Enobarbus,"O, sir, you had then left unseen a wonderful piece",229
Act I,Scene II,Domitius Enobarbus,of work; which not to have been blest withal would,230
Act I,Scene II,Domitius Enobarbus,have discredited your travel.,231
Act I,Scene II,Mark Antony,Fulvia is dead.,232
Act I,Scene II,Domitius Enobarbus,Sir?,233
Act I,Scene II,Mark Antony,Fulvia is dead.,234
Act I,Scene II,Domitius Enobarbus,Fulvia!,235
Act I,Scene II,Mark Antony,Dead.,236
Act I,Scene II,Domitius Enobarbus,"Why, sir, give the gods a thankful sacrifice. When",237
Act I,Scene II,Domitius Enobarbus,it pleaseth their deities to take the wife of a man,238
Act I,Scene II,Domitius Enobarbus,"from him, it shows to man the tailors of the earth;",239
Act I,Scene II,Domitius Enobarbus,"comforting therein, that when old robes are worn",240
Act I,Scene II,Domitius Enobarbus,"out, there are members to make new. If there were",241
Act I,Scene II,Domitius Enobarbus,"no more women but Fulvia, then had you indeed a cut,",242
Act I,Scene II,Domitius Enobarbus,and the case to be lamented: this grief is crowned,243
Act I,Scene II,Domitius Enobarbus,with consolation; your old smock brings forth a new,244
Act I,Scene II,Domitius Enobarbus,petticoat: and indeed the tears live in an onion,245
Act I,Scene II,Domitius Enobarbus,that should water this sorrow.,246
Act I,Scene II,Mark Antony,The business she hath broached in the state,247
Act I,Scene II,Mark Antony,Cannot endure my absence.,248
Act I,Scene II,Domitius Enobarbus,And the business you have broached here cannot be,249
Act I,Scene II,Domitius Enobarbus,"without you; especially that of Cleopatra's, which",250
Act I,Scene II,Domitius Enobarbus,wholly depends on your abode.,251
Act I,Scene II,Mark Antony,No more light answers. Let our officers,252
Act I,Scene II,Mark Antony,Have notice what we purpose. I shall break,253
Act I,Scene II,Mark Antony,"The cause of our expedience to the queen,",254
Act I,Scene II,Mark Antony,And get her leave to part. For not alone,255
Act I,Scene II,Mark Antony,"The death of Fulvia, with more urgent touches,",256
Act I,Scene II,Mark Antony,Do strongly speak to us; but the letters too,257
Act I,Scene II,Mark Antony,Of many our contriving friends in Rome,258
Act I,Scene II,Mark Antony,Petition us at home: Sextus Pompeius,259
Act I,Scene II,Mark Antony,"Hath given the dare to Caesar, and commands",260
Act I,Scene II,Mark Antony,"The empire of the sea: our slippery people,",261
Act I,Scene II,Mark Antony,Whose love is never link'd to the deserver,262
Act I,Scene II,Mark Antony,"Till his deserts are past, begin to throw",263
Act I,Scene II,Mark Antony,Pompey the Great and all his dignities,264
Act I,Scene II,Mark Antony,"Upon his son; who, high in name and power,",265
Act I,Scene II,Mark Antony,"Higher than both in blood and life, stands up",266
Act I,Scene II,Mark Antony,"For the main soldier: whose quality, going on,",267
Act I,Scene II,Mark Antony,"The sides o' the world may danger: much is breeding,",268
Act I,Scene II,Mark Antony,"Which, like the courser's hair, hath yet but life,",269
Act I,Scene II,Mark Antony,"And not a serpent's poison. Say, our pleasure,",270
Act I,Scene II,Mark Antony,"To such whose place is under us, requires",271
Act I,Scene II,Mark Antony,Our quick remove from hence.,272
Act I,Scene II,Domitius Enobarbus,I shall do't.,273
Act I,Scene II,[stage direction],Exeunt,NA
Act I,Scene III,[stage direction],"Enter CLEOPATRA, CHARMIAN, IRAS, and ALEXAS",NA
Act I,Scene III,Cleopatra,Where is he?,274
Act I,Scene III,Charmian,I did not see him since.,275
Act I,Scene III,Cleopatra,"See where he is, who's with him, what he does:",276
Act I,Scene III,Cleopatra,"I did not send you: if you find him sad,",277
Act I,Scene III,Cleopatra,"Say I am dancing; if in mirth, report",278
Act I,Scene III,Cleopatra,"That I am sudden sick: quick, and return.",279
Act I,Scene III,[stage direction],Exit ALEXAS,NA
Act I,Scene III,Charmian,"Madam, methinks, if you did love him dearly,",280
Act I,Scene III,Charmian,You do not hold the method to enforce,281
Act I,Scene III,Charmian,The like from him.,282
Act I,Scene III,Cleopatra,"What should I do, I do not?",283
Act I,Scene III,Charmian,"In each thing give him way, cross him nothing.",284
Act I,Scene III,Cleopatra,Thou teachest like a fool; the way to lose him.,285
Act I,Scene III,Charmian,"Tempt him not so too far; I wish, forbear:",286
Act I,Scene III,Charmian,In time we hate that which we often fear.,287
Act I,Scene III,Charmian,But here comes Antony.,288
Act I,Scene III,[stage direction],Enter MARK ANTONY,NA
Act I,Scene III,Cleopatra,I am sick and sullen.,289
Act I,Scene III,Mark Antony,"I am sorry to give breathing to my purpose,--",290
Act I,Scene III,Cleopatra,"Help me away, dear Charmian; I shall fall:",291
Act I,Scene III,Cleopatra,"It cannot be thus long, the sides of nature",292
Act I,Scene III,Cleopatra,Will not sustain it.,293
Act I,Scene III,Mark Antony,"Now, my dearest queen,--",294
Act I,Scene III,Cleopatra,"Pray you, stand further from me.",295
Act I,Scene III,Mark Antony,What's the matter?,296
Act I,Scene III,Cleopatra,"I know, by that same eye, there's some good news.",297
Act I,Scene III,Cleopatra,What says the married woman? You may go:,298
Act I,Scene III,Cleopatra,Would she had never given you leave to come!,299
Act I,Scene III,Cleopatra,Let her not say 'tis I that keep you here:,300
Act I,Scene III,Cleopatra,I have no power upon you; hers you are.,301
Act I,Scene III,Mark Antony,"The gods best know,--",302
Act I,Scene III,Cleopatra,"O, never was there queen",303
Act I,Scene III,Cleopatra,So mightily betray'd! yet at the first,304
Act I,Scene III,Cleopatra,I saw the treasons planted.,305
Act I,Scene III,Mark Antony,"Cleopatra,--",306
Act I,Scene III,Cleopatra,"Why should I think you can be mine and true,",307
Act I,Scene III,Cleopatra,"Though you in swearing shake the throned gods,",308
Act I,Scene III,Cleopatra,"Who have been false to Fulvia? Riotous madness,",309
Act I,Scene III,Cleopatra,"To be entangled with those mouth-made vows,",310
Act I,Scene III,Cleopatra,Which break themselves in swearing!,311
Act I,Scene III,Mark Antony,"Most sweet queen,--",312
Act I,Scene III,Cleopatra,"Nay, pray you, seek no colour for your going,",313
Act I,Scene III,Cleopatra,"But bid farewell, and go: when you sued staying,",314
Act I,Scene III,Cleopatra,Then was the time for words: no going then;,315
Act I,Scene III,Cleopatra,"Eternity was in our lips and eyes,",316
Act I,Scene III,Cleopatra,"Bliss in our brows' bent; none our parts so poor,",317
Act I,Scene III,Cleopatra,"But was a race of heaven: they are so still,",318
Act I,Scene III,Cleopatra,"Or thou, the greatest soldier of the world,",319
Act I,Scene III,Cleopatra,Art turn'd the greatest liar.,320
Act I,Scene III,Mark Antony,"How now, lady!",321
Act I,Scene III,Cleopatra,I would I had thy inches; thou shouldst know,322
Act I,Scene III,Cleopatra,There were a heart in Egypt.,323
Act I,Scene III,Mark Antony,"Hear me, queen:",324
Act I,Scene III,Mark Antony,The strong necessity of time commands,325
Act I,Scene III,Mark Antony,Our services awhile; but my full heart,326
Act I,Scene III,Mark Antony,Remains in use with you. Our Italy,327
Act I,Scene III,Mark Antony,Shines o'er with civil swords: Sextus Pompeius,328
Act I,Scene III,Mark Antony,Makes his approaches to the port of Rome:,329
Act I,Scene III,Mark Antony,Equality of two domestic powers,330
Act I,Scene III,Mark Antony,"Breed scrupulous faction: the hated, grown to strength,",331
Act I,Scene III,Mark Antony,"Are newly grown to love: the condemn'd Pompey,",332
Act I,Scene III,Mark Antony,"Rich in his father's honour, creeps apace,",333
Act I,Scene III,Mark Antony,Into the hearts of such as have not thrived,334
Act I,Scene III,Mark Antony,"Upon the present state, whose numbers threaten;",335
Act I,Scene III,Mark Antony,"And quietness, grown sick of rest, would purge",336
Act I,Scene III,Mark Antony,"By any desperate change: my more particular,",337
Act I,Scene III,Mark Antony,"And that which most with you should safe my going,",338
Act I,Scene III,Mark Antony,Is Fulvia's death.,339
Act I,Scene III,Cleopatra,"Though age from folly could not give me freedom,",340
Act I,Scene III,Cleopatra,It does from childishness: can Fulvia die?,341
Act I,Scene III,Mark Antony,"She's dead, my queen:",342
Act I,Scene III,Mark Antony,"Look here, and at thy sovereign leisure read",343
Act I,Scene III,Mark Antony,"The garboils she awaked; at the last, best:",344
Act I,Scene III,Mark Antony,See when and where she died.,345
Act I,Scene III,Cleopatra,O most false love!,346
Act I,Scene III,Cleopatra,Where be the sacred vials thou shouldst fill,347
Act I,Scene III,Cleopatra,"With sorrowful water? Now I see, I see,",348
Act I,Scene III,Cleopatra,"In Fulvia's death, how mine received shall be.",349
Act I,Scene III,Mark Antony,"Quarrel no more, but be prepared to know",350
Act I,Scene III,Mark Antony,"The purposes I bear; which are, or cease,",351
Act I,Scene III,Mark Antony,As you shall give the advice. By the fire,352
Act I,Scene III,Mark Antony,"That quickens Nilus' slime, I go from hence",353
Act I,Scene III,Mark Antony,"Thy soldier, servant; making peace or war",354
Act I,Scene III,Mark Antony,As thou affect'st.,355
Act I,Scene III,Cleopatra,"Cut my lace, Charmian, come;",356
Act I,Scene III,Cleopatra,"But let it be: I am quickly ill, and well,",357
Act I,Scene III,Cleopatra,So Antony loves.,358
Act I,Scene III,Mark Antony,"My precious queen, forbear;",359
Act I,Scene III,Mark Antony,"And give true evidence to his love, which stands",360
Act I,Scene III,Mark Antony,An honourable trial.,361
Act I,Scene III,Cleopatra,So Fulvia told me.,362
Act I,Scene III,Cleopatra,"I prithee, turn aside and weep for her,",363
Act I,Scene III,Cleopatra,"Then bid adieu to me, and say the tears",364
Act I,Scene III,Cleopatra,"Belong to Egypt: good now, play one scene",365
Act I,Scene III,Cleopatra,Of excellent dissembling; and let it look,366
Act I,Scene III,Cleopatra,Life perfect honour.,367
Act I,Scene III,Mark Antony,You'll heat my blood: no more.,368
Act I,Scene III,Cleopatra,You can do better yet; but this is meetly.,369
Act I,Scene III,Mark Antony,"Now, by my sword,--",370
Act I,Scene III,Cleopatra,And target. Still he mends;,371
Act I,Scene III,Cleopatra,"But this is not the best. Look, prithee, Charmian,",372
Act I,Scene III,Cleopatra,How this Herculean Roman does become,373
Act I,Scene III,Cleopatra,The carriage of his chafe.,374
Act I,Scene III,Mark Antony,"I'll leave you, lady.",375
Act I,Scene III,Cleopatra,"Courteous lord, one word.",376
Act I,Scene III,Cleopatra,"Sir, you and I must part, but that's not it:",377
Act I,Scene III,Cleopatra,"Sir, you and I have loved, but there's not it;",378
Act I,Scene III,Cleopatra,"That you know well: something it is I would,",379
Act I,Scene III,Cleopatra,"O, my oblivion is a very Antony,",380
Act I,Scene III,Cleopatra,And I am all forgotten.,381
Act I,Scene III,Mark Antony,But that your royalty,382
Act I,Scene III,Mark Antony,"Holds idleness your subject, I should take you",383
Act I,Scene III,Mark Antony,For idleness itself.,384
Act I,Scene III,Cleopatra,'Tis sweating labour,385
Act I,Scene III,Cleopatra,To bear such idleness so near the heart,386
Act I,Scene III,Cleopatra,"As Cleopatra this. But, sir, forgive me;",387
Act I,Scene III,Cleopatra,"Since my becomings kill me, when they do not",388
Act I,Scene III,Cleopatra,Eye well to you: your honour calls you hence;,389
Act I,Scene III,Cleopatra,Therefore be deaf to my unpitied folly.,390
Act I,Scene III,Cleopatra,And all the gods go with you! upon your sword,391
Act I,Scene III,Cleopatra,Sit laurel victory! and smooth success,392
Act I,Scene III,Cleopatra,Be strew'd before your feet!,393
Act I,Scene III,Mark Antony,Let us go. Come;,394
Act I,Scene III,Mark Antony,"Our separation so abides, and flies,",395
Act I,Scene III,Mark Antony,"That thou, residing here, go'st yet with me,",396
Act I,Scene III,Mark Antony,"And I, hence fleeting, here remain with thee. Away!",397
Act I,Scene III,[stage direction],Exeunt,NA
Act I,Scene IV,[stage direction],"Enter OCTAVIUS CAESAR, reading a letter, LEPIDUS, and their Train",NA
Act I,Scene IV,Octavius Caesar,"You may see, Lepidus, and henceforth know,",398
Act I,Scene IV,Octavius Caesar,It is not Caesar's natural vice to hate,399
Act I,Scene IV,Octavius Caesar,Our great competitor: from Alexandria,400
Act I,Scene IV,Octavius Caesar,"This is the news: he fishes, drinks, and wastes",401
Act I,Scene IV,Octavius Caesar,The lamps of night in revel; is not more man-like,402
Act I,Scene IV,Octavius Caesar,Than Cleopatra; nor the queen of Ptolemy,403
Act I,Scene IV,Octavius Caesar,"More womanly than he; hardly gave audience, or",404
Act I,Scene IV,Octavius Caesar,Vouchsafed to think he had partners: you shall find there,405
Act I,Scene IV,Octavius Caesar,A man who is the abstract of all faults,406
Act I,Scene IV,Octavius Caesar,That all men follow.,407
Act I,Scene IV,Lepidus,I must not think there are,408
Act I,Scene IV,Lepidus,Evils enow to darken all his goodness:,409
Act I,Scene IV,Lepidus,"His faults in him seem as the spots of heaven,",410
Act I,Scene IV,Lepidus,"More fiery by night's blackness; hereditary,",411
Act I,Scene IV,Lepidus,"Rather than purchased; what he cannot change,",412
Act I,Scene IV,Lepidus,Than what he chooses.,413
Act I,Scene IV,Octavius Caesar,"You are too indulgent. Let us grant, it is not",414
Act I,Scene IV,Octavius Caesar,Amiss to tumble on the bed of Ptolemy;,415
Act I,Scene IV,Octavius Caesar,To give a kingdom for a mirth; to sit,416
Act I,Scene IV,Octavius Caesar,And keep the turn of tippling with a slave;,417
Act I,Scene IV,Octavius Caesar,"To reel the streets at noon, and stand the buffet",418
Act I,Scene IV,Octavius Caesar,With knaves that smell of sweat: say this,419
Act I,Scene IV,Octavius Caesar,"becomes him,--",420
Act I,Scene IV,Octavius Caesar,As his composure must be rare indeed,421
Act I,Scene IV,Octavius Caesar,"Whom these things cannot blemish,--yet must Antony",422
Act I,Scene IV,Octavius Caesar,"No way excuse his soils, when we do bear",423
Act I,Scene IV,Octavius Caesar,So great weight in his lightness. If he fill'd,424
Act I,Scene IV,Octavius Caesar,"His vacancy with his voluptuousness,",425
Act I,Scene IV,Octavius Caesar,"Full surfeits, and the dryness of his bones,",426
Act I,Scene IV,Octavius Caesar,"Call on him for't: but to confound such time,",427
Act I,Scene IV,Octavius Caesar,"That drums him from his sport, and speaks as loud",428
Act I,Scene IV,Octavius Caesar,"As his own state and ours,--'tis to be chid",429
Act I,Scene IV,Octavius Caesar,"As we rate boys, who, being mature in knowledge,",430
Act I,Scene IV,Octavius Caesar,"Pawn their experience to their present pleasure,",431
Act I,Scene IV,Octavius Caesar,And so rebel to judgment.,432
Act I,Scene IV,[stage direction],Enter a Messenger,NA
Act I,Scene IV,Lepidus,Here's more news.,433
Act I,Scene IV,Messenger,"Thy biddings have been done; and every hour,",434
Act I,Scene IV,Messenger,"Most noble Caesar, shalt thou have report",435
Act I,Scene IV,Messenger,How 'tis abroad. Pompey is strong at sea;,436
Act I,Scene IV,Messenger,And it appears he is beloved of those,437
Act I,Scene IV,Messenger,That only have fear'd Caesar: to the ports,438
Act I,Scene IV,Messenger,"The discontents repair, and men's reports",439
Act I,Scene IV,Messenger,Give him much wrong'd.,440
Act I,Scene IV,Octavius Caesar,I should have known no less.,441
Act I,Scene IV,Octavius Caesar,"It hath been taught us from the primal state,",442
Act I,Scene IV,Octavius Caesar,That he which is was wish'd until he were;,443
Act I,Scene IV,Octavius Caesar,"And the ebb'd man, ne'er loved till ne'er worth love,",444
Act I,Scene IV,Octavius Caesar,"Comes dear'd by being lack'd. This common body,",445
Act I,Scene IV,Octavius Caesar,"Like to a vagabond flag upon the stream,",446
Act I,Scene IV,Octavius Caesar,"Goes to and back, lackeying the varying tide,",447
Act I,Scene IV,Octavius Caesar,To rot itself with motion.,448
Act I,Scene IV,Messenger,"Caesar, I bring thee word,",449
Act I,Scene IV,Messenger,"Menecrates and Menas, famous pirates,",450
Act I,Scene IV,Messenger,"Make the sea serve them, which they ear and wound",451
Act I,Scene IV,Messenger,With keels of every kind: many hot inroads,452
Act I,Scene IV,Messenger,They make in Italy; the borders maritime,453
Act I,Scene IV,Messenger,"Lack blood to think on't, and flush youth revolt:",454
Act I,Scene IV,Messenger,"No vessel can peep forth, but 'tis as soon",455
Act I,Scene IV,Messenger,Taken as seen; for Pompey's name strikes more,456
Act I,Scene IV,Messenger,Than could his war resisted.,457
Act I,Scene IV,Octavius Caesar,"Antony,",458
Act I,Scene IV,Octavius Caesar,Leave thy lascivious wassails. When thou once,459
Act I,Scene IV,Octavius Caesar,"Wast beaten from Modena, where thou slew'st",460
Act I,Scene IV,Octavius Caesar,"Hirtius and Pansa, consuls, at thy heel",461
Act I,Scene IV,Octavius Caesar,"Did famine follow; whom thou fought'st against,",462
Act I,Scene IV,Octavius Caesar,"Though daintily brought up, with patience more",463
Act I,Scene IV,Octavius Caesar,Than savages could suffer: thou didst drink,464
Act I,Scene IV,Octavius Caesar,"The stale of horses, and the gilded puddle",465
Act I,Scene IV,Octavius Caesar,Which beasts would cough at: thy palate then did deign,466
Act I,Scene IV,Octavius Caesar,The roughest berry on the rudest hedge;,467
Act I,Scene IV,Octavius Caesar,"Yea, like the stag, when snow the pasture sheets,",468
Act I,Scene IV,Octavius Caesar,The barks of trees thou browsed'st; on the Alps,469
Act I,Scene IV,Octavius Caesar,"It is reported thou didst eat strange flesh,",470
Act I,Scene IV,Octavius Caesar,Which some did die to look on: and all this--,471
Act I,Scene IV,Octavius Caesar,It wounds thine honour that I speak it now--,472
Act I,Scene IV,Octavius Caesar,"Was borne so like a soldier, that thy cheek",473
Act I,Scene IV,Octavius Caesar,So much as lank'd not.,474
Act I,Scene IV,Lepidus,'Tis pity of him.,475
Act I,Scene IV,Octavius Caesar,Let his shames quickly,476
Act I,Scene IV,Octavius Caesar,Drive him to Rome: 'tis time we twain,477
Act I,Scene IV,Octavius Caesar,Did show ourselves i' the field; and to that end,478
Act I,Scene IV,Octavius Caesar,Assemble we immediate council: Pompey,479
Act I,Scene IV,Octavius Caesar,Thrives in our idleness.,480
Act I,Scene IV,Lepidus,"To-morrow, Caesar,",481
Act I,Scene IV,Lepidus,I shall be furnish'd to inform you rightly,482
Act I,Scene IV,Lepidus,Both what by sea and land I can be able,483
Act I,Scene IV,Lepidus,To front this present time.,484
Act I,Scene IV,Octavius Caesar,"Till which encounter,",485
Act I,Scene IV,Octavius Caesar,It is my business too. Farewell.,486
Act I,Scene IV,Lepidus,"Farewell, my lord: what you shall know meantime",487
Act I,Scene IV,Lepidus,"Of stirs abroad, I shall beseech you, sir,",488
Act I,Scene IV,Lepidus,To let me be partaker.,489
Act I,Scene IV,Octavius Caesar,"Doubt not, sir;",490
Act I,Scene IV,Octavius Caesar,I knew it for my bond.,491
Act I,Scene IV,[stage direction],Exeunt,NA
Act I,Scene V,[stage direction],"Enter CLEOPATRA, CHARMIAN, IRAS, and MARDIAN",NA
Act I,Scene V,Cleopatra,Charmian!,492
Act I,Scene V,Charmian,Madam?,493
Act I,Scene V,Cleopatra,"Ha, ha!",494
Act I,Scene V,Cleopatra,Give me to drink mandragora.,495
Act I,Scene V,Charmian,"Why, madam?",496
Act I,Scene V,Cleopatra,That I might sleep out this great gap of time,497
Act I,Scene V,Cleopatra,My Antony is away.,498
Act I,Scene V,Charmian,You think of him too much.,499
Act I,Scene V,Cleopatra,"O, 'tis treason!",500
Act I,Scene V,Charmian,"Madam, I trust, not so.",501
Act I,Scene V,Cleopatra,"Thou, eunuch Mardian!",502
Act I,Scene V,Mardian,What's your highness' pleasure?,503
Act I,Scene V,Cleopatra,Not now to hear thee sing; I take no pleasure,504
Act I,Scene V,Cleopatra,"In aught an eunuch has: 'tis well for thee,",505
Act I,Scene V,Cleopatra,"That, being unseminar'd, thy freer thoughts",506
Act I,Scene V,Cleopatra,May not fly forth of Egypt. Hast thou affections?,507
Act I,Scene V,Mardian,"Yes, gracious madam.",508
Act I,Scene V,Cleopatra,Indeed!,509
Act I,Scene V,Mardian,"Not in deed, madam; for I can do nothing",510
Act I,Scene V,Mardian,But what indeed is honest to be done:,511
Act I,Scene V,Mardian,"Yet have I fierce affections, and think",512
Act I,Scene V,Mardian,What Venus did with Mars.,513
Act I,Scene V,Cleopatra,"O Charmian,",514
Act I,Scene V,Cleopatra,"Where think'st thou he is now? Stands he, or sits he?",515
Act I,Scene V,Cleopatra,Or does he walk? or is he on his horse?,516
Act I,Scene V,Cleopatra,"O happy horse, to bear the weight of Antony!",517
Act I,Scene V,Cleopatra,"Do bravely, horse! for wot'st thou whom thou movest?",518
Act I,Scene V,Cleopatra,"The demi-Atlas of this earth, the arm",519
Act I,Scene V,Cleopatra,"And burgonet of men. He's speaking now,",520
Act I,Scene V,Cleopatra,Or murmuring 'Where's my serpent of old Nile?',521
Act I,Scene V,Cleopatra,For so he calls me: now I feed myself,522
Act I,Scene V,Cleopatra,"With most delicious poison. Think on me,",523
Act I,Scene V,Cleopatra,"That am with Phoebus' amorous pinches black,",524
Act I,Scene V,Cleopatra,"And wrinkled deep in time? Broad-fronted Caesar,",525
Act I,Scene V,Cleopatra,"When thou wast here above the ground, I was",526
Act I,Scene V,Cleopatra,A morsel for a monarch: and great Pompey,527
Act I,Scene V,Cleopatra,Would stand and make his eyes grow in my brow;,528
Act I,Scene V,Cleopatra,There would he anchor his aspect and die,529
Act I,Scene V,Cleopatra,With looking on his life.,530
Act I,Scene V,[stage direction],"Enter ALEXAS, from OCTAVIUS CAESAR",NA
Act I,Scene V,Alexas,"Sovereign of Egypt, hail!",531
Act I,Scene V,Cleopatra,How much unlike art thou Mark Antony!,532
Act I,Scene V,Cleopatra,"Yet, coming from him, that great medicine hath",533
Act I,Scene V,Cleopatra,With his tinct gilded thee.,534
Act I,Scene V,Cleopatra,How goes it with my brave Mark Antony?,535
Act I,Scene V,Alexas,"Last thing he did, dear queen,",536
Act I,Scene V,Alexas,"He kiss'd,--the last of many doubled kisses,--",537
Act I,Scene V,Alexas,This orient pearl. His speech sticks in my heart.,538
Act I,Scene V,Cleopatra,Mine ear must pluck it thence.,539
Act I,Scene V,Alexas,"'Good friend,' quoth he,",540
Act I,Scene V,Alexas,"'Say, the firm Roman to great Egypt sends",541
Act I,Scene V,Alexas,"This treasure of an oyster; at whose foot,",542
Act I,Scene V,Alexas,"To mend the petty present, I will piece",543
Act I,Scene V,Alexas,"Her opulent throne with kingdoms; all the east,",544
Act I,Scene V,Alexas,"Say thou, shall call her mistress.' So he nodded,",545
Act I,Scene V,Alexas,"And soberly did mount an arm-gaunt steed,",546
Act I,Scene V,Alexas,"Who neigh'd so high, that what I would have spoke",547
Act I,Scene V,Alexas,Was beastly dumb'd by him.,548
Act I,Scene V,Cleopatra,"What, was he sad or merry?",549
Act I,Scene V,Alexas,Like to the time o' the year between the extremes,550
Act I,Scene V,Alexas,"Of hot and cold, he was nor sad nor merry.",551
Act I,Scene V,Cleopatra,"O well-divided disposition! Note him,",552
Act I,Scene V,Cleopatra,"Note him good Charmian, 'tis the man; but note him:",553
Act I,Scene V,Cleopatra,"He was not sad, for he would shine on those",554
Act I,Scene V,Cleopatra,"That make their looks by his; he was not merry,",555
Act I,Scene V,Cleopatra,Which seem'd to tell them his remembrance lay,556
Act I,Scene V,Cleopatra,In Egypt with his joy; but between both:,557
Act I,Scene V,Cleopatra,"O heavenly mingle! Be'st thou sad or merry,",558
Act I,Scene V,Cleopatra,"The violence of either thee becomes,",559
Act I,Scene V,Cleopatra,So does it no man else. Met'st thou my posts?,560
Act I,Scene V,Alexas,"Ay, madam, twenty several messengers:",561
Act I,Scene V,Alexas,Why do you send so thick?,562
Act I,Scene V,Cleopatra,Who's born that day,563
Act I,Scene V,Cleopatra,"When I forget to send to Antony,",564
Act I,Scene V,Cleopatra,"Shall die a beggar. Ink and paper, Charmian.",565
Act I,Scene V,Cleopatra,"Welcome, my good Alexas. Did I, Charmian,",566
Act I,Scene V,Cleopatra,Ever love Caesar so?,567
Act I,Scene V,Charmian,O that brave Caesar!,568
Act I,Scene V,Cleopatra,Be choked with such another emphasis!,569
Act I,Scene V,Cleopatra,"Say, the brave Antony.",570
Act I,Scene V,Charmian,The valiant Caesar!,571
Act I,Scene V,Cleopatra,"By Isis, I will give thee bloody teeth,",572
Act I,Scene V,Cleopatra,If thou with Caesar paragon again,573
Act I,Scene V,Cleopatra,My man of men.,574
Act I,Scene V,Charmian,"By your most gracious pardon,",575
Act I,Scene V,Charmian,I sing but after you.,576
Act I,Scene V,Cleopatra,"My salad days,",577
Act I,Scene V,Cleopatra,"When I was green in judgment: cold in blood,",578
Act I,Scene V,Cleopatra,"To say as I said then! But, come, away;",579
Act I,Scene V,Cleopatra,Get me ink and paper:,580
Act I,Scene V,Cleopatra,"He shall have every day a several greeting,",581
Act I,Scene V,Cleopatra,Or I'll unpeople Egypt.,582
Act I,Scene V,[stage direction],Exeunt,NA
Act II,Scene I,[stage direction],"Enter POMPEY, MENECRATES, and MENAS, in warlike manner",NA
Act II,Scene I,Pompey,"If the great gods be just, they shall assist",583
Act II,Scene I,Pompey,The deeds of justest men.,584
Act II,Scene I,Menecrates,"Know, worthy Pompey,",585
Act II,Scene I,Menecrates,"That what they do delay, they not deny.",586
Act II,Scene I,Pompey,"Whiles we are suitors to their throne, decays",587
Act II,Scene I,Pompey,The thing we sue for.,588
Act II,Scene I,Menecrates,"We, ignorant of ourselves,",589
Act II,Scene I,Menecrates,"Beg often our own harms, which the wise powers",590
Act II,Scene I,Menecrates,Deny us for our good; so find we profit,591
Act II,Scene I,Menecrates,By losing of our prayers.,592
Act II,Scene I,Pompey,I shall do well:,593
Act II,Scene I,Pompey,"The people love me, and the sea is mine;",594
Act II,Scene I,Pompey,"My powers are crescent, and my auguring hope",595
Act II,Scene I,Pompey,Says it will come to the full. Mark Antony,596
Act II,Scene I,Pompey,"In Egypt sits at dinner, and will make",597
Act II,Scene I,Pompey,No wars without doors: Caesar gets money where,598
Act II,Scene I,Pompey,"He loses hearts: Lepidus flatters both,",599
Act II,Scene I,Pompey,"Of both is flatter'd; but he neither loves,",600
Act II,Scene I,Pompey,Nor either cares for him.,601
Act II,Scene I,Menas,Caesar and Lepidus,602
Act II,Scene I,Menas,Are in the field: a mighty strength they carry.,603
Act II,Scene I,Pompey,Where have you this? 'tis false.,604
Act II,Scene I,Menas,"From Silvius, sir.",605
Act II,Scene I,Pompey,"He dreams: I know they are in Rome together,",606
Act II,Scene I,Pompey,"Looking for Antony. But all the charms of love,",607
Act II,Scene I,Pompey,"Salt Cleopatra, soften thy waned lip!",608
Act II,Scene I,Pompey,"Let witchcraft join with beauty, lust with both!",609
Act II,Scene I,Pompey,"Tie up the libertine in a field of feasts,",610
Act II,Scene I,Pompey,Keep his brain fuming; Epicurean cooks,611
Act II,Scene I,Pompey,Sharpen with cloyless sauce his appetite;,612
Act II,Scene I,Pompey,That sleep and feeding may prorogue his honour,613
Act II,Scene I,Pompey,Even till a Lethe'd dulness!,614
Act II,Scene I,[stage direction],Enter VARRIUS,NA
Act II,Scene I,Pompey,"How now, Varrius!",615
Act II,Scene I,Varrius,This is most certain that I shall deliver:,616
Act II,Scene I,Varrius,Mark Antony is every hour in Rome,617
Act II,Scene I,Varrius,Expected: since he went from Egypt 'tis,618
Act II,Scene I,Varrius,A space for further travel.,619
Act II,Scene I,Pompey,I could have given less matter,620
Act II,Scene I,Pompey,"A better ear. Menas, I did not think",621
Act II,Scene I,Pompey,This amorous surfeiter would have donn'd his helm,622
Act II,Scene I,Pompey,For such a petty war: his soldiership,623
Act II,Scene I,Pompey,Is twice the other twain: but let us rear,624
Act II,Scene I,Pompey,"The higher our opinion, that our stirring",625
Act II,Scene I,Pompey,Can from the lap of Egypt's widow pluck,626
Act II,Scene I,Pompey,The ne'er-lust-wearied Antony.,627
Act II,Scene I,Menas,I cannot hope,628
Act II,Scene I,Menas,Caesar and Antony shall well greet together:,629
Act II,Scene I,Menas,His wife that's dead did trespasses to Caesar;,630
Act II,Scene I,Menas,"His brother warr'd upon him; although, I think,",631
Act II,Scene I,Menas,Not moved by Antony.,632
Act II,Scene I,Pompey,"I know not, Menas,",633
Act II,Scene I,Pompey,How lesser enmities may give way to greater.,634
Act II,Scene I,Pompey,"Were't not that we stand up against them all,",635
Act II,Scene I,Pompey,'Twere pregnant they should square between,636
Act II,Scene I,Pompey,themselves;,637
Act II,Scene I,Pompey,For they have entertained cause enough,638
Act II,Scene I,Pompey,To draw their swords: but how the fear of us,639
Act II,Scene I,Pompey,May cement their divisions and bind up,640
Act II,Scene I,Pompey,"The petty difference, we yet not know.",641
Act II,Scene I,Pompey,Be't as our gods will have't! It only stands,642
Act II,Scene I,Pompey,Our lives upon to use our strongest hands.,643
Act II,Scene I,Pompey,"Come, Menas.",644
Act II,Scene I,[stage direction],Exeunt,NA
Act II,Scene II,[stage direction],Enter DOMITIUS ENOBARBUS and LEPIDUS,NA
Act II,Scene II,Lepidus,"Good Enobarbus, 'tis a worthy deed,",645
Act II,Scene II,Lepidus,"And shall become you well, to entreat your captain",646
Act II,Scene II,Lepidus,To soft and gentle speech.,647
Act II,Scene II,Domitius Enobarbus,I shall entreat him,648
Act II,Scene II,Domitius Enobarbus,"To answer like himself: if Caesar move him,",649
Act II,Scene II,Domitius Enobarbus,Let Antony look over Caesar's head,650
Act II,Scene II,Domitius Enobarbus,"And speak as loud as Mars. By Jupiter,",651
Act II,Scene II,Domitius Enobarbus,"Were I the wearer of Antonius' beard,",652
Act II,Scene II,Domitius Enobarbus,I would not shave't to-day.,653
Act II,Scene II,Lepidus,'Tis not a time,654
Act II,Scene II,Lepidus,For private stomaching.,655
Act II,Scene II,Domitius Enobarbus,Every time,656
Act II,Scene II,Domitius Enobarbus,Serves for the matter that is then born in't.,657
Act II,Scene II,Lepidus,But small to greater matters must give way.,658
Act II,Scene II,Domitius Enobarbus,Not if the small come first.,659
Act II,Scene II,Lepidus,Your speech is passion:,660
Act II,Scene II,Lepidus,"But, pray you, stir no embers up. Here comes",661
Act II,Scene II,Lepidus,The noble Antony.,662
Act II,Scene II,[stage direction],Enter MARK ANTONY and VENTIDIUS,NA
Act II,Scene II,Domitius Enobarbus,"And yonder, Caesar.",663
Act II,Scene II,[stage direction],"Enter OCTAVIUS CAESAR, MECAENAS, and AGRIPPA",NA
Act II,Scene II,Mark Antony,"If we compose well here, to Parthia:",664
Act II,Scene II,Mark Antony,"Hark, Ventidius.",665
Act II,Scene II,Octavius Caesar,"I do not know,",666
Act II,Scene II,Octavius Caesar,Mecaenas; ask Agrippa.,667
Act II,Scene II,Lepidus,"Noble friends,",668
Act II,Scene II,Lepidus,"That which combined us was most great, and let not",669
Act II,Scene II,Lepidus,"A leaner action rend us. What's amiss,",670
Act II,Scene II,Lepidus,May it be gently heard: when we debate,671
Act II,Scene II,Lepidus,"Our trivial difference loud, we do commit",672
Act II,Scene II,Lepidus,"Murder in healing wounds: then, noble partners,",673
Act II,Scene II,Lepidus,"The rather, for I earnestly beseech,",674
Act II,Scene II,Lepidus,"Touch you the sourest points with sweetest terms,",675
Act II,Scene II,Lepidus,Nor curstness grow to the matter.,676
Act II,Scene II,Mark Antony,'Tis spoken well.,677
Act II,Scene II,Mark Antony,"Were we before our armies, and to fight.",678
Act II,Scene II,Mark Antony,I should do thus.,679
Act II,Scene II,[stage direction],Flourish,NA
Act II,Scene II,Octavius Caesar,Welcome to Rome.,680
Act II,Scene II,Mark Antony,Thank you.,681
Act II,Scene II,Octavius Caesar,Sit.,682
Act II,Scene II,Mark Antony,"Sit, sir.",683
Act II,Scene II,Octavius Caesar,"Nay, then.",684
Act II,Scene II,Mark Antony,"I learn, you take things ill which are not so,",685
Act II,Scene II,Mark Antony,"Or being, concern you not.",686
Act II,Scene II,Octavius Caesar,"I must be laugh'd at,",687
Act II,Scene II,Octavius Caesar,"If, or for nothing or a little, I",688
Act II,Scene II,Octavius Caesar,"Should say myself offended, and with you",689
Act II,Scene II,Octavius Caesar,"Chiefly i' the world; more laugh'd at, that I should",690
Act II,Scene II,Octavius Caesar,"Once name you derogately, when to sound your name",691
Act II,Scene II,Octavius Caesar,It not concern'd me.,692
Act II,Scene II,Mark Antony,"My being in Egypt, Caesar,",693
Act II,Scene II,Mark Antony,What was't to you?,694
Act II,Scene II,Octavius Caesar,No more than my residing here at Rome,695
Act II,Scene II,Octavius Caesar,"Might be to you in Egypt: yet, if you there",696
Act II,Scene II,Octavius Caesar,"Did practise on my state, your being in Egypt",697
Act II,Scene II,Octavius Caesar,Might be my question.,698
Act II,Scene II,Mark Antony,"How intend you, practised?",699
Act II,Scene II,Octavius Caesar,You may be pleased to catch at mine intent,700
Act II,Scene II,Octavius Caesar,By what did here befal me. Your wife and brother,701
Act II,Scene II,Octavius Caesar,Made wars upon me; and their contestation,702
Act II,Scene II,Octavius Caesar,"Was theme for you, you were the word of war.",703
Act II,Scene II,Mark Antony,You do mistake your business; my brother never,704
Act II,Scene II,Mark Antony,Did urge me in his act: I did inquire it;,705
Act II,Scene II,Mark Antony,"And have my learning from some true reports,",706
Act II,Scene II,Mark Antony,That drew their swords with you. Did he not rather,707
Act II,Scene II,Mark Antony,Discredit my authority with yours;,708
Act II,Scene II,Mark Antony,"And make the wars alike against my stomach,",709
Act II,Scene II,Mark Antony,Having alike your cause? Of this my letters,710
Act II,Scene II,Mark Antony,"Before did satisfy you. If you'll patch a quarrel,",711
Act II,Scene II,Mark Antony,"As matter whole you have not to make it with,",712
Act II,Scene II,Mark Antony,It must not be with this.,713
Act II,Scene II,Octavius Caesar,You praise yourself,714
Act II,Scene II,Octavius Caesar,By laying defects of judgment to me; but,715
Act II,Scene II,Octavius Caesar,You patch'd up your excuses.,716
Act II,Scene II,Mark Antony,"Not so, not so;",717
Act II,Scene II,Mark Antony,"I know you could not lack, I am certain on't,",718
Act II,Scene II,Mark Antony,"Very necessity of this thought, that I,",719
Act II,Scene II,Mark Antony,"Your partner in the cause 'gainst which he fought,",720
Act II,Scene II,Mark Antony,Could not with graceful eyes attend those wars,721
Act II,Scene II,Mark Antony,"Which fronted mine own peace. As for my wife,",722
Act II,Scene II,Mark Antony,I would you had her spirit in such another:,723
Act II,Scene II,Mark Antony,The third o' the world is yours; which with a snaffle,724
Act II,Scene II,Mark Antony,"You may pace easy, but not such a wife.",725
Act II,Scene II,Domitius Enobarbus,"Would we had all such wives, that the men might go",726
Act II,Scene II,Domitius Enobarbus,to wars with the women!,727
Act II,Scene II,Mark Antony,"So much uncurbable, her garboils, Caesar",728
Act II,Scene II,Mark Antony,"Made out of her impatience, which not wanted",729
Act II,Scene II,Mark Antony,"Shrewdness of policy too, I grieving grant",730
Act II,Scene II,Mark Antony,Did you too much disquiet: for that you must,731
Act II,Scene II,Mark Antony,"But say, I could not help it.",732
Act II,Scene II,Octavius Caesar,I wrote to you,733
Act II,Scene II,Octavius Caesar,When rioting in Alexandria; you,734
Act II,Scene II,Octavius Caesar,"Did pocket up my letters, and with taunts",735
Act II,Scene II,Octavius Caesar,Did gibe my missive out of audience.,736
Act II,Scene II,Mark Antony,"Sir,",737
Act II,Scene II,Mark Antony,He fell upon me ere admitted: then,738
Act II,Scene II,Mark Antony,"Three kings I had newly feasted, and did want",739
Act II,Scene II,Mark Antony,Of what I was i' the morning: but next day,740
Act II,Scene II,Mark Antony,I told him of myself; which was as much,741
Act II,Scene II,Mark Antony,As to have ask'd him pardon. Let this fellow,742
Act II,Scene II,Mark Antony,"Be nothing of our strife; if we contend,",743
Act II,Scene II,Mark Antony,Out of our question wipe him.,744
Act II,Scene II,Octavius Caesar,You have broken,745
Act II,Scene II,Octavius Caesar,The article of your oath; which you shall never,746
Act II,Scene II,Octavius Caesar,Have tongue to charge me with.,747
Act II,Scene II,Lepidus,"Soft, Caesar!",748
Act II,Scene II,Mark Antony,"No,",749
Act II,Scene II,Mark Antony,"Lepidus, let him speak:",750
Act II,Scene II,Mark Antony,"The honour is sacred which he talks on now,",751
Act II,Scene II,Mark Antony,"Supposing that I lack'd it. But, on, Caesar;",752
Act II,Scene II,Mark Antony,The article of my oath.,753
Act II,Scene II,Octavius Caesar,To lend me arms and aid when I required them;,754
Act II,Scene II,Octavius Caesar,The which you both denied.,755
Act II,Scene II,Mark Antony,"Neglected, rather;",756
Act II,Scene II,Mark Antony,And then when poison'd hours had bound me up,757
Act II,Scene II,Mark Antony,"From mine own knowledge. As nearly as I may,",758
Act II,Scene II,Mark Antony,I'll play the penitent to you: but mine honesty,759
Act II,Scene II,Mark Antony,"Shall not make poor my greatness, nor my power",760
Act II,Scene II,Mark Antony,"Work without it. Truth is, that Fulvia,",761
Act II,Scene II,Mark Antony,"To have me out of Egypt, made wars here;",762
Act II,Scene II,Mark Antony,"For which myself, the ignorant motive, do",763
Act II,Scene II,Mark Antony,So far ask pardon as befits mine honour,764
Act II,Scene II,Mark Antony,To stoop in such a case.,765
Act II,Scene II,Lepidus,'Tis noble spoken.,766
Act II,Scene II,Mecaenas,"If it might please you, to enforce no further",767
Act II,Scene II,Mecaenas,The griefs between ye: to forget them quite,768
Act II,Scene II,Mecaenas,Were to remember that the present need,769
Act II,Scene II,Mecaenas,Speaks to atone you.,770
Act II,Scene II,Lepidus,"Worthily spoken, Mecaenas.",771
Act II,Scene II,Domitius Enobarbus,"Or, if you borrow one another's love for the",772
Act II,Scene II,Domitius Enobarbus,"instant, you may, when you hear no more words of",773
Act II,Scene II,Domitius Enobarbus,"Pompey, return it again: you shall have time to",774
Act II,Scene II,Domitius Enobarbus,wrangle in when you have nothing else to do.,775
Act II,Scene II,Mark Antony,Thou art a soldier only: speak no more.,776
Act II,Scene II,Domitius Enobarbus,That truth should be silent I had almost forgot.,777
Act II,Scene II,Mark Antony,You wrong this presence; therefore speak no more.,778
Act II,Scene II,Domitius Enobarbus,"Go to, then; your considerate stone.",779
Act II,Scene II,Octavius Caesar,"I do not much dislike the matter, but",780
Act II,Scene II,Octavius Caesar,The manner of his speech; for't cannot be,781
Act II,Scene II,Octavius Caesar,"We shall remain in friendship, our conditions",782
Act II,Scene II,Octavius Caesar,So differing in their acts. Yet if I knew,783
Act II,Scene II,Octavius Caesar,"What hoop should hold us stanch, from edge to edge",784
Act II,Scene II,Octavius Caesar,O' the world I would pursue it.,785
Act II,Scene II,Agrippa,"Give me leave, Caesar,--",786
Act II,Scene II,Octavius Caesar,"Speak, Agrippa.",787
Act II,Scene II,Agrippa,"Thou hast a sister by the mother's side,",788
Act II,Scene II,Agrippa,Admired Octavia: great Mark Antony,789
Act II,Scene II,Agrippa,Is now a widower.,790
Act II,Scene II,Octavius Caesar,"Say not so, Agrippa:",791
Act II,Scene II,Octavius Caesar,"If Cleopatra heard you, your reproof",792
Act II,Scene II,Octavius Caesar,Were well deserved of rashness.,793
Act II,Scene II,Mark Antony,"I am not married, Caesar: let me hear",794
Act II,Scene II,Mark Antony,Agrippa further speak.,795
Act II,Scene II,Agrippa,"To hold you in perpetual amity,",796
Act II,Scene II,Agrippa,"To make you brothers, and to knit your hearts",797
Act II,Scene II,Agrippa,"With an unslipping  knot, take Antony",798
Act II,Scene II,Agrippa,Octavia to his wife; whose beauty claims,799
Act II,Scene II,Agrippa,No worse a husband than the best of men;,800
Act II,Scene II,Agrippa,Whose virtue and whose general graces speak,801
Act II,Scene II,Agrippa,"That which none else can utter. By this marriage,",802
Act II,Scene II,Agrippa,"All little jealousies, which now seem great,",803
Act II,Scene II,Agrippa,"And all great fears, which now import their dangers,",804
Act II,Scene II,Agrippa,"Would then be nothing: truths would be tales,",805
Act II,Scene II,Agrippa,Where now half tales be truths: her love to both,806
Act II,Scene II,Agrippa,"Would, each to other and all loves to both,",807
Act II,Scene II,Agrippa,Draw after her. Pardon what I have spoke;,808
Act II,Scene II,Agrippa,"For 'tis a studied, not a present thought,",809
Act II,Scene II,Agrippa,By duty ruminated.,810
Act II,Scene II,Mark Antony,Will Caesar speak?,811
Act II,Scene II,Octavius Caesar,Not till he hears how Antony is touch'd,812
Act II,Scene II,Octavius Caesar,With what is spoke already.,813
Act II,Scene II,Mark Antony,"What power is in Agrippa,",814
Act II,Scene II,Mark Antony,"If I would say, 'Agrippa, be it so,'",815
Act II,Scene II,Mark Antony,To make this good?,816
Act II,Scene II,Octavius Caesar,"The power of Caesar, and",817
Act II,Scene II,Octavius Caesar,His power unto Octavia.,818
Act II,Scene II,Mark Antony,May I never,819
Act II,Scene II,Mark Antony,"To this good purpose, that so fairly shows,",820
Act II,Scene II,Mark Antony,Dream of impediment! Let me have thy hand:,821
Act II,Scene II,Mark Antony,Further this act of grace: and from this hour,822
Act II,Scene II,Mark Antony,The heart of brothers govern in our loves,823
Act II,Scene II,Mark Antony,And sway our great designs!,824
Act II,Scene II,Octavius Caesar,There is my hand.,825
Act II,Scene II,Octavius Caesar,"A sister I bequeath you, whom no brother",826
Act II,Scene II,Octavius Caesar,Did ever love so dearly: let her live,827
Act II,Scene II,Octavius Caesar,To join our kingdoms and our hearts; and never,828
Act II,Scene II,Octavius Caesar,Fly off our loves again!,829
Act II,Scene II,Lepidus,"Happily, amen!",830
Act II,Scene II,Mark Antony,I did not think to draw my sword 'gainst Pompey;,831
Act II,Scene II,Mark Antony,For he hath laid strange courtesies and great,832
Act II,Scene II,Mark Antony,"Of late upon me: I must thank him only,",833
Act II,Scene II,Mark Antony,Lest my remembrance suffer ill report;,834
Act II,Scene II,Mark Antony,"At heel of that, defy him.",835
Act II,Scene II,Lepidus,Time calls upon's:,836
Act II,Scene II,Lepidus,"Of us must Pompey presently be sought,",837
Act II,Scene II,Lepidus,Or else he seeks out us.,838
Act II,Scene II,Mark Antony,Where lies he?,839
Act II,Scene II,Octavius Caesar,About the mount Misenum.,840
Act II,Scene II,Mark Antony,What is his strength by land?,841
Act II,Scene II,Octavius Caesar,Great and increasing: but by sea,842
Act II,Scene II,Octavius Caesar,He is an absolute master.,843
Act II,Scene II,Mark Antony,So is the fame.,844
Act II,Scene II,Mark Antony,Would we had spoke together! Haste we for it:,845
Act II,Scene II,Mark Antony,"Yet, ere we put ourselves in arms, dispatch we",846
Act II,Scene II,Mark Antony,The business we have talk'd of.,847
Act II,Scene II,Octavius Caesar,With most gladness:,848
Act II,Scene II,Octavius Caesar,"And do invite you to my sister's view,",849
Act II,Scene II,Octavius Caesar,Whither straight I'll lead you.,850
Act II,Scene II,Mark Antony,"Let us, Lepidus,",851
Act II,Scene II,Mark Antony,Not lack your company.,852
Act II,Scene II,Lepidus,"Noble Antony,",853
Act II,Scene II,Lepidus,Not sickness should detain me.,854
Act II,Scene II,[stage direction],"Flourish. Exeunt OCTAVIUS CAESAR, MARK ANTONY, and LEPIDUS",NA
Act II,Scene II,Mecaenas,"Welcome from Egypt, sir.",855
Act II,Scene II,Domitius Enobarbus,"Half the heart of Caesar, worthy Mecaenas! My",856
Act II,Scene II,Domitius Enobarbus,"honourable friend, Agrippa!",857
Act II,Scene II,Agrippa,Good Enobarbus!,858
Act II,Scene II,Mecaenas,We have cause to be glad that matters are so well,859
Act II,Scene II,Mecaenas,digested. You stayed well by 't in Egypt.,860
Act II,Scene II,Domitius Enobarbus,"Ay, sir; we did sleep day out of countenance, and",861
Act II,Scene II,Domitius Enobarbus,made the night light with drinking.,862
Act II,Scene II,Mecaenas,"Eight wild-boars roasted whole at a breakfast, and",863
Act II,Scene II,Mecaenas,but twelve persons there; is this true?,864
Act II,Scene II,Domitius Enobarbus,This was but as a fly by an eagle: we had much more,865
Act II,Scene II,Domitius Enobarbus,"monstrous matter of feast, which worthily deserved noting.",866
Act II,Scene II,Mecaenas,"She's a most triumphant lady, if report be square to",867
Act II,Scene II,Mecaenas,her.,868
Act II,Scene II,Domitius Enobarbus,"When she first met Mark Antony, she pursed up",869
Act II,Scene II,Domitius Enobarbus,"his heart, upon the river of Cydnus.",870
Act II,Scene II,Agrippa,There she appeared indeed; or my reporter devised,871
Act II,Scene II,Agrippa,well for her.,872
Act II,Scene II,Domitius Enobarbus,I will tell you.,873
Act II,Scene II,Domitius Enobarbus,"The barge she sat in, like a burnish'd throne,",874
Act II,Scene II,Domitius Enobarbus,Burn'd on the water: the poop was beaten gold;,875
Act II,Scene II,Domitius Enobarbus,"Purple the sails, and so perfumed that",876
Act II,Scene II,Domitius Enobarbus,"The winds were love-sick with them; the oars were silver,",877
Act II,Scene II,Domitius Enobarbus,"Which to the tune of flutes kept stroke, and made",878
Act II,Scene II,Domitius Enobarbus,"The water which they beat to follow faster,",879
Act II,Scene II,Domitius Enobarbus,"As amorous of their strokes. For her own person,",880
Act II,Scene II,Domitius Enobarbus,It beggar'd all description: she did lie,881
Act II,Scene II,Domitius Enobarbus,In her pavilion--cloth-of-gold of tissue--,882
Act II,Scene II,Domitius Enobarbus,O'er-picturing that Venus where we see,883
Act II,Scene II,Domitius Enobarbus,The fancy outwork nature: on each side her,884
Act II,Scene II,Domitius Enobarbus,"Stood pretty dimpled boys, like smiling Cupids,",885
Act II,Scene II,Domitius Enobarbus,"With divers-colour'd fans, whose wind did seem",886
Act II,Scene II,Domitius Enobarbus,"To glow the delicate cheeks which they did cool,",887
Act II,Scene II,Domitius Enobarbus,And what they undid did.,888
Act II,Scene II,Agrippa,"O, rare for Antony!",889
Act II,Scene II,Domitius Enobarbus,"Her gentlewomen, like the Nereides,",890
Act II,Scene II,Domitius Enobarbus,"So many mermaids, tended her i' the eyes,",891
Act II,Scene II,Domitius Enobarbus,And made their bends adornings: at the helm,892
Act II,Scene II,Domitius Enobarbus,A seeming mermaid steers: the silken tackle,893
Act II,Scene II,Domitius Enobarbus,"Swell with the touches of those flower-soft hands,",894
Act II,Scene II,Domitius Enobarbus,That yarely frame the office. From the barge,895
Act II,Scene II,Domitius Enobarbus,A strange invisible perfume hits the sense,896
Act II,Scene II,Domitius Enobarbus,Of the adjacent wharfs. The city cast,897
Act II,Scene II,Domitius Enobarbus,"Her people out upon her; and Antony,",898
Act II,Scene II,Domitius Enobarbus,"Enthroned i' the market-place, did sit alone,",899
Act II,Scene II,Domitius Enobarbus,"Whistling to the air; which, but for vacancy,",900
Act II,Scene II,Domitius Enobarbus,"Had gone to gaze on Cleopatra too,",901
Act II,Scene II,Domitius Enobarbus,And made a gap in nature.,902
Act II,Scene II,Agrippa,Rare Egyptian!,903
Act II,Scene II,Domitius Enobarbus,"Upon her landing, Antony sent to her,",904
Act II,Scene II,Domitius Enobarbus,"Invited her to supper: she replied,",905
Act II,Scene II,Domitius Enobarbus,It should be better he became her guest;,906
Act II,Scene II,Domitius Enobarbus,"Which she entreated: our courteous Antony,",907
Act II,Scene II,Domitius Enobarbus,"Whom ne'er the word of 'No' woman heard speak,",908
Act II,Scene II,Domitius Enobarbus,"Being barber'd ten times o'er, goes to the feast,",909
Act II,Scene II,Domitius Enobarbus,And for his ordinary pays his heart,910
Act II,Scene II,Domitius Enobarbus,For what his eyes eat only.,911
Act II,Scene II,Agrippa,Royal wench!,912
Act II,Scene II,Agrippa,She made great Caesar lay his sword to bed:,913
Act II,Scene II,Agrippa,"He plough'd her, and she cropp'd.",914
Act II,Scene II,Domitius Enobarbus,I saw her once,915
Act II,Scene II,Domitius Enobarbus,Hop forty paces through the public street;,916
Act II,Scene II,Domitius Enobarbus,"And having lost her breath, she spoke, and panted,",917
Act II,Scene II,Domitius Enobarbus,"That she did make defect perfection,",918
Act II,Scene II,Domitius Enobarbus,"And, breathless, power breathe forth.",919
Act II,Scene II,Mecaenas,Now Antony must leave her utterly.,920
Act II,Scene II,Domitius Enobarbus,Never; he will not:,921
Act II,Scene II,Domitius Enobarbus,"Age cannot wither her, nor custom stale",922
Act II,Scene II,Domitius Enobarbus,Her infinite variety: other women cloy,923
Act II,Scene II,Domitius Enobarbus,The appetites they feed: but she makes hungry,924
Act II,Scene II,Domitius Enobarbus,Where most she satisfies; for vilest things,925
Act II,Scene II,Domitius Enobarbus,Become themselves in her: that the holy priests,926
Act II,Scene II,Domitius Enobarbus,Bless her when she is riggish.,927
Act II,Scene II,Mecaenas,"If beauty, wisdom, modesty, can settle",928
Act II,Scene II,Mecaenas,"The heart of Antony, Octavia is",929
Act II,Scene II,Mecaenas,A blessed lottery to him.,930
Act II,Scene II,Agrippa,Let us go.,931
Act II,Scene II,Agrippa,"Good Enobarbus, make yourself my guest",932
Act II,Scene II,Agrippa,Whilst you abide here.,933
Act II,Scene II,Domitius Enobarbus,"Humbly, sir, I thank you.",934
Act II,Scene II,[stage direction],Exeunt,NA
Act II,Scene III,[stage direction],"Enter MARK ANTONY, OCTAVIUS CAESAR, OCTAVIA between them, and Attendants",NA
Act II,Scene III,Mark Antony,The world and my great office will sometimes,935
Act II,Scene III,Mark Antony,Divide me from your bosom.,936
Act II,Scene III,Octavia,All which time,937
Act II,Scene III,Octavia,Before the gods my knee shall bow my prayers,938
Act II,Scene III,Octavia,To them for you.,939
Act II,Scene III,Mark Antony,"Good night, sir. My Octavia,",940
Act II,Scene III,Mark Antony,Read not my blemishes in the world's report:,941
Act II,Scene III,Mark Antony,I have not kept my square; but that to come,942
Act II,Scene III,Mark Antony,"Shall all be done by the rule. Good night, dear lady.",943
Act II,Scene III,Mark Antony,"Good night, sir.",944
Act II,Scene III,Octavius Caesar,Good night.,945
Act II,Scene III,[stage direction],Exeunt OCTAVIUS CAESAR and OCTAVIA,NA
Act II,Scene III,[stage direction],Enter Soothsayer,NA
Act II,Scene III,Mark Antony,"Now, sirrah; you do wish yourself in Egypt?",946
Act II,Scene III,Soothsayer,"Would I had never come from thence, nor you Thither!",947
Act II,Scene III,Mark Antony,"If you can, your reason?",948
Act II,Scene III,Soothsayer,I see it in,949
Act II,Scene III,Soothsayer,"My motion, have it not in my tongue: but yet",950
Act II,Scene III,Soothsayer,Hie you to Egypt again.,951
Act II,Scene III,Mark Antony,"Say to me,",952
Act II,Scene III,Mark Antony,"Whose fortunes shall rise higher, Caesar's or mine?",953
Act II,Scene III,Soothsayer,Caesar's.,954
Act II,Scene III,Soothsayer,"Therefore, O Antony, stay not by his side:",955
Act II,Scene III,Soothsayer,"Thy demon, that's thy spirit which keeps thee, is",956
Act II,Scene III,Soothsayer,"Noble, courageous high, unmatchable,",957
Act II,Scene III,Soothsayer,"Where Caesar's is not; but, near him, thy angel",958
Act II,Scene III,Soothsayer,"Becomes a fear, as being o'erpower'd: therefore",959
Act II,Scene III,Soothsayer,Make space enough between you.,960
Act II,Scene III,Mark Antony,Speak this no more.,961
Act II,Scene III,Soothsayer,"To none but thee; no more, but when to thee.",962
Act II,Scene III,Soothsayer,"If thou dost play with him at any game,",963
Act II,Scene III,Soothsayer,"Thou art sure to lose; and, of that natural luck,",964
Act II,Scene III,Soothsayer,"He beats thee 'gainst the odds: thy lustre thickens,",965
Act II,Scene III,Soothsayer,"When he shines by: I say again, thy spirit",966
Act II,Scene III,Soothsayer,Is all afraid to govern thee near him;,967
Act II,Scene III,Soothsayer,"But, he away, 'tis noble.",968
Act II,Scene III,Mark Antony,Get thee gone:,969
Act II,Scene III,Mark Antony,Say to Ventidius I would speak with him:,970
Act II,Scene III,[stage direction],Exit Soothsayer,NA
Act II,Scene III,Mark Antony,"He shall to Parthia. Be it art or hap,",971
Act II,Scene III,Mark Antony,He hath spoken true: the very dice obey him;,972
Act II,Scene III,Mark Antony,And in our sports my better cunning faints,973
Act II,Scene III,Mark Antony,"Under his chance: if we draw lots, he speeds;",974
Act II,Scene III,Mark Antony,"His cocks do win the battle still of mine,",975
Act II,Scene III,Mark Antony,When it is all to nought; and his quails ever,976
Act II,Scene III,Mark Antony,"Beat mine, inhoop'd, at odds. I will to Egypt:",977
Act II,Scene III,Mark Antony,"And though I make this marriage for my peace,",978
Act II,Scene III,Mark Antony,I' the east my pleasure lies.,979
Act II,Scene III,[stage direction],Enter VENTIDIUS,NA
Act II,Scene III,Mark Antony,"O, come, Ventidius,",980
Act II,Scene III,Mark Antony,You must to Parthia: your commission's ready;,981
Act II,Scene III,Mark Antony,"Follow me, and receive't.",982
Act II,Scene III,[stage direction],Exeunt,NA
Act II,Scene IV,[stage direction],"Enter LEPIDUS, MECAENAS, and AGRIPPA",NA
Act II,Scene IV,Lepidus,"Trouble yourselves no further: pray you, hasten",983
Act II,Scene IV,Lepidus,Your generals after.,984
Act II,Scene IV,Agrippa,"Sir, Mark Antony",985
Act II,Scene IV,Agrippa,"Will e'en but kiss Octavia, and we'll follow.",986
Act II,Scene IV,Lepidus,"Till I shall see you in your soldier's dress,",987
Act II,Scene IV,Lepidus,"Which will become you both, farewell.",988
Act II,Scene IV,Mecaenas,"We shall,",989
Act II,Scene IV,Mecaenas,"As I conceive the journey, be at the Mount",990
Act II,Scene IV,Mecaenas,"Before you, Lepidus.",991
Act II,Scene IV,Lepidus,Your way is shorter;,992
Act II,Scene IV,Lepidus,My purposes do draw me much about:,993
Act II,Scene IV,Lepidus,You'll win two days upon me.,994
Act II,Scene IV,Agrippa,"Sir, good success!",995
Act II,Scene IV,Lepidus,Farewell.,996
Act II,Scene IV,[stage direction],Exeunt,NA
Act II,Scene V,[stage direction],"Enter CLEOPATRA, CHARMIAN, IRAS, and ALEXAS",NA
Act II,Scene V,Cleopatra,"Give me some music; music, moody food",997
Act II,Scene V,Cleopatra,Of us that trade in love.,998
Act II,Scene V,Attendants,"The music, ho!",999
Act II,Scene V,[stage direction],Enter MARDIAN,NA
Act II,Scene V,Cleopatra,"Let it alone; let's to billiards: come, Charmian.",1000
Act II,Scene V,Charmian,My arm is sore; best play with Mardian.,1001
Act II,Scene V,Cleopatra,As well a woman with an eunuch play'd,1002
Act II,Scene V,Cleopatra,"As with a woman. Come, you'll play with me, sir?",1003
Act II,Scene V,Mardian,"As well as I can, madam.",1004
Act II,Scene V,Cleopatra,"And when good will is show'd, though't come",1005
Act II,Scene V,Cleopatra,"too short,",1006
Act II,Scene V,Cleopatra,The actor may plead pardon. I'll none now:,1007
Act II,Scene V,Cleopatra,"Give me mine angle; we'll to the river: there,",1008
Act II,Scene V,Cleopatra,"My music playing far off, I will betray",1009
Act II,Scene V,Cleopatra,Tawny-finn'd fishes; my bended hook shall pierce,1010
Act II,Scene V,Cleopatra,"Their slimy jaws; and, as I draw them up,",1011
Act II,Scene V,Cleopatra,"I'll think them every one an Antony,",1012
Act II,Scene V,Cleopatra,"And say 'Ah, ha! you're caught.'",1013
Act II,Scene V,Charmian,'Twas merry when,1014
Act II,Scene V,Charmian,You wager'd on your angling; when your diver,1015
Act II,Scene V,Charmian,"Did hang a salt-fish on his hook, which he",1016
Act II,Scene V,Charmian,With fervency drew up.,1017
Act II,Scene V,Cleopatra,"That time,--O times!--",1018
Act II,Scene V,Cleopatra,I laugh'd him out of patience; and that night,1019
Act II,Scene V,Cleopatra,"I laugh'd him into patience; and next morn,",1020
Act II,Scene V,Cleopatra,"Ere the ninth hour, I drunk him to his bed;",1021
Act II,Scene V,Cleopatra,"Then put my tires and mantles on him, whilst",1022
Act II,Scene V,Cleopatra,I wore his sword Philippan.,1023
Act II,Scene V,[stage direction],Enter a Messenger,NA
Act II,Scene V,Cleopatra,"O, from Italy",1024
Act II,Scene V,Cleopatra,"Ram thou thy fruitful tidings in mine ears,",1025
Act II,Scene V,Cleopatra,That long time have been barren.,1026
Act II,Scene V,Messenger,"Madam, madam,--",1027
Act II,Scene V,Cleopatra,"Antonius dead!--If thou say so, villain,",1028
Act II,Scene V,Cleopatra,"Thou kill'st thy mistress: but well and free,",1029
Act II,Scene V,Cleopatra,"If thou so yield him, there is gold, and here",1030
Act II,Scene V,Cleopatra,My bluest veins to kiss; a hand that kings,1031
Act II,Scene V,Cleopatra,"Have lipp'd, and trembled kissing.",1032
Act II,Scene V,Messenger,"First, madam, he is well.",1033
Act II,Scene V,Cleopatra,"Why, there's more gold.",1034
Act II,Scene V,Cleopatra,"But, sirrah, mark, we use",1035
Act II,Scene V,Cleopatra,"To say the dead are well: bring it to that,",1036
Act II,Scene V,Cleopatra,The gold I give thee will I melt and pour,1037
Act II,Scene V,Cleopatra,Down thy ill-uttering throat.,1038
Act II,Scene V,Messenger,"Good madam, hear me.",1039
Act II,Scene V,Cleopatra,"Well, go to, I will;",1040
Act II,Scene V,Cleopatra,But there's no goodness in thy face: if Antony,1041
Act II,Scene V,Cleopatra,"Be free and healthful,--so tart a favour",1042
Act II,Scene V,Cleopatra,"To trumpet such good tidings! If not well,",1043
Act II,Scene V,Cleopatra,"Thou shouldst come like a Fury crown'd with snakes,",1044
Act II,Scene V,Cleopatra,Not like a formal man.,1045
Act II,Scene V,Messenger,Will't please you hear me?,1046
Act II,Scene V,Cleopatra,I have a mind to strike thee ere thou speak'st:,1047
Act II,Scene V,Cleopatra,"Yet if thou say Antony lives, is well,",1048
Act II,Scene V,Cleopatra,"Or friends with Caesar, or not captive to him,",1049
Act II,Scene V,Cleopatra,"I'll set thee in a shower of gold, and hail",1050
Act II,Scene V,Cleopatra,Rich pearls upon thee.,1051
Act II,Scene V,Messenger,"Madam, he's well.",1052
Act II,Scene V,Cleopatra,Well said.,1053
Act II,Scene V,Messenger,And friends with Caesar.,1054
Act II,Scene V,Cleopatra,Thou'rt an honest man.,1055
Act II,Scene V,Messenger,Caesar and he are greater friends than ever.,1056
Act II,Scene V,Cleopatra,Make thee a fortune from me.,1057
Act II,Scene V,Messenger,"But yet, madam,--",1058
Act II,Scene V,Cleopatra,"I do not like 'But yet,' it does allay",1059
Act II,Scene V,Cleopatra,The good precedence; fie upon 'But yet'!,1060
Act II,Scene V,Cleopatra,'But yet' is as a gaoler to bring forth,1061
Act II,Scene V,Cleopatra,"Some monstrous malefactor. Prithee, friend,",1062
Act II,Scene V,Cleopatra,"Pour out the pack of matter to mine ear,",1063
Act II,Scene V,Cleopatra,The good and bad together: he's friends with Caesar:,1064
Act II,Scene V,Cleopatra,In state of health thou say'st; and thou say'st free.,1065
Act II,Scene V,Messenger,"Free, madam! no; I made no such report:",1066
Act II,Scene V,Messenger,He's bound unto Octavia.,1067
Act II,Scene V,Cleopatra,For what good turn?,1068
Act II,Scene V,Messenger,For the best turn i' the bed.,1069
Act II,Scene V,Cleopatra,"I am pale, Charmian.",1070
Act II,Scene V,Messenger,"Madam, he's married to Octavia.",1071
Act II,Scene V,Cleopatra,The most infectious pestilence upon thee!,1072
Act II,Scene V,[stage direction],Strikes him down,NA
Act II,Scene V,Messenger,"Good madam, patience.",1073
Act II,Scene V,Cleopatra,"What say you? Hence,",1074
Act II,Scene V,[stage direction],Strikes him again,NA
Act II,Scene V,Cleopatra,Horrible villain! or I'll spurn thine eyes,1075
Act II,Scene V,Cleopatra,Like balls before me; I'll unhair thy head:,1076
Act II,Scene V,[stage direction],She hales him up and down,NA
Act II,Scene V,Cleopatra,"Thou shalt be whipp'd with wire, and stew'd in brine,",1077
Act II,Scene V,Cleopatra,Smarting in lingering pickle.,1078
Act II,Scene V,Messenger,"Gracious madam,",1079
Act II,Scene V,Messenger,I that do bring the news made not the match.,1080
Act II,Scene V,Cleopatra,"Say 'tis not so, a province I will give thee,",1081
Act II,Scene V,Cleopatra,And make thy fortunes proud: the blow thou hadst,1082
Act II,Scene V,Cleopatra,Shall make thy peace for moving me to rage;,1083
Act II,Scene V,Cleopatra,And I will boot thee with what gift beside,1084
Act II,Scene V,Cleopatra,Thy modesty can beg.,1085
Act II,Scene V,Messenger,"He's married, madam.",1086
Act II,Scene V,Cleopatra,"Rogue, thou hast lived too long.",1087
Act II,Scene V,[stage direction],Draws a knife,NA
Act II,Scene V,Messenger,"Nay, then I'll run.",1088
Act II,Scene V,Messenger,"What mean you, madam? I have made no fault.",1089
Act II,Scene V,[stage direction],Exit,NA
Act II,Scene V,Charmian,"Good madam, keep yourself within yourself:",1090
Act II,Scene V,Charmian,The man is innocent.,1091
Act II,Scene V,Cleopatra,Some innocents 'scape not the thunderbolt.,1092
Act II,Scene V,Cleopatra,Melt Egypt into Nile! and kindly creatures,1093
Act II,Scene V,Cleopatra,Turn all to serpents! Call the slave again:,1094
Act II,Scene V,Cleopatra,"Though I am mad, I will not bite him: call.",1095
Act II,Scene V,Charmian,He is afeard to come.,1096
Act II,Scene V,Cleopatra,I will not hurt him.,1097
Act II,Scene V,[stage direction],Exit CHARMIAN,NA
Act II,Scene V,Cleopatra,"These hands do lack nobility, that they strike",1098
Act II,Scene V,Cleopatra,A meaner than myself; since I myself,1099
Act II,Scene V,Cleopatra,Have given myself the cause.,1100
Act II,Scene V,[stage direction],Re-enter CHARMIAN and Messenger,NA
Act II,Scene V,Cleopatra,"Come hither, sir.",1101
Act II,Scene V,Cleopatra,"Though it be honest, it is never good",1102
Act II,Scene V,Cleopatra,To bring bad news: give to a gracious message.,1103
Act II,Scene V,Cleopatra,An host of tongues; but let ill tidings tell,1104
Act II,Scene V,Cleopatra,Themselves when they be felt.,1105
Act II,Scene V,Messenger,I have done my duty.,1106
Act II,Scene V,Cleopatra,Is he married?,1107
Act II,Scene V,Cleopatra,"I cannot hate thee worser than I do,",1108
Act II,Scene V,Cleopatra,If thou again say 'Yes.',1109
Act II,Scene V,Messenger,"He's married, madam.",1110
Act II,Scene V,Cleopatra,The gods confound thee! dost thou hold there still?,1111
Act II,Scene V,Messenger,"Should I lie, madam?",1112
Act II,Scene V,Cleopatra,"O, I would thou didst,",1113
Act II,Scene V,Cleopatra,So half my Egypt were submerged and made,1114
Act II,Scene V,Cleopatra,"A cistern for scaled snakes! Go, get thee hence:",1115
Act II,Scene V,Cleopatra,"Hadst thou Narcissus in thy face, to me",1116
Act II,Scene V,Cleopatra,Thou wouldst appear most ugly. He is married?,1117
Act II,Scene V,Messenger,I crave your highness' pardon.,1118
Act II,Scene V,Cleopatra,He is married?,1119
Act II,Scene V,Messenger,Take no offence that I would not offend you:,1120
Act II,Scene V,Messenger,To punish me for what you make me do.,1121
Act II,Scene V,Messenger,Seems much unequal: he's married to Octavia.,1122
Act II,Scene V,Cleopatra,"O, that his fault should make a knave of thee,",1123
Act II,Scene V,Cleopatra,That art not what thou'rt sure of! Get thee hence:,1124
Act II,Scene V,Cleopatra,The merchandise which thou hast brought from Rome,1125
Act II,Scene V,Cleopatra,"Are all too dear for me: lie they upon thy hand,",1126
Act II,Scene V,Cleopatra,And be undone by 'em!,1127
Act II,Scene V,[stage direction],Exit Messenger,NA
Act II,Scene V,Charmian,"Good your highness, patience.",1128
Act II,Scene V,Cleopatra,"In praising Antony, I have dispraised Caesar.",1129
Act II,Scene V,Charmian,"Many times, madam.",1130
Act II,Scene V,Cleopatra,I am paid for't now.,1131
Act II,Scene V,Cleopatra,Lead me from hence:,1132
Act II,Scene V,Cleopatra,"I faint: O Iras, Charmian! 'tis no matter.",1133
Act II,Scene V,Cleopatra,"Go to the fellow, good Alexas; bid him",1134
Act II,Scene V,Cleopatra,"Report the feature of Octavia, her years,",1135
Act II,Scene V,Cleopatra,"Her inclination, let him not leave out",1136
Act II,Scene V,Cleopatra,The colour of her hair: bring me word quickly.,1137
Act II,Scene V,[stage direction],Exit ALEXAS,NA
Act II,Scene V,Cleopatra,"Let him for ever go:--let him not--Charmian,",1138
Act II,Scene V,Cleopatra,"Though he be painted one way like a Gorgon,",1139
Act II,Scene V,Cleopatra,The other way's a Mars. Bid you Alexas,1140
Act II,Scene V,[stage direction],To MARDIAN,NA
Act II,Scene V,Cleopatra,"Bring me word how tall she is. Pity me, Charmian,",1141
Act II,Scene V,Cleopatra,But do not speak to me. Lead me to my chamber.,1142
Act II,Scene V,[stage direction],Exeunt,NA
Act II,Scene VI,[stage direction],"Flourish. Enter POMPEY and MENAS at one door,  with drum and trumpet: at another, OCTAVIUS CAESAR,  MARK ANTONY, LEPIDUS, DOMITIUS ENOBARBUS, MECAENAS, with Soldiers marching",NA
Act II,Scene VI,Pompey,"Your hostages I have, so have you mine;",1143
Act II,Scene VI,Pompey,And we shall talk before we fight.,1144
Act II,Scene VI,Octavius Caesar,Most meet,1145
Act II,Scene VI,Octavius Caesar,That first we come to words; and therefore have we,1146
Act II,Scene VI,Octavius Caesar,Our written purposes before us sent;,1147
Act II,Scene VI,Octavius Caesar,"Which, if thou hast consider'd, let us know",1148
Act II,Scene VI,Octavius Caesar,"If 'twill tie up thy discontented sword,",1149
Act II,Scene VI,Octavius Caesar,And carry back to Sicily much tall youth,1150
Act II,Scene VI,Octavius Caesar,That else must perish here.,1151
Act II,Scene VI,Pompey,"To you all three,",1152
Act II,Scene VI,Pompey,"The senators alone of this great world,",1153
Act II,Scene VI,Pompey,"Chief factors for the gods, I do not know",1154
Act II,Scene VI,Pompey,"Wherefore my father should revengers want,",1155
Act II,Scene VI,Pompey,"Having a son and friends; since Julius Caesar,",1156
Act II,Scene VI,Pompey,"Who at Philippi the good Brutus ghosted,",1157
Act II,Scene VI,Pompey,There saw you labouring for him. What was't,1158
Act II,Scene VI,Pompey,That moved pale Cassius to conspire; and what,1159
Act II,Scene VI,Pompey,"Made the all-honour'd, honest Roman, Brutus,",1160
Act II,Scene VI,Pompey,"With the arm'd rest, courtiers and beauteous freedom,",1161
Act II,Scene VI,Pompey,To drench the Capitol; but that they would,1162
Act II,Scene VI,Pompey,Have one man but a man? And that is it,1163
Act II,Scene VI,Pompey,Hath made me rig my navy; at whose burthen,1164
Act II,Scene VI,Pompey,The anger'd ocean foams; with which I meant,1165
Act II,Scene VI,Pompey,To scourge the ingratitude that despiteful Rome,1166
Act II,Scene VI,Pompey,Cast on my noble father.,1167
Act II,Scene VI,Octavius Caesar,Take your time.,1168
Act II,Scene VI,Mark Antony,"Thou canst not fear us, Pompey, with thy sails;",1169
Act II,Scene VI,Mark Antony,"We'll speak with thee at sea: at land, thou know'st",1170
Act II,Scene VI,Mark Antony,How much we do o'er-count thee.,1171
Act II,Scene VI,Pompey,"At land, indeed,",1172
Act II,Scene VI,Pompey,Thou dost o'er-count me of my father's house:,1173
Act II,Scene VI,Pompey,"But, since the cuckoo builds not for himself,",1174
Act II,Scene VI,Pompey,Remain in't as thou mayst.,1175
Act II,Scene VI,Lepidus,Be pleased to tell us--,1176
Act II,Scene VI,Lepidus,For this is from the present--how you take,1177
Act II,Scene VI,Lepidus,The offers we have sent you.,1178
Act II,Scene VI,Octavius Caesar,There's the point.,1179
Act II,Scene VI,Mark Antony,"Which do not be entreated to, but weigh",1180
Act II,Scene VI,Mark Antony,What it is worth embraced.,1181
Act II,Scene VI,Octavius Caesar,"And what may follow,",1182
Act II,Scene VI,Octavius Caesar,To try a larger fortune.,1183
Act II,Scene VI,Pompey,You have made me offer,1184
Act II,Scene VI,Pompey,"Of Sicily, Sardinia; and I must",1185
Act II,Scene VI,Pompey,"Rid all the sea of pirates; then, to send",1186
Act II,Scene VI,Pompey,Measures of wheat to Rome; this 'greed upon,1187
Act II,Scene VI,Pompey,"To part with unhack'd edges, and bear back",1188
Act II,Scene VI,Pompey,Our targes undinted.,1189
Act II,Scene VI,Lepidus,That's our offer.,1190
Act II,Scene VI,Pompey,"Know, then,",1191
Act II,Scene VI,Pompey,I came before you here a man prepared,1192
Act II,Scene VI,Pompey,To take this offer: but Mark Antony,1193
Act II,Scene VI,Pompey,Put me to some impatience: though I lose,1194
Act II,Scene VI,Pompey,"The praise of it by telling, you must know,",1195
Act II,Scene VI,Pompey,"When Caesar and your brother were at blows,",1196
Act II,Scene VI,Pompey,Your mother came to Sicily and did find,1197
Act II,Scene VI,Pompey,Her welcome friendly.,1198
Act II,Scene VI,Mark Antony,"I have heard it, Pompey;",1199
Act II,Scene VI,Mark Antony,And am well studied for a liberal thanks,1200
Act II,Scene VI,Mark Antony,Which I do owe you.,1201
Act II,Scene VI,Pompey,Let me have your hand:,1202
Act II,Scene VI,Pompey,"I did not think, sir, to have met you here.",1203
Act II,Scene VI,Mark Antony,"The beds i' the east are soft; and thanks to you,",1204
Act II,Scene VI,Mark Antony,That call'd me timelier than my purpose hither;,1205
Act II,Scene VI,Mark Antony,For I have gain'd by 't.,1206
Act II,Scene VI,Octavius Caesar,"Since I saw you last,",1207
Act II,Scene VI,Octavius Caesar,There is a change upon you.,1208
Act II,Scene VI,Pompey,"Well, I know not",1209
Act II,Scene VI,Pompey,What counts harsh fortune casts upon my face;,1210
Act II,Scene VI,Pompey,"But in my bosom shall she never come,",1211
Act II,Scene VI,Pompey,To make my heart her vassal.,1212
Act II,Scene VI,Lepidus,Well met here.,1213
Act II,Scene VI,Pompey,"I hope so, Lepidus. Thus we are agreed:",1214
Act II,Scene VI,Pompey,"I crave our composition may be written,",1215
Act II,Scene VI,Pompey,And seal'd between us.,1216
Act II,Scene VI,Octavius Caesar,That's the next to do.,1217
Act II,Scene VI,Pompey,We'll feast each other ere we part; and let's,1218
Act II,Scene VI,Pompey,Draw lots who shall begin.,1219
Act II,Scene VI,Mark Antony,"That will I, Pompey.",1220
Act II,Scene VI,Pompey,"No, Antony, take the lot: but, first",1221
Act II,Scene VI,Pompey,"Or last, your fine Egyptian cookery",1222
Act II,Scene VI,Pompey,Shall have the fame. I have heard that Julius Caesar,1223
Act II,Scene VI,Pompey,Grew fat with feasting there.,1224
Act II,Scene VI,Mark Antony,You have heard much.,1225
Act II,Scene VI,Pompey,"I have fair meanings, sir.",1226
Act II,Scene VI,Mark Antony,And fair words to them.,1227
Act II,Scene VI,Pompey,Then so much have I heard:,1228
Act II,Scene VI,Pompey,"And I have heard, Apollodorus carried--",1229
Act II,Scene VI,Domitius Enobarbus,No more of that: he did so.,1230
Act II,Scene VI,Pompey,"What, I pray you?",1231
Act II,Scene VI,Domitius Enobarbus,A certain queen to Caesar in a mattress.,1232
Act II,Scene VI,Pompey,"I know thee now: how farest thou, soldier?",1233
Act II,Scene VI,Domitius Enobarbus,Well;,1234
Act II,Scene VI,Domitius Enobarbus,"And well am like to do; for, I perceive,",1235
Act II,Scene VI,Domitius Enobarbus,Four feasts are toward.,1236
Act II,Scene VI,Pompey,Let me shake thy hand;,1237
Act II,Scene VI,Pompey,"I never hated thee: I have seen thee fight,",1238
Act II,Scene VI,Pompey,When I have envied thy behavior.,1239
Act II,Scene VI,Domitius Enobarbus,"Sir,",1240
Act II,Scene VI,Domitius Enobarbus,"I never loved you much; but I ha' praised ye,",1241
Act II,Scene VI,Domitius Enobarbus,When you have well deserved ten times as much,1242
Act II,Scene VI,Domitius Enobarbus,As I have said you did.,1243
Act II,Scene VI,Pompey,"Enjoy thy plainness,",1244
Act II,Scene VI,Pompey,It nothing ill becomes thee.,1245
Act II,Scene VI,Pompey,Aboard my galley I invite you all:,1246
Act II,Scene VI,Pompey,"Will you lead, lords?",1247
Act II,Scene VI,Lepidus,"Show us the way, sir.",1248
Act II,Scene VI,Pompey,Come.,1249
Act II,Scene VI,[stage direction],Exeunt all but MENAS and ENOBARBUS,NA
Act II,Scene VI,Menas,"[Aside]  Thy father, Pompey, would ne'er have",1250
Act II,Scene VI,Menas,"made this treaty.--You and I have known, sir.",1251
Act II,Scene VI,Domitius Enobarbus,"At sea, I think.",1252
Act II,Scene VI,Menas,"We have, sir.",1253
Act II,Scene VI,Domitius Enobarbus,You have done well by water.,1254
Act II,Scene VI,Menas,And you by land.,1255
Act II,Scene VI,Domitius Enobarbus,I will praise any man that will praise me; though it,1256
Act II,Scene VI,Domitius Enobarbus,cannot be denied what I have done by land.,1257
Act II,Scene VI,Menas,Nor what I have done by water.,1258
Act II,Scene VI,Domitius Enobarbus,"Yes, something you can deny for your own",1259
Act II,Scene VI,Domitius Enobarbus,safety: you have been a great thief by sea.,1260
Act II,Scene VI,Menas,And you by land.,1261
Act II,Scene VI,Domitius Enobarbus,There I deny my land service. But give me your,1262
Act II,Scene VI,Domitius Enobarbus,"hand, Menas: if our eyes had authority, here they",1263
Act II,Scene VI,Domitius Enobarbus,might take two thieves kissing.,1264
Act II,Scene VI,Menas,"All men's faces are true, whatsome'er their hands are.",1265
Act II,Scene VI,Domitius Enobarbus,But there is never a fair woman has a true face.,1266
Act II,Scene VI,Menas,No slander; they steal hearts.,1267
Act II,Scene VI,Domitius Enobarbus,We came hither to fight with you.,1268
Act II,Scene VI,Menas,"For my part, I am sorry it is turned to a drinking.",1269
Act II,Scene VI,Menas,Pompey doth this day laugh away his fortune.,1270
Act II,Scene VI,Domitius Enobarbus,"If he do, sure, he cannot weep't back again.",1271
Act II,Scene VI,Menas,"You've said, sir. We looked not for Mark Antony",1272
Act II,Scene VI,Menas,"here: pray you, is he married to Cleopatra?",1273
Act II,Scene VI,Domitius Enobarbus,Caesar's sister is called Octavia.,1274
Act II,Scene VI,Menas,"True, sir; she was the wife of Caius Marcellus.",1275
Act II,Scene VI,Domitius Enobarbus,But she is now the wife of Marcus Antonius.,1276
Act II,Scene VI,Menas,"Pray ye, sir?",1277
Act II,Scene VI,Domitius Enobarbus,'Tis true.,1278
Act II,Scene VI,Menas,Then is Caesar and he for ever knit together.,1279
Act II,Scene VI,Domitius Enobarbus,"If I were bound to divine of this unity, I would",1280
Act II,Scene VI,Domitius Enobarbus,not prophesy so.,1281
Act II,Scene VI,Menas,I think the policy of that purpose made more in the,1282
Act II,Scene VI,Menas,marriage than the love of the parties.,1283
Act II,Scene VI,Domitius Enobarbus,"I think so too. But you shall find, the band that",1284
Act II,Scene VI,Domitius Enobarbus,seems to tie their friendship together will be the,1285
Act II,Scene VI,Domitius Enobarbus,very strangler of their amity: Octavia is of a,1286
Act II,Scene VI,Domitius Enobarbus,"holy, cold, and still conversation.",1287
Act II,Scene VI,Menas,Who would not have his wife so?,1288
Act II,Scene VI,Domitius Enobarbus,Not he that himself is not so; which is Mark Antony.,1289
Act II,Scene VI,Domitius Enobarbus,He will to his Egyptian dish again: then shall the,1290
Act II,Scene VI,Domitius Enobarbus,"sighs of Octavia blow the fire up in Caesar; and, as",1291
Act II,Scene VI,Domitius Enobarbus,"I said before, that which is the strength of their",1292
Act II,Scene VI,Domitius Enobarbus,amity shall prove the immediate author of their,1293
Act II,Scene VI,Domitius Enobarbus,variance. Antony will use his affection where it is:,1294
Act II,Scene VI,Domitius Enobarbus,he married but his occasion here.,1295
Act II,Scene VI,Menas,"And thus it may be. Come, sir, will you aboard?",1296
Act II,Scene VI,Menas,I have a health for you.,1297
Act II,Scene VI,Domitius Enobarbus,"I shall take it, sir: we have used our throats in Egypt.",1298
Act II,Scene VI,Menas,"Come, let's away.",1299
Act II,Scene VI,[stage direction],Exeunt,NA
Act II,Scene VII,[stage direction],Music plays. Enter two or three Servants with a banquet,NA
Act II,Scene VII,First Servant,"Here they'll be, man. Some o' their plants are",1300
Act II,Scene VII,First Servant,ill-rooted already: the least wind i' the world,1301
Act II,Scene VII,First Servant,will blow them down.,1302
Act II,Scene VII,Second Servant,Lepidus is high-coloured.,1303
Act II,Scene VII,First Servant,They have made him drink alms-drink.,1304
Act II,Scene VII,Second Servant,"As they pinch one another by the disposition, he",1305
Act II,Scene VII,Second Servant,cries out 'No more;' reconciles them to his,1306
Act II,Scene VII,Second Servant,"entreaty, and himself to the drink.",1307
Act II,Scene VII,First Servant,But it raises the greater war between him and,1308
Act II,Scene VII,First Servant,his discretion.,1309
Act II,Scene VII,Second Servant,"Why, this is to have a name in great men's",1310
Act II,Scene VII,Second Servant,fellowship: I had as lief have a reed that will do,1311
Act II,Scene VII,Second Servant,me no service as a partisan I could not heave.,1312
Act II,Scene VII,First Servant,"To be called into a huge sphere, and not to be seen",1313
Act II,Scene VII,First Servant,"to move in't, are the holes where eyes should be,",1314
Act II,Scene VII,First Servant,which pitifully disaster the cheeks.,1315
Act II,Scene VII,[stage direction],"A sennet sounded. Enter OCTAVIUS CAESAR, MARK  ANTONY, LEPIDUS, POMPEY, AGRIPPA, MECAENAS, DOMITIUS ENOBARBUS, MENAS, with other captains",NA
Act II,Scene VII,Mark Antony,"[To OCTAVIUS CAESAR]  Thus do they, sir: they take",1316
Act II,Scene VII,Mark Antony,the flow o' the Nile,1317
Act II,Scene VII,Mark Antony,"By certain scales i' the pyramid; they know,",1318
Act II,Scene VII,Mark Antony,"By the height, the lowness, or the mean, if dearth",1319
Act II,Scene VII,Mark Antony,"Or foison follow: the higher Nilus swells,",1320
Act II,Scene VII,Mark Antony,"The more it promises: as it ebbs, the seedsman",1321
Act II,Scene VII,Mark Antony,"Upon the slime and ooze scatters his grain,",1322
Act II,Scene VII,Mark Antony,And shortly comes to harvest.,1323
Act II,Scene VII,Lepidus,You've strange serpents there.,1324
Act II,Scene VII,Mark Antony,"Ay, Lepidus.",1325
Act II,Scene VII,Lepidus,Your serpent of Egypt is bred now of your mud by the,1326
Act II,Scene VII,Lepidus,operation of your sun: so is your crocodile.,1327
Act II,Scene VII,Mark Antony,They are so.,1328
Act II,Scene VII,Pompey,"Sit,--and some wine! A health to Lepidus!",1329
Act II,Scene VII,Lepidus,"I am not so well as I should be, but I'll ne'er out.",1330
Act II,Scene VII,Domitius Enobarbus,Not till you have slept; I fear me you'll be in till then.,1331
Act II,Scene VII,Lepidus,"Nay, certainly, I have heard the Ptolemies'",1332
Act II,Scene VII,Lepidus,pyramises are very goodly things; without,1333
Act II,Scene VII,Lepidus,"contradiction, I have heard that.",1334
Act II,Scene VII,Menas,"[Aside to POMPEY]  Pompey, a word.",1335
Act II,Scene VII,Pompey,[Aside to MENAS]                 Say in mine ear:,1336
Act II,Scene VII,Pompey,what is't?,1337
Act II,Scene VII,Menas,"[Aside to POMPEY]  Forsake thy seat, I do beseech",1338
Act II,Scene VII,Menas,"thee, captain,",1339
Act II,Scene VII,Menas,And hear me speak a word.,1340
Act II,Scene VII,Pompey,[Aside to MENAS]  Forbear me till anon.,1341
Act II,Scene VII,Pompey,This wine for Lepidus!,1342
Act II,Scene VII,Lepidus,What manner o' thing is your crocodile?,1343
Act II,Scene VII,Mark Antony,"It is shaped, sir, like itself; and it is as broad",1344
Act II,Scene VII,Mark Antony,"as it hath breadth: it is just so high as it is,",1345
Act II,Scene VII,Mark Antony,and moves with its own organs: it lives by that,1346
Act II,Scene VII,Mark Antony,which nourisheth it; and the elements once out of,1347
Act II,Scene VII,Mark Antony,"it, it transmigrates.",1348
Act II,Scene VII,Lepidus,What colour is it of?,1349
Act II,Scene VII,Mark Antony,Of it own colour too.,1350
Act II,Scene VII,Lepidus,'Tis a strange serpent.,1351
Act II,Scene VII,Mark Antony,'Tis so. And the tears of it are wet.,1352
Act II,Scene VII,Octavius Caesar,Will this description satisfy him?,1353
Act II,Scene VII,Mark Antony,"With the health that Pompey gives him, else he is a",1354
Act II,Scene VII,Mark Antony,very epicure.,1355
Act II,Scene VII,Pompey,"[Aside to MENAS]  Go hang, sir, hang! Tell me of",1356
Act II,Scene VII,Pompey,that? away!,1357
Act II,Scene VII,Pompey,Do as I bid you. Where's this cup I call'd for?,1358
Act II,Scene VII,Menas,[Aside to POMPEY]  If for the sake of merit thou,1359
Act II,Scene VII,Menas,"wilt hear me,",1360
Act II,Scene VII,Menas,Rise from thy stool.,1361
Act II,Scene VII,Pompey,[Aside to MENAS]  I think thou'rt mad.,1362
Act II,Scene VII,Pompey,The matter?,1363
Act II,Scene VII,[stage direction],"Rises, and walks aside",NA
Act II,Scene VII,Menas,I have ever held my cap off to thy fortunes.,1364
Act II,Scene VII,Pompey,Thou hast served me with much faith. What's else to say?,1365
Act II,Scene VII,Pompey,"Be jolly, lords.",1366
Act II,Scene VII,Mark Antony,"These quick-sands, Lepidus,",1367
Act II,Scene VII,Mark Antony,"Keep off them, for you sink.",1368
Act II,Scene VII,Menas,Wilt thou be lord of all the world?,1369
Act II,Scene VII,Pompey,What say'st thou?,1370
Act II,Scene VII,Menas,Wilt thou be lord of the whole world? That's twice.,1371
Act II,Scene VII,Pompey,How should that be?,1372
Act II,Scene VII,Menas,"But entertain it,",1373
Act II,Scene VII,Menas,"And, though thou think me poor, I am the man",1374
Act II,Scene VII,Menas,Will give thee all the world.,1375
Act II,Scene VII,Pompey,Hast thou drunk well?,1376
Act II,Scene VII,Menas,"Now, Pompey, I have kept me from the cup.",1377
Act II,Scene VII,Menas,"Thou art, if thou darest be, the earthly Jove:",1378
Act II,Scene VII,Menas,"Whate'er the ocean pales, or sky inclips,",1379
Act II,Scene VII,Menas,"Is thine, if thou wilt ha't.",1380
Act II,Scene VII,Pompey,Show me which way.,1381
Act II,Scene VII,Menas,"These three world-sharers, these competitors,",1382
Act II,Scene VII,Menas,Are in thy vessel: let me cut the cable;,1383
Act II,Scene VII,Menas,"And, when we are put off, fall to their throats:",1384
Act II,Scene VII,Menas,All there is thine.,1385
Act II,Scene VII,Pompey,"Ah, this thou shouldst have done,",1386
Act II,Scene VII,Pompey,And not have spoke on't! In me 'tis villany;,1387
Act II,Scene VII,Pompey,"In thee't had been good service. Thou must know,",1388
Act II,Scene VII,Pompey,'Tis not my profit that does lead mine honour;,1389
Act II,Scene VII,Pompey,"Mine honour, it. Repent that e'er thy tongue",1390
Act II,Scene VII,Pompey,"Hath so betray'd thine act: being done unknown,",1391
Act II,Scene VII,Pompey,I should have found it afterwards well done;,1392
Act II,Scene VII,Pompey,"But must condemn it now. Desist, and drink.",1393
Act II,Scene VII,Menas,"[Aside]  For this,",1394
Act II,Scene VII,Menas,I'll never follow thy pall'd fortunes more.,1395
Act II,Scene VII,Menas,"Who seeks, and will not take when once 'tis offer'd,",1396
Act II,Scene VII,Menas,Shall never find it more.,1397
Act II,Scene VII,Pompey,This health to Lepidus!,1398
Act II,Scene VII,Mark Antony,"Bear him ashore. I'll pledge it for him, Pompey.",1399
Act II,Scene VII,Domitius Enobarbus,"Here's to thee, Menas!",1400
Act II,Scene VII,Menas,"Enobarbus, welcome!",1401
Act II,Scene VII,Pompey,Fill till the cup be hid.,1402
Act II,Scene VII,Domitius Enobarbus,"There's a strong fellow, Menas.",1403
Act II,Scene VII,[stage direction],Pointing to the Attendant who carries off LEPIDUS,NA
Act II,Scene VII,Menas,Why?,1404
Act II,Scene VII,Domitius Enobarbus,"A' bears the third part of the world, man; see'st",1405
Act II,Scene VII,Domitius Enobarbus,not?,1406
Act II,Scene VII,Menas,"The third part, then, is drunk: would it were all,",1407
Act II,Scene VII,Menas,That it might go on wheels!,1408
Act II,Scene VII,Domitius Enobarbus,Drink thou; increase the reels.,1409
Act II,Scene VII,Menas,Come.,1410
Act II,Scene VII,Pompey,This is not yet an Alexandrian feast.,1411
Act II,Scene VII,Mark Antony,"It ripens towards it. Strike the vessels, ho?",1412
Act II,Scene VII,Mark Antony,Here is to Caesar!,1413
Act II,Scene VII,Octavius Caesar,I could well forbear't.,1414
Act II,Scene VII,Octavius Caesar,"It's monstrous labour, when I wash my brain,",1415
Act II,Scene VII,Octavius Caesar,And it grows fouler.,1416
Act II,Scene VII,Mark Antony,Be a child o' the time.,1417
Act II,Scene VII,Octavius Caesar,"Possess it, I'll make answer:",1418
Act II,Scene VII,Octavius Caesar,But I had rather fast from all four days,1419
Act II,Scene VII,Octavius Caesar,Than drink so much in one.,1420
Act II,Scene VII,Domitius Enobarbus,"Ha, my brave emperor!",1421
Act II,Scene VII,[stage direction],To MARK ANTONY,NA
Act II,Scene VII,Domitius Enobarbus,"Shall we dance now the Egyptian Bacchanals,",1422
Act II,Scene VII,Domitius Enobarbus,And celebrate our drink?,1423
Act II,Scene VII,Pompey,"Let's ha't, good soldier.",1424
Act II,Scene VII,Mark Antony,"Come, let's all take hands,",1425
Act II,Scene VII,Mark Antony,Till that the conquering wine hath steep'd our sense,1426
Act II,Scene VII,Mark Antony,In soft and delicate Lethe.,1427
Act II,Scene VII,Domitius Enobarbus,All take hands.,1428
Act II,Scene VII,Domitius Enobarbus,Make battery to our ears with the loud music:,1429
Act II,Scene VII,Domitius Enobarbus,The while I'll place you: then the boy shall sing;,1430
Act II,Scene VII,Domitius Enobarbus,The holding every man shall bear as loud,1431
Act II,Scene VII,Domitius Enobarbus,As his strong sides can volley.,1432
Act II,Scene VII,[stage direction],Music plays. DOMITIUS ENOBARBUS places them hand in hand,NA
Act II,Scene VII,Domitius Enobarbus,THE SONG.,1433
Act II,Scene VII,Domitius Enobarbus,"Come, thou monarch of the vine,",1434
Act II,Scene VII,Domitius Enobarbus,Plumpy Bacchus with pink eyne!,1435
Act II,Scene VII,Domitius Enobarbus,"In thy fats our cares be drown'd,",1436
Act II,Scene VII,Domitius Enobarbus,With thy grapes our hairs be crown'd:,1437
Act II,Scene VII,Domitius Enobarbus,"Cup us, till the world go round,",1438
Act II,Scene VII,Domitius Enobarbus,"Cup us, till the world go round!",1439
Act II,Scene VII,Octavius Caesar,"What would you more? Pompey, good night. Good brother,",1440
Act II,Scene VII,Octavius Caesar,Let me request you off: our graver business,1441
Act II,Scene VII,Octavius Caesar,"Frowns at this levity. Gentle lords, let's part;",1442
Act II,Scene VII,Octavius Caesar,You see we have burnt our cheeks: strong Enobarb,1443
Act II,Scene VII,Octavius Caesar,Is weaker than the wine; and mine own tongue,1444
Act II,Scene VII,Octavius Caesar,Splits what it speaks: the wild disguise hath almost,1445
Act II,Scene VII,Octavius Caesar,Antick'd us all. What needs more words? Good night.,1446
Act II,Scene VII,Octavius Caesar,"Good Antony, your hand.",1447
Act II,Scene VII,Pompey,I'll try you on the shore.,1448
Act II,Scene VII,Mark Antony,"And shall, sir; give's your hand.",1449
Act II,Scene VII,Pompey,"O Antony,",1450
Act II,Scene VII,Pompey,"You have my father's house,--But, what? we are friends.",1451
Act II,Scene VII,Pompey,"Come, down into the boat.",1452
Act II,Scene VII,Domitius Enobarbus,Take heed you fall not.,1453
Act II,Scene VII,[stage direction],Exeunt all but DOMITIUS ENOBARBUS and MENAS,NA
Act II,Scene VII,Domitius Enobarbus,"Menas, I'll not on shore.",1454
Act II,Scene VII,Menas,"No, to my cabin.",1455
Act II,Scene VII,Menas,"These drums! these trumpets, flutes! what!",1456
Act II,Scene VII,Menas,Let Neptune hear we bid a loud farewell,1457
Act II,Scene VII,Menas,"To these great fellows: sound and be hang'd, sound out!",1458
Act II,Scene VII,[stage direction],"Sound a flourish, with drums",NA
Act II,Scene VII,Domitius Enobarbus,Ho! says a' There's my cap.,1459
Act II,Scene VII,Menas,"Ho! Noble captain, come.",1460
Act II,Scene VII,[stage direction],Exeunt,NA
Act III,Scene I,[stage direction],"Enter VENTIDIUS as it were in triumph, with SILIUS,  and other Romans, Officers, and Soldiers; the dead body of PACORUS borne before him",NA
Act III,Scene I,Ventidius,"Now, darting Parthia, art thou struck; and now",1461
Act III,Scene I,Ventidius,Pleased fortune does of Marcus Crassus' death,1462
Act III,Scene I,Ventidius,Make me revenger. Bear the king's son's body,1463
Act III,Scene I,Ventidius,"Before our army. Thy Pacorus, Orodes,",1464
Act III,Scene I,Ventidius,Pays this for Marcus Crassus.,1465
Act III,Scene I,Silius,"Noble Ventidius,",1466
Act III,Scene I,Silius,"Whilst yet with Parthian blood thy sword is warm,",1467
Act III,Scene I,Silius,"The fugitive Parthians follow; spur through Media,",1468
Act III,Scene I,Silius,"Mesopotamia, and the shelters whither",1469
Act III,Scene I,Silius,The routed fly: so thy grand captain Antony,1470
Act III,Scene I,Silius,Shall set thee on triumphant chariots and,1471
Act III,Scene I,Silius,Put garlands on thy head.,1472
Act III,Scene I,Ventidius,"O Silius, Silius,",1473
Act III,Scene I,Ventidius,"I have done enough; a lower place, note well,",1474
Act III,Scene I,Ventidius,"May make too great an act: for learn this, Silius;",1475
Act III,Scene I,Ventidius,"Better to leave undone, than by our deed",1476
Act III,Scene I,Ventidius,Acquire too high a fame when him we serve's away.,1477
Act III,Scene I,Ventidius,Caesar and Antony have ever won,1478
Act III,Scene I,Ventidius,"More in their officer than person: Sossius,",1479
Act III,Scene I,Ventidius,"One of my place in Syria, his lieutenant,",1480
Act III,Scene I,Ventidius,"For quick accumulation of renown,",1481
Act III,Scene I,Ventidius,"Which he achieved by the minute, lost his favour.",1482
Act III,Scene I,Ventidius,Who does i' the wars more than his captain can,1483
Act III,Scene I,Ventidius,"Becomes his captain's captain: and ambition,",1484
Act III,Scene I,Ventidius,"The soldier's virtue, rather makes choice of loss,",1485
Act III,Scene I,Ventidius,Than gain which darkens him.,1486
Act III,Scene I,Ventidius,"I could do more to do Antonius good,",1487
Act III,Scene I,Ventidius,But 'twould offend him; and in his offence,1488
Act III,Scene I,Ventidius,Should my performance perish.,1489
Act III,Scene I,Silius,"Thou hast, Ventidius,",1490
Act III,Scene I,Silius,that,1491
Act III,Scene I,Silius,"Without the which a soldier, and his sword,",1492
Act III,Scene I,Silius,Grants scarce distinction. Thou wilt write to Antony!,1493
Act III,Scene I,Ventidius,"I'll humbly signify what in his name,",1494
Act III,Scene I,Ventidius,"That magical word of war, we have effected;",1495
Act III,Scene I,Ventidius,"How, with his banners and his well-paid ranks,",1496
Act III,Scene I,Ventidius,The ne'er-yet-beaten horse of Parthia,1497
Act III,Scene I,Ventidius,We have jaded out o' the field.,1498
Act III,Scene I,Silius,Where is he now?,1499
Act III,Scene I,Ventidius,"He purposeth to Athens: whither, with what haste",1500
Act III,Scene I,Ventidius,"The weight we must convey with's will permit,",1501
Act III,Scene I,Ventidius,We shall appear before him. On there; pass along!,1502
Act III,Scene I,[stage direction],Exeunt,NA
Act III,Scene II,[stage direction],"Enter AGRIPPA at one door, DOMITIUS ENOBARBUS at another",NA
Act III,Scene II,Agrippa,"What, are the brothers parted?",1503
Act III,Scene II,Domitius Enobarbus,"They have dispatch'd with Pompey, he is gone;",1504
Act III,Scene II,Domitius Enobarbus,The other three are sealing. Octavia weeps,1505
Act III,Scene II,Domitius Enobarbus,"To part from Rome; Caesar is sad; and Lepidus,",1506
Act III,Scene II,Domitius Enobarbus,"Since Pompey's feast, as Menas says, is troubled",1507
Act III,Scene II,Domitius Enobarbus,With the green sickness.,1508
Act III,Scene II,Agrippa,'Tis a noble Lepidus.,1509
Act III,Scene II,Domitius Enobarbus,"A very fine one: O, how he loves Caesar!",1510
Act III,Scene II,Agrippa,"Nay, but how dearly he adores Mark Antony!",1511
Act III,Scene II,Domitius Enobarbus,"Caesar? Why, he's the Jupiter of men.",1512
Act III,Scene II,Agrippa,What's Antony? The god of Jupiter.,1513
Act III,Scene II,Domitius Enobarbus,Spake you of Caesar? How! the non-pareil!,1514
Act III,Scene II,Agrippa,O Antony! O thou Arabian bird!,1515
Act III,Scene II,Domitius Enobarbus,"Would you praise Caesar, say 'Caesar:' go no further.",1516
Act III,Scene II,Agrippa,"Indeed, he plied them both with excellent praises.",1517
Act III,Scene II,Domitius Enobarbus,But he loves Caesar best; yet he loves Antony:,1518
Act III,Scene II,Domitius Enobarbus,"Ho! hearts, tongues, figures, scribes, bards,",1519
Act III,Scene II,Domitius Enobarbus,"poets, cannot",1520
Act III,Scene II,Domitius Enobarbus,"Think, speak, cast, write, sing, number, ho!",1521
Act III,Scene II,Domitius Enobarbus,"His love to Antony. But as for Caesar,",1522
Act III,Scene II,Domitius Enobarbus,"Kneel down, kneel down, and wonder.",1523
Act III,Scene II,Agrippa,Both he loves.,1524
Act III,Scene II,Domitius Enobarbus,"They are his shards, and he their beetle.",1525
Act III,Scene II,[stage direction],Trumpets within,NA
Act III,Scene II,Domitius Enobarbus,So;,1526
Act III,Scene II,Domitius Enobarbus,"This is to horse. Adieu, noble Agrippa.",1527
Act III,Scene II,Agrippa,"Good fortune, worthy soldier; and farewell.",1528
Act III,Scene II,[stage direction],"Enter OCTAVIUS CAESAR, MARK ANTONY, LEPIDUS, and OCTAVIA",NA
Act III,Scene II,Mark Antony,"No further, sir.",1529
Act III,Scene II,Octavius Caesar,You take from me a great part of myself;,1530
Act III,Scene II,Octavius Caesar,"Use me well in 't. Sister, prove such a wife",1531
Act III,Scene II,Octavius Caesar,"As my thoughts make thee, and as my farthest band",1532
Act III,Scene II,Octavius Caesar,"Shall pass on thy approof. Most noble Antony,",1533
Act III,Scene II,Octavius Caesar,"Let not the piece of virtue, which is set",1534
Act III,Scene II,Octavius Caesar,"Betwixt us as the cement of our love,",1535
Act III,Scene II,Octavius Caesar,"To keep it builded, be the ram to batter",1536
Act III,Scene II,Octavius Caesar,The fortress of it; for better might we,1537
Act III,Scene II,Octavius Caesar,"Have loved without this mean, if on both parts",1538
Act III,Scene II,Octavius Caesar,This be not cherish'd.,1539
Act III,Scene II,Mark Antony,Make me not offended,1540
Act III,Scene II,Mark Antony,In your distrust.,1541
Act III,Scene II,Octavius Caesar,I have said.,1542
Act III,Scene II,Mark Antony,"You shall not find,",1543
Act III,Scene II,Mark Antony,"Though you be therein curious, the least cause",1544
Act III,Scene II,Mark Antony,"For what you seem to fear: so, the gods keep you,",1545
Act III,Scene II,Mark Antony,And make the hearts of Romans serve your ends!,1546
Act III,Scene II,Mark Antony,We will here part.,1547
Act III,Scene II,Octavius Caesar,"Farewell, my dearest sister, fare thee well:",1548
Act III,Scene II,Octavius Caesar,"The elements be kind to thee, and make",1549
Act III,Scene II,Octavius Caesar,Thy spirits all of comfort! fare thee well.,1550
Act III,Scene II,Octavia,My noble brother!,1551
Act III,Scene II,Mark Antony,"The April 's in her eyes: it is love's spring,",1552
Act III,Scene II,Mark Antony,And these the showers to bring it on. Be cheerful.,1553
Act III,Scene II,Octavia,"Sir, look well to my husband's house; and--",1554
Act III,Scene II,Octavius Caesar,"What, Octavia?",1555
Act III,Scene II,Octavia,I'll tell you in your ear.,1556
Act III,Scene II,Mark Antony,"Her tongue will not obey her heart, nor can",1557
Act III,Scene II,Mark Antony,"Her heart inform her tongue,--the swan's",1558
Act III,Scene II,Mark Antony,"down-feather,",1559
Act III,Scene II,Mark Antony,"That stands upon the swell at full of tide,",1560
Act III,Scene II,Mark Antony,And neither way inclines.,1561
Act III,Scene II,Domitius Enobarbus,[Aside to AGRIPPA]  Will Caesar weep?,1562
Act III,Scene II,Agrippa,[Aside to DOMITIUS ENOBARBUS]  He has a cloud in 's face.,1563
Act III,Scene II,Domitius Enobarbus,"[Aside to AGRIPPA]  He were the worse for that,",1564
Act III,Scene II,Domitius Enobarbus,were he a horse;,1565
Act III,Scene II,Domitius Enobarbus,"So is he, being a man.",1566
Act III,Scene II,Agrippa,"[Aside to DOMITIUS ENOBARBUS]  Why, Enobarbus,",1567
Act III,Scene II,Agrippa,"When Antony found Julius Caesar dead,",1568
Act III,Scene II,Agrippa,He cried almost to roaring; and he wept,1569
Act III,Scene II,Agrippa,When at Philippi he found Brutus slain.,1570
Act III,Scene II,Domitius Enobarbus,"[Aside to AGRIPPA]  That year, indeed, he was",1571
Act III,Scene II,Domitius Enobarbus,troubled with a rheum;,1572
Act III,Scene II,Domitius Enobarbus,"What willingly he did confound he wail'd,",1573
Act III,Scene II,Domitius Enobarbus,"Believe't, till I wept too.",1574
Act III,Scene II,Octavius Caesar,"No, sweet Octavia,",1575
Act III,Scene II,Octavius Caesar,You shall hear from me still; the time shall not,1576
Act III,Scene II,Octavius Caesar,Out-go my thinking on you.,1577
Act III,Scene II,Mark Antony,"Come, sir, come;",1578
Act III,Scene II,Mark Antony,I'll wrestle with you in my strength of love:,1579
Act III,Scene II,Mark Antony,"Look, here I have you; thus I let you go,",1580
Act III,Scene II,Mark Antony,And give you to the gods.,1581
Act III,Scene II,Octavius Caesar,Adieu; be happy!,1582
Act III,Scene II,Lepidus,Let all the number of the stars give light,1583
Act III,Scene II,Lepidus,To thy fair way!,1584
Act III,Scene II,Octavius Caesar,"Farewell, fa rewell!",1585
Act III,Scene II,[stage direction],Kisses OCTAVIA,NA
Act III,Scene II,Mark Antony,Farewell!,1586
Act III,Scene II,[stage direction],Trumpets sound. Exeunt,NA
Act III,Scene III,[stage direction],"Enter CLEOPATRA, CHARMIAN, IRAS, and ALEXAS",NA
Act III,Scene III,Cleopatra,Where is the fellow?,1587
Act III,Scene III,Alexas,Half afeard to come.,1588
Act III,Scene III,Cleopatra,"Go to, go to.",1589
Act III,Scene III,[stage direction],Enter the Messenger as before,NA
Act III,Scene III,Cleopatra,"Come hither, sir.",1590
Act III,Scene III,Alexas,"Good majesty,",1591
Act III,Scene III,Alexas,Herod of Jewry dare not look upon you,1592
Act III,Scene III,Alexas,But when you are well pleased.,1593
Act III,Scene III,Cleopatra,That Herod's head,1594
Act III,Scene III,Cleopatra,"I'll have: but how, when Antony is gone",1595
Act III,Scene III,Cleopatra,Through whom I might command it? Come thou near.,1596
Act III,Scene III,Messenger,"Most gracious majesty,--",1597
Act III,Scene III,Cleopatra,Didst thou behold Octavia?,1598
Act III,Scene III,Messenger,"Ay, dread queen.",1599
Act III,Scene III,Cleopatra,Where?,1600
Act III,Scene III,Messenger,"Madam, in Rome;",1601
Act III,Scene III,Messenger,"I look'd her in the face, and saw her led",1602
Act III,Scene III,Messenger,Between her brother and Mark Antony.,1603
Act III,Scene III,Cleopatra,Is she as tall as me?,1604
Act III,Scene III,Messenger,"She is not, madam.",1605
Act III,Scene III,Cleopatra,Didst hear her speak? is she shrill-tongued or low?,1606
Act III,Scene III,Messenger,"Madam, I heard her speak; she is low-voiced.",1607
Act III,Scene III,Cleopatra,That's not so good: he cannot like her long.,1608
Act III,Scene III,Charmian,Like her! O Isis! 'tis impossible.,1609
Act III,Scene III,Cleopatra,"I think so, Charmian: dull of tongue, and dwarfish!",1610
Act III,Scene III,Cleopatra,"What majesty is in her gait? Remember,",1611
Act III,Scene III,Cleopatra,If e'er thou look'dst on majesty.,1612
Act III,Scene III,Messenger,She creeps:,1613
Act III,Scene III,Messenger,Her motion and her station are as one;,1614
Act III,Scene III,Messenger,"She shows a body rather than a life,",1615
Act III,Scene III,Messenger,A statue than a breather.,1616
Act III,Scene III,Cleopatra,Is this certain?,1617
Act III,Scene III,Messenger,Or I have no observance.,1618
Act III,Scene III,Charmian,Three in Egypt,1619
Act III,Scene III,Charmian,Cannot make better note.,1620
Act III,Scene III,Cleopatra,He's very knowing;,1621
Act III,Scene III,Cleopatra,I do perceive't: there's nothing in her yet:,1622
Act III,Scene III,Cleopatra,The fellow has good judgment.,1623
Act III,Scene III,Charmian,Excellent.,1624
Act III,Scene III,Cleopatra,"Guess at her years, I prithee.",1625
Act III,Scene III,Messenger,"Madam,",1626
Act III,Scene III,Messenger,"She was a widow,--",1627
Act III,Scene III,Cleopatra,"Widow! Charmian, hark.",1628
Act III,Scene III,Messenger,And I do think she's thirty.,1629
Act III,Scene III,Cleopatra,Bear'st thou her face in mind? is't long or round?,1630
Act III,Scene III,Messenger,Round even to faultiness.,1631
Act III,Scene III,Cleopatra,"For the most part, too, they are foolish that are so.",1632
Act III,Scene III,Cleopatra,"Her hair, what colour?",1633
Act III,Scene III,Messenger,"Brown, madam: and her forehead",1634
Act III,Scene III,Messenger,As low as she would wish it.,1635
Act III,Scene III,Cleopatra,There's gold for thee.,1636
Act III,Scene III,Cleopatra,Thou must not take my former sharpness ill:,1637
Act III,Scene III,Cleopatra,I will employ thee back again; I find thee,1638
Act III,Scene III,Cleopatra,Most fit for business: go make thee ready;,1639
Act III,Scene III,Cleopatra,Our letters are prepared.,1640
Act III,Scene III,[stage direction],Exit Messenger,NA
Act III,Scene III,Charmian,A proper man.,1641
Act III,Scene III,Cleopatra,"Indeed, he is so: I repent me much",1642
Act III,Scene III,Cleopatra,"That so I harried him. Why, methinks, by him,",1643
Act III,Scene III,Cleopatra,This creature's no such thing.,1644
Act III,Scene III,Charmian,"Nothing, madam.",1645
Act III,Scene III,Cleopatra,"The man hath seen some majesty, and should know.",1646
Act III,Scene III,Charmian,"Hath he seen majesty? Isis else defend,",1647
Act III,Scene III,Charmian,And serving you so long!,1648
Act III,Scene III,Cleopatra,"I have one thing more to ask him yet, good Charmian:",1649
Act III,Scene III,Cleopatra,But 'tis no matter; thou shalt bring him to me,1650
Act III,Scene III,Cleopatra,Where I will write. All may be well enough.,1651
Act III,Scene III,Charmian,"I warrant you, madam.",1652
Act III,Scene III,[stage direction],Exeunt,NA
Act III,Scene IV,[stage direction],Enter MARK ANTONY and OCTAVIA,NA
Act III,Scene IV,Mark Antony,"Nay, nay, Octavia, not only that,--",1653
Act III,Scene IV,Mark Antony,"That were excusable, that, and thousands more",1654
Act III,Scene IV,Mark Antony,"Of semblable import,--but he hath waged",1655
Act III,Scene IV,Mark Antony,"New wars 'gainst Pompey; made his will, and read it",1656
Act III,Scene IV,Mark Antony,To public ear:,1657
Act III,Scene IV,Mark Antony,Spoke scantly of me: when perforce he could not,1658
Act III,Scene IV,Mark Antony,"But pay me terms of honour, cold and sickly",1659
Act III,Scene IV,Mark Antony,He vented them; most narrow measure lent me:,1660
Act III,Scene IV,Mark Antony,"When the best hint was given him, he not took't,",1661
Act III,Scene IV,Mark Antony,Or did it from his teeth.,1662
Act III,Scene IV,Octavia,"O my good lord,",1663
Act III,Scene IV,Octavia,"Believe not all; or, if you must believe,",1664
Act III,Scene IV,Octavia,"Stomach not all. A more unhappy lady,",1665
Act III,Scene IV,Octavia,"If this division chance, ne'er stood between,",1666
Act III,Scene IV,Octavia,Praying for both parts:,1667
Act III,Scene IV,Octavia,"The good gods me presently,",1668
Act III,Scene IV,Octavia,"When I shall pray, 'O bless my lord and husband!'",1669
Act III,Scene IV,Octavia,"Undo that prayer, by crying out as loud,",1670
Act III,Scene IV,Octavia,"'O, bless my brother!' Husband win, win brother,",1671
Act III,Scene IV,Octavia,"Prays, and destroys the prayer; no midway",1672
Act III,Scene IV,Octavia,'Twixt these extremes at all.,1673
Act III,Scene IV,Mark Antony,"Gentle Octavia,",1674
Act III,Scene IV,Mark Antony,"Let your best love draw to that point, which seeks",1675
Act III,Scene IV,Mark Antony,"Best to preserve it: if I lose mine honour,",1676
Act III,Scene IV,Mark Antony,I lose myself: better I were not yours,1677
Act III,Scene IV,Mark Antony,"Than yours so branchless. But, as you requested,",1678
Act III,Scene IV,Mark Antony,"Yourself shall go between 's: the mean time, lady,",1679
Act III,Scene IV,Mark Antony,I'll raise the preparation of a war,1680
Act III,Scene IV,Mark Antony,Shall stain your brother: make your soonest haste;,1681
Act III,Scene IV,Mark Antony,So your desires are yours.,1682
Act III,Scene IV,Octavia,Thanks to my lord.,1683
Act III,Scene IV,Octavia,"The Jove of power make me most weak, most weak,",1684
Act III,Scene IV,Octavia,Your reconciler! Wars 'twixt you twain would be,1685
Act III,Scene IV,Octavia,"As if the world should cleave, and that slain men",1686
Act III,Scene IV,Octavia,Should solder up the rift.,1687
Act III,Scene IV,Mark Antony,"When it appears to you where this begins,",1688
Act III,Scene IV,Mark Antony,Turn your displeasure that way: for our faults,1689
Act III,Scene IV,Mark Antony,"Can never be so equal, that your love",1690
Act III,Scene IV,Mark Antony,Can equally move with them. Provide your going;,1691
Act III,Scene IV,Mark Antony,"Choose your own company, and command what cost",1692
Act III,Scene IV,Mark Antony,Your heart has mind to.,1693
Act III,Scene IV,[stage direction],Exeunt,NA
Act III,Scene V,[stage direction],"Enter DOMITIUS ENOBARBUS and EROS, meeting",NA
Act III,Scene V,Domitius Enobarbus,"How now, friend Eros!",1694
Act III,Scene V,Eros,"There's strange news come, sir.",1695
Act III,Scene V,Domitius Enobarbus,"What, man?",1696
Act III,Scene V,Eros,Caesar and Lepidus have made wars upon Pompey.,1697
Act III,Scene V,Domitius Enobarbus,This is old: what is the success?,1698
Act III,Scene V,Eros,"Caesar, having made use of him in the wars 'gainst",1699
Act III,Scene V,Eros,"Pompey, presently denied him rivality; would not let",1700
Act III,Scene V,Eros,him partake in the glory of the action: and not,1701
Act III,Scene V,Eros,"resting here, accuses him of letters he had formerly",1702
Act III,Scene V,Eros,"wrote to Pompey; upon his own appeal, seizes him: so",1703
Act III,Scene V,Eros,"the poor third is up, till death enlarge his confine.",1704
Act III,Scene V,Domitius Enobarbus,"Then, world, thou hast a pair of chaps, no more;",1705
Act III,Scene V,Domitius Enobarbus,"And throw between them all the food thou hast,",1706
Act III,Scene V,Domitius Enobarbus,They'll grind the one the other. Where's Antony?,1707
Act III,Scene V,Eros,He's walking in the garden--thus; and spurns,1708
Act III,Scene V,Eros,"The rush that lies before him; cries, 'Fool Lepidus!'",1709
Act III,Scene V,Eros,And threats the throat of that his officer,1710
Act III,Scene V,Eros,That murder'd Pompey.,1711
Act III,Scene V,Domitius Enobarbus,Our great navy's rigg'd.,1712
Act III,Scene V,Eros,"For Italy and Caesar. More, Domitius;",1713
Act III,Scene V,Eros,My lord desires you presently: my news,1714
Act III,Scene V,Eros,I might have told hereafter.,1715
Act III,Scene V,Domitius Enobarbus,'Twill be naught:,1716
Act III,Scene V,Domitius Enobarbus,But let it be. Bring me to Antony.,1717
Act III,Scene V,Eros,"Come, sir.",1718
Act III,Scene V,[stage direction],Exeunt,NA
Act III,Scene VI,[stage direction],"Enter OCTAVIUS CAESAR, AGRIPPA, and MECAENAS",NA
Act III,Scene VI,Octavius Caesar,"Contemning Rome, he has done all this, and more,",1719
Act III,Scene VI,Octavius Caesar,In Alexandria: here's the manner of 't:,1720
Act III,Scene VI,Octavius Caesar,"I' the market-place, on a tribunal silver'd,",1721
Act III,Scene VI,Octavius Caesar,Cleopatra and himself in chairs of gold,1722
Act III,Scene VI,Octavius Caesar,Were publicly enthroned: at the feet sat,1723
Act III,Scene VI,Octavius Caesar,"Caesarion, whom they call my father's son,",1724
Act III,Scene VI,Octavius Caesar,And all the unlawful issue that their lust,1725
Act III,Scene VI,Octavius Caesar,Since then hath made between them. Unto her,1726
Act III,Scene VI,Octavius Caesar,He gave the stablishment of Egypt; made her,1727
Act III,Scene VI,Octavius Caesar,"Of lower Syria, Cyprus, Lydia,",1728
Act III,Scene VI,Octavius Caesar,Absolute queen.,1729
Act III,Scene VI,Mecaenas,This in the public eye?,1730
Act III,Scene VI,Octavius Caesar,"I' the common show-place, where they exercise.",1731
Act III,Scene VI,Octavius Caesar,His sons he there proclaim'd the kings of kings:,1732
Act III,Scene VI,Octavius Caesar,"Great Media, Parthia, and Armenia.",1733
Act III,Scene VI,Octavius Caesar,He gave to Alexander; to Ptolemy he assign'd,1734
Act III,Scene VI,Octavius Caesar,"Syria, Cilicia, and Phoenicia: she",1735
Act III,Scene VI,Octavius Caesar,In the habiliments of the goddess Isis,1736
Act III,Scene VI,Octavius Caesar,"That day appear'd; and oft before gave audience,",1737
Act III,Scene VI,Octavius Caesar,"As 'tis reported, so.",1738
Act III,Scene VI,Mecaenas,Let Rome be thus Inform'd.,1739
Act III,Scene VI,Agrippa,"Who, queasy with his insolence",1740
Act III,Scene VI,Agrippa,"Already, will their good thoughts call from him.",1741
Act III,Scene VI,Octavius Caesar,The people know it; and have now received,1742
Act III,Scene VI,Octavius Caesar,His accusations.,1743
Act III,Scene VI,Agrippa,Who does he accuse?,1744
Act III,Scene VI,Octavius Caesar,"Caesar: and that, having in Sicily",1745
Act III,Scene VI,Octavius Caesar,"Sextus Pompeius spoil'd, we had not rated him",1746
Act III,Scene VI,Octavius Caesar,"His part o' the isle: then does he say, he lent me",1747
Act III,Scene VI,Octavius Caesar,"Some shipping unrestored: lastly, he frets",1748
Act III,Scene VI,Octavius Caesar,That Lepidus of the triumvirate,1749
Act III,Scene VI,Octavius Caesar,"Should be deposed; and, being, that we detain",1750
Act III,Scene VI,Octavius Caesar,All his revenue.,1751
Act III,Scene VI,Agrippa,"Sir, this should be answer'd.",1752
Act III,Scene VI,Octavius Caesar,"'Tis done already, and the messenger gone.",1753
Act III,Scene VI,Octavius Caesar,"I have told him, Lepidus was grown too cruel;",1754
Act III,Scene VI,Octavius Caesar,"That he his high authority abused,",1755
Act III,Scene VI,Octavius Caesar,"And did deserve his change: for what I have conquer'd,",1756
Act III,Scene VI,Octavius Caesar,"I grant him part; but then, in his Armenia,",1757
Act III,Scene VI,Octavius Caesar,"And other of his conquer'd kingdoms, I",1758
Act III,Scene VI,Octavius Caesar,Demand the like.,1759
Act III,Scene VI,Mecaenas,He'll never yield to that.,1760
Act III,Scene VI,Octavius Caesar,Nor must not then be yielded to in this.,1761
Act III,Scene VI,[stage direction],Enter OCTAVIA with her train,NA
Act III,Scene VI,Octavia,"Hail, Caesar, and my lord! hail, most dear Caesar!",1762
Act III,Scene VI,Octavius Caesar,That ever I should call thee castaway!,1763
Act III,Scene VI,Octavia,"You have not call'd me so, nor have you cause.",1764
Act III,Scene VI,Octavius Caesar,Why have you stol'n upon us thus! You come not,1765
Act III,Scene VI,Octavius Caesar,Like Caesar's sister: the wife of Antony,1766
Act III,Scene VI,Octavius Caesar,"Should have an army for an usher, and",1767
Act III,Scene VI,Octavius Caesar,The neighs of horse to tell of her approach,1768
Act III,Scene VI,Octavius Caesar,Long ere she did appear; the trees by the way,1769
Act III,Scene VI,Octavius Caesar,"Should have borne men; and expectation fainted,",1770
Act III,Scene VI,Octavius Caesar,"Longing for what it had not; nay, the dust",1771
Act III,Scene VI,Octavius Caesar,"Should have ascended to the roof of heaven,",1772
Act III,Scene VI,Octavius Caesar,Raised by your populous troops: but you are come,1773
Act III,Scene VI,Octavius Caesar,A market-maid to Rome; and have prevented,1774
Act III,Scene VI,Octavius Caesar,"The ostentation of our love, which, left unshown,",1775
Act III,Scene VI,Octavius Caesar,Is often left unloved; we should have met you,1776
Act III,Scene VI,Octavius Caesar,By sea and land; supplying every stage,1777
Act III,Scene VI,Octavius Caesar,With an augmented greeting.,1778
Act III,Scene VI,Octavia,"Good my lord,",1779
Act III,Scene VI,Octavia,"To come thus was I not constrain'd, but did",1780
Act III,Scene VI,Octavia,"On my free will. My lord, Mark Antony,",1781
Act III,Scene VI,Octavia,"Hearing that you prepared for war, acquainted",1782
Act III,Scene VI,Octavia,"My grieved ear withal; whereon, I begg'd",1783
Act III,Scene VI,Octavia,His pardon for return.,1784
Act III,Scene VI,Octavius Caesar,"Which soon he granted,",1785
Act III,Scene VI,Octavius Caesar,Being an obstruct 'tween his lust and him.,1786
Act III,Scene VI,Octavia,"Do not say so, my lord.",1787
Act III,Scene VI,Octavius Caesar,"I have eyes upon him,",1788
Act III,Scene VI,Octavius Caesar,And his affairs come to me on the wind.,1789
Act III,Scene VI,Octavius Caesar,Where is he now?,1790
Act III,Scene VI,Octavia,"My lord, in Athens.",1791
Act III,Scene VI,Octavius Caesar,"No, my most wronged sister; Cleopatra",1792
Act III,Scene VI,Octavius Caesar,Hath nodded him to her. He hath given his empire,1793
Act III,Scene VI,Octavius Caesar,Up to a whore; who now are levying,1794
Act III,Scene VI,Octavius Caesar,The kings o' the earth for war; he hath assembled,1795
Act III,Scene VI,Octavius Caesar,"Bocchus, the king of Libya; Archelaus,",1796
Act III,Scene VI,Octavius Caesar,"Of Cappadocia; Philadelphos, king",1797
Act III,Scene VI,Octavius Caesar,"Of Paphlagonia; the Thracian king, Adallas;",1798
Act III,Scene VI,Octavius Caesar,King Malchus of Arabia; King of Pont;,1799
Act III,Scene VI,Octavius Caesar,"Herod of Jewry; Mithridates, king",1800
Act III,Scene VI,Octavius Caesar,"Of Comagene; Polemon and Amyntas,",1801
Act III,Scene VI,Octavius Caesar,"The kings of Mede and Lycaonia,",1802
Act III,Scene VI,Octavius Caesar,With a more larger list of sceptres.,1803
Act III,Scene VI,Octavia,"Ay me, most wretched,",1804
Act III,Scene VI,Octavia,That have my heart parted betwixt two friends,1805
Act III,Scene VI,Octavia,That do afflict each other!,1806
Act III,Scene VI,Octavius Caesar,Welcome hither:,1807
Act III,Scene VI,Octavius Caesar,Your letters did withhold our breaking forth;,1808
Act III,Scene VI,Octavius Caesar,"Till we perceived, both how you were wrong led,",1809
Act III,Scene VI,Octavius Caesar,And we in negligent danger. Cheer your heart;,1810
Act III,Scene VI,Octavius Caesar,"Be you not troubled with the time, which drives",1811
Act III,Scene VI,Octavius Caesar,O'er your content these strong necessities;,1812
Act III,Scene VI,Octavius Caesar,But let determined things to destiny,1813
Act III,Scene VI,Octavius Caesar,Hold unbewail'd their way. Welcome to Rome;,1814
Act III,Scene VI,Octavius Caesar,Nothing more dear to me. You are abused,1815
Act III,Scene VI,Octavius Caesar,"Beyond the mark of thought: and the high gods,",1816
Act III,Scene VI,Octavius Caesar,"To do you justice, make them ministers",1817
Act III,Scene VI,Octavius Caesar,Of us and those that love you. Best of comfort;,1818
Act III,Scene VI,Octavius Caesar,And ever welcome to us.,1819
Act III,Scene VI,Agrippa,"Welcome, lady.",1820
Act III,Scene VI,Mecaenas,"Welcome, dear madam.",1821
Act III,Scene VI,Mecaenas,Each heart in Rome does love and pity you:,1822
Act III,Scene VI,Mecaenas,"Only the adulterous Antony, most large",1823
Act III,Scene VI,Mecaenas,"In his abominations, turns you off;",1824
Act III,Scene VI,Mecaenas,"And gives his potent regiment to a trull,",1825
Act III,Scene VI,Mecaenas,That noises it against us.,1826
Act III,Scene VI,Octavia,"Is it so, sir?",1827
Act III,Scene VI,Octavius Caesar,"Most certain. Sister, welcome: pray you,",1828
Act III,Scene VI,Octavius Caesar,Be ever known to patience: my dear'st sister!,1829
Act III,Scene VI,[stage direction],Exeunt,NA
Act III,Scene VII,[stage direction],Enter CLEOPATRA and DOMITIUS ENOBARBUS,NA
Act III,Scene VII,Cleopatra,"I will be even with thee, doubt it not.",1830
Act III,Scene VII,Domitius Enobarbus,"But why, why, why?",1831
Act III,Scene VII,Cleopatra,"Thou hast forspoke my being in these wars,",1832
Act III,Scene VII,Cleopatra,And say'st it is not fit.,1833
Act III,Scene VII,Domitius Enobarbus,"Well, is it, is it?",1834
Act III,Scene VII,Cleopatra,"If not denounced against us, why should not we",1835
Act III,Scene VII,Cleopatra,Be there in person?,1836
Act III,Scene VII,Domitius Enobarbus,"[Aside]  Well, I could reply:",1837
Act III,Scene VII,Domitius Enobarbus,"If we should serve with horse and mares together,",1838
Act III,Scene VII,Domitius Enobarbus,The horse were merely lost; the mares would bear,1839
Act III,Scene VII,Domitius Enobarbus,A soldier and his horse.,1840
Act III,Scene VII,Cleopatra,What is't you say?,1841
Act III,Scene VII,Domitius Enobarbus,Your presence needs must puzzle Antony;,1842
Act III,Scene VII,Domitius Enobarbus,"Take from his heart, take from his brain,",1843
Act III,Scene VII,Domitius Enobarbus,"from's time,",1844
Act III,Scene VII,Domitius Enobarbus,What should not then be spared. He is already,1845
Act III,Scene VII,Domitius Enobarbus,Traduced for levity; and 'tis said in Rome,1846
Act III,Scene VII,Domitius Enobarbus,That Photinus an eunuch and your maids,1847
Act III,Scene VII,Domitius Enobarbus,Manage this war.,1848
Act III,Scene VII,Cleopatra,"Sink Rome, and their tongues rot",1849
Act III,Scene VII,Cleopatra,"That speak against us! A charge we bear i' the war,",1850
Act III,Scene VII,Cleopatra,"And, as the president of my kingdom, will",1851
Act III,Scene VII,Cleopatra,Appear there for a man. Speak not against it:,1852
Act III,Scene VII,Cleopatra,I will not stay behind.,1853
Act III,Scene VII,Domitius Enobarbus,"Nay, I have done.",1854
Act III,Scene VII,Domitius Enobarbus,Here comes the emperor.,1855
Act III,Scene VII,[stage direction],Enter MARK ANTONY and CANIDIUS,NA
Act III,Scene VII,Mark Antony,"Is it not strange, Canidius,",1856
Act III,Scene VII,Mark Antony,That from Tarentum and Brundusium,1857
Act III,Scene VII,Mark Antony,"He could so quickly cut the Ionian sea,",1858
Act III,Scene VII,Mark Antony,"And take in Toryne? You have heard on't, sweet?",1859
Act III,Scene VII,Cleopatra,Celerity is never more admired,1860
Act III,Scene VII,Cleopatra,Than by the negligent.,1861
Act III,Scene VII,Mark Antony,"A good rebuke,",1862
Act III,Scene VII,Mark Antony,"Which might have well becomed the best of men,",1863
Act III,Scene VII,Mark Antony,"To taunt at slackness. Canidius, we",1864
Act III,Scene VII,Mark Antony,Will fight with him by sea.,1865
Act III,Scene VII,Cleopatra,By sea! what else?,1866
Act III,Scene VII,Canidius,Why will my lord do so?,1867
Act III,Scene VII,Mark Antony,For that he dares us to't.,1868
Act III,Scene VII,Domitius Enobarbus,So hath my lord dared him to single fight.,1869
Act III,Scene VII,Canidius,"Ay, and to wage this battle at Pharsalia.",1870
Act III,Scene VII,Canidius,"Where Caesar fought with Pompey: but these offers,",1871
Act III,Scene VII,Canidius,"Which serve not for his vantage, be shakes off;",1872
Act III,Scene VII,Canidius,And so should you.,1873
Act III,Scene VII,Domitius Enobarbus,Your ships are not well mann'd;,1874
Act III,Scene VII,Domitius Enobarbus,"Your mariners are muleters, reapers, people",1875
Act III,Scene VII,Domitius Enobarbus,Ingross'd by swift impress; in Caesar's fleet,1876
Act III,Scene VII,Domitius Enobarbus,Are those that often have 'gainst Pompey fought:,1877
Act III,Scene VII,Domitius Enobarbus,"Their ships are yare; yours, heavy: no disgrace",1878
Act III,Scene VII,Domitius Enobarbus,"Shall fall you for refusing him at sea,",1879
Act III,Scene VII,Domitius Enobarbus,Being prepared for land.,1880
Act III,Scene VII,Mark Antony,"By sea, by sea.",1881
Act III,Scene VII,Domitius Enobarbus,"Most worthy sir, you therein throw away",1882
Act III,Scene VII,Domitius Enobarbus,The absolute soldiership you have by land;,1883
Act III,Scene VII,Domitius Enobarbus,"Distract your army, which doth most consist",1884
Act III,Scene VII,Domitius Enobarbus,Of war-mark'd footmen; leave unexecuted,1885
Act III,Scene VII,Domitius Enobarbus,Your own renowned knowledge; quite forego,1886
Act III,Scene VII,Domitius Enobarbus,The way which promises assurance; and,1887
Act III,Scene VII,Domitius Enobarbus,"Give up yourself merely to chance and hazard,",1888
Act III,Scene VII,Domitius Enobarbus,From firm security.,1889
Act III,Scene VII,Mark Antony,I'll fight at sea.,1890
Act III,Scene VII,Cleopatra,"I have sixty sails, Caesar none better.",1891
Act III,Scene VII,Mark Antony,Our overplus of shipping will we burn;,1892
Act III,Scene VII,Mark Antony,"And, with the rest full-mann'd, from the head of Actium",1893
Act III,Scene VII,Mark Antony,"Beat the approaching Caesar. But if we fail,",1894
Act III,Scene VII,Mark Antony,We then can do't at land.,1895
Act III,Scene VII,[stage direction],Enter a Messenger,NA
Act III,Scene VII,Mark Antony,Thy business?,1896
Act III,Scene VII,Messenger,"The news is true, my lord; he is descried;",1897
Act III,Scene VII,Messenger,Caesar has taken Toryne.,1898
Act III,Scene VII,Mark Antony,Can he be there in person? 'tis impossible;,1899
Act III,Scene VII,Mark Antony,"Strange that power should be. Canidius,",1900
Act III,Scene VII,Mark Antony,"Our nineteen legions thou shalt hold by land,",1901
Act III,Scene VII,Mark Antony,And our twelve thousand horse. We'll to our ship:,1902
Act III,Scene VII,Mark Antony,"Away, my Thetis!",1903
Act III,Scene VII,[stage direction],Enter a Soldier,NA
Act III,Scene VII,Mark Antony,"How now, worthy soldier?",1904
Act III,Scene VII,Soldier,"O noble emperor, do not fight by sea;",1905
Act III,Scene VII,Soldier,Trust not to rotten planks: do you misdoubt,1906
Act III,Scene VII,Soldier,This sword and these my wounds? Let the Egyptians,1907
Act III,Scene VII,Soldier,And the Phoenicians go a-ducking; we,1908
Act III,Scene VII,Soldier,"Have used to conquer, standing on the earth,",1909
Act III,Scene VII,Soldier,And fighting foot to foot.,1910
Act III,Scene VII,Mark Antony,"Well, well: away!",1911
Act III,Scene VII,[stage direction],"Exeunt MARK ANTONY, QUEEN CLEOPATRA, and DOMITIUS ENOBARBUS",NA
Act III,Scene VII,Soldier,"By Hercules, I think I am i' the right.",1912
Act III,Scene VII,Canidius,"Soldier, thou art: but his whole action grows",1913
Act III,Scene VII,Canidius,"Not in the power on't: so our leader's led,",1914
Act III,Scene VII,Canidius,And we are women's men.,1915
Act III,Scene VII,Soldier,You keep by land,1916
Act III,Scene VII,Soldier,"The legions and the horse whole, do you not?",1917
Act III,Scene VII,Canidius,"Marcus Octavius, Marcus Justeius,",1918
Act III,Scene VII,Canidius,"Publicola, and Caelius, are for sea:",1919
Act III,Scene VII,Canidius,But we keep whole by land. This speed of Caesar's,1920
Act III,Scene VII,Canidius,Carries beyond belief.,1921
Act III,Scene VII,Soldier,"While he was yet in Rome,",1922
Act III,Scene VII,Soldier,His power went out in such distractions as,1923
Act III,Scene VII,Soldier,Beguiled all spies.,1924
Act III,Scene VII,Canidius,"Who's his lieutenant, hear you?",1925
Act III,Scene VII,Soldier,"They say, one Taurus.",1926
Act III,Scene VII,Canidius,Well I know the man.,1927
Act III,Scene VII,[stage direction],Enter a Messenger,NA
Act III,Scene VII,Messenger,The emperor calls Canidius.,1928
Act III,Scene VII,Canidius,"With news the time's with labour, and throes forth,",1929
Act III,Scene VII,Canidius,"Each minute, some.",1930
Act III,Scene VII,[stage direction],Exeunt,NA
Act III,Scene VIII,[stage direction],"Enter OCTAVIUS CAESAR, and TAURUS, with his army, marching",NA
Act III,Scene VIII,Octavius Caesar,Taurus!,1931
Act III,Scene VIII,Taurus,My lord?,1932
Act III,Scene VIII,Octavius Caesar,"Strike not by land; keep whole: provoke not battle,",1933
Act III,Scene VIII,Octavius Caesar,Till we have done at sea. Do not exceed,1934
Act III,Scene VIII,Octavius Caesar,The prescript of this scroll: our fortune lies,1935
Act III,Scene VIII,Octavius Caesar,Upon this jump.,1936
Act III,Scene VIII,[stage direction],Exeunt,NA
Act III,Scene IX,[stage direction],Enter MARK ANTONY and DOMITIUS ENOBARBUS,NA
Act III,Scene IX,Mark Antony,"Set we our squadrons on yond side o' the hill,",1937
Act III,Scene IX,Mark Antony,In eye of Caesar's battle; from which place,1938
Act III,Scene IX,Mark Antony,"We may the number of the ships behold,",1939
Act III,Scene IX,Mark Antony,And so proceed accordingly.,1940
Act III,Scene IX,[stage direction],Exeunt,NA
Act III,Scene X,[stage direction],"CANIDIUS marcheth with his land army one way over  the stage; and TAURUS, the lieutenant of OCTAVIUS  CAESAR, the other way. After their going in, is heard the noise of a sea-fight",NA
Act III,Scene X,[stage direction],Alarum. Enter DOMITIUS ENOBARBUS,NA
Act III,Scene X,Domitius Enobarbus,"Naught, naught all, naught! I can behold no longer:",1941
Act III,Scene X,Domitius Enobarbus,"The Antoniad, the Egyptian admiral,",1942
Act III,Scene X,Domitius Enobarbus,"With all their sixty, fly and turn the rudder:",1943
Act III,Scene X,Domitius Enobarbus,To see't mine eyes are blasted.,1944
Act III,Scene X,[stage direction],Enter SCARUS,NA
Act III,Scene X,Scarus,"Gods and goddesses,",1945
Act III,Scene X,Scarus,All the whole synod of them!,1946
Act III,Scene X,Domitius Enobarbus,What's thy passion!,1947
Act III,Scene X,Scarus,The greater cantle of the world is lost,1948
Act III,Scene X,Scarus,With very ignorance; we have kiss'd away,1949
Act III,Scene X,Scarus,Kingdoms and provinces.,1950
Act III,Scene X,Domitius Enobarbus,How appears the fight?,1951
Act III,Scene X,Scarus,"On our side like the token'd pestilence,",1952
Act III,Scene X,Scarus,"Where death is sure. Yon ribaudred nag of Egypt,--",1953
Act III,Scene X,Scarus,"Whom leprosy o'ertake!--i' the midst o' the fight,",1954
Act III,Scene X,Scarus,"When vantage like a pair of twins appear'd,",1955
Act III,Scene X,Scarus,"Both as the same, or rather ours the elder,",1956
Act III,Scene X,Scarus,"The breese upon her, like a cow in June,",1957
Act III,Scene X,Scarus,Hoists sails and flies.,1958
Act III,Scene X,Domitius Enobarbus,That I beheld:,1959
Act III,Scene X,Domitius Enobarbus,"Mine eyes did sicken at the sight, and could not",1960
Act III,Scene X,Domitius Enobarbus,Endure a further view.,1961
Act III,Scene X,Scarus,"She once being loof'd,",1962
Act III,Scene X,Scarus,"The noble ruin of her magic, Antony,",1963
Act III,Scene X,Scarus,"Claps on his sea-wing, and, like a doting mallard,",1964
Act III,Scene X,Scarus,"Leaving the fight in height, flies after her:",1965
Act III,Scene X,Scarus,I never saw an action of such shame;,1966
Act III,Scene X,Scarus,"Experience, manhood, honour, ne'er before",1967
Act III,Scene X,Scarus,Did violate so itself.,1968
Act III,Scene X,Domitius Enobarbus,"Alack, alack!",1969
Act III,Scene X,[stage direction],Enter CANIDIUS,NA
Act III,Scene X,Canidius,"Our fortune on the sea is out of breath,",1970
Act III,Scene X,Canidius,And sinks most lamentably. Had our general,1971
Act III,Scene X,Canidius,"Been what he knew himself, it had gone well:",1972
Act III,Scene X,Canidius,"O, he has given example for our flight,",1973
Act III,Scene X,Canidius,"Most grossly, by his own!",1974
Act III,Scene X,Domitius Enobarbus,"Ay, are you thereabouts?",1975
Act III,Scene X,Domitius Enobarbus,"Why, then, good night indeed.",1976
Act III,Scene X,Canidius,Toward Peloponnesus are they fled.,1977
Act III,Scene X,Scarus,'Tis easy to't; and there I will attend,1978
Act III,Scene X,Scarus,What further comes.,1979
Act III,Scene X,Canidius,To Caesar will I render,1980
Act III,Scene X,Canidius,My legions and my horse: six kings already,1981
Act III,Scene X,Canidius,Show me the way of yielding.,1982
Act III,Scene X,Domitius Enobarbus,I'll yet follow,1983
Act III,Scene X,Domitius Enobarbus,"The wounded chance of Antony, though my reason",1984
Act III,Scene X,Domitius Enobarbus,Sits in the wind against me.,1985
Act III,Scene X,[stage direction],Exeunt,NA
Act III,Scene XI,[stage direction],Enter MARK ANTONY with Attendants,NA
Act III,Scene XI,Mark Antony,Hark! the land bids me tread no more upon't;,1986
Act III,Scene XI,Mark Antony,"It is ashamed to bear me! Friends, come hither:",1987
Act III,Scene XI,Mark Antony,"I am so lated in the world, that I",1988
Act III,Scene XI,Mark Antony,Have lost my way for ever: I have a ship,1989
Act III,Scene XI,Mark Antony,"Laden with gold; take that, divide it; fly,",1990
Act III,Scene XI,Mark Antony,And make your peace with Caesar.,1991
Act III,Scene XI,All,Fly! not we.,1992
Act III,Scene XI,Mark Antony,I have fled myself; and have instructed cowards,1993
Act III,Scene XI,Mark Antony,"To run and show their shoulders. Friends, be gone;",1994
Act III,Scene XI,Mark Antony,I have myself resolved upon a course,1995
Act III,Scene XI,Mark Antony,Which has no need of you; be gone:,1996
Act III,Scene XI,Mark Antony,"My treasure's in the harbour, take it. O,",1997
Act III,Scene XI,Mark Antony,I follow'd that I blush to look upon:,1998
Act III,Scene XI,Mark Antony,My very hairs do mutiny; for the white,1999
Act III,Scene XI,Mark Antony,"Reprove the brown for rashness, and they them",2000
Act III,Scene XI,Mark Antony,"For fear and doting. Friends, be gone: you shall",2001
Act III,Scene XI,Mark Antony,Have letters from me to some friends that will,2002
Act III,Scene XI,Mark Antony,"Sweep your way for you. Pray you, look not sad,",2003
Act III,Scene XI,Mark Antony,Nor make replies of loathness: take the hint,2004
Act III,Scene XI,Mark Antony,Which my despair proclaims; let that be left,2005
Act III,Scene XI,Mark Antony,Which leaves itself: to the sea-side straightway:,2006
Act III,Scene XI,Mark Antony,I will possess you of that ship and treasure.,2007
Act III,Scene XI,Mark Antony,"Leave me, I pray, a little: pray you now:",2008
Act III,Scene XI,Mark Antony,"Nay, do so; for, indeed, I have lost command,",2009
Act III,Scene XI,Mark Antony,Therefore I pray you: I'll see you by and by.,2010
Act III,Scene XI,[stage direction],Sits down,NA
Act III,Scene XI,[stage direction],Enter CLEOPATRA led by CHARMIAN and IRAS; EROS following,NA
Act III,Scene XI,Eros,"Nay, gentle madam, to him, comfort him.",2011
Act III,Scene XI,Iras,"Do, most dear queen.",2012
Act III,Scene XI,Charmian,Do! why: what else?,2013
Act III,Scene XI,Cleopatra,Let me sit down. O Juno!,2014
Act III,Scene XI,Mark Antony,"No, no, no, no, no.",2015
Act III,Scene XI,Eros,"See you here, sir?",2016
Act III,Scene XI,Mark Antony,"O fie, fie, fie!",2017
Act III,Scene XI,Charmian,Madam!,2018
Act III,Scene XI,Iras,"Madam, O good empress!",2019
Act III,Scene XI,Eros,"Sir, sir,--",2020
Act III,Scene XI,Mark Antony,"Yes, my lord, yes; he at Philippi kept",2021
Act III,Scene XI,Mark Antony,His sword e'en like a dancer; while I struck,2022
Act III,Scene XI,Mark Antony,The lean and wrinkled Cassius; and 'twas I,2023
Act III,Scene XI,Mark Antony,That the mad Brutus ended: he alone,2024
Act III,Scene XI,Mark Antony,"Dealt on lieutenantry, and no practise had",2025
Act III,Scene XI,Mark Antony,In the brave squares of war: yet now--No matter.,2026
Act III,Scene XI,Cleopatra,"Ah, stand by.",2027
Act III,Scene XI,Eros,"The queen, my lord, the queen.",2028
Act III,Scene XI,Iras,"Go to him, madam, speak to him:",2029
Act III,Scene XI,Iras,He is unqualitied with very shame.,2030
Act III,Scene XI,Cleopatra,"Well then, sustain him: O!",2031
Act III,Scene XI,Eros,"Most noble sir, arise; the queen approaches:",2032
Act III,Scene XI,Eros,"Her head's declined, and death will seize her, but",2033
Act III,Scene XI,Eros,Your comfort makes the rescue.,2034
Act III,Scene XI,Mark Antony,"I have offended reputation,",2035
Act III,Scene XI,Mark Antony,A most unnoble swerving.,2036
Act III,Scene XI,Eros,"Sir, the queen.",2037
Act III,Scene XI,Mark Antony,"O, whither hast thou led me, Egypt? See,",2038
Act III,Scene XI,Mark Antony,How I convey my shame out of thine eyes,2039
Act III,Scene XI,Mark Antony,By looking back what I have left behind,2040
Act III,Scene XI,Mark Antony,'Stroy'd in dishonour.,2041
Act III,Scene XI,Cleopatra,"O my lord, my lord,",2042
Act III,Scene XI,Cleopatra,Forgive my fearful sails! I little thought,2043
Act III,Scene XI,Cleopatra,You would have follow'd.,2044
Act III,Scene XI,Mark Antony,"Egypt, thou knew'st too well",2045
Act III,Scene XI,Mark Antony,"My heart was to thy rudder tied by the strings,",2046
Act III,Scene XI,Mark Antony,And thou shouldst tow me after: o'er my spirit,2047
Act III,Scene XI,Mark Antony,"Thy full supremacy thou knew'st, and that",2048
Act III,Scene XI,Mark Antony,Thy beck might from the bidding of the gods,2049
Act III,Scene XI,Mark Antony,Command me.,2050
Act III,Scene XI,Cleopatra,"O, my pardon!",2051
Act III,Scene XI,Mark Antony,Now I must,2052
Act III,Scene XI,Mark Antony,"To the young man send humble treaties, dodge",2053
Act III,Scene XI,Mark Antony,And palter in the shifts of lowness; who,2054
Act III,Scene XI,Mark Antony,"With half the bulk o' the world play'd as I pleased,",2055
Act III,Scene XI,Mark Antony,Making and marring fortunes. You did know,2056
Act III,Scene XI,Mark Antony,How much you were my conqueror; and that,2057
Act III,Scene XI,Mark Antony,"My sword, made weak by my affection, would",2058
Act III,Scene XI,Mark Antony,Obey it on all cause.,2059
Act III,Scene XI,Cleopatra,"Pardon, pardon!",2060
Act III,Scene XI,Mark Antony,"Fall not a tear, I say; one of them rates",2061
Act III,Scene XI,Mark Antony,All that is won and lost: give me a kiss;,2062
Act III,Scene XI,Mark Antony,Even this repays me. We sent our schoolmaster;,2063
Act III,Scene XI,Mark Antony,"Is he come back? Love, I am full of lead.",2064
Act III,Scene XI,Mark Antony,"Some wine, within there, and our viands! Fortune knows",2065
Act III,Scene XI,Mark Antony,We scorn her most when most she offers blows.,2066
Act III,Scene XI,[stage direction],Exeunt,NA
Act III,Scene XII,[stage direction],"Enter OCTAVIUS CAESAR, DOLABELLA, THYREUS, with others",NA
Act III,Scene XII,Octavius Caesar,Let him appear that's come from Antony.,2067
Act III,Scene XII,Octavius Caesar,Know you him?,2068
Act III,Scene XII,Dolabella,"Caesar, 'tis his schoolmaster:",2069
Act III,Scene XII,Dolabella,"An argument that he is pluck'd, when hither",2070
Act III,Scene XII,Dolabella,"He sends so poor a pinion off his wing,",2071
Act III,Scene XII,Dolabella,Which had superfluous kings for messengers,2072
Act III,Scene XII,Dolabella,Not many moons gone by.,2073
Act III,Scene XII,[stage direction],"Enter EUPHRONIUS, ambassador from MARK ANTONY",NA
Act III,Scene XII,Octavius Caesar,"Approach, and speak.",2074
Act III,Scene XII,Euphronius,"Such as I am, I come from Antony:",2075
Act III,Scene XII,Euphronius,I was of late as petty to his ends,2076
Act III,Scene XII,Euphronius,As is the morn-dew on the myrtle-leaf,2077
Act III,Scene XII,Euphronius,To his grand sea.,2078
Act III,Scene XII,Octavius Caesar,Be't so: declare thine office.,2079
Act III,Scene XII,Euphronius,"Lord of his fortunes he salutes thee, and",2080
Act III,Scene XII,Euphronius,"Requires to live in Egypt: which not granted,",2081
Act III,Scene XII,Euphronius,He lessens his requests; and to thee sues,2082
Act III,Scene XII,Euphronius,"To let him breathe between the heavens and earth,",2083
Act III,Scene XII,Euphronius,A private man in Athens: this for him.,2084
Act III,Scene XII,Euphronius,"Next, Cleopatra does confess thy greatness;",2085
Act III,Scene XII,Euphronius,Submits her to thy might; and of thee craves,2086
Act III,Scene XII,Euphronius,"The circle of the Ptolemies for her heirs,",2087
Act III,Scene XII,Euphronius,Now hazarded to thy grace.,2088
Act III,Scene XII,Octavius Caesar,"For Antony,",2089
Act III,Scene XII,Octavius Caesar,I have no ears to his request. The queen,2090
Act III,Scene XII,Octavius Caesar,"Of audience nor desire shall fail, so she",2091
Act III,Scene XII,Octavius Caesar,"From Egypt drive her all-disgraced friend,",2092
Act III,Scene XII,Octavius Caesar,"Or take his life there: this if she perform,",2093
Act III,Scene XII,Octavius Caesar,She shall not sue unheard. So to them both.,2094
Act III,Scene XII,Euphronius,Fortune pursue thee!,2095
Act III,Scene XII,Octavius Caesar,Bring him through the bands.,2096
Act III,Scene XII,[stage direction],Exit EUPHRONIUS,NA
Act III,Scene XII,[stage direction],To THYREUS,NA
Act III,Scene XII,Octavius Caesar,"From Antony win Cleopatra: promise,",2097
Act III,Scene XII,Octavius Caesar,"And in our name, what she requires; add more,",2098
Act III,Scene XII,Octavius Caesar,"From thine invention, offers: women are not",2099
Act III,Scene XII,Octavius Caesar,In their best fortunes strong; but want will perjure,2100
Act III,Scene XII,Octavius Caesar,"The ne'er touch'd vestal: try thy cunning, Thyreus;",2101
Act III,Scene XII,Octavius Caesar,"Make thine own edict for thy pains, which we",2102
Act III,Scene XII,Octavius Caesar,Will answer as a law.,2103
Act III,Scene XII,Thyreus,"Caesar, I go.",2104
Act III,Scene XII,Octavius Caesar,"Observe how Antony becomes his flaw,",2105
Act III,Scene XII,Octavius Caesar,And what thou think'st his very action speaks,2106
Act III,Scene XII,Octavius Caesar,In every power that moves.,2107
Act III,Scene XII,Thyreus,"Caesar, I shall.",2108
Act III,Scene XII,[stage direction],Exeunt,NA
Act III,Scene XIII,[stage direction],"Enter CLEOPATRA, DOMITIUS ENOBARBUS, CHARMIAN, and IRAS",NA
Act III,Scene XIII,Cleopatra,"What shall we do, Enobarbus?",2109
Act III,Scene XIII,Domitius Enobarbus,"Think, and die.",2110
Act III,Scene XIII,Cleopatra,Is Antony or we in fault for this?,2111
Act III,Scene XIII,Domitius Enobarbus,"Antony only, that would make his will",2112
Act III,Scene XIII,Domitius Enobarbus,Lord of his reason. What though you fled,2113
Act III,Scene XIII,Domitius Enobarbus,"From that great face of war, whose several ranges",2114
Act III,Scene XIII,Domitius Enobarbus,Frighted each other? why should he follow?,2115
Act III,Scene XIII,Domitius Enobarbus,The itch of his affection should not then,2116
Act III,Scene XIII,Domitius Enobarbus,"Have nick'd his captainship; at such a point,",2117
Act III,Scene XIII,Domitius Enobarbus,"When half to half the world opposed, he being",2118
Act III,Scene XIII,Domitius Enobarbus,The meered question: 'twas a shame no less,2119
Act III,Scene XIII,Domitius Enobarbus,"Than was his loss, to course your flying flags,",2120
Act III,Scene XIII,Domitius Enobarbus,And leave his navy gazing.,2121
Act III,Scene XIII,Cleopatra,"Prithee, peace.",2122
Act III,Scene XIII,[stage direction],"Enter MARK ANTONY with EUPHRONIUS, the Ambassador",NA
Act III,Scene XIII,Mark Antony,Is that his answer?,2123
Act III,Scene XIII,Euphronius,"Ay, my lord.",2124
Act III,Scene XIII,Mark Antony,"The queen shall then have courtesy, so she",2125
Act III,Scene XIII,Mark Antony,Will yield us up.,2126
Act III,Scene XIII,Euphronius,He says so.,2127
Act III,Scene XIII,Mark Antony,Let her know't.,2128
Act III,Scene XIII,Mark Antony,"To the boy Caesar send this grizzled head,",2129
Act III,Scene XIII,Mark Antony,And he will fill thy wishes to the brim,2130
Act III,Scene XIII,Mark Antony,With principalities.,2131
Act III,Scene XIII,Cleopatra,"That head, my lord?",2132
Act III,Scene XIII,Mark Antony,To him again: tell him he wears the rose,2133
Act III,Scene XIII,Mark Antony,Of youth upon him; from which the world should note,2134
Act III,Scene XIII,Mark Antony,"Something particular: his coin, ships, legions,",2135
Act III,Scene XIII,Mark Antony,May be a coward's; whose ministers would prevail,2136
Act III,Scene XIII,Mark Antony,Under the service of a child as soon,2137
Act III,Scene XIII,Mark Antony,As i' the command of Caesar: I dare him therefore,2138
Act III,Scene XIII,Mark Antony,"To lay his gay comparisons apart,",2139
Act III,Scene XIII,Mark Antony,"And answer me declined, sword against sword,",2140
Act III,Scene XIII,Mark Antony,Ourselves alone. I'll write it: follow me.,2141
Act III,Scene XIII,[stage direction],Exeunt MARK ANTONY and EUPHRONIUS,NA
Act III,Scene XIII,Domitius Enobarbus,"[Aside]  Yes, like enough, high-battled Caesar will",2142
Act III,Scene XIII,Domitius Enobarbus,"Unstate his happiness, and be staged to the show,",2143
Act III,Scene XIII,Domitius Enobarbus,Against a sworder! I see men's judgments are,2144
Act III,Scene XIII,Domitius Enobarbus,A parcel of their fortunes; and things outward,2145
Act III,Scene XIII,Domitius Enobarbus,"Do draw the inward quality after them,",2146
Act III,Scene XIII,Domitius Enobarbus,"To suffer all alike. That he should dream,",2147
Act III,Scene XIII,Domitius Enobarbus,"Knowing all measures, the full Caesar will",2148
Act III,Scene XIII,Domitius Enobarbus,"Answer his emptiness! Caesar, thou hast subdued",2149
Act III,Scene XIII,Domitius Enobarbus,His judgment too.,2150
Act III,Scene XIII,[stage direction],Enter an Attendant,NA
Act III,Scene XIII,Attendant,A messenger from CAESAR.,2151
Act III,Scene XIII,Cleopatra,"What, no more ceremony? See, my women!",2152
Act III,Scene XIII,Cleopatra,Against the blown rose may they stop their nose,2153
Act III,Scene XIII,Cleopatra,"That kneel'd unto the buds. Admit him, sir.",2154
Act III,Scene XIII,[stage direction],Exit Attendant,NA
Act III,Scene XIII,Domitius Enobarbus,[Aside]  Mine honesty and I begin to square.,2155
Act III,Scene XIII,Domitius Enobarbus,The loyalty well held to fools does make,2156
Act III,Scene XIII,Domitius Enobarbus,Our faith mere folly: yet he that can endure,2157
Act III,Scene XIII,Domitius Enobarbus,To follow with allegiance a fall'n lord,2158
Act III,Scene XIII,Domitius Enobarbus,Does conquer him that did his master conquer,2159
Act III,Scene XIII,Domitius Enobarbus,And earns a place i' the story.,2160
Act III,Scene XIII,[stage direction],Enter THYREUS,NA
Act III,Scene XIII,Cleopatra,Caesar's will?,2161
Act III,Scene XIII,Thyreus,Hear it apart.,2162
Act III,Scene XIII,Cleopatra,None but friends: say boldly.,2163
Act III,Scene XIII,Thyreus,"So, haply, are they friends to Antony.",2164
Act III,Scene XIII,Domitius Enobarbus,"He needs as many, sir, as Caesar has;",2165
Act III,Scene XIII,Domitius Enobarbus,"Or needs not us. If Caesar please, our master",2166
Act III,Scene XIII,Domitius Enobarbus,"Will leap to be his friend: for us, you know,",2167
Act III,Scene XIII,Domitius Enobarbus,"Whose he is we are, and that is, Caesar's.",2168
Act III,Scene XIII,Thyreus,So.,2169
Act III,Scene XIII,Thyreus,"Thus then, thou most renown'd: Caesar entreats,",2170
Act III,Scene XIII,Thyreus,"Not to consider in what case thou stand'st,",2171
Act III,Scene XIII,Thyreus,Further than he is Caesar.,2172
Act III,Scene XIII,Cleopatra,Go on: right royal.,2173
Act III,Scene XIII,Thyreus,He knows that you embrace not Antony,2174
Act III,Scene XIII,Thyreus,"As you did love, but as you fear'd him.",2175
Act III,Scene XIII,Cleopatra,O!,2176
Act III,Scene XIII,Thyreus,"The scars upon your honour, therefore, he",2177
Act III,Scene XIII,Thyreus,"Does pity, as constrained blemishes,",2178
Act III,Scene XIII,Thyreus,Not as deserved.,2179
Act III,Scene XIII,Cleopatra,"He is a god, and knows",2180
Act III,Scene XIII,Cleopatra,"What is most right: mine honour was not yielded,",2181
Act III,Scene XIII,Cleopatra,But conquer'd merely.,2182
Act III,Scene XIII,Domitius Enobarbus,"[Aside]             To be sure of that,",2183
Act III,Scene XIII,Domitius Enobarbus,"I will ask Antony. Sir, sir, thou art so leaky,",2184
Act III,Scene XIII,Domitius Enobarbus,"That we must leave thee to thy sinking, for",2185
Act III,Scene XIII,Domitius Enobarbus,Thy dearest quit thee.,2186
Act III,Scene XIII,[stage direction],Exit,NA
Act III,Scene XIII,Thyreus,Shall I say to Caesar,2187
Act III,Scene XIII,Thyreus,What you require of him? for he partly begs,2188
Act III,Scene XIII,Thyreus,"To be desired to give. It much would please him,",2189
Act III,Scene XIII,Thyreus,That of his fortunes you should make a staff,2190
Act III,Scene XIII,Thyreus,"To lean upon: but it would warm his spirits,",2191
Act III,Scene XIII,Thyreus,"To hear from me you had left Antony,",2192
Act III,Scene XIII,Thyreus,"And put yourself under his shrowd,",2193
Act III,Scene XIII,Thyreus,The universal landlord.,2194
Act III,Scene XIII,Cleopatra,What's your name?,2195
Act III,Scene XIII,Thyreus,My name is Thyreus.,2196
Act III,Scene XIII,Cleopatra,"Most kind messenger,",2197
Act III,Scene XIII,Cleopatra,Say to great Caesar this: in deputation,2198
Act III,Scene XIII,Cleopatra,"I kiss his conquering hand: tell him, I am prompt",2199
Act III,Scene XIII,Cleopatra,"To lay my crown at 's feet, and there to kneel:",2200
Act III,Scene XIII,Cleopatra,Tell him from his all-obeying breath I hear,2201
Act III,Scene XIII,Cleopatra,The doom of Egypt.,2202
Act III,Scene XIII,Thyreus,'Tis your noblest course.,2203
Act III,Scene XIII,Thyreus,"Wisdom and fortune combating together,",2204
Act III,Scene XIII,Thyreus,"If that the former dare but what it can,",2205
Act III,Scene XIII,Thyreus,No chance may shake it. Give me grace to lay,2206
Act III,Scene XIII,Thyreus,My duty on your hand.,2207
Act III,Scene XIII,Cleopatra,"Your Caesar's father oft,",2208
Act III,Scene XIII,Cleopatra,"When he hath mused of taking kingdoms in,",2209
Act III,Scene XIII,Cleopatra,"Bestow'd his lips on that unworthy place,",2210
Act III,Scene XIII,Cleopatra,As it rain'd kisses.,2211
Act III,Scene XIII,[stage direction],Re-enter MARK ANTONY and DOMITIUS ENOBARBUS,NA
Act III,Scene XIII,Mark Antony,"Favours, by Jove that thunders!",2212
Act III,Scene XIII,Mark Antony,"What art thou, fellow?",2213
Act III,Scene XIII,Thyreus,One that but performs,2214
Act III,Scene XIII,Thyreus,"The bidding of the fullest man, and worthiest",2215
Act III,Scene XIII,Thyreus,To have command obey'd.,2216
Act III,Scene XIII,Domitius Enobarbus,[Aside]               You will be whipp'd.,2217
Act III,Scene XIII,Mark Antony,"Approach, there! Ah, you kite! Now, gods",2218
Act III,Scene XIII,Mark Antony,and devils!,2219
Act III,Scene XIII,Mark Antony,"Authority melts from me: of late, when I cried 'Ho!'",2220
Act III,Scene XIII,Mark Antony,"Like boys unto a muss, kings would start forth,",2221
Act III,Scene XIII,Mark Antony,And cry 'Your will?' Have you no ears? I am,2222
Act III,Scene XIII,Mark Antony,Antony yet.,2223
Act III,Scene XIII,[stage direction],Enter Attendants,NA
Act III,Scene XIII,Mark Antony,"Take hence this Jack, and whip him.",2224
Act III,Scene XIII,Domitius Enobarbus,[Aside]  'Tis better playing with a lion's whelp,2225
Act III,Scene XIII,Domitius Enobarbus,Than with an old one dying.,2226
Act III,Scene XIII,Mark Antony,Moon and stars!,2227
Act III,Scene XIII,Mark Antony,Whip him. Were't twenty of the greatest tributaries,2228
Act III,Scene XIII,Mark Antony,"That do acknowledge Caesar, should I find them",2229
Act III,Scene XIII,Mark Antony,"So saucy with the hand of she here,--what's her name,",2230
Act III,Scene XIII,Mark Antony,"Since she was Cleopatra? Whip him, fellows,",2231
Act III,Scene XIII,Mark Antony,"Till, like a boy, you see him cringe his face,",2232
Act III,Scene XIII,Mark Antony,And whine aloud for mercy: take him hence.,2233
Act III,Scene XIII,Thyreus,Mark Antony!,2234
Act III,Scene XIII,Mark Antony,"Tug him away: being whipp'd,",2235
Act III,Scene XIII,Mark Antony,Bring him again: this Jack of Caesar's shall,2236
Act III,Scene XIII,Mark Antony,Bear us an errand to him.,2237
Act III,Scene XIII,[stage direction],Exeunt Attendants with THYREUS,NA
Act III,Scene XIII,Mark Antony,You were half blasted ere I knew you: ha!,2238
Act III,Scene XIII,Mark Antony,"Have I my pillow left unpress'd in Rome,",2239
Act III,Scene XIII,Mark Antony,"Forborne the getting of a lawful race,",2240
Act III,Scene XIII,Mark Antony,"And by a gem of women, to be abused",2241
Act III,Scene XIII,Mark Antony,By one that looks on feeders?,2242
Act III,Scene XIII,Cleopatra,"Good my lord,--",2243
Act III,Scene XIII,Mark Antony,You have been a boggler ever:,2244
Act III,Scene XIII,Mark Antony,But when we in our viciousness grow hard--,2245
Act III,Scene XIII,Mark Antony,O misery on't!--the wise gods seel our eyes;,2246
Act III,Scene XIII,Mark Antony,In our own filth drop our clear judgments; make us,2247
Act III,Scene XIII,Mark Antony,"Adore our errors; laugh at's, while we strut",2248
Act III,Scene XIII,Mark Antony,To our confusion.,2249
Act III,Scene XIII,Cleopatra,"O, is't come to this?",2250
Act III,Scene XIII,Mark Antony,I found you as a morsel cold upon,2251
Act III,Scene XIII,Mark Antony,"Dead Caesar's trencher; nay, you were a fragment",2252
Act III,Scene XIII,Mark Antony,"Of Cneius Pompey's; besides what hotter hours,",2253
Act III,Scene XIII,Mark Antony,"Unregister'd in vulgar fame, you have",2254
Act III,Scene XIII,Mark Antony,"Luxuriously pick'd out: for, I am sure,",2255
Act III,Scene XIII,Mark Antony,"Though you can guess what temperance should be,",2256
Act III,Scene XIII,Mark Antony,You know not what it is.,2257
Act III,Scene XIII,Cleopatra,Wherefore is this?,2258
Act III,Scene XIII,Mark Antony,To let a fellow that will take rewards,2259
Act III,Scene XIII,Mark Antony,And say 'God quit you!' be familiar with,2260
Act III,Scene XIII,Mark Antony,"My playfellow, your hand; this kingly seal",2261
Act III,Scene XIII,Mark Antony,"And plighter of high hearts! O, that I were",2262
Act III,Scene XIII,Mark Antony,"Upon the hill of Basan, to outroar",2263
Act III,Scene XIII,Mark Antony,The horned herd! for I have savage cause;,2264
Act III,Scene XIII,Mark Antony,"And to proclaim it civilly, were like",2265
Act III,Scene XIII,Mark Antony,A halter'd neck which does the hangman thank,2266
Act III,Scene XIII,Mark Antony,For being yare about him.,2267
Act III,Scene XIII,[stage direction],Re-enter Attendants with THYREUS,NA
Act III,Scene XIII,Mark Antony,Is he whipp'd?,2268
Act III,Scene XIII,First Attendant,"Soundly, my lord.",2269
Act III,Scene XIII,Mark Antony,Cried he? and begg'd a' pardon?,2270
Act III,Scene XIII,First Attendant,He did ask favour.,2271
Act III,Scene XIII,Mark Antony,"If that thy father live, let him repent",2272
Act III,Scene XIII,Mark Antony,Thou wast not made his daughter; and be thou sorry,2273
Act III,Scene XIII,Mark Antony,"To follow Caesar in his triumph, since",2274
Act III,Scene XIII,Mark Antony,Thou hast been whipp'd for following him: henceforth,2275
Act III,Scene XIII,Mark Antony,"The white hand of a lady fever thee,",2276
Act III,Scene XIII,Mark Antony,"Shake thou to look on 't. Get thee back to Caesar,",2277
Act III,Scene XIII,Mark Antony,"Tell him thy entertainment: look, thou say",2278
Act III,Scene XIII,Mark Antony,He makes me angry with him; for he seems,2279
Act III,Scene XIII,Mark Antony,"Proud and disdainful, harping on what I am,",2280
Act III,Scene XIII,Mark Antony,Not what he knew I was: he makes me angry;,2281
Act III,Scene XIII,Mark Antony,"And at this time most easy 'tis to do't,",2282
Act III,Scene XIII,Mark Antony,"When my good stars, that were my former guides,",2283
Act III,Scene XIII,Mark Antony,"Have empty left their orbs, and shot their fires",2284
Act III,Scene XIII,Mark Antony,Into the abysm of hell. If he mislike,2285
Act III,Scene XIII,Mark Antony,"My speech and what is done, tell him he has",2286
Act III,Scene XIII,Mark Antony,"Hipparchus, my enfranched bondman, whom",2287
Act III,Scene XIII,Mark Antony,"He may at pleasure whip, or hang, or torture,",2288
Act III,Scene XIII,Mark Antony,"As he shall like, to quit me: urge it thou:",2289
Act III,Scene XIII,Mark Antony,"Hence with thy stripes, begone!",2290
Act III,Scene XIII,[stage direction],Exit THYREUS,NA
Act III,Scene XIII,Cleopatra,Have you done yet?,2291
Act III,Scene XIII,Mark Antony,"Alack, our terrene moon",2292
Act III,Scene XIII,Mark Antony,Is now eclipsed; and it portends alone,2293
Act III,Scene XIII,Mark Antony,The fall of Antony!,2294
Act III,Scene XIII,Cleopatra,I must stay his time.,2295
Act III,Scene XIII,Mark Antony,"To flatter Caesar, would you mingle eyes",2296
Act III,Scene XIII,Mark Antony,With one that ties his points?,2297
Act III,Scene XIII,Cleopatra,Not know me yet?,2298
Act III,Scene XIII,Mark Antony,Cold-hearted toward me?,2299
Act III,Scene XIII,Cleopatra,"Ah, dear, if I be so,",2300
Act III,Scene XIII,Cleopatra,"From my cold heart let heaven engender hail,",2301
Act III,Scene XIII,Cleopatra,And poison it in the source; and the first stone,2302
Act III,Scene XIII,Cleopatra,"Drop in my neck: as it determines, so",2303
Act III,Scene XIII,Cleopatra,Dissolve my life! The next Caesarion smite!,2304
Act III,Scene XIII,Cleopatra,"Till by degrees the memory of my womb,",2305
Act III,Scene XIII,Cleopatra,"Together with my brave Egyptians all,",2306
Act III,Scene XIII,Cleopatra,"By the discandying of this pelleted storm,",2307
Act III,Scene XIII,Cleopatra,"Lie graveless, till the flies and gnats of Nile",2308
Act III,Scene XIII,Cleopatra,Have buried them for prey!,2309
Act III,Scene XIII,Mark Antony,I am satisfied.,2310
Act III,Scene XIII,Mark Antony,Caesar sits down in Alexandria; where,2311
Act III,Scene XIII,Mark Antony,I will oppose his fate. Our force by land,2312
Act III,Scene XIII,Mark Antony,Hath nobly held; our sever'd navy too,2313
Act III,Scene XIII,Mark Antony,"Have knit again, and fleet, threatening most sea-like.",2314
Act III,Scene XIII,Mark Antony,"Where hast thou been, my heart? Dost thou hear, lady?",2315
Act III,Scene XIII,Mark Antony,If from the field I shall return once more,2316
Act III,Scene XIII,Mark Antony,"To kiss these lips, I will appear in blood;",2317
Act III,Scene XIII,Mark Antony,I and my sword will earn our chronicle:,2318
Act III,Scene XIII,Mark Antony,There's hope in't yet.,2319
Act III,Scene XIII,Cleopatra,That's my brave lord!,2320
Act III,Scene XIII,Mark Antony,"I will be treble-sinew'd, hearted, breathed,",2321
Act III,Scene XIII,Mark Antony,And fight maliciously: for when mine hours,2322
Act III,Scene XIII,Mark Antony,"Were nice and lucky, men did ransom lives",2323
Act III,Scene XIII,Mark Antony,"Of me for jests; but now I'll set my teeth,",2324
Act III,Scene XIII,Mark Antony,"And send to darkness all that stop me. Come,",2325
Act III,Scene XIII,Mark Antony,Let's have one other gaudy night: call to me,2326
Act III,Scene XIII,Mark Antony,All my sad captains; fill our bowls once more;,2327
Act III,Scene XIII,Mark Antony,Let's mock the midnight bell.,2328
Act III,Scene XIII,Cleopatra,It is my birth-day:,2329
Act III,Scene XIII,Cleopatra,"I had thought to have held it poor: but, since my lord",2330
Act III,Scene XIII,Cleopatra,"Is Antony again, I will be Cleopatra.",2331
Act III,Scene XIII,Mark Antony,We will yet do well.,2332
Act III,Scene XIII,Cleopatra,Call all his noble captains to my lord.,2333
Act III,Scene XIII,Mark Antony,"Do so, we'll speak to them; and to-night I'll force",2334
Act III,Scene XIII,Mark Antony,"The wine peep through their scars. Come on, my queen;",2335
Act III,Scene XIII,Mark Antony,"There's sap in't yet. The next time I do fight,",2336
Act III,Scene XIII,Mark Antony,I'll make death love me; for I will contend,2337
Act III,Scene XIII,Mark Antony,Even with his pestilent scythe.,2338
Act III,Scene XIII,[stage direction],Exeunt all but DOMITIUS ENOBARBUS,NA
Act III,Scene XIII,Domitius Enobarbus,"Now he'll outstare the lightning. To be furious,",2339
Act III,Scene XIII,Domitius Enobarbus,Is to be frighted out of fear; and in that mood,2340
Act III,Scene XIII,Domitius Enobarbus,"The dove will peck the estridge; and I see still,",2341
Act III,Scene XIII,Domitius Enobarbus,A diminution in our captain's brain,2342
Act III,Scene XIII,Domitius Enobarbus,"Restores his heart: when valour preys on reason,",2343
Act III,Scene XIII,Domitius Enobarbus,It eats the sword it fights with. I will seek,2344
Act III,Scene XIII,Domitius Enobarbus,Some way to leave him.,2345
Act III,Scene XIII,[stage direction],Exit,NA
Act IV,Scene I,[stage direction],"Enter OCTAVIUS CAESAR, AGRIPPA, and MECAENAS, with his Army; OCTAVIUS CAESAR reading a letter",NA
Act IV,Scene I,Octavius Caesar,"He calls me boy; and chides, as he had power",2346
Act IV,Scene I,Octavius Caesar,To beat me out of Egypt; my messenger,2347
Act IV,Scene I,Octavius Caesar,"He hath whipp'd with rods; dares me to personal combat,",2348
Act IV,Scene I,Octavius Caesar,Caesar to Antony: let the old ruffian know,2349
Act IV,Scene I,Octavius Caesar,I have many other ways to die; meantime,2350
Act IV,Scene I,Octavius Caesar,Laugh at his challenge.,2351
Act IV,Scene I,Mecaenas,"Caesar must think,",2352
Act IV,Scene I,Mecaenas,"When one so great begins to rage, he's hunted",2353
Act IV,Scene I,Mecaenas,"Even to falling. Give him no breath, but now",2354
Act IV,Scene I,Mecaenas,Make boot of his distraction: never anger,2355
Act IV,Scene I,Mecaenas,Made good guard for itself.,2356
Act IV,Scene I,Octavius Caesar,Let our best heads,2357
Act IV,Scene I,Octavius Caesar,"Know, that to-morrow the last of many battles",2358
Act IV,Scene I,Octavius Caesar,"We mean to fight: within our files there are,",2359
Act IV,Scene I,Octavius Caesar,"Of those that served Mark Antony but late,",2360
Act IV,Scene I,Octavius Caesar,Enough to fetch him in. See it done:,2361
Act IV,Scene I,Octavius Caesar,"And feast the army; we have store to do't,",2362
Act IV,Scene I,Octavius Caesar,And they have earn'd the waste. Poor Antony!,2363
Act IV,Scene I,[stage direction],Exeunt,NA
Act IV,Scene II,[stage direction],"Enter MARK ANTONY, CLEOPATRA, DOMITIUS ENOBARBUS, CHARMIAN, IRAS, ALEXAS, with others",NA
Act IV,Scene II,Mark Antony,"He will not fight with me, Domitius.",2364
Act IV,Scene II,Domitius Enobarbus,No.,2365
Act IV,Scene II,Mark Antony,Why should he not?,2366
Act IV,Scene II,Domitius Enobarbus,"He thinks, being twenty times of better fortune,",2367
Act IV,Scene II,Domitius Enobarbus,He is twenty men to one.,2368
Act IV,Scene II,Mark Antony,"To-morrow, soldier,",2369
Act IV,Scene II,Mark Antony,"By sea and land I'll fight: or I will live,",2370
Act IV,Scene II,Mark Antony,Or bathe my dying honour in the blood,2371
Act IV,Scene II,Mark Antony,Shall make it live again. Woo't thou fight well?,2372
Act IV,Scene II,Domitius Enobarbus,"I'll strike, and cry 'Take all.'",2373
Act IV,Scene II,Mark Antony,Well said; come on.,2374
Act IV,Scene II,Mark Antony,Call forth my household servants: let's to-night,2375
Act IV,Scene II,Mark Antony,Be bounteous at our meal.,2376
Act IV,Scene II,[stage direction],Enter three or four Servitors,NA
Act IV,Scene II,Mark Antony,"Give me thy hand,",2377
Act IV,Scene II,Mark Antony,Thou hast been rightly honest;--so hast thou;--,2378
Act IV,Scene II,Mark Antony,"Thou,--and thou,--and thou:--you have served me well,",2379
Act IV,Scene II,Mark Antony,And kings have been your fellows.,2380
Act IV,Scene II,Cleopatra,[Aside to DOMITIUS ENOBARBUS]  What means this?,2381
Act IV,Scene II,Domitius Enobarbus,[Aside to CLEOPATRA]  'Tis one of those odd,2382
Act IV,Scene II,Domitius Enobarbus,tricks which sorrow shoots,2383
Act IV,Scene II,Domitius Enobarbus,Out of the mind.,2384
Act IV,Scene II,Mark Antony,And thou art honest too.,2385
Act IV,Scene II,Mark Antony,"I wish I could be made so many men,",2386
Act IV,Scene II,Mark Antony,And all of you clapp'd up together in,2387
Act IV,Scene II,Mark Antony,"An Antony, that I might do you service",2388
Act IV,Scene II,Mark Antony,So good as you have done.,2389
Act IV,Scene II,All,The gods forbid!,2390
Act IV,Scene II,Mark Antony,"Well, my good fellows, wait on me to-night:",2391
Act IV,Scene II,Mark Antony,Scant not my cups; and make as much of me,2392
Act IV,Scene II,Mark Antony,"As when mine empire was your fellow too,",2393
Act IV,Scene II,Mark Antony,And suffer'd my command.,2394
Act IV,Scene II,Cleopatra,[Aside to DOMITIUS ENOBARBUS]  What does he mean?,2395
Act IV,Scene II,Domitius Enobarbus,[Aside to CLEOPATRA]  To make his followers weep.,2396
Act IV,Scene II,Mark Antony,Tend me to-night;,2397
Act IV,Scene II,Mark Antony,May be it is the period of your duty:,2398
Act IV,Scene II,Mark Antony,"Haply you shall not see me more; or if,",2399
Act IV,Scene II,Mark Antony,A mangled shadow: perchance to-morrow,2400
Act IV,Scene II,Mark Antony,You'll serve another master. I look on you,2401
Act IV,Scene II,Mark Antony,"As one that takes his leave. Mine honest friends,",2402
Act IV,Scene II,Mark Antony,"I turn you not away; but, like a master",2403
Act IV,Scene II,Mark Antony,"Married to your good service, stay till death:",2404
Act IV,Scene II,Mark Antony,"Tend me to-night two hours, I ask no more,",2405
Act IV,Scene II,Mark Antony,And the gods yield you for't!,2406
Act IV,Scene II,Domitius Enobarbus,"What mean you, sir,",2407
Act IV,Scene II,Domitius Enobarbus,"To give them this discomfort? Look, they weep;",2408
Act IV,Scene II,Domitius Enobarbus,"And I, an ass, am onion-eyed: for shame,",2409
Act IV,Scene II,Domitius Enobarbus,Transform us not to women.,2410
Act IV,Scene II,Mark Antony,"Ho, ho, ho!",2411
Act IV,Scene II,Mark Antony,"Now the witch take me, if I meant it thus!",2412
Act IV,Scene II,Mark Antony,Grace grow where those drops fall!,2413
Act IV,Scene II,Mark Antony,"My hearty friends,",2414
Act IV,Scene II,Mark Antony,You take me in too dolorous a sense;,2415
Act IV,Scene II,Mark Antony,For I spake to you for your comfort; did desire you,2416
Act IV,Scene II,Mark Antony,"To burn this night with torches: know, my hearts,",2417
Act IV,Scene II,Mark Antony,I hope well of to-morrow; and will lead you,2418
Act IV,Scene II,Mark Antony,Where rather I'll expect victorious life,2419
Act IV,Scene II,Mark Antony,"Than death and honour. Let's to supper, come,",2420
Act IV,Scene II,Mark Antony,And drown consideration.,2421
Act IV,Scene II,[stage direction],Exeunt,NA
Act IV,Scene III,[stage direction],Enter two Soldiers to their guard,NA
Act IV,Scene III,First Soldier,"Brother, good night: to-morrow is the day.",2422
Act IV,Scene III,Second Soldier,It will determine one way: fare you well.,2423
Act IV,Scene III,Second Soldier,Heard you of nothing strange about the streets?,2424
Act IV,Scene III,First Soldier,Nothing. What news?,2425
Act IV,Scene III,Second Soldier,Belike 'tis but a rumour. Good night to you.,2426
Act IV,Scene III,First Soldier,"Well, sir, good night.",2427
Act IV,Scene III,[stage direction],Enter two other Soldiers,NA
Act IV,Scene III,Second Soldier,"Soldiers, have careful watch.",2428
Act IV,Scene III,Third Soldier,"And you. Good night, good night.",2429
Act IV,Scene III,[stage direction],They place themselves in every corner of the stage,NA
Act IV,Scene III,Fourth Soldier,Here we: and if to-morrow,2430
Act IV,Scene III,Fourth Soldier,"Our navy thrive, I have an absolute hope",2431
Act IV,Scene III,Fourth Soldier,Our landmen will stand up.,2432
Act IV,Scene III,Third Soldier,"'Tis a brave army,",2433
Act IV,Scene III,Third Soldier,And full of purpose.,2434
Act IV,Scene III,[stage direction],Music of the hautboys as under the stage,NA
Act IV,Scene III,Fourth Soldier,Peace! what noise?,2435
Act IV,Scene III,First Soldier,"List, list!",2436
Act IV,Scene III,Second Soldier,Hark!,2437
Act IV,Scene III,First Soldier,Music i' the air.,2438
Act IV,Scene III,Third Soldier,Under the earth.,2439
Act IV,Scene III,Fourth Soldier,"It signs well, does it not?",2440
Act IV,Scene III,Third Soldier,No.,2441
Act IV,Scene III,First Soldier,"Peace, I say!",2442
Act IV,Scene III,First Soldier,What should this mean?,2443
Act IV,Scene III,Second Soldier,"'Tis the god Hercules, whom Antony loved,",2444
Act IV,Scene III,Second Soldier,Now leaves him.,2445
Act IV,Scene III,First Soldier,Walk; let's see if other watchmen,2446
Act IV,Scene III,First Soldier,Do hear what we do?,2447
Act IV,Scene III,[stage direction],They advance to another post,NA
Act IV,Scene III,Second Soldier,"How now, masters!",2448
Act IV,Scene III,All,[Speaking together]  How now!,2449
Act IV,Scene III,All,How now! do you hear this?,2450
Act IV,Scene III,First Soldier,Ay; is't not strange?,2451
Act IV,Scene III,Third Soldier,"Do you hear, masters? do you hear?",2452
Act IV,Scene III,First Soldier,Follow the noise so far as we have quarter;,2453
Act IV,Scene III,First Soldier,Let's see how it will give off.,2454
Act IV,Scene III,All,Content. 'Tis strange.,2455
Act IV,Scene III,[stage direction],Exeunt,NA
Act IV,Scene IV,[stage direction],"Enter MARK ANTONY and CLEOPATRA, CHARMIAN, and others attending",NA
Act IV,Scene IV,Mark Antony,"Eros! mine armour, Eros!",2456
Act IV,Scene IV,Cleopatra,Sleep a little.,2457
Act IV,Scene IV,Mark Antony,"No, my chuck. Eros, come; mine armour, Eros!",2458
Act IV,Scene IV,[stage direction],Enter EROS with armour,NA
Act IV,Scene IV,Mark Antony,"Come good fellow, put mine iron on:",2459
Act IV,Scene IV,Mark Antony,"If fortune be not ours to-day, it is",2460
Act IV,Scene IV,Mark Antony,Because we brave her: come.,2461
Act IV,Scene IV,Cleopatra,"Nay, I'll help too.",2462
Act IV,Scene IV,Cleopatra,What's this for?,2463
Act IV,Scene IV,Mark Antony,"Ah, let be, let be! thou art",2464
Act IV,Scene IV,Mark Antony,"The armourer of my heart: false, false; this, this.",2465
Act IV,Scene IV,Cleopatra,"Sooth, la, I'll help: thus it must be.",2466
Act IV,Scene IV,Mark Antony,"Well, well;",2467
Act IV,Scene IV,Mark Antony,"We shall thrive now. Seest thou, my good fellow?",2468
Act IV,Scene IV,Mark Antony,Go put on thy defences.,2469
Act IV,Scene IV,Eros,"Briefly, sir.",2470
Act IV,Scene IV,Cleopatra,Is not this buckled well?,2471
Act IV,Scene IV,Mark Antony,"Rarely, rarely:",2472
Act IV,Scene IV,Mark Antony,"He that unbuckles this, till we do please",2473
Act IV,Scene IV,Mark Antony,"To daff't for our repose, shall hear a storm.",2474
Act IV,Scene IV,Mark Antony,"Thou fumblest, Eros; and my queen's a squire",2475
Act IV,Scene IV,Mark Antony,"More tight at this than thou: dispatch. O love,",2476
Act IV,Scene IV,Mark Antony,"That thou couldst see my wars to-day, and knew'st",2477
Act IV,Scene IV,Mark Antony,The royal occupation! thou shouldst see,2478
Act IV,Scene IV,Mark Antony,A workman in't.,2479
Act IV,Scene IV,[stage direction],Enter an armed Soldier,NA
Act IV,Scene IV,Mark Antony,Good morrow to thee; welcome:,2480
Act IV,Scene IV,Mark Antony,Thou look'st like him that knows a warlike charge:,2481
Act IV,Scene IV,Mark Antony,"To business that we love we rise betime,",2482
Act IV,Scene IV,Mark Antony,And go to't with delight.,2483
Act IV,Scene IV,Soldier,"A thousand, sir,",2484
Act IV,Scene IV,Soldier,"Early though't be, have on their riveted trim,",2485
Act IV,Scene IV,Soldier,And at the port expect you.,2486
Act IV,Scene IV,[stage direction],Shout. Trumpets flourish,NA
Act IV,Scene IV,[stage direction],Enter Captains and Soldiers,NA
Act IV,Scene IV,Captain,"The morn is fair. Good morrow, general.",2487
Act IV,Scene IV,All,"Good morrow, general.",2488
Act IV,Scene IV,Mark Antony,"'Tis well blown, lads:",2489
Act IV,Scene IV,Mark Antony,"This morning, like the spirit of a youth",2490
Act IV,Scene IV,Mark Antony,"That means to be of note, begins betimes.",2491
Act IV,Scene IV,Mark Antony,"So, so; come, give me that: this way; well said.",2492
Act IV,Scene IV,Mark Antony,"Fare thee well, dame, whate'er becomes of me:",2493
Act IV,Scene IV,Mark Antony,This is a soldier's kiss: rebukeable,2494
Act IV,Scene IV,[stage direction],Kisses her,NA
Act IV,Scene IV,Mark Antony,"And worthy shameful cheque it were, to stand",2495
Act IV,Scene IV,Mark Antony,On more mechanic compliment; I'll leave thee,2496
Act IV,Scene IV,Mark Antony,"Now, like a man of steel. You that will fight,",2497
Act IV,Scene IV,Mark Antony,Follow me close; I'll bring you to't. Adieu.,2498
Act IV,Scene IV,[stage direction],"Exeunt MARK ANTONY, EROS, Captains, and Soldiers",NA
Act IV,Scene IV,Charmian,"Please you, retire to your chamber.",2499
Act IV,Scene IV,Cleopatra,Lead me.,2500
Act IV,Scene IV,Cleopatra,He goes forth gallantly. That he and Caesar might,2501
Act IV,Scene IV,Cleopatra,Determine this great war in single fight!,2502
Act IV,Scene IV,Cleopatra,"Then Antony,--but now--Well, on.",2503
Act IV,Scene IV,[stage direction],Exeunt,NA
Act IV,Scene V,[stage direction],Trumpets sound. Enter MARK ANTONY and EROS; a Soldier meeting them,NA
Act IV,Scene V,Soldier,The gods make this a happy day to Antony!,2504
Act IV,Scene V,Mark Antony,Would thou and those thy scars had once prevail'd,2505
Act IV,Scene V,Mark Antony,To make me fight at land!,2506
Act IV,Scene V,Soldier,"Hadst thou done so,",2507
Act IV,Scene V,Soldier,"The kings that have revolted, and the soldier",2508
Act IV,Scene V,Soldier,"That has this morning left thee, would have still",2509
Act IV,Scene V,Soldier,Follow'd thy heels.,2510
Act IV,Scene V,Mark Antony,Who's gone this morning?,2511
Act IV,Scene V,Soldier,Who!,2512
Act IV,Scene V,Soldier,"One ever near thee: call for Enobarbus,",2513
Act IV,Scene V,Soldier,He shall not hear thee; or from Caesar's camp,2514
Act IV,Scene V,Soldier,Say 'I am none of thine.',2515
Act IV,Scene V,Mark Antony,What say'st thou?,2516
Act IV,Scene V,Soldier,"Sir,",2517
Act IV,Scene V,Soldier,He is with Caesar.,2518
Act IV,Scene V,Eros,"Sir, his chests and treasure",2519
Act IV,Scene V,Eros,He has not with him.,2520
Act IV,Scene V,Mark Antony,Is he gone?,2521
Act IV,Scene V,Soldier,Most certain.,2522
Act IV,Scene V,Mark Antony,"Go, Eros, send his treasure after; do it;",2523
Act IV,Scene V,Mark Antony,"Detain no jot, I charge thee: write to him--",2524
Act IV,Scene V,Mark Antony,I will subscribe--gentle adieus and greetings;,2525
Act IV,Scene V,Mark Antony,Say that I wish he never find more cause,2526
Act IV,Scene V,Mark Antony,"To change a master. O, my fortunes have",2527
Act IV,Scene V,Mark Antony,Corrupted honest men! Dispatch.--Enobarbus!,2528
Act IV,Scene V,[stage direction],Exeunt,NA
Act IV,Scene VI,[stage direction],"Flourish. Enter OCTAVIUS CAESAR, AGRIPPA, with DOMITIUS ENOBARBUS, and others",NA
Act IV,Scene VI,Octavius Caesar,"Go forth, Agrippa, and begin the fight:",2529
Act IV,Scene VI,Octavius Caesar,Our will is Antony be took alive;,2530
Act IV,Scene VI,Octavius Caesar,Make it so known.,2531
Act IV,Scene VI,Agrippa,"Caesar, I shall.",2532
Act IV,Scene VI,[stage direction],Exit,NA
Act IV,Scene VI,Octavius Caesar,The time of universal peace is near:,2533
Act IV,Scene VI,Octavius Caesar,"Prove this a prosperous day, the three-nook'd world",2534
Act IV,Scene VI,Octavius Caesar,Shall bear the olive freely.,2535
Act IV,Scene VI,[stage direction],Enter a Messenger,NA
Act IV,Scene VI,Messenger,Antony,2536
Act IV,Scene VI,Messenger,Is come into the field.,2537
Act IV,Scene VI,Octavius Caesar,Go charge Agrippa,2538
Act IV,Scene VI,Octavius Caesar,"Plant those that have revolted in the van,",2539
Act IV,Scene VI,Octavius Caesar,That Antony may seem to spend his fury,2540
Act IV,Scene VI,Octavius Caesar,Upon himself.,2541
Act IV,Scene VI,[stage direction],Exeunt all but DOMITIUS ENOBARBUS,NA
Act IV,Scene VI,Domitius Enobarbus,Alexas did revolt; and went to Jewry on,2542
Act IV,Scene VI,Domitius Enobarbus,Affairs of Antony; there did persuade,2543
Act IV,Scene VI,Domitius Enobarbus,"Great Herod to incline himself to Caesar,",2544
Act IV,Scene VI,Domitius Enobarbus,And leave his master Antony: for this pains,2545
Act IV,Scene VI,Domitius Enobarbus,Caesar hath hang'd him. Canidius and the rest,2546
Act IV,Scene VI,Domitius Enobarbus,"That fell away have entertainment, but",2547
Act IV,Scene VI,Domitius Enobarbus,No honourable trust. I have done ill;,2548
Act IV,Scene VI,Domitius Enobarbus,"Of which I do accuse myself so sorely,",2549
Act IV,Scene VI,Domitius Enobarbus,That I will joy no more.,2550
Act IV,Scene VI,[stage direction],Enter a Soldier of CAESAR's,NA
Act IV,Scene VI,Soldier,"Enobarbus, Antony",2551
Act IV,Scene VI,Soldier,"Hath after thee sent all thy treasure, with",2552
Act IV,Scene VI,Soldier,His bounty overplus: the messenger,2553
Act IV,Scene VI,Soldier,Came on my guard; and at thy tent is now,2554
Act IV,Scene VI,Soldier,Unloading of his mules.,2555
Act IV,Scene VI,Domitius Enobarbus,I give it you.,2556
Act IV,Scene VI,Soldier,"Mock not, Enobarbus.",2557
Act IV,Scene VI,Soldier,I tell you true: best you safed the bringer,2558
Act IV,Scene VI,Soldier,"Out of the host; I must attend mine office,",2559
Act IV,Scene VI,Soldier,Or would have done't myself. Your emperor,2560
Act IV,Scene VI,Soldier,Continues still a Jove.,2561
Act IV,Scene VI,[stage direction],Exit,NA
Act IV,Scene VI,Domitius Enobarbus,"I am alone the villain of the earth,",2562
Act IV,Scene VI,Domitius Enobarbus,"And feel I am so most. O Antony,",2563
Act IV,Scene VI,Domitius Enobarbus,"Thou mine of bounty, how wouldst thou have paid",2564
Act IV,Scene VI,Domitius Enobarbus,"My better service, when my turpitude",2565
Act IV,Scene VI,Domitius Enobarbus,Thou dost so crown with gold! This blows my heart:,2566
Act IV,Scene VI,Domitius Enobarbus,"If swift thought break it not, a swifter mean",2567
Act IV,Scene VI,Domitius Enobarbus,"Shall outstrike thought: but thought will do't, I feel.",2568
Act IV,Scene VI,Domitius Enobarbus,I fight against thee! No: I will go seek,2569
Act IV,Scene VI,Domitius Enobarbus,Some ditch wherein to die; the foul'st best fits,2570
Act IV,Scene VI,Domitius Enobarbus,My latter part of life.,2571
Act IV,Scene VI,[stage direction],Exit,NA
Act IV,Scene VII,[stage direction],Alarum. Drums and trumpets. Enter AGRIPPA and others,NA
Act IV,Scene VII,Agrippa,"Retire, we have engaged ourselves too far:",2572
Act IV,Scene VII,Agrippa,"Caesar himself has work, and our oppression",2573
Act IV,Scene VII,Agrippa,Exceeds what we expected.,2574
Act IV,Scene VII,[stage direction],Exeunt,NA
Act IV,Scene VII,[stage direction],Alarums. Enter MARK ANTONY and SCARUS wounded,NA
Act IV,Scene VII,Scarus,"O my brave emperor, this is fought indeed!",2575
Act IV,Scene VII,Scarus,"Had we done so at first, we had droven them home",2576
Act IV,Scene VII,Scarus,With clouts about their heads.,2577
Act IV,Scene VII,Mark Antony,Thou bleed'st apace.,2578
Act IV,Scene VII,Scarus,"I had a wound here that was like a T,",2579
Act IV,Scene VII,Scarus,But now 'tis made an H.,2580
Act IV,Scene VII,Mark Antony,They do retire.,2581
Act IV,Scene VII,Scarus,We'll beat 'em into bench-holes: I have yet,2582
Act IV,Scene VII,Scarus,Room for six scotches more.,2583
Act IV,Scene VII,[stage direction],Enter EROS,NA
Act IV,Scene VII,Eros,"They are beaten, sir, and our advantage serves",2584
Act IV,Scene VII,Eros,For a fair victory.,2585
Act IV,Scene VII,Scarus,"Let us score their backs,",2586
Act IV,Scene VII,Scarus,"And snatch 'em up, as we take hares, behind:",2587
Act IV,Scene VII,Scarus,'Tis sport to maul a runner.,2588
Act IV,Scene VII,Mark Antony,I will reward thee,2589
Act IV,Scene VII,Mark Antony,"Once for thy spritely comfort, and ten-fold",2590
Act IV,Scene VII,Mark Antony,For thy good valour. Come thee on.,2591
Act IV,Scene VII,Scarus,I'll halt after.,2592
Act IV,Scene VII,[stage direction],Exeunt,NA
Act IV,Scene VIII,[stage direction],"Alarum. Enter MARK ANTONY, in a march; SCARUS, with others",NA
Act IV,Scene VIII,Mark Antony,"We have beat him to his camp: run one before,",2593
Act IV,Scene VIII,Mark Antony,"And let the queen know of our gests. To-morrow,",2594
Act IV,Scene VIII,Mark Antony,"Before the sun shall see 's, we'll spill the blood",2595
Act IV,Scene VIII,Mark Antony,That has to-day escaped. I thank you all;,2596
Act IV,Scene VIII,Mark Antony,"For doughty-handed are you, and have fought",2597
Act IV,Scene VIII,Mark Antony,"Not as you served the cause, but as 't had been",2598
Act IV,Scene VIII,Mark Antony,Each man's like mine; you have shown all Hectors.,2599
Act IV,Scene VIII,Mark Antony,"Enter the city, clip your wives, your friends,",2600
Act IV,Scene VIII,Mark Antony,Tell them your feats; whilst they with joyful tears,2601
Act IV,Scene VIII,Mark Antony,"Wash the congealment from your wounds, and kiss",2602
Act IV,Scene VIII,Mark Antony,The honour'd gashes whole.,2603
Act IV,Scene VIII,[stage direction],To SCARUS,NA
Act IV,Scene VIII,Mark Antony,Give me thy hand,2604
Act IV,Scene VIII,[stage direction],"Enter CLEOPATRA, attended",NA
Act IV,Scene VIII,Mark Antony,"To this great fairy I'll commend thy acts,",2605
Act IV,Scene VIII,Mark Antony,Make her thanks bless thee.,2606
Act IV,Scene VIII,[stage direction],To CLEOPATRA,NA
Act IV,Scene VIII,Mark Antony,"O thou day o' the world,",2607
Act IV,Scene VIII,Mark Antony,"Chain mine arm'd neck; leap thou, attire and all,",2608
Act IV,Scene VIII,Mark Antony,"Through proof of harness to my heart, and there",2609
Act IV,Scene VIII,Mark Antony,Ride on the pants triumphing!,2610
Act IV,Scene VIII,Cleopatra,Lord of lords!,2611
Act IV,Scene VIII,Cleopatra,"O infinite virtue, comest thou smiling from",2612
Act IV,Scene VIII,Cleopatra,The world's great snare uncaught?,2613
Act IV,Scene VIII,Mark Antony,"My nightingale,",2614
Act IV,Scene VIII,Mark Antony,"We have beat them to their beds. What, girl!",2615
Act IV,Scene VIII,Mark Antony,though grey,2616
Act IV,Scene VIII,Mark Antony,"Do something mingle with our younger brown, yet ha' we",2617
Act IV,Scene VIII,Mark Antony,"A brain that nourishes our nerves, and can",2618
Act IV,Scene VIII,Mark Antony,Get goal for goal of youth. Behold this man;,2619
Act IV,Scene VIII,Mark Antony,Commend unto his lips thy favouring hand:,2620
Act IV,Scene VIII,Mark Antony,"Kiss it, my warrior: he hath fought to-day",2621
Act IV,Scene VIII,Mark Antony,"As if a god, in hate of mankind, had",2622
Act IV,Scene VIII,Mark Antony,Destroy'd in such a shape.,2623
Act IV,Scene VIII,Cleopatra,"I'll give thee, friend,",2624
Act IV,Scene VIII,Cleopatra,An armour all of gold; it was a king's.,2625
Act IV,Scene VIII,Mark Antony,"He has deserved it, were it carbuncled",2626
Act IV,Scene VIII,Mark Antony,Like holy Phoebus' car. Give me thy hand:,2627
Act IV,Scene VIII,Mark Antony,Through Alexandria make a jolly march;,2628
Act IV,Scene VIII,Mark Antony,Bear our hack'd targets like the men that owe them:,2629
Act IV,Scene VIII,Mark Antony,Had our great palace the capacity,2630
Act IV,Scene VIII,Mark Antony,"To camp this host, we all would sup together,",2631
Act IV,Scene VIII,Mark Antony,"And drink carouses to the next day's fate,",2632
Act IV,Scene VIII,Mark Antony,"Which promises royal peril. Trumpeters,",2633
Act IV,Scene VIII,Mark Antony,With brazen din blast you the city's ear;,2634
Act IV,Scene VIII,Mark Antony,Make mingle with rattling tabourines;,2635
Act IV,Scene VIII,Mark Antony,"That heaven and earth may strike their sounds together,",2636
Act IV,Scene VIII,Mark Antony,Applauding our approach.,2637
Act IV,Scene VIII,[stage direction],Exeunt,NA
Act IV,Scene IX,[stage direction],Sentinels at their post,NA
Act IV,Scene IX,First Soldier,"If we be not relieved within this hour,",2638
Act IV,Scene IX,First Soldier,We must return to the court of guard: the night,2639
Act IV,Scene IX,First Soldier,Is shiny; and they say we shall embattle,2640
Act IV,Scene IX,First Soldier,By the second hour i' the morn.,2641
Act IV,Scene IX,Second Soldier,This last day was,2642
Act IV,Scene IX,Second Soldier,A shrewd one to's.,2643
Act IV,Scene IX,[stage direction],Enter DOMITIUS ENOBARBUS,NA
Act IV,Scene IX,Domitius Enobarbus,"O, bear me witness, night,--",2644
Act IV,Scene IX,Third Soldier,What man is this?,2645
Act IV,Scene IX,Second Soldier,"Stand close, and list him.",2646
Act IV,Scene IX,Domitius Enobarbus,"Be witness to me, O thou blessed moon,",2647
Act IV,Scene IX,Domitius Enobarbus,When men revolted shall upon record,2648
Act IV,Scene IX,Domitius Enobarbus,"Bear hateful memory, poor Enobarbus did",2649
Act IV,Scene IX,Domitius Enobarbus,Before thy face repent!,2650
Act IV,Scene IX,First Soldier,Enobarbus!,2651
Act IV,Scene IX,Third Soldier,Peace!,2652
Act IV,Scene IX,Third Soldier,Hark further.,2653
Act IV,Scene IX,Domitius Enobarbus,"O sovereign mistress of true melancholy,",2654
Act IV,Scene IX,Domitius Enobarbus,"The poisonous damp of night disponge upon me,",2655
Act IV,Scene IX,Domitius Enobarbus,"That life, a very rebel to my will,",2656
Act IV,Scene IX,Domitius Enobarbus,May hang no longer on me: throw my heart,2657
Act IV,Scene IX,Domitius Enobarbus,Against the flint and hardness of my fault:,2658
Act IV,Scene IX,Domitius Enobarbus,"Which, being dried with grief, will break to powder,",2659
Act IV,Scene IX,Domitius Enobarbus,"And finish all foul thoughts. O Antony,",2660
Act IV,Scene IX,Domitius Enobarbus,"Nobler than my revolt is infamous,",2661
Act IV,Scene IX,Domitius Enobarbus,Forgive me in thine own particular;,2662
Act IV,Scene IX,Domitius Enobarbus,But let the world rank me in register,2663
Act IV,Scene IX,Domitius Enobarbus,A master-leaver and a fugitive:,2664
Act IV,Scene IX,Domitius Enobarbus,O Antony! O Antony!,2665
Act IV,Scene IX,[stage direction],Dies,NA
Act IV,Scene IX,Second Soldier,Let's speak To him.,2666
Act IV,Scene IX,First Soldier,"Let's hear him, for the things he speaks",2667
Act IV,Scene IX,First Soldier,May concern Caesar.,2668
Act IV,Scene IX,Third Soldier,Let's do so. But he sleeps.,2669
Act IV,Scene IX,First Soldier,Swoons rather; for so bad a prayer as his,2670
Act IV,Scene IX,First Soldier,Was never yet for sleep.,2671
Act IV,Scene IX,Second Soldier,Go we to him.,2672
Act IV,Scene IX,Third Soldier,"Awake, sir, awake; speak to us.",2673
Act IV,Scene IX,Second Soldier,"Hear you, sir?",2674
Act IV,Scene IX,First Soldier,The hand of death hath raught him.,2675
Act IV,Scene IX,[stage direction],Drums afar off,NA
Act IV,Scene IX,First Soldier,Hark! the drums,2676
Act IV,Scene IX,First Soldier,Demurely wake the sleepers. Let us bear him,2677
Act IV,Scene IX,First Soldier,To the court of guard; he is of note: our hour,2678
Act IV,Scene IX,First Soldier,Is fully out.,2679
Act IV,Scene IX,Third Soldier,"Come on, then;",2680
Act IV,Scene IX,Third Soldier,He may recover yet.,2681
Act IV,Scene IX,[stage direction],Exeunt with the body,NA
Act IV,Scene X,[stage direction],"Enter MARK ANTONY and SCARUS, with their Army",NA
Act IV,Scene X,Mark Antony,Their preparation is to-day by sea;,2682
Act IV,Scene X,Mark Antony,We please them not by land.,2683
Act IV,Scene X,Scarus,"For both, my lord.",2684
Act IV,Scene X,Mark Antony,I would they'ld fight i' the fire or i' the air;,2685
Act IV,Scene X,Mark Antony,We'ld fight there too. But this it is; our foot,2686
Act IV,Scene X,Mark Antony,Upon the hills adjoining to the city,2687
Act IV,Scene X,Mark Antony,Shall stay with us: order for sea is given;,2688
Act IV,Scene X,Mark Antony,They have put forth the haven,2689
Act IV,Scene X,Mark Antony,"Where their appointment we may best discover,",2690
Act IV,Scene X,Mark Antony,And look on their endeavour.,2691
Act IV,Scene X,[stage direction],Exeunt,NA
Act IV,Scene XI,[stage direction],"Enter OCTAVIUS CAESAR, and his Army",NA
Act IV,Scene XI,Octavius Caesar,"But being charged, we will be still by land,",2692
Act IV,Scene XI,Octavius Caesar,"Which, as I take't, we shall; for his best force",2693
Act IV,Scene XI,Octavius Caesar,"Is forth to man his galleys. To the vales,",2694
Act IV,Scene XI,Octavius Caesar,And hold our best advantage.,2695
Act IV,Scene XI,[stage direction],Exeunt,NA
Act IV,Scene XII,[stage direction],Enter MARK ANTONY and SCARUS,NA
Act IV,Scene XII,Mark Antony,Yet they are not join'd: where yond pine,2696
Act IV,Scene XII,Mark Antony,"does stand,",2697
Act IV,Scene XII,Mark Antony,I shall discover all: I'll bring thee word,2698
Act IV,Scene XII,Mark Antony,"Straight, how 'tis like to go.",2699
Act IV,Scene XII,[stage direction],Exit,NA
Act IV,Scene XII,Scarus,Swallows have built,2700
Act IV,Scene XII,Scarus,In Cleopatra's sails their nests: the augurers,2701
Act IV,Scene XII,Scarus,"Say they know not, they cannot tell; look grimly,",2702
Act IV,Scene XII,Scarus,And dare not speak their knowledge. Antony,2703
Act IV,Scene XII,Scarus,"Is valiant, and dejected; and, by starts,",2704
Act IV,Scene XII,Scarus,"His fretted fortunes give him hope, and fear,",2705
Act IV,Scene XII,Scarus,"Of what he has, and has not.",2706
Act IV,Scene XII,[stage direction],"Alarum afar off, as at a sea-fight",NA
Act IV,Scene XII,[stage direction],Re-enter MARK ANTONY,NA
Act IV,Scene XII,Mark Antony,All is lost;,2707
Act IV,Scene XII,Mark Antony,This foul Egyptian hath betrayed me:,2708
Act IV,Scene XII,Mark Antony,My fleet hath yielded to the foe; and yonder,2709
Act IV,Scene XII,Mark Antony,They cast their caps up and carouse together,2710
Act IV,Scene XII,Mark Antony,Like friends long lost. Triple-turn'd whore!,2711
Act IV,Scene XII,Mark Antony,'tis thou,2712
Act IV,Scene XII,Mark Antony,Hast sold me to this novice; and my heart,2713
Act IV,Scene XII,Mark Antony,Makes only wars on thee. Bid them all fly;,2714
Act IV,Scene XII,Mark Antony,"For when I am revenged upon my charm,",2715
Act IV,Scene XII,Mark Antony,I have done all. Bid them all fly; begone.,2716
Act IV,Scene XII,[stage direction],Exit SCARUS,NA
Act IV,Scene XII,Mark Antony,"O sun, thy uprise shall I see no more:",2717
Act IV,Scene XII,Mark Antony,Fortune and Antony part here; even here,2718
Act IV,Scene XII,Mark Antony,Do we shake hands. All come to this? The hearts,2719
Act IV,Scene XII,Mark Antony,"That spaniel'd me at heels, to whom I gave",2720
Act IV,Scene XII,Mark Antony,"Their wishes, do discandy, melt their sweets",2721
Act IV,Scene XII,Mark Antony,"On blossoming Caesar; and this pine is bark'd,",2722
Act IV,Scene XII,Mark Antony,That overtopp'd them all. Betray'd I am:,2723
Act IV,Scene XII,Mark Antony,"O this false soul of Egypt! this grave charm,--",2724
Act IV,Scene XII,Mark Antony,"Whose eye beck'd forth my wars, and call'd them home;",2725
Act IV,Scene XII,Mark Antony,"Whose bosom was my crownet, my chief end,--",2726
Act IV,Scene XII,Mark Antony,"Like a right gipsy, hath, at fast and loose,",2727
Act IV,Scene XII,Mark Antony,Beguiled me to the very heart of loss.,2728
Act IV,Scene XII,Mark Antony,"What, Eros, Eros!",2729
Act IV,Scene XII,[stage direction],Enter CLEOPATRA,NA
Act IV,Scene XII,Mark Antony,"Ah, thou spell! Avaunt!",2730
Act IV,Scene XII,Cleopatra,Why is my lord enraged against his love?,2731
Act IV,Scene XII,Mark Antony,"Vanish, or I shall give thee thy deserving,",2732
Act IV,Scene XII,Mark Antony,"And blemish Caesar's triumph. Let him take thee,",2733
Act IV,Scene XII,Mark Antony,And hoist thee up to the shouting plebeians:,2734
Act IV,Scene XII,Mark Antony,"Follow his chariot, like the greatest spot",2735
Act IV,Scene XII,Mark Antony,"Of all thy sex; most monster-like, be shown",2736
Act IV,Scene XII,Mark Antony,"For poor'st diminutives, for doits; and let",2737
Act IV,Scene XII,Mark Antony,Patient Octavia plough thy visage up,2738
Act IV,Scene XII,Mark Antony,With her prepared nails.,2739
Act IV,Scene XII,[stage direction],Exit CLEOPATRA,NA
Act IV,Scene XII,Mark Antony,"'Tis well thou'rt gone,",2740
Act IV,Scene XII,Mark Antony,If it be well to live; but better 'twere,2741
Act IV,Scene XII,Mark Antony,"Thou fell'st into my fury, for one death",2742
Act IV,Scene XII,Mark Antony,"Might have prevented many. Eros, ho!",2743
Act IV,Scene XII,Mark Antony,"The shirt of Nessus is upon me: teach me,",2744
Act IV,Scene XII,Mark Antony,"Alcides, thou mine ancestor, thy rage:",2745
Act IV,Scene XII,Mark Antony,Let me lodge Lichas on the horns o' the moon;,2746
Act IV,Scene XII,Mark Antony,"And with those hands, that grasp'd the heaviest club,",2747
Act IV,Scene XII,Mark Antony,Subdue my worthiest self. The witch shall die:,2748
Act IV,Scene XII,Mark Antony,"To the young Roman boy she hath sold me, and I fall",2749
Act IV,Scene XII,Mark Antony,"Under this plot; she dies for't. Eros, ho!",2750
Act IV,Scene XII,[stage direction],Exit,NA
Act IV,Scene XIII,[stage direction],"Enter CLEOPATRA, CHARMIAN, IRAS, and MARDIAN",NA
Act IV,Scene XIII,Cleopatra,"Help me, my women! O, he is more mad",2751
Act IV,Scene XIII,Cleopatra,Than Telamon for his shield; the boar of Thessaly,2752
Act IV,Scene XIII,Cleopatra,Was never so emboss'd.,2753
Act IV,Scene XIII,Charmian,To the monument!,2754
Act IV,Scene XIII,Charmian,"There lock yourself, and send him word you are dead.",2755
Act IV,Scene XIII,Charmian,The soul and body rive not more in parting,2756
Act IV,Scene XIII,Charmian,Than greatness going off.,2757
Act IV,Scene XIII,Cleopatra,To the monument!,2758
Act IV,Scene XIII,Cleopatra,"Mardian, go tell him I have slain myself;",2759
Act IV,Scene XIII,Cleopatra,"Say, that the last I spoke was 'Antony,'",2760
Act IV,Scene XIII,Cleopatra,"And word it, prithee, piteously: hence, Mardian,",2761
Act IV,Scene XIII,Cleopatra,And bring me how he takes my death.,2762
Act IV,Scene XIII,Cleopatra,To the monument!,2763
Act IV,Scene XIII,[stage direction],Exeunt,NA
Act IV,Scene XIV,[stage direction],Enter MARK ANTONY and EROS,NA
Act IV,Scene XIV,Mark Antony,"Eros, thou yet behold'st me?",2764
Act IV,Scene XIV,Eros,"Ay, noble lord.",2765
Act IV,Scene XIV,Mark Antony,Sometimes we see a cloud that's dragonish;,2766
Act IV,Scene XIV,Mark Antony,"A vapour sometime like a bear or lion,",2767
Act IV,Scene XIV,Mark Antony,"A tower'd citadel, a pendent rock,",2768
Act IV,Scene XIV,Mark Antony,"A forked mountain, or blue promontory",2769
Act IV,Scene XIV,Mark Antony,"With trees upon't, that nod unto the world,",2770
Act IV,Scene XIV,Mark Antony,And mock our eyes with air: thou hast seen,2771
Act IV,Scene XIV,Mark Antony,these signs;,2772
Act IV,Scene XIV,Mark Antony,They are black vesper's pageants.,2773
Act IV,Scene XIV,Eros,"Ay, my lord,",2774
Act IV,Scene XIV,Mark Antony,"That which is now a horse, even with a thought",2775
Act IV,Scene XIV,Mark Antony,"The rack dislimns, and makes it indistinct,",2776
Act IV,Scene XIV,Mark Antony,As water is in water.,2777
Act IV,Scene XIV,Eros,"It does, my lord.",2778
Act IV,Scene XIV,Mark Antony,"My good knave Eros, now thy captain is",2779
Act IV,Scene XIV,Mark Antony,Even such a body: here I am Antony:,2780
Act IV,Scene XIV,Mark Antony,"Yet cannot hold this visible shape, my knave.",2781
Act IV,Scene XIV,Mark Antony,"I made these wars for Egypt: and the queen,--",2782
Act IV,Scene XIV,Mark Antony,"Whose heart I thought I had, for she had mine;",2783
Act IV,Scene XIV,Mark Antony,Which whilst it was mine had annex'd unto't,2784
Act IV,Scene XIV,Mark Antony,"A million more, now lost,--she, Eros, has",2785
Act IV,Scene XIV,Mark Antony,"Pack'd cards with Caesar, and false-play'd my glory",2786
Act IV,Scene XIV,Mark Antony,Unto an enemy's triumph.,2787
Act IV,Scene XIV,Mark Antony,"Nay, weep not, gentle Eros; there is left us",2788
Act IV,Scene XIV,Mark Antony,Ourselves to end ourselves.,2789
Act IV,Scene XIV,[stage direction],Enter MARDIAN,NA
Act IV,Scene XIV,Mark Antony,O! thy vile lady!,2790
Act IV,Scene XIV,Mark Antony,She has robb'd me of my sword.,2791
Act IV,Scene XIV,Mardian,"No, Antony;",2792
Act IV,Scene XIV,Mardian,"My mistress loved thee, and her fortunes mingled",2793
Act IV,Scene XIV,Mardian,With thine entirely.,2794
Act IV,Scene XIV,Mark Antony,"Hence, saucy eunuch; peace!",2795
Act IV,Scene XIV,Mark Antony,She hath betray'd me and shall die the death.,2796
Act IV,Scene XIV,Mardian,"Death of one person can be paid but once,",2797
Act IV,Scene XIV,Mardian,And that she has discharged: what thou wouldst do,2798
Act IV,Scene XIV,Mardian,Is done unto thy hand: the last she spake,2799
Act IV,Scene XIV,Mardian,Was 'Antony! most noble Antony!',2800
Act IV,Scene XIV,Mardian,Then in the midst a tearing groan did break,2801
Act IV,Scene XIV,Mardian,The name of Antony; it was divided,2802
Act IV,Scene XIV,Mardian,"Between her heart and lips: she render'd life,",2803
Act IV,Scene XIV,Mardian,Thy name so buried in her.,2804
Act IV,Scene XIV,Mark Antony,"Dead, then?",2805
Act IV,Scene XIV,Mardian,Dead.,2806
Act IV,Scene XIV,Mark Antony,"Unarm, Eros; the long day's task is done,",2807
Act IV,Scene XIV,Mark Antony,And we must sleep.,2808
Act IV,Scene XIV,[stage direction],To MARDIAN,NA
Act IV,Scene XIV,Mark Antony,"That thou depart'st hence safe,",2809
Act IV,Scene XIV,Mark Antony,Does pay thy labour richly; go.,2810
Act IV,Scene XIV,[stage direction],Exit MARDIAN,NA
Act IV,Scene XIV,Mark Antony,"Off, pluck off:",2811
Act IV,Scene XIV,Mark Antony,The seven-fold shield of Ajax cannot keep,2812
Act IV,Scene XIV,Mark Antony,"The battery from my heart. O, cleave, my sides!",2813
Act IV,Scene XIV,Mark Antony,"Heart, once be stronger than thy continent,",2814
Act IV,Scene XIV,Mark Antony,"Crack thy frail case! Apace, Eros, apace.",2815
Act IV,Scene XIV,Mark Antony,"No more a soldier: bruised pieces, go;",2816
Act IV,Scene XIV,Mark Antony,You have been nobly borne. From me awhile.,2817
Act IV,Scene XIV,[stage direction],Exit EROS,NA
Act IV,Scene XIV,Mark Antony,"I will o'ertake thee, Cleopatra, and",2818
Act IV,Scene XIV,Mark Antony,"Weep for my pardon. So it must be, for now",2819
Act IV,Scene XIV,Mark Antony,"All length is torture: since the torch is out,",2820
Act IV,Scene XIV,Mark Antony,"Lie down, and stray no farther: now all labour",2821
Act IV,Scene XIV,Mark Antony,"Mars what it does; yea, very force entangles",2822
Act IV,Scene XIV,Mark Antony,"Itself with strength: seal then, and all is done.",2823
Act IV,Scene XIV,Mark Antony,"Eros!--I come, my queen:--Eros!--Stay for me:",2824
Act IV,Scene XIV,Mark Antony,"Where souls do couch on flowers, we'll hand in hand,",2825
Act IV,Scene XIV,Mark Antony,And with our sprightly port make the ghosts gaze:,2826
Act IV,Scene XIV,Mark Antony,"Dido and her AEneas shall want troops,",2827
Act IV,Scene XIV,Mark Antony,"And all the haunt be ours. Come, Eros, Eros!",2828
Act IV,Scene XIV,[stage direction],Re-enter EROS,NA
Act IV,Scene XIV,Eros,What would my lord?,2829
Act IV,Scene XIV,Mark Antony,"Since Cleopatra died,",2830
Act IV,Scene XIV,Mark Antony,"I have lived in such dishonour, that the gods",2831
Act IV,Scene XIV,Mark Antony,"Detest my baseness. I, that with my sword",2832
Act IV,Scene XIV,Mark Antony,"Quarter'd the world, and o'er green Neptune's back",2833
Act IV,Scene XIV,Mark Antony,"With ships made cities, condemn myself to lack",2834
Act IV,Scene XIV,Mark Antony,The courage of a woman; less noble mind,2835
Act IV,Scene XIV,Mark Antony,Than she which by her death our Caesar tells,2836
Act IV,Scene XIV,Mark Antony,"'I am conqueror of myself.' Thou art sworn, Eros,",2837
Act IV,Scene XIV,Mark Antony,"That, when the exigent should come, which now",2838
Act IV,Scene XIV,Mark Antony,"Is come indeed, when I should see behind me",2839
Act IV,Scene XIV,Mark Antony,The inevitable prosecution of,2840
Act IV,Scene XIV,Mark Antony,"Disgrace and horror, that, on my command,",2841
Act IV,Scene XIV,Mark Antony,Thou then wouldst kill me: do't; the time is come:,2842
Act IV,Scene XIV,Mark Antony,"Thou strikest not me, 'tis Caesar thou defeat'st.",2843
Act IV,Scene XIV,Mark Antony,Put colour in thy cheek.,2844
Act IV,Scene XIV,Eros,The gods withhold me!,2845
Act IV,Scene XIV,Eros,"Shall I do that which all the Parthian darts,",2846
Act IV,Scene XIV,Eros,"Though enemy, lost aim, and could not?",2847
Act IV,Scene XIV,Mark Antony,"Eros,",2848
Act IV,Scene XIV,Mark Antony,Wouldst thou be window'd in great Rome and see,2849
Act IV,Scene XIV,Mark Antony,"Thy master thus with pleach'd arms, bending down",2850
Act IV,Scene XIV,Mark Antony,"His corrigible neck, his face subdued",2851
Act IV,Scene XIV,Mark Antony,"To penetrative shame, whilst the wheel'd seat",2852
Act IV,Scene XIV,Mark Antony,"Of fortunate Caesar, drawn before him, branded",2853
Act IV,Scene XIV,Mark Antony,His baseness that ensued?,2854
Act IV,Scene XIV,Eros,I would not see't.,2855
Act IV,Scene XIV,Mark Antony,"Come, then; for with a wound I must be cured.",2856
Act IV,Scene XIV,Mark Antony,"Draw that thy honest sword, which thou hast worn",2857
Act IV,Scene XIV,Mark Antony,Most useful for thy country.,2858
Act IV,Scene XIV,Eros,"O, sir, pardon me!",2859
Act IV,Scene XIV,Mark Antony,"When I did make thee free, sworest thou not then",2860
Act IV,Scene XIV,Mark Antony,To do this when I bade thee? Do it at once;,2861
Act IV,Scene XIV,Mark Antony,Or thy precedent services are all,2862
Act IV,Scene XIV,Mark Antony,"But accidents unpurposed. Draw, and come.",2863
Act IV,Scene XIV,Eros,"Turn from me, then, that noble countenance,",2864
Act IV,Scene XIV,Eros,Wherein the worship of the whole world lies.,2865
Act IV,Scene XIV,Mark Antony,Lo thee!,2866
Act IV,Scene XIV,[stage direction],Turning from him,NA
Act IV,Scene XIV,Eros,My sword is drawn.,2867
Act IV,Scene XIV,Mark Antony,Then let it do at once,2868
Act IV,Scene XIV,Mark Antony,The thing why thou hast drawn it.,2869
Act IV,Scene XIV,Eros,"My dear master,",2870
Act IV,Scene XIV,Eros,"My captain, and my emperor, let me say,",2871
Act IV,Scene XIV,Eros,"Before I strike this bloody stroke, farewell.",2872
Act IV,Scene XIV,Mark Antony,"'Tis said, man; and farewell.",2873
Act IV,Scene XIV,Eros,"Farewell, great chief. Shall I strike now?",2874
Act IV,Scene XIV,Mark Antony,"Now, Eros.",2875
Act IV,Scene XIV,Eros,"Why, there then: thus I do escape the sorrow",2876
Act IV,Scene XIV,Eros,Of Antony's death.,2877
Act IV,Scene XIV,[stage direction],Kills himself,NA
Act IV,Scene XIV,Mark Antony,Thrice-nobler than myself!,2878
Act IV,Scene XIV,Mark Antony,"Thou teachest me, O valiant Eros, what",2879
Act IV,Scene XIV,Mark Antony,"I should, and thou couldst not. My queen and Eros",2880
Act IV,Scene XIV,Mark Antony,Have by their brave instruction got upon me,2881
Act IV,Scene XIV,Mark Antony,A nobleness in record: but I will be,2882
Act IV,Scene XIV,Mark Antony,"A bridegroom in my death, and run into't",2883
Act IV,Scene XIV,Mark Antony,"As to a lover's bed. Come, then; and, Eros,",2884
Act IV,Scene XIV,Mark Antony,Thy master dies thy scholar: to do thus,2885
Act IV,Scene XIV,[stage direction],Falling on his sword,NA
Act IV,Scene XIV,Mark Antony,I learn'd of thee. How! not dead? not dead?,2886
Act IV,Scene XIV,Mark Antony,"The guard, ho! O, dispatch me!",2887
Act IV,Scene XIV,[stage direction],Enter DERCETAS and Guard,NA
Act IV,Scene XIV,First Guard,What's the noise?,2888
Act IV,Scene XIV,Mark Antony,"I have done my work in, friends: O, make an end",2889
Act IV,Scene XIV,Mark Antony,Of what I have begun.,2890
Act IV,Scene XIV,Second Guard,The star is fall'n.,2891
Act IV,Scene XIV,First Guard,And time is at his period.,2892
Act IV,Scene XIV,All,"Alas, and woe!",2893
Act IV,Scene XIV,Mark Antony,Let him that loves me strike me dead.,2894
Act IV,Scene XIV,First Guard,Not I.,2895
Act IV,Scene XIV,Second Guard,Nor I.,2896
Act IV,Scene XIV,Third Guard,Nor any one.,2897
Act IV,Scene XIV,[stage direction],Exeunt Guard,NA
Act IV,Scene XIV,Dercetas,Thy death and fortunes bid thy followers fly.,2898
Act IV,Scene XIV,Dercetas,"This sword but shown to Caesar, with this tidings,",2899
Act IV,Scene XIV,Dercetas,Shall enter me with him.,2900
Act IV,Scene XIV,[stage direction],Enter DIOMEDES,NA
Act IV,Scene XIV,Diomedes,Where's Antony?,2901
Act IV,Scene XIV,Dercetas,"There, Diomed there.",2902
Act IV,Scene XIV,Diomedes,Lives he?,2903
Act IV,Scene XIV,Diomedes,"Wilt thou not answer, man?",2904
Act IV,Scene XIV,[stage direction],Exit DERCETAS,NA
Act IV,Scene XIV,Mark Antony,"Art thou there, Diomed? Draw thy sword, and give me",2905
Act IV,Scene XIV,Mark Antony,Sufficing strokes for death.,2906
Act IV,Scene XIV,Diomedes,"Most absolute lord,",2907
Act IV,Scene XIV,Diomedes,My mistress Cleopatra sent me to thee.,2908
Act IV,Scene XIV,Mark Antony,When did she send thee?,2909
Act IV,Scene XIV,Diomedes,"Now, my lord.",2910
Act IV,Scene XIV,Mark Antony,Where is she?,2911
Act IV,Scene XIV,Diomedes,Lock'd in her monument. She had a prophesying fear,2912
Act IV,Scene XIV,Diomedes,Of what hath come to pass: for when she saw--,2913
Act IV,Scene XIV,Diomedes,Which never shall be found--you did suspect,2914
Act IV,Scene XIV,Diomedes,"She had disposed with Caesar, and that your rage",2915
Act IV,Scene XIV,Diomedes,"Would not be purged, she sent you word she was dead;",2916
Act IV,Scene XIV,Diomedes,"But, fearing since how it might work, hath sent",2917
Act IV,Scene XIV,Diomedes,"Me to proclaim the truth; and I am come,",2918
Act IV,Scene XIV,Diomedes,"I dread, too late.",2919
Act IV,Scene XIV,Mark Antony,"Too late, good Diomed: call my guard, I prithee.",2920
Act IV,Scene XIV,Diomedes,"What, ho, the emperor's guard! The guard, what, ho!",2921
Act IV,Scene XIV,Diomedes,"Come, your lord calls!",2922
Act IV,Scene XIV,[stage direction],Enter four or five of the Guard of MARK ANTONY,NA
Act IV,Scene XIV,Mark Antony,"Bear me, good friends, where Cleopatra bides;",2923
Act IV,Scene XIV,Mark Antony,'Tis the last service that I shall command you.,2924
Act IV,Scene XIV,First Guard,"Woe, woe are we, sir, you may not live to wear",2925
Act IV,Scene XIV,First Guard,All your true followers out.,2926
Act IV,Scene XIV,All,Most heavy day!,2927
Act IV,Scene XIV,Mark Antony,"Nay, good my fellows, do not please sharp fate",2928
Act IV,Scene XIV,Mark Antony,To grace it with your sorrows: bid that welcome,2929
Act IV,Scene XIV,Mark Antony,"Which comes to punish us, and we punish it",2930
Act IV,Scene XIV,Mark Antony,Seeming to bear it lightly. Take me up:,2931
Act IV,Scene XIV,Mark Antony,"I have led you oft: carry me now, good friends,",2932
Act IV,Scene XIV,Mark Antony,And have my thanks for all.,2933
Act IV,Scene XIV,[stage direction],"Exeunt, bearing MARK ANTONY",NA
Act IV,Scene XV,[stage direction],"Enter CLEOPATRA and her maids aloft, with CHARMIAN and IRAS",NA
Act IV,Scene XV,Cleopatra,"O Charmian, I will never go from hence.",2934
Act IV,Scene XV,Charmian,"Be comforted, dear madam.",2935
Act IV,Scene XV,Cleopatra,"No, I will not:",2936
Act IV,Scene XV,Cleopatra,"All strange and terrible events are welcome,",2937
Act IV,Scene XV,Cleopatra,"But comforts we despise; our size of sorrow,",2938
Act IV,Scene XV,Cleopatra,"Proportion'd to our cause, must be as great",2939
Act IV,Scene XV,Cleopatra,As that which makes it.,2940
Act IV,Scene XV,[stage direction],"Enter, below, DIOMEDES",NA
Act IV,Scene XV,Cleopatra,How now! is he dead?,2941
Act IV,Scene XV,Diomedes,"His death's upon him, but not dead.",2942
Act IV,Scene XV,Diomedes,Look out o' the other side your monument;,2943
Act IV,Scene XV,Diomedes,His guard have brought him thither.,2944
Act IV,Scene XV,[stage direction],"Enter, below, MARK ANTONY, borne by the Guard",NA
Act IV,Scene XV,Cleopatra,"O sun,",2945
Act IV,Scene XV,Cleopatra,Burn the great sphere thou movest in!,2946
Act IV,Scene XV,Cleopatra,darkling stand,2947
Act IV,Scene XV,Cleopatra,"The varying shore o' the world. O Antony,",2948
Act IV,Scene XV,Cleopatra,"Antony, Antony! Help, Charmian, help, Iras, help;",2949
Act IV,Scene XV,Cleopatra,"Help, friends below; let's draw him hither.",2950
Act IV,Scene XV,Mark Antony,Peace!,2951
Act IV,Scene XV,Mark Antony,"Not Caesar's valour hath o'erthrown Antony,",2952
Act IV,Scene XV,Mark Antony,But Antony's hath triumph'd on itself.,2953
Act IV,Scene XV,Cleopatra,"So it should be, that none but Antony",2954
Act IV,Scene XV,Cleopatra,Should conquer Antony; but woe 'tis so!,2955
Act IV,Scene XV,Mark Antony,"I am dying, Egypt, dying; only",2956
Act IV,Scene XV,Mark Antony,"I here importune death awhile, until",2957
Act IV,Scene XV,Mark Antony,Of many thousand kisses the poor last,2958
Act IV,Scene XV,Mark Antony,I lay up thy lips.,2959
Act IV,Scene XV,Cleopatra,"I dare not, dear,--",2960
Act IV,Scene XV,Cleopatra,"Dear my lord, pardon,--I dare not,",2961
Act IV,Scene XV,Cleopatra,Lest I be taken: not the imperious show,2962
Act IV,Scene XV,Cleopatra,Of the full-fortuned Caesar ever shall,2963
Act IV,Scene XV,Cleopatra,"Be brooch'd with me; if knife, drugs,",2964
Act IV,Scene XV,Cleopatra,"serpents, have",2965
Act IV,Scene XV,Cleopatra,"Edge, sting, or operation, I am safe:",2966
Act IV,Scene XV,Cleopatra,"Your wife Octavia, with her modest eyes",2967
Act IV,Scene XV,Cleopatra,"And still conclusion, shall acquire no honour",2968
Act IV,Scene XV,Cleopatra,"Demuring upon me. But come, come, Antony,--",2969
Act IV,Scene XV,Cleopatra,"Help me, my women,--we must draw thee up:",2970
Act IV,Scene XV,Cleopatra,"Assist, good friends.",2971
Act IV,Scene XV,Mark Antony,"O, quick, or I am gone.",2972
Act IV,Scene XV,Cleopatra,Here's sport indeed! How heavy weighs my lord!,2973
Act IV,Scene XV,Cleopatra,"Our strength is all gone into heaviness,",2974
Act IV,Scene XV,Cleopatra,"That makes the weight: had I great Juno's power,",2975
Act IV,Scene XV,Cleopatra,"The strong-wing'd Mercury should fetch thee up,",2976
Act IV,Scene XV,Cleopatra,"And set thee by Jove's side. Yet come a little,--",2977
Act IV,Scene XV,Cleopatra,"Wishes were ever fools,--O, come, come, come;",2978
Act IV,Scene XV,[stage direction],They heave MARK ANTONY aloft to CLEOPATRA,NA
Act IV,Scene XV,Cleopatra,"And welcome, welcome! die where thou hast lived:",2979
Act IV,Scene XV,Cleopatra,"Quicken with kissing: had my lips that power,",2980
Act IV,Scene XV,Cleopatra,Thus would I wear them out.,2981
Act IV,Scene XV,All,A heavy sight!,2982
Act IV,Scene XV,Mark Antony,"I am dying, Egypt, dying:",2983
Act IV,Scene XV,Mark Antony,"Give me some wine, and let me speak a little.",2984
Act IV,Scene XV,Cleopatra,"No, let me speak; and let me rail so high,",2985
Act IV,Scene XV,Cleopatra,"That the false housewife Fortune break her wheel,",2986
Act IV,Scene XV,Cleopatra,Provoked by my offence.,2987
Act IV,Scene XV,Mark Antony,"One word, sweet queen:",2988
Act IV,Scene XV,Mark Antony,"Of Caesar seek your honour, with your safety. O!",2989
Act IV,Scene XV,Cleopatra,They do not go together.,2990
Act IV,Scene XV,Mark Antony,"Gentle, hear me:",2991
Act IV,Scene XV,Mark Antony,None about Caesar trust but Proculeius.,2992
Act IV,Scene XV,Cleopatra,My resolution and my hands I'll trust;,2993
Act IV,Scene XV,Cleopatra,None about Caesar.,2994
Act IV,Scene XV,Mark Antony,The miserable change now at my end,2995
Act IV,Scene XV,Mark Antony,Lament nor sorrow at; but please your thoughts,2996
Act IV,Scene XV,Mark Antony,In feeding them with those my former fortunes,2997
Act IV,Scene XV,Mark Antony,"Wherein I lived, the greatest prince o' the world,",2998
Act IV,Scene XV,Mark Antony,"The noblest; and do now not basely die,",2999
Act IV,Scene XV,Mark Antony,Not cowardly put off my helmet to,3000
Act IV,Scene XV,Mark Antony,"My countryman,--a Roman by a Roman",3001
Act IV,Scene XV,Mark Antony,Valiantly vanquish'd. Now my spirit is going;,3002
Act IV,Scene XV,Mark Antony,I can no more.,3003
Act IV,Scene XV,Cleopatra,"Noblest of men, woo't die?",3004
Act IV,Scene XV,Cleopatra,Hast thou no care of me? shall I abide,3005
Act IV,Scene XV,Cleopatra,"In this dull world, which in thy absence is",3006
Act IV,Scene XV,Cleopatra,"No better than a sty? O, see, my women,",3007
Act IV,Scene XV,[stage direction],MARK ANTONY dies,NA
Act IV,Scene XV,Cleopatra,The crown o' the earth doth melt. My lord!,3008
Act IV,Scene XV,Cleopatra,"O, wither'd is the garland of the war,",3009
Act IV,Scene XV,Cleopatra,The soldier's pole is fall'n: young boys and girls,3010
Act IV,Scene XV,Cleopatra,"Are level now with men; the odds is gone,",3011
Act IV,Scene XV,Cleopatra,And there is nothing left remarkable,3012
Act IV,Scene XV,Cleopatra,Beneath the visiting moon.,3013
Act IV,Scene XV,[stage direction],Faints,NA
Act IV,Scene XV,Charmian,"O, quietness, lady!",3014
Act IV,Scene XV,Iras,"She is dead too, our sovereign.",3015
Act IV,Scene XV,Charmian,Lady!,3016
Act IV,Scene XV,Iras,Madam!,3017
Act IV,Scene XV,Charmian,"O madam, madam, madam!",3018
Act IV,Scene XV,Iras,"Royal Egypt, Empress!",3019
Act IV,Scene XV,Charmian,"Peace, peace, Iras!",3020
Act IV,Scene XV,Cleopatra,"No more, but e'en a woman, and commanded",3021
Act IV,Scene XV,Cleopatra,By such poor passion as the maid that milks,3022
Act IV,Scene XV,Cleopatra,And does the meanest chares. It were for me,3023
Act IV,Scene XV,Cleopatra,To throw my sceptre at the injurious gods;,3024
Act IV,Scene XV,Cleopatra,To tell them that this world did equal theirs,3025
Act IV,Scene XV,Cleopatra,Till they had stol'n our jewel. All's but naught;,3026
Act IV,Scene XV,Cleopatra,"Patience is scottish, and impatience does",3027
Act IV,Scene XV,Cleopatra,Become a dog that's mad: then is it sin,3028
Act IV,Scene XV,Cleopatra,"To rush into the secret house of death,",3029
Act IV,Scene XV,Cleopatra,"Ere death dare come to us? How do you, women?",3030
Act IV,Scene XV,Cleopatra,"What, what! good cheer! Why, how now, Charmian!",3031
Act IV,Scene XV,Cleopatra,"My noble girls! Ah, women, women, look,",3032
Act IV,Scene XV,Cleopatra,"Our lamp is spent, it's out! Good sirs, take heart:",3033
Act IV,Scene XV,Cleopatra,"We'll bury him; and then, what's brave,",3034
Act IV,Scene XV,Cleopatra,"what's noble,",3035
Act IV,Scene XV,Cleopatra,"Let's do it after the high Roman fashion,",3036
Act IV,Scene XV,Cleopatra,"And make death proud to take us. Come, away:",3037
Act IV,Scene XV,Cleopatra,This case of that huge spirit now is cold:,3038
Act IV,Scene XV,Cleopatra,"Ah, women, women! come; we have no friend",3039
Act IV,Scene XV,Cleopatra,"But resolution, and the briefest end.",3040
Act IV,Scene XV,[stage direction],Exeunt; those above bearing off MARK ANTONY's body,NA
Act V,Scene I,[stage direction],"Enter OCTAVIUS CAESAR, AGRIPPA, DOLABELLA, MECAENAS, GALLUS, PROCULEIUS, and others, his council of war",NA
Act V,Scene I,Octavius Caesar,"Go to him, Dolabella, bid him yield;",3041
Act V,Scene I,Octavius Caesar,"Being so frustrate, tell him he mocks",3042
Act V,Scene I,Octavius Caesar,The pauses that he makes.,3043
Act V,Scene I,Dolabella,"Caesar, I shall.",3044
Act V,Scene I,[stage direction],Exit,NA
Act V,Scene I,[stage direction],"Enter DERCETAS, with the sword of MARK ANTONY",NA
Act V,Scene I,Octavius Caesar,Wherefore is that? and what art thou that darest,3045
Act V,Scene I,Octavius Caesar,Appear thus to us?,3046
Act V,Scene I,Dercetas,I am call'd Dercetas;,3047
Act V,Scene I,Dercetas,"Mark Antony I served, who best was worthy",3048
Act V,Scene I,Dercetas,"Best to be served: whilst he stood up and spoke,",3049
Act V,Scene I,Dercetas,He was my master; and I wore my life,3050
Act V,Scene I,Dercetas,To spend upon his haters. If thou please,3051
Act V,Scene I,Dercetas,"To take me to thee, as I was to him",3052
Act V,Scene I,Dercetas,"I'll be to Caesar; if thou pleasest not,",3053
Act V,Scene I,Dercetas,I yield thee up my life.,3054
Act V,Scene I,Octavius Caesar,What is't thou say'st?,3055
Act V,Scene I,Dercetas,"I say, O Caesar, Antony is dead.",3056
Act V,Scene I,Octavius Caesar,The breaking of so great a thing should make,3057
Act V,Scene I,Octavius Caesar,A greater crack: the round world,3058
Act V,Scene I,Octavius Caesar,"Should have shook lions into civil streets,",3059
Act V,Scene I,Octavius Caesar,And citizens to their dens: the death of Antony,3060
Act V,Scene I,Octavius Caesar,Is not a single doom; in the name lay,3061
Act V,Scene I,Octavius Caesar,A moiety of the world.,3062
Act V,Scene I,Dercetas,"He is dead, Caesar:",3063
Act V,Scene I,Dercetas,"Not by a public minister of justice,",3064
Act V,Scene I,Dercetas,"Nor by a hired knife; but that self hand,",3065
Act V,Scene I,Dercetas,"Which writ his honour in the acts it did,",3066
Act V,Scene I,Dercetas,"Hath, with the courage which the heart did lend it,",3067
Act V,Scene I,Dercetas,Splitted the heart. This is his sword;,3068
Act V,Scene I,Dercetas,I robb'd his wound of it; behold it stain'd,3069
Act V,Scene I,Dercetas,With his most noble blood.,3070
Act V,Scene I,Octavius Caesar,"Look you sad, friends?",3071
Act V,Scene I,Octavius Caesar,"The gods rebuke me, but it is tidings",3072
Act V,Scene I,Octavius Caesar,To wash the eyes of kings.,3073
Act V,Scene I,Agrippa,"And strange it is,",3074
Act V,Scene I,Agrippa,That nature must compel us to lament,3075
Act V,Scene I,Agrippa,Our most persisted deeds.,3076
Act V,Scene I,Mecaenas,His taints and honours,3077
Act V,Scene I,Mecaenas,Waged equal with him.,3078
Act V,Scene I,Agrippa,A rarer spirit never,3079
Act V,Scene I,Agrippa,"Did steer humanity: but you, gods, will give us",3080
Act V,Scene I,Agrippa,Some faults to make us men. Caesar is touch'd.,3081
Act V,Scene I,Mecaenas,"When such a spacious mirror's set before him,",3082
Act V,Scene I,Mecaenas,He needs must see himself.,3083
Act V,Scene I,Octavius Caesar,O Antony!,3084
Act V,Scene I,Octavius Caesar,I have follow'd thee to this; but we do lance,3085
Act V,Scene I,Octavius Caesar,Diseases in our bodies: I must perforce,3086
Act V,Scene I,Octavius Caesar,"Have shown to thee such a declining day,",3087
Act V,Scene I,Octavius Caesar,Or look on thine; we could not stall together,3088
Act V,Scene I,Octavius Caesar,"In the whole world: but yet let me lament,",3089
Act V,Scene I,Octavius Caesar,"With tears as sovereign as the blood of hearts,",3090
Act V,Scene I,Octavius Caesar,"That thou, my brother, my competitor",3091
Act V,Scene I,Octavius Caesar,"In top of all design, my mate in empire,",3092
Act V,Scene I,Octavius Caesar,"Friend and companion in the front of war,",3093
Act V,Scene I,Octavius Caesar,"The arm of mine own body, and the heart",3094
Act V,Scene I,Octavius Caesar,"Where mine his thoughts did kindle,--that our stars,",3095
Act V,Scene I,Octavius Caesar,"Unreconciliable, should divide",3096
Act V,Scene I,Octavius Caesar,"Our equalness to this. Hear me, good friends--",3097
Act V,Scene I,Octavius Caesar,But I will tell you at some meeter season:,3098
Act V,Scene I,[stage direction],Enter an Egyptian,NA
Act V,Scene I,Octavius Caesar,The business of this man looks out of him;,3099
Act V,Scene I,Octavius Caesar,We'll hear him what he says. Whence are you?,3100
Act V,Scene I,Egyptian,"A poor Egyptian yet. The queen my mistress,",3101
Act V,Scene I,Egyptian,"Confined in all she has, her monument,",3102
Act V,Scene I,Egyptian,"Of thy intents desires instruction,",3103
Act V,Scene I,Egyptian,That she preparedly may frame herself,3104
Act V,Scene I,Egyptian,To the way she's forced to.,3105
Act V,Scene I,Octavius Caesar,Bid her have good heart:,3106
Act V,Scene I,Octavius Caesar,"She soon shall know of us, by some of ours,",3107
Act V,Scene I,Octavius Caesar,How honourable and how kindly we,3108
Act V,Scene I,Octavius Caesar,Determine for her; for Caesar cannot live,3109
Act V,Scene I,Octavius Caesar,To be ungentle.,3110
Act V,Scene I,Egyptian,So the gods preserve thee!,3111
Act V,Scene I,[stage direction],Exit,NA
Act V,Scene I,Octavius Caesar,"Come hither, Proculeius. Go and say,",3112
Act V,Scene I,Octavius Caesar,We purpose her no shame: give her what comforts,3113
Act V,Scene I,Octavius Caesar,"The quality of her passion shall require,",3114
Act V,Scene I,Octavius Caesar,"Lest, in her greatness, by some mortal stroke",3115
Act V,Scene I,Octavius Caesar,She do defeat us; for her life in Rome,3116
Act V,Scene I,Octavius Caesar,"Would be eternal in our triumph: go,",3117
Act V,Scene I,Octavius Caesar,"And with your speediest bring us what she says,",3118
Act V,Scene I,Octavius Caesar,And how you find of her.,3119
Act V,Scene I,Proculeius,"Caesar, I shall.",3120
Act V,Scene I,[stage direction],Exit,NA
Act V,Scene I,Octavius Caesar,"Gallus, go you along.",3121
Act V,Scene I,[stage direction],Exit GALLUS,NA
Act V,Scene I,Octavius Caesar,"Where's Dolabella,",3122
Act V,Scene I,Octavius Caesar,To second Proculeius?,3123
Act V,Scene I,All,Dolabella!,3124
Act V,Scene I,Octavius Caesar,"Let him alone, for I remember now",3125
Act V,Scene I,Octavius Caesar,How he's employ'd: he shall in time be ready.,3126
Act V,Scene I,Octavius Caesar,Go with me to my tent; where you shall see,3127
Act V,Scene I,Octavius Caesar,How hardly I was drawn into this war;,3128
Act V,Scene I,Octavius Caesar,How calm and gentle I proceeded still,3129
Act V,Scene I,Octavius Caesar,"In all my writings: go with me, and see",3130
Act V,Scene I,Octavius Caesar,What I can show in this.,3131
Act V,Scene I,[stage direction],Exeunt,NA
Act V,Scene II,[stage direction],"Enter CLEOPATRA, CHARMIAN, and IRAS",NA
Act V,Scene II,Cleopatra,My desolation does begin to make,3132
Act V,Scene II,Cleopatra,A better life. 'Tis paltry to be Caesar;,3133
Act V,Scene II,Cleopatra,"Not being Fortune, he's but Fortune's knave,",3134
Act V,Scene II,Cleopatra,A minister of her will: and it is great,3135
Act V,Scene II,Cleopatra,To do that thing that ends all other deeds;,3136
Act V,Scene II,Cleopatra,Which shackles accidents and bolts up change;,3137
Act V,Scene II,Cleopatra,"Which sleeps, and never palates more the dug,",3138
Act V,Scene II,Cleopatra,The beggar's nurse and Caesar's.,3139
Act V,Scene II,[stage direction],"Enter, to the gates of the monument, PROCULEIUS, GALLUS and Soldiers",NA
Act V,Scene II,Proculeius,Caesar sends greeting to the Queen of Egypt;,3140
Act V,Scene II,Proculeius,And bids thee study on what fair demands,3141
Act V,Scene II,Proculeius,Thou mean'st to have him grant thee.,3142
Act V,Scene II,Cleopatra,What's thy name?,3143
Act V,Scene II,Proculeius,My name is Proculeius.,3144
Act V,Scene II,Cleopatra,Antony,3145
Act V,Scene II,Cleopatra,"Did tell me of you, bade me trust you; but",3146
Act V,Scene II,Cleopatra,"I do not greatly care to be deceived,",3147
Act V,Scene II,Cleopatra,That have no use for trusting. If your master,3148
Act V,Scene II,Cleopatra,"Would have a queen his beggar, you must tell him,",3149
Act V,Scene II,Cleopatra,"That majesty, to keep decorum, must",3150
Act V,Scene II,Cleopatra,No less beg than a kingdom: if he please,3151
Act V,Scene II,Cleopatra,"To give me conquer'd Egypt for my son,",3152
Act V,Scene II,Cleopatra,"He gives me so much of mine own, as I",3153
Act V,Scene II,Cleopatra,Will kneel to him with thanks.,3154
Act V,Scene II,Proculeius,Be of good cheer;,3155
Act V,Scene II,Proculeius,"You're fall'n into a princely hand, fear nothing:",3156
Act V,Scene II,Proculeius,"Make your full reference freely to my lord,",3157
Act V,Scene II,Proculeius,"Who is so full of grace, that it flows over",3158
Act V,Scene II,Proculeius,On all that need: let me report to him,3159
Act V,Scene II,Proculeius,Your sweet dependency; and you shall find,3160
Act V,Scene II,Proculeius,"A conqueror that will pray in aid for kindness,",3161
Act V,Scene II,Proculeius,Where he for grace is kneel'd to.,3162
Act V,Scene II,Cleopatra,"Pray you, tell him",3163
Act V,Scene II,Cleopatra,"I am his fortune's vassal, and I send him",3164
Act V,Scene II,Cleopatra,The greatness he has got. I hourly learn,3165
Act V,Scene II,Cleopatra,A doctrine of obedience; and would gladly,3166
Act V,Scene II,Cleopatra,Look him i' the face.,3167
Act V,Scene II,Proculeius,"This I'll report, dear lady.",3168
Act V,Scene II,Proculeius,"Have comfort, for I know your plight is pitied",3169
Act V,Scene II,Proculeius,Of him that caused it.,3170
Act V,Scene II,Gallus,You see how easily she may be surprised:,3171
Act V,Scene II,[stage direction],"Here PROCULEIUS and two of the Guard ascend the  monument by a ladder placed against a window, and,  having descended, come behind CLEOPATRA. Some of the Guard unbar and open the gates",NA
Act V,Scene II,[stage direction],To PROCULEIUS and the Guard,NA
Act V,Scene II,Gallus,Guard her till Caesar come.,3172
Act V,Scene II,[stage direction],Exit,NA
Act V,Scene II,Iras,Royal queen!,3173
Act V,Scene II,Charmian,"O Cleopatra! thou art taken, queen:",3174
Act V,Scene II,Cleopatra,"Quick, quick, good hands.",3175
Act V,Scene II,[stage direction],Drawing a dagger,NA
Act V,Scene II,Proculeius,"Hold, worthy lady, hold:",3176
Act V,Scene II,[stage direction],Seizes and disarms her,NA
Act V,Scene II,Proculeius,"Do not yourself such wrong, who are in this",3177
Act V,Scene II,Proculeius,"Relieved, but not betray'd.",3178
Act V,Scene II,Cleopatra,"What, of death too,",3179
Act V,Scene II,Cleopatra,That rids our dogs of languish?,3180
Act V,Scene II,Proculeius,"Cleopatra,",3181
Act V,Scene II,Proculeius,Do not abuse my master's bounty by,3182
Act V,Scene II,Proculeius,The undoing of yourself: let the world see,3183
Act V,Scene II,Proculeius,"His nobleness well acted, which your death",3184
Act V,Scene II,Proculeius,Will never let come forth.,3185
Act V,Scene II,Cleopatra,"Where art thou, death?",3186
Act V,Scene II,Cleopatra,"Come hither, come! come, come, and take a queen",3187
Act V,Scene II,Cleopatra,Worthy many babes and beggars!,3188
Act V,Scene II,Proculeius,"O, temperance, lady!",3189
Act V,Scene II,Cleopatra,"Sir, I will eat no meat, I'll not drink, sir;",3190
Act V,Scene II,Cleopatra,"If idle talk will once be necessary,",3191
Act V,Scene II,Cleopatra,"I'll not sleep neither: this mortal house I'll ruin,",3192
Act V,Scene II,Cleopatra,"Do Caesar what he can. Know, sir, that I",3193
Act V,Scene II,Cleopatra,Will not wait pinion'd at your master's court;,3194
Act V,Scene II,Cleopatra,Nor once be chastised with the sober eye,3195
Act V,Scene II,Cleopatra,Of dull Octavia. Shall they hoist me up,3196
Act V,Scene II,Cleopatra,And show me to the shouting varletry,3197
Act V,Scene II,Cleopatra,Of censuring Rome? Rather a ditch in Egypt,3198
Act V,Scene II,Cleopatra,Be gentle grave unto me! rather on Nilus' mud,3199
Act V,Scene II,Cleopatra,"Lay me stark naked, and let the water-flies",3200
Act V,Scene II,Cleopatra,Blow me into abhorring! rather make,3201
Act V,Scene II,Cleopatra,"My country's high pyramides my gibbet,",3202
Act V,Scene II,Cleopatra,And hang me up in chains!,3203
Act V,Scene II,Proculeius,You do extend,3204
Act V,Scene II,Proculeius,These thoughts of horror further than you shall,3205
Act V,Scene II,Proculeius,Find cause in Caesar.,3206
Act V,Scene II,[stage direction],Enter DOLABELLA,NA
Act V,Scene II,Dolabella,"Proculeius,",3207
Act V,Scene II,Dolabella,"What thou hast done thy master Caesar knows,",3208
Act V,Scene II,Dolabella,"And he hath sent for thee: for the queen,",3209
Act V,Scene II,Dolabella,I'll take her to my guard.,3210
Act V,Scene II,Proculeius,"So, Dolabella,",3211
Act V,Scene II,Proculeius,It shall content me best: be gentle to her.,3212
Act V,Scene II,[stage direction],To CLEOPATRA,NA
Act V,Scene II,Proculeius,"To Caesar I will speak what you shall please,",3213
Act V,Scene II,Proculeius,If you'll employ me to him.,3214
Act V,Scene II,Cleopatra,"Say, I would die.",3215
Act V,Scene II,[stage direction],Exeunt PROCULEIUS and Soldiers,NA
Act V,Scene II,Dolabella,"Most noble empress, you have heard of me?",3216
Act V,Scene II,Cleopatra,I cannot tell.,3217
Act V,Scene II,Dolabella,Assuredly you know me.,3218
Act V,Scene II,Cleopatra,"No matter, sir, what I have heard or known.",3219
Act V,Scene II,Cleopatra,You laugh when boys or women tell their dreams;,3220
Act V,Scene II,Cleopatra,Is't not your trick?,3221
Act V,Scene II,Dolabella,"I understand not, madam.",3222
Act V,Scene II,Cleopatra,I dream'd there was an Emperor Antony:,3223
Act V,Scene II,Cleopatra,"O, such another sleep, that I might see",3224
Act V,Scene II,Cleopatra,But such another man!,3225
Act V,Scene II,Dolabella,"If it might please ye,--",3226
Act V,Scene II,Cleopatra,His face was as the heavens; and therein stuck,3227
Act V,Scene II,Cleopatra,"A sun and moon, which kept their course,",3228
Act V,Scene II,Cleopatra,and lighted,3229
Act V,Scene II,Cleopatra,"The little O, the earth.",3230
Act V,Scene II,Dolabella,"Most sovereign creature,--",3231
Act V,Scene II,Cleopatra,His legs bestrid the ocean: his rear'd arm,3232
Act V,Scene II,Cleopatra,Crested the world: his voice was propertied,3233
Act V,Scene II,Cleopatra,"As all the tuned spheres, and that to friends;",3234
Act V,Scene II,Cleopatra,"But when he meant to quail and shake the orb,",3235
Act V,Scene II,Cleopatra,"He was as rattling thunder. For his bounty,",3236
Act V,Scene II,Cleopatra,There was no winter in't; an autumn 'twas,3237
Act V,Scene II,Cleopatra,That grew the more by reaping: his delights,3238
Act V,Scene II,Cleopatra,Were dolphin-like; they show'd his back above,3239
Act V,Scene II,Cleopatra,The element they lived in: in his livery,3240
Act V,Scene II,Cleopatra,Walk'd crowns and crownets; realms and islands were,3241
Act V,Scene II,Cleopatra,As plates dropp'd from his pocket.,3242
Act V,Scene II,Dolabella,Cleopatra!,3243
Act V,Scene II,Cleopatra,"Think you there was, or might be, such a man",3244
Act V,Scene II,Cleopatra,As this I dream'd of?,3245
Act V,Scene II,Dolabella,"Gentle madam, no.",3246
Act V,Scene II,Cleopatra,"You lie, up to the hearing of the gods.",3247
Act V,Scene II,Cleopatra,"But, if there be, or ever were, one such,",3248
Act V,Scene II,Cleopatra,It's past the size of dreaming: nature wants stuff,3249
Act V,Scene II,Cleopatra,"To vie strange forms with fancy; yet, to imagine",3250
Act V,Scene II,Cleopatra,"And Antony, were nature's piece 'gainst fancy,",3251
Act V,Scene II,Cleopatra,Condemning shadows quite.,3252
Act V,Scene II,Dolabella,"Hear me, good madam.",3253
Act V,Scene II,Dolabella,"Your loss is as yourself, great; and you bear it",3254
Act V,Scene II,Dolabella,As answering to the weight: would I might never,3255
Act V,Scene II,Dolabella,"O'ertake pursued success, but I do feel,",3256
Act V,Scene II,Dolabella,"By the rebound of yours, a grief that smites",3257
Act V,Scene II,Dolabella,My very heart at root.,3258
Act V,Scene II,Cleopatra,"I thank you, sir,",3259
Act V,Scene II,Cleopatra,Know you what Caesar means to do with me?,3260
Act V,Scene II,Dolabella,I am loath to tell you what I would you knew.,3261
Act V,Scene II,Cleopatra,"Nay, pray you, sir,--",3262
Act V,Scene II,Dolabella,"Though he be honourable,--",3263
Act V,Scene II,Cleopatra,"He'll lead me, then, in triumph?",3264
Act V,Scene II,Dolabella,"Madam, he will; I know't.",3265
Act V,Scene II,[stage direction],"Flourish, and shout within, 'Make way there: Octavius Caesar!'",NA
Act V,Scene II,[stage direction],"Enter OCTAVIUS CAESAR, GALLUS, PROCULEIUS, MECAENAS, SELEUCUS, and others of his Train",NA
Act V,Scene II,Octavius Caesar,Which is the Queen of Egypt?,3266
Act V,Scene II,Dolabella,"It is the emperor, madam.",3267
Act V,Scene II,[stage direction],CLEOPATRA kneels,NA
Act V,Scene II,Octavius Caesar,"Arise, you shall not kneel:",3268
Act V,Scene II,Octavius Caesar,"I pray you, rise; rise, Egypt.",3269
Act V,Scene II,Cleopatra,"Sir, the gods",3270
Act V,Scene II,Cleopatra,Will have it thus; my master and my lord,3271
Act V,Scene II,Cleopatra,I must obey.,3272
Act V,Scene II,Octavius Caesar,Take to you no hard thoughts:,3273
Act V,Scene II,Octavius Caesar,"The record of what injuries you did us,",3274
Act V,Scene II,Octavius Caesar,"Though written in our flesh, we shall remember",3275
Act V,Scene II,Octavius Caesar,As things but done by chance.,3276
Act V,Scene II,Cleopatra,"Sole sir o' the world,",3277
Act V,Scene II,Cleopatra,I cannot project mine own cause so well,3278
Act V,Scene II,Cleopatra,To make it clear; but do confess I have,3279
Act V,Scene II,Cleopatra,Been laden with like frailties which before,3280
Act V,Scene II,Cleopatra,Have often shamed our sex.,3281
Act V,Scene II,Octavius Caesar,"Cleopatra, know,",3282
Act V,Scene II,Octavius Caesar,We will extenuate rather than enforce:,3283
Act V,Scene II,Octavius Caesar,"If you apply yourself to our intents,",3284
Act V,Scene II,Octavius Caesar,"Which towards you are most gentle, you shall find",3285
Act V,Scene II,Octavius Caesar,A benefit in this change; but if you seek,3286
Act V,Scene II,Octavius Caesar,"To lay on me a cruelty, by taking",3287
Act V,Scene II,Octavius Caesar,"Antony's course, you shall bereave yourself",3288
Act V,Scene II,Octavius Caesar,"Of my good purposes, and put your children",3289
Act V,Scene II,Octavius Caesar,"To that destruction which I'll guard them from,",3290
Act V,Scene II,Octavius Caesar,If thereon you rely. I'll take my leave.,3291
Act V,Scene II,Cleopatra,"And may, through all the world: 'tis yours; and we,",3292
Act V,Scene II,Cleopatra,"Your scutcheons and your signs of conquest, shall",3293
Act V,Scene II,Cleopatra,"Hang in what place you please. Here, my good lord.",3294
Act V,Scene II,Octavius Caesar,You shall advise me in all for Cleopatra.,3295
Act V,Scene II,Cleopatra,"This is the brief of money, plate, and jewels,",3296
Act V,Scene II,Cleopatra,I am possess'd of: 'tis exactly valued;,3297
Act V,Scene II,Cleopatra,Not petty things admitted. Where's Seleucus?,3298
Act V,Scene II,Seleucus,"Here, madam.",3299
Act V,Scene II,Cleopatra,"This is my treasurer: let him speak, my lord,",3300
Act V,Scene II,Cleopatra,"Upon his peril, that I have reserved",3301
Act V,Scene II,Cleopatra,"To myself nothing. Speak the truth, Seleucus.",3302
Act V,Scene II,Seleucus,"Madam,",3303
Act V,Scene II,Seleucus,"I had rather seal my lips, than, to my peril,",3304
Act V,Scene II,Seleucus,Speak that which is not.,3305
Act V,Scene II,Cleopatra,What have I kept back?,3306
Act V,Scene II,Seleucus,Enough to purchase what you have made known.,3307
Act V,Scene II,Octavius Caesar,"Nay, blush not, Cleopatra; I approve",3308
Act V,Scene II,Octavius Caesar,Your wisdom in the deed.,3309
Act V,Scene II,Cleopatra,"See, Caesar! O, behold,",3310
Act V,Scene II,Cleopatra,How pomp is follow'd! mine will now be yours;,3311
Act V,Scene II,Cleopatra,"And, should we shift estates, yours would be mine.",3312
Act V,Scene II,Cleopatra,The ingratitude of this Seleucus does,3313
Act V,Scene II,Cleopatra,"Even make me wild: O slave, of no more trust",3314
Act V,Scene II,Cleopatra,"Than love that's hired! What, goest thou back? thou shalt",3315
Act V,Scene II,Cleopatra,"Go back, I warrant thee; but I'll catch thine eyes,",3316
Act V,Scene II,Cleopatra,"Though they had wings: slave, soulless villain, dog!",3317
Act V,Scene II,Cleopatra,O rarely base!,3318
Act V,Scene II,Octavius Caesar,"Good queen, let us entreat you.",3319
Act V,Scene II,Cleopatra,"O Caesar, what a wounding shame is this,",3320
Act V,Scene II,Cleopatra,"That thou, vouchsafing here to visit me,",3321
Act V,Scene II,Cleopatra,Doing the honour of thy lordliness,3322
Act V,Scene II,Cleopatra,"To one so meek, that mine own servant should",3323
Act V,Scene II,Cleopatra,Parcel the sum of my disgraces by,3324
Act V,Scene II,Cleopatra,"Addition of his envy! Say, good Caesar,",3325
Act V,Scene II,Cleopatra,"That I some lady trifles have reserved,",3326
Act V,Scene II,Cleopatra,"Immoment toys, things of such dignity",3327
Act V,Scene II,Cleopatra,"As we greet modern friends withal; and say,",3328
Act V,Scene II,Cleopatra,Some nobler token I have kept apart,3329
Act V,Scene II,Cleopatra,"For Livia and Octavia, to induce",3330
Act V,Scene II,Cleopatra,Their mediation; must I be unfolded,3331
Act V,Scene II,Cleopatra,With one that I have bred? The gods! it smites me,3332
Act V,Scene II,Cleopatra,Beneath the fall I have.,3333
Act V,Scene II,[stage direction],To SELEUCUS,NA
Act V,Scene II,Cleopatra,"Prithee, go hence;",3334
Act V,Scene II,Cleopatra,Or I shall show the cinders of my spirits,3335
Act V,Scene II,Cleopatra,"Through the ashes of my chance: wert thou a man,",3336
Act V,Scene II,Cleopatra,Thou wouldst have mercy on me.,3337
Act V,Scene II,Octavius Caesar,"Forbear, Seleucus.",3338
Act V,Scene II,[stage direction],Exit SELEUCUS,NA
Act V,Scene II,Cleopatra,"Be it known, that we, the greatest, are misthought",3339
Act V,Scene II,Cleopatra,"For things that others do; and, when we fall,",3340
Act V,Scene II,Cleopatra,"We answer others' merits in our name,",3341
Act V,Scene II,Cleopatra,Are therefore to be pitied.,3342
Act V,Scene II,Octavius Caesar,"Cleopatra,",3343
Act V,Scene II,Octavius Caesar,"Not what you have reserved, nor what acknowledged,",3344
Act V,Scene II,Octavius Caesar,"Put we i' the roll of conquest: still be't yours,",3345
Act V,Scene II,Octavius Caesar,"Bestow it at your pleasure; and believe,",3346
Act V,Scene II,Octavius Caesar,"Caesar's no merchant, to make prize with you",3347
Act V,Scene II,Octavius Caesar,Of things that merchants sold. Therefore be cheer'd;,3348
Act V,Scene II,Octavius Caesar,"Make not your thoughts your prisons: no, dear queen;",3349
Act V,Scene II,Octavius Caesar,For we intend so to dispose you as,3350
Act V,Scene II,Octavius Caesar,"Yourself shall give us counsel. Feed, and sleep:",3351
Act V,Scene II,Octavius Caesar,"Our care and pity is so much upon you,",3352
Act V,Scene II,Octavius Caesar,"That we remain your friend; and so, adieu.",3353
Act V,Scene II,Cleopatra,"My master, and my lord!",3354
Act V,Scene II,Octavius Caesar,Not so. Adieu.,3355
Act V,Scene II,[stage direction],Flourish. Exeunt OCTAVIUS CAESAR and his train,NA
Act V,Scene II,Cleopatra,"He words me, girls, he words me, that I should not",3356
Act V,Scene II,Cleopatra,"Be noble to myself: but, hark thee, Charmian.",3357
Act V,Scene II,[stage direction],Whispers CHARMIAN,NA
Act V,Scene II,Iras,"Finish, good lady; the bright day is done,",3358
Act V,Scene II,Iras,And we are for the dark.,3359
Act V,Scene II,Cleopatra,Hie thee again:,3360
Act V,Scene II,Cleopatra,"I have spoke already, and it is provided;",3361
Act V,Scene II,Cleopatra,Go put it to the haste.,3362
Act V,Scene II,Charmian,"Madam, I will.",3363
Act V,Scene II,[stage direction],Re-enter DOLABELLA,NA
Act V,Scene II,Dolabella,Where is the queen?,3364
Act V,Scene II,Charmian,"Behold, sir.",3365
Act V,Scene II,[stage direction],Exit,NA
Act V,Scene II,Cleopatra,Dolabella!,3366
Act V,Scene II,Dolabella,"Madam, as thereto sworn by your command,",3367
Act V,Scene II,Dolabella,"Which my love makes religion to obey,",3368
Act V,Scene II,Dolabella,I tell you this: Caesar through Syria,3369
Act V,Scene II,Dolabella,Intends his journey; and within three days,3370
Act V,Scene II,Dolabella,You with your children will he send before:,3371
Act V,Scene II,Dolabella,Make your best use of this: I have perform'd,3372
Act V,Scene II,Dolabella,Your pleasure and my promise.,3373
Act V,Scene II,Cleopatra,"Dolabella,",3374
Act V,Scene II,Cleopatra,I shall remain your debtor.,3375
Act V,Scene II,Dolabella,"I your servant,",3376
Act V,Scene II,Dolabella,"Adieu, good queen; I must attend on Caesar.",3377
Act V,Scene II,Cleopatra,"Farewell, and thanks.",3378
Act V,Scene II,[stage direction],Exit DOLABELLA,NA
Act V,Scene II,Cleopatra,"Now, Iras, what think'st thou?",3379
Act V,Scene II,Cleopatra,"Thou, an Egyptian puppet, shalt be shown",3380
Act V,Scene II,Cleopatra,"In Rome, as well as I	mechanic slaves",3381
Act V,Scene II,Cleopatra,"With greasy aprons, rules, and hammers, shall",3382
Act V,Scene II,Cleopatra,"Uplift us to the view; in their thick breaths,",3383
Act V,Scene II,Cleopatra,"Rank of gross diet, shall be enclouded,",3384
Act V,Scene II,Cleopatra,And forced to drink their vapour.,3385
Act V,Scene II,Iras,The gods forbid!,3386
Act V,Scene II,Cleopatra,"Nay, 'tis most certain, Iras: saucy lictors",3387
Act V,Scene II,Cleopatra,"Will catch at us, like strumpets; and scald rhymers",3388
Act V,Scene II,Cleopatra,Ballad us out o' tune: the quick comedians,3389
Act V,Scene II,Cleopatra,"Extemporally will stage us, and present",3390
Act V,Scene II,Cleopatra,Our Alexandrian revels; Antony,3391
Act V,Scene II,Cleopatra,"Shall be brought drunken forth, and I shall see",3392
Act V,Scene II,Cleopatra,Some squeaking Cleopatra boy my greatness,3393
Act V,Scene II,Cleopatra,I' the posture of a whore.,3394
Act V,Scene II,Iras,O the good gods!,3395
Act V,Scene II,Cleopatra,"Nay, that's certain.",3396
Act V,Scene II,Iras,"I'll never see 't; for, I am sure, my nails",3397
Act V,Scene II,Iras,Are stronger than mine eyes.,3398
Act V,Scene II,Cleopatra,"Why, that's the way",3399
Act V,Scene II,Cleopatra,"To fool their preparation, and to conquer",3400
Act V,Scene II,Cleopatra,Their most absurd intents.,3401
Act V,Scene II,[stage direction],Re-enter CHARMIAN,NA
Act V,Scene II,Cleopatra,"Now, Charmian!",3402
Act V,Scene II,Cleopatra,"Show me, my women, like a queen: go fetch",3403
Act V,Scene II,Cleopatra,"My best attires: I am again for Cydnus,",3404
Act V,Scene II,Cleopatra,"To meet Mark Antony: sirrah Iras, go.",3405
Act V,Scene II,Cleopatra,"Now, noble Charmian, we'll dispatch indeed;",3406
Act V,Scene II,Cleopatra,"And, when thou hast done this chare, I'll give thee leave",3407
Act V,Scene II,Cleopatra,To play till doomsday. Bring our crown and all.,3408
Act V,Scene II,Cleopatra,Wherefore's this noise?,3409
Act V,Scene II,[stage direction],Exit IRAS. A noise within,NA
Act V,Scene II,[stage direction],Enter a Guardsman,NA
Act V,Scene II,Guard,Here is a rural fellow,3410
Act V,Scene II,Guard,That will not be denied your highness presence:,3411
Act V,Scene II,Guard,He brings you figs.,3412
Act V,Scene II,Cleopatra,Let him come in.,3413
Act V,Scene II,[stage direction],Exit Guardsman,NA
Act V,Scene II,Cleopatra,What poor an instrument,3414
Act V,Scene II,Cleopatra,May do a noble deed! he brings me liberty.,3415
Act V,Scene II,Cleopatra,"My resolution's placed, and I have nothing",3416
Act V,Scene II,Cleopatra,Of woman in me: now from head to foot,3417
Act V,Scene II,Cleopatra,I am marble-constant; now the fleeting moon,3418
Act V,Scene II,Cleopatra,No planet is of mine.,3419
Act V,Scene II,[stage direction],"Re-enter Guardsman, with Clown bringing in a basket",NA
Act V,Scene II,Guard,This is the man.,3420
Act V,Scene II,Cleopatra,"Avoid, and leave him.",3421
Act V,Scene II,[stage direction],Exit Guardsman,NA
Act V,Scene II,Cleopatra,"Hast thou the pretty worm of Nilus there,",3422
Act V,Scene II,Cleopatra,That kills and pains not?,3423
Act V,Scene II,Clown,"Truly, I have him: but I would not be the party",3424
Act V,Scene II,Clown,"that should desire you to touch him, for his biting",3425
Act V,Scene II,Clown,is immortal; those that do die of it do seldom or,3426
Act V,Scene II,Clown,never recover.,3427
Act V,Scene II,Cleopatra,Rememberest thou any that have died on't?,3428
Act V,Scene II,Clown,"Very many, men and women too. I heard of one of",3429
Act V,Scene II,Clown,"them no longer than yesterday: a very honest woman,",3430
Act V,Scene II,Clown,but something given to lie; as a woman should not,3431
Act V,Scene II,Clown,"do, but in the way of honesty: how she died of the",3432
Act V,Scene II,Clown,"biting of it, what pain she felt: truly, she makes",3433
Act V,Scene II,Clown,a very good report o' the worm; but he that will,3434
Act V,Scene II,Clown,"believe all that they say, shall never be saved by",3435
Act V,Scene II,Clown,"half that they do: but this is most fallible, the",3436
Act V,Scene II,Clown,worm's an odd worm.,3437
Act V,Scene II,Cleopatra,Get thee hence; farewell.,3438
Act V,Scene II,Clown,I wish you all joy of the worm.,3439
Act V,Scene II,[stage direction],Setting down his basket,NA
Act V,Scene II,Cleopatra,Farewell.,3440
Act V,Scene II,Clown,"You must think this, look you, that the worm will",3441
Act V,Scene II,Clown,do his kind.,3442
Act V,Scene II,Cleopatra,"Ay, ay; farewell.",3443
Act V,Scene II,Clown,"Look you, the worm is not to be trusted but in the",3444
Act V,Scene II,Clown,"keeping of wise people; for, indeed, there is no",3445
Act V,Scene II,Clown,goodness in worm.,3446
Act V,Scene II,Cleopatra,Take thou no care; it shall be heeded.,3447
Act V,Scene II,Clown,"Very good. Give it nothing, I pray you, for it is",3448
Act V,Scene II,Clown,not worth the feeding.,3449
Act V,Scene II,Cleopatra,Will it eat me?,3450
Act V,Scene II,Clown,You must not think I am so simple but I know the,3451
Act V,Scene II,Clown,devil himself will not eat a woman: I know that a,3452
Act V,Scene II,Clown,"woman is a dish for the gods, if the devil dress her",3453
Act V,Scene II,Clown,"not. But, truly, these same whoreson devils do the",3454
Act V,Scene II,Clown,gods great harm in their women; for in every ten,3455
Act V,Scene II,Clown,"that they make, the devils mar five.",3456
Act V,Scene II,Cleopatra,"Well, get thee gone; farewell.",3457
Act V,Scene II,Clown,"Yes, forsooth: I wish you joy o' the worm.",3458
Act V,Scene II,[stage direction],Exit,NA
Act V,Scene II,[stage direction],"Re-enter IRAS with a robe, crown,  &amp; c",NA
Act V,Scene II,Cleopatra,"Give me my robe, put on my crown; I have",3459
Act V,Scene II,Cleopatra,Immortal longings in me: now no more,3460
Act V,Scene II,Cleopatra,The juice of Egypt's grape shall moist this lip:,3461
Act V,Scene II,Cleopatra,"Yare, yare, good Iras; quick. Methinks I hear",3462
Act V,Scene II,Cleopatra,Antony call; I see him rouse himself,3463
Act V,Scene II,Cleopatra,To praise my noble act; I hear him mock,3464
Act V,Scene II,Cleopatra,"The luck of Caesar, which the gods give men",3465
Act V,Scene II,Cleopatra,"To excuse their after wrath: husband, I come:",3466
Act V,Scene II,Cleopatra,Now to that name my courage prove my title!,3467
Act V,Scene II,Cleopatra,I am fire and air; my other elements,3468
Act V,Scene II,Cleopatra,I give to baser life. So; have you done?,3469
Act V,Scene II,Cleopatra,"Come then, and take the last warmth of my lips.",3470
Act V,Scene II,Cleopatra,"Farewell, kind Charmian; Iras, long farewell.",3471
Act V,Scene II,[stage direction],Kisses them. IRAS falls and dies,NA
Act V,Scene II,Cleopatra,Have I the aspic in my lips? Dost fall?,3472
Act V,Scene II,Cleopatra,"If thou and nature can so gently part,",3473
Act V,Scene II,Cleopatra,"The stroke of death is as a lover's pinch,",3474
Act V,Scene II,Cleopatra,"Which hurts, and is desired. Dost thou lie still?",3475
Act V,Scene II,Cleopatra,"If thus thou vanishest, thou tell'st the world",3476
Act V,Scene II,Cleopatra,It is not worth leave-taking.,3477
Act V,Scene II,Charmian,"Dissolve, thick cloud, and rain; that I may say,",3478
Act V,Scene II,Charmian,The gods themselves do weep!,3479
Act V,Scene II,Cleopatra,This proves me base:,3480
Act V,Scene II,Cleopatra,"If she first meet the curled Antony,",3481
Act V,Scene II,Cleopatra,"He'll make demand of her, and spend that kiss",3482
Act V,Scene II,Cleopatra,"Which is my heaven to have. Come, thou",3483
Act V,Scene II,Cleopatra,"mortal wretch,",3484
Act V,Scene II,[stage direction],"To an asp, which she applies to her breast",NA
Act V,Scene II,Cleopatra,With thy sharp teeth this knot intrinsicate,3485
Act V,Scene II,Cleopatra,Of life at once untie: poor venomous fool,3486
Act V,Scene II,Cleopatra,"Be angry, and dispatch. O, couldst thou speak,",3487
Act V,Scene II,Cleopatra,That I might hear thee call great Caesar ass,3488
Act V,Scene II,Cleopatra,Unpolicied!,3489
Act V,Scene II,Charmian,O eastern star!,3490
Act V,Scene II,Cleopatra,"Peace, peace!",3491
Act V,Scene II,Cleopatra,"Dost thou not see my baby at my breast,",3492
Act V,Scene II,Cleopatra,That sucks the nurse asleep?,3493
Act V,Scene II,Charmian,"O, break! O, break!",3494
Act V,Scene II,Cleopatra,"As sweet as balm, as soft as air, as gentle,--",3495
Act V,Scene II,Cleopatra,"O Antony!--Nay, I will take thee too.",3496
Act V,Scene II,[stage direction],Applying another asp to her arm,NA
Act V,Scene II,Cleopatra,What should I stay--,3497
Act V,Scene II,[stage direction],Dies,NA
Act V,Scene II,Charmian,"In this vile world? So, fare thee well.",3498
Act V,Scene II,Charmian,"Now boast thee, death, in thy possession lies",3499
Act V,Scene II,Charmian,"A lass unparallel'd. Downy windows, close;",3500
Act V,Scene II,Charmian,And golden Phoebus never be beheld,3501
Act V,Scene II,Charmian,Of eyes again so royal! Your crown's awry;,3502
Act V,Scene II,Charmian,"I'll mend it, and then play.",3503
Act V,Scene II,[stage direction],"Enter the Guard, rushing in",NA
Act V,Scene II,First Guard,Where is the queen?,3504
Act V,Scene II,Charmian,"Speak softly, wake her not.",3505
Act V,Scene II,First Guard,Caesar hath sent--,3506
Act V,Scene II,Charmian,Too slow a messenger.,3507
Act V,Scene II,[stage direction],Applies an asp,NA
Act V,Scene II,Charmian,"O, come apace, dispatch! I partly feel thee.",3508
Act V,Scene II,First Guard,"Approach, ho! All's not well: Caesar's beguiled.",3509
Act V,Scene II,Second Guard,There's Dolabella sent from Caesar; call him.,3510
Act V,Scene II,First Guard,"What work is here! Charmian, is this well done?",3511
Act V,Scene II,Charmian,"It is well done, and fitting for a princess",3512
Act V,Scene II,Charmian,Descended of so many royal kings.,3513
Act V,Scene II,Charmian,"Ah, soldier!",3514
Act V,Scene II,[stage direction],Dies,NA
Act V,Scene II,[stage direction],Re-enter DOLABELLA,NA
Act V,Scene II,Dolabella,How goes it here?,3515
Act V,Scene II,Second Guard,All dead.,3516
Act V,Scene II,Dolabella,"Caesar, thy thoughts",3517
Act V,Scene II,Dolabella,Touch their effects in this: thyself art coming,3518
Act V,Scene II,Dolabella,To see perform'd the dreaded act which thou,3519
Act V,Scene II,Dolabella,So sought'st to hinder.,3520
Act V,Scene II,[stage direction],"Within  'A way there, a way for Caesar!'",NA
Act V,Scene II,[stage direction],Re-enter OCTAVIUS CAESAR and all his train marching,NA
Act V,Scene II,Dolabella,"O sir, you are too sure an augurer;",3521
Act V,Scene II,Dolabella,That you did fear is done.,3522
Act V,Scene II,Octavius Caesar,"Bravest at the last,",3523
Act V,Scene II,Octavius Caesar,"She levell'd at our purposes, and, being royal,",3524
Act V,Scene II,Octavius Caesar,Took her own way. The manner of their deaths?,3525
Act V,Scene II,Octavius Caesar,I do not see them bleed.,3526
Act V,Scene II,Dolabella,Who was last with them?,3527
Act V,Scene II,First Guard,"A simple countryman, that brought her figs:",3528
Act V,Scene II,First Guard,This was his basket.,3529
Act V,Scene II,Octavius Caesar,"Poison'd, then.",3530
Act V,Scene II,First Guard,"O Caesar,",3531
Act V,Scene II,First Guard,This Charmian lived but now; she stood and spake:,3532
Act V,Scene II,First Guard,I found her trimming up the diadem,3533
Act V,Scene II,First Guard,On her dead mistress; tremblingly she stood,3534
Act V,Scene II,First Guard,And on the sudden dropp'd.,3535
Act V,Scene II,Octavius Caesar,O noble weakness!,3536
Act V,Scene II,Octavius Caesar,"If they had swallow'd poison, 'twould appear",3537
Act V,Scene II,Octavius Caesar,"By external swelling: but she looks like sleep,",3538
Act V,Scene II,Octavius Caesar,As she would catch another Antony,3539
Act V,Scene II,Octavius Caesar,In her strong toil of grace.,3540
Act V,Scene II,Dolabella,"Here, on her breast,",3541
Act V,Scene II,Dolabella,There is a vent of blood and something blown:,3542
Act V,Scene II,Dolabella,The like is on her arm.,3543
Act V,Scene II,First Guard,This is an aspic's trail: and these fig-leaves,3544
Act V,Scene II,First Guard,"Have slime upon them, such as the aspic leaves",3545
Act V,Scene II,First Guard,Upon the caves of Nile.,3546
Act V,Scene II,Octavius Caesar,Most probable,3547
Act V,Scene II,Octavius Caesar,That so she died; for her physician tells me,3548
Act V,Scene II,Octavius Caesar,She hath pursued conclusions infinite,3549
Act V,Scene II,Octavius Caesar,Of easy ways to die. Take up her bed;,3550
Act V,Scene II,Octavius Caesar,And bear her women from the monument:,3551
Act V,Scene II,Octavius Caesar,She shall be buried by her Antony:,3552
Act V,Scene II,Octavius Caesar,No grave upon the earth shall clip in it,3553
Act V,Scene II,Octavius Caesar,A pair so famous. High events as these,3554
Act V,Scene II,Octavius Caesar,Strike those that make them; and their story is,3555
Act V,Scene II,Octavius Caesar,No less in pity than his glory which,3556
Act V,Scene II,Octavius Caesar,Brought them to be lamented. Our army shall,3557
Act V,Scene II,Octavius Caesar,In solemn show attend this funeral;,3558
Act V,Scene II,Octavius Caesar,"And then to Rome. Come, Dolabella, see",3559
Act V,Scene II,Octavius Caesar,High order in this great solemnity.,3560
Act V,Scene II,[stage direction],Exeunt,NA
