act,scene,character,dialogue,line_number
Act I,Scene I,[stage direction],"Enter DUKE SOLINUS, AEGEON, Gaoler, Officers, and other Attendants",NA
Act I,Scene I,Aegeon,"Proceed, Solinus, to procure my fall",1
Act I,Scene I,Aegeon,And by the doom of death end woes and all.,2
Act I,Scene I,Duke Solinus,"Merchant of Syracuse, plead no more;",3
Act I,Scene I,Duke Solinus,I am not partial to infringe our laws:,4
Act I,Scene I,Duke Solinus,The enmity and discord which of late,5
Act I,Scene I,Duke Solinus,Sprung from the rancorous outrage of your duke,6
Act I,Scene I,Duke Solinus,"To merchants, our well-dealing countrymen,",7
Act I,Scene I,Duke Solinus,Who wanting guilders to redeem their lives,8
Act I,Scene I,Duke Solinus,"Have seal'd his rigorous statutes with their bloods,",9
Act I,Scene I,Duke Solinus,Excludes all pity from our threatening looks.,10
Act I,Scene I,Duke Solinus,"For, since the mortal and intestine jars",11
Act I,Scene I,Duke Solinus,"'Twixt thy seditious countrymen and us,",12
Act I,Scene I,Duke Solinus,It hath in solemn synods been decreed,13
Act I,Scene I,Duke Solinus,"Both by the Syracusians and ourselves,",14
Act I,Scene I,Duke Solinus,"To admit no traffic to our adverse towns Nay, more,",15
Act I,Scene I,Duke Solinus,If any born at Ephesus be seen,16
Act I,Scene I,Duke Solinus,At any Syracusian marts and fairs;,17
Act I,Scene I,Duke Solinus,Again: if any Syracusian born,18
Act I,Scene I,Duke Solinus,"Come to the bay of Ephesus, he dies,",19
Act I,Scene I,Duke Solinus,"His goods confiscate to the duke's dispose,",20
Act I,Scene I,Duke Solinus,"Unless a thousand marks be levied,",21
Act I,Scene I,Duke Solinus,To quit the penalty and to ransom him.,22
Act I,Scene I,Duke Solinus,"Thy substance, valued at the highest rate,",23
Act I,Scene I,Duke Solinus,Cannot amount unto a hundred marks;,24
Act I,Scene I,Duke Solinus,Therefore by law thou art condemned to die.,25
Act I,Scene I,Aegeon,"Yet this my comfort: when your words are done,",26
Act I,Scene I,Aegeon,My woes end likewise with the evening sun.,27
Act I,Scene I,Duke Solinus,"Well, Syracusian, say in brief the cause",28
Act I,Scene I,Duke Solinus,Why thou departed'st from thy native home,29
Act I,Scene I,Duke Solinus,And for what cause thou camest to Ephesus.,30
Act I,Scene I,Aegeon,A heavier task could not have been imposed,31
Act I,Scene I,Aegeon,Than I to speak my griefs unspeakable:,32
Act I,Scene I,Aegeon,"Yet, that the world may witness that my end",33
Act I,Scene I,Aegeon,"Was wrought by nature, not by vile offence,",34
Act I,Scene I,Aegeon,I'll utter what my sorrows give me leave.,35
Act I,Scene I,Aegeon,"In Syracusa was I born, and wed",36
Act I,Scene I,Aegeon,"Unto a woman, happy but for me,",37
Act I,Scene I,Aegeon,"And by me, had not our hap been bad.",38
Act I,Scene I,Aegeon,With her I lived in joy; our wealth increased,39
Act I,Scene I,Aegeon,By prosperous voyages I often made,40
Act I,Scene I,Aegeon,To Epidamnum; till my factor's death,41
Act I,Scene I,Aegeon,And the great care of goods at random left,42
Act I,Scene I,Aegeon,Drew me from kind embracements of my spouse:,43
Act I,Scene I,Aegeon,From whom my absence was not six months old,44
Act I,Scene I,Aegeon,"Before herself, almost at fainting under",45
Act I,Scene I,Aegeon,"The pleasing punishment that women bear,",46
Act I,Scene I,Aegeon,Had made provision for her following me,47
Act I,Scene I,Aegeon,And soon and safe arrived where I was.,48
Act I,Scene I,Aegeon,"There had she not been long, but she became",49
Act I,Scene I,Aegeon,A joyful mother of two goodly sons;,50
Act I,Scene I,Aegeon,"And, which was strange, the one so like the other,",51
Act I,Scene I,Aegeon,As could not be distinguish'd but by names.,52
Act I,Scene I,Aegeon,"That very hour, and in the self-same inn,",53
Act I,Scene I,Aegeon,A meaner woman was delivered,54
Act I,Scene I,Aegeon,"Of such a burden, male twins, both alike:",55
Act I,Scene I,Aegeon,"Those,--for their parents were exceeding poor,--",56
Act I,Scene I,Aegeon,I bought and brought up to attend my sons.,57
Act I,Scene I,Aegeon,"My wife, not meanly proud of two such boys,",58
Act I,Scene I,Aegeon,Made daily motions for our home return:,59
Act I,Scene I,Aegeon,"Unwilling I agreed. Alas! too soon,",60
Act I,Scene I,Aegeon,We came aboard.,61
Act I,Scene I,Aegeon,"A league from Epidamnum had we sail'd,",62
Act I,Scene I,Aegeon,Before the always wind-obeying deep,63
Act I,Scene I,Aegeon,Gave any tragic instance of our harm:,64
Act I,Scene I,Aegeon,But longer did we not retain much hope;,65
Act I,Scene I,Aegeon,For what obscured light the heavens did grant,66
Act I,Scene I,Aegeon,Did but convey unto our fearful minds,67
Act I,Scene I,Aegeon,A doubtful warrant of immediate death;,68
Act I,Scene I,Aegeon,"Which though myself would gladly have embraced,",69
Act I,Scene I,Aegeon,"Yet the incessant weepings of my wife,",70
Act I,Scene I,Aegeon,"Weeping before for what she saw must come,",71
Act I,Scene I,Aegeon,"And piteous plainings of the pretty babes,",72
Act I,Scene I,Aegeon,"That mourn'd for fashion, ignorant what to fear,",73
Act I,Scene I,Aegeon,Forced me to seek delays for them and me.,74
Act I,Scene I,Aegeon,"And this it was, for other means was none:",75
Act I,Scene I,Aegeon,"The sailors sought for safety by our boat,",76
Act I,Scene I,Aegeon,"And left the ship, then sinking-ripe, to us:",77
Act I,Scene I,Aegeon,"My wife, more careful for the latter-born,",78
Act I,Scene I,Aegeon,"Had fasten'd him unto a small spare mast,",79
Act I,Scene I,Aegeon,Such as seafaring men provide for storms;,80
Act I,Scene I,Aegeon,"To him one of the other twins was bound,",81
Act I,Scene I,Aegeon,Whilst I had been like heedful of the other:,82
Act I,Scene I,Aegeon,"The children thus disposed, my wife and I,",83
Act I,Scene I,Aegeon,"Fixing our eyes on whom our care was fix'd,",84
Act I,Scene I,Aegeon,Fasten'd ourselves at either end the mast;,85
Act I,Scene I,Aegeon,"And floating straight, obedient to the stream,",86
Act I,Scene I,Aegeon,"Was carried towards Corinth, as we thought.",87
Act I,Scene I,Aegeon,"At length the sun, gazing upon the earth,",88
Act I,Scene I,Aegeon,Dispersed those vapours that offended us;,89
Act I,Scene I,Aegeon,"And by the benefit of his wished light,",90
Act I,Scene I,Aegeon,"The seas wax'd calm, and we discovered",91
Act I,Scene I,Aegeon,"Two ships from far making amain to us,",92
Act I,Scene I,Aegeon,"Of Corinth that, of Epidaurus this:",93
Act I,Scene I,Aegeon,"But ere they came,--O, let me say no more!",94
Act I,Scene I,Aegeon,Gather the sequel by that went before.,95
Act I,Scene I,Duke Solinus,"Nay, forward, old man; do not break off so;",96
Act I,Scene I,Duke Solinus,"For we may pity, though not pardon thee.",97
Act I,Scene I,Aegeon,"O, had the gods done so, I had not now",98
Act I,Scene I,Aegeon,Worthily term'd them merciless to us!,99
Act I,Scene I,Aegeon,"For, ere the ships could meet by twice five leagues,",100
Act I,Scene I,Aegeon,We were encounterd by a mighty rock;,101
Act I,Scene I,Aegeon,"Which being violently borne upon,",102
Act I,Scene I,Aegeon,Our helpful ship was splitted in the midst;,103
Act I,Scene I,Aegeon,"So that, in this unjust divorce of us,",104
Act I,Scene I,Aegeon,Fortune had left to both of us alike,105
Act I,Scene I,Aegeon,"What to delight in, what to sorrow for.",106
Act I,Scene I,Aegeon,"Her part, poor soul! seeming as burdened",107
Act I,Scene I,Aegeon,"With lesser weight but not with lesser woe,",108
Act I,Scene I,Aegeon,Was carried with more speed before the wind;,109
Act I,Scene I,Aegeon,And in our sight they three were taken up,110
Act I,Scene I,Aegeon,"By fishermen of Corinth, as we thought.",111
Act I,Scene I,Aegeon,"At length, another ship had seized on us;",112
Act I,Scene I,Aegeon,"And, knowing whom it was their hap to save,",113
Act I,Scene I,Aegeon,Gave healthful welcome to their shipwreck'd guests;,114
Act I,Scene I,Aegeon,"And would have reft the fishers of their prey,",115
Act I,Scene I,Aegeon,Had not their bark been very slow of sail;,116
Act I,Scene I,Aegeon,And therefore homeward did they bend their course.,117
Act I,Scene I,Aegeon,Thus have you heard me sever'd from my bliss;,118
Act I,Scene I,Aegeon,"That by misfortunes was my life prolong'd,",119
Act I,Scene I,Aegeon,To tell sad stories of my own mishaps.,120
Act I,Scene I,Duke Solinus,"And for the sake of them thou sorrowest for,",121
Act I,Scene I,Duke Solinus,Do me the favour to dilate at full,122
Act I,Scene I,Duke Solinus,What hath befall'n of them and thee till now.,123
Act I,Scene I,Aegeon,"My youngest boy, and yet my eldest care,",124
Act I,Scene I,Aegeon,At eighteen years became inquisitive,125
Act I,Scene I,Aegeon,After his brother: and importuned me,126
Act I,Scene I,Aegeon,"That his attendant--so his case was like,",127
Act I,Scene I,Aegeon,"Reft of his brother, but retain'd his name--",128
Act I,Scene I,Aegeon,Might bear him company in the quest of him:,129
Act I,Scene I,Aegeon,"Whom whilst I labour'd of a love to see,",130
Act I,Scene I,Aegeon,I hazarded the loss of whom I loved.,131
Act I,Scene I,Aegeon,"Five summers have I spent in furthest Greece,",132
Act I,Scene I,Aegeon,"Roaming clean through the bounds of Asia,",133
Act I,Scene I,Aegeon,"And, coasting homeward, came to Ephesus;",134
Act I,Scene I,Aegeon,"Hopeless to find, yet loath to leave unsought",135
Act I,Scene I,Aegeon,Or that or any place that harbours men.,136
Act I,Scene I,Aegeon,But here must end the story of my life;,137
Act I,Scene I,Aegeon,"And happy were I in my timely death,",138
Act I,Scene I,Aegeon,Could all my travels warrant me they live.,139
Act I,Scene I,Duke Solinus,"Hapless AEgeon, whom the fates have mark'd",140
Act I,Scene I,Duke Solinus,To bear the extremity of dire mishap!,141
Act I,Scene I,Duke Solinus,"Now, trust me, were it not against our laws,",142
Act I,Scene I,Duke Solinus,"Against my crown, my oath, my dignity,",143
Act I,Scene I,Duke Solinus,"Which princes, would they, may not disannul,",144
Act I,Scene I,Duke Solinus,My soul would sue as advocate for thee.,145
Act I,Scene I,Duke Solinus,"But, though thou art adjudged to the death",146
Act I,Scene I,Duke Solinus,And passed sentence may not be recall'd,147
Act I,Scene I,Duke Solinus,"But to our honour's great disparagement,",148
Act I,Scene I,Duke Solinus,Yet I will favour thee in what I can.,149
Act I,Scene I,Duke Solinus,"Therefore, merchant, I'll limit thee this day",150
Act I,Scene I,Duke Solinus,To seek thy life by beneficial help:,151
Act I,Scene I,Duke Solinus,Try all the friends thou hast in Ephesus;,152
Act I,Scene I,Duke Solinus,"Beg thou, or borrow, to make up the sum,",153
Act I,Scene I,Duke Solinus,"And live; if no, then thou art doom'd to die.",154
Act I,Scene I,Duke Solinus,"Gaoler, take him to thy custody.",155
Act I,Scene I,Gaoler,"I will, my lord.",156
Act I,Scene I,Aegeon,"Hopeless and helpless doth AEgeon wend,",157
Act I,Scene I,Aegeon,But to procrastinate his lifeless end.,158
Act I,Scene I,[stage direction],Exeunt,NA
Act I,Scene II,[stage direction],"Enter ANTIPHOLUS of Syracuse, DROMIO of Syracuse, and First Merchant",NA
Act I,Scene II,First Merchant,"Therefore give out you are of Epidamnum,",159
Act I,Scene II,First Merchant,Lest that your goods too soon be confiscate.,160
Act I,Scene II,First Merchant,This very day a Syracusian merchant,161
Act I,Scene II,First Merchant,Is apprehended for arrival here;,162
Act I,Scene II,First Merchant,And not being able to buy out his life,163
Act I,Scene II,First Merchant,"According to the statute of the town,",164
Act I,Scene II,First Merchant,Dies ere the weary sun set in the west.,165
Act I,Scene II,First Merchant,There is your money that I had to keep.,166
Act I,Scene II,First Merchant,ANTIPHOLUS,167
Act I,Scene II,Of Syracuse,"Go bear it to the Centaur, where we host,",168
Act I,Scene II,Of Syracuse,"And stay there, Dromio, till I come to thee.",169
Act I,Scene II,Of Syracuse,Within this hour it will be dinner-time:,170
Act I,Scene II,Of Syracuse,"Till that, I'll view the manners of the town,",171
Act I,Scene II,Of Syracuse,"Peruse the traders, gaze upon the buildings,",172
Act I,Scene II,Of Syracuse,"And then return and sleep within mine inn,",173
Act I,Scene II,Of Syracuse,For with long travel I am stiff and weary.,174
Act I,Scene II,Of Syracuse,Get thee away.,175
Act I,Scene II,Dromio Of Syracuse,"Many a man would take you at your word,",176
Act I,Scene II,Dromio Of Syracuse,"And go indeed, having so good a mean.",177
Act I,Scene II,[stage direction],Exit,NA
Act I,Scene II,Dromio Of Syracuse,ANTIPHOLUS,178
Act I,Scene II,Of Syracuse,"A trusty villain, sir, that very oft,",179
Act I,Scene II,Of Syracuse,"When I am dull with care and melancholy,",180
Act I,Scene II,Of Syracuse,Lightens my humour with his merry jests.,181
Act I,Scene II,Of Syracuse,"What, will you walk with me about the town,",182
Act I,Scene II,Of Syracuse,And then go to my inn and dine with me?,183
Act I,Scene II,First Merchant,"I am invited, sir, to certain merchants,",184
Act I,Scene II,First Merchant,Of whom I hope to make much benefit;,185
Act I,Scene II,First Merchant,"I crave your pardon. Soon at five o'clock,",186
Act I,Scene II,First Merchant,"Please you, I'll meet with you upon the mart",187
Act I,Scene II,First Merchant,And afterward consort you till bed-time:,188
Act I,Scene II,First Merchant,My present business calls me from you now.,189
Act I,Scene II,First Merchant,ANTIPHOLUS,190
Act I,Scene II,Of Syracuse,Farewell till then: I will go lose myself,191
Act I,Scene II,Of Syracuse,And wander up and down to view the city.,192
Act I,Scene II,First Merchant,"Sir, I commend you to your own content.",193
Act I,Scene II,[stage direction],Exit,NA
Act I,Scene II,First Merchant,ANTIPHOLUS,194
Act I,Scene II,Of Syracuse,He that commends me to mine own content,195
Act I,Scene II,Of Syracuse,Commends me to the thing I cannot get.,196
Act I,Scene II,Of Syracuse,I to the world am like a drop of water,197
Act I,Scene II,Of Syracuse,"That in the ocean seeks another drop,",198
Act I,Scene II,Of Syracuse,"Who, falling there to find his fellow forth,",199
Act I,Scene II,Of Syracuse,"Unseen, inquisitive, confounds himself:",200
Act I,Scene II,Of Syracuse,"So I, to find a mother and a brother,",201
Act I,Scene II,Of Syracuse,"In quest of them, unhappy, lose myself.",202
Act I,Scene II,[stage direction],Enter DROMIO of Ephesus,NA
Act I,Scene II,Of Syracuse,Here comes the almanac of my true date.,203
Act I,Scene II,Of Syracuse,What now? how chance thou art return'd so soon?,204
Act I,Scene II,Dromio Of Ephesus,Return'd so soon! rather approach'd too late:,205
Act I,Scene II,Dromio Of Ephesus,"The capon burns, the pig falls from the spit,",206
Act I,Scene II,Dromio Of Ephesus,The clock hath strucken twelve upon the bell;,207
Act I,Scene II,Dromio Of Ephesus,My mistress made it one upon my cheek:,208
Act I,Scene II,Dromio Of Ephesus,She is so hot because the meat is cold;,209
Act I,Scene II,Dromio Of Ephesus,The meat is cold because you come not home;,210
Act I,Scene II,Dromio Of Ephesus,You come not home because you have no stomach;,211
Act I,Scene II,Dromio Of Ephesus,You have no stomach having broke your fast;,212
Act I,Scene II,Dromio Of Ephesus,But we that know what 'tis to fast and pray,213
Act I,Scene II,Dromio Of Ephesus,Are penitent for your default to-day.,214
Act I,Scene II,Dromio Of Ephesus,ANTIPHOLUS,215
Act I,Scene II,Of Syracuse,"Stop in your wind, sir: tell me this, I pray:",216
Act I,Scene II,Of Syracuse,Where have you left the money that I gave you?,217
Act I,Scene II,Dromio Of Ephesus,"O,--sixpence, that I had o' Wednesday last",218
Act I,Scene II,Dromio Of Ephesus,To pay the saddler for my mistress' crupper?,219
Act I,Scene II,Dromio Of Ephesus,"The saddler had it, sir; I kept it not.",220
Act I,Scene II,Dromio Of Ephesus,ANTIPHOLUS,221
Act I,Scene II,Of Syracuse,I am not in a sportive humour now:,222
Act I,Scene II,Of Syracuse,"Tell me, and dally not, where is the money?",223
Act I,Scene II,Of Syracuse,"We being strangers here, how darest thou trust",224
Act I,Scene II,Of Syracuse,So great a charge from thine own custody?,225
Act I,Scene II,Dromio Of Ephesus,"I pray you, air, as you sit at dinner:",226
Act I,Scene II,Dromio Of Ephesus,I from my mistress come to you in post;,227
Act I,Scene II,Dromio Of Ephesus,"If I return, I shall be post indeed,",228
Act I,Scene II,Dromio Of Ephesus,For she will score your fault upon my pate.,229
Act I,Scene II,Dromio Of Ephesus,"Methinks your maw, like mine, should be your clock,",230
Act I,Scene II,Dromio Of Ephesus,And strike you home without a messenger.,231
Act I,Scene II,Dromio Of Ephesus,ANTIPHOLUS,232
Act I,Scene II,Of Syracuse,"Come, Dromio, come, these jests are out of season;",233
Act I,Scene II,Of Syracuse,Reserve them till a merrier hour than this.,234
Act I,Scene II,Of Syracuse,Where is the gold I gave in charge to thee?,235
Act I,Scene II,Dromio Of Ephesus,"To me, sir? why, you gave no gold to me.",236
Act I,Scene II,Dromio Of Ephesus,ANTIPHOLUS,237
Act I,Scene II,Of Syracuse,"Come on, sir knave, have done your foolishness,",238
Act I,Scene II,Of Syracuse,And tell me how thou hast disposed thy charge.,239
Act I,Scene II,Dromio Of Ephesus,My charge was but to fetch you from the mart,240
Act I,Scene II,Dromio Of Ephesus,"Home to your house, the Phoenix, sir, to dinner:",241
Act I,Scene II,Dromio Of Ephesus,My mistress and her sister stays for you.,242
Act I,Scene II,Dromio Of Ephesus,ANTIPHOLUS,243
Act I,Scene II,Of Syracuse,"In what safe place you have bestow'd my money,",244
Act I,Scene II,Of Syracuse,Or I shall break that merry sconce of yours,245
Act I,Scene II,Of Syracuse,That stands on tricks when I am undisposed:,246
Act I,Scene II,Of Syracuse,Where is the thousand marks thou hadst of me?,247
Act I,Scene II,Dromio Of Ephesus,"I have some marks of yours upon my pate,",248
Act I,Scene II,Dromio Of Ephesus,"Some of my mistress' marks upon my shoulders,",249
Act I,Scene II,Dromio Of Ephesus,But not a thousand marks between you both.,250
Act I,Scene II,Dromio Of Ephesus,"If I should pay your worship those again,",251
Act I,Scene II,Dromio Of Ephesus,Perchance you will not bear them patiently.,252
Act I,Scene II,Dromio Of Ephesus,ANTIPHOLUS,253
Act I,Scene II,Of Syracuse,"Thy mistress' marks? what mistress, slave, hast thou?",254
Act I,Scene II,Dromio Of Ephesus,"Your worship's wife, my mistress at the Phoenix;",255
Act I,Scene II,Dromio Of Ephesus,"She that doth fast till you come home to dinner,",256
Act I,Scene II,Dromio Of Ephesus,And prays that you will hie you home to dinner.,257
Act I,Scene II,Dromio Of Ephesus,ANTIPHOLUS,258
Act I,Scene II,Of Syracuse,"What, wilt thou flout me thus unto my face,",259
Act I,Scene II,Of Syracuse,"Being forbid? There, take you that, sir knave.",260
Act I,Scene II,Dromio Of Ephesus,"What mean you, sir? for God's sake, hold your hands!",261
Act I,Scene II,Dromio Of Ephesus,"Nay, and you will not, sir, I'll take my heels.",262
Act I,Scene II,[stage direction],Exit,NA
Act I,Scene II,Dromio Of Ephesus,ANTIPHOLUS,263
Act I,Scene II,Of Syracuse,"Upon my life, by some device or other",264
Act I,Scene II,Of Syracuse,The villain is o'er-raught of all my money.,265
Act I,Scene II,Of Syracuse,"They say this town is full of cozenage,",266
Act I,Scene II,Of Syracuse,"As, nimble jugglers that deceive the eye,",267
Act I,Scene II,Of Syracuse,"Dark-working sorcerers that change the mind,",268
Act I,Scene II,Of Syracuse,"Soul-killing witches that deform the body,",269
Act I,Scene II,Of Syracuse,"Disguised cheaters, prating mountebanks,",270
Act I,Scene II,Of Syracuse,And many such-like liberties of sin:,271
Act I,Scene II,Of Syracuse,"If it prove so, I will be gone the sooner.",272
Act I,Scene II,Of Syracuse,"I'll to the Centaur, to go seek this slave:",273
Act I,Scene II,Of Syracuse,I greatly fear my money is not safe.,274
Act I,Scene II,[stage direction],Exit,NA
Act II,Scene I,[stage direction],Enter ADRIANA and LUCIANA,NA
Act II,Scene I,Adriana,"Neither my husband nor the slave return'd,",275
Act II,Scene I,Adriana,That in such haste I sent to seek his master!,276
Act II,Scene I,Adriana,"Sure, Luciana, it is two o'clock.",277
Act II,Scene I,Luciana,"Perhaps some merchant hath invited him,",278
Act II,Scene I,Luciana,And from the mart he's somewhere gone to dinner.,279
Act II,Scene I,Luciana,"Good sister, let us dine and never fret:",280
Act II,Scene I,Luciana,A man is master of his liberty:,281
Act II,Scene I,Luciana,"Time is their master, and, when they see time,",282
Act II,Scene I,Luciana,"They'll go or come: if so, be patient, sister.",283
Act II,Scene I,Adriana,Why should their liberty than ours be more?,284
Act II,Scene I,Luciana,Because their business still lies out o' door.,285
Act II,Scene I,Adriana,"Look, when I serve him so, he takes it ill.",286
Act II,Scene I,Luciana,"O, know he is the bridle of your will.",287
Act II,Scene I,Adriana,There's none but asses will be bridled so.,288
Act II,Scene I,Luciana,"Why, headstrong liberty is lash'd with woe.",289
Act II,Scene I,Luciana,There's nothing situate under heaven's eye,290
Act II,Scene I,Luciana,"But hath his bound, in earth, in sea, in sky:",291
Act II,Scene I,Luciana,"The beasts, the fishes, and the winged fowls,",292
Act II,Scene I,Luciana,Are their males' subjects and at their controls:,293
Act II,Scene I,Luciana,"Men, more divine, the masters of all these,",294
Act II,Scene I,Luciana,"Lords of the wide world and wild watery seas,",295
Act II,Scene I,Luciana,"Indued with intellectual sense and souls,",296
Act II,Scene I,Luciana,"Of more preeminence than fish and fowls,",297
Act II,Scene I,Luciana,"Are masters to their females, and their lords:",298
Act II,Scene I,Luciana,Then let your will attend on their accords.,299
Act II,Scene I,Adriana,This servitude makes you to keep unwed.,300
Act II,Scene I,Luciana,"Not this, but troubles of the marriage-bed.",301
Act II,Scene I,Adriana,"But, were you wedded, you would bear some sway.",302
Act II,Scene I,Luciana,"Ere I learn love, I'll practise to obey.",303
Act II,Scene I,Adriana,How if your husband start some other where?,304
Act II,Scene I,Luciana,"Till he come home again, I would forbear.",305
Act II,Scene I,Adriana,Patience unmoved! no marvel though she pause;,306
Act II,Scene I,Adriana,They can be meek that have no other cause.,307
Act II,Scene I,Adriana,"A wretched soul, bruised with adversity,",308
Act II,Scene I,Adriana,We bid be quiet when we hear it cry;,309
Act II,Scene I,Adriana,"But were we burdened with like weight of pain,",310
Act II,Scene I,Adriana,As much or more would we ourselves complain:,311
Act II,Scene I,Adriana,"So thou, that hast no unkind mate to grieve thee,",312
Act II,Scene I,Adriana,"With urging helpless patience wouldst relieve me,",313
Act II,Scene I,Adriana,"But, if thou live to see like right bereft,",314
Act II,Scene I,Adriana,This fool-begg'd patience in thee will be left.,315
Act II,Scene I,Luciana,"Well, I will marry one day, but to try.",316
Act II,Scene I,Luciana,Here comes your man; now is your husband nigh.,317
Act II,Scene I,[stage direction],Enter DROMIO of Ephesus,NA
Act II,Scene I,Adriana,"Say, is your tardy master now at hand?",318
Act II,Scene I,Dromio Of Ephesus,"Nay, he's at two hands with me, and that my two ears",319
Act II,Scene I,Dromio Of Ephesus,can witness.,320
Act II,Scene I,Adriana,"Say, didst thou speak with him? know'st thou his mind?",321
Act II,Scene I,Dromio Of Ephesus,"Ay, ay, he told his mind upon mine ear:",322
Act II,Scene I,Dromio Of Ephesus,"Beshrew his hand, I scarce could understand it.",323
Act II,Scene I,Luciana,"Spake he so doubtfully, thou couldst not feel his meaning?",324
Act II,Scene I,Dromio Of Ephesus,"Nay, he struck so plainly, I could too well feel his",325
Act II,Scene I,Dromio Of Ephesus,blows; and withal so doubtfully that I could scarce,326
Act II,Scene I,Dromio Of Ephesus,understand them.,327
Act II,Scene I,Adriana,"But say, I prithee, is he coming home? It seems he",328
Act II,Scene I,Adriana,hath great care to please his wife.,329
Act II,Scene I,Dromio Of Ephesus,"Why, mistress, sure my master is horn-mad.",330
Act II,Scene I,Adriana,"Horn-mad, thou villain!",331
Act II,Scene I,Dromio Of Ephesus,I mean not cuckold-mad;,332
Act II,Scene I,Dromio Of Ephesus,"But, sure, he is stark mad.",333
Act II,Scene I,Dromio Of Ephesus,"When I desired him to come home to dinner,",334
Act II,Scene I,Dromio Of Ephesus,He ask'd me for a thousand marks in gold:,335
Act II,Scene I,Dromio Of Ephesus,"''Tis dinner-time,' quoth I; 'My gold!' quoth he;",336
Act II,Scene I,Dromio Of Ephesus,"'Your meat doth burn,' quoth I; 'My gold!' quoth he:",337
Act II,Scene I,Dromio Of Ephesus,'Will you come home?' quoth I; 'My gold!' quoth he.,338
Act II,Scene I,Dromio Of Ephesus,"'Where is the thousand marks I gave thee, villain?'",339
Act II,Scene I,Dromio Of Ephesus,"'The pig,' quoth I, 'is burn'd;' 'My gold!' quoth he:",340
Act II,Scene I,Dromio Of Ephesus,"'My mistress, sir' quoth I; 'Hang up thy mistress!",341
Act II,Scene I,Dromio Of Ephesus,I know not thy mistress; out on thy mistress!',342
Act II,Scene I,Luciana,Quoth who?,343
Act II,Scene I,Dromio Of Ephesus,Quoth my master:,344
Act II,Scene I,Dromio Of Ephesus,"'I know,' quoth he, 'no house, no wife, no mistress.'",345
Act II,Scene I,Dromio Of Ephesus,"So that my errand, due unto my tongue,",346
Act II,Scene I,Dromio Of Ephesus,"I thank him, I bare home upon my shoulders;",347
Act II,Scene I,Dromio Of Ephesus,"For, in conclusion, he did beat me there.",348
Act II,Scene I,Adriana,"Go back again, thou slave, and fetch him home.",349
Act II,Scene I,Dromio Of Ephesus,"Go back again, and be new beaten home?",350
Act II,Scene I,Dromio Of Ephesus,"For God's sake, send some other messenger.",351
Act II,Scene I,Adriana,"Back, slave, or I will break thy pate across.",352
Act II,Scene I,Dromio Of Ephesus,And he will bless that cross with other beating:,353
Act II,Scene I,Dromio Of Ephesus,Between you I shall have a holy head.,354
Act II,Scene I,Adriana,"Hence, prating peasant! fetch thy master home.",355
Act II,Scene I,Dromio Of Ephesus,"Am I so round with you as you with me,",356
Act II,Scene I,Dromio Of Ephesus,That like a football you do spurn me thus?,357
Act II,Scene I,Dromio Of Ephesus,"You spurn me hence, and he will spurn me hither:",358
Act II,Scene I,Dromio Of Ephesus,"If I last in this service, you must case me in leather.",359
Act II,Scene I,[stage direction],Exit,NA
Act II,Scene I,Luciana,"Fie, how impatience loureth in your face!",360
Act II,Scene I,Adriana,"His company must do his minions grace,",361
Act II,Scene I,Adriana,Whilst I at home starve for a merry look.,362
Act II,Scene I,Adriana,Hath homely age the alluring beauty took,363
Act II,Scene I,Adriana,From my poor cheek? then he hath wasted it:,364
Act II,Scene I,Adriana,Are my discourses dull? barren my wit?,365
Act II,Scene I,Adriana,"If voluble and sharp discourse be marr'd,",366
Act II,Scene I,Adriana,Unkindness blunts it more than marble hard:,367
Act II,Scene I,Adriana,Do their gay vestments his affections bait?,368
Act II,Scene I,Adriana,That's not my fault: he's master of my state:,369
Act II,Scene I,Adriana,"What ruins are in me that can be found,",370
Act II,Scene I,Adriana,By him not ruin'd? then is he the ground,371
Act II,Scene I,Adriana,Of my defeatures. My decayed fair,372
Act II,Scene I,Adriana,A sunny look of his would soon repair,373
Act II,Scene I,Adriana,"But, too unruly deer, he breaks the pale",374
Act II,Scene I,Adriana,And feeds from home; poor I am but his stale.,375
Act II,Scene I,Luciana,"Self-harming jealousy! fie, beat it hence!",376
Act II,Scene I,Adriana,Unfeeling fools can with such wrongs dispense.,377
Act II,Scene I,Adriana,"I know his eye doth homage otherwhere,",378
Act II,Scene I,Adriana,Or else what lets it but he would be here?,379
Act II,Scene I,Adriana,"Sister, you know he promised me a chain;",380
Act II,Scene I,Adriana,"Would that alone, alone he would detain,",381
Act II,Scene I,Adriana,So he would keep fair quarter with his bed!,382
Act II,Scene I,Adriana,I see the jewel best enamelled,383
Act II,Scene I,Adriana,"Will lose his beauty; yet the gold bides still,",384
Act II,Scene I,Adriana,"That others touch, and often touching will",385
Act II,Scene I,Adriana,"Wear gold: and no man that hath a name,",386
Act II,Scene I,Adriana,By falsehood and corruption doth it shame.,387
Act II,Scene I,Adriana,"Since that my beauty cannot please his eye,",388
Act II,Scene I,Adriana,"I'll weep what's left away, and weeping die.",389
Act II,Scene I,Luciana,How many fond fools serve mad jealousy!,390
Act II,Scene I,[stage direction],Exeunt,NA
Act II,Scene II,[stage direction],Enter ANTIPHOLUS of Syracuse,NA
Act II,Scene II,Luciana,ANTIPHOLUS,391
Act II,Scene II,Of Syracuse,The gold I gave to Dromio is laid up,392
Act II,Scene II,Of Syracuse,Safe at the Centaur; and the heedful slave,393
Act II,Scene II,Of Syracuse,"Is wander'd forth, in care to seek me out",394
Act II,Scene II,Of Syracuse,By computation and mine host's report.,395
Act II,Scene II,Of Syracuse,I could not speak with Dromio since at first,396
Act II,Scene II,Of Syracuse,"I sent him from the mart. See, here he comes.",397
Act II,Scene II,[stage direction],Enter DROMIO of Syracuse,NA
Act II,Scene II,Of Syracuse,How now sir! is your merry humour alter'd?,398
Act II,Scene II,Of Syracuse,"As you love strokes, so jest with me again.",399
Act II,Scene II,Of Syracuse,You know no Centaur? you received no gold?,400
Act II,Scene II,Of Syracuse,Your mistress sent to have me home to dinner?,401
Act II,Scene II,Of Syracuse,"My house was at the Phoenix? Wast thou mad,",402
Act II,Scene II,Of Syracuse,That thus so madly thou didst answer me?,403
Act II,Scene II,Dromio Of Syracuse,"What answer, sir? when spake I such a word?",404
Act II,Scene II,Dromio Of Syracuse,ANTIPHOLUS,405
Act II,Scene II,Of Syracuse,"Even now, even here, not half an hour since.",406
Act II,Scene II,Dromio Of Syracuse,"I did not see you since you sent me hence,",407
Act II,Scene II,Dromio Of Syracuse,"Home to the Centaur, with the gold you gave me.",408
Act II,Scene II,Dromio Of Syracuse,ANTIPHOLUS,409
Act II,Scene II,Of Syracuse,"Villain, thou didst deny the gold's receipt,",410
Act II,Scene II,Of Syracuse,And told'st me of a mistress and a dinner;,411
Act II,Scene II,Of Syracuse,"For which, I hope, thou felt'st I was displeased.",412
Act II,Scene II,Dromio Of Syracuse,I am glad to see you in this merry vein:,413
Act II,Scene II,Dromio Of Syracuse,"What means this jest? I pray you, master, tell me.",414
Act II,Scene II,Dromio Of Syracuse,ANTIPHOLUS,415
Act II,Scene II,Of Syracuse,"Yea, dost thou jeer and flout me in the teeth?",416
Act II,Scene II,Of Syracuse,"Think'st thou I jest? Hold, take thou that, and that.",417
Act II,Scene II,[stage direction],Beating him,NA
Act II,Scene II,Dromio Of Syracuse,"Hold, sir, for God's sake! now your jest is earnest:",418
Act II,Scene II,Dromio Of Syracuse,Upon what bargain do you give it me?,419
Act II,Scene II,Dromio Of Syracuse,ANTIPHOLUS,420
Act II,Scene II,Of Syracuse,Because that I familiarly sometimes,421
Act II,Scene II,Of Syracuse,"Do use you for my fool and chat with you,",422
Act II,Scene II,Of Syracuse,Your sauciness will jest upon my love,423
Act II,Scene II,Of Syracuse,And make a common of my serious hours.,424
Act II,Scene II,Of Syracuse,"When the sun shines let foolish gnats make sport,",425
Act II,Scene II,Of Syracuse,But creep in crannies when he hides his beams.,426
Act II,Scene II,Of Syracuse,"If you will jest with me, know my aspect,",427
Act II,Scene II,Of Syracuse,"And fashion your demeanor to my looks,",428
Act II,Scene II,Of Syracuse,Or I will beat this method in your sconce.,429
Act II,Scene II,Dromio Of Syracuse,"Sconce call you it? so you would leave battering, I",430
Act II,Scene II,Dromio Of Syracuse,had rather have it a head: an you use these blows,431
Act II,Scene II,Dromio Of Syracuse,"long, I must get a sconce for my head and ensconce",432
Act II,Scene II,Dromio Of Syracuse,it too; or else I shall seek my wit in my shoulders.,433
Act II,Scene II,Dromio Of Syracuse,"But, I pray, sir why am I beaten?",434
Act II,Scene II,Dromio Of Syracuse,ANTIPHOLUS,435
Act II,Scene II,Of Syracuse,Dost thou not know?,436
Act II,Scene II,Dromio Of Syracuse,"Nothing, sir, but that I am beaten.",437
Act II,Scene II,Dromio Of Syracuse,ANTIPHOLUS,438
Act II,Scene II,Of Syracuse,Shall I tell you why?,439
Act II,Scene II,Dromio Of Syracuse,"Ay, sir, and wherefore; for they say every why hath",440
Act II,Scene II,Dromio Of Syracuse,a wherefore.,441
Act II,Scene II,Dromio Of Syracuse,ANTIPHOLUS,442
Act II,Scene II,Of Syracuse,"Why, first,--for flouting me; and then, wherefore--",443
Act II,Scene II,Of Syracuse,For urging it the second time to me.,444
Act II,Scene II,Dromio Of Syracuse,"Was there ever any man thus beaten out of season,",445
Act II,Scene II,Dromio Of Syracuse,When in the why and the wherefore is neither rhyme,446
Act II,Scene II,Dromio Of Syracuse,nor reason?,447
Act II,Scene II,Dromio Of Syracuse,"Well, sir, I thank you.",448
Act II,Scene II,Dromio Of Syracuse,ANTIPHOLUS,449
Act II,Scene II,Of Syracuse,"Thank me, sir, for what?",450
Act II,Scene II,Dromio Of Syracuse,"Marry, sir, for this something that you gave me for nothing.",451
Act II,Scene II,Dromio Of Syracuse,ANTIPHOLUS,452
Act II,Scene II,Of Syracuse,"I'll make you amends next, to give you nothing for",453
Act II,Scene II,Of Syracuse,"something. But say, sir, is it dinner-time?",454
Act II,Scene II,Dromio Of Syracuse,"No, sir; I think the meat wants that I have.",455
Act II,Scene II,Dromio Of Syracuse,ANTIPHOLUS,456
Act II,Scene II,Of Syracuse,"In good time, sir; what's that?",457
Act II,Scene II,Dromio Of Syracuse,Basting.,458
Act II,Scene II,Dromio Of Syracuse,ANTIPHOLUS,459
Act II,Scene II,Of Syracuse,"Well, sir, then 'twill be dry.",460
Act II,Scene II,Dromio Of Syracuse,"If it be, sir, I pray you, eat none of it.",461
Act II,Scene II,Dromio Of Syracuse,ANTIPHOLUS,462
Act II,Scene II,Of Syracuse,Your reason?,463
Act II,Scene II,Dromio Of Syracuse,Lest it make you choleric and purchase me another,464
Act II,Scene II,Dromio Of Syracuse,dry basting.,465
Act II,Scene II,Dromio Of Syracuse,ANTIPHOLUS,466
Act II,Scene II,Of Syracuse,"Well, sir, learn to jest in good time: there's a",467
Act II,Scene II,Of Syracuse,time for all things.,468
Act II,Scene II,Dromio Of Syracuse,"I durst have denied that, before you were so choleric.",469
Act II,Scene II,Dromio Of Syracuse,ANTIPHOLUS,470
Act II,Scene II,Of Syracuse,"By what rule, sir?",471
Act II,Scene II,Dromio Of Syracuse,"Marry, sir, by a rule as plain as the plain bald",472
Act II,Scene II,Dromio Of Syracuse,pate of father Time himself.,473
Act II,Scene II,Dromio Of Syracuse,ANTIPHOLUS,474
Act II,Scene II,Of Syracuse,Let's hear it.,475
Act II,Scene II,Dromio Of Syracuse,There's no time for a man to recover his hair that,476
Act II,Scene II,Dromio Of Syracuse,grows bald by nature.,477
Act II,Scene II,Dromio Of Syracuse,ANTIPHOLUS,478
Act II,Scene II,Of Syracuse,May he not do it by fine and recovery?,479
Act II,Scene II,Dromio Of Syracuse,"Yes, to pay a fine for a periwig and recover the",480
Act II,Scene II,Dromio Of Syracuse,lost hair of another man.,481
Act II,Scene II,Dromio Of Syracuse,ANTIPHOLUS,482
Act II,Scene II,Of Syracuse,"Why is Time such a niggard of hair, being, as it is,",483
Act II,Scene II,Of Syracuse,so plentiful an excrement?,484
Act II,Scene II,Dromio Of Syracuse,Because it is a blessing that he bestows on beasts;,485
Act II,Scene II,Dromio Of Syracuse,and what he hath scanted men in hair he hath given them in wit.,486
Act II,Scene II,Dromio Of Syracuse,ANTIPHOLUS,487
Act II,Scene II,Of Syracuse,"Why, but there's many a man hath more hair than wit.",488
Act II,Scene II,Dromio Of Syracuse,Not a man of those but he hath the wit to lose his hair.,489
Act II,Scene II,Dromio Of Syracuse,ANTIPHOLUS,490
Act II,Scene II,Of Syracuse,"Why, thou didst conclude hairy men plain dealers without wit.",491
Act II,Scene II,Dromio Of Syracuse,"The plainer dealer, the sooner lost: yet he loseth",492
Act II,Scene II,Dromio Of Syracuse,it in a kind of jollity.,493
Act II,Scene II,Dromio Of Syracuse,ANTIPHOLUS,494
Act II,Scene II,Of Syracuse,For what reason?,495
Act II,Scene II,Dromio Of Syracuse,For two; and sound ones too.,496
Act II,Scene II,Dromio Of Syracuse,ANTIPHOLUS,497
Act II,Scene II,Of Syracuse,"Nay, not sound, I pray you.",498
Act II,Scene II,Dromio Of Syracuse,"Sure ones, then.",499
Act II,Scene II,Dromio Of Syracuse,ANTIPHOLUS,500
Act II,Scene II,Of Syracuse,"Nay, not sure, in a thing falsing.",501
Act II,Scene II,Dromio Of Syracuse,Certain ones then.,502
Act II,Scene II,Dromio Of Syracuse,ANTIPHOLUS,503
Act II,Scene II,Of Syracuse,Name them.,504
Act II,Scene II,Dromio Of Syracuse,"The one, to save the money that he spends in",505
Act II,Scene II,Dromio Of Syracuse,"trimming; the other, that at dinner they should not",506
Act II,Scene II,Dromio Of Syracuse,drop in his porridge.,507
Act II,Scene II,Dromio Of Syracuse,ANTIPHOLUS,508
Act II,Scene II,Of Syracuse,You would all this time have proved there is no,509
Act II,Scene II,Of Syracuse,time for all things.,510
Act II,Scene II,Dromio Of Syracuse,"Marry, and did, sir; namely, no time to recover hair",511
Act II,Scene II,Dromio Of Syracuse,lost by nature.,512
Act II,Scene II,Dromio Of Syracuse,ANTIPHOLUS,513
Act II,Scene II,Of Syracuse,"But your reason was not substantial, why there is no",514
Act II,Scene II,Of Syracuse,time to recover.,515
Act II,Scene II,Dromio Of Syracuse,Thus I mend it: Time himself is bald and therefore,516
Act II,Scene II,Dromio Of Syracuse,to the world's end will have bald followers.,517
Act II,Scene II,Dromio Of Syracuse,ANTIPHOLUS,518
Act II,Scene II,Of Syracuse,I knew 'twould be a bald conclusion:,519
Act II,Scene II,Of Syracuse,"But, soft! who wafts us yonder?",520
Act II,Scene II,[stage direction],Enter ADRIANA and LUCIANA,NA
Act II,Scene II,Adriana,"Ay, ay, Antipholus, look strange and frown:",521
Act II,Scene II,Adriana,Some other mistress hath thy sweet aspects;,522
Act II,Scene II,Adriana,I am not Adriana nor thy wife.,523
Act II,Scene II,Adriana,The time was once when thou unurged wouldst vow,524
Act II,Scene II,Adriana,"That never words were music to thine ear,",525
Act II,Scene II,Adriana,"That never object pleasing in thine eye,",526
Act II,Scene II,Adriana,"That never touch well welcome to thy hand,",527
Act II,Scene II,Adriana,"That never meat sweet-savor'd in thy taste,",528
Act II,Scene II,Adriana,"Unless I spake, or look'd, or touch'd, or carved to thee.",529
Act II,Scene II,Adriana,"How comes it now, my husband, O, how comes it,",530
Act II,Scene II,Adriana,That thou art thus estranged from thyself?,531
Act II,Scene II,Adriana,"Thyself I call it, being strange to me,",532
Act II,Scene II,Adriana,"That, undividable, incorporate,",533
Act II,Scene II,Adriana,Am better than thy dear self's better part.,534
Act II,Scene II,Adriana,"Ah, do not tear away thyself from me!",535
Act II,Scene II,Adriana,"For know, my love, as easy mayest thou fall",536
Act II,Scene II,Adriana,"A drop of water in the breaking gulf,",537
Act II,Scene II,Adriana,"And take unmingled that same drop again,",538
Act II,Scene II,Adriana,"Without addition or diminishing,",539
Act II,Scene II,Adriana,As take from me thyself and not me too.,540
Act II,Scene II,Adriana,"How dearly would it touch me to the quick,",541
Act II,Scene II,Adriana,Shouldst thou but hear I were licentious,542
Act II,Scene II,Adriana,"And that this body, consecrate to thee,",543
Act II,Scene II,Adriana,By ruffian lust should be contaminate!,544
Act II,Scene II,Adriana,Wouldst thou not spit at me and spurn at me,545
Act II,Scene II,Adriana,And hurl the name of husband in my face,546
Act II,Scene II,Adriana,And tear the stain'd skin off my harlot-brow,547
Act II,Scene II,Adriana,And from my false hand cut the wedding-ring,548
Act II,Scene II,Adriana,And break it with a deep-divorcing vow?,549
Act II,Scene II,Adriana,I know thou canst; and therefore see thou do it.,550
Act II,Scene II,Adriana,I am possess'd with an adulterate blot;,551
Act II,Scene II,Adriana,My blood is mingled with the crime of lust:,552
Act II,Scene II,Adriana,"For if we too be one and thou play false,",553
Act II,Scene II,Adriana,"I do digest the poison of thy flesh,",554
Act II,Scene II,Adriana,Being strumpeted by thy contagion.,555
Act II,Scene II,Adriana,Keep then far league and truce with thy true bed;,556
Act II,Scene II,Adriana,"I live unstain'd, thou undishonoured.",557
Act II,Scene II,Adriana,ANTIPHOLUS,558
Act II,Scene II,Of Syracuse,"Plead you to me, fair dame? I know you not:",559
Act II,Scene II,Of Syracuse,"In Ephesus I am but two hours old,",560
Act II,Scene II,Of Syracuse,As strange unto your town as to your talk;,561
Act II,Scene II,Of Syracuse,"Who, every word by all my wit being scann'd,",562
Act II,Scene II,Of Syracuse,Want wit in all one word to understand.,563
Act II,Scene II,Luciana,"Fie, brother! how the world is changed with you!",564
Act II,Scene II,Luciana,When were you wont to use my sister thus?,565
Act II,Scene II,Luciana,She sent for you by Dromio home to dinner.,566
Act II,Scene II,Luciana,ANTIPHOLUS,567
Act II,Scene II,Of Syracuse,By Dromio?,568
Act II,Scene II,Dromio Of Syracuse,By me?,569
Act II,Scene II,Adriana,"By thee; and this thou didst return from him,",570
Act II,Scene II,Adriana,"That he did buffet thee, and, in his blows,",571
Act II,Scene II,Adriana,"Denied my house for his, me for his wife.",572
Act II,Scene II,Adriana,ANTIPHOLUS,573
Act II,Scene II,Of Syracuse,"Did you converse, sir, with this gentlewoman?",574
Act II,Scene II,Of Syracuse,What is the course and drift of your compact?,575
Act II,Scene II,Dromio Of Syracuse,"I, sir? I never saw her till this time.",576
Act II,Scene II,Dromio Of Syracuse,ANTIPHOLUS,577
Act II,Scene II,Of Syracuse,"Villain, thou liest; for even her very words",578
Act II,Scene II,Of Syracuse,Didst thou deliver to me on the mart.,579
Act II,Scene II,Dromio Of Syracuse,I never spake with her in all my life.,580
Act II,Scene II,Dromio Of Syracuse,ANTIPHOLUS,581
Act II,Scene II,Of Syracuse,"How can she thus then call us by our names,",582
Act II,Scene II,Of Syracuse,Unless it be by inspiration.,583
Act II,Scene II,Adriana,How ill agrees it with your gravity,584
Act II,Scene II,Adriana,"To counterfeit thus grossly with your slave,",585
Act II,Scene II,Adriana,Abetting him to thwart me in my mood!,586
Act II,Scene II,Adriana,"Be it my wrong you are from me exempt,",587
Act II,Scene II,Adriana,But wrong not that wrong with a more contempt.,588
Act II,Scene II,Adriana,"Come, I will fasten on this sleeve of thine:",589
Act II,Scene II,Adriana,"Thou art an elm, my husband, I a vine,",590
Act II,Scene II,Adriana,"Whose weakness, married to thy stronger state,",591
Act II,Scene II,Adriana,Makes me with thy strength to communicate:,592
Act II,Scene II,Adriana,"If aught possess thee from me, it is dross,",593
Act II,Scene II,Adriana,"Usurping ivy, brier, or idle moss;",594
Act II,Scene II,Adriana,"Who, all for want of pruning, with intrusion",595
Act II,Scene II,Adriana,Infect thy sap and live on thy confusion.,596
Act II,Scene II,Adriana,ANTIPHOLUS,597
Act II,Scene II,Of Syracuse,To me she speaks; she moves me for her theme:,598
Act II,Scene II,Of Syracuse,"What, was I married to her in my dream?",599
Act II,Scene II,Of Syracuse,Or sleep I now and think I hear all this?,600
Act II,Scene II,Of Syracuse,What error drives our eyes and ears amiss?,601
Act II,Scene II,Of Syracuse,"Until I know this sure uncertainty,",602
Act II,Scene II,Of Syracuse,I'll entertain the offer'd fallacy.,603
Act II,Scene II,Luciana,"Dromio, go bid the servants spread for dinner.",604
Act II,Scene II,Dromio Of Syracuse,"O, for my beads! I cross me for a sinner.",605
Act II,Scene II,Dromio Of Syracuse,This is the fairy land: O spite of spites!,606
Act II,Scene II,Dromio Of Syracuse,"We talk with goblins, owls and sprites:",607
Act II,Scene II,Dromio Of Syracuse,"If we obey them not, this will ensue,",608
Act II,Scene II,Dromio Of Syracuse,"They'll suck our breath, or pinch us black and blue.",609
Act II,Scene II,Luciana,Why pratest thou to thyself and answer'st not?,610
Act II,Scene II,Luciana,"Dromio, thou drone, thou snail, thou slug, thou sot!",611
Act II,Scene II,Dromio Of Syracuse,"I am transformed, master, am I not?",612
Act II,Scene II,Dromio Of Syracuse,ANTIPHOLUS,613
Act II,Scene II,Of Syracuse,"I think thou art in mind, and so am I.",614
Act II,Scene II,Dromio Of Syracuse,"Nay, master, both in mind and in my shape.",615
Act II,Scene II,Dromio Of Syracuse,ANTIPHOLUS,616
Act II,Scene II,Of Syracuse,Thou hast thine own form.,617
Act II,Scene II,Dromio Of Syracuse,"No, I am an ape.",618
Act II,Scene II,Luciana,"If thou art changed to aught, 'tis to an ass.",619
Act II,Scene II,Dromio Of Syracuse,'Tis true; she rides me and I long for grass.,620
Act II,Scene II,Dromio Of Syracuse,"'Tis so, I am an ass; else it could never be",621
Act II,Scene II,Dromio Of Syracuse,But I should know her as well as she knows me.,622
Act II,Scene II,Adriana,"Come, come, no longer will I be a fool,",623
Act II,Scene II,Adriana,"To put the finger in the eye and weep,",624
Act II,Scene II,Adriana,Whilst man and master laugh my woes to scorn.,625
Act II,Scene II,Adriana,"Come, sir, to dinner. Dromio, keep the gate.",626
Act II,Scene II,Adriana,"Husband, I'll dine above with you to-day",627
Act II,Scene II,Adriana,And shrive you of a thousand idle pranks.,628
Act II,Scene II,Adriana,"Sirrah, if any ask you for your master,",629
Act II,Scene II,Adriana,"Say he dines forth, and let no creature enter.",630
Act II,Scene II,Adriana,"Come, sister. Dromio, play the porter well.",631
Act II,Scene II,Adriana,ANTIPHOLUS,632
Act II,Scene II,Of Syracuse,"Am I in earth, in heaven, or in hell?",633
Act II,Scene II,Of Syracuse,Sleeping or waking? mad or well-advised?,634
Act II,Scene II,Of Syracuse,"Known unto these, and to myself disguised!",635
Act II,Scene II,Of Syracuse,"I'll say as they say and persever so,",636
Act II,Scene II,Of Syracuse,And in this mist at all adventures go.,637
Act II,Scene II,Dromio Of Syracuse,"Master, shall I be porter at the gate?",638
Act II,Scene II,Adriana,"Ay; and let none enter, lest I break your pate.",639
Act II,Scene II,Luciana,"Come, come, Antipholus, we dine too late.",640
Act II,Scene II,[stage direction],Exeunt,NA
Act III,Scene I,[stage direction],"Enter ANTIPHOLUS of Ephesus, DROMIO of Ephesus, ANGELO, and BALTHAZAR",NA
Act III,Scene I,Luciana,ANTIPHOLUS,641
Act III,Scene I,Of Ephesus,"Good Signior Angelo, you must excuse us all;",642
Act III,Scene I,Of Ephesus,My wife is shrewish when I keep not hours:,643
Act III,Scene I,Of Ephesus,Say that I linger'd with you at your shop,644
Act III,Scene I,Of Ephesus,"To see the making of her carcanet,",645
Act III,Scene I,Of Ephesus,And that to-morrow you will bring it home.,646
Act III,Scene I,Of Ephesus,But here's a villain that would face me down,647
Act III,Scene I,Of Ephesus,"He met me on the mart, and that I beat him,",648
Act III,Scene I,Of Ephesus,"And charged him with a thousand marks in gold,",649
Act III,Scene I,Of Ephesus,And that I did deny my wife and house.,650
Act III,Scene I,Of Ephesus,"Thou drunkard, thou, what didst thou mean by this?",651
Act III,Scene I,Dromio Of Ephesus,"Say what you will, sir, but I know what I know;",652
Act III,Scene I,Dromio Of Ephesus,"That you beat me at the mart, I have your hand to show:",653
Act III,Scene I,Dromio Of Ephesus,"If the skin were parchment, and the blows you gave were ink,",654
Act III,Scene I,Dromio Of Ephesus,Your own handwriting would tell you what I think.,655
Act III,Scene I,Dromio Of Ephesus,ANTIPHOLUS,656
Act III,Scene I,Of Ephesus,I think thou art an ass.,657
Act III,Scene I,Dromio Of Ephesus,"Marry, so it doth appear",658
Act III,Scene I,Dromio Of Ephesus,By the wrongs I suffer and the blows I bear.,659
Act III,Scene I,Dromio Of Ephesus,"I should kick, being kick'd; and, being at that pass,",660
Act III,Scene I,Dromio Of Ephesus,You would keep from my heels and beware of an ass.,661
Act III,Scene I,Dromio Of Ephesus,ANTIPHOLUS,662
Act III,Scene I,Of Ephesus,"You're sad, Signior Balthazar: pray God our cheer",663
Act III,Scene I,Of Ephesus,May answer my good will and your good welcome here.,664
Act III,Scene I,Balthazar,"I hold your dainties cheap, sir, and your",665
Act III,Scene I,Balthazar,welcome dear.,666
Act III,Scene I,Balthazar,ANTIPHOLUS,667
Act III,Scene I,Of Ephesus,"O, Signior Balthazar, either at flesh or fish,",668
Act III,Scene I,Of Ephesus,A table full of welcome make scarce one dainty dish.,669
Act III,Scene I,Balthazar,"Good meat, sir, is common; that every churl affords.",670
Act III,Scene I,Balthazar,ANTIPHOLUS,671
Act III,Scene I,Of Ephesus,And welcome more common; for that's nothing but words.,672
Act III,Scene I,Balthazar,Small cheer and great welcome makes a merry feast.,673
Act III,Scene I,Balthazar,ANTIPHOLUS,674
Act III,Scene I,Of Ephesus,"Ay, to a niggardly host, and more sparing guest:",675
Act III,Scene I,Of Ephesus,"But though my cates be mean, take them in good part;",676
Act III,Scene I,Of Ephesus,"Better cheer may you have, but not with better heart.",677
Act III,Scene I,Of Ephesus,"But, soft! my door is lock'd. Go bid them let us in.",678
Act III,Scene I,Dromio Of Ephesus,"Maud, Bridget, Marian, Cicel, Gillian, Ginn!",679
Act III,Scene I,Dromio Of Syracuse,"[Within]  Mome, malt-horse, capon, coxcomb,",680
Act III,Scene I,Dromio Of Syracuse,"idiot, patch!",681
Act III,Scene I,Dromio Of Syracuse,"Either get thee from the door, or sit down at the hatch.",682
Act III,Scene I,Dromio Of Syracuse,"Dost thou conjure for wenches, that thou call'st",683
Act III,Scene I,Dromio Of Syracuse,"for such store,",684
Act III,Scene I,Dromio Of Syracuse,"When one is one too many? Go, get thee from the door.",685
Act III,Scene I,Dromio Of Ephesus,What patch is made our porter? My master stays in,686
Act III,Scene I,Dromio Of Ephesus,the street.,687
Act III,Scene I,Dromio Of Syracuse,"[Within]  Let him walk from whence he came, lest he",688
Act III,Scene I,Dromio Of Syracuse,catch cold on's feet.,689
Act III,Scene I,Dromio Of Syracuse,ANTIPHOLUS,690
Act III,Scene I,Of Ephesus,"Who talks within there? ho, open the door!",691
Act III,Scene I,Dromio Of Syracuse,"[Within]  Right, sir; I'll tell you when, an you tell",692
Act III,Scene I,Dromio Of Syracuse,me wherefore.,693
Act III,Scene I,Dromio Of Syracuse,ANTIPHOLUS,694
Act III,Scene I,Of Ephesus,Wherefore? for my dinner: I have not dined to-day.,695
Act III,Scene I,Dromio Of Syracuse,[Within]  Nor to-day here you must not; come again,696
Act III,Scene I,Dromio Of Syracuse,when you may.,697
Act III,Scene I,Dromio Of Syracuse,ANTIPHOLUS,698
Act III,Scene I,Of Ephesus,What art thou that keepest me out from the house I owe?,699
Act III,Scene I,Dromio Of Syracuse,"[Within]  The porter for this time, sir, and my name",700
Act III,Scene I,Dromio Of Syracuse,is Dromio.,701
Act III,Scene I,Dromio Of Ephesus,O villain! thou hast stolen both mine office and my name.,702
Act III,Scene I,Dromio Of Ephesus,"The one ne'er got me credit, the other mickle blame.",703
Act III,Scene I,Dromio Of Ephesus,"If thou hadst been Dromio to-day in my place,",704
Act III,Scene I,Dromio Of Ephesus,Thou wouldst have changed thy face for a name or thy,705
Act III,Scene I,Dromio Of Ephesus,name for an ass.,706
Act III,Scene I,Luce,"[Within]  What a coil is there, Dromio? who are those",707
Act III,Scene I,Luce,at the gate?,708
Act III,Scene I,Dromio Of Ephesus,"Let my master in, Luce.",709
Act III,Scene I,Luce,"[Within]  Faith, no; he comes too late;",710
Act III,Scene I,Luce,And so tell your master.,711
Act III,Scene I,Dromio Of Ephesus,"O Lord, I must laugh!",712
Act III,Scene I,Dromio Of Ephesus,Have at you with a proverb--Shall I set in my staff?,713
Act III,Scene I,Luce,[Within]  Have at you with another; that's--When?,714
Act III,Scene I,Luce,can you tell?,715
Act III,Scene I,Dromio Of Syracuse,"[Within]  If thy name be call'd Luce--Luce, thou hast",716
Act III,Scene I,Dromio Of Syracuse,answered him well.,717
Act III,Scene I,Antipholus,"Do you hear, you minion? you'll let us in, I hope?",718
Act III,Scene I,Antipholus,OF EPHESUS,719
Act III,Scene I,Luce,[Within]  I thought to have asked you.,720
Act III,Scene I,Dromio Of Syracuse,[Within]  And you said no.,721
Act III,Scene I,Dromio Of Ephesus,"So, come, help: well struck! there was blow for blow.",722
Act III,Scene I,Dromio Of Ephesus,ANTIPHOLUS,723
Act III,Scene I,Of Ephesus,"Thou baggage, let me in.",724
Act III,Scene I,Luce,[Within]  Can you tell for whose sake?,725
Act III,Scene I,Dromio Of Ephesus,"Master, knock the door hard.",726
Act III,Scene I,Luce,[Within]  Let him knock till it ache.,727
Act III,Scene I,Luce,ANTIPHOLUS,728
Act III,Scene I,Of Ephesus,"You'll cry for this, minion, if I beat the door down.",729
Act III,Scene I,Luce,"[Within]  What needs all that, and a pair of stocks in the town?",730
Act III,Scene I,Adriana,[Within]  Who is that at the door that keeps all,731
Act III,Scene I,Adriana,this noise?,732
Act III,Scene I,Dromio Of Syracuse,"[Within]  By my troth, your town is troubled with",733
Act III,Scene I,Dromio Of Syracuse,unruly boys.,734
Act III,Scene I,Dromio Of Syracuse,ANTIPHOLUS,735
Act III,Scene I,Of Ephesus,"Are you there, wife? you might have come before.",736
Act III,Scene I,Adriana,"[Within]  Your wife, sir knave! go get you from the door.",737
Act III,Scene I,Dromio Of Ephesus,"If you went in pain, master, this 'knave' would go sore.",738
Act III,Scene I,Angelo,"Here is neither cheer, sir, nor welcome: we would",739
Act III,Scene I,Angelo,fain have either.,740
Act III,Scene I,Balthazar,"In debating which was best, we shall part with neither.",741
Act III,Scene I,Dromio Of Ephesus,"They stand at the door, master; bid them welcome hither.",742
Act III,Scene I,Dromio Of Ephesus,ANTIPHOLUS,743
Act III,Scene I,Of Ephesus,"There is something in the wind, that we cannot get in.",744
Act III,Scene I,Dromio Of Ephesus,"You would say so, master, if your garments were thin.",745
Act III,Scene I,Dromio Of Ephesus,Your cake there is warm within; you stand here in the cold:,746
Act III,Scene I,Dromio Of Ephesus,"It would make a man mad as a buck, to be so bought and sold.",747
Act III,Scene I,Dromio Of Ephesus,ANTIPHOLUS,748
Act III,Scene I,Of Ephesus,Go fetch me something: I'll break ope the gate.,749
Act III,Scene I,Dromio Of Syracuse,"[Within]  Break any breaking here, and I'll break your",750
Act III,Scene I,Dromio Of Syracuse,knave's pate.,751
Act III,Scene I,Dromio Of Ephesus,"A man may break a word with you, sir, and words are but wind,",752
Act III,Scene I,Dromio Of Ephesus,"Ay, and break it in your face, so he break it not behind.",753
Act III,Scene I,Dromio Of Syracuse,[Within]  It seems thou want'st breaking: out upon,754
Act III,Scene I,Dromio Of Syracuse,"thee, hind!",755
Act III,Scene I,Dromio Of Ephesus,"Here's too much 'out upon thee!' I pray thee,",756
Act III,Scene I,Dromio Of Ephesus,let me in.,757
Act III,Scene I,Dromio Of Syracuse,"[Within]  Ay, when fowls have no feathers and fish have no fin.",758
Act III,Scene I,Dromio Of Syracuse,ANTIPHOLUS,759
Act III,Scene I,Of Ephesus,"Well, I'll break in: go borrow me a crow.",760
Act III,Scene I,Dromio Of Ephesus,"A crow without feather? Master, mean you so?",761
Act III,Scene I,Dromio Of Ephesus,"For a fish without a fin, there's a fowl without a feather;",762
Act III,Scene I,Dromio Of Ephesus,"If a crow help us in, sirrah, we'll pluck a crow together.",763
Act III,Scene I,Dromio Of Ephesus,ANTIPHOLUS,764
Act III,Scene I,Of Ephesus,Go get thee gone; fetch me an iron crow.,765
Act III,Scene I,Balthazar,"Have patience, sir; O, let it not be so!",766
Act III,Scene I,Balthazar,Herein you war against your reputation,767
Act III,Scene I,Balthazar,And draw within the compass of suspect,768
Act III,Scene I,Balthazar,The unviolated honour of your wife.,769
Act III,Scene I,Balthazar,"Once this,--your long experience of her wisdom,",770
Act III,Scene I,Balthazar,"Her sober virtue, years and modesty,",771
Act III,Scene I,Balthazar,Plead on her part some cause to you unknown:,772
Act III,Scene I,Balthazar,"And doubt not, sir, but she will well excuse",773
Act III,Scene I,Balthazar,Why at this time the doors are made against you.,774
Act III,Scene I,Balthazar,"Be ruled by me: depart in patience,",775
Act III,Scene I,Balthazar,"And let us to the Tiger all to dinner,",776
Act III,Scene I,Balthazar,And about evening come yourself alone,777
Act III,Scene I,Balthazar,To know the reason of this strange restraint.,778
Act III,Scene I,Balthazar,If by strong hand you offer to break in,779
Act III,Scene I,Balthazar,"Now in the stirring passage of the day,",780
Act III,Scene I,Balthazar,"A vulgar comment will be made of it,",781
Act III,Scene I,Balthazar,And that supposed by the common rout,782
Act III,Scene I,Balthazar,Against your yet ungalled estimation,783
Act III,Scene I,Balthazar,That may with foul intrusion enter in,784
Act III,Scene I,Balthazar,And dwell upon your grave when you are dead;,785
Act III,Scene I,Balthazar,"For slander lives upon succession,",786
Act III,Scene I,Balthazar,For ever housed where it gets possession.,787
Act III,Scene I,Balthazar,ANTIPHOLUS,788
Act III,Scene I,Of Ephesus,"You have prevailed: I will depart in quiet,",789
Act III,Scene I,Of Ephesus,"And, in despite of mirth, mean to be merry.",790
Act III,Scene I,Of Ephesus,"I know a wench of excellent discourse,",791
Act III,Scene I,Of Ephesus,"Pretty and witty; wild, and yet, too, gentle:",792
Act III,Scene I,Of Ephesus,"There will we dine. This woman that I mean,",793
Act III,Scene I,Of Ephesus,"My wife--but, I protest, without desert--",794
Act III,Scene I,Of Ephesus,Hath oftentimes upbraided me withal:,795
Act III,Scene I,Of Ephesus,To her will we to dinner.,796
Act III,Scene I,[stage direction],To Angelo,NA
Act III,Scene I,Of Ephesus,Get you home,797
Act III,Scene I,Of Ephesus,And fetch the chain; by this I know 'tis made:,798
Act III,Scene I,Of Ephesus,"Bring it, I pray you, to the Porpentine;",799
Act III,Scene I,Of Ephesus,For there's the house: that chain will I bestow--,800
Act III,Scene I,Of Ephesus,Be it for nothing but to spite my wife--,801
Act III,Scene I,Of Ephesus,"Upon mine hostess there: good sir, make haste.",802
Act III,Scene I,Of Ephesus,"Since mine own doors refuse to entertain me,",803
Act III,Scene I,Of Ephesus,"I'll knock elsewhere, to see if they'll disdain me.",804
Act III,Scene I,Angelo,I'll meet you at that place some hour hence.,805
Act III,Scene I,Angelo,ANTIPHOLUS,806
Act III,Scene I,Of Ephesus,Do so. This jest shall cost me some expense.,807
Act III,Scene I,[stage direction],Exeunt,NA
Act III,Scene II,[stage direction],Enter LUCIANA and ANTIPHOLUS of Syracuse,NA
Act III,Scene II,Luciana,And may it be that you have quite forgot,808
Act III,Scene II,Luciana,"A husband's office? shall, Antipholus.",809
Act III,Scene II,Luciana,"Even in the spring of love, thy love-springs rot?",810
Act III,Scene II,Luciana,"Shall love, in building, grow so ruinous?",811
Act III,Scene II,Luciana,"If you did wed my sister for her wealth,",812
Act III,Scene II,Luciana,Then for her wealth's sake use her with more kindness:,813
Act III,Scene II,Luciana,"Or if you like elsewhere, do it by stealth;",814
Act III,Scene II,Luciana,Muffle your false love with some show of blindness:,815
Act III,Scene II,Luciana,Let not my sister read it in your eye;,816
Act III,Scene II,Luciana,Be not thy tongue thy own shame's orator;,817
Act III,Scene II,Luciana,"Look sweet, be fair, become disloyalty;",818
Act III,Scene II,Luciana,Apparel vice like virtue's harbinger;,819
Act III,Scene II,Luciana,"Bear a fair presence, though your heart be tainted;",820
Act III,Scene II,Luciana,Teach sin the carriage of a holy saint;,821
Act III,Scene II,Luciana,Be secret-false: what need she be acquainted?,822
Act III,Scene II,Luciana,What simple thief brags of his own attaint?,823
Act III,Scene II,Luciana,"'Tis double wrong, to truant with your bed",824
Act III,Scene II,Luciana,And let her read it in thy looks at board:,825
Act III,Scene II,Luciana,"Shame hath a bastard fame, well managed;",826
Act III,Scene II,Luciana,Ill d eeds are doubled with an evil word.,827
Act III,Scene II,Luciana,"Alas, poor women! make us but believe,",828
Act III,Scene II,Luciana,"Being compact of credit, that you love us;",829
Act III,Scene II,Luciana,"Though others have the arm, show us the sleeve;",830
Act III,Scene II,Luciana,We in your motion turn and you may move us.,831
Act III,Scene II,Luciana,"Then, gentle brother, get you in again;",832
Act III,Scene II,Luciana,"Comfort my sister, cheer her, call her wife:",833
Act III,Scene II,Luciana,"'Tis holy sport to be a little vain,",834
Act III,Scene II,Luciana,When the sweet breath of flattery conquers strife.,835
Act III,Scene II,Luciana,ANTIPHOLUS,836
Act III,Scene II,Of Syracuse,"Sweet mistress--what your name is else, I know not,",837
Act III,Scene II,Of Syracuse,"Nor by what wonder you do hit of mine,--",838
Act III,Scene II,Of Syracuse,Less in your knowledge and your grace you show not,839
Act III,Scene II,Of Syracuse,"Than our earth's wonder, more than earth divine.",840
Act III,Scene II,Of Syracuse,"Teach me, dear creature, how to think and speak;",841
Act III,Scene II,Of Syracuse,"Lay open to my earthy-gross conceit,",842
Act III,Scene II,Of Syracuse,"Smother'd in errors, feeble, shallow, weak,",843
Act III,Scene II,Of Syracuse,The folded meaning of your words' deceit.,844
Act III,Scene II,Of Syracuse,Against my soul's pure truth why labour you,845
Act III,Scene II,Of Syracuse,To make it wander in an unknown field?,846
Act III,Scene II,Of Syracuse,Are you a god? would you create me new?,847
Act III,Scene II,Of Syracuse,"Transform me then, and to your power I'll yield.",848
Act III,Scene II,Of Syracuse,"But if that I am I, then well I know",849
Act III,Scene II,Of Syracuse,"Your weeping sister is no wife of mine,",850
Act III,Scene II,Of Syracuse,Nor to her bed no homage do I owe,851
Act III,Scene II,Of Syracuse,"Far more, far more to you do I decline.",852
Act III,Scene II,Of Syracuse,"O, train me not, sweet mermaid, with thy note,",853
Act III,Scene II,Of Syracuse,To drown me in thy sister's flood of tears:,854
Act III,Scene II,Of Syracuse,"Sing, siren, for thyself and I will dote:",855
Act III,Scene II,Of Syracuse,"Spread o'er the silver waves thy golden hairs,",856
Act III,Scene II,Of Syracuse,"And as a bed I'll take them and there lie,",857
Act III,Scene II,Of Syracuse,And in that glorious supposition think,858
Act III,Scene II,Of Syracuse,He gains by death that hath such means to die:,859
Act III,Scene II,Of Syracuse,"Let Love, being light, be drowned if she sink!",860
Act III,Scene II,Luciana,"What, are you mad, that you do reason so?",861
Act III,Scene II,Luciana,ANTIPHOLUS,862
Act III,Scene II,Of Syracuse,"Not mad, but mated; how, I do not know.",863
Act III,Scene II,Luciana,It is a fault that springeth from your eye.,864
Act III,Scene II,Luciana,ANTIPHOLUS,865
Act III,Scene II,Of Syracuse,"For gazing on your beams, fair sun, being by.",866
Act III,Scene II,Luciana,"Gaze where you should, and that will clear your sight.",867
Act III,Scene II,Luciana,ANTIPHOLUS,868
Act III,Scene II,Of Syracuse,"As good to wink, sweet love, as look on night.",869
Act III,Scene II,Luciana,Why call you me love? call my sister so.,870
Act III,Scene II,Luciana,ANTIPHOLUS,871
Act III,Scene II,Of Syracuse,Thy sister's sister.,872
Act III,Scene II,Luciana,That's my sister.,873
Act III,Scene II,Luciana,ANTIPHOLUS,874
Act III,Scene II,Of Syracuse,No;,875
Act III,Scene II,Of Syracuse,"It is thyself, mine own self's better part,",876
Act III,Scene II,Of Syracuse,"Mine eye's clear eye, my dear heart's dearer heart,",877
Act III,Scene II,Of Syracuse,"My food, my fortune and my sweet hope's aim,",878
Act III,Scene II,Of Syracuse,My sole earth's heaven and my heaven's claim.,879
Act III,Scene II,Luciana,"All this my sister is, or else should be.",880
Act III,Scene II,Luciana,ANTIPHOLUS,881
Act III,Scene II,Of Syracuse,"Call thyself sister, sweet, for I am thee.",882
Act III,Scene II,Of Syracuse,Thee will I love and with thee lead my life:,883
Act III,Scene II,Of Syracuse,Thou hast no husband yet nor I no wife.,884
Act III,Scene II,Of Syracuse,Give me thy hand.,885
Act III,Scene II,Luciana,"O, soft, air! hold you still:",886
Act III,Scene II,Luciana,"I'll fetch my sister, to get her good will.",887
Act III,Scene II,[stage direction],Exit,NA
Act III,Scene II,[stage direction],Enter DROMIO of Syracuse,NA
Act III,Scene II,Luciana,ANTIPHOLUS,888
Act III,Scene II,Of Syracuse,"Why, how now, Dromio! where runn'st thou so fast?",889
Act III,Scene II,Dromio Of Syracuse,"Do you know me, sir? am I Dromio? am I your man?",890
Act III,Scene II,Dromio Of Syracuse,am I myself?,891
Act III,Scene II,Dromio Of Syracuse,ANTIPHOLUS,892
Act III,Scene II,Of Syracuse,"Thou art Dromio, thou art my man, thou art thyself.",893
Act III,Scene II,Dromio Of Syracuse,"I am an ass, I am a woman's man and besides myself.",894
Act III,Scene II,Antipholus,What woman's man? and how besides thyself? besides thyself?,895
Act III,Scene II,Dromio Of Syracuse,"Marry, sir, besides myself, I am due to a woman; one",896
Act III,Scene II,Dromio Of Syracuse,"that claims me, one that haunts me, one that will have me.",897
Act III,Scene II,Dromio Of Syracuse,ANTIPHOLUS,898
Act III,Scene II,Of Syracuse,What claim lays she to thee?,899
Act III,Scene II,Dromio Of Syracuse,"Marry sir, such claim as you would lay to your",900
Act III,Scene II,Dromio Of Syracuse,"horse; and she would have me as a beast: not that, I",901
Act III,Scene II,Dromio Of Syracuse,"being a beast, she would have me; but that she,",902
Act III,Scene II,Dromio Of Syracuse,"being a very beastly creature, lays claim to me.",903
Act III,Scene II,Dromio Of Syracuse,ANTIPHOLUS,904
Act III,Scene II,Of Syracuse,What is she?,905
Act III,Scene II,Dromio Of Syracuse,"A very reverent body; ay, such a one as a man may",906
Act III,Scene II,Dromio Of Syracuse,not speak of without he say 'Sir-reverence.' I have,907
Act III,Scene II,Dromio Of Syracuse,"but lean luck in the match, and yet is she a",908
Act III,Scene II,Dromio Of Syracuse,wondrous fat marriage.,909
Act III,Scene II,Dromio Of Syracuse,ANTIPHOLUS,910
Act III,Scene II,Of Syracuse,How dost thou mean a fat marriage?,911
Act III,Scene II,Dromio Of Syracuse,"Marry, sir, she's the kitchen wench and all grease;",912
Act III,Scene II,Dromio Of Syracuse,and I know not what use to put her to but to make a,913
Act III,Scene II,Dromio Of Syracuse,lamp of her and run from her by her own light. I,914
Act III,Scene II,Dromio Of Syracuse,"warrant, her rags and the tallow in them will burn a",915
Act III,Scene II,Dromio Of Syracuse,"Poland winter: if she lives till doomsday,",916
Act III,Scene II,Dromio Of Syracuse,she'll burn a week longer than the whole world.,917
Act III,Scene II,Dromio Of Syracuse,ANTIPHOLUS,918
Act III,Scene II,Of Syracuse,What complexion is she of?,919
Act III,Scene II,Dromio Of Syracuse,"Swart, like my shoe, but her face nothing half so",920
Act III,Scene II,Dromio Of Syracuse,"clean kept: for why, she sweats; a man may go over",921
Act III,Scene II,Dromio Of Syracuse,shoes in the grime of it.,922
Act III,Scene II,Dromio Of Syracuse,ANTIPHOLUS,923
Act III,Scene II,Of Syracuse,That's a fault that water will mend.,924
Act III,Scene II,Dromio Of Syracuse,"No, sir, 'tis in grain; Noah's flood could not do it.",925
Act III,Scene II,Dromio Of Syracuse,ANTIPHOLUS,926
Act III,Scene II,Of Syracuse,What's her name?,927
Act III,Scene II,Dromio Of Syracuse,"Nell, sir; but her name and three quarters, that's",928
Act III,Scene II,Dromio Of Syracuse,"an ell and three quarters, will not measure her from",929
Act III,Scene II,Dromio Of Syracuse,hip to hip.,930
Act III,Scene II,Dromio Of Syracuse,ANTIPHOLUS,931
Act III,Scene II,Of Syracuse,Then she bears some breadth?,932
Act III,Scene II,Dromio Of Syracuse,No longer from head to foot than from hip to hip:,933
Act III,Scene II,Dromio Of Syracuse,"she is spherical, like a globe; I could find out",934
Act III,Scene II,Dromio Of Syracuse,countries in her.,935
Act III,Scene II,Dromio Of Syracuse,ANTIPHOLUS,936
Act III,Scene II,Of Syracuse,In what part of her body stands Ireland?,937
Act III,Scene II,Dromio Of Syracuse,"Marry, in her buttocks: I found it out by the bogs.",938
Act III,Scene II,Dromio Of Syracuse,ANTIPHOLUS,939
Act III,Scene II,Of Syracuse,Where Scotland?,940
Act III,Scene II,Dromio Of Syracuse,I found it by the barrenness; hard in the palm of the hand.,941
Act III,Scene II,Dromio Of Syracuse,ANTIPHOLUS,942
Act III,Scene II,Of Syracuse,Where France?,943
Act III,Scene II,Dromio Of Syracuse,"In her forehead; armed and reverted, making war",944
Act III,Scene II,Dromio Of Syracuse,against her heir.,945
Act III,Scene II,Dromio Of Syracuse,ANTIPHOLUS,946
Act III,Scene II,Of Syracuse,Where England?,947
Act III,Scene II,Dromio Of Syracuse,"I looked for the chalky cliffs, but I could find no",948
Act III,Scene II,Dromio Of Syracuse,"whiteness in them; but I guess it stood in her chin,",949
Act III,Scene II,Dromio Of Syracuse,by the salt rheum that ran between France and it.,950
Act III,Scene II,Dromio Of Syracuse,ANTIPHOLUS,951
Act III,Scene II,Of Syracuse,Where Spain?,952
Act III,Scene II,Dromio Of Syracuse,"Faith, I saw it not; but I felt it hot in her breath.",953
Act III,Scene II,Dromio Of Syracuse,ANTIPHOLUS,954
Act III,Scene II,Of Syracuse,"Where America, the Indies?",955
Act III,Scene II,Dromio Of Syracuse,"Oh, sir, upon her nose all o'er embellished with",956
Act III,Scene II,Dromio Of Syracuse,"rubies, carbuncles, sapphires, declining their rich",957
Act III,Scene II,Dromio Of Syracuse,aspect to the hot breath of Spain; who sent whole,958
Act III,Scene II,Dromio Of Syracuse,armadoes of caracks to be ballast at her nose.,959
Act III,Scene II,Dromio Of Syracuse,ANTIPHOLUS,960
Act III,Scene II,Of Syracuse,"Where stood Belgia, the Netherlands?",961
Act III,Scene II,Dromio Of Syracuse,"Oh, sir, I did not look so low. To conclude, this",962
Act III,Scene II,Dromio Of Syracuse,"drudge, or diviner, laid claim to me, call'd me",963
Act III,Scene II,Dromio Of Syracuse,Dromio; swore I was assured to her; told me what,964
Act III,Scene II,Dromio Of Syracuse,"privy marks I had about me, as, the mark of my",965
Act III,Scene II,Dromio Of Syracuse,"shoulder, the mole in my neck, the great wart on my",966
Act III,Scene II,Dromio Of Syracuse,"left arm, that I amazed ran from her as a witch:",967
Act III,Scene II,Dromio Of Syracuse,"And, I think, if my breast had not been made of",968
Act III,Scene II,Dromio Of Syracuse,"faith and my heart of steel,",969
Act III,Scene II,Dromio Of Syracuse,She had transform'd me to a curtal dog and made,970
Act III,Scene II,Dromio Of Syracuse,me turn i' the wheel.,971
Act III,Scene II,Dromio Of Syracuse,ANTIPHOLUS,972
Act III,Scene II,Of Syracuse,"Go hie thee presently, post to the road:",973
Act III,Scene II,Of Syracuse,"An if the wind blow any way from shore,",974
Act III,Scene II,Of Syracuse,I will not harbour in this town to-night:,975
Act III,Scene II,Of Syracuse,"If any bark put forth, come to the mart,",976
Act III,Scene II,Of Syracuse,Where I will walk till thou return to me.,977
Act III,Scene II,Of Syracuse,"If every one knows us and we know none,",978
Act III,Scene II,Of Syracuse,"'Tis time, I think, to trudge, pack and be gone.",979
Act III,Scene II,Dromio Of Syracuse,"As from a bear a man would run for life,",980
Act III,Scene II,Dromio Of Syracuse,So fly I from her that would be my wife.,981
Act III,Scene II,[stage direction],Exit,NA
Act III,Scene II,Dromio Of Syracuse,ANTIPHOLUS,982
Act III,Scene II,Of Syracuse,There's none but witches do inhabit here;,983
Act III,Scene II,Of Syracuse,And therefore 'tis high time that I were hence.,984
Act III,Scene II,Of Syracuse,"She that doth call me husband, even my soul",985
Act III,Scene II,Of Syracuse,"Doth for a wife abhor. But her fair sister,",986
Act III,Scene II,Of Syracuse,"Possess'd with such a gentle sovereign grace,",987
Act III,Scene II,Of Syracuse,"Of such enchanting presence and discourse,",988
Act III,Scene II,Of Syracuse,Hath almost made me traitor to myself:,989
Act III,Scene II,Of Syracuse,"But, lest myself be guilty to self-wrong,",990
Act III,Scene II,Of Syracuse,I'll stop mine ears against the mermaid's song.,991
Act III,Scene II,[stage direction],Enter ANGELO with the chain,NA
Act III,Scene II,Angelo,"Master Antipholus,--",992
Act III,Scene II,Angelo,ANTIPHOLUS,993
Act III,Scene II,Of Syracuse,"Ay, that's my name.",994
Act III,Scene II,Angelo,"I know it well, sir, lo, here is the chain.",995
Act III,Scene II,Angelo,I thought to have ta'en you at the Porpentine:,996
Act III,Scene II,Angelo,The chain unfinish'd made me stay thus long.,997
Act III,Scene II,Angelo,ANTIPHOLUS,998
Act III,Scene II,Of Syracuse,What is your will that I shall do with this?,999
Act III,Scene II,Angelo,"What please yourself, sir: I have made it for you.",1000
Act III,Scene II,Angelo,ANTIPHOLUS,1001
Act III,Scene II,Of Syracuse,"Made it for me, sir! I bespoke it not.",1002
Act III,Scene II,Angelo,"Not once, nor twice, but twenty times you have.",1003
Act III,Scene II,Angelo,Go home with it and please your wife withal;,1004
Act III,Scene II,Angelo,And soon at supper-time I'll visit you,1005
Act III,Scene II,Angelo,And then receive my money for the chain.,1006
Act III,Scene II,Angelo,ANTIPHOLUS,1007
Act III,Scene II,Of Syracuse,"I pray you, sir, receive the money now,",1008
Act III,Scene II,Of Syracuse,For fear you ne'er see chain nor money more.,1009
Act III,Scene II,Angelo,"You are a merry man, sir: fare you well.",1010
Act III,Scene II,[stage direction],Exit,NA
Act III,Scene II,Angelo,ANTIPHOLUS,1011
Act III,Scene II,Of Syracuse,"What I should think of this, I cannot tell:",1012
Act III,Scene II,Of Syracuse,"But this I think, there's no man is so vain",1013
Act III,Scene II,Of Syracuse,That would refuse so fair an offer'd chain.,1014
Act III,Scene II,Of Syracuse,"I see a man here needs not live by shifts,",1015
Act III,Scene II,Of Syracuse,When in the streets he meets such golden gifts.,1016
Act III,Scene II,Of Syracuse,"I'll to the mart, and there for Dromio stay",1017
Act III,Scene II,Of Syracuse,"If any ship put out, then straight away.",1018
Act III,Scene II,[stage direction],Exit,NA
Act IV,Scene I,[stage direction],"Enter Second Merchant, ANGELO, and an Officer",NA
Act IV,Scene I,Second Merchant,"You know since Pentecost the sum is due,",1019
Act IV,Scene I,Second Merchant,And since I have not much importuned you;,1020
Act IV,Scene I,Second Merchant,"Nor now I had not, but that I am bound",1021
Act IV,Scene I,Second Merchant,"To Persia, and want guilders for my voyage:",1022
Act IV,Scene I,Second Merchant,"Therefore make present satisfaction,",1023
Act IV,Scene I,Second Merchant,Or I'll attach you by this officer.,1024
Act IV,Scene I,Angelo,Even just the sum that I do owe to you,1025
Act IV,Scene I,Angelo,"Is growing to me by Antipholus,",1026
Act IV,Scene I,Angelo,And in the instant that I met with you,1027
Act IV,Scene I,Angelo,He had of me a chain: at five o'clock,1028
Act IV,Scene I,Angelo,I shall receive the money for the same.,1029
Act IV,Scene I,Angelo,"Pleaseth you walk with me down to his house,",1030
Act IV,Scene I,Angelo,I will discharge my bond and thank you too.,1031
Act IV,Scene I,[stage direction],Enter ANTIPHOLUS of Ephesus and DROMIO of Ephesus from the courtezan's,NA
Act IV,Scene I,Officer,That labour may you save: see where he comes.,1032
Act IV,Scene I,Officer,ANTIPHOLUS,1033
Act IV,Scene I,Of Ephesus,"While I go to the goldsmith's house, go thou",1034
Act IV,Scene I,Of Ephesus,And buy a rope's end: that will I bestow,1035
Act IV,Scene I,Of Ephesus,"Among my wife and her confederates,",1036
Act IV,Scene I,Of Ephesus,For locking me out of my doors by day.,1037
Act IV,Scene I,Of Ephesus,"But, soft! I see the goldsmith. Get thee gone;",1038
Act IV,Scene I,Of Ephesus,Buy thou a rope and bring it home to me.,1039
Act IV,Scene I,Dromio Of Ephesus,I buy a thousand pound a year: I buy a rope.,1040
Act IV,Scene I,[stage direction],Exit,NA
Act IV,Scene I,Dromio Of Ephesus,ANTIPHOLUS,1041
Act IV,Scene I,Of Ephesus,A man is well holp up that trusts to you:,1042
Act IV,Scene I,Of Ephesus,I promised your presence and the chain;,1043
Act IV,Scene I,Of Ephesus,But neither chain nor goldsmith came to me.,1044
Act IV,Scene I,Of Ephesus,"Belike you thought our love would last too long,",1045
Act IV,Scene I,Of Ephesus,"If it were chain'd together, and therefore came not.",1046
Act IV,Scene I,Angelo,"Saving your merry humour, here's the note",1047
Act IV,Scene I,Angelo,"How much your chain weighs to the utmost carat,",1048
Act IV,Scene I,Angelo,The fineness of the gold and chargeful fashion.,1049
Act IV,Scene I,Angelo,Which doth amount to three odd ducats more,1050
Act IV,Scene I,Angelo,Than I stand debted to this gentleman:,1051
Act IV,Scene I,Angelo,"I pray you, see him presently discharged,",1052
Act IV,Scene I,Angelo,For he is bound to sea and stays but for it.,1053
Act IV,Scene I,Angelo,ANTIPHOLUS,1054
Act IV,Scene I,Of Ephesus,I am not furnish'd with the present money;,1055
Act IV,Scene I,Of Ephesus,"Besides, I have some business in the town.",1056
Act IV,Scene I,Of Ephesus,"Good signior, take the stranger to my house",1057
Act IV,Scene I,Of Ephesus,And with you take the chain and bid my wife,1058
Act IV,Scene I,Of Ephesus,Disburse the sum on the receipt thereof:,1059
Act IV,Scene I,Of Ephesus,Perchance I will be there as soon as you.,1060
Act IV,Scene I,Angelo,Then you will bring the chain to her yourself?,1061
Act IV,Scene I,Angelo,ANTIPHOLUS,1062
Act IV,Scene I,Of Ephesus,"No; bear it with you, lest I come not time enough.",1063
Act IV,Scene I,Angelo,"Well, sir, I will. Have you the chain about you?",1064
Act IV,Scene I,Angelo,ANTIPHOLUS,1065
Act IV,Scene I,Of Ephesus,"An if I have not, sir, I hope you have;",1066
Act IV,Scene I,Of Ephesus,Or else you may return without your money.,1067
Act IV,Scene I,Angelo,"Nay, come, I pray you, sir, give me the chain:",1068
Act IV,Scene I,Angelo,"Both wind and tide stays for this gentleman,",1069
Act IV,Scene I,Angelo,"And I, to blame, have held him here too long.",1070
Act IV,Scene I,Angelo,ANTIPHOLUS,1071
Act IV,Scene I,Of Ephesus,Good Lord! you use this dalliance to excuse,1072
Act IV,Scene I,Of Ephesus,Your breach of promise to the Porpentine.,1073
Act IV,Scene I,Of Ephesus,"I should have chid you for not bringing it,",1074
Act IV,Scene I,Of Ephesus,"But, like a shrew, you first begin to brawl.",1075
Act IV,Scene I,Second Merchant,"The hour steals on; I pray you, sir, dispatch.",1076
Act IV,Scene I,Angelo,You hear how he importunes me;--the chain!,1077
Act IV,Scene I,Angelo,ANTIPHOLUS,1078
Act IV,Scene I,Of Ephesus,"Why, give it to my wife and fetch your money.",1079
Act IV,Scene I,Angelo,"Come, come, you know I gave it you even now.",1080
Act IV,Scene I,Angelo,Either send the chain or send me by some token.,1081
Act IV,Scene I,Angelo,ANTIPHOLUS,1082
Act IV,Scene I,Of Ephesus,"Fie, now you run this humour out of breath,",1083
Act IV,Scene I,Of Ephesus,"where's the chain? I pray you, let me see it.",1084
Act IV,Scene I,Second Merchant,My business cannot brook this dalliance.,1085
Act IV,Scene I,Second Merchant,"Good sir, say whether you'll answer me or no:",1086
Act IV,Scene I,Second Merchant,"If not, I'll leave him to the officer.",1087
Act IV,Scene I,Second Merchant,ANTIPHOLUS,1088
Act IV,Scene I,Of Ephesus,I answer you! what should I answer you?,1089
Act IV,Scene I,Angelo,The money that you owe me for the chain.,1090
Act IV,Scene I,Angelo,ANTIPHOLUS,1091
Act IV,Scene I,Of Ephesus,I owe you none till I receive the chain.,1092
Act IV,Scene I,Angelo,You know I gave it you half an hour since.,1093
Act IV,Scene I,Angelo,ANTIPHOLUS,1094
Act IV,Scene I,Of Ephesus,You gave me none: you wrong me much to say so.,1095
Act IV,Scene I,Angelo,"You wrong me more, sir, in denying it:",1096
Act IV,Scene I,Angelo,Consider how it stands upon my credit.,1097
Act IV,Scene I,Second Merchant,"Well, officer, arrest him at my suit.",1098
Act IV,Scene I,Officer,I do; and charge you in the duke's name to obey me.,1099
Act IV,Scene I,Angelo,This touches me in reputation.,1100
Act IV,Scene I,Angelo,Either consent to pay this sum for me,1101
Act IV,Scene I,Angelo,Or I attach you by this officer.,1102
Act IV,Scene I,Angelo,ANTIPHOLUS,1103
Act IV,Scene I,Of Ephesus,Consent to pay thee that I never had!,1104
Act IV,Scene I,Of Ephesus,"Arrest me, foolish fellow, if thou darest.",1105
Act IV,Scene I,Angelo,"Here is thy fee; arrest him, officer,",1106
Act IV,Scene I,Angelo,"I would not spare my brother in this case,",1107
Act IV,Scene I,Angelo,If he should scorn me so apparently.,1108
Act IV,Scene I,Officer,"I do arrest you, sir: you hear the suit.",1109
Act IV,Scene I,Officer,ANTIPHOLUS,1110
Act IV,Scene I,Of Ephesus,I do obey thee till I give thee bail.,1111
Act IV,Scene I,Of Ephesus,"But, sirrah, you shall buy this sport as dear",1112
Act IV,Scene I,Of Ephesus,As all the metal in your shop will answer.,1113
Act IV,Scene I,Angelo,"Sir, sir, I will have law in Ephesus,",1114
Act IV,Scene I,Angelo,To your notorious shame; I doubt it not.,1115
Act IV,Scene I,[stage direction],"Enter DROMIO of Syracuse, from the bay",NA
Act IV,Scene I,Dromio Of Syracuse,"Master, there is a bark of Epidamnum",1116
Act IV,Scene I,Dromio Of Syracuse,"That stays but till her owner comes aboard,",1117
Act IV,Scene I,Dromio Of Syracuse,"And then, sir, she bears away. Our fraughtage, sir,",1118
Act IV,Scene I,Dromio Of Syracuse,I have convey'd aboard; and I have bought,1119
Act IV,Scene I,Dromio Of Syracuse,"The oil, the balsamum and aqua-vitae.",1120
Act IV,Scene I,Dromio Of Syracuse,The ship is in her trim; the merry wind,1121
Act IV,Scene I,Dromio Of Syracuse,Blows fair from land: they stay for nought at all,1122
Act IV,Scene I,Dromio Of Syracuse,"But for their owner, master, and yourself.",1123
Act IV,Scene I,Dromio Of Syracuse,ANTIPHOLUS,1124
Act IV,Scene I,Of Ephesus,"How now! a madman! Why, thou peevish sheep,",1125
Act IV,Scene I,Of Ephesus,What ship of Epidamnum stays for me?,1126
Act IV,Scene I,Dromio Of Syracuse,"A ship you sent me to, to hire waftage.",1127
Act IV,Scene I,Dromio Of Syracuse,ANTIPHOLUS,1128
Act IV,Scene I,Of Ephesus,"Thou drunken slave, I sent thee for a rope;",1129
Act IV,Scene I,Of Ephesus,And told thee to what purpose and what end.,1130
Act IV,Scene I,Dromio Of Syracuse,You sent me for a rope's end as soon:,1131
Act IV,Scene I,Dromio Of Syracuse,"You sent me to the bay, sir, for a bark.",1132
Act IV,Scene I,Dromio Of Syracuse,ANTIPHOLUS,1133
Act IV,Scene I,Of Ephesus,I will debate this matter at more leisure,1134
Act IV,Scene I,Of Ephesus,And teach your ears to list me with more heed.,1135
Act IV,Scene I,Of Ephesus,"To Adriana, villain, hie thee straight:",1136
Act IV,Scene I,Of Ephesus,"Give her this key, and tell her, in the desk",1137
Act IV,Scene I,Of Ephesus,"That's cover'd o'er with Turkish tapestry,",1138
Act IV,Scene I,Of Ephesus,There is a purse of ducats; let her send it:,1139
Act IV,Scene I,Of Ephesus,Tell her I am arrested in the street,1140
Act IV,Scene I,Of Ephesus,"And that shall bail me; hie thee, slave, be gone!",1141
Act IV,Scene I,Of Ephesus,"On, officer, to prison till it come.",1142
Act IV,Scene I,[stage direction],"Exeunt Second Merchant, Angelo, Officer, and Antipholus of Ephesus",NA
Act IV,Scene I,Dromio Of Syracuse,"To Adriana! that is where we dined,",1143
Act IV,Scene I,Dromio Of Syracuse,Where Dowsabel did claim me for her husband:,1144
Act IV,Scene I,Dromio Of Syracuse,"She is too big, I hope, for me to compass.",1145
Act IV,Scene I,Dromio Of Syracuse,"Thither I must, although against my will,",1146
Act IV,Scene I,Dromio Of Syracuse,For servants must their masters' minds fulfil.,1147
Act IV,Scene I,[stage direction],Exit,NA
Act IV,Scene II,[stage direction],Enter ADRIANA and LUCIANA,NA
Act IV,Scene II,Adriana,"Ah, Luciana, did he tempt thee so?",1148
Act IV,Scene II,Adriana,Mightst thou perceive austerely in his eye,1149
Act IV,Scene II,Adriana,That he did plead in earnest? yea or no?,1150
Act IV,Scene II,Adriana,"Look'd he or red or pale, or sad or merrily?",1151
Act IV,Scene II,Adriana,What observation madest thou in this case,1152
Act IV,Scene II,Adriana,Of his heart's meteors tilting in his face?,1153
Act IV,Scene II,Luciana,First he denied you had in him no right.,1154
Act IV,Scene II,Adriana,He meant he did me none; the more my spite.,1155
Act IV,Scene II,Luciana,Then swore he that he was a stranger here.,1156
Act IV,Scene II,Adriana,"And true he swore, though yet forsworn he were.",1157
Act IV,Scene II,Luciana,Then pleaded I for you.,1158
Act IV,Scene II,Adriana,And what said he?,1159
Act IV,Scene II,Luciana,That love I begg'd for you he begg'd of me.,1160
Act IV,Scene II,Adriana,With what persuasion did he tempt thy love?,1161
Act IV,Scene II,Luciana,With words that in an honest suit might move.,1162
Act IV,Scene II,Luciana,"First he did praise my beauty, then my speech.",1163
Act IV,Scene II,Adriana,Didst speak him fair?,1164
Act IV,Scene II,Luciana,"Have patience, I beseech.",1165
Act IV,Scene II,Adriana,"I cannot, nor I will not, hold me still;",1166
Act IV,Scene II,Adriana,"My tongue, though not my heart, shall have his will.",1167
Act IV,Scene II,Adriana,"He is deformed, crooked, old and sere,",1168
Act IV,Scene II,Adriana,"Ill-faced, worse bodied, shapeless everywhere;",1169
Act IV,Scene II,Adriana,"Vicious, ungentle, foolish, blunt, unkind;",1170
Act IV,Scene II,Adriana,"Stigmatical in making, worse in mind.",1171
Act IV,Scene II,Luciana,Who would be jealous then of such a one?,1172
Act IV,Scene II,Luciana,No evil lost is wail'd when it is gone.,1173
Act IV,Scene II,Adriana,"Ah, but I think him better than I say,",1174
Act IV,Scene II,Adriana,And yet would herein others' eyes were worse.,1175
Act IV,Scene II,Adriana,Far from her nest the lapwing cries away:,1176
Act IV,Scene II,Adriana,"My heart prays for him, though my tongue do curse.",1177
Act IV,Scene II,[stage direction],Enter DROMIO of Syracuse,NA
Act IV,Scene II,Dromio Of Syracuse,"Here! go; the desk, the purse! sweet, now, make haste.",1178
Act IV,Scene II,Luciana,How hast thou lost thy breath?,1179
Act IV,Scene II,Dromio Of Syracuse,By running fast.,1180
Act IV,Scene II,Adriana,"Where is thy master, Dromio? is he well?",1181
Act IV,Scene II,Dromio Of Syracuse,"No, he's in Tartar limbo, worse than hell.",1182
Act IV,Scene II,Dromio Of Syracuse,A devil in an everlasting garment hath him;,1183
Act IV,Scene II,Dromio Of Syracuse,One whose hard heart is button'd up with steel;,1184
Act IV,Scene II,Dromio Of Syracuse,"A fiend, a fury, pitiless and rough;",1185
Act IV,Scene II,Dromio Of Syracuse,"A wolf, nay, worse, a fellow all in buff;",1186
Act IV,Scene II,Dromio Of Syracuse,"A back-friend, a shoulder-clapper, one that",1187
Act IV,Scene II,Dromio Of Syracuse,countermands,1188
Act IV,Scene II,Dromio Of Syracuse,"The passages of alleys, creeks and narrow lands;",1189
Act IV,Scene II,Dromio Of Syracuse,A hound that runs counter and yet draws dryfoot well;,1190
Act IV,Scene II,Dromio Of Syracuse,One that before the judgement carries poor souls to hell.,1191
Act IV,Scene II,Adriana,"Why, man, what is the matter?",1192
Act IV,Scene II,Dromio Of Syracuse,I do not know the matter: he is 'rested on the case.,1193
Act IV,Scene II,Adriana,"What, is he arrested? Tell me at whose suit.",1194
Act IV,Scene II,Dromio Of Syracuse,I know not at whose suit he is arrested well;,1195
Act IV,Scene II,Dromio Of Syracuse,"But he's in a suit of buff which 'rested him, that can I tell.",1196
Act IV,Scene II,Dromio Of Syracuse,"Will you send him, mistress, redemption, the money in his desk?",1197
Act IV,Scene II,Adriana,"Go fetch it, sister.",1198
Act IV,Scene II,[stage direction],Exit Luciana,NA
Act IV,Scene II,Adriana,"This I wonder at,",1199
Act IV,Scene II,Adriana,"That he, unknown to me, should be in debt.",1200
Act IV,Scene II,Adriana,"Tell me, was he arrested on a band?",1201
Act IV,Scene II,Dromio Of Syracuse,"Not on a band, but on a stronger thing;",1202
Act IV,Scene II,Dromio Of Syracuse,"A chain, a chain! Do you not hear it ring?",1203
Act IV,Scene II,Adriana,"What, the chain?",1204
Act IV,Scene II,Dromio Of Syracuse,"No, no, the bell: 'tis time that I were gone:",1205
Act IV,Scene II,Dromio Of Syracuse,"It was two ere I left him, and now the clock",1206
Act IV,Scene II,Dromio Of Syracuse,strikes one.,1207
Act IV,Scene II,Adriana,The hours come back! that did I never hear.,1208
Act IV,Scene II,Dromio Of Syracuse,"O, yes; if any hour meet a sergeant, a' turns back for",1209
Act IV,Scene II,Dromio Of Syracuse,very fear.,1210
Act IV,Scene II,Adriana,As if Time were in debt! how fondly dost thou reason!,1211
Act IV,Scene II,Dromio Of Syracuse,"Time is a very bankrupt, and owes more than he's",1212
Act IV,Scene II,Dromio Of Syracuse,"worth, to season.",1213
Act IV,Scene II,Dromio Of Syracuse,"Nay, he's a thief too: have you not heard men say",1214
Act IV,Scene II,Dromio Of Syracuse,That Time comes stealing on by night and day?,1215
Act IV,Scene II,Dromio Of Syracuse,"If Time be in debt and theft, and a sergeant in the way,",1216
Act IV,Scene II,Dromio Of Syracuse,Hath he not reason to turn back an hour in a day?,1217
Act IV,Scene II,[stage direction],Re-enter LUCIANA with a purse,NA
Act IV,Scene II,Adriana,"Go, Dromio; there's the money, bear it straight;",1218
Act IV,Scene II,Adriana,And bring thy master home immediately.,1219
Act IV,Scene II,Adriana,"Come, sister: I am press'd down with conceit--",1220
Act IV,Scene II,Adriana,"Conceit, my comfort and my injury.",1221
Act IV,Scene II,[stage direction],Exeunt,NA
Act IV,Scene III,[stage direction],Enter ANTIPHOLUS of Syracuse,NA
Act IV,Scene III,Adriana,ANTIPHOLUS,1222
Act IV,Scene III,Of Syracuse,There's not a man I meet but doth salute me,1223
Act IV,Scene III,Of Syracuse,As if I were their well-acquainted friend;,1224
Act IV,Scene III,Of Syracuse,And every one doth call me by my name.,1225
Act IV,Scene III,Of Syracuse,Some tender money to me; some invite me;,1226
Act IV,Scene III,Of Syracuse,Some other give me thanks for kindnesses;,1227
Act IV,Scene III,Of Syracuse,Some offer me commodities to buy:,1228
Act IV,Scene III,Of Syracuse,Even now a tailor call'd me in his shop,1229
Act IV,Scene III,Of Syracuse,"And show'd me silks that he had bought for me,",1230
Act IV,Scene III,Of Syracuse,And therewithal took measure of my body.,1231
Act IV,Scene III,Of Syracuse,"Sure, these are but imaginary wiles",1232
Act IV,Scene III,Of Syracuse,And Lapland sorcerers inhabit here.,1233
Act IV,Scene III,[stage direction],Enter DROMIO OF SYRACUSE,NA
Act IV,Scene III,Dromio Of Syracuse,"Master, here's the gold you sent me for. What, have",1234
Act IV,Scene III,Dromio Of Syracuse,you got the picture of old Adam new-apparelled?,1235
Act IV,Scene III,Dromio Of Syracuse,ANTIPHOLUS,1236
Act IV,Scene III,Of Syracuse,What gold is this? what Adam dost thou mean?,1237
Act IV,Scene III,Dromio Of Syracuse,Not that Adam that kept the Paradise but that Adam,1238
Act IV,Scene III,Dromio Of Syracuse,that keeps the prison: he that goes in the calf's,1239
Act IV,Scene III,Dromio Of Syracuse,skin that was killed for the Prodigal; he that came,1240
Act IV,Scene III,Dromio Of Syracuse,"behind you, sir, like an evil angel, and bid you",1241
Act IV,Scene III,Dromio Of Syracuse,forsake your liberty.,1242
Act IV,Scene III,Dromio Of Syracuse,ANTIPHOLUS,1243
Act IV,Scene III,Of Syracuse,I understand thee not.,1244
Act IV,Scene III,Dromio Of Syracuse,"No? why, 'tis a plain case: he that went, like a",1245
Act IV,Scene III,Dromio Of Syracuse,"bass-viol, in a case of leather; the man, sir,",1246
Act IV,Scene III,Dromio Of Syracuse,"that, when gentlemen are tired, gives them a sob",1247
Act IV,Scene III,Dromio Of Syracuse,"and 'rests them; he, sir, that takes pity on decayed",1248
Act IV,Scene III,Dromio Of Syracuse,men and gives them suits of durance; he that sets up,1249
Act IV,Scene III,Dromio Of Syracuse,his rest to do more exploits with his mace than a,1250
Act IV,Scene III,Dromio Of Syracuse,morris-pike.,1251
Act IV,Scene III,Dromio Of Syracuse,ANTIPHOLUS,1252
Act IV,Scene III,Of Syracuse,"What, thou meanest an officer?",1253
Act IV,Scene III,Dromio Of Syracuse,"Ay, sir, the sergeant of the band, he that brings",1254
Act IV,Scene III,Dromio Of Syracuse,any man to answer it that breaks his band; one that,1255
Act IV,Scene III,Dromio Of Syracuse,"thinks a man always going to bed, and says, 'God",1256
Act IV,Scene III,Dromio Of Syracuse,give you good rest!',1257
Act IV,Scene III,Dromio Of Syracuse,ANTIPHOLUS,1258
Act IV,Scene III,Of Syracuse,"Well, sir, there rest in your foolery. Is there any",1259
Act IV,Scene III,Dromio Of Syracuse,"Why, sir, I brought you word an hour since that the",1260
Act IV,Scene III,Dromio Of Syracuse,bark Expedition put forth to-night; and then were,1261
Act IV,Scene III,Dromio Of Syracuse,"you hindered by the sergeant, to tarry for the hoy",1262
Act IV,Scene III,Dromio Of Syracuse,Delay. Here are the angels that you sent for to,1263
Act IV,Scene III,Dromio Of Syracuse,deliver you.,1264
Act IV,Scene III,Dromio Of Syracuse,ANTIPHOLUS,1265
Act IV,Scene III,Of Syracuse,"The fellow is distract, and so am I;",1266
Act IV,Scene III,Of Syracuse,And here we wander in illusions:,1267
Act IV,Scene III,Of Syracuse,Some blessed power deliver us from hence!,1268
Act IV,Scene III,[stage direction],Enter a Courtezan,NA
Act IV,Scene III,Courtezan,"Well met, well met, Master Antipholus.",1269
Act IV,Scene III,Courtezan,"I see, sir, you have found the goldsmith now:",1270
Act IV,Scene III,Courtezan,Is that the chain you promised me to-day?,1271
Act IV,Scene III,Courtezan,ANTIPHOLUS,1272
Act IV,Scene III,Of Syracuse,"Satan, avoid! I charge thee, tempt me not.",1273
Act IV,Scene III,Dromio Of Syracuse,"Master, is this Mistress Satan?",1274
Act IV,Scene III,Dromio Of Syracuse,ANTIPHOLUS,1275
Act IV,Scene III,Of Syracuse,It is the devil.,1276
Act IV,Scene III,Dromio Of Syracuse,"Nay, she is worse, she is the devil's dam; and here",1277
Act IV,Scene III,Dromio Of Syracuse,she comes in the habit of a light wench: and thereof,1278
Act IV,Scene III,Dromio Of Syracuse,comes that the wenches say 'God damn me;' that's as,1279
Act IV,Scene III,Dromio Of Syracuse,much to say 'God make me a light wench.' It is,1280
Act IV,Scene III,Dromio Of Syracuse,"written, they appear to men like angels of light:",1281
Act IV,Scene III,Dromio Of Syracuse,"light is an effect of fire, and fire will burn;",1282
Act IV,Scene III,Dromio Of Syracuse,"ergo, light wenches will burn. Come not near her.",1283
Act IV,Scene III,Courtezan,"Your man and you are marvellous merry, sir.",1284
Act IV,Scene III,Courtezan,Will you go with me? We'll mend our dinner here?,1285
Act IV,Scene III,Dromio Of Syracuse,"Master, if you do, expect spoon-meat; or bespeak a",1286
Act IV,Scene III,Dromio Of Syracuse,long spoon.,1287
Act IV,Scene III,Dromio Of Syracuse,ANTIPHOLUS,1288
Act IV,Scene III,Of Syracuse,"Why, Dromio?",1289
Act IV,Scene III,Dromio Of Syracuse,"Marry, he must have a long spoon that must eat with",1290
Act IV,Scene III,Dromio Of Syracuse,the devil.,1291
Act IV,Scene III,Dromio Of Syracuse,ANTIPHOLUS,1292
Act IV,Scene III,Of Syracuse,"Avoid then, fiend! what tell'st thou me of supping?",1293
Act IV,Scene III,Of Syracuse,"Thou art, as you are all, a sorceress:",1294
Act IV,Scene III,Of Syracuse,I conjure thee to leave me and be gone.,1295
Act IV,Scene III,Courtezan,"Give me the ring of mine you had at dinner,",1296
Act IV,Scene III,Courtezan,"Or, for my diamond, the chain you promised,",1297
Act IV,Scene III,Courtezan,"And I'll be gone, sir, and not trouble you.",1298
Act IV,Scene III,Dromio Of Syracuse,"Some devils ask but the parings of one's nail,",1299
Act IV,Scene III,Dromio Of Syracuse,"A rush, a hair, a drop of blood, a pin,",1300
Act IV,Scene III,Dromio Of Syracuse,"A nut, a cherry-stone;",1301
Act IV,Scene III,Dromio Of Syracuse,"But she, more covetous, would have a chain.",1302
Act IV,Scene III,Dromio Of Syracuse,"Master, be wise: an if you give it her,",1303
Act IV,Scene III,Dromio Of Syracuse,The devil will shake her chain and fright us with it.,1304
Act IV,Scene III,Courtezan,"I pray you, sir, my ring, or else the chain:",1305
Act IV,Scene III,Courtezan,I hope you do not mean to cheat me so.,1306
Act IV,Scene III,Courtezan,ANTIPHOLUS,1307
Act IV,Scene III,Of Syracuse,"Avaunt, thou witch! Come, Dromio, let us go.",1308
Act IV,Scene III,Dromio Of Syracuse,"'Fly pride,' says the peacock: mistress, that you know.",1309
Act IV,Scene III,[stage direction],Exeunt Antipholus of Syracuse and Dromio of Syracuse,NA
Act IV,Scene III,Courtezan,"Now, out of doubt Antipholus is mad,",1310
Act IV,Scene III,Courtezan,Else would he never so demean himself.,1311
Act IV,Scene III,Courtezan,"A ring he hath of mine worth forty ducats,",1312
Act IV,Scene III,Courtezan,And for the same he promised me a chain:,1313
Act IV,Scene III,Courtezan,Both one and other he denies me now.,1314
Act IV,Scene III,Courtezan,"The reason that I gather he is mad,",1315
Act IV,Scene III,Courtezan,"Besides this present instance of his rage,",1316
Act IV,Scene III,Courtezan,"Is a mad tale he told to-day at dinner,",1317
Act IV,Scene III,Courtezan,Of his own doors being shut against his entrance.,1318
Act IV,Scene III,Courtezan,"Belike his wife, acquainted with his fits,",1319
Act IV,Scene III,Courtezan,On purpose shut the doors against his way.,1320
Act IV,Scene III,Courtezan,"My way is now to hie home to his house,",1321
Act IV,Scene III,Courtezan,"And tell his wife that, being lunatic,",1322
Act IV,Scene III,Courtezan,He rush'd into my house and took perforce,1323
Act IV,Scene III,Courtezan,My ring away. This course I fittest choose;,1324
Act IV,Scene III,Courtezan,For forty ducats is too much to lose.,1325
Act IV,Scene III,[stage direction],Exit,NA
Act IV,Scene IV,[stage direction],Enter ANTIPHOLUS of Ephesus and the Officer,NA
Act IV,Scene IV,Courtezan,ANTIPHOLUS,1326
Act IV,Scene IV,Of Ephesus,"Fear me not, man; I will not break away:",1327
Act IV,Scene IV,Of Ephesus,"I'll give thee, ere I leave thee, so much money,",1328
Act IV,Scene IV,Of Ephesus,"To warrant thee, as I am 'rested for.",1329
Act IV,Scene IV,Of Ephesus,"My wife is in a wayward mood to-day,",1330
Act IV,Scene IV,Of Ephesus,And will not lightly trust the messenger,1331
Act IV,Scene IV,Of Ephesus,"That I should be attach'd in Ephesus,",1332
Act IV,Scene IV,Of Ephesus,"I tell you, 'twill sound harshly in her ears.",1333
Act IV,Scene IV,[stage direction],Enter DROMIO of Ephesus with a rope's-end,NA
Act IV,Scene IV,Of Ephesus,Here comes my man; I think he brings the money.,1334
Act IV,Scene IV,Of Ephesus,"How now, sir! have you that I sent you for?",1335
Act IV,Scene IV,Dromio Of Ephesus,"Here's that, I warrant you, will pay them all.",1336
Act IV,Scene IV,Dromio Of Ephesus,ANTIPHOLUS,1337
Act IV,Scene IV,Of Ephesus,But where's the money?,1338
Act IV,Scene IV,Dromio Of Ephesus,"Why, sir, I gave the money for the rope.",1339
Act IV,Scene IV,Dromio Of Ephesus,ANTIPHOLUS,1340
Act IV,Scene IV,Of Ephesus,"Five hundred ducats, villain, for a rope?",1341
Act IV,Scene IV,Dromio Of Ephesus,"I'll serve you, sir, five hundred at the rate.",1342
Act IV,Scene IV,Dromio Of Ephesus,ANTIPHOLUS,1343
Act IV,Scene IV,Of Ephesus,To what end did I bid thee hie thee home?,1344
Act IV,Scene IV,Dromio Of Ephesus,"To a rope's-end, sir; and to that end am I returned.",1345
Act IV,Scene IV,Dromio Of Ephesus,ANTIPHOLUS,1346
Act IV,Scene IV,Of Ephesus,"And to that end, sir, I will welcome you.",1347
Act IV,Scene IV,[stage direction],Beating him,NA
Act IV,Scene IV,Officer,"Good sir, be patient.",1348
Act IV,Scene IV,Dromio Of Ephesus,"Nay, 'tis for me to be patient; I am in adversity.",1349
Act IV,Scene IV,Officer,"Good, now, hold thy tongue.",1350
Act IV,Scene IV,Dromio Of Ephesus,"Nay, rather persuade him to hold his hands.",1351
Act IV,Scene IV,Dromio Of Ephesus,ANTIPHOLUS,1352
Act IV,Scene IV,Of Ephesus,"Thou whoreson, senseless villain!",1353
Act IV,Scene IV,Dromio Of Ephesus,"I would I were senseless, sir, that I might not feel",1354
Act IV,Scene IV,Dromio Of Ephesus,your blows.,1355
Act IV,Scene IV,Antipholus,"Thou art sensible in nothing but blows, and so is an",1356
Act IV,Scene IV,Antipholus,ass.,1357
Act IV,Scene IV,Dromio Of Ephesus,"I am an ass, indeed; you may prove it by my long",1358
Act IV,Scene IV,Dromio Of Ephesus,ears. I have served him from the hour of my,1359
Act IV,Scene IV,Dromio Of Ephesus,"nativity to this instant, and have nothing at his",1360
Act IV,Scene IV,Dromio Of Ephesus,"hands for my service but blows. When I am cold, he",1361
Act IV,Scene IV,Dromio Of Ephesus,"heats me with beating; when I am warm, he cools me",1362
Act IV,Scene IV,Dromio Of Ephesus,with beating; I am waked with it when I sleep;,1363
Act IV,Scene IV,Dromio Of Ephesus,raised with it when I sit; driven out of doors with,1364
Act IV,Scene IV,Dromio Of Ephesus,it when I go from home; welcomed home with it when,1365
Act IV,Scene IV,Dromio Of Ephesus,"I return; nay, I bear it on my shoulders, as a",1366
Act IV,Scene IV,Dromio Of Ephesus,"beggar wont her brat; and, I think when he hath",1367
Act IV,Scene IV,Dromio Of Ephesus,"lamed me, I shall beg with it from door to door.",1368
Act IV,Scene IV,Dromio Of Ephesus,ANTIPHOLUS,1369
Act IV,Scene IV,Of Ephesus,"Come, go along; my wife is coming yonder.",1370
Act IV,Scene IV,[stage direction],"Enter ADRIANA, LUCIANA, the Courtezan, and PINCH",NA
Act IV,Scene IV,Dromio Of Ephesus,"Mistress, 'respice finem,' respect your end; or",1371
Act IV,Scene IV,Dromio Of Ephesus,"rather, the prophecy like the parrot, 'beware the",1372
Act IV,Scene IV,Dromio Of Ephesus,rope's-end.',1373
Act IV,Scene IV,Dromio Of Ephesus,ANTIPHOLUS,1374
Act IV,Scene IV,Of Ephesus,Wilt thou still talk?,1375
Act IV,Scene IV,[stage direction],Beating him,NA
Act IV,Scene IV,Courtezan,How say you now? is not your husband mad?,1376
Act IV,Scene IV,Adriana,His incivility confirms no less.,1377
Act IV,Scene IV,Adriana,"Good Doctor Pinch, you are a conjurer;",1378
Act IV,Scene IV,Adriana,"Establish him in his true sense again,",1379
Act IV,Scene IV,Adriana,And I will please you what you will demand.,1380
Act IV,Scene IV,Luciana,"Alas, how fiery and how sharp he looks!",1381
Act IV,Scene IV,Courtezan,Mark how he trembles in his ecstasy!,1382
Act IV,Scene IV,Pinch,Give me your hand and let me feel your pulse.,1383
Act IV,Scene IV,Pinch,ANTIPHOLUS,1384
Act IV,Scene IV,Of Ephesus,"There is my hand, and let it feel your ear.",1385
Act IV,Scene IV,[stage direction],Striking him,NA
Act IV,Scene IV,Pinch,"I charge thee, Satan, housed within this man,",1386
Act IV,Scene IV,Pinch,To yield possession to my holy prayers,1387
Act IV,Scene IV,Pinch,And to thy state of darkness hie thee straight:,1388
Act IV,Scene IV,Pinch,I conjure thee by all the saints in heaven!,1389
Act IV,Scene IV,Pinch,ANTIPHOLUS,1390
Act IV,Scene IV,Of Ephesus,"Peace, doting wizard, peace! I am not mad.",1391
Act IV,Scene IV,Adriana,"O, that thou wert not, poor distressed soul!",1392
Act IV,Scene IV,Adriana,ANTIPHOLUS,1393
Act IV,Scene IV,Of Ephesus,"You minion, you, are these your customers?",1394
Act IV,Scene IV,Of Ephesus,Did this companion with the saffron face,1395
Act IV,Scene IV,Of Ephesus,"Revel and feast it at my house to-day,",1396
Act IV,Scene IV,Of Ephesus,Whilst upon me the guilty doors were shut,1397
Act IV,Scene IV,Of Ephesus,And I denied to enter in my house?,1398
Act IV,Scene IV,Adriana,"O husband, God doth know you dined at home;",1399
Act IV,Scene IV,Adriana,"Where would you had remain'd until this time,",1400
Act IV,Scene IV,Adriana,Free from these slanders and this open shame!,1401
Act IV,Scene IV,Adriana,ANTIPHOLUS,1402
Act IV,Scene IV,Of Ephesus,"Dined at home! Thou villain, what sayest thou?",1403
Act IV,Scene IV,Dromio Of Ephesus,"Sir, sooth to say, you did not dine at home.",1404
Act IV,Scene IV,Dromio Of Ephesus,ANTIPHOLUS,1405
Act IV,Scene IV,Of Ephesus,Were not my doors lock'd up and I shut out?,1406
Act IV,Scene IV,Dromio Of Ephesus,"Perdie, your doors were lock'd and you shut out.",1407
Act IV,Scene IV,Dromio Of Ephesus,ANTIPHOLUS,1408
Act IV,Scene IV,Of Ephesus,And did not she herself revile me there?,1409
Act IV,Scene IV,Dromio Of Ephesus,"Sans fable, she herself reviled you there.",1410
Act IV,Scene IV,Dromio Of Ephesus,ANTIPHOLUS,1411
Act IV,Scene IV,Of Ephesus,"Did not her kitchen-maid rail, taunt, and scorn me?",1412
Act IV,Scene IV,Dromio Of Ephesus,"Certes, she did; the kitchen-vestal scorn'd you.",1413
Act IV,Scene IV,Dromio Of Ephesus,ANTIPHOLUS,1414
Act IV,Scene IV,Of Ephesus,And did not I in rage depart from thence?,1415
Act IV,Scene IV,Dromio Of Ephesus,"In verity you did; my bones bear witness,",1416
Act IV,Scene IV,Dromio Of Ephesus,That since have felt the vigour of his rage.,1417
Act IV,Scene IV,Adriana,Is't good to soothe him in these contraries?,1418
Act IV,Scene IV,Pinch,"It is no shame: the fellow finds his vein,",1419
Act IV,Scene IV,Pinch,And yielding to him humours well his frenzy.,1420
Act IV,Scene IV,Pinch,ANTIPHOLUS,1421
Act IV,Scene IV,Of Ephesus,Thou hast suborn'd the goldsmith to arrest me.,1422
Act IV,Scene IV,Adriana,"Alas, I sent you money to redeem you,",1423
Act IV,Scene IV,Adriana,"By Dromio here, who came in haste for it.",1424
Act IV,Scene IV,Dromio Of Ephesus,Money by me! heart and goodwill you might;,1425
Act IV,Scene IV,Dromio Of Ephesus,"But surely master, not a rag of money.",1426
Act IV,Scene IV,Dromio Of Ephesus,ANTIPHOLUS,1427
Act IV,Scene IV,Of Ephesus,Went'st not thou to her for a purse of ducats?,1428
Act IV,Scene IV,Adriana,He came to me and I deliver'd it.,1429
Act IV,Scene IV,Luciana,And I am witness with her that she did.,1430
Act IV,Scene IV,Dromio Of Ephesus,God and the rope-maker bear me witness,1431
Act IV,Scene IV,Dromio Of Ephesus,That I was sent for nothing but a rope!,1432
Act IV,Scene IV,Pinch,"Mistress, both man and master is possess'd;",1433
Act IV,Scene IV,Pinch,I know it by their pale and deadly looks:,1434
Act IV,Scene IV,Pinch,They must be bound and laid in some dark room.,1435
Act IV,Scene IV,Pinch,ANTIPHOLUS,1436
Act IV,Scene IV,Of Ephesus,"Say, wherefore didst thou lock me forth to-day?",1437
Act IV,Scene IV,Of Ephesus,And why dost thou deny the bag of gold?,1438
Act IV,Scene IV,Adriana,"I did not, gentle husband, lock thee forth.",1439
Act IV,Scene IV,Dromio Of Ephesus,"And, gentle master, I received no gold;",1440
Act IV,Scene IV,Dromio Of Ephesus,"But I confess, sir, that we were lock'd out.",1441
Act IV,Scene IV,Adriana,"Dissembling villain, thou speak'st false in both.",1442
Act IV,Scene IV,Adriana,ANTIPHOLUS,1443
Act IV,Scene IV,Of Ephesus,"Dissembling harlot, thou art false in all;",1444
Act IV,Scene IV,Of Ephesus,And art confederate with a damned pack,1445
Act IV,Scene IV,Of Ephesus,To make a loathsome abject scorn of me:,1446
Act IV,Scene IV,Of Ephesus,But with these nails I'll pluck out these false eyes,1447
Act IV,Scene IV,Of Ephesus,That would behold in me this shameful sport.,1448
Act IV,Scene IV,[stage direction],"Enter three or four, and offer to bind him. He strives",NA
Act IV,Scene IV,Adriana,"O, bind him, bind him! let him not come near me.",1449
Act IV,Scene IV,Pinch,More company! The fiend is strong within him.,1450
Act IV,Scene IV,Luciana,"Ay me, poor man, how pale and wan he looks!",1451
Act IV,Scene IV,Luciana,ANTIPHOLUS,1452
Act IV,Scene IV,Of Ephesus,"What, will you murder me? Thou gaoler, thou,",1453
Act IV,Scene IV,Of Ephesus,I am thy prisoner: wilt thou suffer them,1454
Act IV,Scene IV,Of Ephesus,To make a rescue?,1455
Act IV,Scene IV,Officer,"Masters, let him go",1456
Act IV,Scene IV,Officer,"He is my prisoner, and you shall not have him.",1457
Act IV,Scene IV,Pinch,"Go bind this man, for he is frantic too.",1458
Act IV,Scene IV,[stage direction],They offer to bind Dromio of Ephesus,NA
Act IV,Scene IV,Adriana,"What wilt thou do, thou peevish officer?",1459
Act IV,Scene IV,Adriana,Hast thou delight to see a wretched man,1460
Act IV,Scene IV,Adriana,Do outrage and displeasure to himself?,1461
Act IV,Scene IV,Officer,"He is my prisoner: if I let him go,",1462
Act IV,Scene IV,Officer,The debt he owes will be required of me.,1463
Act IV,Scene IV,Adriana,I will discharge thee ere I go from thee:,1464
Act IV,Scene IV,Adriana,"Bear me forthwith unto his creditor,",1465
Act IV,Scene IV,Adriana,"And, knowing how the debt grows, I will pay it.",1466
Act IV,Scene IV,Adriana,"Good master doctor, see him safe convey'd",1467
Act IV,Scene IV,Adriana,Home to my house. O most unhappy day!,1468
Act IV,Scene IV,Adriana,ANTIPHOLUS,1469
Act IV,Scene IV,Of Ephesus,O most unhappy strumpet!,1470
Act IV,Scene IV,Dromio Of Ephesus,"Master, I am here entered in bond for you.",1471
Act IV,Scene IV,Dromio Of Ephesus,ANTIPHOLUS,1472
Act IV,Scene IV,Of Ephesus,"Out on thee, villain! wherefore dost thou mad me?",1473
Act IV,Scene IV,Dromio Of Ephesus,"Will you be bound for nothing? be mad, good master:",1474
Act IV,Scene IV,Dromio Of Ephesus,cry 'The devil!',1475
Act IV,Scene IV,Luciana,"God help, poor souls, how idly do they talk!",1476
Act IV,Scene IV,Adriana,"Go bear him hence. Sister, go you with me.",1477
Act IV,Scene IV,[stage direction],"Exeunt all but Adriana, Luciana, Officer and Courtezan",NA
Act IV,Scene IV,Adriana,"Say now, whose suit is he arrested at?",1478
Act IV,Scene IV,Officer,"One Angelo, a goldsmith: do you know him?",1479
Act IV,Scene IV,Adriana,I know the man. What is the sum he owes?,1480
Act IV,Scene IV,Officer,Two hundred ducats.,1481
Act IV,Scene IV,Adriana,"Say, how grows it due?",1482
Act IV,Scene IV,Officer,Due for a chain your husband had of him.,1483
Act IV,Scene IV,Adriana,"He did bespeak a chain for me, but had it not.",1484
Act IV,Scene IV,Courtezan,When as your husband all in rage to-day,1485
Act IV,Scene IV,Courtezan,Came to my house and took away my ring--,1486
Act IV,Scene IV,Courtezan,The ring I saw upon his finger now--,1487
Act IV,Scene IV,Courtezan,Straight after did I meet him with a chain.,1488
Act IV,Scene IV,Adriana,"It may be so, but I did never see it.",1489
Act IV,Scene IV,Adriana,"Come, gaoler, bring me where the goldsmith is:",1490
Act IV,Scene IV,Adriana,I long to know the truth hereof at large.,1491
Act IV,Scene IV,[stage direction],"Enter ANTIPHOLUS of Syracuse with his rapier drawn, and DROMIO of Syracuse",NA
Act IV,Scene IV,Luciana,"God, for thy mercy! they are loose again.",1492
Act IV,Scene IV,Adriana,And come with naked swords.,1493
Act IV,Scene IV,Adriana,Let's call more help to have them bound again.,1494
Act IV,Scene IV,Officer,Away! they'll kill us.,1495
Act IV,Scene IV,[stage direction],Exeunt all but Antipholus of Syracuse and Dromio of Syracuse,NA
Act IV,Scene IV,Officer,ANTIPHOLUS,1496
Act IV,Scene IV,Of Syracuse,I see these witches are afraid of swords.,1497
Act IV,Scene IV,Dromio Of Syracuse,She that would be your wife now ran from you.,1498
Act IV,Scene IV,Dromio Of Syracuse,ANTIPHOLUS,1499
Act IV,Scene IV,Of Syracuse,Come to the Centaur; fetch our stuff from thence:,1500
Act IV,Scene IV,Of Syracuse,I long that we were safe and sound aboard.,1501
Act IV,Scene IV,Dromio Of Syracuse,"Faith, stay here this night; they will surely do us",1502
Act IV,Scene IV,Dromio Of Syracuse,"no harm: you saw they speak us fair, give us gold:",1503
Act IV,Scene IV,Dromio Of Syracuse,"methinks they are such a gentle nation that, but for",1504
Act IV,Scene IV,Dromio Of Syracuse,the mountain of mad flesh that claims marriage of,1505
Act IV,Scene IV,Dromio Of Syracuse,"me, I could find in my heart to stay here still and",1506
Act IV,Scene IV,Dromio Of Syracuse,turn witch.,1507
Act IV,Scene IV,Dromio Of Syracuse,ANTIPHOLUS,1508
Act IV,Scene IV,Of Syracuse,I will not stay to-night for all the town;,1509
Act IV,Scene IV,Of Syracuse,"Therefore away, to get our stuff aboard.",1510
Act IV,Scene IV,[stage direction],Exeunt,NA
Act V,Scene I,[stage direction],Enter Second Merchant and ANGELO,NA
Act V,Scene I,Angelo,"I am sorry, sir, that I have hinder'd you;",1511
Act V,Scene I,Angelo,"But, I protest, he had the chain of me,",1512
Act V,Scene I,Angelo,Though most dishonestly he doth deny it.,1513
Act V,Scene I,Second Merchant,How is the man esteemed here in the city?,1514
Act V,Scene I,Angelo,"Of very reverend reputation, sir,",1515
Act V,Scene I,Angelo,"Of credit infinite, highly beloved,",1516
Act V,Scene I,Angelo,Second to none that lives here in the city:,1517
Act V,Scene I,Angelo,His word might bear my wealth at any time.,1518
Act V,Scene I,Second Merchant,"Speak softly; yonder, as I think, he walks.",1519
Act V,Scene I,[stage direction],Enter ANTIPHOLUS of Syracuse and DROMIO of Syracuse,NA
Act V,Scene I,Angelo,'Tis so; and that self chain about his neck,1520
Act V,Scene I,Angelo,Which he forswore most monstrously to have.,1521
Act V,Scene I,Angelo,"Good sir, draw near to me, I'll speak to him.",1522
Act V,Scene I,Angelo,"Signior Antipholus, I wonder much",1523
Act V,Scene I,Angelo,That you would put me to this shame and trouble;,1524
Act V,Scene I,Angelo,"And, not without some scandal to yourself,",1525
Act V,Scene I,Angelo,With circumstance and oaths so to deny,1526
Act V,Scene I,Angelo,This chain which now you wear so openly:,1527
Act V,Scene I,Angelo,"Beside the charge, the shame, imprisonment,",1528
Act V,Scene I,Angelo,"You have done wrong to this my honest friend,",1529
Act V,Scene I,Angelo,"Who, but for staying on our controversy,",1530
Act V,Scene I,Angelo,Had hoisted sail and put to sea to-day:,1531
Act V,Scene I,Angelo,This chain you had of me; can you deny it?,1532
Act V,Scene I,Angelo,ANTIPHOLUS,1533
Act V,Scene I,Of Syracuse,I think I had; I never did deny it.,1534
Act V,Scene I,Second Merchant,"Yes, that you did, sir, and forswore it too.",1535
Act V,Scene I,Second Merchant,ANTIPHOLUS,1536
Act V,Scene I,Of Syracuse,Who heard me to deny it or forswear it?,1537
Act V,Scene I,Second Merchant,"These ears of mine, thou know'st did hear thee.",1538
Act V,Scene I,Second Merchant,"Fie on thee, wretch! 'tis pity that thou livest",1539
Act V,Scene I,Second Merchant,To walk where any honest man resort.,1540
Act V,Scene I,Second Merchant,ANTIPHOLUS,1541
Act V,Scene I,Of Syracuse,Thou art a villain to impeach me thus:,1542
Act V,Scene I,Of Syracuse,I'll prove mine honour and mine honesty,1543
Act V,Scene I,Of Syracuse,"Against thee presently, if thou darest stand.",1544
Act V,Scene I,Second Merchant,"I dare, and do defy thee for a villain.",1545
Act V,Scene I,[stage direction],They draw,NA
Act V,Scene I,[stage direction],"Enter ADRIANA, LUCIANA, the Courtezan, and others",NA
Act V,Scene I,Adriana,"Hold, hurt him not, for God's sake! he is mad.",1546
Act V,Scene I,Adriana,"Some get within him, take his sword away:",1547
Act V,Scene I,Adriana,"Bind Dromio too, and bear them to my house.",1548
Act V,Scene I,Dromio Of Syracuse,"Run, master, run; for God's sake, take a house!",1549
Act V,Scene I,Dromio Of Syracuse,"This is some priory. In, or we are spoil'd!",1550
Act V,Scene I,[stage direction],Exeunt Antipholus of Syracuse and Dromio of Syracuse to the Priory,NA
Act V,Scene I,[stage direction],"Enter the Lady Abbess, AEMILIA",NA
Act V,Scene I,Aemelia,"Be quiet, people. Wherefore throng you hither?",1551
Act V,Scene I,Adriana,To fetch my poor distracted husband hence.,1552
Act V,Scene I,Adriana,"Let us come in, that we may bind him fast",1553
Act V,Scene I,Adriana,And bear him home for his recovery.,1554
Act V,Scene I,Angelo,I knew he was not in his perfect wits.,1555
Act V,Scene I,Second Merchant,I am sorry now that I did draw on him.,1556
Act V,Scene I,Aemelia,How long hath this possession held the man?,1557
Act V,Scene I,Adriana,"This week he hath been heavy, sour, sad,",1558
Act V,Scene I,Adriana,And much different from the man he was;,1559
Act V,Scene I,Adriana,But till this afternoon his passion,1560
Act V,Scene I,Adriana,Ne'er brake into extremity of rage.,1561
Act V,Scene I,Aemelia,Hath he not lost much wealth by wreck of sea?,1562
Act V,Scene I,Aemelia,Buried some dear friend? Hath not else his eye,1563
Act V,Scene I,Aemelia,Stray'd his affection in unlawful love?,1564
Act V,Scene I,Aemelia,"A sin prevailing much in youthful men,",1565
Act V,Scene I,Aemelia,Who give their eyes the liberty of gazing.,1566
Act V,Scene I,Aemelia,Which of these sorrows is he subject to?,1567
Act V,Scene I,Adriana,"To none of these, except it be the last;",1568
Act V,Scene I,Adriana,"Namely, some love that drew him oft from home.",1569
Act V,Scene I,Aemelia,You should for that have reprehended him.,1570
Act V,Scene I,Adriana,"Why, so I did.",1571
Act V,Scene I,Aemelia,"Ay, but not rough enough.",1572
Act V,Scene I,Adriana,As roughly as my modesty would let me.,1573
Act V,Scene I,Aemelia,"Haply, in private.",1574
Act V,Scene I,Adriana,And in assemblies too.,1575
Act V,Scene I,Aemelia,"Ay, but not enough.",1576
Act V,Scene I,Adriana,It was the copy of our conference:,1577
Act V,Scene I,Adriana,In bed he slept not for my urging it;,1578
Act V,Scene I,Adriana,At board he fed not for my urging it;,1579
Act V,Scene I,Adriana,"Alone, it was the subject of my theme;",1580
Act V,Scene I,Adriana,In company I often glanced it;,1581
Act V,Scene I,Adriana,Still did I tell him it was vile and bad.,1582
Act V,Scene I,Aemelia,And thereof came it that the man was mad.,1583
Act V,Scene I,Aemelia,The venom clamours of a jealous woman,1584
Act V,Scene I,Aemelia,Poisons more deadly than a mad dog's tooth.,1585
Act V,Scene I,Aemelia,"It seems his sleeps were hinder'd by thy railing,",1586
Act V,Scene I,Aemelia,And therefore comes it that his head is light.,1587
Act V,Scene I,Aemelia,Thou say'st his meat was sauced with thy upbraidings:,1588
Act V,Scene I,Aemelia,Unquiet meals make ill digestions;,1589
Act V,Scene I,Aemelia,Thereof the raging fire of fever bred;,1590
Act V,Scene I,Aemelia,And what's a fever but a fit of madness?,1591
Act V,Scene I,Aemelia,Thou say'st his sports were hinderd by thy brawls:,1592
Act V,Scene I,Aemelia,"Sweet recreation barr'd, what doth ensue",1593
Act V,Scene I,Aemelia,"But moody and dull melancholy,",1594
Act V,Scene I,Aemelia,"Kinsman to grim and comfortless despair,",1595
Act V,Scene I,Aemelia,And at her heels a huge infectious troop,1596
Act V,Scene I,Aemelia,Of pale distemperatures and foes to life?,1597
Act V,Scene I,Aemelia,"In food, in sport and life-preserving rest",1598
Act V,Scene I,Aemelia,"To be disturb'd, would mad or man or beast:",1599
Act V,Scene I,Aemelia,The consequence is then thy jealous fits,1600
Act V,Scene I,Aemelia,Have scared thy husband from the use of wits.,1601
Act V,Scene I,Luciana,"She never reprehended him but mildly,",1602
Act V,Scene I,Luciana,"When he demean'd himself rough, rude and wildly.",1603
Act V,Scene I,Luciana,Why bear you these rebukes and answer not?,1604
Act V,Scene I,Adriana,She did betray me to my own reproof.,1605
Act V,Scene I,Adriana,Good people enter and lay hold on him.,1606
Act V,Scene I,Aemelia,"No, not a creature enters in my house.",1607
Act V,Scene I,Adriana,Then let your servants bring my husband forth.,1608
Act V,Scene I,Aemelia,"Neither: he took this place for sanctuary,",1609
Act V,Scene I,Aemelia,And it shall privilege him from your hands,1610
Act V,Scene I,Aemelia,"Till I have brought him to his wits again,",1611
Act V,Scene I,Aemelia,Or lose my labour in assaying it.,1612
Act V,Scene I,Adriana,"I will attend my husband, be his nurse,",1613
Act V,Scene I,Adriana,"Diet his sickness, for it is my office,",1614
Act V,Scene I,Adriana,And will have no attorney but myself;,1615
Act V,Scene I,Adriana,And therefore let me have him home with me.,1616
Act V,Scene I,Aemelia,Be patient; for I will not let him stir,1617
Act V,Scene I,Aemelia,"Till I have used the approved means I have,",1618
Act V,Scene I,Aemelia,"With wholesome syrups, drugs and holy prayers,",1619
Act V,Scene I,Aemelia,To make of him a formal man again:,1620
Act V,Scene I,Aemelia,"It is a branch and parcel of mine oath,",1621
Act V,Scene I,Aemelia,A charitable duty of my order.,1622
Act V,Scene I,Aemelia,Therefore depart and leave him here with me.,1623
Act V,Scene I,Adriana,I will not hence and leave my husband here:,1624
Act V,Scene I,Adriana,And ill it doth beseem your holiness,1625
Act V,Scene I,Adriana,To separate the husband and the wife.,1626
Act V,Scene I,Aemelia,Be quiet and depart: thou shalt not have him.,1627
Act V,Scene I,[stage direction],Exit,NA
Act V,Scene I,Luciana,Complain unto the duke of this indignity.,1628
Act V,Scene I,Adriana,"Come, go: I will fall prostrate at his feet",1629
Act V,Scene I,Adriana,And never rise until my tears and prayers,1630
Act V,Scene I,Adriana,Have won his grace to come in person hither,1631
Act V,Scene I,Adriana,And take perforce my husband from the abbess.,1632
Act V,Scene I,Second Merchant,"By this, I think, the dial points at five:",1633
Act V,Scene I,Second Merchant,"Anon, I'm sure, the duke himself in person",1634
Act V,Scene I,Second Merchant,"Comes this way to the melancholy vale,",1635
Act V,Scene I,Second Merchant,"The place of death and sorry execution,",1636
Act V,Scene I,Second Merchant,Behind the ditches of the abbey here.,1637
Act V,Scene I,Angelo,Upon what cause?,1638
Act V,Scene I,Second Merchant,"To see a reverend Syracusian merchant,",1639
Act V,Scene I,Second Merchant,Who put unluckily into this bay,1640
Act V,Scene I,Second Merchant,"Against the laws and statutes of this town,",1641
Act V,Scene I,Second Merchant,Beheaded publicly for his offence.,1642
Act V,Scene I,Angelo,See where they come: we will behold his death.,1643
Act V,Scene I,Luciana,Kneel to the duke before he pass the abbey.,1644
Act V,Scene I,[stage direction],"Enter DUKE SOLINUS, attended; AEGEON bareheaded; with the Headsman and other Officers",NA
Act V,Scene I,Duke Solinus,"Yet once again proclaim it publicly,",1645
Act V,Scene I,Duke Solinus,"If any friend will pay the sum for him,",1646
Act V,Scene I,Duke Solinus,He shall not die; so much we tender him.,1647
Act V,Scene I,Adriana,"Justice, most sacred duke, against the abbess!",1648
Act V,Scene I,Duke Solinus,She is a virtuous and a reverend lady:,1649
Act V,Scene I,Duke Solinus,It cannot be that she hath done thee wrong.,1650
Act V,Scene I,Adriana,"May it please your grace, Antipholus, my husband,",1651
Act V,Scene I,Adriana,"Whom I made lord of me and all I had,",1652
Act V,Scene I,Adriana,"At your important letters,--this ill day",1653
Act V,Scene I,Adriana,A most outrageous fit of madness took him;,1654
Act V,Scene I,Adriana,"That desperately he hurried through the street,",1655
Act V,Scene I,Adriana,"With him his bondman, all as mad as he--",1656
Act V,Scene I,Adriana,Doing displeasure to the citizens,1657
Act V,Scene I,Adriana,"By rushing in their houses, bearing thence",1658
Act V,Scene I,Adriana,"Rings, jewels, any thing his rage did like.",1659
Act V,Scene I,Adriana,"Once did I get him bound and sent him home,",1660
Act V,Scene I,Adriana,"Whilst to take order for the wrongs I went,",1661
Act V,Scene I,Adriana,That here and there his fury had committed.,1662
Act V,Scene I,Adriana,"Anon, I wot not by what strong escape,",1663
Act V,Scene I,Adriana,He broke from those that had the guard of him;,1664
Act V,Scene I,Adriana,"And with his mad attendant and himself,",1665
Act V,Scene I,Adriana,"Each one with ireful passion, with drawn swords,",1666
Act V,Scene I,Adriana,"Met us again and madly bent on us,",1667
Act V,Scene I,Adriana,"Chased us away; till, raising of more aid,",1668
Act V,Scene I,Adriana,We came again to bind them. Then they fled,1669
Act V,Scene I,Adriana,"Into this abbey, whither we pursued them:",1670
Act V,Scene I,Adriana,And here the abbess shuts the gates on us,1671
Act V,Scene I,Adriana,"And will not suffer us to fetch him out,",1672
Act V,Scene I,Adriana,Nor send him forth that we may bear him hence.,1673
Act V,Scene I,Adriana,"Therefore, most gracious duke, with thy command",1674
Act V,Scene I,Adriana,Let him be brought forth and borne hence for help.,1675
Act V,Scene I,Duke Solinus,"Long since thy husband served me in my wars,",1676
Act V,Scene I,Duke Solinus,"And I to thee engaged a prince's word,",1677
Act V,Scene I,Duke Solinus,"When thou didst make him master of thy bed,",1678
Act V,Scene I,Duke Solinus,To do him all the grace and good I could.,1679
Act V,Scene I,Duke Solinus,"Go, some of you, knock at the abbey-gate",1680
Act V,Scene I,Duke Solinus,And bid the lady abbess come to me.,1681
Act V,Scene I,Duke Solinus,I will determine this before I stir.,1682
Act V,Scene I,[stage direction],Enter a Servant,NA
Act V,Scene I,Servant,"O mistress, mistress, shift and save yourself!",1683
Act V,Scene I,Servant,"My master and his man are both broke loose,",1684
Act V,Scene I,Servant,Beaten the maids a-row and bound the doctor,1685
Act V,Scene I,Servant,Whose beard they have singed off with brands of fire;,1686
Act V,Scene I,Servant,"And ever, as it blazed, they threw on him",1687
Act V,Scene I,Servant,Great pails of puddled mire to quench the hair:,1688
Act V,Scene I,Servant,My master preaches patience to him and the while,1689
Act V,Scene I,Servant,"His man with scissors nicks him like a fool,",1690
Act V,Scene I,Servant,"And sure, unless you send some present help,",1691
Act V,Scene I,Servant,Between them they will kill the conjurer.,1692
Act V,Scene I,Adriana,"Peace, fool! thy master and his man are here,",1693
Act V,Scene I,Adriana,And that is false thou dost report to us.,1694
Act V,Scene I,Servant,"Mistress, upon my life, I tell you true;",1695
Act V,Scene I,Servant,I have not breathed almost since I did see it.,1696
Act V,Scene I,Servant,"He cries for you, and vows, if he can take you,",1697
Act V,Scene I,Servant,To scorch your face and to disfigure you.,1698
Act V,Scene I,[stage direction],Cry within,NA
Act V,Scene I,Servant,"Hark, hark! I hear him, mistress. fly, be gone!",1699
Act V,Scene I,Duke Solinus,"Come, stand by me; fear nothing. Guard with halberds!",1700
Act V,Scene I,Adriana,"Ay me, it is my husband! Witness you,",1701
Act V,Scene I,Adriana,That he is borne about invisible:,1702
Act V,Scene I,Adriana,Even now we housed him in the abbey here;,1703
Act V,Scene I,Adriana,"And now he's there, past thought of human reason.",1704
Act V,Scene I,[stage direction],Enter ANTIPHOLUS of Ephesus and DROMIO of Ephesus,NA
Act V,Scene I,Adriana,ANTIPHOLUS,1705
Act V,Scene I,Of Ephesus,"Justice, most gracious duke, O, grant me justice!",1706
Act V,Scene I,Of Ephesus,"Even for the service that long since I did thee,",1707
Act V,Scene I,Of Ephesus,When I bestrid thee in the wars and took,1708
Act V,Scene I,Of Ephesus,Deep scars to save thy life; even for the blood,1709
Act V,Scene I,Of Ephesus,"That then I lost for thee, now grant me justice.",1710
Act V,Scene I,Aegeon,"Unless the fear of death doth make me dote,",1711
Act V,Scene I,Aegeon,I see my son Antipholus and Dromio.,1712
Act V,Scene I,Aegeon,ANTIPHOLUS,1713
Act V,Scene I,Of Ephesus,"Justice, sweet prince, against that woman there!",1714
Act V,Scene I,Of Ephesus,"She whom thou gavest to me to be my wife,",1715
Act V,Scene I,Of Ephesus,That hath abused and dishonour'd me,1716
Act V,Scene I,Of Ephesus,Even in the strength and height of injury!,1717
Act V,Scene I,Of Ephesus,Beyond imagination is the wrong,1718
Act V,Scene I,Of Ephesus,That she this day hath shameless thrown on me.,1719
Act V,Scene I,Duke Solinus,"Discover how, and thou shalt find me just.",1720
Act V,Scene I,Duke Solinus,ANTIPHOLUS,1721
Act V,Scene I,Of Ephesus,"This day, great duke, she shut the doors upon me,",1722
Act V,Scene I,Of Ephesus,While she with harlots feasted in my house.,1723
Act V,Scene I,Duke Solinus,"A grievous fault! Say, woman, didst thou so?",1724
Act V,Scene I,Adriana,"No, my good lord: myself, he and my sister",1725
Act V,Scene I,Adriana,To-day did dine together. So befall my soul,1726
Act V,Scene I,Adriana,As this is false he burdens me withal!,1727
Act V,Scene I,Luciana,"Ne'er may I look on day, nor sleep on night,",1728
Act V,Scene I,Luciana,But she tells to your highness simple truth!,1729
Act V,Scene I,Angelo,O perjured woman! They are both forsworn:,1730
Act V,Scene I,Angelo,In this the madman justly chargeth them.,1731
Act V,Scene I,Angelo,ANTIPHOLUS,1732
Act V,Scene I,Of Ephesus,"My liege, I am advised what I say,",1733
Act V,Scene I,Of Ephesus,"Neither disturbed with the effect of wine,",1734
Act V,Scene I,Of Ephesus,"Nor heady-rash, provoked with raging ire,",1735
Act V,Scene I,Of Ephesus,Albeit my wrongs might make one wiser mad.,1736
Act V,Scene I,Of Ephesus,This woman lock'd me out this day from dinner:,1737
Act V,Scene I,Of Ephesus,"That goldsmith there, were he not pack'd with her,",1738
Act V,Scene I,Of Ephesus,"Could witness it, for he was with me then;",1739
Act V,Scene I,Of Ephesus,"Who parted with me to go fetch a chain,",1740
Act V,Scene I,Of Ephesus,"Promising to bring it to the Porpentine,",1741
Act V,Scene I,Of Ephesus,Where Balthazar and I did dine together.,1742
Act V,Scene I,Of Ephesus,"Our dinner done, and he not coming thither,",1743
Act V,Scene I,Of Ephesus,I went to seek him: in the street I met him,1744
Act V,Scene I,Of Ephesus,And in his company that gentleman.,1745
Act V,Scene I,Of Ephesus,There did this perjured goldsmith swear me down,1746
Act V,Scene I,Of Ephesus,"That I this day of him received the chain,",1747
Act V,Scene I,Of Ephesus,"Which, God he knows, I saw not: for the which",1748
Act V,Scene I,Of Ephesus,He did arrest me with an officer.,1749
Act V,Scene I,Of Ephesus,"I did obey, and sent my peasant home",1750
Act V,Scene I,Of Ephesus,For certain ducats: he with none return'd,1751
Act V,Scene I,Of Ephesus,Then fairly I bespoke the officer,1752
Act V,Scene I,Of Ephesus,To go in person with me to my house.,1753
Act V,Scene I,Of Ephesus,By the way we met,1754
Act V,Scene I,Of Ephesus,"My wife, her sister, and a rabble more",1755
Act V,Scene I,Of Ephesus,Of vile confederates. Along with them,1756
Act V,Scene I,Of Ephesus,"They brought one Pinch, a hungry lean-faced villain,",1757
Act V,Scene I,Of Ephesus,"A mere anatomy, a mountebank,",1758
Act V,Scene I,Of Ephesus,"A threadbare juggler and a fortune-teller,",1759
Act V,Scene I,Of Ephesus,"A needy, hollow-eyed, sharp-looking wretch,",1760
Act V,Scene I,Of Ephesus,"A dead-looking man: this pernicious slave,",1761
Act V,Scene I,Of Ephesus,"Forsooth, took on him as a conjurer,",1762
Act V,Scene I,Of Ephesus,"And, gazing in mine eyes, feeling my pulse,",1763
Act V,Scene I,Of Ephesus,"And with no face, as 'twere, outfacing me,",1764
Act V,Scene I,Of Ephesus,"Cries out, I was possess'd. Then all together",1765
Act V,Scene I,Of Ephesus,"They fell upon me, bound me, bore me thence",1766
Act V,Scene I,Of Ephesus,And in a dark and dankish vault at home,1767
Act V,Scene I,Of Ephesus,"There left me and my man, both bound together;",1768
Act V,Scene I,Of Ephesus,"Till, gnawing with my teeth my bonds in sunder,",1769
Act V,Scene I,Of Ephesus,"I gain'd my freedom, and immediately",1770
Act V,Scene I,Of Ephesus,Ran hither to your grace; whom I beseech,1771
Act V,Scene I,Of Ephesus,To give me ample satisfaction,1772
Act V,Scene I,Of Ephesus,For these deep shames and great indignities.,1773
Act V,Scene I,Angelo,"My lord, in truth, thus far I witness with him,",1774
Act V,Scene I,Angelo,"That he dined not at home, but was lock'd out.",1775
Act V,Scene I,Duke Solinus,But had he such a chain of thee or no?,1776
Act V,Scene I,Angelo,"He had, my lord: and when he ran in here,",1777
Act V,Scene I,Angelo,These people saw the chain about his neck.,1778
Act V,Scene I,Second Merchant,"Besides, I will be sworn these ears of mine",1779
Act V,Scene I,Second Merchant,Heard you confess you had the chain of him,1780
Act V,Scene I,Second Merchant,After you first forswore it on the mart:,1781
Act V,Scene I,Second Merchant,And thereupon I drew my sword on you;,1782
Act V,Scene I,Second Merchant,"And then you fled into this abbey here,",1783
Act V,Scene I,Second Merchant,"From whence, I think, you are come by miracle.",1784
Act V,Scene I,Second Merchant,ANTIPHOLUS,1785
Act V,Scene I,Of Ephesus,"I never came within these abbey-walls,",1786
Act V,Scene I,Of Ephesus,Nor ever didst thou draw thy sword on me:,1787
Act V,Scene I,Of Ephesus,"I never saw the chain, so help me Heaven!",1788
Act V,Scene I,Of Ephesus,And this is false you burden me withal.,1789
Act V,Scene I,Duke Solinus,"Why, what an intricate impeach is this!",1790
Act V,Scene I,Duke Solinus,I think you all have drunk of Circe's cup.,1791
Act V,Scene I,Duke Solinus,"If here you housed him, here he would have been;",1792
Act V,Scene I,Duke Solinus,"If he were mad, he would not plead so coldly:",1793
Act V,Scene I,Duke Solinus,You say he dined at home; the goldsmith here,1794
Act V,Scene I,Duke Solinus,"Denies that saying. Sirrah, what say you?",1795
Act V,Scene I,Dromio Of Ephesus,"Sir, he dined with her there, at the Porpentine.",1796
Act V,Scene I,Courtezan,"He did, and from my finger snatch'd that ring.",1797
Act V,Scene I,Courtezan,ANTIPHOLUS,1798
Act V,Scene I,Of Ephesus,"'Tis true, my liege; this ring I had of her.",1799
Act V,Scene I,Duke Solinus,Saw'st thou him enter at the abbey here?,1800
Act V,Scene I,Courtezan,"As sure, my liege, as I do see your grace.",1801
Act V,Scene I,Duke Solinus,"Why, this is strange. Go call the abbess hither.",1802
Act V,Scene I,Duke Solinus,I think you are all mated or stark mad.,1803
Act V,Scene I,[stage direction],Exit one to Abbess,NA
Act V,Scene I,Aegeon,"Most mighty duke, vouchsafe me speak a word:",1804
Act V,Scene I,Aegeon,Haply I see a friend will save my life,1805
Act V,Scene I,Aegeon,And pay the sum that may deliver me.,1806
Act V,Scene I,Duke Solinus,"Speak freely, Syracusian, what thou wilt.",1807
Act V,Scene I,Aegeon,"Is not your name, sir, call'd Antipholus?",1808
Act V,Scene I,Aegeon,"And is not that your bondman, Dromio?",1809
Act V,Scene I,Dromio Of Ephesus,"Within this hour I was his bondman sir,",1810
Act V,Scene I,Dromio Of Ephesus,"But he, I thank him, gnaw'd in two my cords:",1811
Act V,Scene I,Dromio Of Ephesus,Now am I Dromio and his man unbound.,1812
Act V,Scene I,Aegeon,I am sure you both of you remember me.,1813
Act V,Scene I,Dromio Of Ephesus,"Ourselves we do remember, sir, by you;",1814
Act V,Scene I,Dromio Of Ephesus,"For lately we were bound, as you are now",1815
Act V,Scene I,Dromio Of Ephesus,"You are not Pinch's patient, are you, sir?",1816
Act V,Scene I,Aegeon,Why look you strange on me? you know me well.,1817
Act V,Scene I,Antipholus,I never saw you in my life till now.,1818
Act V,Scene I,Aegeon,"O, grief hath changed me since you saw me last,",1819
Act V,Scene I,Aegeon,And careful hours with time's deformed hand,1820
Act V,Scene I,Aegeon,Have written strange defeatures in my face:,1821
Act V,Scene I,Aegeon,"But tell me yet, dost thou not know my voice?",1822
Act V,Scene I,Aegeon,ANTIPHOLUS,1823
Act V,Scene I,Of Ephesus,Neither.,1824
Act V,Scene I,Aegeon,"Dromio, nor thou?",1825
Act V,Scene I,Dromio Of Ephesus,"No, trust me, sir, nor I.",1826
Act V,Scene I,Aegeon,I am sure thou dost.,1827
Act V,Scene I,Dromio Of Ephesus,"Ay, sir, but I am sure I do not; and whatsoever a",1828
Act V,Scene I,Dromio Of Ephesus,"man denies, you are now bound to believe him.",1829
Act V,Scene I,Aegeon,"Not know my voice! O time's extremity,",1830
Act V,Scene I,Aegeon,Hast thou so crack'd and splitted my poor tongue,1831
Act V,Scene I,Aegeon,"In seven short years, that here my only son",1832
Act V,Scene I,Aegeon,Knows not my feeble key of untuned cares?,1833
Act V,Scene I,Aegeon,Though now this grained face of mine be hid,1834
Act V,Scene I,Aegeon,"In sap-consuming winter's drizzled snow,",1835
Act V,Scene I,Aegeon,"And all the conduits of my blood froze up,",1836
Act V,Scene I,Aegeon,"Yet hath my night of life some memory,",1837
Act V,Scene I,Aegeon,"My wasting lamps some fading glimmer left,",1838
Act V,Scene I,Aegeon,My dull deaf ears a little use to hear:,1839
Act V,Scene I,Aegeon,All these old witnesses--I cannot err--,1840
Act V,Scene I,Aegeon,Tell me thou art my son Antipholus.,1841
Act V,Scene I,Aegeon,ANTIPHOLUS,1842
Act V,Scene I,Of Ephesus,I never saw my father in my life.,1843
Act V,Scene I,Aegeon,"But seven years since, in Syracusa, boy,",1844
Act V,Scene I,Aegeon,"Thou know'st we parted: but perhaps, my son,",1845
Act V,Scene I,Aegeon,Thou shamest to acknowledge me in misery.,1846
Act V,Scene I,Aegeon,ANTIPHOLUS,1847
Act V,Scene I,Of Ephesus,The duke and all that know me in the city,1848
Act V,Scene I,Of Ephesus,Can witness with me that it is not so,1849
Act V,Scene I,Of Ephesus,I ne'er saw Syracusa in my life.,1850
Act V,Scene I,Duke Solinus,"I tell thee, Syracusian, twenty years",1851
Act V,Scene I,Duke Solinus,"Have I been patron to Antipholus,",1852
Act V,Scene I,Duke Solinus,During which time he ne'er saw Syracusa:,1853
Act V,Scene I,Duke Solinus,I see thy age and dangers make thee dote.,1854
Act V,Scene I,[stage direction],"Re-enter AEMILIA, with ANTIPHOLUS of Syracuse and DROMIO of Syracuse",NA
Act V,Scene I,Aemelia,"Most mighty duke, behold a man much wrong'd.",1855
Act V,Scene I,[stage direction],All gather to see them,NA
Act V,Scene I,Adriana,"I see two husbands, or mine eyes deceive me.",1856
Act V,Scene I,Duke Solinus,One of these men is Genius to the other;,1857
Act V,Scene I,Duke Solinus,"And so of these. Which is the natural man,",1858
Act V,Scene I,Duke Solinus,And which the spirit? who deciphers them?,1859
Act V,Scene I,Dromio Of Syracuse,"I, sir, am Dromio; command him away.",1860
Act V,Scene I,Dromio Of Ephesus,"I, sir, am Dromio; pray, let me stay.",1861
Act V,Scene I,Dromio Of Ephesus,ANTIPHOLUS,1862
Act V,Scene I,Of Syracuse,AEgeon art thou not? or else his ghost?,1863
Act V,Scene I,Dromio Of Syracuse,"O, my old master! who hath bound him here?",1864
Act V,Scene I,Aemelia,"Whoever bound him, I will loose his bonds",1865
Act V,Scene I,Aemelia,And gain a husband by his liberty.,1866
Act V,Scene I,Aemelia,"Speak, old AEgeon, if thou be'st the man",1867
Act V,Scene I,Aemelia,That hadst a wife once call'd AEmilia,1868
Act V,Scene I,Aemelia,That bore thee at a burden two fair sons:,1869
Act V,Scene I,Aemelia,"O, if thou be'st the same AEgeon, speak,",1870
Act V,Scene I,Aemelia,And speak unto the same AEmilia!,1871
Act V,Scene I,Aegeon,"If I dream not, thou art AEmilia:",1872
Act V,Scene I,Aegeon,"If thou art she, tell me where is that son",1873
Act V,Scene I,Aegeon,That floated with thee on the fatal raft?,1874
Act V,Scene I,Aemelia,By men of Epidamnum he and I,1875
Act V,Scene I,Aemelia,And the twin Dromio all were taken up;,1876
Act V,Scene I,Aemelia,But by and by rude fishermen of Corinth,1877
Act V,Scene I,Aemelia,By force took Dromio and my son from them,1878
Act V,Scene I,Aemelia,And me they left with those of Epidamnum.,1879
Act V,Scene I,Aemelia,What then became of them I cannot tell,1880
Act V,Scene I,Aemelia,I to this fortune that you see me in.,1881
Act V,Scene I,Duke Solinus,"Why, here begins his morning story right;",1882
Act V,Scene I,Duke Solinus,"These two Antipholuses, these two so like,",1883
Act V,Scene I,Duke Solinus,"And these two Dromios, one in semblance,--",1884
Act V,Scene I,Duke Solinus,"Besides her urging of her wreck at sea,--",1885
Act V,Scene I,Duke Solinus,"These are the parents to these children,",1886
Act V,Scene I,Duke Solinus,Which accidentally are met together.,1887
Act V,Scene I,Duke Solinus,"Antipholus, thou camest from Corinth first?",1888
Act V,Scene I,Duke Solinus,ANTIPHOLUS,1889
Act V,Scene I,Of Syracuse,"No, sir, not I; I came from Syracuse.",1890
Act V,Scene I,Duke Solinus,"Stay, stand apart; I know not which is which.",1891
Act V,Scene I,Duke Solinus,ANTIPHOLUS,1892
Act V,Scene I,Of Ephesus,"I came from Corinth, my most gracious lord,--",1893
Act V,Scene I,Dromio Of Ephesus,And I with him.,1894
Act V,Scene I,Dromio Of Ephesus,ANTIPHOLUS,1895
Act V,Scene I,Of Ephesus,"Brought to this town by that most famous warrior,",1896
Act V,Scene I,Of Ephesus,"Duke Menaphon, your most renowned uncle.",1897
Act V,Scene I,Adriana,Which of you two did dine with me to-day?,1898
Act V,Scene I,Adriana,ANTIPHOLUS,1899
Act V,Scene I,Of Syracuse,"I, gentle mistress.",1900
Act V,Scene I,Adriana,And are not you my husband?,1901
Act V,Scene I,Adriana,ANTIPHOLUS,1902
Act V,Scene I,Of Ephesus,No; I say nay to that.,1903
Act V,Scene I,Of Ephesus,ANTIPHOLUS,1904
Act V,Scene I,Of Syracuse,And so do I; yet did she call me so:,1905
Act V,Scene I,Of Syracuse,"And this fair gentlewoman, her sister here,",1906
Act V,Scene I,Of Syracuse,Did call me brother.,1907
Act V,Scene I,[stage direction],To Luciana,NA
Act V,Scene I,Of Syracuse,"What I told you then,",1908
Act V,Scene I,Of Syracuse,I hope I shall have leisure to make good;,1909
Act V,Scene I,Of Syracuse,If this be not a dream I see and hear.,1910
Act V,Scene I,Angelo,"That is the chain, sir, which you had of me.",1911
Act V,Scene I,Angelo,ANTIPHOLUS,1912
Act V,Scene I,Of Syracuse,"I think it be, sir; I deny it not.",1913
Act V,Scene I,Of Syracuse,ANTIPHOLUS,1914
Act V,Scene I,Of Ephesus,"And you, sir, for this chain arrested me.",1915
Act V,Scene I,Angelo,"I think I did, sir; I deny it not.",1916
Act V,Scene I,Adriana,"I sent you money, sir, to be your bail,",1917
Act V,Scene I,Adriana,By Dromio; but I think he brought it not.,1918
Act V,Scene I,Dromio Of Ephesus,"No, none by me.",1919
Act V,Scene I,Dromio Of Ephesus,ANTIPHOLUS,1920
Act V,Scene I,Of Syracuse,"This purse of ducats I received from you,",1921
Act V,Scene I,Of Syracuse,"And Dromio, my man, did bring them me.",1922
Act V,Scene I,Of Syracuse,"I see we still did meet each other's man,",1923
Act V,Scene I,Of Syracuse,"And I was ta'en for him, and he for me,",1924
Act V,Scene I,Of Syracuse,And thereupon these errors are arose.,1925
Act V,Scene I,Of Syracuse,ANTIPHOLUS,1926
Act V,Scene I,Of Ephesus,These ducats pawn I for my father here.,1927
Act V,Scene I,Duke Solinus,It shall not need; thy father hath his life.,1928
Act V,Scene I,Courtezan,"Sir, I must have that diamond from you.",1929
Act V,Scene I,Courtezan,ANTIPHOLUS,1930
Act V,Scene I,Of Ephesus,"There, take it; and much thanks for my good cheer.",1931
Act V,Scene I,Aemelia,"Renowned duke, vouchsafe to take the pains",1932
Act V,Scene I,Aemelia,To go with us into the abbey here,1933
Act V,Scene I,Aemelia,And hear at large discoursed all our fortunes:,1934
Act V,Scene I,Aemelia,"And all that are assembled in this place,",1935
Act V,Scene I,Aemelia,That by this sympathized one day's error,1936
Act V,Scene I,Aemelia,"Have suffer'd wrong, go keep us company,",1937
Act V,Scene I,Aemelia,And we shall make full satisfaction.,1938
Act V,Scene I,Aemelia,Thirty-three years have I but gone in travail,1939
Act V,Scene I,Aemelia,"Of you, my sons; and till this present hour",1940
Act V,Scene I,Aemelia,My heavy burden ne'er delivered.,1941
Act V,Scene I,Aemelia,"The duke, my husband and my children both,",1942
Act V,Scene I,Aemelia,"And you the calendars of their nativity,",1943
Act V,Scene I,Aemelia,Go to a gossips' feast and go with me;,1944
Act V,Scene I,Aemelia,"After so long grief, such festivity!",1945
Act V,Scene I,Duke Solinus,"With all my heart, I'll gossip at this feast.",1946
Act V,Scene I,[stage direction],"Exeunt all but Antipholus of Syracuse, Antipholus of Ephesus, Dromio of Syracuse and Dromio of Ephesus",NA
Act V,Scene I,Dromio Of Syracuse,"Master, shall I fetch your stuff from shipboard?",1947
Act V,Scene I,Dromio Of Syracuse,ANTIPHOLUS,1948
Act V,Scene I,Of Ephesus,"Dromio, what stuff of mine hast thou embark'd?",1949
Act V,Scene I,Dromio Of Syracuse,"Your goods that lay at host, sir, in the Centaur.",1950
Act V,Scene I,Dromio Of Syracuse,ANTIPHOLUS,1951
Act V,Scene I,Of Syracuse,"He speaks to me. I am your master, Dromio:",1952
Act V,Scene I,Of Syracuse,"Come, go with us; we'll look to that anon:",1953
Act V,Scene I,Of Syracuse,Embrace thy brother there; rejoice with him.,1954
Act V,Scene I,[stage direction],Exeunt Antipholus of Syracuse and Antipholus of Ephesus,NA
Act V,Scene I,Dromio Of Syracuse,"There is a fat friend at your master's house,",1955
Act V,Scene I,Dromio Of Syracuse,That kitchen'd me for you to-day at dinner:,1956
Act V,Scene I,Dromio Of Syracuse,"She now shall be my sister, not my wife.",1957
Act V,Scene I,Dromio Of Ephesus,"Methinks you are my glass, and not my brother:",1958
Act V,Scene I,Dromio Of Ephesus,I see by you I am a sweet-faced youth.,1959
Act V,Scene I,Dromio Of Ephesus,Will you walk in to see their gossiping?,1960
Act V,Scene I,Dromio Of Syracuse,"Not I, sir; you are my elder.",1961
Act V,Scene I,Dromio Of Ephesus,That's a question: how shall we try it?,1962
Act V,Scene I,Dromio Of Syracuse,We'll draw cuts for the senior: till then lead thou first.,1963
Act V,Scene I,Dromio Of Ephesus,"Nay, then, thus:",1964
Act V,Scene I,Dromio Of Ephesus,We came into the world like brother and brother;,1965
Act V,Scene I,Dromio Of Ephesus,"And now let's go hand in hand, not one before another.",1966
Act V,Scene I,[stage direction],Exeunt,NA
