act,scene,character,dialogue,line_number
Act I,Scene I,[stage direction],"Enter a company of mutinous Citizens, with staves, clubs, and other weapons",NA
Act I,Scene I,First Citizen,"Before we proceed any further, hear me speak.",1
Act I,Scene I,All,"Speak, speak.",2
Act I,Scene I,First Citizen,You are all resolved rather to die than to famish?,3
Act I,Scene I,All,Resolved. resolved.,4
Act I,Scene I,First Citizen,"First, you know Caius Marcius is chief enemy to the people.",5
Act I,Scene I,All,"We know't, we know't.",6
Act I,Scene I,First Citizen,"Let us kill him, and we'll have corn at our own price.",7
Act I,Scene I,First Citizen,Is't a verdict?,8
Act I,Scene I,All,"No more talking on't; let it be done: away, away!",9
Act I,Scene I,Second Citizen,"One word, good citizens.",10
Act I,Scene I,First Citizen,"We are accounted poor citizens, the patricians good.",11
Act I,Scene I,First Citizen,What authority surfeits on would relieve us: if they,12
Act I,Scene I,First Citizen,"would yield us but the superfluity, while it were",13
Act I,Scene I,First Citizen,"wholesome, we might guess they relieved us humanely;",14
Act I,Scene I,First Citizen,but they think we are too dear: the leanness that,15
Act I,Scene I,First Citizen,"afflicts us, the object of our misery, is as an",16
Act I,Scene I,First Citizen,inventory to particularise their abundance; our,17
Act I,Scene I,First Citizen,sufferance is a gain to them Let us revenge this with,18
Act I,Scene I,First Citizen,"our pikes, ere we become rakes: for the gods know I",19
Act I,Scene I,First Citizen,"speak this in hunger for bread, not in thirst for revenge.",20
Act I,Scene I,Second Citizen,Would you proceed especially against Caius Marcius?,21
Act I,Scene I,All,Against him first: he's a very dog to the commonalty.,22
Act I,Scene I,Second Citizen,Consider you what services he has done for his country?,23
Act I,Scene I,First Citizen,Very well; and could be content to give him good,24
Act I,Scene I,First Citizen,"report fort, but that he pays himself with being proud.",25
Act I,Scene I,Second Citizen,"Nay, but speak not maliciously.",26
Act I,Scene I,First Citizen,"I say unto you, what he hath done famously, he did",27
Act I,Scene I,First Citizen,it to that end: though soft-conscienced men can be,28
Act I,Scene I,First Citizen,content to say it was for his country he did it to,29
Act I,Scene I,First Citizen,please his mother and to be partly proud; which he,30
Act I,Scene I,First Citizen,"is, even till the altitude of his virtue.",31
Act I,Scene I,Second Citizen,"What he cannot help in his nature, you account a",32
Act I,Scene I,Second Citizen,vice in him. You must in no way say he is covetous.,33
Act I,Scene I,First Citizen,"If I must not, I need not be barren of accusations;",34
Act I,Scene I,First Citizen,"he hath faults, with surplus, to tire in repetition.",35
Act I,Scene I,[stage direction],Shouts within,NA
Act I,Scene I,First Citizen,What shouts are these? The other side o' the city,36
Act I,Scene I,First Citizen,is risen: why stay we prating here? to the Capitol!,37
Act I,Scene I,All,"Come, come.",38
Act I,Scene I,First Citizen,Soft! who comes here?,39
Act I,Scene I,[stage direction],Enter MENENIUS AGRIPPA,NA
Act I,Scene I,Second Citizen,Worthy Menenius Agrippa; one that hath always loved,40
Act I,Scene I,Second Citizen,the people.,41
Act I,Scene I,First Citizen,He's one honest enough: would all the rest were so!,42
Act I,Scene I,Menenius,"What work's, my countrymen, in hand? where go you",43
Act I,Scene I,Menenius,"With bats and clubs? The matter? speak, I pray you.",44
Act I,Scene I,First Citizen,Our business is not unknown to the senate; they have,45
Act I,Scene I,First Citizen,"had inkling this fortnight what we intend to do,",46
Act I,Scene I,First Citizen,which now we'll show 'em in deeds. They say poor,47
Act I,Scene I,First Citizen,suitors have strong breaths: they shall know we,48
Act I,Scene I,First Citizen,have strong arms too.,49
Act I,Scene I,Menenius,"Why, masters, my good friends, mine honest neighbours,",50
Act I,Scene I,Menenius,Will you undo yourselves?,51
Act I,Scene I,First Citizen,"We cannot, sir, we are undone already.",52
Act I,Scene I,Menenius,"I tell you, friends, most charitable care",53
Act I,Scene I,Menenius,"Have the patricians of you. For your wants,",54
Act I,Scene I,Menenius,"Your suffering in this dearth, you may as well",55
Act I,Scene I,Menenius,Strike at the heaven with your staves as lift them,56
Act I,Scene I,Menenius,"Against the Roman state, whose course will on",57
Act I,Scene I,Menenius,"The way it takes, cracking ten thousand curbs",58
Act I,Scene I,Menenius,Of more strong link asunder than can ever,59
Act I,Scene I,Menenius,"Appear in your impediment. For the dearth,",60
Act I,Scene I,Menenius,"The gods, not the patricians, make it, and",61
Act I,Scene I,Menenius,"Your knees to them, not arms, must help. Alack,",62
Act I,Scene I,Menenius,You are transported by calamity,63
Act I,Scene I,Menenius,"Thither where more attends you, and you slander",64
Act I,Scene I,Menenius,"The helms o' the state, who care for you like fathers,",65
Act I,Scene I,Menenius,When you curse them as enemies.,66
Act I,Scene I,First Citizen,"Care for us! True, indeed! They ne'er cared for us",67
Act I,Scene I,First Citizen,"yet: suffer us to famish, and their store-houses",68
Act I,Scene I,First Citizen,"crammed with grain; make edicts for usury, to",69
Act I,Scene I,First Citizen,support usurers; repeal daily any wholesome act,70
Act I,Scene I,First Citizen,"established against the rich, and provide more",71
Act I,Scene I,First Citizen,"piercing statutes daily, to chain up and restrain",72
Act I,Scene I,First Citizen,"the poor. If the wars eat us not up, they will; and",73
Act I,Scene I,First Citizen,there's all the love they bear us.,74
Act I,Scene I,Menenius,Either you must,75
Act I,Scene I,Menenius,"Confess yourselves wondrous malicious,",76
Act I,Scene I,Menenius,Or be accused of folly. I shall tell you,77
Act I,Scene I,Menenius,A pretty tale: it may be you have heard it;,78
Act I,Scene I,Menenius,"But, since it serves my purpose, I will venture",79
Act I,Scene I,Menenius,To stale 't a little more.,80
Act I,Scene I,First Citizen,"Well, I'll hear it, sir: yet you must not think to",81
Act I,Scene I,First Citizen,"fob off our disgrace with a tale: but, an 't please",82
Act I,Scene I,First Citizen,"you, deliver.",83
Act I,Scene I,Menenius,There was a time when all the body's members,84
Act I,Scene I,Menenius,"Rebell'd against the belly, thus accused it:",85
Act I,Scene I,Menenius,That only like a gulf it did remain,86
Act I,Scene I,Menenius,"I' the midst o' the body, idle and unactive,",87
Act I,Scene I,Menenius,"Still cupboarding the viand, never bearing",88
Act I,Scene I,Menenius,"Like labour with the rest, where the other instruments",89
Act I,Scene I,Menenius,"Did see and hear, devise, instruct, walk, feel,",90
Act I,Scene I,Menenius,"And, mutually participate, did minister",91
Act I,Scene I,Menenius,Unto the appetite and affection common,92
Act I,Scene I,Menenius,Of the whole body. The belly answer'd--,93
Act I,Scene I,First Citizen,"Well, sir, what answer made the belly?",94
Act I,Scene I,Menenius,"Sir, I shall tell you. With a kind of smile,",95
Act I,Scene I,Menenius,"Which ne'er came from the lungs, but even thus--",96
Act I,Scene I,Menenius,"For, look you, I may make the belly smile",97
Act I,Scene I,Menenius,As well as speak--it tauntingly replied,98
Act I,Scene I,Menenius,"To the discontented members, the mutinous parts",99
Act I,Scene I,Menenius,That envied his receipt; even so most fitly,100
Act I,Scene I,Menenius,As you malign our senators for that,101
Act I,Scene I,Menenius,They are not such as you.,102
Act I,Scene I,First Citizen,Your belly's answer? What!,103
Act I,Scene I,First Citizen,"The kingly-crowned head, the vigilant eye,",104
Act I,Scene I,First Citizen,"The counsellor heart, the arm our soldier,",105
Act I,Scene I,First Citizen,"Our steed the leg, the tongue our trumpeter.",106
Act I,Scene I,First Citizen,With other muniments and petty helps,107
Act I,Scene I,First Citizen,"In this our fabric, if that they--",108
Act I,Scene I,Menenius,What then?,109
Act I,Scene I,Menenius,"'Fore me, this fellow speaks! What then? what then?",110
Act I,Scene I,First Citizen,"Should by the cormorant belly be restrain'd,",111
Act I,Scene I,First Citizen,"Who is the sink o' the body,--",112
Act I,Scene I,Menenius,"Well, what then?",113
Act I,Scene I,First Citizen,"The former agents, if they did complain,",114
Act I,Scene I,First Citizen,What could the belly answer?,115
Act I,Scene I,Menenius,I will tell you,116
Act I,Scene I,Menenius,If you'll bestow a small--of what you have little--,117
Act I,Scene I,Menenius,"Patience awhile, you'll hear the belly's answer.",118
Act I,Scene I,First Citizen,Ye're long about it.,119
Act I,Scene I,Menenius,"Note me this, good friend;",120
Act I,Scene I,Menenius,"Your most grave belly was deliberate,",121
Act I,Scene I,Menenius,"Not rash like his accusers, and thus answer'd:",122
Act I,Scene I,Menenius,"'True is it, my incorporate friends,' quoth he,",123
Act I,Scene I,Menenius,"'That I receive the general food at first,",124
Act I,Scene I,Menenius,"Which you do live upon; and fit it is,",125
Act I,Scene I,Menenius,Because I am the store-house and the shop,126
Act I,Scene I,Menenius,"Of the whole body: but, if you do remember,",127
Act I,Scene I,Menenius,"I send it through the rivers of your blood,",128
Act I,Scene I,Menenius,"Even to the court, the heart, to the seat o' the brain;",129
Act I,Scene I,Menenius,"And, through the cranks and offices of man,",130
Act I,Scene I,Menenius,The strongest nerves and small inferior veins,131
Act I,Scene I,Menenius,From me receive that natural competency,132
Act I,Scene I,Menenius,"Whereby they live: and though that all at once,",133
Act I,Scene I,Menenius,"You, my good friends,'--this says the belly, mark me,--",134
Act I,Scene I,First Citizen,"Ay, sir; well, well.",135
Act I,Scene I,Menenius,'Though all at once cannot,136
Act I,Scene I,Menenius,"See what I do deliver out to each,",137
Act I,Scene I,Menenius,"Yet I can make my audit up, that all",138
Act I,Scene I,Menenius,"From me do back receive the flour of all,",139
Act I,Scene I,Menenius,And leave me but the bran.' What say you to't?,140
Act I,Scene I,First Citizen,It was an answer: how apply you this?,141
Act I,Scene I,Menenius,"The senators of Rome are this good belly,",142
Act I,Scene I,Menenius,And you the mutinous members; for examine,143
Act I,Scene I,Menenius,"Their counsels and their cares, digest things rightly",144
Act I,Scene I,Menenius,"Touching the weal o' the common, you shall find",145
Act I,Scene I,Menenius,No public benefit which you receive,146
Act I,Scene I,Menenius,But it proceeds or comes from them to you,147
Act I,Scene I,Menenius,"And no way from yourselves. What do you think,",148
Act I,Scene I,Menenius,"You, the great toe of this assembly?",149
Act I,Scene I,First Citizen,I the great toe! why the great toe?,150
Act I,Scene I,Menenius,"For that, being one o' the lowest, basest, poorest,",151
Act I,Scene I,Menenius,"Of this most wise rebellion, thou go'st foremost:",152
Act I,Scene I,Menenius,"Thou rascal, that art worst in blood to run,",153
Act I,Scene I,Menenius,Lead'st first to win some vantage.,154
Act I,Scene I,Menenius,But make you ready your stiff bats and clubs:,155
Act I,Scene I,Menenius,Rome and her rats are at the point of battle;,156
Act I,Scene I,Menenius,The one side must have bale.,157
Act I,Scene I,[stage direction],Enter CAIUS MARCIUS,NA
Act I,Scene I,Menenius,"Hail, noble Marcius!",158
Act I,Scene I,Marcius,"Thanks. What's the matter, you dissentious rogues,",159
Act I,Scene I,Marcius,"That, rubbing the poor itch of your opinion,",160
Act I,Scene I,Marcius,Make yourselves scabs?,161
Act I,Scene I,First Citizen,We have ever your good word.,162
Act I,Scene I,Marcius,He that will give good words to thee will flatter,163
Act I,Scene I,Marcius,"Beneath abhorring. What would you have, you curs,",164
Act I,Scene I,Marcius,"That like nor peace nor war? the one affrights you,",165
Act I,Scene I,Marcius,"The other makes you proud. He that trusts to you,",166
Act I,Scene I,Marcius,"Where he should find you lions, finds you hares;",167
Act I,Scene I,Marcius,"Where foxes, geese: you are no surer, no,",168
Act I,Scene I,Marcius,"Than is the coal of fire upon the ice,",169
Act I,Scene I,Marcius,Or hailstone in the sun. Your virtue is,170
Act I,Scene I,Marcius,To make him worthy whose offence subdues him,171
Act I,Scene I,Marcius,And curse that justice did it.,172
Act I,Scene I,Marcius,Who deserves greatness,173
Act I,Scene I,Marcius,Deserves your hate; and your affections are,174
Act I,Scene I,Marcius,"A sick man's appetite, who desires most that",175
Act I,Scene I,Marcius,Which would increase his evil. He that depends,176
Act I,Scene I,Marcius,Upon your favours swims with fins of lead,177
Act I,Scene I,Marcius,And hews down oaks with rushes. Hang ye! Trust Ye?,178
Act I,Scene I,Marcius,"With every minute you do change a mind,",179
Act I,Scene I,Marcius,"And call him noble that was now your hate,",180
Act I,Scene I,Marcius,"Him vile that was your garland. What's the matter,",181
Act I,Scene I,Marcius,That in these several places of the city,182
Act I,Scene I,Marcius,"You cry against the noble senate, who,",183
Act I,Scene I,Marcius,"Under the gods, keep you in awe, which else",184
Act I,Scene I,Marcius,Would feed on one another? What's their seeking?,185
Act I,Scene I,Menenius,"For corn at their own rates; whereof, they say,",186
Act I,Scene I,Menenius,The city is well stored.,187
Act I,Scene I,Marcius,Hang 'em! They say!,188
Act I,Scene I,Marcius,"They'll sit by the fire, and presume to know",189
Act I,Scene I,Marcius,"What's done i' the Capitol; who's like to rise,",190
Act I,Scene I,Marcius,Who thrives and who declines; side factions,191
Act I,Scene I,Marcius,and give out,192
Act I,Scene I,Marcius,Conjectural marriages; making parties strong,193
Act I,Scene I,Marcius,And feebling such as stand not in their liking,194
Act I,Scene I,Marcius,Below their cobbled shoes. They say there's,195
Act I,Scene I,Marcius,grain enough!,196
Act I,Scene I,Marcius,"Would the nobility lay aside their ruth,",197
Act I,Scene I,Marcius,"And let me use my sword, I'll make a quarry",198
Act I,Scene I,Marcius,"With thousands of these quarter'd slaves, as high",199
Act I,Scene I,Marcius,As I could pick my lance.,200
Act I,Scene I,Menenius,"Nay, these are almost thoroughly persuaded;",201
Act I,Scene I,Menenius,"For though abundantly they lack discretion,",202
Act I,Scene I,Menenius,"Yet are they passing cowardly. But, I beseech you,",203
Act I,Scene I,Menenius,What says the other troop?,204
Act I,Scene I,Marcius,They are dissolved: hang 'em!,205
Act I,Scene I,Marcius,"They said they were an-hungry; sigh'd forth proverbs,",206
Act I,Scene I,Marcius,"That hunger broke stone walls, that dogs must eat,",207
Act I,Scene I,Marcius,"That meat was made for mouths, that the gods sent not",208
Act I,Scene I,Marcius,Corn for the rich men only: with these shreds,209
Act I,Scene I,Marcius,"They vented their complainings; which being answer'd,",210
Act I,Scene I,Marcius,"And a petition granted them, a strange one--",211
Act I,Scene I,Marcius,"To break the heart of generosity,",212
Act I,Scene I,Marcius,And make bold power look pale--they threw their caps,213
Act I,Scene I,Marcius,"As they would hang them on the horns o' the moon,",214
Act I,Scene I,Marcius,Shouting their emulation.,215
Act I,Scene I,Menenius,What is granted them?,216
Act I,Scene I,Marcius,"Five tribunes to defend their vulgar wisdoms,",217
Act I,Scene I,Marcius,"Of their own choice: one's Junius Brutus,",218
Act I,Scene I,Marcius,"Sicinius Velutus, and I know not--'Sdeath!",219
Act I,Scene I,Marcius,"The rabble should have first unroof'd the city,",220
Act I,Scene I,Marcius,Ere so prevail'd with me: it will in time,221
Act I,Scene I,Marcius,Win upon power and throw forth greater themes,222
Act I,Scene I,Marcius,For insurrection's arguing.,223
Act I,Scene I,Menenius,This is strange.,224
Act I,Scene I,Marcius,"Go, get you home, you fragments!",225
Act I,Scene I,[stage direction],"Enter a Messenger, hastily",NA
Act I,Scene I,Messenger,Where's Caius Marcius?,226
Act I,Scene I,Marcius,Here: what's the matter?,227
Act I,Scene I,Messenger,"The news is, sir, the Volsces are in arms.",228
Act I,Scene I,Marcius,I am glad on 't: then we shall ha' means to vent,229
Act I,Scene I,Marcius,"Our musty superfluity. See, our best elders.",230
Act I,Scene I,[stage direction],"Enter COMINIUS, TITUS LARTIUS, and other Senators; JUNIUS BRUTUS and SICINIUS VELUTUS",NA
Act I,Scene I,First Senator,"Marcius, 'tis true that you have lately told us;",231
Act I,Scene I,First Senator,The Volsces are in arms.,232
Act I,Scene I,Marcius,"They have a leader,",233
Act I,Scene I,Marcius,"Tullus Aufidius, that will put you to 't.",234
Act I,Scene I,Marcius,"I sin in envying his nobility,",235
Act I,Scene I,Marcius,"And were I any thing but what I am,",236
Act I,Scene I,Marcius,I would wish me only he.,237
Act I,Scene I,Cominius,You have fought together.,238
Act I,Scene I,Marcius,Were half to half the world by the ears and he.,239
Act I,Scene I,Marcius,"Upon my party, I'ld revolt to make",240
Act I,Scene I,Marcius,Only my wars with him: he is a lion,241
Act I,Scene I,Marcius,That I am proud to hunt.,242
Act I,Scene I,First Senator,"Then, worthy Marcius,",243
Act I,Scene I,First Senator,Attend upon Cominius to these wars.,244
Act I,Scene I,Cominius,It is your former promise.,245
Act I,Scene I,Marcius,"Sir, it is;",246
Act I,Scene I,Marcius,"And I am constant. Titus Lartius, thou",247
Act I,Scene I,Marcius,Shalt see me once more strike at Tullus' face.,248
Act I,Scene I,Marcius,"What, art thou stiff? stand'st out?",249
Act I,Scene I,Titus,"No, Caius Marcius;",250
Act I,Scene I,Titus,"I'll lean upon one crutch and fight with t'other,",251
Act I,Scene I,Titus,Ere stay behind this business.,252
Act I,Scene I,Menenius,"O, true-bred!",253
Act I,Scene I,First Senator,"Your company to the Capitol; where, I know,",254
Act I,Scene I,First Senator,Our greatest friends attend us.,255
Act I,Scene I,Titus,[To COMINIUS]                Lead you on.,256
Act I,Scene I,[stage direction],To MARCIUS,NA
Act I,Scene I,Titus,Right worthy you priority.,257
Act I,Scene I,Cominius,Noble Marcius!,258
Act I,Scene I,First Senator,[To the Citizens]  Hence to your homes; be gone!,259
Act I,Scene I,Marcius,"Nay, let them follow:",260
Act I,Scene I,Marcius,The Volsces have much corn; take these rats thither,261
Act I,Scene I,Marcius,"To gnaw their garners. Worshipful mutiners,",262
Act I,Scene I,Marcius,"Your valour puts well forth: pray, follow.",263
Act I,Scene I,[stage direction],Citizens steal away. Exeunt all but SICINIUS and BRUTUS,NA
Act I,Scene I,Sicinius,Was ever man so proud as is this Marcius?,264
Act I,Scene I,Brutus,He has no equal.,265
Act I,Scene I,Sicinius,"When we were chosen tribunes for the people,--",266
Act I,Scene I,Brutus,Mark'd you his lip and eyes?,267
Act I,Scene I,Sicinius,Nay. but his taunts.,268
Act I,Scene I,Brutus,"Being moved, he will not spare to gird the gods.",269
Act I,Scene I,Sicinius,Be-mock the modest moon.,270
Act I,Scene I,Brutus,The present wars devour him: he is grown,271
Act I,Scene I,Brutus,Too proud to be so valiant.,272
Act I,Scene I,Sicinius,"Such a nature,",273
Act I,Scene I,Sicinius,"Tickled with good success, disdains the shadow",274
Act I,Scene I,Sicinius,Which he treads on at noon: but I do wonder,275
Act I,Scene I,Sicinius,His insolence can brook to be commanded,276
Act I,Scene I,Sicinius,Under Cominius.,277
Act I,Scene I,Brutus,"Fame, at the which he aims,",278
Act I,Scene I,Brutus,"In whom already he's well graced, can not",279
Act I,Scene I,Brutus,Better be held nor more attain'd than by,280
Act I,Scene I,Brutus,A place below the first: for what miscarries,281
Act I,Scene I,Brutus,"Shall be the general's fault, though he perform",282
Act I,Scene I,Brutus,"To the utmost of a man, and giddy censure",283
Act I,Scene I,Brutus,Will then cry out of Marcius 'O if he,284
Act I,Scene I,Brutus,Had borne the business!',285
Act I,Scene I,Sicinius,"Besides, if things go well,",286
Act I,Scene I,Sicinius,Opinion that so sticks on Marcius shall,287
Act I,Scene I,Sicinius,Of his demerits rob Cominius.,288
Act I,Scene I,Brutus,Come:,289
Act I,Scene I,Brutus,Half all Cominius' honours are to Marcius.,290
Act I,Scene I,Brutus,"Though Marcius earned them not, and all his faults",291
Act I,Scene I,Brutus,"To Marcius shall be honours, though indeed",292
Act I,Scene I,Brutus,In aught he merit not.,293
Act I,Scene I,Sicinius,"Let's hence, and hear",294
Act I,Scene I,Sicinius,"How the dispatch is made, and in what fashion,",295
Act I,Scene I,Sicinius,"More than his singularity, he goes",296
Act I,Scene I,Sicinius,Upon this present action.,297
Act I,Scene I,Brutus,Lets along.,298
Act I,Scene I,[stage direction],Exeunt,NA
Act I,Scene II,[stage direction],Enter TULLUS AUFIDIUS and certain Senators,NA
Act I,Scene II,First Senator,"So, your opinion is, Aufidius,",299
Act I,Scene II,First Senator,That they of Rome are entered in our counsels,300
Act I,Scene II,First Senator,And know how we proceed.,301
Act I,Scene II,Aufidius,Is it not yours?,302
Act I,Scene II,Aufidius,"What ever have been thought on in this state,",303
Act I,Scene II,Aufidius,That could be brought to bodily act ere Rome,304
Act I,Scene II,Aufidius,Had circumvention? 'Tis not four days gone,305
Act I,Scene II,Aufidius,Since I heard thence; these are the words: I think,306
Act I,Scene II,Aufidius,"I have the letter here; yes, here it is.",307
Act I,Scene II,[stage direction],Reads,NA
Act I,Scene II,Aufidius,"'They have press'd a power, but it is not known",308
Act I,Scene II,Aufidius,Whether for east or west: the dearth is great;,309
Act I,Scene II,Aufidius,"The people mutinous; and it is rumour'd,",310
Act I,Scene II,Aufidius,"Cominius, Marcius your old enemy,",311
Act I,Scene II,Aufidius,"Who is of Rome worse hated than of you,",312
Act I,Scene II,Aufidius,"And Titus Lartius, a most valiant Roman,",313
Act I,Scene II,Aufidius,These three lead on this preparation,314
Act I,Scene II,Aufidius,Whither 'tis bent: most likely 'tis for you:,315
Act I,Scene II,Aufidius,Consider of it.',316
Act I,Scene II,First Senator,Our army's in the field,317
Act I,Scene II,First Senator,We never yet made doubt but Rome was ready,318
Act I,Scene II,First Senator,To answer us.,319
Act I,Scene II,Aufidius,Nor did you think it folly,320
Act I,Scene II,Aufidius,To keep your great pretences veil'd till when,321
Act I,Scene II,Aufidius,They needs must show themselves; which,322
Act I,Scene II,Aufidius,"in the hatching,",323
Act I,Scene II,Aufidius,"It seem'd, appear'd to Rome. By the discovery.",324
Act I,Scene II,Aufidius,"We shall be shorten'd in our aim, which was",325
Act I,Scene II,Aufidius,To take in many towns ere almost Rome,326
Act I,Scene II,Aufidius,Should know we were afoot.,327
Act I,Scene II,Second Senator,"Noble Aufidius,",328
Act I,Scene II,Second Senator,Take your commission; hie you to your bands:,329
Act I,Scene II,Second Senator,Let us alone to guard Corioli:,330
Act I,Scene II,Second Senator,"If they set down before 's, for the remove",331
Act I,Scene II,Second Senator,"Bring your army; but, I think, you'll find",332
Act I,Scene II,Second Senator,They've not prepared for us.,333
Act I,Scene II,Aufidius,"O, doubt not that;",334
Act I,Scene II,Aufidius,"I speak from certainties. Nay, more,",335
Act I,Scene II,Aufidius,"Some parcels of their power are forth already,",336
Act I,Scene II,Aufidius,And only hitherward. I leave your honours.,337
Act I,Scene II,Aufidius,"If we and Caius Marcius chance to meet,",338
Act I,Scene II,Aufidius,'Tis sworn between us we shall ever strike,339
Act I,Scene II,Aufidius,Till one can do no more.,340
Act I,Scene II,All,The gods assist you!,341
Act I,Scene II,Aufidius,And keep your honours safe!,342
Act I,Scene II,First Senator,Farewell.,343
Act I,Scene II,Second Senator,Farewell.,344
Act I,Scene II,All,Farewell.,345
Act I,Scene II,[stage direction],Exeunt,NA
Act I,Scene III,[stage direction],"Enter VOLUMNIA and VIRGILIA	they set them down on two low stools, and sew",NA
Act I,Scene III,Volumnia,"I pray you, daughter, sing; or express yourself in a",346
Act I,Scene III,Volumnia,"more comfortable sort: if my son were my husband, I",347
Act I,Scene III,Volumnia,should freelier rejoice in that absence wherein he,348
Act I,Scene III,Volumnia,won honour than in the embracements of his bed where,349
Act I,Scene III,Volumnia,he would show most love. When yet he was but,350
Act I,Scene III,Volumnia,"tender-bodied and the only son of my womb, when",351
Act I,Scene III,Volumnia,"youth with comeliness plucked all gaze his way, when",352
Act I,Scene III,Volumnia,for a day of kings' entreaties a mother should not,353
Act I,Scene III,Volumnia,"sell him an hour from her beholding, I, considering",354
Act I,Scene III,Volumnia,how honour would become such a person. that it was,355
Act I,Scene III,Volumnia,"no better than picture-like to hang by the wall, if",356
Act I,Scene III,Volumnia,"renown made it not stir, was pleased to let him seek",357
Act I,Scene III,Volumnia,danger where he was like to find fame. To a cruel,358
Act I,Scene III,Volumnia,"war I sent him; from whence he returned, his brows",359
Act I,Scene III,Volumnia,"bound with oak. I tell thee, daughter, I sprang not",360
Act I,Scene III,Volumnia,more in joy at first hearing he was a man-child,361
Act I,Scene III,Volumnia,than now in first seeing he had proved himself a,362
Act I,Scene III,Volumnia,man.,363
Act I,Scene III,Virgilia,"But had he died in the business, madam; how then?",364
Act I,Scene III,Volumnia,Then his good report should have been my son; I,365
Act I,Scene III,Volumnia,therein would have found issue. Hear me profess,366
Act I,Scene III,Volumnia,"sincerely: had I a dozen sons, each in my love",367
Act I,Scene III,Volumnia,alike and none less dear than thine and my good,368
Act I,Scene III,Volumnia,"Marcius, I had rather had eleven die nobly for their",369
Act I,Scene III,Volumnia,country than one voluptuously surfeit out of action.,370
Act I,Scene III,[stage direction],Enter a Gentlewoman,NA
Act I,Scene III,Gentlewoman,"Madam, the Lady Valeria is come to visit you.",371
Act I,Scene III,Virgilia,"Beseech you, give me leave to retire myself.",372
Act I,Scene III,Volumnia,"Indeed, you shall not.",373
Act I,Scene III,Volumnia,"Methinks I hear hither your husband's drum,",374
Act I,Scene III,Volumnia,"See him pluck Aufidius down by the hair,",375
Act I,Scene III,Volumnia,"As children from a bear, the Volsces shunning him:",376
Act I,Scene III,Volumnia,"Methinks I see him stamp thus, and call thus:",377
Act I,Scene III,Volumnia,"'Come on, you cowards! you were got in fear,",378
Act I,Scene III,Volumnia,Though you were born in Rome:' his bloody brow,379
Act I,Scene III,Volumnia,"With his mail'd hand then wiping, forth he goes,",380
Act I,Scene III,Volumnia,Like to a harvest-man that's task'd to mow,381
Act I,Scene III,Volumnia,Or all or lose his hire.,382
Act I,Scene III,Virgilia,"His bloody brow! O Jupiter, no blood!",383
Act I,Scene III,Volumnia,"Away, you fool! it more becomes a man",384
Act I,Scene III,Volumnia,"Than gilt his trophy: the breasts of Hecuba,",385
Act I,Scene III,Volumnia,"When she did suckle Hector, look'd not lovelier",386
Act I,Scene III,Volumnia,Than Hector's forehead when it spit forth blood,387
Act I,Scene III,Volumnia,"At Grecian sword, contemning. Tell Valeria,",388
Act I,Scene III,Volumnia,We are fit to bid her welcome.,389
Act I,Scene III,[stage direction],Exit Gentlewoman,NA
Act I,Scene III,Virgilia,Heavens bless my lord from fell Aufidius!,390
Act I,Scene III,Volumnia,He'll beat Aufidius 'head below his knee,391
Act I,Scene III,Volumnia,And tread upon his neck.,392
Act I,Scene III,[stage direction],"Enter VALERIA, with an Usher and Gentlewoman",NA
Act I,Scene III,Valeria,"My ladies both, good day to you.",393
Act I,Scene III,Volumnia,Sweet madam.,394
Act I,Scene III,Virgilia,I am glad to see your ladyship.,395
Act I,Scene III,Valeria,How do you both? you are manifest house-keepers.,396
Act I,Scene III,Valeria,"What are you sewing here? A fine spot, in good",397
Act I,Scene III,Valeria,faith. How does your little son?,398
Act I,Scene III,Virgilia,"I thank your ladyship; well, good madam.",399
Act I,Scene III,Volumnia,"He had rather see the swords, and hear a drum, than",400
Act I,Scene III,Volumnia,look upon his school-master.,401
Act I,Scene III,Valeria,"O' my word, the father's son: I'll swear,'tis a",402
Act I,Scene III,Valeria,"very pretty boy. O' my troth, I looked upon him o'",403
Act I,Scene III,Valeria,Wednesday half an hour together: has such a,404
Act I,Scene III,Valeria,confirmed countenance. I saw him run after a gilded,405
Act I,Scene III,Valeria,"butterfly: and when he caught it, he let it go",406
Act I,Scene III,Valeria,again; and after it again; and over and over he,407
Act I,Scene III,Valeria,"comes, and again; catched it again; or whether his",408
Act I,Scene III,Valeria,"fall enraged him, or how 'twas, he did so set his",409
Act I,Scene III,Valeria,"teeth and tear it; O, I warrant it, how he mammocked",410
Act I,Scene III,Valeria,it!,411
Act I,Scene III,Volumnia,One on 's father's moods.,412
Act I,Scene III,Valeria,"Indeed, la, 'tis a noble child.",413
Act I,Scene III,Virgilia,"A crack, madam.",414
Act I,Scene III,Valeria,"Come, lay aside your stitchery; I must have you play",415
Act I,Scene III,Valeria,the idle husewife with me this afternoon.,416
Act I,Scene III,Virgilia,"No, good madam; I will not out of doors.",417
Act I,Scene III,Valeria,Not out of doors!,418
Act I,Scene III,Volumnia,"She shall, she shall.",419
Act I,Scene III,Virgilia,"Indeed, no, by your patience; I'll not over the",420
Act I,Scene III,Virgilia,threshold till my lord return from the wars.,421
Act I,Scene III,Valeria,"Fie, you confine yourself most unreasonably: come,",422
Act I,Scene III,Valeria,you must go visit the good lady that lies in.,423
Act I,Scene III,Virgilia,"I will wish her speedy strength, and visit her with",424
Act I,Scene III,Virgilia,my prayers; but I cannot go thither.,425
Act I,Scene III,Volumnia,"Why, I pray you?",426
Act I,Scene III,Virgilia,"'Tis not to save labour, nor that I want love.",427
Act I,Scene III,Valeria,"You would be another Penelope: yet, they say, all",428
Act I,Scene III,Valeria,the yarn she spun in Ulysses' absence did but fill,429
Act I,Scene III,Valeria,Ithaca full of moths. Come; I would your cambric,430
Act I,Scene III,Valeria,"were sensible as your finger, that you might leave",431
Act I,Scene III,Valeria,"pricking it for pity. Come, you shall go with us.",432
Act I,Scene III,Virgilia,"No, good madam, pardon me; indeed, I will not forth.",433
Act I,Scene III,Valeria,"In truth, la, go with me; and I'll tell you",434
Act I,Scene III,Valeria,excellent news of your husband.,435
Act I,Scene III,Virgilia,"O, good madam, there can be none yet.",436
Act I,Scene III,Valeria,"Verily, I do not jest with you; there came news from",437
Act I,Scene III,Valeria,him last night.,438
Act I,Scene III,Virgilia,"Indeed, madam?",439
Act I,Scene III,Valeria,"In earnest, it's true; I heard a senator speak it.",440
Act I,Scene III,Valeria,Thus it is: the Volsces have an army forth; against,441
Act I,Scene III,Valeria,"whom Cominius the general is gone, with one part of",442
Act I,Scene III,Valeria,our Roman power: your lord and Titus Lartius are set,443
Act I,Scene III,Valeria,down before their city Corioli; they nothing doubt,444
Act I,Scene III,Valeria,"prevailing and to make it brief wars. This is true,",445
Act I,Scene III,Valeria,"on mine honour; and so, I pray, go with us.",446
Act I,Scene III,Virgilia,"Give me excuse, good madam; I will obey you in every",447
Act I,Scene III,Virgilia,thing hereafter.,448
Act I,Scene III,Volumnia,"Let her alone, lady: as she is now, she will but",449
Act I,Scene III,Volumnia,disease our better mirth.,450
Act I,Scene III,Valeria,"In troth, I think she would. Fare you well, then.",451
Act I,Scene III,Valeria,"Come, good sweet lady. Prithee, Virgilia, turn thy",452
Act I,Scene III,Valeria,solemness out o' door. and go along with us.,453
Act I,Scene III,Virgilia,"No, at a word, madam; indeed, I must not. I wish",454
Act I,Scene III,Virgilia,you much mirth.,455
Act I,Scene III,Valeria,"Well, then, farewell.",456
Act I,Scene III,[stage direction],Exeunt,NA
Act I,Scene IV,[stage direction],"Enter, with drum and colours, MARCIUS, TITUS  LARTIUS, Captains and Soldiers. To them a Messenger",NA
Act I,Scene IV,Marcius,Yonder comes news. A wager they have met.,457
Act I,Scene IV,Lartius,"My horse to yours, no.",458
Act I,Scene IV,Marcius,'Tis done.,459
Act I,Scene IV,Lartius,Agreed.,460
Act I,Scene IV,Marcius,"Say, has our general met the enemy?",461
Act I,Scene IV,Messenger,They lie in view; but have not spoke as yet.,462
Act I,Scene IV,Lartius,"So, the good horse is mine.",463
Act I,Scene IV,Marcius,I'll buy him of you.,464
Act I,Scene IV,Lartius,"No, I'll nor sell nor give him: lend you him I will",465
Act I,Scene IV,Lartius,For half a hundred years. Summon the town.,466
Act I,Scene IV,Marcius,How far off lie these armies?,467
Act I,Scene IV,Messenger,Within this mile and half.,468
Act I,Scene IV,Marcius,"Then shall we hear their 'larum, and they ours.",469
Act I,Scene IV,Marcius,"Now, Mars, I prithee, make us quick in work,",470
Act I,Scene IV,Marcius,"That we with smoking swords may march from hence,",471
Act I,Scene IV,Marcius,"To help our fielded friends! Come, blow thy blast.",472
Act I,Scene IV,[stage direction],They sound a parley. Enter two Senators with others on the walls,NA
Act I,Scene IV,Marcius,"Tutus Aufidius, is he within your walls?",473
Act I,Scene IV,First Senator,"No, nor a man that fears you less than he,",474
Act I,Scene IV,First Senator,That's lesser than a little.,475
Act I,Scene IV,[stage direction],Drums afar off,NA
Act I,Scene IV,First Senator,Hark! our drums,476
Act I,Scene IV,First Senator,"Are bringing forth our youth. We'll break our walls,",477
Act I,Scene IV,First Senator,"Rather than they shall pound us up: our gates,",478
Act I,Scene IV,First Senator,"Which yet seem shut, we, have but pinn'd with rushes;",479
Act I,Scene IV,First Senator,They'll open of themselves.,480
Act I,Scene IV,[stage direction],Alarum afar off,NA
Act I,Scene IV,First Senator,Hark you. far off!,481
Act I,Scene IV,First Senator,"There is Aufidius; list, what work he makes",482
Act I,Scene IV,First Senator,Amongst your cloven army.,483
Act I,Scene IV,Marcius,"O, they are at it!",484
Act I,Scene IV,Lartius,"Their noise be our instruction. Ladders, ho!",485
Act I,Scene IV,[stage direction],Enter the army of the Volsces,NA
Act I,Scene IV,Marcius,"They fear us not, but issue forth their city.",486
Act I,Scene IV,Marcius,"Now put your shields before your hearts, and fight",487
Act I,Scene IV,Marcius,"With hearts more proof than shields. Advance,",488
Act I,Scene IV,Marcius,brave Titus:,489
Act I,Scene IV,Marcius,"They do disdain us much beyond our thoughts,",490
Act I,Scene IV,Marcius,"Which makes me sweat with wrath. Come on, my fellows:",491
Act I,Scene IV,Marcius,"He that retires I'll take him for a Volsce,",492
Act I,Scene IV,Marcius,And he shall feel mine edge.,493
Act I,Scene IV,[stage direction],Alarum. The Romans are beat back to their trenches. Re-enter MARCIUS cursing,NA
Act I,Scene IV,Marcius,"All the contagion of the south light on you,",494
Act I,Scene IV,Marcius,You shames of Rome! you herd of--Boils and plagues,495
Act I,Scene IV,Marcius,"Plaster you o'er, that you may be abhorr'd",496
Act I,Scene IV,Marcius,Further than seen and one infect another,497
Act I,Scene IV,Marcius,"Against the wind a mile! You souls of geese,",498
Act I,Scene IV,Marcius,"That bear the shapes of men, how have you run",499
Act I,Scene IV,Marcius,From slaves that apes would beat! Pluto and hell!,500
Act I,Scene IV,Marcius,"All hurt behind; backs red, and faces pale",501
Act I,Scene IV,Marcius,"With flight and agued fear! Mend and charge home,",502
Act I,Scene IV,Marcius,"Or, by the fires of heaven, I'll leave the foe",503
Act I,Scene IV,Marcius,And make my wars on you: look to't: come on;,504
Act I,Scene IV,Marcius,"If you'll stand fast, we'll beat them to their wives,",505
Act I,Scene IV,Marcius,As they us to our trenches followed.,506
Act I,Scene IV,[stage direction],"Another alarum. The Volsces fly, and MARCIUS follows them to the gates",NA
Act I,Scene IV,Marcius,"So, now the gates are ope: now prove good seconds:",507
Act I,Scene IV,Marcius,"'Tis for the followers fortune widens them,",508
Act I,Scene IV,Marcius,"Not for the fliers: mark me, and do the like.",509
Act I,Scene IV,[stage direction],Enters the gates,NA
Act I,Scene IV,First Soldier,Fool-hardiness; not I.,510
Act I,Scene IV,Second Soldier,Nor I.,511
Act I,Scene IV,[stage direction],MARCIUS is shut in,NA
Act I,Scene IV,First Soldier,"See, they have shut him in.",512
Act I,Scene IV,All,"To the pot, I warrant him.",513
Act I,Scene IV,[stage direction],Alarum continues,NA
Act I,Scene IV,[stage direction],Re-enter TITUS LARTIUS,NA
Act I,Scene IV,Lartius,What is become of Marcius?,514
Act I,Scene IV,All,"Slain, sir, doubtless.",515
Act I,Scene IV,First Soldier,"Following the fliers at the very heels,",516
Act I,Scene IV,First Soldier,"With them he enters; who, upon the sudden,",517
Act I,Scene IV,First Soldier,"Clapp'd to their gates: he is himself alone,",518
Act I,Scene IV,First Soldier,To answer all the city.,519
Act I,Scene IV,Lartius,O noble fellow!,520
Act I,Scene IV,Lartius,"Who sensibly outdares his senseless sword,",521
Act I,Scene IV,Lartius,"And, when it bows, stands up. Thou art left, Marcius:",522
Act I,Scene IV,Lartius,"A carbuncle entire, as big as thou art,",523
Act I,Scene IV,Lartius,Were not so rich a jewel. Thou wast a soldier,524
Act I,Scene IV,Lartius,"Even to Cato's wish, not fierce and terrible",525
Act I,Scene IV,Lartius,"Only in strokes; but, with thy grim looks and",526
Act I,Scene IV,Lartius,"The thunder-like percussion of thy sounds,",527
Act I,Scene IV,Lartius,"Thou madst thine enemies shake, as if the world",528
Act I,Scene IV,Lartius,Were feverous and did tremble.,529
Act I,Scene IV,[stage direction],"Re-enter MARCIUS, bleeding, assaulted by the enemy",NA
Act I,Scene IV,First Soldier,"Look, sir.",530
Act I,Scene IV,Lartius,"O,'tis Marcius!",531
Act I,Scene IV,Lartius,"Let's fetch him off, or make remain alike.",532
Act I,Scene IV,[stage direction],"They fight, and all enter the city",NA
Act I,Scene V,[stage direction],"Enter certain Romans, with spoils",NA
Act I,Scene V,First Roman,This will I carry to Rome.,533
Act I,Scene V,Second Roman,And I this.,534
Act I,Scene V,Third Roman,A murrain on't! I took this for silver.,535
Act I,Scene V,[stage direction],Alarum continues still afar off,NA
Act I,Scene V,[stage direction],Enter MARCIUS and TITUS LARTIUS with a trumpet,NA
Act I,Scene V,Marcius,See here these movers that do prize their hours,536
Act I,Scene V,Marcius,"At a crack'd drachm! Cushions, leaden spoons,",537
Act I,Scene V,Marcius,"Irons of a doit, doublets that hangmen would",538
Act I,Scene V,Marcius,"Bury with those that wore them, these base slaves,",539
Act I,Scene V,Marcius,"Ere yet the fight be done, pack up: down with them!",540
Act I,Scene V,Marcius,"And hark, what noise the general makes! To him!",541
Act I,Scene V,Marcius,"There is the man of my soul's hate, Aufidius,",542
Act I,Scene V,Marcius,"Piercing our Romans: then, valiant Titus, take",543
Act I,Scene V,Marcius,Convenient numbers to make good the city;,544
Act I,Scene V,Marcius,"Whilst I, with those that have the spirit, will haste",545
Act I,Scene V,Marcius,To help Cominius.,546
Act I,Scene V,Lartius,"Worthy sir, thou bleed'st;",547
Act I,Scene V,Lartius,Thy exercise hath been too violent for,548
Act I,Scene V,Lartius,A second course of fight.,549
Act I,Scene V,Marcius,"Sir, praise me not;",550
Act I,Scene V,Marcius,My work hath yet not warm'd me: fare you well:,551
Act I,Scene V,Marcius,The blood I drop is rather physical,552
Act I,Scene V,Marcius,Than dangerous to me: to Aufidius thus,553
Act I,Scene V,Marcius,"I will appear, and fight.",554
Act I,Scene V,Lartius,"Now the fair goddess, Fortune,",555
Act I,Scene V,Lartius,Fall deep in love with thee; and her great charms,556
Act I,Scene V,Lartius,"Misguide thy opposers' swords! Bold gentleman,",557
Act I,Scene V,Lartius,Prosperity be thy page!,558
Act I,Scene V,Marcius,Thy friend no less,559
Act I,Scene V,Marcius,"Than those she placeth highest! So, farewell.",560
Act I,Scene V,Lartius,Thou worthiest Marcius!,561
Act I,Scene V,[stage direction],Exit MARCIUS,NA
Act I,Scene V,Lartius,"Go, sound thy trumpet in the market-place;",562
Act I,Scene V,Lartius,"Call thither all the officers o' the town,",563
Act I,Scene V,Lartius,Where they shall know our mind: away!,564
Act I,Scene V,[stage direction],Exeunt,NA
Act I,Scene VI,[stage direction],"Enter COMINIUS, as it were in retire, with soldiers",NA
Act I,Scene VI,Cominius,"Breathe you, my friends: well fought;",565
Act I,Scene VI,Cominius,we are come off,566
Act I,Scene VI,Cominius,"Like Romans, neither foolish in our stands,",567
Act I,Scene VI,Cominius,"Nor cowardly in retire: believe me, sirs,",568
Act I,Scene VI,Cominius,"We shall be charged again. Whiles we have struck,",569
Act I,Scene VI,Cominius,By interims and conveying gusts we have heard,570
Act I,Scene VI,Cominius,The charges of our friends. Ye Roman gods!,571
Act I,Scene VI,Cominius,"Lead their successes as we wish our own,",572
Act I,Scene VI,Cominius,"That both our powers, with smiling",573
Act I,Scene VI,Cominius,"fronts encountering,",574
Act I,Scene VI,Cominius,May give you thankful sacrifice.,575
Act I,Scene VI,[stage direction],Enter a Messenger,NA
Act I,Scene VI,Cominius,Thy news?,576
Act I,Scene VI,Messenger,"The citizens of Corioli have issued,",577
Act I,Scene VI,Messenger,And given to Lartius and to Marcius battle:,578
Act I,Scene VI,Messenger,"I saw our party to their trenches driven,",579
Act I,Scene VI,Messenger,And then I came away.,580
Act I,Scene VI,Cominius,"Though thou speak'st truth,",581
Act I,Scene VI,Cominius,Methinks thou speak'st not well.,582
Act I,Scene VI,Cominius,How long is't since?,583
Act I,Scene VI,Messenger,"Above an hour, my lord.",584
Act I,Scene VI,Cominius,'Tis not a mile; briefly we heard their drums:,585
Act I,Scene VI,Cominius,"How couldst thou in a mile confound an hour,",586
Act I,Scene VI,Cominius,And bring thy news so late?,587
Act I,Scene VI,Messenger,Spies of the Volsces,588
Act I,Scene VI,Messenger,"Held me in chase, that I was forced to wheel",589
Act I,Scene VI,Messenger,"Three or four miles about, else had I, sir,",590
Act I,Scene VI,Messenger,Half an hour since brought my report.,591
Act I,Scene VI,Cominius,"Who's yonder,",592
Act I,Scene VI,Cominius,That does appear as he were flay'd? O gods,593
Act I,Scene VI,Cominius,He has the stamp of Marcius; and I have,594
Act I,Scene VI,Cominius,Before-time seen him thus.,595
Act I,Scene VI,Marcius,[Within]                 Come I too late?,596
Act I,Scene VI,Cominius,The shepherd knows not thunder from a tabour,597
Act I,Scene VI,Cominius,More than I know the sound of Marcius' tongue,598
Act I,Scene VI,Cominius,From every meaner man.,599
Act I,Scene VI,[stage direction],Enter MARCIUS,NA
Act I,Scene VI,Marcius,Come I too late?,600
Act I,Scene VI,Cominius,"Ay, if you come not in the blood of others,",601
Act I,Scene VI,Cominius,But mantled in your own.,602
Act I,Scene VI,Marcius,"O, let me clip ye",603
Act I,Scene VI,Marcius,"In arms as sound as when I woo'd, in heart",604
Act I,Scene VI,Marcius,"As merry as when our nuptial day was done,",605
Act I,Scene VI,Marcius,And tapers burn'd to bedward!,606
Act I,Scene VI,Cominius,"Flower of warriors,",607
Act I,Scene VI,Cominius,How is it with Titus Lartius?,608
Act I,Scene VI,Marcius,As with a man busied about decrees:,609
Act I,Scene VI,Marcius,"Condemning some to death, and some to exile;",610
Act I,Scene VI,Marcius,"Ransoming him, or pitying, threatening the other;",611
Act I,Scene VI,Marcius,"Holding Corioli in the name of Rome,",612
Act I,Scene VI,Marcius,"Even like a fawning greyhound in the leash,",613
Act I,Scene VI,Marcius,To let him slip at will.,614
Act I,Scene VI,Cominius,Where is that slave,615
Act I,Scene VI,Cominius,Which told me they had beat you to your trenches?,616
Act I,Scene VI,Cominius,Where is he? call him hither.,617
Act I,Scene VI,Marcius,Let him alone;,618
Act I,Scene VI,Marcius,"He did inform the truth: but for our gentlemen,",619
Act I,Scene VI,Marcius,The common file--a plague! tribunes for them!--,620
Act I,Scene VI,Marcius,The mouse ne'er shunn'd the cat as they did budge,621
Act I,Scene VI,Marcius,From rascals worse than they.,622
Act I,Scene VI,Cominius,But how prevail'd you?,623
Act I,Scene VI,Marcius,Will the time serve to tell? I do not think.,624
Act I,Scene VI,Marcius,Where is the enemy? are you lords o' the field?,625
Act I,Scene VI,Marcius,"If not, why cease you till you are so?",626
Act I,Scene VI,Cominius,"Marcius,",627
Act I,Scene VI,Cominius,We have at disadvantage fought and did,628
Act I,Scene VI,Cominius,Retire to win our purpose.,629
Act I,Scene VI,Marcius,How lies their battle? know you on which side,630
Act I,Scene VI,Marcius,They have placed their men of trust?,631
Act I,Scene VI,Cominius,"As I guess, Marcius,",632
Act I,Scene VI,Cominius,"Their bands i' the vaward are the Antiates,",633
Act I,Scene VI,Cominius,"Of their best trust; o'er them Aufidius,",634
Act I,Scene VI,Cominius,Their very heart of hope.,635
Act I,Scene VI,Marcius,"I do beseech you,",636
Act I,Scene VI,Marcius,"By all the battles wherein we have fought,",637
Act I,Scene VI,Marcius,"By the blood we have shed together, by the vows",638
Act I,Scene VI,Marcius,"We have made to endure friends, that you directly",639
Act I,Scene VI,Marcius,Set me against Aufidius and his Antiates;,640
Act I,Scene VI,Marcius,"And that you not delay the present, but,",641
Act I,Scene VI,Marcius,"Filling the air with swords advanced and darts,",642
Act I,Scene VI,Marcius,We prove this very hour.,643
Act I,Scene VI,Cominius,Though I could wish,644
Act I,Scene VI,Cominius,You were conducted to a gentle bath,645
Act I,Scene VI,Cominius,"And balms applied to, you, yet dare I never",646
Act I,Scene VI,Cominius,Deny your asking: take your choice of those,647
Act I,Scene VI,Cominius,That best can aid your action.,648
Act I,Scene VI,Marcius,Those are they,649
Act I,Scene VI,Marcius,That most are willing. If any such be here--,650
Act I,Scene VI,Marcius,As it were sin to doubt--that love this painting,651
Act I,Scene VI,Marcius,Wherein you see me smear'd; if any fear,652
Act I,Scene VI,Marcius,Lesser his person than an ill report;,653
Act I,Scene VI,Marcius,If any think brave death outweighs bad life,654
Act I,Scene VI,Marcius,And that his country's dearer than himself;,655
Act I,Scene VI,Marcius,"Let him alone, or so many so minded,",656
Act I,Scene VI,Marcius,"Wave thus, to express his disposition,",657
Act I,Scene VI,Marcius,And follow Marcius.,658
Act I,Scene VI,[stage direction],"They all shout and wave their swords, take him up in their arms, and cast up their caps",NA
Act I,Scene VI,Marcius,"O, me alone! make you a sword of me?",659
Act I,Scene VI,Marcius,"If these shows be not outward, which of you",660
Act I,Scene VI,Marcius,But is four Volsces? none of you but is,661
Act I,Scene VI,Marcius,Able to bear against the great Aufidius,662
Act I,Scene VI,Marcius,"A shield as hard as his. A certain number,",663
Act I,Scene VI,Marcius,"Though thanks to all, must I select",664
Act I,Scene VI,Marcius,from all: the rest,665
Act I,Scene VI,Marcius,"Shall bear the business in some other fight,",666
Act I,Scene VI,Marcius,As cause will be obey'd. Please you to march;,667
Act I,Scene VI,Marcius,"And four shall quickly draw out my command,",668
Act I,Scene VI,Marcius,Which men are best inclined.,669
Act I,Scene VI,Cominius,"March on, my fellows:",670
Act I,Scene VI,Cominius,"Make good this ostentation, and you shall",671
Act I,Scene VI,Cominius,Divide in all with us.,672
Act I,Scene VI,[stage direction],Exeunt,NA
Act I,Scene VII,[stage direction],"TITUS LARTIUS, having set a guard upon  Corioli, going with drum and trumpet toward  COMINIUS and CAIUS MARCIUS, enters with Lieutenant, other Soldiers, and a Scout",NA
Act I,Scene VII,Lartius,"So, let the ports be guarded: keep your duties,",673
Act I,Scene VII,Lartius,"As I have set them down. If I do send, dispatch",674
Act I,Scene VII,Lartius,Those centuries to our aid: the rest will serve,675
Act I,Scene VII,Lartius,"For a short holding: if we lose the field,",676
Act I,Scene VII,Lartius,We cannot keep the town.,677
Act I,Scene VII,Lieutenant,"Fear not our care, sir.",678
Act I,Scene VII,Lartius,"Hence, and shut your gates upon's.",679
Act I,Scene VII,Lartius,"Our guider, come; to the Roman camp conduct us.",680
Act I,Scene VII,[stage direction],Exeunt,NA
Act I,Scene VIII,[stage direction],"Alarum as in battle. Enter, from opposite sides, MARCIUS and AUFIDIUS",NA
Act I,Scene VIII,Marcius,I'll fight with none but thee; for I do hate thee,681
Act I,Scene VIII,Marcius,Worse than a promise-breaker.,682
Act I,Scene VIII,Aufidius,We hate alike:,683
Act I,Scene VIII,Aufidius,Not Afric owns a serpent I abhor,684
Act I,Scene VIII,Aufidius,More than thy fame and envy. Fix thy foot.,685
Act I,Scene VIII,Marcius,"Let the first budger die the other's slave,",686
Act I,Scene VIII,Marcius,And the gods doom him after!,687
Act I,Scene VIII,Aufidius,"If I fly, Marcius,",688
Act I,Scene VIII,Aufidius,Holloa me like a hare.,689
Act I,Scene VIII,Marcius,"Within these three hours, Tullus,",690
Act I,Scene VIII,Marcius,"Alone I fought in your Corioli walls,",691
Act I,Scene VIII,Marcius,And made what work I pleased: 'tis not my blood,692
Act I,Scene VIII,Marcius,Wherein thou seest me mask'd; for thy revenge,693
Act I,Scene VIII,Marcius,Wrench up thy power to the highest.,694
Act I,Scene VIII,Aufidius,Wert thou the Hector,695
Act I,Scene VIII,Aufidius,"That was the whip of your bragg'd progeny,",696
Act I,Scene VIII,Aufidius,Thou shouldst not scape me here.,697
Act I,Scene VIII,[stage direction],"They fight, and certain Volsces come to the aid of  AUFIDIUS. MARCIUS fights till they be driven in breathless",NA
Act I,Scene VIII,Aufidius,"Officious, and not valiant, you have shamed me",698
Act I,Scene VIII,Aufidius,In your condemned seconds.,699
Act I,Scene VIII,[stage direction],Exeunt,NA
Act I,Scene IX,[stage direction],"Flourish. Alarum. A retreat is sounded. Flourish.  Enter, from one side, COMINIUS with the Romans; from the other side, MARCIUS, with his arm in a scarf",NA
Act I,Scene IX,Cominius,"If I should tell thee o'er this thy day's work,",700
Act I,Scene IX,Cominius,Thou'ldst not believe thy deeds: but I'll report it,701
Act I,Scene IX,Cominius,"Where senators shall mingle tears with smiles,",702
Act I,Scene IX,Cominius,"Where great patricians shall attend and shrug,",703
Act I,Scene IX,Cominius,"I' the end admire, where ladies shall be frighted,",704
Act I,Scene IX,Cominius,"And, gladly quaked, hear more; where the",705
Act I,Scene IX,Cominius,"dull tribunes,",706
Act I,Scene IX,Cominius,"That, with the fusty plebeians, hate thine honours,",707
Act I,Scene IX,Cominius,Shall say against their hearts 'We thank the gods,708
Act I,Scene IX,Cominius,Our Rome hath such a soldier.',709
Act I,Scene IX,Cominius,"Yet camest thou to a morsel of this feast,",710
Act I,Scene IX,Cominius,Having fully dined before.,711
Act I,Scene IX,[stage direction],"Enter TITUS LARTIUS, with his power, from the pursuit",NA
Act I,Scene IX,Lartius,"O general,",712
Act I,Scene IX,Lartius,"Here is the steed, we the caparison:",713
Act I,Scene IX,Lartius,Hadst thou beheld--,714
Act I,Scene IX,Marcius,"Pray now, no more: my mother,",715
Act I,Scene IX,Marcius,"Who has a charter to extol her blood,",716
Act I,Scene IX,Marcius,When she does praise me grieves me. I have done,717
Act I,Scene IX,Marcius,As you have done; that's what I can; induced,718
Act I,Scene IX,Marcius,As you have been; that's for my country:,719
Act I,Scene IX,Marcius,He that has but effected his good will,720
Act I,Scene IX,Marcius,Hath overta'en mine act.,721
Act I,Scene IX,Cominius,You shall not be,722
Act I,Scene IX,Cominius,The grave of your deserving; Rome must know,723
Act I,Scene IX,Cominius,The value of her own: 'twere a concealment,724
Act I,Scene IX,Cominius,"Worse than a theft, no less than a traducement,",725
Act I,Scene IX,Cominius,"To hide your doings; and to silence that,",726
Act I,Scene IX,Cominius,"Which, to the spire and top of praises vouch'd,",727
Act I,Scene IX,Cominius,"Would seem but modest: therefore, I beseech you",728
Act I,Scene IX,Cominius,"In sign of what you are, not to reward",729
Act I,Scene IX,Cominius,What you have done--before our army hear me.,730
Act I,Scene IX,Marcius,"I have some wounds upon me, and they smart",731
Act I,Scene IX,Marcius,To hear themselves remember'd.,732
Act I,Scene IX,Cominius,"Should they not,",733
Act I,Scene IX,Cominius,"Well might they fester 'gainst ingratitude,",734
Act I,Scene IX,Cominius,"And tent themselves with death. Of all the horses,",735
Act I,Scene IX,Cominius,"Whereof we have ta'en good and good store, of all",736
Act I,Scene IX,Cominius,"The treasure in this field achieved and city,",737
Act I,Scene IX,Cominius,"We render you the tenth, to be ta'en forth,",738
Act I,Scene IX,Cominius,"Before the common distribution, at",739
Act I,Scene IX,Cominius,Your only choice.,740
Act I,Scene IX,Marcius,"I thank you, general;",741
Act I,Scene IX,Marcius,But cannot make my heart consent to take,742
Act I,Scene IX,Marcius,A bribe to pay my sword: I do refuse it;,743
Act I,Scene IX,Marcius,And stand upon my common part with those,744
Act I,Scene IX,Marcius,That have beheld the doing.,745
Act I,Scene IX,[stage direction],A long flourish. They all cry 'Marcius! Marcius!'  cast up their caps and lances: COMINIUS and LARTIUS stand bare,NA
Act I,Scene IX,Marcius,"May these same instruments, which you profane,",746
Act I,Scene IX,Marcius,Never sound more! when drums and trumpets shall,747
Act I,Scene IX,Marcius,"I' the field prove flatterers, let courts and cities be",748
Act I,Scene IX,Marcius,Made all of false-faced soothing!,749
Act I,Scene IX,Marcius,"When steel grows soft as the parasite's silk,",750
Act I,Scene IX,Marcius,Let him be made a coverture for the wars!,751
Act I,Scene IX,Marcius,"No more, I say! For that I have not wash'd",752
Act I,Scene IX,Marcius,"My nose that bled, or foil'd some debile wretch.--",753
Act I,Scene IX,Marcius,"Which, without note, here's many else have done,--",754
Act I,Scene IX,Marcius,You shout me forth,755
Act I,Scene IX,Marcius,In acclamations hyperbolical;,756
Act I,Scene IX,Marcius,As if I loved my little should be dieted,757
Act I,Scene IX,Marcius,In praises sauced with lies.,758
Act I,Scene IX,Cominius,Too modest are you;,759
Act I,Scene IX,Cominius,More cruel to your good report than grateful,760
Act I,Scene IX,Cominius,"To us that give you truly: by your patience,",761
Act I,Scene IX,Cominius,"If 'gainst yourself you be incensed, we'll put you,",762
Act I,Scene IX,Cominius,"Like one that means his proper harm, in manacles,",763
Act I,Scene IX,Cominius,"Then reason safely with you. Therefore, be it known,",764
Act I,Scene IX,Cominius,"As to us, to all the world, that Caius Marcius",765
Act I,Scene IX,Cominius,"Wears this war's garland: in token of the which,",766
Act I,Scene IX,Cominius,"My noble steed, known to the camp, I give him,",767
Act I,Scene IX,Cominius,"With all his trim belonging; and from this time,",768
Act I,Scene IX,Cominius,"For what he did before Corioli, call him,",769
Act I,Scene IX,Cominius,"With all the applause and clamour of the host,",770
Act I,Scene IX,Cominius,CAIUS MARCIUS CORIOLANUS! Bear,771
Act I,Scene IX,Cominius,The addition nobly ever!,772
Act I,Scene IX,[stage direction],"Flourish. Trumpets sound, and drums",NA
Act I,Scene IX,All,Caius Marcius Coriolanus!,773
Act I,Scene IX,Coriolanus,I will go wash;,774
Act I,Scene IX,Coriolanus,"And when my face is fair, you shall perceive",775
Act I,Scene IX,Coriolanus,"Whether I blush or no: howbeit, I thank you.",776
Act I,Scene IX,Coriolanus,"I mean to stride your steed, and at all times",777
Act I,Scene IX,Coriolanus,To undercrest your good addition,778
Act I,Scene IX,Coriolanus,To the fairness of my power.,779
Act I,Scene IX,Cominius,"So, to our tent;",780
Act I,Scene IX,Cominius,"Where, ere we do repose us, we will write",781
Act I,Scene IX,Cominius,"To Rome of our success. You, Titus Lartius,",782
Act I,Scene IX,Cominius,Must to Corioli back: send us to Rome,783
Act I,Scene IX,Cominius,"The best, with whom we may articulate,",784
Act I,Scene IX,Cominius,For their own good and ours.,785
Act I,Scene IX,Lartius,"I shall, my lord.",786
Act I,Scene IX,Coriolanus,"The gods begin to mock me. I, that now",787
Act I,Scene IX,Coriolanus,"Refused most princely gifts, am bound to beg",788
Act I,Scene IX,Coriolanus,Of my lord general.,789
Act I,Scene IX,Cominius,Take't; 'tis yours. What is't?,790
Act I,Scene IX,Coriolanus,I sometime lay here in Corioli,791
Act I,Scene IX,Coriolanus,At a poor man's house; he used me kindly:,792
Act I,Scene IX,Coriolanus,He cried to me; I saw him prisoner;,793
Act I,Scene IX,Coriolanus,"But then Aufidius was with in my view,",794
Act I,Scene IX,Coriolanus,And wrath o'erwhelm'd my pity: I request you,795
Act I,Scene IX,Coriolanus,To give my poor host freedom.,796
Act I,Scene IX,Cominius,"O, well begg'd!",797
Act I,Scene IX,Cominius,"Were he the butcher of my son, he should",798
Act I,Scene IX,Cominius,"Be free as is the wind. Deliver him, Titus.",799
Act I,Scene IX,Lartius,"Marcius, his name?",800
Act I,Scene IX,Coriolanus,By Jupiter! forgot.,801
Act I,Scene IX,Coriolanus,"I am weary; yea, my memory is tired.",802
Act I,Scene IX,Coriolanus,Have we no wine here?,803
Act I,Scene IX,Cominius,Go we to our tent:,804
Act I,Scene IX,Cominius,The blood upon your visage dries; 'tis time,805
Act I,Scene IX,Cominius,It should be look'd to: come.,806
Act I,Scene IX,[stage direction],Exeunt,NA
Act I,Scene X,[stage direction],"A flourish. Cornets. Enter TULLUS AUFIDIUS, bloody, with two or three Soldiers",NA
Act I,Scene X,Aufidius,The town is ta'en!,807
Act I,Scene X,First Soldier,'Twill be deliver'd back on good condition.,808
Act I,Scene X,Aufidius,Condition!,809
Act I,Scene X,Aufidius,"I would I were a Roman; for I cannot,",810
Act I,Scene X,Aufidius,"Being a Volsce, be that I am. Condition!",811
Act I,Scene X,Aufidius,What good condition can a treaty find,812
Act I,Scene X,Aufidius,"I' the part that is at mercy? Five times, Marcius,",813
Act I,Scene X,Aufidius,"I have fought with thee: so often hast thou beat me,",814
Act I,Scene X,Aufidius,"And wouldst do so, I think, should we encounter",815
Act I,Scene X,Aufidius,"As often as we eat. By the elements,",816
Act I,Scene X,Aufidius,"If e'er again I meet him beard to beard,",817
Act I,Scene X,Aufidius,"He's mine, or I am his: mine emulation",818
Act I,Scene X,Aufidius,Hath not that honour in't it had; for where,819
Act I,Scene X,Aufidius,"I thought to crush him in an equal force,",820
Act I,Scene X,Aufidius,"True sword to sword, I'll potch at him some way",821
Act I,Scene X,Aufidius,Or wrath or craft may get him.,822
Act I,Scene X,First Soldier,He's the devil.,823
Act I,Scene X,Aufidius,"Bolder, though not so subtle. My valour's poison'd",824
Act I,Scene X,Aufidius,With only suffering stain by him; for him,825
Act I,Scene X,Aufidius,"Shall fly out of itself: nor sleep nor sanctuary,",826
Act I,Scene X,Aufidius,"Being naked, sick, nor fane nor Capitol,",827
Act I,Scene X,Aufidius,"The prayers of priests nor times of sacrifice,",828
Act I,Scene X,Aufidius,"Embarquements all of fury, shall lift up",829
Act I,Scene X,Aufidius,Their rotten privilege and custom 'gainst,830
Act I,Scene X,Aufidius,"My hate to Marcius: where I find him, were it",831
Act I,Scene X,Aufidius,"At home, upon my brother's guard, even there,",832
Act I,Scene X,Aufidius,"Against the hospitable canon, would I",833
Act I,Scene X,Aufidius,Wash my fierce hand in's heart. Go you to the city;,834
Act I,Scene X,Aufidius,Learn how 'tis held; and what they are that must,835
Act I,Scene X,Aufidius,Be hostages for Rome.,836
Act I,Scene X,First Soldier,Will not you go?,837
Act I,Scene X,Aufidius,I am attended at the cypress grove: I pray you--,838
Act I,Scene X,Aufidius,'Tis south the city mills--bring me word thither,839
Act I,Scene X,Aufidius,"How the world goes, that to the pace of it",840
Act I,Scene X,Aufidius,I may spur on my journey.,841
Act I,Scene X,First Soldier,"I shall, sir.",842
Act I,Scene X,[stage direction],Exeunt,NA
Act II,Scene I,[stage direction],"Enter MENENIUS with the two Tribunes of the people, SICINIUS and BRUTUS.",NA
Act II,Scene I,Menenius,The augurer tells me we shall have news to-night.,843
Act II,Scene I,Brutus,Good or bad?,844
Act II,Scene I,Menenius,"Not according to the prayer of the people, for they",845
Act II,Scene I,Menenius,love not Marcius.,846
Act II,Scene I,Sicinius,Nature teaches beasts to know their friends.,847
Act II,Scene I,Menenius,"Pray you, who does the wolf love?",848
Act II,Scene I,Sicinius,The lamb.,849
Act II,Scene I,Menenius,"Ay, to devour him; as the hungry plebeians would the",850
Act II,Scene I,Menenius,noble Marcius.,851
Act II,Scene I,Brutus,"He's a lamb indeed, that baes like a bear.",852
Act II,Scene I,Menenius,"He's a bear indeed, that lives like a lamb. You two",853
Act II,Scene I,Menenius,are old men: tell me one thing that I shall ask you.,854
Act II,Scene I,Both,"Well, sir.",855
Act II,Scene I,Menenius,"In what enormity is Marcius poor in, that you two",856
Act II,Scene I,Menenius,have not in abundance?,857
Act II,Scene I,Brutus,"He's poor in no one fault, but stored with all.",858
Act II,Scene I,Sicinius,Especially in pride.,859
Act II,Scene I,Brutus,And topping all others in boasting.,860
Act II,Scene I,Menenius,This is strange now: do you two know how you are,861
Act II,Scene I,Menenius,"censured here in the city, I mean of us o' the",862
Act II,Scene I,Menenius,right-hand file? do you?,863
Act II,Scene I,Both,"Why, how are we censured?",864
Act II,Scene I,Menenius,"Because you talk of pride now,--will you not be angry?",865
Act II,Scene I,Both,"Well, well, sir, well.",866
Act II,Scene I,Menenius,"Why, 'tis no great matter; for a very little thief of",867
Act II,Scene I,Menenius,occasion will rob you of a great deal of patience:,868
Act II,Scene I,Menenius,"give your dispositions the reins, and be angry at",869
Act II,Scene I,Menenius,your pleasures; at the least if you take it as a,870
Act II,Scene I,Menenius,pleasure to you in being so. You blame Marcius for,871
Act II,Scene I,Menenius,being proud?,872
Act II,Scene I,Brutus,"We do it not alone, sir.",873
Act II,Scene I,Menenius,I know you can do very little alone; for your helps,874
Act II,Scene I,Menenius,"are many, or else your actions would grow wondrous",875
Act II,Scene I,Menenius,single: your abilities are too infant-like for,876
Act II,Scene I,Menenius,doing much alone. You talk of pride: O that you,877
Act II,Scene I,Menenius,"could turn your eyes toward the napes of your necks,",878
Act II,Scene I,Menenius,and make but an interior survey of your good selves!,879
Act II,Scene I,Menenius,O that you could!,880
Act II,Scene I,Brutus,"What then, sir?",881
Act II,Scene I,Menenius,"Why, then you should discover a brace of unmeriting,",882
Act II,Scene I,Menenius,"proud, violent, testy magistrates, alias fools, as",883
Act II,Scene I,Menenius,any in Rome.,884
Act II,Scene I,Sicinius,"Menenius, you are known well enough too.",885
Act II,Scene I,Menenius,"I am known to be a humorous patrician, and one that",886
Act II,Scene I,Menenius,loves a cup of hot wine with not a drop of allaying,887
Act II,Scene I,Menenius,Tiber in't; said to be something imperfect in,888
Act II,Scene I,Menenius,favouring the first complaint; hasty and tinder-like,889
Act II,Scene I,Menenius,upon too trivial motion; one that converses more,890
Act II,Scene I,Menenius,with the buttock of the night than with the forehead,891
Act II,Scene I,Menenius,"of the morning: what I think I utter, and spend my",892
Act II,Scene I,Menenius,malice in my breath. Meeting two such wealsmen as,893
Act II,Scene I,Menenius,you are--I cannot call you Lycurguses--if the drink,894
Act II,Scene I,Menenius,"you give me touch my palate adversely, I make a",895
Act II,Scene I,Menenius,crooked face at it. I can't say your worships have,896
Act II,Scene I,Menenius,"delivered the matter well, when I find the ass in",897
Act II,Scene I,Menenius,compound with the major part of your syllables: and,898
Act II,Scene I,Menenius,though I must be content to bear with those that say,899
Act II,Scene I,Menenius,"you are reverend grave men, yet they lie deadly that",900
Act II,Scene I,Menenius,tell you you have good faces. If you see this in,901
Act II,Scene I,Menenius,"the map of my microcosm, follows it that I am known",902
Act II,Scene I,Menenius,well enough too? what barm can your bisson,903
Act II,Scene I,Menenius,"conspectuities glean out of this character, if I be",904
Act II,Scene I,Menenius,known well enough too?,905
Act II,Scene I,Brutus,"Come, sir, come, we know you well enough.",906
Act II,Scene I,Menenius,"You know neither me, yourselves nor any thing. You",907
Act II,Scene I,Menenius,are ambitious for poor knaves' caps and legs: you,908
Act II,Scene I,Menenius,wear out a good wholesome forenoon in hearing a,909
Act II,Scene I,Menenius,cause between an orange wife and a fosset-seller;,910
Act II,Scene I,Menenius,and then rejourn the controversy of three pence to a,911
Act II,Scene I,Menenius,second day of audience. When you are hearing a,912
Act II,Scene I,Menenius,"matter between party and party, if you chance to be",913
Act II,Scene I,Menenius,"pinched with the colic, you make faces like",914
Act II,Scene I,Menenius,mummers; set up the bloody flag against all,915
Act II,Scene I,Menenius,"patience; and, in roaring for a chamber-pot,",916
Act II,Scene I,Menenius,dismiss the controversy bleeding the more entangled,917
Act II,Scene I,Menenius,by your hearing: all the peace you make in their,918
Act II,Scene I,Menenius,"cause is, calling both the parties knaves. You are",919
Act II,Scene I,Menenius,a pair of strange ones.,920
Act II,Scene I,Brutus,"Come, come, you are well understood to be a",921
Act II,Scene I,Brutus,perfecter giber for the table than a necessary,922
Act II,Scene I,Brutus,bencher in the Capitol.,923
Act II,Scene I,Menenius,"Our very priests must become mockers, if they shall",924
Act II,Scene I,Menenius,encounter such ridiculous subjects as you are. When,925
Act II,Scene I,Menenius,"you speak best unto the purpose, it is not worth the",926
Act II,Scene I,Menenius,wagging of your beards; and your beards deserve not,927
Act II,Scene I,Menenius,so honourable a grave as to stuff a botcher's,928
Act II,Scene I,Menenius,"cushion, or to be entombed in an ass's pack-",929
Act II,Scene I,Menenius,"saddle. Yet you must be saying, Marcius is proud;",930
Act II,Scene I,Menenius,"who in a cheap estimation, is worth predecessors",931
Act II,Scene I,Menenius,"since Deucalion, though peradventure some of the",932
Act II,Scene I,Menenius,best of 'em were hereditary hangmen. God-den to,933
Act II,Scene I,Menenius,your worships: more of your conversation would,934
Act II,Scene I,Menenius,"infect my brain, being the herdsmen of the beastly",935
Act II,Scene I,Menenius,plebeians: I will be bold to take my leave of you.,936
Act II,Scene I,[stage direction],BRUTUS and SICINIUS go aside,NA
Act II,Scene I,[stage direction],"Enter VOLUMNIA, VIRGILIA, and VALERIA",NA
Act II,Scene I,Menenius,"How now, my as fair as noble ladies,--and the moon,",937
Act II,Scene I,Menenius,"were she earthly, no nobler,--whither do you follow",938
Act II,Scene I,Menenius,your eyes so fast?,939
Act II,Scene I,Volumnia,"Honourable Menenius, my boy Marcius approaches; for",940
Act II,Scene I,Volumnia,"the love of Juno, let's go.",941
Act II,Scene I,Menenius,Ha! Marcius coming home!,942
Act II,Scene I,Volumnia,"Ay, worthy Menenius; and with most prosperous",943
Act II,Scene I,Volumnia,approbation.,944
Act II,Scene I,Menenius,"Take my cap, Jupiter, and I thank thee. Hoo!",945
Act II,Scene I,Menenius,Marcius coming home!,946
Act II,Scene I,Virgilia,"Nay,'tis true.",947
Act II,Scene I,Volumnia,"Look, here's a letter from him: the state hath",948
Act II,Scene I,Volumnia,"another, his wife another; and, I think, there's one",949
Act II,Scene I,Volumnia,at home for you.,950
Act II,Scene I,Menenius,I will make my very house reel tonight: a letter for,951
Act II,Scene I,Menenius,me!,952
Act II,Scene I,Virgilia,"Yes, certain, there's a letter for you; I saw't.",953
Act II,Scene I,Menenius,A letter for me! it gives me an estate of seven,954
Act II,Scene I,Menenius,years' health; in which time I will make a lip at,955
Act II,Scene I,Menenius,the physician: the most sovereign prescription in,956
Act II,Scene I,Menenius,"Galen is but empiricutic, and, to this preservative,",957
Act II,Scene I,Menenius,of no better report than a horse-drench. Is he,958
Act II,Scene I,Menenius,not wounded? he was wont to come home wounded.,959
Act II,Scene I,Virgilia,"O, no, no, no.",960
Act II,Scene I,Volumnia,"O, he is wounded; I thank the gods for't.",961
Act II,Scene I,Menenius,"So do I too, if it be not too much: brings a'",962
Act II,Scene I,Menenius,victory in his pocket? the wounds become him.,963
Act II,Scene I,Volumnia,"On's brows: Menenius, he comes the third time home",964
Act II,Scene I,Volumnia,with the oaken garland.,965
Act II,Scene I,Menenius,Has he disciplined Aufidius soundly?,966
Act II,Scene I,Volumnia,"Titus Lartius writes, they fought together, but",967
Act II,Scene I,Volumnia,Aufidius got off.,968
Act II,Scene I,Menenius,"And 'twas time for him too, I'll warrant him that:",969
Act II,Scene I,Menenius,"an he had stayed by him, I would not have been so",970
Act II,Scene I,Menenius,"fidiused for all the chests in Corioli, and the gold",971
Act II,Scene I,Menenius,that's in them. Is the senate possessed of this?,972
Act II,Scene I,Volumnia,"Good ladies, let's go. Yes, yes, yes; the senate",973
Act II,Scene I,Volumnia,"has letters from the general, wherein he gives my",974
Act II,Scene I,Volumnia,son the whole name of the war: he hath in this,975
Act II,Scene I,Volumnia,action outdone his former deeds doubly,976
Act II,Scene I,Valeria,"In troth, there's wondrous things spoke of him.",977
Act II,Scene I,Menenius,"Wondrous! ay, I warrant you, and not without his",978
Act II,Scene I,Menenius,true purchasing.,979
Act II,Scene I,Virgilia,The gods grant them true!,980
Act II,Scene I,Volumnia,"True! pow, wow.",981
Act II,Scene I,Menenius,True! I'll be sworn they are true.,982
Act II,Scene I,Menenius,Where is he wounded?,983
Act II,Scene I,[stage direction],To the Tribunes,NA
Act II,Scene I,Menenius,God save your good worships! Marcius is coming,984
Act II,Scene I,Menenius,home: he has more cause to be proud. Where is he wounded?,985
Act II,Scene I,Volumnia,I' the shoulder and i' the left arm there will be,986
Act II,Scene I,Volumnia,"large cicatrices to show the people, when he shall",987
Act II,Scene I,Volumnia,stand for his place. He received in the repulse of,988
Act II,Scene I,Volumnia,Tarquin seven hurts i' the body.,989
Act II,Scene I,Menenius,"One i' the neck, and two i' the thigh,--there's",990
Act II,Scene I,Menenius,nine that I know.,991
Act II,Scene I,Volumnia,"He had, before this last expedition, twenty-five",992
Act II,Scene I,Volumnia,wounds upon him.,993
Act II,Scene I,Menenius,Now it's twenty-seven: every gash was an enemy's grave.,994
Act II,Scene I,[stage direction],A shout and flourish,NA
Act II,Scene I,Menenius,Hark! the trumpets.,995
Act II,Scene I,Volumnia,These are the ushers of Marcius: before him he,996
Act II,Scene I,Volumnia,"carries noise, and behind him he leaves tears:",997
Act II,Scene I,Volumnia,"Death, that dark spirit, in 's nervy arm doth lie;",998
Act II,Scene I,Volumnia,"Which, being advanced, declines, and then men die.",999
Act II,Scene I,[stage direction],"A sennet. Trumpets sound. Enter COMINIUS the  general, and TITUS LARTIUS; between them, CORIOLANUS,  crowned with an oaken garland; with Captains and Soldiers, and a Herald",NA
Act II,Scene I,Herald,"Know, Rome, that all alone Marcius did fight",1000
Act II,Scene I,Herald,"Within Corioli gates: where he hath won,",1001
Act II,Scene I,Herald,"With fame, a name to Caius Marcius; these",1002
Act II,Scene I,Herald,In honour follows Coriolanus.,1003
Act II,Scene I,Herald,"Welcome to Rome, renowned Coriolanus!",1004
Act II,Scene I,[stage direction],Flourish,NA
Act II,Scene I,All,"Welcome to Rome, renowned Coriolanus!",1005
Act II,Scene I,Coriolanus,No more of this; it does offend my heart:,1006
Act II,Scene I,Coriolanus,"Pray now, no more.",1007
Act II,Scene I,Cominius,"Look, sir, your mother!",1008
Act II,Scene I,Coriolanus,"O,",1009
Act II,Scene I,Coriolanus,"You have, I know, petition'd all the gods",1010
Act II,Scene I,Coriolanus,For my prosperity!,1011
Act II,Scene I,[stage direction],Kneels,NA
Act II,Scene I,Volumnia,"Nay, my good soldier, up;",1012
Act II,Scene I,Volumnia,"My gentle Marcius, worthy Caius, and",1013
Act II,Scene I,Volumnia,"By deed-achieving honour newly named,--",1014
Act II,Scene I,Volumnia,What is it?--Coriolanus must I call thee?--,1015
Act II,Scene I,Volumnia,"But O, thy wife!",1016
Act II,Scene I,Coriolanus,"My gracious silence, hail!",1017
Act II,Scene I,Coriolanus,"Wouldst thou have laugh'd had I come coffin'd home,",1018
Act II,Scene I,Coriolanus,"That weep'st to see me triumph? Ay, my dear,",1019
Act II,Scene I,Coriolanus,"Such eyes the widows in Corioli wear,",1020
Act II,Scene I,Coriolanus,And mothers that lack sons.,1021
Act II,Scene I,Menenius,"Now, the gods crown thee!",1022
Act II,Scene I,Coriolanus,And live you yet?,1023
Act II,Scene I,[stage direction],To VALERIA,NA
Act II,Scene I,Coriolanus,"O my sweet lady, pardon.",1024
Act II,Scene I,Volumnia,"I know not where to turn: O, welcome home:",1025
Act II,Scene I,Volumnia,"And welcome, general: and ye're welcome all.",1026
Act II,Scene I,Menenius,A hundred thousand welcomes. I could weep,1027
Act II,Scene I,Menenius,"And I could laugh, I am light and heavy. Welcome.",1028
Act II,Scene I,Menenius,"A curse begin at very root on's heart,",1029
Act II,Scene I,Menenius,That is not glad to see thee! You are three,1030
Act II,Scene I,Menenius,"That Rome should dote on: yet, by the faith of men,",1031
Act II,Scene I,Menenius,We have some old crab-trees here,1032
Act II,Scene I,Menenius,at home that will not,1033
Act II,Scene I,Menenius,"Be grafted to your relish. Yet welcome, warriors:",1034
Act II,Scene I,Menenius,We call a nettle but a nettle and,1035
Act II,Scene I,Menenius,The faults of fools but folly.,1036
Act II,Scene I,Cominius,Ever right.,1037
Act II,Scene I,Coriolanus,"Menenius ever, ever.",1038
Act II,Scene I,Herald,"Give way there, and go on!",1039
Act II,Scene I,Coriolanus,"[To VOLUMNIA and VIRGILIA]  Your hand, and yours:",1040
Act II,Scene I,Coriolanus,"Ere in our own house I do shade my head,",1041
Act II,Scene I,Coriolanus,The good patricians must be visited;,1042
Act II,Scene I,Coriolanus,"From whom I have received not only greetings,",1043
Act II,Scene I,Coriolanus,But with them change of honours.,1044
Act II,Scene I,Volumnia,I have lived,1045
Act II,Scene I,Volumnia,To see inherited my very wishes,1046
Act II,Scene I,Volumnia,And the buildings of my fancy: only,1047
Act II,Scene I,Volumnia,"There's one thing wanting, which I doubt not but",1048
Act II,Scene I,Volumnia,Our Rome will cast upon thee.,1049
Act II,Scene I,Coriolanus,"Know, good mother,",1050
Act II,Scene I,Coriolanus,"I had rather be their servant in my way,",1051
Act II,Scene I,Coriolanus,Than sway with them in theirs.,1052
Act II,Scene I,Cominius,"On, to the Capitol!",1053
Act II,Scene I,[stage direction],"Flourish. Cornets. Exeunt in state, as before. BRUTUS and SICINIUS come forward",NA
Act II,Scene I,Brutus,"All tongues speak of him, and the bleared sights",1054
Act II,Scene I,Brutus,Are spectacled to see him: your prattling nurse,1055
Act II,Scene I,Brutus,Into a rapture lets her baby cry,1056
Act II,Scene I,Brutus,While she chats him: the kitchen malkin pins,1057
Act II,Scene I,Brutus,"Her richest lockram 'bout her reechy neck,",1058
Act II,Scene I,Brutus,"Clambering the walls to eye him: stalls, bulks, windows,",1059
Act II,Scene I,Brutus,"Are smother'd up, leads fill'd, and ridges horsed",1060
Act II,Scene I,Brutus,"With variable complexions, all agreeing",1061
Act II,Scene I,Brutus,In earnestness to see him: seld-shown flamens,1062
Act II,Scene I,Brutus,Do press among the popular throngs and puff,1063
Act II,Scene I,Brutus,To win a vulgar station: or veil'd dames,1064
Act II,Scene I,Brutus,Commit the war of white and damask in,1065
Act II,Scene I,Brutus,Their nicely-gawded cheeks to the wanton spoil,1066
Act II,Scene I,Brutus,Of Phoebus' burning kisses: such a pother,1067
Act II,Scene I,Brutus,As if that whatsoever god who leads him,1068
Act II,Scene I,Brutus,Were slily crept into his human powers,1069
Act II,Scene I,Brutus,And gave him graceful posture.,1070
Act II,Scene I,Sicinius,"On the sudden,",1071
Act II,Scene I,Sicinius,I warrant him consul.,1072
Act II,Scene I,Brutus,"Then our office may,",1073
Act II,Scene I,Brutus,"During his power, go sleep.",1074
Act II,Scene I,Sicinius,He cannot temperately transport his honours,1075
Act II,Scene I,Sicinius,"From where he should begin and end, but will",1076
Act II,Scene I,Sicinius,Lose those he hath won.,1077
Act II,Scene I,Brutus,In that there's comfort.,1078
Act II,Scene I,Sicinius,Doubt not,1079
Act II,Scene I,Sicinius,"The commoners, for whom we stand, but they",1080
Act II,Scene I,Sicinius,Upon their ancient malice will forget,1081
Act II,Scene I,Sicinius,"With the least cause these his new honours, which",1082
Act II,Scene I,Sicinius,That he will give them make I as little question,1083
Act II,Scene I,Sicinius,As he is proud to do't.,1084
Act II,Scene I,Brutus,"I heard him swear,",1085
Act II,Scene I,Brutus,"Were he to stand for consul, never would he",1086
Act II,Scene I,Brutus,Appear i' the market-place nor on him put,1087
Act II,Scene I,Brutus,The napless vesture of humility;,1088
Act II,Scene I,Brutus,"Nor showing, as the manner is, his wounds",1089
Act II,Scene I,Brutus,"To the people, beg their stinking breaths.",1090
Act II,Scene I,Sicinius,'Tis right.,1091
Act II,Scene I,Brutus,"It was his word: O, he would miss it rather",1092
Act II,Scene I,Brutus,"Than carry it but by the suit of the gentry to him,",1093
Act II,Scene I,Brutus,And the desire of the nobles.,1094
Act II,Scene I,Sicinius,I wish no better,1095
Act II,Scene I,Sicinius,Than have him hold that purpose and to put it,1096
Act II,Scene I,Sicinius,In execution.,1097
Act II,Scene I,Brutus,'Tis most like he will.,1098
Act II,Scene I,Sicinius,"It shall be to him then as our good wills,",1099
Act II,Scene I,Sicinius,A sure destruction.,1100
Act II,Scene I,Brutus,So it must fall out,1101
Act II,Scene I,Brutus,"To him or our authorities. For an end,",1102
Act II,Scene I,Brutus,We must suggest the people in what hatred,1103
Act II,Scene I,Brutus,He still hath held them; that to's power he would,1104
Act II,Scene I,Brutus,"Have made them mules, silenced their pleaders and",1105
Act II,Scene I,Brutus,"Dispropertied their freedoms, holding them,",1106
Act II,Scene I,Brutus,"In human action and capacity,",1107
Act II,Scene I,Brutus,Of no more soul nor fitness for the world,1108
Act II,Scene I,Brutus,"Than camels in the war, who have their provand",1109
Act II,Scene I,Brutus,"Only for bearing burdens, and sore blows",1110
Act II,Scene I,Brutus,For sinking under them.,1111
Act II,Scene I,Sicinius,"This, as you say, suggested",1112
Act II,Scene I,Sicinius,At some time when his soaring insolence,1113
Act II,Scene I,Sicinius,"Shall touch the people--which time shall not want,",1114
Act II,Scene I,Sicinius,If he be put upon 't; and that's as easy,1115
Act II,Scene I,Sicinius,As to set dogs on sheep--will be his fire,1116
Act II,Scene I,Sicinius,To kindle their dry stubble; and their blaze,1117
Act II,Scene I,Sicinius,Shall darken him for ever.,1118
Act II,Scene I,[stage direction],Enter a Messenger,NA
Act II,Scene I,Brutus,What's the matter?,1119
Act II,Scene I,Messenger,You are sent for to the Capitol. 'Tis thought,1120
Act II,Scene I,Messenger,That Marcius shall be consul:,1121
Act II,Scene I,Messenger,I have seen the dumb men throng to see him and,1122
Act II,Scene I,Messenger,"The blind to bear him speak: matrons flung gloves,",1123
Act II,Scene I,Messenger,"Ladies and maids their scarfs and handkerchers,",1124
Act II,Scene I,Messenger,"Upon him as he pass'd: the nobles bended,",1125
Act II,Scene I,Messenger,"As to Jove's statue, and the commons made",1126
Act II,Scene I,Messenger,A shower and thunder with their caps and shouts:,1127
Act II,Scene I,Messenger,I never saw the like.,1128
Act II,Scene I,Brutus,Let's to the Capitol;,1129
Act II,Scene I,Brutus,"And carry with us ears and eyes for the time,",1130
Act II,Scene I,Brutus,But hearts for the event.,1131
Act II,Scene I,Sicinius,Have with you.,1132
Act II,Scene I,[stage direction],Exeunt,NA
Act II,Scene II,[stage direction],"Enter two Officers, to lay cushions",NA
Act II,Scene II,First Officer,"Come, come, they are almost here. How many stand",1133
Act II,Scene II,First Officer,for consulships?,1134
Act II,Scene II,Second Officer,"Three, they say: but 'tis thought of every one",1135
Act II,Scene II,Second Officer,Coriolanus will carry it.,1136
Act II,Scene II,First Officer,"That's a brave fellow; but he's vengeance proud, and",1137
Act II,Scene II,First Officer,loves not the common people.,1138
Act II,Scene II,Second Officer,"Faith, there had been many great men that have",1139
Act II,Scene II,Second Officer,"flattered the people, who ne'er loved them; and there",1140
Act II,Scene II,Second Officer,"be many that they have loved, they know not",1141
Act II,Scene II,Second Officer,"wherefore: so that, if they love they know not why,",1142
Act II,Scene II,Second Officer,"they hate upon no better a ground: therefore, for",1143
Act II,Scene II,Second Officer,Coriolanus neither to care whether they love or hate,1144
Act II,Scene II,Second Officer,him manifests the true knowledge he has in their,1145
Act II,Scene II,Second Officer,disposition; and out of his noble carelessness lets,1146
Act II,Scene II,Second Officer,them plainly see't.,1147
Act II,Scene II,First Officer,"If he did not care whether he had their love or no,",1148
Act II,Scene II,First Officer,he waved indifferently 'twixt doing them neither,1149
Act II,Scene II,First Officer,good nor harm: but he seeks their hate with greater,1150
Act II,Scene II,First Officer,devotion than can render it him; and leaves,1151
Act II,Scene II,First Officer,nothing undone that may fully discover him their,1152
Act II,Scene II,First Officer,"opposite. Now, to seem to affect the malice and",1153
Act II,Scene II,First Officer,displeasure of the people is as bad as that which he,1154
Act II,Scene II,First Officer,"dislikes, to flatter them for their love.",1155
Act II,Scene II,Second Officer,He hath deserved worthily of his country: and his,1156
Act II,Scene II,Second Officer,"ascent is not by such easy degrees as those who,",1157
Act II,Scene II,Second Officer,"having been supple and courteous to the people,",1158
Act II,Scene II,Second Officer,"bonneted, without any further deed to have them at",1159
Act II,Scene II,Second Officer,an into their estimation and report: but he hath so,1160
Act II,Scene II,Second Officer,"planted his honours in their eyes, and his actions",1161
Act II,Scene II,Second Officer,"in their hearts, that for their tongues to be",1162
Act II,Scene II,Second Officer,"silent, and not confess so much, were a kind of",1163
Act II,Scene II,Second Officer,"ingrateful injury; to report otherwise, were a",1164
Act II,Scene II,Second Officer,"malice, that, giving itself the lie, would pluck",1165
Act II,Scene II,Second Officer,reproof and rebuke from every ear that heard it.,1166
Act II,Scene II,First Officer,"No more of him; he is a worthy man: make way, they",1167
Act II,Scene II,First Officer,are coming.,1168
Act II,Scene II,[stage direction],"A sennet. Enter, with actors before them, COMINIUS  the consul, MENENIUS, CORIOLANUS, Senators,  SICINIUS and BRUTUS. The Senators take their  places; the Tribunes take their Places by themselves. CORIOLANUS stands",NA
Act II,Scene II,Menenius,Having determined of the Volsces and,1169
Act II,Scene II,Menenius,"To send for Titus Lartius, it remains,",1170
Act II,Scene II,Menenius,"As the main point of this our after-meeting,",1171
Act II,Scene II,Menenius,To gratify his noble service that,1172
Act II,Scene II,Menenius,"Hath thus stood for his country: therefore,",1173
Act II,Scene II,Menenius,"please you,",1174
Act II,Scene II,Menenius,"Most reverend and grave elders, to desire",1175
Act II,Scene II,Menenius,"The present consul, and last general",1176
Act II,Scene II,Menenius,"In our well-found successes, to report",1177
Act II,Scene II,Menenius,A little of that worthy work perform'd,1178
Act II,Scene II,Menenius,"By Caius Marcius Coriolanus, whom",1179
Act II,Scene II,Menenius,We met here both to thank and to remember,1180
Act II,Scene II,Menenius,With honours like himself.,1181
Act II,Scene II,First Senator,"Speak, good Cominius:",1182
Act II,Scene II,First Senator,"Leave nothing out for length, and make us think",1183
Act II,Scene II,First Senator,Rather our state's defective for requital,1184
Act II,Scene II,First Senator,Than we to stretch it out.,1185
Act II,Scene II,[stage direction],To the Tribunes,NA
Act II,Scene II,First Senator,"Masters o' the people,",1186
Act II,Scene II,First Senator,"We do request your kindest ears, and after,",1187
Act II,Scene II,First Senator,"Your loving motion toward the common body,",1188
Act II,Scene II,First Senator,To yield what passes here.,1189
Act II,Scene II,Sicinius,We are convented,1190
Act II,Scene II,Sicinius,"Upon a pleasing treaty, and have hearts",1191
Act II,Scene II,Sicinius,Inclinable to honour and advance,1192
Act II,Scene II,Sicinius,The theme of our assembly.,1193
Act II,Scene II,Brutus,Which the rather,1194
Act II,Scene II,Brutus,"We shall be blest to do, if he remember",1195
Act II,Scene II,Brutus,A kinder value of the people than,1196
Act II,Scene II,Brutus,He hath hereto prized them at.,1197
Act II,Scene II,Menenius,"That's off, that's off;",1198
Act II,Scene II,Menenius,I would you rather had been silent. Please you,1199
Act II,Scene II,Menenius,To hear Cominius speak?,1200
Act II,Scene II,Brutus,Most willingly;,1201
Act II,Scene II,Brutus,But yet my caution was more pertinent,1202
Act II,Scene II,Brutus,Than the rebuke you give it.,1203
Act II,Scene II,Menenius,He loves your people,1204
Act II,Scene II,Menenius,But tie him not to be their bedfellow.,1205
Act II,Scene II,Menenius,"Worthy Cominius, speak.",1206
Act II,Scene II,[stage direction],CORIOLANUS offers to go away,NA
Act II,Scene II,Menenius,"Nay, keep your place.",1207
Act II,Scene II,First Senator,"Sit, Coriolanus; never shame to hear",1208
Act II,Scene II,First Senator,What you have nobly done.,1209
Act II,Scene II,Coriolanus,Your horror's pardon:,1210
Act II,Scene II,Coriolanus,I had rather have my wounds to heal again,1211
Act II,Scene II,Coriolanus,Than hear say how I got them.,1212
Act II,Scene II,Brutus,"Sir, I hope",1213
Act II,Scene II,Brutus,My words disbench'd you not.,1214
Act II,Scene II,Coriolanus,"No, sir: yet oft,",1215
Act II,Scene II,Coriolanus,"When blows have made me stay, I fled from words.",1216
Act II,Scene II,Coriolanus,"You soothed not, therefore hurt not: but",1217
Act II,Scene II,Coriolanus,"your people,",1218
Act II,Scene II,Coriolanus,I love them as they weigh.,1219
Act II,Scene II,Menenius,"Pray now, sit down.",1220
Act II,Scene II,Coriolanus,I had rather have one scratch my head i' the sun,1221
Act II,Scene II,Coriolanus,When the alarum were struck than idly sit,1222
Act II,Scene II,Coriolanus,To hear my nothings monster'd.,1223
Act II,Scene II,[stage direction],Exit,NA
Act II,Scene II,Menenius,"Masters of the people,",1224
Act II,Scene II,Menenius,Your multiplying spawn how can he flatter--,1225
Act II,Scene II,Menenius,That's thousand to one good one--when you now see,1226
Act II,Scene II,Menenius,He had rather venture all his limbs for honour,1227
Act II,Scene II,Menenius,"Than one on's ears to hear it? Proceed, Cominius.",1228
Act II,Scene II,Cominius,I shall lack voice: the deeds of Coriolanus,1229
Act II,Scene II,Cominius,Should not be utter'd feebly. It is held,1230
Act II,Scene II,Cominius,"That valour is the chiefest virtue, and",1231
Act II,Scene II,Cominius,"Most dignifies the haver: if it be,",1232
Act II,Scene II,Cominius,The man I speak of cannot in the world,1233
Act II,Scene II,Cominius,"Be singly counterpoised. At sixteen years,",1234
Act II,Scene II,Cominius,"When Tarquin made a head for Rome, he fought",1235
Act II,Scene II,Cominius,"Beyond the mark of others: our then dictator,",1236
Act II,Scene II,Cominius,"Whom with all praise I point at, saw him fight,",1237
Act II,Scene II,Cominius,When with his Amazonian chin he drove,1238
Act II,Scene II,Cominius,The bristled lips before him: be bestrid,1239
Act II,Scene II,Cominius,An o'er-press'd Roman and i' the consul's view,1240
Act II,Scene II,Cominius,"Slew three opposers: Tarquin's self he met,",1241
Act II,Scene II,Cominius,"And struck him on his knee: in that day's feats,",1242
Act II,Scene II,Cominius,"When he might act the woman in the scene,",1243
Act II,Scene II,Cominius,"He proved best man i' the field, and for his meed",1244
Act II,Scene II,Cominius,Was brow-bound with the oak. His pupil age,1245
Act II,Scene II,Cominius,"Man-enter'd thus, he waxed like a sea,",1246
Act II,Scene II,Cominius,And in the brunt of seventeen battles since,1247
Act II,Scene II,Cominius,"He lurch'd all swords of the garland. For this last,",1248
Act II,Scene II,Cominius,"Before and in Corioli, let me say,",1249
Act II,Scene II,Cominius,I cannot speak him home: he stopp'd the fliers;,1250
Act II,Scene II,Cominius,And by his rare example made the coward,1251
Act II,Scene II,Cominius,Turn terror into sport: as weeds before,1252
Act II,Scene II,Cominius,"A vessel under sail, so men obey'd",1253
Act II,Scene II,Cominius,"And fell below his stem: his sword, death's stamp,",1254
Act II,Scene II,Cominius,"Where it did mark, it took; from face to foot",1255
Act II,Scene II,Cominius,"He was a thing of blood, whose every motion",1256
Act II,Scene II,Cominius,Was timed with dying cries: alone he enter'd,1257
Act II,Scene II,Cominius,"The mortal gate of the city, which he painted",1258
Act II,Scene II,Cominius,"With shunless destiny; aidless came off,",1259
Act II,Scene II,Cominius,And with a sudden reinforcement struck,1260
Act II,Scene II,Cominius,Corioli like a planet: now all's his:,1261
Act II,Scene II,Cominius,"When, by and by, the din of war gan pierce",1262
Act II,Scene II,Cominius,His ready sense; then straight his doubled spirit,1263
Act II,Scene II,Cominius,"Re-quicken'd what in flesh was fatigate,",1264
Act II,Scene II,Cominius,And to the battle came he; where he did,1265
Act II,Scene II,Cominius,"Run reeking o'er the lives of men, as if",1266
Act II,Scene II,Cominius,'Twere a perpetual spoil: and till we call'd,1267
Act II,Scene II,Cominius,"Both field and city ours, he never stood",1268
Act II,Scene II,Cominius,To ease his breast with panting.,1269
Act II,Scene II,Menenius,Worthy man!,1270
Act II,Scene II,First Senator,He cannot but with measure fit the honours,1271
Act II,Scene II,First Senator,Which we devise him.,1272
Act II,Scene II,Cominius,"Our spoils he kick'd at,",1273
Act II,Scene II,Cominius,And look'd upon things precious as they were,1274
Act II,Scene II,Cominius,The common muck of the world: he covets less,1275
Act II,Scene II,Cominius,Than misery itself would give; rewards,1276
Act II,Scene II,Cominius,"His deeds with doing them, and is content",1277
Act II,Scene II,Cominius,To spend the time to end it.,1278
Act II,Scene II,Menenius,He's right noble:,1279
Act II,Scene II,Menenius,Let him be call'd for.,1280
Act II,Scene II,First Senator,Call Coriolanus.,1281
Act II,Scene II,Officer,He doth appear.,1282
Act II,Scene II,[stage direction],Re-enter CORIOLANUS,NA
Act II,Scene II,Menenius,"The senate, Coriolanus, are well pleased",1283
Act II,Scene II,Menenius,To make thee consul.,1284
Act II,Scene II,Coriolanus,I do owe them still,1285
Act II,Scene II,Coriolanus,My life and services.,1286
Act II,Scene II,Menenius,It then remains,1287
Act II,Scene II,Menenius,That you do speak to the people.,1288
Act II,Scene II,Coriolanus,"I do beseech you,",1289
Act II,Scene II,Coriolanus,"Let me o'erleap that custom, for I cannot",1290
Act II,Scene II,Coriolanus,"Put on the gown, stand naked and entreat them,",1291
Act II,Scene II,Coriolanus,"For my wounds' sake, to give their suffrage: please you",1292
Act II,Scene II,Coriolanus,That I may pass this doing.,1293
Act II,Scene II,Sicinius,"Sir, the people",1294
Act II,Scene II,Sicinius,Must have their voices; neither will they bate,1295
Act II,Scene II,Sicinius,One jot of ceremony.,1296
Act II,Scene II,Menenius,Put them not to't:,1297
Act II,Scene II,Menenius,"Pray you, go fit you to the custom and",1298
Act II,Scene II,Menenius,"Take to you, as your predecessors have,",1299
Act II,Scene II,Menenius,Your honour with your form.,1300
Act II,Scene II,Coriolanus,It is apart,1301
Act II,Scene II,Coriolanus,"That I shall blush in acting, and might well",1302
Act II,Scene II,Coriolanus,Be taken from the people.,1303
Act II,Scene II,Brutus,Mark you that?,1304
Act II,Scene II,Coriolanus,"To brag unto them, thus I did, and thus;",1305
Act II,Scene II,Coriolanus,"Show them the unaching scars which I should hide,",1306
Act II,Scene II,Coriolanus,As if I had received them for the hire,1307
Act II,Scene II,Coriolanus,Of their breath only!,1308
Act II,Scene II,Menenius,Do not stand upon't.,1309
Act II,Scene II,Menenius,"We recommend to you, tribunes of the people,",1310
Act II,Scene II,Menenius,Our purpose to them: and to our noble consul,1311
Act II,Scene II,Menenius,Wish we all joy and honour.,1312
Act II,Scene II,Senators,To Coriolanus come all joy and honour!,1313
Act II,Scene II,[stage direction],Flourish of cornets. Exeunt all but SICINIUS and BRUTUS,NA
Act II,Scene II,Brutus,You see how he intends to use the people.,1314
Act II,Scene II,Sicinius,"May they perceive's intent! He will require them,",1315
Act II,Scene II,Sicinius,As if he did contemn what he requested,1316
Act II,Scene II,Sicinius,Should be in them to give.,1317
Act II,Scene II,Brutus,"Come, we'll inform them",1318
Act II,Scene II,Brutus,"Of our proceedings here: on the marketplace,",1319
Act II,Scene II,Brutus,"I know, they do attend us.",1320
Act II,Scene II,[stage direction],Exeunt,NA
Act II,Scene III,[stage direction],Enter seven or eight Citizens,NA
Act II,Scene III,First Citizen,"Once, if he do require our voices, we ought not to deny him.",1321
Act II,Scene III,Second Citizen,"We may, sir, if we will.",1322
Act II,Scene III,Third Citizen,"We have power in ourselves to do it, but it is a",1323
Act II,Scene III,Third Citizen,power that we have no power to do; for if he show us,1324
Act II,Scene III,Third Citizen,"his wounds and tell us his deeds, we are to put our",1325
Act II,Scene III,Third Citizen,"tongues into those wounds and speak for them; so, if",1326
Act II,Scene III,Third Citizen,"he tell us his noble deeds, we must also tell him",1327
Act II,Scene III,Third Citizen,our noble acceptance of them. Ingratitude is,1328
Act II,Scene III,Third Citizen,"monstrous, and for the multitude to be ingrateful,",1329
Act II,Scene III,Third Citizen,were to make a monster of the multitude: of the,1330
Act II,Scene III,Third Citizen,"which we being members, should bring ourselves to be",1331
Act II,Scene III,Third Citizen,monstrous members.,1332
Act II,Scene III,First Citizen,"And to make us no better thought of, a little help",1333
Act II,Scene III,First Citizen,"will serve; for once we stood up about the corn, he",1334
Act II,Scene III,First Citizen,himself stuck not to call us the many-headed multitude.,1335
Act II,Scene III,Third Citizen,We have been called so of many; not that our heads,1336
Act II,Scene III,Third Citizen,"are some brown, some black, some auburn, some bald,",1337
Act II,Scene III,Third Citizen,but that our wits are so diversely coloured: and,1338
Act II,Scene III,Third Citizen,truly I think if all our wits were to issue out of,1339
Act II,Scene III,Third Citizen,"one skull, they would fly east, west, north, south,",1340
Act II,Scene III,Third Citizen,and their consent of one direct way should be at,1341
Act II,Scene III,Third Citizen,once to all the points o' the compass.,1342
Act II,Scene III,Second Citizen,Think you so? Which way do you judge my wit would,1343
Act II,Scene III,Second Citizen,fly?,1344
Act II,Scene III,Third Citizen,"Nay, your wit will not so soon out as another man's",1345
Act II,Scene III,Third Citizen,"will;'tis strongly wedged up in a block-head, but",1346
Act II,Scene III,Third Citizen,"if it were at liberty, 'twould, sure, southward.",1347
Act II,Scene III,Second Citizen,Why that way?,1348
Act II,Scene III,Third Citizen,"To lose itself in a fog, where being three parts",1349
Act II,Scene III,Third Citizen,"melted away with rotten dews, the fourth would return",1350
Act II,Scene III,Third Citizen,"for conscience sake, to help to get thee a wife.",1351
Act II,Scene III,Second Citizen,"You are never without your tricks: you may, you may.",1352
Act II,Scene III,Third Citizen,Are you all resolved to give your voices? But,1353
Act II,Scene III,Third Citizen,"that's no matter, the greater part carries it. I",1354
Act II,Scene III,Third Citizen,"say, if he would incline to the people, there was",1355
Act II,Scene III,Third Citizen,never a worthier man.,1356
Act II,Scene III,[stage direction],"Enter CORIOLANUS in a gown of humility, with MENENIUS",NA
Act II,Scene III,Third Citizen,"Here he comes, and in the gown of humility: mark his",1357
Act II,Scene III,Third Citizen,"behavior. We are not to stay all together, but to",1358
Act II,Scene III,Third Citizen,"come by him where he stands, by ones, by twos, and",1359
Act II,Scene III,Third Citizen,by threes. He's to make his requests by,1360
Act II,Scene III,Third Citizen,particulars; wherein every one of us has a single,1361
Act II,Scene III,Third Citizen,"honour, in giving him our own voices with our own",1362
Act II,Scene III,Third Citizen,"tongues: therefore follow me, and I direct you how",1363
Act II,Scene III,Third Citizen,you shall go by him.,1364
Act II,Scene III,All,"Content, content.",1365
Act II,Scene III,[stage direction],Exeunt Citizens,NA
Act II,Scene III,Menenius,"O sir, you are not right: have you not known",1366
Act II,Scene III,Menenius,The worthiest men have done't?,1367
Act II,Scene III,Coriolanus,What must I say?,1368
Act II,Scene III,Coriolanus,"'I Pray, sir'--Plague upon't! I cannot bring",1369
Act II,Scene III,Coriolanus,"My tongue to such a pace:--'Look, sir, my wounds!",1370
Act II,Scene III,Coriolanus,"I got them in my country's service, when",1371
Act II,Scene III,Coriolanus,Some certain of your brethren roar'd and ran,1372
Act II,Scene III,Coriolanus,From the noise of our own drums.',1373
Act II,Scene III,Menenius,"O me, the gods!",1374
Act II,Scene III,Menenius,You must not speak of that: you must desire them,1375
Act II,Scene III,Menenius,To think upon you.,1376
Act II,Scene III,Coriolanus,Think upon me! hang 'em!,1377
Act II,Scene III,Coriolanus,"I would they would forget me, like the virtues",1378
Act II,Scene III,Coriolanus,Which our divines lose by 'em.,1379
Act II,Scene III,Menenius,You'll mar all:,1380
Act II,Scene III,Menenius,"I'll leave you: pray you, speak to 'em, I pray you,",1381
Act II,Scene III,Menenius,In wholesome manner.,1382
Act II,Scene III,[stage direction],Exit,NA
Act II,Scene III,Coriolanus,Bid them wash their faces,1383
Act II,Scene III,Coriolanus,And keep their teeth clean.,1384
Act II,Scene III,[stage direction],Re-enter two of the Citizens,NA
Act II,Scene III,Coriolanus,"So, here comes a brace.",1385
Act II,Scene III,[stage direction],Re-enter a third Citizen,NA
Act II,Scene III,Coriolanus,"You know the cause, air, of my standing here.",1386
Act II,Scene III,Third Citizen,"We do, sir; tell us what hath brought you to't.",1387
Act II,Scene III,Coriolanus,Mine own desert.,1388
Act II,Scene III,Second Citizen,Your own desert!,1389
Act II,Scene III,Coriolanus,"Ay, but not mine own desire.",1390
Act II,Scene III,Third Citizen,How not your own desire?,1391
Act II,Scene III,Coriolanus,"No, sir,'twas never my desire yet to trouble the",1392
Act II,Scene III,Coriolanus,poor with begging.,1393
Act II,Scene III,Third Citizen,"You must think, if we give you any thing, we hope to",1394
Act II,Scene III,Third Citizen,gain by you.,1395
Act II,Scene III,Coriolanus,"Well then, I pray, your price o' the consulship?",1396
Act II,Scene III,First Citizen,The price is to ask it kindly.,1397
Act II,Scene III,Coriolanus,"Kindly! Sir, I pray, let me ha't: I have wounds to",1398
Act II,Scene III,Coriolanus,"show you, which shall be yours in private. Your",1399
Act II,Scene III,Coriolanus,"good voice, sir; what say you?",1400
Act II,Scene III,Second Citizen,"You shall ha' it, worthy sir.",1401
Act II,Scene III,Coriolanus,"A match, sir. There's in all two worthy voices",1402
Act II,Scene III,Coriolanus,begged. I have your alms: adieu.,1403
Act II,Scene III,Third Citizen,But this is something odd.,1404
Act II,Scene III,Second Citizen,"An 'twere to give again,--but 'tis no matter.",1405
Act II,Scene III,[stage direction],Exeunt the three Citizens,NA
Act II,Scene III,[stage direction],Re-enter two other Citizens,NA
Act II,Scene III,Coriolanus,"Pray you now, if it may stand with the tune of your",1406
Act II,Scene III,Coriolanus,"voices that I may be consul, I have here the",1407
Act II,Scene III,Coriolanus,customary gown.,1408
Act II,Scene III,Fourth Citizen,"You have deserved nobly of your country, and you",1409
Act II,Scene III,Fourth Citizen,have not deserved nobly.,1410
Act II,Scene III,Coriolanus,Your enigma?,1411
Act II,Scene III,Fourth Citizen,"You have been a scourge to her enemies, you have",1412
Act II,Scene III,Fourth Citizen,been a rod to her friends; you have not indeed loved,1413
Act II,Scene III,Fourth Citizen,the common people.,1414
Act II,Scene III,Coriolanus,You should account me the more virtuous that I have,1415
Act II,Scene III,Coriolanus,"not been common in my love. I will, sir, flatter my",1416
Act II,Scene III,Coriolanus,"sworn brother, the people, to earn a dearer",1417
Act II,Scene III,Coriolanus,estimation of them; 'tis a condition they account,1418
Act II,Scene III,Coriolanus,gentle: and since the wisdom of their choice is,1419
Act II,Scene III,Coriolanus,"rather to have my hat than my heart, I will practise",1420
Act II,Scene III,Coriolanus,the insinuating nod and be off to them most,1421
Act II,Scene III,Coriolanus,"counterfeitly; that is, sir, I will counterfeit the",1422
Act II,Scene III,Coriolanus,bewitchment of some popular man and give it,1423
Act II,Scene III,Coriolanus,"bountiful to the desirers. Therefore, beseech you,",1424
Act II,Scene III,Coriolanus,I may be consul.,1425
Act II,Scene III,Fifth Citizen,We hope to find you our friend; and therefore give,1426
Act II,Scene III,Fifth Citizen,you our voices heartily.,1427
Act II,Scene III,Fourth Citizen,You have received many wounds for your country.,1428
Act II,Scene III,Coriolanus,I will not seal your knowledge with showing them. I,1429
Act II,Scene III,Coriolanus,"will make much of your voices, and so trouble you no further.",1430
Act II,Scene III,Both Citizens,"The gods give you joy, sir, heartily!",1431
Act II,Scene III,[stage direction],Exeunt,NA
Act II,Scene III,Coriolanus,Most sweet voices!,1432
Act II,Scene III,Coriolanus,"Better it is to die, better to starve,",1433
Act II,Scene III,Coriolanus,Than crave the hire which first we do deserve.,1434
Act II,Scene III,Coriolanus,"Why in this woolvish toge should I stand here,",1435
Act II,Scene III,Coriolanus,"To beg of Hob and Dick, that do appear,",1436
Act II,Scene III,Coriolanus,Their needless vouches? Custom calls me to't:,1437
Act II,Scene III,Coriolanus,"What custom wills, in all things should we do't,",1438
Act II,Scene III,Coriolanus,"The dust on antique time would lie unswept,",1439
Act II,Scene III,Coriolanus,And mountainous error be too highly heapt,1440
Act II,Scene III,Coriolanus,"For truth to o'er-peer. Rather than fool it so,",1441
Act II,Scene III,Coriolanus,Let the high office and the honour go,1442
Act II,Scene III,Coriolanus,To one that would do thus. I am half through;,1443
Act II,Scene III,Coriolanus,"The one part suffer'd, the other will I do.",1444
Act II,Scene III,[stage direction],Re-enter three Citizens more,NA
Act II,Scene III,Coriolanus,Here come more voices.,1445
Act II,Scene III,Coriolanus,Your voices: for your voices I have fought;,1446
Act II,Scene III,Coriolanus,Watch'd for your voices; for Your voices bear,1447
Act II,Scene III,Coriolanus,Of wounds two dozen odd; battles thrice six,1448
Act II,Scene III,Coriolanus,I have seen and heard of; for your voices have,1449
Act II,Scene III,Coriolanus,"Done many things, some less, some more your voices:",1450
Act II,Scene III,Coriolanus,Indeed I would be consul.,1451
Act II,Scene III,Sixth Citizen,"He has done nobly, and cannot go without any honest",1452
Act II,Scene III,Sixth Citizen,man's voice.,1453
Act II,Scene III,Seventh Citizen,"Therefore let him be consul: the gods give him joy,",1454
Act II,Scene III,Seventh Citizen,and make him good friend to the people!,1455
Act II,Scene III,All Citizens,"Amen, amen. God save thee, noble consul!",1456
Act II,Scene III,[stage direction],Exeunt,NA
Act II,Scene III,Coriolanus,Worthy voices!,1457
Act II,Scene III,[stage direction],"Re-enter MENENIUS, with BRUTUS and SICINIUS",NA
Act II,Scene III,Menenius,You have stood your limitation; and the tribunes,1458
Act II,Scene III,Menenius,Endue you with the people's voice: remains,1459
Act II,Scene III,Menenius,"That, in the official marks invested, you",1460
Act II,Scene III,Menenius,Anon do meet the senate.,1461
Act II,Scene III,Coriolanus,Is this done?,1462
Act II,Scene III,Sicinius,The custom of request you have discharged:,1463
Act II,Scene III,Sicinius,"The people do admit you, and are summon'd",1464
Act II,Scene III,Sicinius,"To meet anon, upon your approbation.",1465
Act II,Scene III,Coriolanus,Where? at the senate-house?,1466
Act II,Scene III,Sicinius,"There, Coriolanus.",1467
Act II,Scene III,Coriolanus,May I change these garments?,1468
Act II,Scene III,Sicinius,"You may, sir.",1469
Act II,Scene III,Coriolanus,"That I'll straight do; and, knowing myself again,",1470
Act II,Scene III,Coriolanus,Repair to the senate-house.,1471
Act II,Scene III,Menenius,I'll keep you company. Will you along?,1472
Act II,Scene III,Brutus,We stay here for the people.,1473
Act II,Scene III,Sicinius,Fare you well.,1474
Act II,Scene III,[stage direction],Exeunt CORIOLANUS and MENENIUS,NA
Act II,Scene III,Sicinius,"He has it now, and by his looks methink",1475
Act II,Scene III,Sicinius,'Tis warm at 's heart.,1476
Act II,Scene III,Brutus,With a proud heart he wore his humble weeds.,1477
Act II,Scene III,Brutus,will you dismiss the people?,1478
Act II,Scene III,[stage direction],Re-enter Citizens,NA
Act II,Scene III,Sicinius,"How now, my masters! have you chose this man?",1479
Act II,Scene III,First Citizen,"He has our voices, sir.",1480
Act II,Scene III,Brutus,We pray the gods he may deserve your loves.,1481
Act II,Scene III,Second Citizen,"Amen, sir: to my poor unworthy notice,",1482
Act II,Scene III,Second Citizen,He mock'd us when he begg'd our voices.,1483
Act II,Scene III,Third Citizen,Certainly,1484
Act II,Scene III,Third Citizen,He flouted us downright.,1485
Act II,Scene III,First Citizen,"No,'tis his kind of speech: he did not mock us.",1486
Act II,Scene III,Second Citizen,"Not one amongst us, save yourself, but says",1487
Act II,Scene III,Second Citizen,He used us scornfully: he should have show'd us,1488
Act II,Scene III,Second Citizen,"His marks of merit, wounds received for's country.",1489
Act II,Scene III,Sicinius,"Why, so he did, I am sure.",1490
Act II,Scene III,Citizens,"No, no; no man saw 'em.",1491
Act II,Scene III,Third Citizen,"He said he had wounds, which he could show",1492
Act II,Scene III,Third Citizen,in private;,1493
Act II,Scene III,Third Citizen,"And with his hat, thus waving it in scorn,",1494
Act II,Scene III,Third Citizen,"'I would be consul,' says he: 'aged custom,",1495
Act II,Scene III,Third Citizen,"But by your voices, will not so permit me;",1496
Act II,Scene III,Third Citizen,"Your voices therefore.' When we granted that,",1497
Act II,Scene III,Third Citizen,Here was 'I thank you for your voices: thank you:,1498
Act II,Scene III,Third Citizen,Your most sweet voices: now you have left,1499
Act II,Scene III,Third Citizen,"your voices,",1500
Act II,Scene III,Third Citizen,I have no further with you.' Was not this mockery?,1501
Act II,Scene III,Sicinius,"Why either were you ignorant to see't,",1502
Act II,Scene III,Sicinius,"Or, seeing it, of such childish friendliness",1503
Act II,Scene III,Sicinius,To yield your voices?,1504
Act II,Scene III,Brutus,Could you not have told him,1505
Act II,Scene III,Brutus,"As you were lesson'd, when he had no power,",1506
Act II,Scene III,Brutus,"But was a petty servant to the state,",1507
Act II,Scene III,Brutus,"He was your enemy, ever spake against",1508
Act II,Scene III,Brutus,Your liberties and the charters that you bear,1509
Act II,Scene III,Brutus,"I' the body of the weal; and now, arriving",1510
Act II,Scene III,Brutus,"A place of potency and sway o' the state,",1511
Act II,Scene III,Brutus,If he should still malignantly remain,1512
Act II,Scene III,Brutus,"Fast foe to the plebeii, your voices might",1513
Act II,Scene III,Brutus,Be curses to yourselves? You should have said,1514
Act II,Scene III,Brutus,That as his worthy deeds did claim no less,1515
Act II,Scene III,Brutus,"Than what he stood for, so his gracious nature",1516
Act II,Scene III,Brutus,Would think upon you for your voices and,1517
Act II,Scene III,Brutus,"Translate his malice towards you into love,",1518
Act II,Scene III,Brutus,Standing your friendly lord.,1519
Act II,Scene III,Sicinius,"Thus to have said,",1520
Act II,Scene III,Sicinius,"As you were fore-advised, had touch'd his spirit",1521
Act II,Scene III,Sicinius,And tried his inclination; from him pluck'd,1522
Act II,Scene III,Sicinius,"Either his gracious promise, which you might,",1523
Act II,Scene III,Sicinius,"As cause had call'd you up, have held him to",1524
Act II,Scene III,Sicinius,"Or else it would have gall'd his surly nature,",1525
Act II,Scene III,Sicinius,Which easily endures not article,1526
Act II,Scene III,Sicinius,"Tying him to aught; so putting him to rage,",1527
Act II,Scene III,Sicinius,You should have ta'en the advantage of his choler,1528
Act II,Scene III,Sicinius,And pass'd him unelected.,1529
Act II,Scene III,Brutus,Did you perceive,1530
Act II,Scene III,Brutus,He did solicit you in free contempt,1531
Act II,Scene III,Brutus,"When he did need your loves, and do you think",1532
Act II,Scene III,Brutus,"That his contempt shall not be bruising to you,",1533
Act II,Scene III,Brutus,"When he hath power to crush? Why, had your bodies",1534
Act II,Scene III,Brutus,No heart among you? or had you tongues to cry,1535
Act II,Scene III,Brutus,Against the rectorship of judgment?,1536
Act II,Scene III,Sicinius,Have you,1537
Act II,Scene III,Sicinius,Ere now denied the asker? and now again,1538
Act II,Scene III,Sicinius,"Of him that did not ask, but mock, bestow",1539
Act II,Scene III,Sicinius,Your sued-for tongues?,1540
Act II,Scene III,Third Citizen,He's not confirm'd; we may deny him yet.,1541
Act II,Scene III,Second Citizen,And will deny him:,1542
Act II,Scene III,Second Citizen,I'll have five hundred voices of that sound.,1543
Act II,Scene III,First Citizen,I twice five hundred and their friends to piece 'em.,1544
Act II,Scene III,Brutus,"Get you hence instantly, and tell those friends,",1545
Act II,Scene III,Brutus,They have chose a consul that will from them take,1546
Act II,Scene III,Brutus,Their liberties; make them of no more voice,1547
Act II,Scene III,Brutus,Than dogs that are as often beat for barking,1548
Act II,Scene III,Brutus,As therefore kept to do so.,1549
Act II,Scene III,Sicinius,"Let them assemble,",1550
Act II,Scene III,Sicinius,And on a safer judgment all revoke,1551
Act II,Scene III,Sicinius,"Your ignorant election; enforce his pride,",1552
Act II,Scene III,Sicinius,"And his old hate unto you; besides, forget not",1553
Act II,Scene III,Sicinius,"With what contempt he wore the humble weed,",1554
Act II,Scene III,Sicinius,"How in his suit he scorn'd you; but your loves,",1555
Act II,Scene III,Sicinius,"Thinking upon his services, took from you",1556
Act II,Scene III,Sicinius,"The apprehension of his present portance,",1557
Act II,Scene III,Sicinius,"Which most gibingly, ungravely, he did fashion",1558
Act II,Scene III,Sicinius,After the inveterate hate he bears you.,1559
Act II,Scene III,Brutus,Lay,1560
Act II,Scene III,Brutus,"A fault on us, your tribunes; that we laboured,",1561
Act II,Scene III,Brutus,"No impediment between, but that you must",1562
Act II,Scene III,Brutus,Cast your election on him.,1563
Act II,Scene III,Sicinius,"Say, you chose him",1564
Act II,Scene III,Sicinius,More after our commandment than as guided,1565
Act II,Scene III,Sicinius,"By your own true affections, and that your minds,",1566
Act II,Scene III,Sicinius,Preoccupied with what you rather must do,1567
Act II,Scene III,Sicinius,"Than what you should, made you against the grain",1568
Act II,Scene III,Sicinius,To voice him consul: lay the fault on us.,1569
Act II,Scene III,Brutus,"Ay, spare us not. Say we read lectures to you.",1570
Act II,Scene III,Brutus,"How youngly he began to serve his country,",1571
Act II,Scene III,Brutus,"How long continued, and what stock he springs of,",1572
Act II,Scene III,Brutus,"The noble house o' the Marcians, from whence came",1573
Act II,Scene III,Brutus,"That Ancus Marcius, Numa's daughter's son,",1574
Act II,Scene III,Brutus,"Who, after great Hostilius, here was king;",1575
Act II,Scene III,Brutus,"Of the same house Publius and Quintus were,",1576
Act II,Scene III,Brutus,That our beat water brought by conduits hither;,1577
Act II,Scene III,Brutus,"And  [Censorinus,]  nobly named so,",1578
Act II,Scene III,Brutus,"Twice being  [by the people chosen]  censor,",1579
Act II,Scene III,Brutus,Was his great ancestor.,1580
Act II,Scene III,Sicinius,"One thus descended,",1581
Act II,Scene III,Sicinius,That hath beside well in his person wrought,1582
Act II,Scene III,Sicinius,"To be set high in place, we did commend",1583
Act II,Scene III,Sicinius,"To your remembrances: but you have found,",1584
Act II,Scene III,Sicinius,"Scaling his present bearing with his past,",1585
Act II,Scene III,Sicinius,"That he's your fixed enemy, and revoke",1586
Act II,Scene III,Sicinius,Your sudden approbation.,1587
Act II,Scene III,Brutus,"Say, you ne'er had done't--",1588
Act II,Scene III,Brutus,Harp on that still--but by our putting on;,1589
Act II,Scene III,Brutus,"And presently, when you have drawn your number,",1590
Act II,Scene III,Brutus,Repair to the Capitol.,1591
Act II,Scene III,All,We will so: almost all,1592
Act II,Scene III,All,Repent in their election.,1593
Act II,Scene III,[stage direction],Exeunt Citizens,NA
Act II,Scene III,Brutus,Let them go on;,1594
Act II,Scene III,Brutus,"This mutiny were better put in hazard,",1595
Act II,Scene III,Brutus,"Than stay, past doubt, for greater:",1596
Act II,Scene III,Brutus,"If, as his nature is, he fall in rage",1597
Act II,Scene III,Brutus,"With their refusal, both observe and answer",1598
Act II,Scene III,Brutus,The vantage of his anger.,1599
Act II,Scene III,Sicinius,"To the Capitol, come:",1600
Act II,Scene III,Sicinius,We will be there before the stream o' the people;,1601
Act II,Scene III,Sicinius,"And this shall seem, as partly 'tis, their own,",1602
Act II,Scene III,Sicinius,Which we have goaded onward.,1603
Act II,Scene III,[stage direction],Exeunt,NA
Act III,Scene I,[stage direction],"Cornets. Enter CORIOLANUS, MENENIUS, all the Gentry, COMINIUS, TITUS LARTIUS, and other Senators",NA
Act III,Scene I,Coriolanus,Tullus Aufidius then had made new head?,1604
Act III,Scene I,Lartius,"He had, my lord; and that it was which caused",1605
Act III,Scene I,Lartius,Our swifter composition.,1606
Act III,Scene I,Coriolanus,"So then the Volsces stand but as at first,",1607
Act III,Scene I,Coriolanus,"Ready, when time shall prompt them, to make road.",1608
Act III,Scene I,Coriolanus,Upon's again.,1609
Act III,Scene I,Cominius,"They are worn, lord consul, so,",1610
Act III,Scene I,Cominius,That we shall hardly in our ages see,1611
Act III,Scene I,Cominius,Their banners wave again.,1612
Act III,Scene I,Coriolanus,Saw you Aufidius?,1613
Act III,Scene I,Lartius,On safe-guard he  came to me; and did curse,1614
Act III,Scene I,Lartius,"Against the Volsces, for they had so vilely",1615
Act III,Scene I,Lartius,Yielded the town: he is retired to Antium.,1616
Act III,Scene I,Coriolanus,Spoke he of me?,1617
Act III,Scene I,Lartius,"He did, my lord.",1618
Act III,Scene I,Coriolanus,How? what?,1619
Act III,Scene I,Lartius,"How often he had met you, sword to sword;",1620
Act III,Scene I,Lartius,That of all things upon the earth he hated,1621
Act III,Scene I,Lartius,"Your person most, that he would pawn his fortunes",1622
Act III,Scene I,Lartius,"To hopeless restitution, so he might",1623
Act III,Scene I,Lartius,Be call'd your vanquisher.,1624
Act III,Scene I,Coriolanus,At Antium lives he?,1625
Act III,Scene I,Lartius,At Antium.,1626
Act III,Scene I,Coriolanus,"I wish I had a cause to seek him there,",1627
Act III,Scene I,Coriolanus,To oppose his hatred fully. Welcome home.,1628
Act III,Scene I,[stage direction],Enter SICINIUS and BRUTUS,NA
Act III,Scene I,Coriolanus,"Behold, these are the tribunes of the people,",1629
Act III,Scene I,Coriolanus,The tongues o' the common mouth: I do despise them;,1630
Act III,Scene I,Coriolanus,"For they do prank them in authority,",1631
Act III,Scene I,Coriolanus,Against all noble sufferance.,1632
Act III,Scene I,Sicinius,Pass no further.,1633
Act III,Scene I,Coriolanus,Ha! what is that?,1634
Act III,Scene I,Brutus,It will be dangerous to go on: no further.,1635
Act III,Scene I,Coriolanus,What makes this change?,1636
Act III,Scene I,Menenius,The matter?,1637
Act III,Scene I,Cominius,Hath he not pass'd the noble and the common?,1638
Act III,Scene I,Brutus,"Cominius, no.",1639
Act III,Scene I,Coriolanus,Have I had children's voices?,1640
Act III,Scene I,First Senator,"Tribunes, give way; he shall to the market-place.",1641
Act III,Scene I,Brutus,The people are incensed against him.,1642
Act III,Scene I,Sicinius,"Stop,",1643
Act III,Scene I,Sicinius,Or all will fall in broil.,1644
Act III,Scene I,Coriolanus,Are these your herd?,1645
Act III,Scene I,Coriolanus,"Must these have voices, that can yield them now",1646
Act III,Scene I,Coriolanus,And straight disclaim their tongues? What are,1647
Act III,Scene I,Coriolanus,your offices?,1648
Act III,Scene I,Coriolanus,"You being their mouths, why rule you not their teeth?",1649
Act III,Scene I,Coriolanus,Have you not set them on?,1650
Act III,Scene I,Menenius,"Be calm, be calm.",1651
Act III,Scene I,Coriolanus,"It is a purposed thing, and grows by plot,",1652
Act III,Scene I,Coriolanus,To curb the will of the nobility:,1653
Act III,Scene I,Coriolanus,"Suffer't, and live with such as cannot rule",1654
Act III,Scene I,Coriolanus,Nor ever will be ruled.,1655
Act III,Scene I,Brutus,Call't not a plot:,1656
Act III,Scene I,Brutus,"The people cry you mock'd them, and of late,",1657
Act III,Scene I,Brutus,"When corn was given them gratis, you repined;",1658
Act III,Scene I,Brutus,"Scandal'd the suppliants for the people, call'd them",1659
Act III,Scene I,Brutus,"Time-pleasers, flatterers, foes to nobleness.",1660
Act III,Scene I,Coriolanus,"Why, this was known before.",1661
Act III,Scene I,Brutus,Not to them all.,1662
Act III,Scene I,Coriolanus,Have you inform'd them sithence?,1663
Act III,Scene I,Brutus,How! I inform them!,1664
Act III,Scene I,Coriolanus,You are like to do such business.,1665
Act III,Scene I,Brutus,"Not unlike,",1666
Act III,Scene I,Brutus,"Each way, to better yours.",1667
Act III,Scene I,Coriolanus,"Why then should I be consul? By yond clouds,",1668
Act III,Scene I,Coriolanus,"Let me deserve so ill as you, and make me",1669
Act III,Scene I,Coriolanus,Your fellow tribune.,1670
Act III,Scene I,Sicinius,You show too much of that,1671
Act III,Scene I,Sicinius,For which the people stir: if you will pass,1672
Act III,Scene I,Sicinius,"To where you are bound, you must inquire your way,",1673
Act III,Scene I,Sicinius,"Which you are out of, with a gentler spirit,",1674
Act III,Scene I,Sicinius,"Or never be so noble as a consul,",1675
Act III,Scene I,Sicinius,Nor yoke with him for tribune.,1676
Act III,Scene I,Menenius,Let's be calm.,1677
Act III,Scene I,Cominius,The people are abused; set on. This paltering,1678
Act III,Scene I,Cominius,"Becomes not Rome, nor has Coriolanus",1679
Act III,Scene I,Cominius,"Deserved this so dishonour'd rub, laid falsely",1680
Act III,Scene I,Cominius,I' the plain way of his merit.,1681
Act III,Scene I,Coriolanus,Tell me of corn!,1682
Act III,Scene I,Coriolanus,"This was my speech, and I will speak't again--",1683
Act III,Scene I,Menenius,"Not now, not now.",1684
Act III,Scene I,First Senator,"Not in this heat, sir, now.",1685
Act III,Scene I,Coriolanus,"Now, as I live, I will. My nobler friends,",1686
Act III,Scene I,Coriolanus,I crave their pardons:,1687
Act III,Scene I,Coriolanus,"For the mutable, rank-scented many, let them",1688
Act III,Scene I,Coriolanus,"Regard me as I do not flatter, and",1689
Act III,Scene I,Coriolanus,"Therein behold themselves: I say again,",1690
Act III,Scene I,Coriolanus,"In soothing them, we nourish 'gainst our senate",1691
Act III,Scene I,Coriolanus,"The cockle of rebellion, insolence, sedition,",1692
Act III,Scene I,Coriolanus,"Which we ourselves have plough'd for, sow'd,",1693
Act III,Scene I,Coriolanus,"and scatter'd,",1694
Act III,Scene I,Coriolanus,"By mingling them with us, the honour'd number,",1695
Act III,Scene I,Coriolanus,"Who lack not virtue, no, nor power, but that",1696
Act III,Scene I,Coriolanus,Which they have given to beggars.,1697
Act III,Scene I,Menenius,"Well, no more.",1698
Act III,Scene I,First Senator,"No more words, we beseech you.",1699
Act III,Scene I,Coriolanus,How! no more!,1700
Act III,Scene I,Coriolanus,"As for my country I have shed my blood,",1701
Act III,Scene I,Coriolanus,"Not fearing outward force, so shall my lungs",1702
Act III,Scene I,Coriolanus,"Coin words till their decay against those measles,",1703
Act III,Scene I,Coriolanus,"Which we disdain should tatter us, yet sought",1704
Act III,Scene I,Coriolanus,The very way to catch them.,1705
Act III,Scene I,Brutus,"You speak o' the people,",1706
Act III,Scene I,Brutus,"As if you were a god to punish, not",1707
Act III,Scene I,Brutus,A man of their infirmity.,1708
Act III,Scene I,Sicinius,'Twere well,1709
Act III,Scene I,Sicinius,We let the people know't.,1710
Act III,Scene I,Menenius,"What, what? his choler?",1711
Act III,Scene I,Coriolanus,Choler!,1712
Act III,Scene I,Coriolanus,"Were I as patient as the midnight sleep,",1713
Act III,Scene I,Coriolanus,"By Jove, 'twould be my mind!",1714
Act III,Scene I,Sicinius,It is a mind,1715
Act III,Scene I,Sicinius,"That shall remain a poison where it is,",1716
Act III,Scene I,Sicinius,Not poison any further.,1717
Act III,Scene I,Coriolanus,Shall remain!,1718
Act III,Scene I,Coriolanus,Hear you this Triton of the minnows? mark you,1719
Act III,Scene I,Coriolanus,His absolute 'shall'?,1720
Act III,Scene I,Cominius,'Twas from the canon.,1721
Act III,Scene I,Coriolanus,'Shall'!,1722
Act III,Scene I,Coriolanus,"O good but most unwise patricians! why,",1723
Act III,Scene I,Coriolanus,"You grave but reckless senators, have you thus",1724
Act III,Scene I,Coriolanus,"Given Hydra here to choose an officer,",1725
Act III,Scene I,Coriolanus,"That with his peremptory 'shall,' being but",1726
Act III,Scene I,Coriolanus,"The horn and noise o' the monster's, wants not spirit",1727
Act III,Scene I,Coriolanus,"To say he'll turn your current in a ditch,",1728
Act III,Scene I,Coriolanus,And make your channel his? If he have power,1729
Act III,Scene I,Coriolanus,"Then vail your ignorance; if none, awake",1730
Act III,Scene I,Coriolanus,"Your dangerous lenity. If you are learn'd,",1731
Act III,Scene I,Coriolanus,"Be not as common fools; if you are not,",1732
Act III,Scene I,Coriolanus,"Let them have cushions by you. You are plebeians,",1733
Act III,Scene I,Coriolanus,"If they be senators: and they are no less,",1734
Act III,Scene I,Coriolanus,"When, both your voices blended, the great'st taste",1735
Act III,Scene I,Coriolanus,"Most palates theirs. They choose their magistrate,",1736
Act III,Scene I,Coriolanus,"And such a one as he, who puts his 'shall,'",1737
Act III,Scene I,Coriolanus,His popular 'shall' against a graver bench,1738
Act III,Scene I,Coriolanus,Than ever frown in Greece. By Jove himself!,1739
Act III,Scene I,Coriolanus,It makes the consuls base: and my soul aches,1740
Act III,Scene I,Coriolanus,"To know, when two authorities are up,",1741
Act III,Scene I,Coriolanus,"Neither supreme, how soon confusion",1742
Act III,Scene I,Coriolanus,May enter 'twixt the gap of both and take,1743
Act III,Scene I,Coriolanus,The one by the other.,1744
Act III,Scene I,Cominius,"Well, on to the market-place.",1745
Act III,Scene I,Coriolanus,"Whoever gave that counsel, to give forth",1746
Act III,Scene I,Coriolanus,"The corn o' the storehouse gratis, as 'twas used",1747
Act III,Scene I,Coriolanus,"Sometime in Greece,--",1748
Act III,Scene I,Menenius,"Well, well, no more of that.",1749
Act III,Scene I,Coriolanus,"Though there the people had more absolute power,",1750
Act III,Scene I,Coriolanus,"I say, they nourish'd disobedience, fed",1751
Act III,Scene I,Coriolanus,The ruin of the state.,1752
Act III,Scene I,Brutus,"Why, shall the people give",1753
Act III,Scene I,Brutus,One that speaks thus their voice?,1754
Act III,Scene I,Coriolanus,"I'll give my reasons,",1755
Act III,Scene I,Coriolanus,More worthier than their voices. They know the corn,1756
Act III,Scene I,Coriolanus,"Was not our recompense, resting well assured",1757
Act III,Scene I,Coriolanus,"That ne'er did service for't: being press'd to the war,",1758
Act III,Scene I,Coriolanus,"Even when the navel of the state was touch'd,",1759
Act III,Scene I,Coriolanus,They would not thread the gates. This kind of service,1760
Act III,Scene I,Coriolanus,Did not deserve corn gratis. Being i' the war,1761
Act III,Scene I,Coriolanus,"Their mutinies and revolts, wherein they show'd",1762
Act III,Scene I,Coriolanus,"Most valour, spoke not for them: the accusation",1763
Act III,Scene I,Coriolanus,"Which they have often made against the senate,",1764
Act III,Scene I,Coriolanus,"All cause unborn, could never be the motive",1765
Act III,Scene I,Coriolanus,"Of our so frank donation. Well, what then?",1766
Act III,Scene I,Coriolanus,How shall this bisson multitude digest,1767
Act III,Scene I,Coriolanus,The senate's courtesy? Let deeds express,1768
Act III,Scene I,Coriolanus,What's like to be their words: 'we did request it;,1769
Act III,Scene I,Coriolanus,"We are the greater poll, and in true fear",1770
Act III,Scene I,Coriolanus,They gave us our demands.' Thus we debase,1771
Act III,Scene I,Coriolanus,The nature of our seats and make the rabble,1772
Act III,Scene I,Coriolanus,Call our cares fears; which will in time,1773
Act III,Scene I,Coriolanus,Break ope the locks o' the senate and bring in,1774
Act III,Scene I,Coriolanus,The crows to peck the eagles.,1775
Act III,Scene I,Menenius,"Come, enough.",1776
Act III,Scene I,Brutus,"Enough, with over-measure.",1777
Act III,Scene I,Coriolanus,"No, take more:",1778
Act III,Scene I,Coriolanus,"What may be sworn by, both divine and human,",1779
Act III,Scene I,Coriolanus,"Seal what I end withal! This double worship,",1780
Act III,Scene I,Coriolanus,"Where one part does disdain with cause, the other",1781
Act III,Scene I,Coriolanus,"Insult without all reason, where gentry, title, wisdom,",1782
Act III,Scene I,Coriolanus,Cannot conclude but by the yea and no,1783
Act III,Scene I,Coriolanus,"Of general ignorance,--it must omit",1784
Act III,Scene I,Coriolanus,"Real necessities, and give way the while",1785
Act III,Scene I,Coriolanus,"To unstable slightness: purpose so barr'd,",1786
Act III,Scene I,Coriolanus,"it follows,",1787
Act III,Scene I,Coriolanus,"Nothing is done to purpose. Therefore, beseech you,--",1788
Act III,Scene I,Coriolanus,"You that will be less fearful than discreet,",1789
Act III,Scene I,Coriolanus,That love the fundamental part of state,1790
Act III,Scene I,Coriolanus,"More than you doubt the change on't, that prefer",1791
Act III,Scene I,Coriolanus,"A noble life before a long, and wish",1792
Act III,Scene I,Coriolanus,To jump a body with a dangerous physic,1793
Act III,Scene I,Coriolanus,"That's sure of death without it, at once pluck out",1794
Act III,Scene I,Coriolanus,The multitudinous tongue; let them not lick,1795
Act III,Scene I,Coriolanus,The sweet which is their poison: your dishonour,1796
Act III,Scene I,Coriolanus,Mangles true judgment and bereaves the state,1797
Act III,Scene I,Coriolanus,"Of that integrity which should become't,",1798
Act III,Scene I,Coriolanus,"Not having the power to do the good it would,",1799
Act III,Scene I,Coriolanus,For the in which doth control't.,1800
Act III,Scene I,Brutus,Has said enough.,1801
Act III,Scene I,Sicinius,"Has spoken like a traitor, and shall answer",1802
Act III,Scene I,Sicinius,As traitors do.,1803
Act III,Scene I,Coriolanus,"Thou wretch, despite o'erwhelm thee!",1804
Act III,Scene I,Coriolanus,What should the people do with these bald tribunes?,1805
Act III,Scene I,Coriolanus,"On whom depending, their obedience fails",1806
Act III,Scene I,Coriolanus,"To the greater bench: in a rebellion,",1807
Act III,Scene I,Coriolanus,"When what's not meet, but what must be, was law,",1808
Act III,Scene I,Coriolanus,"Then were they chosen: in a better hour,",1809
Act III,Scene I,Coriolanus,"Let what is meet be said it must be meet,",1810
Act III,Scene I,Coriolanus,And throw their power i' the dust.,1811
Act III,Scene I,Brutus,Manifest treason!,1812
Act III,Scene I,Sicinius,This a consul? no.,1813
Act III,Scene I,Brutus,"The aediles, ho!",1814
Act III,Scene I,[stage direction],Enter an AEdile,NA
Act III,Scene I,Brutus,Let him be apprehended.,1815
Act III,Scene I,Sicinius,"Go, call the people:",1816
Act III,Scene I,[stage direction],Exit AEdile,NA
Act III,Scene I,Sicinius,in whose name myself,1817
Act III,Scene I,Sicinius,"Attach thee as a traitorous innovator,",1818
Act III,Scene I,Sicinius,"A foe to the public weal: obey, I charge thee,",1819
Act III,Scene I,Sicinius,And follow to thine answer.,1820
Act III,Scene I,Coriolanus,"Hence, old goat!",1821
Act III,Scene I,Coriolanus,"Senators,  &amp; C	We'll surety him.",1822
Act III,Scene I,Cominius,"Aged sir, hands off.",1823
Act III,Scene I,Coriolanus,"Hence, rotten thing! or I shall shake thy bones",1824
Act III,Scene I,Coriolanus,Out of thy garments.,1825
Act III,Scene I,Sicinius,"Help, ye citizens!",1826
Act III,Scene I,[stage direction],"Enter a rabble of Citizens (Plebeians), with the AEdiles",NA
Act III,Scene I,Menenius,On both sides more respect.,1827
Act III,Scene I,Sicinius,Here's he that would take from you all your power.,1828
Act III,Scene I,Brutus,"Seize him, AEdiles!",1829
Act III,Scene I,Citizens,Down with him! down with him!,1830
Act III,Scene I,Citizens,"Senators,  &amp; C	Weapons, weapons, weapons!",1831
Act III,Scene I,[stage direction],"They all bustle about CORIOLANUS, crying",NA
Act III,Scene I,Citizens,"'Tribunes!' 'Patricians!' 'Citizens!' 'What, ho!'",1832
Act III,Scene I,Citizens,'Sicinius!' 'Brutus!' 'Coriolanus!' 'Citizens!',1833
Act III,Scene I,Citizens,"'Peace, peace, peace!' 'Stay, hold, peace!'",1834
Act III,Scene I,Menenius,What is about to be? I am out of breath;,1835
Act III,Scene I,Menenius,"Confusion's near; I cannot speak. You, tribunes",1836
Act III,Scene I,Menenius,"To the people! Coriolanus, patience!",1837
Act III,Scene I,Menenius,"Speak, good Sicinius.",1838
Act III,Scene I,Sicinius,"Hear me, people; peace!",1839
Act III,Scene I,Citizens,"Let's hear our tribune: peace Speak, speak, speak.",1840
Act III,Scene I,Sicinius,You are at point to lose your liberties:,1841
Act III,Scene I,Sicinius,"Marcius would have all from you; Marcius,",1842
Act III,Scene I,Sicinius,Whom late you have named for consul.,1843
Act III,Scene I,Menenius,"Fie, fie, fie!",1844
Act III,Scene I,Menenius,"This is the way to kindle, not to quench.",1845
Act III,Scene I,First Senator,To unbuild the city and to lay all flat.,1846
Act III,Scene I,Sicinius,What is the city but the people?,1847
Act III,Scene I,Citizens,"True,",1848
Act III,Scene I,Citizens,The people are the city.,1849
Act III,Scene I,Brutus,"By the consent of all, we were establish'd",1850
Act III,Scene I,Brutus,The people's magistrates.,1851
Act III,Scene I,Citizens,You so remain.,1852
Act III,Scene I,Menenius,And so are like to do.,1853
Act III,Scene I,Cominius,That is the way to lay the city flat;,1854
Act III,Scene I,Cominius,"To bring the roof to the foundation,",1855
Act III,Scene I,Cominius,"And bury all, which yet distinctly ranges,",1856
Act III,Scene I,Cominius,In heaps and piles of ruin.,1857
Act III,Scene I,Sicinius,This deserves death.,1858
Act III,Scene I,Brutus,"Or let us stand to our authority,",1859
Act III,Scene I,Brutus,"Or let us lose it. We do here pronounce,",1860
Act III,Scene I,Brutus,"Upon the part o' the people, in whose power",1861
Act III,Scene I,Brutus,"We were elected theirs, Marcius is worthy",1862
Act III,Scene I,Brutus,Of present death.,1863
Act III,Scene I,Sicinius,Therefore lay hold of him;,1864
Act III,Scene I,Sicinius,"Bear him to the rock Tarpeian, and from thence",1865
Act III,Scene I,Sicinius,Into destruction cast him.,1866
Act III,Scene I,Brutus,"AEdiles, seize him!",1867
Act III,Scene I,Citizens,"Yield, Marcius, yield!",1868
Act III,Scene I,Menenius,Hear me one word;,1869
Act III,Scene I,Menenius,"Beseech you, tribunes, hear me but a word.",1870
Act III,Scene I,Aedile,"Peace, peace!",1871
Act III,Scene I,Menenius,"[To BRUTUS]  Be that you seem, truly your",1872
Act III,Scene I,Menenius,"country's friend,",1873
Act III,Scene I,Menenius,And temperately proceed to what you would,1874
Act III,Scene I,Menenius,Thus violently redress.,1875
Act III,Scene I,Brutus,"Sir, those cold ways,",1876
Act III,Scene I,Brutus,"That seem like prudent helps, are very poisonous",1877
Act III,Scene I,Brutus,"Where the disease is violent. Lay hands upon him,",1878
Act III,Scene I,Brutus,And bear him to the rock.,1879
Act III,Scene I,Coriolanus,"No, I'll die here.",1880
Act III,Scene I,[stage direction],Drawing his sword,NA
Act III,Scene I,Coriolanus,There's some among you have beheld me fighting:,1881
Act III,Scene I,Coriolanus,"Come, try upon yourselves what you have seen me.",1882
Act III,Scene I,Menenius,"Down with that sword! Tribunes, withdraw awhile.",1883
Act III,Scene I,Brutus,Lay hands upon him.,1884
Act III,Scene I,Cominius,"Help Marcius, help,",1885
Act III,Scene I,Cominius,"You that be noble; help him, young and old!",1886
Act III,Scene I,Citizens,"Down with him, down with him!",1887
Act III,Scene I,[stage direction],"In this mutiny, the Tribunes, the AEdiles, and the People, are beat in",NA
Act III,Scene I,Menenius,"Go, get you to your house; be gone, away!",1888
Act III,Scene I,Menenius,All will be naught else.,1889
Act III,Scene I,Second Senator,Get you gone.,1890
Act III,Scene I,Cominius,Stand fast;,1891
Act III,Scene I,Cominius,We have as many friends as enemies.,1892
Act III,Scene I,Menenius,Sham it be put to that?,1893
Act III,Scene I,First Senator,The gods forbid!,1894
Act III,Scene I,First Senator,"I prithee, noble friend, home to thy house;",1895
Act III,Scene I,First Senator,Leave us to cure this cause.,1896
Act III,Scene I,Menenius,"For 'tis a sore upon us,",1897
Act III,Scene I,Menenius,"You cannot tent yourself: be gone, beseech you.",1898
Act III,Scene I,Cominius,"Come, sir, along with us.",1899
Act III,Scene I,Coriolanus,"I would they were barbarians--as they are,",1900
Act III,Scene I,Coriolanus,"Though in Rome litter'd--not Romans--as they are not,",1901
Act III,Scene I,Coriolanus,Though calved i' the porch o' the Capitol--,1902
Act III,Scene I,Menenius,Be gone;,1903
Act III,Scene I,Menenius,Put not your worthy rage into your tongue;,1904
Act III,Scene I,Menenius,One time will owe another.,1905
Act III,Scene I,Coriolanus,On fair ground,1906
Act III,Scene I,Coriolanus,I could beat forty of them.,1907
Act III,Scene I,Cominius,I could myself,1908
Act III,Scene I,Cominius,"Take up a brace o' the best of them; yea, the",1909
Act III,Scene I,Cominius,two tribunes:,1910
Act III,Scene I,Cominius,But now 'tis odds beyond arithmetic;,1911
Act III,Scene I,Cominius,"And manhood is call'd foolery, when it stands",1912
Act III,Scene I,Cominius,"Against a falling fabric. Will you hence,",1913
Act III,Scene I,Cominius,Before the tag return? whose rage doth rend,1914
Act III,Scene I,Cominius,Like interrupted waters and o'erbear,1915
Act III,Scene I,Cominius,What they are used to bear.,1916
Act III,Scene I,Menenius,"Pray you, be gone:",1917
Act III,Scene I,Menenius,I'll try whether my old wit be in request,1918
Act III,Scene I,Menenius,With those that have but little: this must be patch'd,1919
Act III,Scene I,Menenius,With cloth of any colour.,1920
Act III,Scene I,Cominius,"Nay, come away.",1921
Act III,Scene I,[stage direction],"Exeunt CORIOLANUS, COMINIUS, and others",NA
Act III,Scene I,A Patrician,This man has marr'd his fortune.,1922
Act III,Scene I,Menenius,His nature is too noble for the world:,1923
Act III,Scene I,Menenius,"He would not flatter Neptune for his trident,",1924
Act III,Scene I,Menenius,Or Jove for's power to thunder. His heart's his mouth:,1925
Act III,Scene I,Menenius,"What his breast forges, that his tongue must vent;",1926
Act III,Scene I,Menenius,"And, being angry, does forget that ever",1927
Act III,Scene I,Menenius,He heard the name of death.,1928
Act III,Scene I,[stage direction],A noise within,NA
Act III,Scene I,Menenius,Here's goodly work!,1929
Act III,Scene I,Second Patrician,I would they were abed!,1930
Act III,Scene I,Menenius,I would they were in Tiber! What the vengeance!,1931
Act III,Scene I,Menenius,Could he not speak 'em fair?,1932
Act III,Scene I,[stage direction],"Re-enter BRUTUS and SICINIUS, with the rabble",NA
Act III,Scene I,Sicinius,Where is this viper,1933
Act III,Scene I,Sicinius,That would depopulate the city and,1934
Act III,Scene I,Sicinius,Be every man himself?,1935
Act III,Scene I,Menenius,"You worthy tribunes,--",1936
Act III,Scene I,Sicinius,He shall be thrown down the Tarpeian rock,1937
Act III,Scene I,Sicinius,"With rigorous hands: he hath resisted law,",1938
Act III,Scene I,Sicinius,And therefore law shall scorn him further trial,1939
Act III,Scene I,Sicinius,Than the severity of the public power,1940
Act III,Scene I,Sicinius,Which he so sets at nought.,1941
Act III,Scene I,First Citizen,He shall well know,1942
Act III,Scene I,First Citizen,"The noble tribunes are the people's mouths,",1943
Act III,Scene I,First Citizen,And we their hands.,1944
Act III,Scene I,Citizens,"He shall, sure on't.",1945
Act III,Scene I,Menenius,"Sir, sir,--",1946
Act III,Scene I,Sicinius,Peace!,1947
Act III,Scene I,Menenius,"Do not cry havoc, where you should but hunt",1948
Act III,Scene I,Menenius,With modest warrant.,1949
Act III,Scene I,Sicinius,"Sir, how comes't that you",1950
Act III,Scene I,Sicinius,Have holp to make this rescue?,1951
Act III,Scene I,Menenius,Hear me speak:,1952
Act III,Scene I,Menenius,"As I do know the consul's worthiness,",1953
Act III,Scene I,Menenius,"So can I name his faults,--",1954
Act III,Scene I,Sicinius,Consul! what consul?,1955
Act III,Scene I,Menenius,The consul Coriolanus.,1956
Act III,Scene I,Brutus,He consul!,1957
Act III,Scene I,Citizens,"No, no, no, no, no.",1958
Act III,Scene I,Menenius,"If, by the tribunes' leave, and yours, good people,",1959
Act III,Scene I,Menenius,"I may be heard, I would crave a word or two;",1960
Act III,Scene I,Menenius,The which shall turn you to no further harm,1961
Act III,Scene I,Menenius,Than so much loss of time.,1962
Act III,Scene I,Sicinius,Speak briefly then;,1963
Act III,Scene I,Sicinius,For we are peremptory to dispatch,1964
Act III,Scene I,Sicinius,This viperous traitor: to eject him hence,1965
Act III,Scene I,Sicinius,"Were but one danger, and to keep him here",1966
Act III,Scene I,Sicinius,Our certain death: therefore it is decreed,1967
Act III,Scene I,Sicinius,He dies to-night.,1968
Act III,Scene I,Menenius,Now the good gods forbid,1969
Act III,Scene I,Menenius,"That our renowned Rome, whose gratitude",1970
Act III,Scene I,Menenius,Towards her deserved children is enroll'd,1971
Act III,Scene I,Menenius,"In Jove's own book, like an unnatural dam",1972
Act III,Scene I,Menenius,Should now eat up her own!,1973
Act III,Scene I,Sicinius,He's a disease that must be cut away.,1974
Act III,Scene I,Menenius,"O, he's a limb that has but a disease;",1975
Act III,Scene I,Menenius,"Mortal, to cut it off; to cure it, easy.",1976
Act III,Scene I,Menenius,What has he done to Rome that's worthy death?,1977
Act III,Scene I,Menenius,"Killing our enemies, the blood he hath lost--",1978
Act III,Scene I,Menenius,"Which, I dare vouch, is more than that he hath,",1979
Act III,Scene I,Menenius,By many an ounce--he dropp'd it for his country;,1980
Act III,Scene I,Menenius,"And what is left, to lose it by his country,",1981
Act III,Scene I,Menenius,"Were to us all, that do't and suffer it,",1982
Act III,Scene I,Menenius,A brand to the end o' the world.,1983
Act III,Scene I,Sicinius,This is clean kam.,1984
Act III,Scene I,Brutus,"Merely awry: when he did love his country,",1985
Act III,Scene I,Brutus,It honour'd him.,1986
Act III,Scene I,Menenius,The service of the foot,1987
Act III,Scene I,Menenius,"Being once gangrened, is not then respected",1988
Act III,Scene I,Menenius,For what before it was.,1989
Act III,Scene I,Brutus,We'll hear no more.,1990
Act III,Scene I,Brutus,"Pursue him to his house, and pluck him thence:",1991
Act III,Scene I,Brutus,"Lest his infection, being of catching nature,",1992
Act III,Scene I,Brutus,Spread further.,1993
Act III,Scene I,Menenius,"One word more, one word.",1994
Act III,Scene I,Menenius,"This tiger-footed rage, when it shall find",1995
Act III,Scene I,Menenius,"The harm of unscann'd swiftness, will too late",1996
Act III,Scene I,Menenius,Tie leaden pounds to's heels. Proceed by process;,1997
Act III,Scene I,Menenius,"Lest parties, as he is beloved, break out,",1998
Act III,Scene I,Menenius,And sack great Rome with Romans.,1999
Act III,Scene I,Brutus,"If it were so,--",2000
Act III,Scene I,Sicinius,What do ye talk?,2001
Act III,Scene I,Sicinius,Have we not had a taste of his obedience?,2002
Act III,Scene I,Sicinius,Our aediles smote? ourselves resisted? Come.,2003
Act III,Scene I,Menenius,Consider this: he has been bred i' the wars,2004
Act III,Scene I,Menenius,"Since he could draw a sword, and is ill school'd",2005
Act III,Scene I,Menenius,In bolted language; meal and bran together,2006
Act III,Scene I,Menenius,"He throws without distinction. Give me leave,",2007
Act III,Scene I,Menenius,"I'll go to him, and undertake to bring him",2008
Act III,Scene I,Menenius,"Where he shall answer, by a lawful form,",2009
Act III,Scene I,Menenius,"In peace, to his utmost peril.",2010
Act III,Scene I,First Senator,"Noble tribunes,",2011
Act III,Scene I,First Senator,It is the humane way: the other course,2012
Act III,Scene I,First Senator,"Will prove too bloody, and the end of it",2013
Act III,Scene I,First Senator,Unknown to the beginning.,2014
Act III,Scene I,Sicinius,"Noble Menenius,",2015
Act III,Scene I,Sicinius,Be you then as the people's officer.,2016
Act III,Scene I,Sicinius,"Masters, lay down your weapons.",2017
Act III,Scene I,Brutus,Go not home.,2018
Act III,Scene I,Sicinius,Meet on the market-place. We'll attend you there:,2019
Act III,Scene I,Sicinius,"Where, if you bring not Marcius, we'll proceed",2020
Act III,Scene I,Sicinius,In our first way.,2021
Act III,Scene I,Menenius,I'll bring him to you.,2022
Act III,Scene I,[stage direction],To the Senators,NA
Act III,Scene I,Menenius,"Let me desire your company: he must come,",2023
Act III,Scene I,Menenius,Or what is worst will follow.,2024
Act III,Scene I,First Senator,"Pray you, let's to him.",2025
Act III,Scene I,[stage direction],Exeunt,NA
Act III,Scene II,[stage direction],Enter CORIOLANUS with Patricians,NA
Act III,Scene II,Coriolanus,"Let them puff all about mine ears, present me",2026
Act III,Scene II,Coriolanus,"Death on the wheel or at wild horses' heels,",2027
Act III,Scene II,Coriolanus,"Or pile ten hills on the Tarpeian rock,",2028
Act III,Scene II,Coriolanus,That the precipitation might down stretch,2029
Act III,Scene II,Coriolanus,"Below the beam of sight, yet will I still",2030
Act III,Scene II,Coriolanus,Be thus to them.,2031
Act III,Scene II,A Patrician,You do the nobler.,2032
Act III,Scene II,Coriolanus,I muse my mother,2033
Act III,Scene II,Coriolanus,"Does not approve me further, who was wont",2034
Act III,Scene II,Coriolanus,"To call them woollen vassals, things created",2035
Act III,Scene II,Coriolanus,"To buy and sell with groats, to show bare heads",2036
Act III,Scene II,Coriolanus,"In congregations, to yawn, be still and wonder,",2037
Act III,Scene II,Coriolanus,When one but of my ordinance stood up,2038
Act III,Scene II,Coriolanus,To speak of peace or war.,2039
Act III,Scene II,[stage direction],Enter VOLUMNIA,NA
Act III,Scene II,Coriolanus,I talk of you:,2040
Act III,Scene II,Coriolanus,Why did you wish me milder? would you have me,2041
Act III,Scene II,Coriolanus,False to my nature? Rather say I play,2042
Act III,Scene II,Coriolanus,The man I am.,2043
Act III,Scene II,Volumnia,"O, sir, sir, sir,",2044
Act III,Scene II,Volumnia,"I would have had you put your power well on,",2045
Act III,Scene II,Volumnia,Before you had worn it out.,2046
Act III,Scene II,Coriolanus,Let go.,2047
Act III,Scene II,Volumnia,"You might have been enough the man you are,",2048
Act III,Scene II,Volumnia,With striving less to be so; lesser had been,2049
Act III,Scene II,Volumnia,"The thwartings of your dispositions, if",2050
Act III,Scene II,Volumnia,You had not show'd them how ye were disposed,2051
Act III,Scene II,Volumnia,Ere they lack'd power to cross you.,2052
Act III,Scene II,Coriolanus,Let them hang.,2053
Act III,Scene II,A Patrician,"Ay, and burn too.",2054
Act III,Scene II,[stage direction],Enter MENENIUS and Senators,NA
Act III,Scene II,Menenius,"Come, come, you have been too rough, something",2055
Act III,Scene II,Menenius,too rough;,2056
Act III,Scene II,Menenius,You must return and mend it.,2057
Act III,Scene II,First Senator,There's no remedy;,2058
Act III,Scene II,First Senator,"Unless, by not so doing, our good city",2059
Act III,Scene II,First Senator,"Cleave in the midst, and perish.",2060
Act III,Scene II,Volumnia,"Pray, be counsell'd:",2061
Act III,Scene II,Volumnia,"I have a heart as little apt as yours,",2062
Act III,Scene II,Volumnia,But yet a brain that leads my use of anger,2063
Act III,Scene II,Volumnia,To better vantage.,2064
Act III,Scene II,Menenius,"Well said, noble woman?",2065
Act III,Scene II,Menenius,"Before he should thus stoop to the herd, but that",2066
Act III,Scene II,Menenius,The violent fit o' the time craves it as physic,2067
Act III,Scene II,Menenius,"For the whole state, I would put mine armour on,",2068
Act III,Scene II,Menenius,Which I can scarcely bear.,2069
Act III,Scene II,Coriolanus,What must I do?,2070
Act III,Scene II,Menenius,Return to the tribunes.,2071
Act III,Scene II,Coriolanus,"Well, what then? what then?",2072
Act III,Scene II,Menenius,Repent what you have spoke.,2073
Act III,Scene II,Coriolanus,For them! I cannot do it to the gods;,2074
Act III,Scene II,Coriolanus,Must I then do't to them?,2075
Act III,Scene II,Volumnia,You are too absolute;,2076
Act III,Scene II,Volumnia,"Though therein you can never be too noble,",2077
Act III,Scene II,Volumnia,"But when extremities speak. I have heard you say,",2078
Act III,Scene II,Volumnia,"Honour and policy, like unsever'd friends,",2079
Act III,Scene II,Volumnia,"I' the war do grow together: grant that, and tell me,",2080
Act III,Scene II,Volumnia,"In peace what each of them by the other lose,",2081
Act III,Scene II,Volumnia,That they combine not there.,2082
Act III,Scene II,Coriolanus,"Tush, tush!",2083
Act III,Scene II,Menenius,A good demand.,2084
Act III,Scene II,Volumnia,If it be honour in your wars to seem,2085
Act III,Scene II,Volumnia,"The same you are not, which, for your best ends,",2086
Act III,Scene II,Volumnia,"You adopt your policy, how is it less or worse,",2087
Act III,Scene II,Volumnia,That it shall hold companionship in peace,2088
Act III,Scene II,Volumnia,"With honour, as in war, since that to both",2089
Act III,Scene II,Volumnia,It stands in like request?,2090
Act III,Scene II,Coriolanus,Why force you this?,2091
Act III,Scene II,Volumnia,Because that now it lies you on to speak,2092
Act III,Scene II,Volumnia,"To the people; not by your own instruction,",2093
Act III,Scene II,Volumnia,"Nor by the matter which your heart prompts you,",2094
Act III,Scene II,Volumnia,But with such words that are but rooted in,2095
Act III,Scene II,Volumnia,"Your tongue, though but bastards and syllables",2096
Act III,Scene II,Volumnia,Of no allowance to your bosom's truth.,2097
Act III,Scene II,Volumnia,"Now, this no more dishonours you at all",2098
Act III,Scene II,Volumnia,"Than to take in a town with gentle words,",2099
Act III,Scene II,Volumnia,Which else would put you to your fortune and,2100
Act III,Scene II,Volumnia,The hazard of much blood.,2101
Act III,Scene II,Volumnia,I would dissemble with my nature where,2102
Act III,Scene II,Volumnia,My fortunes and my friends at stake required,2103
Act III,Scene II,Volumnia,"I should do so in honour: I am in this,",2104
Act III,Scene II,Volumnia,"Your wife, your son, these senators, the nobles;",2105
Act III,Scene II,Volumnia,And you will rather show our general louts,2106
Act III,Scene II,Volumnia,"How you can frown than spend a fawn upon 'em,",2107
Act III,Scene II,Volumnia,For the inheritance of their loves and safeguard,2108
Act III,Scene II,Volumnia,Of what that want might ruin.,2109
Act III,Scene II,Menenius,Noble lady!,2110
Act III,Scene II,Menenius,"Come, go with us; speak fair: you may salve so,",2111
Act III,Scene II,Menenius,"Not what is dangerous present, but the loss",2112
Act III,Scene II,Menenius,Of what is past.,2113
Act III,Scene II,Volumnia,"I prithee now, my son,",2114
Act III,Scene II,Volumnia,"Go to them, with this bonnet in thy hand;",2115
Act III,Scene II,Volumnia,And thus far having stretch'd it--here be with them--,2116
Act III,Scene II,Volumnia,Thy knee bussing the stones--for in such business,2117
Act III,Scene II,Volumnia,"Action is eloquence, and the eyes of the ignorant",2118
Act III,Scene II,Volumnia,"More learned than the ears--waving thy head,",2119
Act III,Scene II,Volumnia,"Which often, thus, correcting thy stout heart,",2120
Act III,Scene II,Volumnia,Now humble as the ripest mulberry,2121
Act III,Scene II,Volumnia,"That will not hold the handling: or say to them,",2122
Act III,Scene II,Volumnia,"Thou art their soldier, and being bred in broils",2123
Act III,Scene II,Volumnia,"Hast not the soft way which, thou dost confess,",2124
Act III,Scene II,Volumnia,"Were fit for thee to use as they to claim,",2125
Act III,Scene II,Volumnia,"In asking their good loves, but thou wilt frame",2126
Act III,Scene II,Volumnia,"Thyself, forsooth, hereafter theirs, so far",2127
Act III,Scene II,Volumnia,As thou hast power and person.,2128
Act III,Scene II,Menenius,"This but done,",2129
Act III,Scene II,Menenius,"Even as she speaks, why, their hearts were yours;",2130
Act III,Scene II,Menenius,"For they have pardons, being ask'd, as free",2131
Act III,Scene II,Menenius,As words to little purpose.,2132
Act III,Scene II,Volumnia,"Prithee now,",2133
Act III,Scene II,Volumnia,"Go, and be ruled: although I know thou hadst rather",2134
Act III,Scene II,Volumnia,Follow thine enemy in a fiery gulf,2135
Act III,Scene II,Volumnia,Than flatter him in a bower. Here is Cominius.,2136
Act III,Scene II,[stage direction],Enter COMINIUS,NA
Act III,Scene II,Cominius,"I have been i' the market-place; and, sir,'tis fit",2137
Act III,Scene II,Cominius,"You make strong party, or defend yourself",2138
Act III,Scene II,Cominius,By calmness or by absence: all's in anger.,2139
Act III,Scene II,Menenius,Only fair speech.,2140
Act III,Scene II,Cominius,"I think 'twill serve, if he",2141
Act III,Scene II,Cominius,Can thereto frame his spirit.,2142
Act III,Scene II,Volumnia,"He must, and will",2143
Act III,Scene II,Volumnia,"Prithee now, say you will, and go about it.",2144
Act III,Scene II,Coriolanus,Must I go show them my unbarbed sconce?,2145
Act III,Scene II,Coriolanus,Must I with base tongue give my noble heart,2146
Act III,Scene II,Coriolanus,"A lie that it must bear? Well, I will do't:",2147
Act III,Scene II,Coriolanus,"Yet, were there but this single plot to lose,",2148
Act III,Scene II,Coriolanus,"This mould of Marcius, they to dust should grind it",2149
Act III,Scene II,Coriolanus,And throw't against the wind. To the market-place!,2150
Act III,Scene II,Coriolanus,You have put me now to such a part which never,2151
Act III,Scene II,Coriolanus,I shall discharge to the life.,2152
Act III,Scene II,Cominius,"Come, come, we'll prompt you.",2153
Act III,Scene II,Volumnia,"I prithee now, sweet son, as thou hast said",2154
Act III,Scene II,Volumnia,"My praises made thee first a soldier, so,",2155
Act III,Scene II,Volumnia,"To have my praise for this, perform a part",2156
Act III,Scene II,Volumnia,Thou hast not done before.,2157
Act III,Scene II,Coriolanus,"Well, I must do't:",2158
Act III,Scene II,Coriolanus,"Away, my disposition, and possess me",2159
Act III,Scene II,Coriolanus,"Some harlot's spirit! my throat of war be turn'd,",2160
Act III,Scene II,Coriolanus,"Which quired with my drum, into a pipe",2161
Act III,Scene II,Coriolanus,"Small as an eunuch, or the virgin voice",2162
Act III,Scene II,Coriolanus,That babies lulls asleep! the smiles of knaves,2163
Act III,Scene II,Coriolanus,"Tent in my cheeks, and schoolboys' tears take up",2164
Act III,Scene II,Coriolanus,The glasses of my sight! a beggar's tongue,2165
Act III,Scene II,Coriolanus,"Make motion through my lips, and my arm'd knees,",2166
Act III,Scene II,Coriolanus,"Who bow'd but in my stirrup, bend like his",2167
Act III,Scene II,Coriolanus,"That hath received an alms! I will not do't,",2168
Act III,Scene II,Coriolanus,Lest I surcease to honour mine own truth,2169
Act III,Scene II,Coriolanus,And by my body's action teach my mind,2170
Act III,Scene II,Coriolanus,A most inherent baseness.,2171
Act III,Scene II,Volumnia,"At thy choice, then:",2172
Act III,Scene II,Volumnia,"To beg of thee, it is my more dishonour",2173
Act III,Scene II,Volumnia,Than thou of them. Come all to ruin; let,2174
Act III,Scene II,Volumnia,Thy mother rather feel thy pride than fear,2175
Act III,Scene II,Volumnia,"Thy dangerous stoutness, for I mock at death",2176
Act III,Scene II,Volumnia,With as big heart as thou. Do as thou list,2177
Act III,Scene II,Volumnia,"Thy valiantness was mine, thou suck'dst it from me,",2178
Act III,Scene II,Volumnia,But owe thy pride thyself.,2179
Act III,Scene II,Coriolanus,"Pray, be content:",2180
Act III,Scene II,Coriolanus,"Mother, I am going to the market-place;",2181
Act III,Scene II,Coriolanus,"Chide me no more. I'll mountebank their loves,",2182
Act III,Scene II,Coriolanus,"Cog their hearts from them, and come home beloved",2183
Act III,Scene II,Coriolanus,"Of all the trades in Rome. Look, I am going:",2184
Act III,Scene II,Coriolanus,Commend me to my wife. I'll return consul;,2185
Act III,Scene II,Coriolanus,Or never trust to what my tongue can do,2186
Act III,Scene II,Coriolanus,I' the way of flattery further.,2187
Act III,Scene II,Volumnia,Do your will.,2188
Act III,Scene II,[stage direction],Exit,NA
Act III,Scene II,Cominius,Away! the tribunes do attend you: arm yourself,2189
Act III,Scene II,Cominius,To answer mildly; for they are prepared,2190
Act III,Scene II,Cominius,"With accusations, as I hear, more strong",2191
Act III,Scene II,Cominius,Than are upon you yet.,2192
Act III,Scene II,Coriolanus,"The word is 'mildly.' Pray you, let us go:",2193
Act III,Scene II,Coriolanus,"Let them accuse me by invention, I",2194
Act III,Scene II,Coriolanus,Will answer in mine honour.,2195
Act III,Scene II,Menenius,"Ay, but mildly.",2196
Act III,Scene II,Coriolanus,"Well, mildly be it then. Mildly!",2197
Act III,Scene II,[stage direction],Exeunt,NA
Act III,Scene III,[stage direction],Enter SICINIUS and BRUTUS,NA
Act III,Scene III,Brutus,"In this point charge him home, that he affects",2198
Act III,Scene III,Brutus,"Tyrannical power: if he evade us there,",2199
Act III,Scene III,Brutus,"Enforce him with his envy to the people,",2200
Act III,Scene III,Brutus,And that the spoil got on the Antiates,2201
Act III,Scene III,Brutus,Was ne'er distributed.,2202
Act III,Scene III,[stage direction],Enter an AEdile,NA
Act III,Scene III,Brutus,"What, will he come?",2203
Act III,Scene III,Aedile,He's coming.,2204
Act III,Scene III,Brutus,How accompanied?,2205
Act III,Scene III,Aedile,"With old Menenius, and those senators",2206
Act III,Scene III,Aedile,That always favour'd him.,2207
Act III,Scene III,Sicinius,Have you a catalogue,2208
Act III,Scene III,Sicinius,Of all the voices that we have procured,2209
Act III,Scene III,Sicinius,Set down by the poll?,2210
Act III,Scene III,Aedile,I have; 'tis ready.,2211
Act III,Scene III,Sicinius,Have you collected them by tribes?,2212
Act III,Scene III,Aedile,I have.,2213
Act III,Scene III,Sicinius,Assemble presently the people hither;,2214
Act III,Scene III,Sicinius,And when they bear me say 'It shall be so,2215
Act III,Scene III,Sicinius,"I' the right and strength o' the commons,' be it either",2216
Act III,Scene III,Sicinius,"For death, for fine, or banishment, then let them",2217
Act III,Scene III,Sicinius,"If I say fine, cry 'Fine;' if death, cry 'Death.'",2218
Act III,Scene III,Sicinius,Insisting on the old prerogative,2219
Act III,Scene III,Sicinius,And power i' the truth o' the cause.,2220
Act III,Scene III,Aedile,I shall inform them.,2221
Act III,Scene III,Brutus,"And when such time they have begun to cry,",2222
Act III,Scene III,Brutus,"Let them not cease, but with a din confused",2223
Act III,Scene III,Brutus,Enforce the present execution,2224
Act III,Scene III,Brutus,Of what we chance to sentence.,2225
Act III,Scene III,Aedile,Very well.,2226
Act III,Scene III,Sicinius,"Make them be strong and ready for this hint,",2227
Act III,Scene III,Sicinius,When we shall hap to give 't them.,2228
Act III,Scene III,Brutus,Go about it.,2229
Act III,Scene III,[stage direction],Exit AEdile,NA
Act III,Scene III,Brutus,Put him to choler straight: he hath been used,2230
Act III,Scene III,Brutus,"Ever to conquer, and to have his worth",2231
Act III,Scene III,Brutus,"Of contradiction: being once chafed, he cannot",2232
Act III,Scene III,Brutus,Be rein'd again to temperance; then he speaks,2233
Act III,Scene III,Brutus,What's in his heart; and that is there which looks,2234
Act III,Scene III,Brutus,With us to break his neck.,2235
Act III,Scene III,Sicinius,"Well, here he comes.",2236
Act III,Scene III,[stage direction],"Enter CORIOLANUS, MENENIUS, and COMINIUS, with Senators and Patricians",NA
Act III,Scene III,Menenius,"Calmly, I do beseech you.",2237
Act III,Scene III,Coriolanus,"Ay, as an ostler, that for the poorest piece",2238
Act III,Scene III,Coriolanus,Will bear the knave by the volume. The honour'd gods,2239
Act III,Scene III,Coriolanus,"Keep Rome in safety, and the chairs of justice",2240
Act III,Scene III,Coriolanus,Supplied with worthy men! plant love among 's!,2241
Act III,Scene III,Coriolanus,"Throng our large temples with the shows of peace,",2242
Act III,Scene III,Coriolanus,And not our streets with war!,2243
Act III,Scene III,First Senator,"Amen, amen.",2244
Act III,Scene III,Menenius,A noble wish.,2245
Act III,Scene III,[stage direction],"Re-enter AEdile, with Citizens",NA
Act III,Scene III,Sicinius,"Draw near, ye people.",2246
Act III,Scene III,Aedile,"List to your tribunes. Audience: peace, I say!",2247
Act III,Scene III,Coriolanus,"First, hear me speak.",2248
Act III,Scene III,Both Tribunes,"Well, say. Peace, ho!",2249
Act III,Scene III,Coriolanus,Shall I be charged no further than this present?,2250
Act III,Scene III,Coriolanus,Must all determine here?,2251
Act III,Scene III,Sicinius,"I do demand,",2252
Act III,Scene III,Sicinius,"If you submit you to the people's voices,",2253
Act III,Scene III,Sicinius,Allow their officers and are content,2254
Act III,Scene III,Sicinius,To suffer lawful censure for such faults,2255
Act III,Scene III,Sicinius,As shall be proved upon you?,2256
Act III,Scene III,Coriolanus,I am content.,2257
Act III,Scene III,Menenius,"Lo, citizens, he says he is content:",2258
Act III,Scene III,Menenius,"The warlike service he has done, consider; think",2259
Act III,Scene III,Menenius,"Upon the wounds his body bears, which show",2260
Act III,Scene III,Menenius,Like graves i' the holy churchyard.,2261
Act III,Scene III,Coriolanus,"Scratches with briers,",2262
Act III,Scene III,Coriolanus,Scars to move laughter only.,2263
Act III,Scene III,Menenius,"Consider further,",2264
Act III,Scene III,Menenius,"That when he speaks not like a citizen,",2265
Act III,Scene III,Menenius,You find him like a soldier: do not take,2266
Act III,Scene III,Menenius,"His rougher accents for malicious sounds,",2267
Act III,Scene III,Menenius,"But, as I say, such as become a soldier,",2268
Act III,Scene III,Menenius,Rather than envy you.,2269
Act III,Scene III,Cominius,"Well, well, no more.",2270
Act III,Scene III,Coriolanus,What is the matter,2271
Act III,Scene III,Coriolanus,"That being pass'd for consul with full voice,",2272
Act III,Scene III,Coriolanus,I am so dishonour'd that the very hour,2273
Act III,Scene III,Coriolanus,You take it off again?,2274
Act III,Scene III,Sicinius,Answer to us.,2275
Act III,Scene III,Coriolanus,"Say, then: 'tis true, I ought so.",2276
Act III,Scene III,Sicinius,"We charge you, that you have contrived to take",2277
Act III,Scene III,Sicinius,From Rome all season'd office and to wind,2278
Act III,Scene III,Sicinius,Yourself into a power tyrannical;,2279
Act III,Scene III,Sicinius,For which you are a traitor to the people.,2280
Act III,Scene III,Coriolanus,How! traitor!,2281
Act III,Scene III,Menenius,"Nay, temperately; your promise.",2282
Act III,Scene III,Coriolanus,The fires i' the lowest hell fold-in the people!,2283
Act III,Scene III,Coriolanus,Call me their traitor! Thou injurious tribune!,2284
Act III,Scene III,Coriolanus,"Within thine eyes sat twenty thousand deaths,",2285
Act III,Scene III,Coriolanus,"In thy hand clutch'd as many millions, in",2286
Act III,Scene III,Coriolanus,"Thy lying tongue both numbers, I would say",2287
Act III,Scene III,Coriolanus,'Thou liest' unto thee with a voice as free,2288
Act III,Scene III,Coriolanus,As I do pray the gods.,2289
Act III,Scene III,Sicinius,"Mark you this, people?",2290
Act III,Scene III,Citizens,"To the rock, to the rock with him!",2291
Act III,Scene III,Sicinius,Peace!,2292
Act III,Scene III,Sicinius,We need not put new matter to his charge:,2293
Act III,Scene III,Sicinius,"What you have seen him do and heard him speak,",2294
Act III,Scene III,Sicinius,"Beating your officers, cursing yourselves,",2295
Act III,Scene III,Sicinius,Opposing laws with strokes and here defying,2296
Act III,Scene III,Sicinius,"Those whose great power must try him; even this,",2297
Act III,Scene III,Sicinius,"So criminal and in such capital kind,",2298
Act III,Scene III,Sicinius,Deserves the extremest death.,2299
Act III,Scene III,Brutus,But since he hath,2300
Act III,Scene III,Brutus,"Served well for Rome,--",2301
Act III,Scene III,Coriolanus,What do you prate of service?,2302
Act III,Scene III,Brutus,"I talk of that, that know it.",2303
Act III,Scene III,Coriolanus,You?,2304
Act III,Scene III,Menenius,Is this the promise that you made your mother?,2305
Act III,Scene III,Cominius,"Know, I pray you,--",2306
Act III,Scene III,Coriolanus,I know no further:,2307
Act III,Scene III,Coriolanus,"Let them pronounce the steep Tarpeian death,",2308
Act III,Scene III,Coriolanus,"Vagabond exile, raying, pent to linger",2309
Act III,Scene III,Coriolanus,"But with a grain a day, I would not buy",2310
Act III,Scene III,Coriolanus,Their mercy at the price of one fair word;,2311
Act III,Scene III,Coriolanus,"Nor cheque my courage for what they can give,",2312
Act III,Scene III,Coriolanus,To have't with saying 'Good morrow.',2313
Act III,Scene III,Sicinius,"For that he has,",2314
Act III,Scene III,Sicinius,"As much as in him lies, from time to time",2315
Act III,Scene III,Sicinius,"Envied against the people, seeking means",2316
Act III,Scene III,Sicinius,"To pluck away their power, as now at last",2317
Act III,Scene III,Sicinius,"Given hostile strokes, and that not in the presence",2318
Act III,Scene III,Sicinius,"Of dreaded justice, but on the ministers",2319
Act III,Scene III,Sicinius,That do distribute it; in the name o' the people,2320
Act III,Scene III,Sicinius,"And in the power of us the tribunes, we,",2321
Act III,Scene III,Sicinius,"Even from this instant, banish him our city,",2322
Act III,Scene III,Sicinius,In peril of precipitation,2323
Act III,Scene III,Sicinius,From off the rock Tarpeian never more,2324
Act III,Scene III,Sicinius,"To enter our Rome gates: i' the people's name,",2325
Act III,Scene III,Sicinius,I say it shall be so.,2326
Act III,Scene III,Citizens,"It shall be so, it shall be so; let him away:",2327
Act III,Scene III,Citizens,"He's banish'd, and it shall be so.",2328
Act III,Scene III,Cominius,"Hear me, my masters, and my common friends,--",2329
Act III,Scene III,Sicinius,He's sentenced; no more hearing.,2330
Act III,Scene III,Cominius,Let me speak:,2331
Act III,Scene III,Cominius,"I have been consul, and can show for Rome",2332
Act III,Scene III,Cominius,Her enemies' marks upon me. I do love,2333
Act III,Scene III,Cominius,"My country's good with a respect more tender,",2334
Act III,Scene III,Cominius,"More holy and profound, than mine own life,",2335
Act III,Scene III,Cominius,"My dear wife's estimate, her womb's increase,",2336
Act III,Scene III,Cominius,And treasure of my loins; then if I would,2337
Act III,Scene III,Cominius,"Speak that,--",2338
Act III,Scene III,Sicinius,We know your drift: speak what?,2339
Act III,Scene III,Brutus,"There's no more to be said, but he is banish'd,",2340
Act III,Scene III,Brutus,As enemy to the people and his country:,2341
Act III,Scene III,Brutus,It shall be so.,2342
Act III,Scene III,Citizens,"It shall be so, it shall be so.",2343
Act III,Scene III,Coriolanus,You common cry of curs! whose breath I hate,2344
Act III,Scene III,Coriolanus,"As reek o' the rotten fens, whose loves I prize",2345
Act III,Scene III,Coriolanus,As the dead carcasses of unburied men,2346
Act III,Scene III,Coriolanus,"That do corrupt my air, I banish you;",2347
Act III,Scene III,Coriolanus,And here remain with your uncertainty!,2348
Act III,Scene III,Coriolanus,Let every feeble rumour shake your hearts!,2349
Act III,Scene III,Coriolanus,"Your enemies, with nodding of their plumes,",2350
Act III,Scene III,Coriolanus,Fan you into despair! Have the power still,2351
Act III,Scene III,Coriolanus,To banish your defenders; till at length,2352
Act III,Scene III,Coriolanus,"Your ignorance, which finds not till it feels,",2353
Act III,Scene III,Coriolanus,"Making not reservation of yourselves,",2354
Act III,Scene III,Coriolanus,"Still your own foes, deliver you as most",2355
Act III,Scene III,Coriolanus,Abated captives to some nation,2356
Act III,Scene III,Coriolanus,"That won you without blows! Despising,",2357
Act III,Scene III,Coriolanus,"For you, the city, thus I turn my back:",2358
Act III,Scene III,Coriolanus,There is a world elsewhere.,2359
Act III,Scene III,[stage direction],"Exeunt CORIOLANUS, COMINIUS, MENENIUS, Senators, and Patricians",NA
Act III,Scene III,Aedile,"The people's enemy is gone, is gone!",2360
Act III,Scene III,Citizens,Our enemy is banish'd! he is gone! Hoo! hoo!,2361
Act III,Scene III,[stage direction],"Shouting, and throwing up their caps",NA
Act III,Scene III,Sicinius,"Go, see him out at gates, and follow him,",2362
Act III,Scene III,Sicinius,"As he hath followed you, with all despite;",2363
Act III,Scene III,Sicinius,Give him deserved vexation. Let a guard,2364
Act III,Scene III,Sicinius,Attend us through the city.,2365
Act III,Scene III,Citizens,"Come, come; let's see him out at gates; come.",2366
Act III,Scene III,Citizens,The gods preserve our noble tribunes! Come.,2367
Act III,Scene III,[stage direction],Exeunt,NA
Act IV,Scene I,[stage direction],"Enter CORIOLANUS, VOLUMNIA, VIRGILIA, MENENIUS, COMINIUS, with the young Nobility of Rome",NA
Act IV,Scene I,Coriolanus,"Come, leave your tears: a brief farewell: the beast",2368
Act IV,Scene I,Coriolanus,"With many heads butts me away. Nay, mother,",2369
Act IV,Scene I,Coriolanus,Where is your ancient courage? you were used,2370
Act IV,Scene I,Coriolanus,To say extremity was the trier of spirits;,2371
Act IV,Scene I,Coriolanus,That common chances common men could bear;,2372
Act IV,Scene I,Coriolanus,That when the sea was calm all boats alike,2373
Act IV,Scene I,Coriolanus,"Show'd mastership in floating; fortune's blows,",2374
Act IV,Scene I,Coriolanus,"When most struck home, being gentle wounded, craves",2375
Act IV,Scene I,Coriolanus,A noble cunning: you were used to load me,2376
Act IV,Scene I,Coriolanus,With precepts that would make invincible,2377
Act IV,Scene I,Coriolanus,The heart that conn'd them.,2378
Act IV,Scene I,Virgilia,O heavens! O heavens!,2379
Act IV,Scene I,Coriolanus,"Nay! prithee, woman,--",2380
Act IV,Scene I,Volumnia,"Now the red pestilence strike all trades in Rome,",2381
Act IV,Scene I,Volumnia,And occupations perish!,2382
Act IV,Scene I,Coriolanus,"What, what, what!",2383
Act IV,Scene I,Coriolanus,"I shall be loved when I am lack'd. Nay, mother.",2384
Act IV,Scene I,Coriolanus,"Resume that spirit, when you were wont to say,",2385
Act IV,Scene I,Coriolanus,"If you had been the wife of Hercules,",2386
Act IV,Scene I,Coriolanus,"Six of his labours you'ld have done, and saved",2387
Act IV,Scene I,Coriolanus,"Your husband so much sweat. Cominius,",2388
Act IV,Scene I,Coriolanus,"Droop not; adieu. Farewell, my wife, my mother:",2389
Act IV,Scene I,Coriolanus,"I'll do well yet. Thou old and true Menenius,",2390
Act IV,Scene I,Coriolanus,"Thy tears are salter than a younger man's,",2391
Act IV,Scene I,Coriolanus,"And venomous to thine eyes. My sometime general,",2392
Act IV,Scene I,Coriolanus,"I have seen thee stem, and thou hast oft beheld",2393
Act IV,Scene I,Coriolanus,Heart-hardening spectacles; tell these sad women,2394
Act IV,Scene I,Coriolanus,"'Tis fond to wail inevitable strokes,",2395
Act IV,Scene I,Coriolanus,"As 'tis to laugh at 'em. My mother, you wot well",2396
Act IV,Scene I,Coriolanus,My hazards still have been your solace: and,2397
Act IV,Scene I,Coriolanus,"Believe't not lightly--though I go alone,",2398
Act IV,Scene I,Coriolanus,"Like to a lonely dragon, that his fen",2399
Act IV,Scene I,Coriolanus,Makes fear'd and talk'd of more than seen--your son,2400
Act IV,Scene I,Coriolanus,Will or exceed the common or be caught,2401
Act IV,Scene I,Coriolanus,With cautelous baits and practise.,2402
Act IV,Scene I,Volumnia,My first son.,2403
Act IV,Scene I,Volumnia,Whither wilt thou go? Take good Cominius,2404
Act IV,Scene I,Volumnia,"With thee awhile: determine on some course,",2405
Act IV,Scene I,Volumnia,More than a wild exposture to each chance,2406
Act IV,Scene I,Volumnia,That starts i' the way before thee.,2407
Act IV,Scene I,Coriolanus,O the gods!,2408
Act IV,Scene I,Cominius,"I'll follow thee a month, devise with thee",2409
Act IV,Scene I,Cominius,"Where thou shalt rest, that thou mayst hear of us",2410
Act IV,Scene I,Cominius,And we of thee: so if the time thrust forth,2411
Act IV,Scene I,Cominius,"A cause for thy repeal, we shall not send",2412
Act IV,Scene I,Cominius,"O'er the vast world to seek a single man,",2413
Act IV,Scene I,Cominius,"And lose advantage, which doth ever cool",2414
Act IV,Scene I,Cominius,I' the absence of the needer.,2415
Act IV,Scene I,Coriolanus,Fare ye well:,2416
Act IV,Scene I,Coriolanus,Thou hast years upon thee; and thou art too full,2417
Act IV,Scene I,Coriolanus,"Of the wars' surfeits, to go rove with one",2418
Act IV,Scene I,Coriolanus,That's yet unbruised: bring me but out at gate.,2419
Act IV,Scene I,Coriolanus,"Come, my sweet wife, my dearest mother, and",2420
Act IV,Scene I,Coriolanus,"My friends of noble touch, when I am forth,",2421
Act IV,Scene I,Coriolanus,"Bid me farewell, and smile. I pray you, come.",2422
Act IV,Scene I,Coriolanus,"While I remain above the ground, you shall",2423
Act IV,Scene I,Coriolanus,"Hear from me still, and never of me aught",2424
Act IV,Scene I,Coriolanus,But what is like me formerly.,2425
Act IV,Scene I,Menenius,That's worthily,2426
Act IV,Scene I,Menenius,"As any ear can hear. Come, let's not weep.",2427
Act IV,Scene I,Menenius,If I could shake off but one seven years,2428
Act IV,Scene I,Menenius,"From these old arms and legs, by the good gods,",2429
Act IV,Scene I,Menenius,I'ld with thee every foot.,2430
Act IV,Scene I,Coriolanus,Give me thy hand: Come.,2431
Act IV,Scene I,[stage direction],Exeunt,NA
Act IV,Scene II,[stage direction],"Enter SICINIUS, BRUTUS, and an AEdile",NA
Act IV,Scene II,Sicinius,"Bid them all home; he's gone, and we'll no further.",2432
Act IV,Scene II,Sicinius,"The nobility are vex'd, whom we see have sided",2433
Act IV,Scene II,Sicinius,In his behalf.,2434
Act IV,Scene II,Brutus,"Now we have shown our power,",2435
Act IV,Scene II,Brutus,Let us seem humbler after it is done,2436
Act IV,Scene II,Brutus,Than when it was a-doing.,2437
Act IV,Scene II,Sicinius,Bid them home:,2438
Act IV,Scene II,Sicinius,"Say their great enemy is gone, and they",2439
Act IV,Scene II,Sicinius,Stand in their ancient strength.,2440
Act IV,Scene II,Brutus,Dismiss them home.,2441
Act IV,Scene II,[stage direction],Exit AEdile,NA
Act IV,Scene II,Brutus,Here comes his mother.,2442
Act IV,Scene II,Sicinius,Let's not meet her.,2443
Act IV,Scene II,Brutus,Why?,2444
Act IV,Scene II,Sicinius,They say she's mad.,2445
Act IV,Scene II,Brutus,They have ta'en note of us: keep on your way.,2446
Act IV,Scene II,[stage direction],"Enter VOLUMNIA, VIRGILIA, and MENENIUS",NA
Act IV,Scene II,Volumnia,"O, ye're well met: the hoarded plague o' the gods",2447
Act IV,Scene II,Volumnia,Requite your love!,2448
Act IV,Scene II,Menenius,"Peace, peace; be not so loud.",2449
Act IV,Scene II,Volumnia,"If that I could for weeping, you should hear,--",2450
Act IV,Scene II,Volumnia,"Nay, and you shall hear some.",2451
Act IV,Scene II,[stage direction],To BRUTUS,NA
Act IV,Scene II,Volumnia,Will you be gone?,2452
Act IV,Scene II,Virgilia,[To SICINIUS]  You shall stay too: I would I had the power,2453
Act IV,Scene II,Virgilia,To say so to my husband.,2454
Act IV,Scene II,Sicinius,Are  you mankind?,2455
Act IV,Scene II,Volumnia,"Ay, fool; is that a shame? Note but this fool.",2456
Act IV,Scene II,Volumnia,Was not a man my father? Hadst thou foxship,2457
Act IV,Scene II,Volumnia,To banish him that struck more blows for Rome,2458
Act IV,Scene II,Volumnia,Than thou hast spoken words?,2459
Act IV,Scene II,Sicinius,O blessed heavens!,2460
Act IV,Scene II,Volumnia,More noble blows than ever thou wise words;,2461
Act IV,Scene II,Volumnia,And for Rome's good. I'll tell thee what; yet go:,2462
Act IV,Scene II,Volumnia,"Nay, but thou shalt stay too: I would my son",2463
Act IV,Scene II,Volumnia,"Were in Arabia, and thy tribe before him,",2464
Act IV,Scene II,Volumnia,His good sword in his hand.,2465
Act IV,Scene II,Sicinius,What then?,2466
Act IV,Scene II,Virgilia,What then!,2467
Act IV,Scene II,Virgilia,He'ld make an end of thy posterity.,2468
Act IV,Scene II,Volumnia,Bastards and all.,2469
Act IV,Scene II,Volumnia,"Good man, the wounds that he does bear for Rome!",2470
Act IV,Scene II,Menenius,"Come, come, peace.",2471
Act IV,Scene II,Sicinius,I would he had continued to his country,2472
Act IV,Scene II,Sicinius,"As he began, and not unknit himself",2473
Act IV,Scene II,Sicinius,The noble knot he made.,2474
Act IV,Scene II,Brutus,I would he had.,2475
Act IV,Scene II,Volumnia,'I would he had'! 'Twas you incensed the rabble:,2476
Act IV,Scene II,Volumnia,"Cats, that can judge as fitly of his worth",2477
Act IV,Scene II,Volumnia,As I can of those mysteries which heaven,2478
Act IV,Scene II,Volumnia,Will not have earth to know.,2479
Act IV,Scene II,Brutus,"Pray, let us go.",2480
Act IV,Scene II,Volumnia,"Now, pray, sir, get you gone:",2481
Act IV,Scene II,Volumnia,"You have done a brave deed. Ere you go, hear this:--",2482
Act IV,Scene II,Volumnia,As far as doth the Capitol exceed,2483
Act IV,Scene II,Volumnia,"The meanest house in Rome, so far my son--",2484
Act IV,Scene II,Volumnia,"This lady's husband here, this, do you see--",2485
Act IV,Scene II,Volumnia,"Whom you have banish'd, does exceed you all.",2486
Act IV,Scene II,Brutus,"Well, well, we'll leave you.",2487
Act IV,Scene II,Sicinius,Why stay we to be baited,2488
Act IV,Scene II,Sicinius,With one that wants her wits?,2489
Act IV,Scene II,Volumnia,Take my prayers with you.,2490
Act IV,Scene II,[stage direction],Exeunt Tribunes,NA
Act IV,Scene II,Volumnia,I would the gods had nothing else to do,2491
Act IV,Scene II,Volumnia,But to confirm my curses! Could I meet 'em,2492
Act IV,Scene II,Volumnia,"But once a-day, it would unclog my heart",2493
Act IV,Scene II,Volumnia,Of what lies heavy to't.,2494
Act IV,Scene II,Menenius,You have told them home;,2495
Act IV,Scene II,Menenius,"And, by my troth, you have cause. You'll sup with me?",2496
Act IV,Scene II,Volumnia,"Anger's my meat; I sup upon myself,",2497
Act IV,Scene II,Volumnia,"And so shall starve with feeding. Come, let's go:",2498
Act IV,Scene II,Volumnia,"Leave this faint puling and lament as I do,",2499
Act IV,Scene II,Volumnia,"In anger, Juno-like. Come, come, come.",2500
Act IV,Scene II,Menenius,"Fie, fie, fie!",2501
Act IV,Scene II,[stage direction],Exeunt,NA
Act IV,Scene III,[stage direction],"Enter a Roman and a Volsce, meeting",NA
Act IV,Scene III,Roman,"I know you well, sir, and you know",2502
Act IV,Scene III,Roman,"me: your name, I think, is Adrian.",2503
Act IV,Scene III,Volsce,"It is so, sir: truly, I have forgot you.",2504
Act IV,Scene III,Roman,"I am a Roman; and my services are,",2505
Act IV,Scene III,Roman,"as you are, against 'em: know you me yet?",2506
Act IV,Scene III,Volsce,Nicanor? no.,2507
Act IV,Scene III,Roman,"The same, sir.",2508
Act IV,Scene III,Volsce,You had more beard when I last saw you; but your,2509
Act IV,Scene III,Volsce,favour is well approved by your tongue. What's the,2510
Act IV,Scene III,Volsce,"news in Rome? I have a note from the Volscian state,",2511
Act IV,Scene III,Volsce,to find you out there: you have well saved me a,2512
Act IV,Scene III,Volsce,day's journey.,2513
Act IV,Scene III,Roman,There hath been in Rome strange insurrections; the,2514
Act IV,Scene III,Roman,"people against the senators, patricians, and nobles.",2515
Act IV,Scene III,Volsce,"Hath been! is it ended, then? Our state thinks not",2516
Act IV,Scene III,Volsce,"so: they are in a most warlike preparation, and",2517
Act IV,Scene III,Volsce,hope to come upon them in the heat of their division.,2518
Act IV,Scene III,Roman,"The main blaze of it is past, but a small thing",2519
Act IV,Scene III,Roman,would make it flame again: for the nobles receive,2520
Act IV,Scene III,Roman,so to heart the banishment of that worthy,2521
Act IV,Scene III,Roman,"Coriolanus, that they are in a ripe aptness to take",2522
Act IV,Scene III,Roman,all power from the people and to pluck from them,2523
Act IV,Scene III,Roman,"their tribunes for ever. This lies glowing, I can",2524
Act IV,Scene III,Roman,"tell you, and is almost mature for the violent",2525
Act IV,Scene III,Roman,breaking out.,2526
Act IV,Scene III,Volsce,Coriolanus banished!,2527
Act IV,Scene III,Roman,"Banished, sir.",2528
Act IV,Scene III,Volsce,"You will be welcome with this intelligence, Nicanor.",2529
Act IV,Scene III,Roman,The day serves well for them now. I have heard it,2530
Act IV,Scene III,Roman,"said, the fittest time to corrupt a man's wife is",2531
Act IV,Scene III,Roman,when she's fallen out with her husband. Your noble,2532
Act IV,Scene III,Roman,"Tullus Aufidius will appear well in these wars, his",2533
Act IV,Scene III,Roman,"great opposer, Coriolanus, being now in no request",2534
Act IV,Scene III,Roman,of his country.,2535
Act IV,Scene III,Volsce,"He cannot choose. I am most fortunate, thus",2536
Act IV,Scene III,Volsce,accidentally to encounter you: you have ended my,2537
Act IV,Scene III,Volsce,"business, and I will merrily accompany you home.",2538
Act IV,Scene III,Roman,"I shall, between this and supper, tell you most",2539
Act IV,Scene III,Roman,strange things from Rome; all tending to the good of,2540
Act IV,Scene III,Roman,"their adversaries. Have you an army ready, say you?",2541
Act IV,Scene III,Volsce,"A most royal one; the centurions and their charges,",2542
Act IV,Scene III,Volsce,"distinctly billeted, already in the entertainment,",2543
Act IV,Scene III,Volsce,and to be on foot at an hour's warning.,2544
Act IV,Scene III,Roman,"I am joyful to hear of their readiness, and am the",2545
Act IV,Scene III,Roman,"man, I think, that shall set them in present action.",2546
Act IV,Scene III,Roman,"So, sir, heartily well met, and most glad of your company.",2547
Act IV,Scene III,Volsce,"You take my part from me, sir; I have the most cause",2548
Act IV,Scene III,Volsce,to be glad of yours.,2549
Act IV,Scene III,Roman,"Well, let us go together.",2550
Act IV,Scene III,[stage direction],Exeunt,NA
Act IV,Scene IV,[stage direction],"Enter CORIOLANUS in mean apparel, disguised and muffled",NA
Act IV,Scene IV,Coriolanus,"A goodly city is this Antium. City,",2551
Act IV,Scene IV,Coriolanus,'Tis I that made thy widows: many an heir,2552
Act IV,Scene IV,Coriolanus,Of these fair edifices 'fore my wars,2553
Act IV,Scene IV,Coriolanus,"Have I heard groan and drop: then know me not,",2554
Act IV,Scene IV,Coriolanus,Lest that thy wives with spits and boys with stones,2555
Act IV,Scene IV,Coriolanus,In puny battle slay me.,2556
Act IV,Scene IV,[stage direction],Enter a Citizen,NA
Act IV,Scene IV,Coriolanus,"Save you, sir.",2557
Act IV,Scene IV,Citizen,And you.,2558
Act IV,Scene IV,Coriolanus,"Direct me, if it be your will,",2559
Act IV,Scene IV,Coriolanus,Where great Aufidius lies: is he in Antium?,2560
Act IV,Scene IV,Citizen,"He is, and feasts the nobles of the state",2561
Act IV,Scene IV,Citizen,At his house this night.,2562
Act IV,Scene IV,Coriolanus,"Which is his house, beseech you?",2563
Act IV,Scene IV,Citizen,"This, here before you.",2564
Act IV,Scene IV,Coriolanus,"Thank you, sir: farewell.",2565
Act IV,Scene IV,[stage direction],Exit Citizen,NA
Act IV,Scene IV,Coriolanus,"O world, thy slippery turns! Friends now fast sworn,",2566
Act IV,Scene IV,Coriolanus,"Whose double bosoms seem to wear one heart,",2567
Act IV,Scene IV,Coriolanus,"Whose house, whose bed, whose meal, and exercise,",2568
Act IV,Scene IV,Coriolanus,"Are still together, who twin, as 'twere, in love",2569
Act IV,Scene IV,Coriolanus,"Unseparable, shall within this hour,",2570
Act IV,Scene IV,Coriolanus,"On a dissension of a doit, break out",2571
Act IV,Scene IV,Coriolanus,"To bitterest enmity: so, fellest foes,",2572
Act IV,Scene IV,Coriolanus,"Whose passions and whose plots have broke their sleep,",2573
Act IV,Scene IV,Coriolanus,"To take the one the other, by some chance,",2574
Act IV,Scene IV,Coriolanus,"Some trick not worth an egg, shall grow dear friends",2575
Act IV,Scene IV,Coriolanus,And interjoin their issues. So with me:,2576
Act IV,Scene IV,Coriolanus,"My birth-place hate I, and my love's upon",2577
Act IV,Scene IV,Coriolanus,"This enemy town. I'll enter: if he slay me,",2578
Act IV,Scene IV,Coriolanus,"He does fair justice; if he give me way,",2579
Act IV,Scene IV,Coriolanus,I'll do his country service.,2580
Act IV,Scene IV,[stage direction],Exit,NA
Act IV,Scene V,[stage direction],Music within. Enter a Servingman,NA
Act IV,Scene V,First Servingman,"Wine, wine, wine! What service",2581
Act IV,Scene V,First Servingman,is here! I think our fellows are asleep.,2582
Act IV,Scene V,[stage direction],Exit,NA
Act IV,Scene V,[stage direction],Enter a second Servingman,NA
Act IV,Scene V,Second Servingman,Where's Cotus? my master calls,2583
Act IV,Scene V,Second Servingman,for him. Cotus!,2584
Act IV,Scene V,[stage direction],Exit,NA
Act IV,Scene V,[stage direction],Enter CORIOLANUS,NA
Act IV,Scene V,Coriolanus,A goodly house: the feast smells well; but I,2585
Act IV,Scene V,Coriolanus,Appear not like a guest.,2586
Act IV,Scene V,[stage direction],Re-enter the first Servingman,NA
Act IV,Scene V,First Servingman,"What would you have, friend? whence are you?",2587
Act IV,Scene V,First Servingman,"Here's no place for you: pray, go to the door.",2588
Act IV,Scene V,[stage direction],Exit,NA
Act IV,Scene V,Coriolanus,"I have deserved no better entertainment,",2589
Act IV,Scene V,Coriolanus,In being Coriolanus.,2590
Act IV,Scene V,[stage direction],Re-enter second Servingman,NA
Act IV,Scene V,Second Servingman,"Whence are you, sir? Has the porter his eyes in his",2591
Act IV,Scene V,Second Servingman,head; that he gives entrance to such companions?,2592
Act IV,Scene V,Second Servingman,"Pray, get you out.",2593
Act IV,Scene V,Coriolanus,Away!,2594
Act IV,Scene V,Second Servingman,Away! get you away.,2595
Act IV,Scene V,Coriolanus,Now thou'rt troublesome.,2596
Act IV,Scene V,Second Servingman,Are you so brave? I'll have you talked with anon.,2597
Act IV,Scene V,[stage direction],Enter a third Servingman. The first meets him,NA
Act IV,Scene V,Third Servingman,What fellow's this?,2598
Act IV,Scene V,First Servingman,A strange one as ever I looked on: I cannot get him,2599
Act IV,Scene V,First Servingman,"out of the house: prithee, call my master to him.",2600
Act IV,Scene V,[stage direction],Retires,NA
Act IV,Scene V,Third Servingman,"What have you to do here, fellow? Pray you, avoid",2601
Act IV,Scene V,Third Servingman,the house.,2602
Act IV,Scene V,Coriolanus,Let me but stand; I will not hurt your hearth.,2603
Act IV,Scene V,Third Servingman,What are you?,2604
Act IV,Scene V,Coriolanus,A gentleman.,2605
Act IV,Scene V,Third Servingman,A marvellous poor one.,2606
Act IV,Scene V,Coriolanus,"True, so I am.",2607
Act IV,Scene V,Third Servingman,"Pray you, poor gentleman, take up some other",2608
Act IV,Scene V,Third Servingman,"station; here's no place for you; pray you, avoid: come.",2609
Act IV,Scene V,Coriolanus,"Follow your function, go, and batten on cold bits.",2610
Act IV,Scene V,[stage direction],Pushes him away,NA
Act IV,Scene V,Third Servingman,"What, you will not? Prithee, tell my master what a",2611
Act IV,Scene V,Third Servingman,strange guest he has here.,2612
Act IV,Scene V,Second Servingman,And I shall.,2613
Act IV,Scene V,[stage direction],Exit,NA
Act IV,Scene V,Third Servingman,Where dwellest thou?,2614
Act IV,Scene V,Coriolanus,Under the canopy.,2615
Act IV,Scene V,Third Servingman,Under the canopy!,2616
Act IV,Scene V,Coriolanus,Ay.,2617
Act IV,Scene V,Third Servingman,Where's that?,2618
Act IV,Scene V,Coriolanus,I' the city of kites and crows.,2619
Act IV,Scene V,Third Servingman,I' the city of kites and crows! What an ass it is!,2620
Act IV,Scene V,Third Servingman,Then thou dwellest with daws too?,2621
Act IV,Scene V,Coriolanus,"No, I serve not thy master.",2622
Act IV,Scene V,Third Servingman,"How, sir! do you meddle with my master?",2623
Act IV,Scene V,Coriolanus,Ay; 'tis an honester service than to meddle with thy,2624
Act IV,Scene V,Coriolanus,"mistress. Thou pratest, and pratest; serve with thy",2625
Act IV,Scene V,Coriolanus,"trencher, hence!",2626
Act IV,Scene V,[stage direction],Beats him away. Exit third Servingman,NA
Act IV,Scene V,[stage direction],Enter AUFIDIUS with the second Servingman,NA
Act IV,Scene V,Aufidius,Where is this fellow?,2627
Act IV,Scene V,Second Servingman,"Here, sir: I'ld have beaten him like a dog, but for",2628
Act IV,Scene V,Second Servingman,disturbing the lords within.,2629
Act IV,Scene V,[stage direction],Retires,NA
Act IV,Scene V,Aufidius,Whence comest thou? what wouldst thou? thy name?,2630
Act IV,Scene V,Aufidius,"Why speak'st not? speak, man: what's thy name?",2631
Act IV,Scene V,Coriolanus,"If, Tullus,",2632
Act IV,Scene V,[stage direction],Unmuffling,NA
Act IV,Scene V,Coriolanus,"Not yet thou knowest me, and, seeing me, dost not",2633
Act IV,Scene V,Coriolanus,"Think me for the man I am, necessity",2634
Act IV,Scene V,Coriolanus,Commands me name myself.,2635
Act IV,Scene V,Aufidius,What is thy name?,2636
Act IV,Scene V,Coriolanus,"A name unmusical to the Volscians' ears,",2637
Act IV,Scene V,Coriolanus,And harsh in sound to thine.,2638
Act IV,Scene V,Aufidius,"Say, what's thy name?",2639
Act IV,Scene V,Aufidius,"Thou hast a grim appearance, and thy face",2640
Act IV,Scene V,Aufidius,Bears a command in't; though thy tackle's torn.,2641
Act IV,Scene V,Aufidius,Thou show'st a noble vessel: what's thy name?,2642
Act IV,Scene V,Coriolanus,Prepare thy brow to frown: know'st,2643
Act IV,Scene V,Coriolanus,thou me yet?,2644
Act IV,Scene V,Aufidius,I know thee not: thy name?,2645
Act IV,Scene V,Coriolanus,"My name is Caius Marcius, who hath done",2646
Act IV,Scene V,Coriolanus,To thee particularly and to all the Volsces,2647
Act IV,Scene V,Coriolanus,Great hurt and mischief; thereto witness may,2648
Act IV,Scene V,Coriolanus,"My surname, Coriolanus: the painful service,",2649
Act IV,Scene V,Coriolanus,The extreme dangers and the drops of blood,2650
Act IV,Scene V,Coriolanus,Shed for my thankless country are requited,2651
Act IV,Scene V,Coriolanus,"But with that surname; a good memory,",2652
Act IV,Scene V,Coriolanus,And witness of the malice and displeasure,2653
Act IV,Scene V,Coriolanus,Which thou shouldst bear me: only that name remains;,2654
Act IV,Scene V,Coriolanus,"The cruelty and envy of the people,",2655
Act IV,Scene V,Coriolanus,"Permitted by our dastard nobles, who",2656
Act IV,Scene V,Coriolanus,"Have all forsook me, hath devour'd the rest;",2657
Act IV,Scene V,Coriolanus,And suffer'd me by the voice of slaves to be,2658
Act IV,Scene V,Coriolanus,Whoop'd out of Rome. Now this extremity,2659
Act IV,Scene V,Coriolanus,Hath brought me to thy hearth; not out of hope--,2660
Act IV,Scene V,Coriolanus,"Mistake me not--to save my life, for if",2661
Act IV,Scene V,Coriolanus,"I had fear'd death, of all the men i' the world",2662
Act IV,Scene V,Coriolanus,"I would have 'voided thee, but in mere spite,",2663
Act IV,Scene V,Coriolanus,"To be full quit of those my banishers,",2664
Act IV,Scene V,Coriolanus,Stand I before thee here. Then if thou hast,2665
Act IV,Scene V,Coriolanus,"A heart of wreak in thee, that wilt revenge",2666
Act IV,Scene V,Coriolanus,Thine own particular wrongs and stop those maims,2667
Act IV,Scene V,Coriolanus,"Of shame seen through thy country, speed",2668
Act IV,Scene V,Coriolanus,"thee straight,",2669
Act IV,Scene V,Coriolanus,And make my misery serve thy turn: so use it,2670
Act IV,Scene V,Coriolanus,That my revengeful services may prove,2671
Act IV,Scene V,Coriolanus,"As benefits to thee, for I will fight",2672
Act IV,Scene V,Coriolanus,Against my canker'd country with the spleen,2673
Act IV,Scene V,Coriolanus,Of all the under fiends. But if so be,2674
Act IV,Scene V,Coriolanus,Thou darest not this and that to prove more fortunes,2675
Act IV,Scene V,Coriolanus,"Thou'rt tired, then, in a word, I also am",2676
Act IV,Scene V,Coriolanus,"Longer to live most weary, and present",2677
Act IV,Scene V,Coriolanus,My throat to thee and to thy ancient malice;,2678
Act IV,Scene V,Coriolanus,"Which not to cut would show thee but a fool,",2679
Act IV,Scene V,Coriolanus,"Since I have ever follow'd thee with hate,",2680
Act IV,Scene V,Coriolanus,"Drawn tuns of blood out of thy country's breast,",2681
Act IV,Scene V,Coriolanus,"And cannot live but to thy shame, unless",2682
Act IV,Scene V,Coriolanus,It be to do thee service.,2683
Act IV,Scene V,Aufidius,"O Marcius, Marcius!",2684
Act IV,Scene V,Aufidius,Each word thou hast spoke hath weeded from my heart,2685
Act IV,Scene V,Aufidius,A root of ancient envy. If Jupiter,2686
Act IV,Scene V,Aufidius,"Should from yond cloud speak divine things,",2687
Act IV,Scene V,Aufidius,"And say 'Tis true,' I'ld not believe them more",2688
Act IV,Scene V,Aufidius,"Than thee, all noble Marcius. Let me twine",2689
Act IV,Scene V,Aufidius,"Mine arms about that body, where against",2690
Act IV,Scene V,Aufidius,My grained ash an hundred times hath broke,2691
Act IV,Scene V,Aufidius,And scarr'd the moon with splinters: here I clip,2692
Act IV,Scene V,Aufidius,"The anvil of my sword, and do contest",2693
Act IV,Scene V,Aufidius,As hotly and as nobly with thy love,2694
Act IV,Scene V,Aufidius,As ever in ambitious strength I did,2695
Act IV,Scene V,Aufidius,"Contend against thy valour. Know thou first,",2696
Act IV,Scene V,Aufidius,I loved the maid I married; never man,2697
Act IV,Scene V,Aufidius,"Sigh'd truer breath; but that I see thee here,",2698
Act IV,Scene V,Aufidius,Thou noble thing! more dances my rapt heart,2699
Act IV,Scene V,Aufidius,Than when I first my wedded mistress saw,2700
Act IV,Scene V,Aufidius,"Bestride my threshold. Why, thou Mars! I tell thee,",2701
Act IV,Scene V,Aufidius,We have a power on foot; and I had purpose,2702
Act IV,Scene V,Aufidius,"Once more to hew thy target from thy brawn,",2703
Act IV,Scene V,Aufidius,Or lose mine arm fort: thou hast beat me out,2704
Act IV,Scene V,Aufidius,"Twelve several times, and I have nightly since",2705
Act IV,Scene V,Aufidius,Dreamt of encounters 'twixt thyself and me;,2706
Act IV,Scene V,Aufidius,"We have been down together in my sleep,",2707
Act IV,Scene V,Aufidius,"Unbuckling helms, fisting each other's throat,",2708
Act IV,Scene V,Aufidius,"And waked half dead with nothing. Worthy Marcius,",2709
Act IV,Scene V,Aufidius,"Had we no quarrel else to Rome, but that",2710
Act IV,Scene V,Aufidius,"Thou art thence banish'd, we would muster all",2711
Act IV,Scene V,Aufidius,"From twelve to seventy, and pouring war",2712
Act IV,Scene V,Aufidius,"Into the bowels of ungrateful Rome,",2713
Act IV,Scene V,Aufidius,"Like a bold flood o'er-bear. O, come, go in,",2714
Act IV,Scene V,Aufidius,And take our friendly senators by the hands;,2715
Act IV,Scene V,Aufidius,"Who now are here, taking their leaves of me,",2716
Act IV,Scene V,Aufidius,"Who am prepared against your territories,",2717
Act IV,Scene V,Aufidius,Though not for Rome itself.,2718
Act IV,Scene V,Coriolanus,"You bless me, gods!",2719
Act IV,Scene V,Aufidius,"Therefore, most absolute sir, if thou wilt have",2720
Act IV,Scene V,Aufidius,"The leading of thine own revenges, take",2721
Act IV,Scene V,Aufidius,The one half of my commission; and set down--,2722
Act IV,Scene V,Aufidius,"As best thou art experienced, since thou know'st",2723
Act IV,Scene V,Aufidius,"Thy country's strength and weakness,--thine own ways;",2724
Act IV,Scene V,Aufidius,"Whether to knock against the gates of Rome,",2725
Act IV,Scene V,Aufidius,"Or rudely visit them in parts remote,",2726
Act IV,Scene V,Aufidius,"To fright them, ere destroy. But come in:",2727
Act IV,Scene V,Aufidius,Let me commend thee first to those that shall,2728
Act IV,Scene V,Aufidius,Say yea to thy desires. A thousand welcomes!,2729
Act IV,Scene V,Aufidius,And more a friend than e'er an enemy;,2730
Act IV,Scene V,Aufidius,"Yet, Marcius, that was much. Your hand: most welcome!",2731
Act IV,Scene V,[stage direction],Exeunt CORIOLANUS and AUFIDIUS. The two Servingmen come forward,NA
Act IV,Scene V,First Servingman,Here's a strange alteration!,2732
Act IV,Scene V,Second Servingman,"By my hand, I had thought to have strucken him with",2733
Act IV,Scene V,Second Servingman,a cudgel; and yet my mind gave me his clothes made a,2734
Act IV,Scene V,Second Servingman,false report of him.,2735
Act IV,Scene V,First Servingman,What an arm he has! he turned me about with his,2736
Act IV,Scene V,First Servingman,"finger and his thumb, as one would set up a top.",2737
Act IV,Scene V,Second Servingman,"Nay, I knew by his face that there was something in",2738
Act IV,Scene V,Second Servingman,"him: he had, sir, a kind of face, methought,--I",2739
Act IV,Scene V,Second Servingman,cannot tell how to term it.,2740
Act IV,Scene V,First Servingman,"He had so; looking as it were--would I were hanged,",2741
Act IV,Scene V,First Servingman,but I thought there was more in him than I could think.,2742
Act IV,Scene V,Second Servingman,"So did I, I'll be sworn: he is simply the rarest",2743
Act IV,Scene V,Second Servingman,man i' the world.,2744
Act IV,Scene V,First Servingman,I think he is: but a greater soldier than he you wot on.,2745
Act IV,Scene V,Second Servingman,"Who, my master?",2746
Act IV,Scene V,First Servingman,"Nay, it's no matter for that.",2747
Act IV,Scene V,Second Servingman,Worth six on him.,2748
Act IV,Scene V,First Servingman,"Nay, not so neither: but I take him to be the",2749
Act IV,Scene V,First Servingman,greater soldier.,2750
Act IV,Scene V,Second Servingman,"Faith, look you, one cannot tell how to say that:",2751
Act IV,Scene V,Second Servingman,"for the defence of a town, our general is excellent.",2752
Act IV,Scene V,First Servingman,"Ay, and for an assault too.",2753
Act IV,Scene V,[stage direction],Re-enter third Servingman,NA
Act IV,Scene V,Third Servingman,"O slaves, I can tell you news,-- news, you rascals!",2754
Act IV,Scene V,Second Servingman,"What, what, what? let's partake.",2755
Act IV,Scene V,Third Servingman,"I would not be a Roman, of all nations; I had as",2756
Act IV,Scene V,Third Servingman,lieve be a condemned man.,2757
Act IV,Scene V,Second Servingman,Wherefore? wherefore?,2758
Act IV,Scene V,Third Servingman,"Why, here's he that was wont to thwack our general,",2759
Act IV,Scene V,Third Servingman,Caius Marcius.,2760
Act IV,Scene V,First Servingman,Why do you say 'thwack our general '?,2761
Act IV,Scene V,Third Servingman,I do not say 'thwack our general;' but he was always,2762
Act IV,Scene V,Third Servingman,good enough for him.,2763
Act IV,Scene V,Second Servingman,"Come, we are fellows and friends: he was ever too",2764
Act IV,Scene V,Second Servingman,hard for him; I have heard him say so himself.,2765
Act IV,Scene V,First Servingman,"He was too hard for him directly, to say the troth",2766
Act IV,Scene V,First Servingman,on't: before Corioli he scotched him and notched,2767
Act IV,Scene V,First Servingman,him like a carbon ado.,2768
Act IV,Scene V,Second Servingman,"An he had been cannibally given, he might have",2769
Act IV,Scene V,Second Servingman,broiled and eaten him too.,2770
Act IV,Scene V,First Servingman,"But, more of thy news?",2771
Act IV,Scene V,Third Servingman,"Why, he is so made on here within, as if he were son",2772
Act IV,Scene V,Third Servingman,and heir to Mars; set at upper end o' the table; no,2773
Act IV,Scene V,Third Servingman,"question asked him by any of the senators, but they",2774
Act IV,Scene V,Third Servingman,stand bald before him: our general himself makes a,2775
Act IV,Scene V,Third Servingman,mistress of him: sanctifies himself with's hand and,2776
Act IV,Scene V,Third Servingman,turns up the white o' the eye to his discourse. But,2777
Act IV,Scene V,Third Servingman,the bottom of the news is that our general is cut i',2778
Act IV,Scene V,Third Servingman,the middle and but one half of what he was,2779
Act IV,Scene V,Third Servingman,"yesterday; for the other has half, by the entreaty",2780
Act IV,Scene V,Third Servingman,"and grant of the whole table. He'll go, he says,",2781
Act IV,Scene V,Third Servingman,and sowl the porter of Rome gates by the ears: he,2782
Act IV,Scene V,Third Servingman,"will mow all down before him, and leave his passage polled.",2783
Act IV,Scene V,Second Servingman,And he's as like to do't as any man I can imagine.,2784
Act IV,Scene V,Third Servingman,"Do't! he will do't; for, look you, sir, he has as",2785
Act IV,Scene V,Third Servingman,"many friends as enemies; which friends, sir, as it",2786
Act IV,Scene V,Third Servingman,"were, durst not, look you, sir, show themselves, as",2787
Act IV,Scene V,Third Servingman,"we term it, his friends whilst he's in directitude.",2788
Act IV,Scene V,First Servingman,Directitude! what's that?,2789
Act IV,Scene V,Third Servingman,"But when they shall see, sir, his crest up again,",2790
Act IV,Scene V,Third Servingman,"and the man in blood, they will out of their",2791
Act IV,Scene V,Third Servingman,"burrows, like conies after rain, and revel all with",2792
Act IV,Scene V,Third Servingman,him.,2793
Act IV,Scene V,First Servingman,But when goes this forward?,2794
Act IV,Scene V,Third Servingman,To-morrow; to-day; presently; you shall have the,2795
Act IV,Scene V,Third Servingman,"drum struck up this afternoon: 'tis, as it were, a",2796
Act IV,Scene V,Third Servingman,"parcel of their feast, and to be executed ere they",2797
Act IV,Scene V,Third Servingman,wipe their lips.,2798
Act IV,Scene V,Second Servingman,"Why, then we shall have a stirring world again.",2799
Act IV,Scene V,Second Servingman,"This peace is nothing, but to rust iron, increase",2800
Act IV,Scene V,Second Servingman,"tailors, and breed ballad-makers.",2801
Act IV,Scene V,First Servingman,"Let me have war, say I; it exceeds peace as far as",2802
Act IV,Scene V,First Servingman,"day does night; it's spritely, waking, audible, and",2803
Act IV,Scene V,First Servingman,"full of vent. Peace is a very apoplexy, lethargy;",2804
Act IV,Scene V,First Servingman,"mulled, deaf, sleepy, insensible; a getter of more",2805
Act IV,Scene V,First Servingman,bastard children than war's a destroyer of men.,2806
Act IV,Scene V,Second Servingman,"'Tis so: and as war, in some sort, may be said to",2807
Act IV,Scene V,Second Servingman,"be a ravisher, so it cannot be denied but peace is a",2808
Act IV,Scene V,Second Servingman,great maker of cuckolds.,2809
Act IV,Scene V,First Servingman,"Ay, and it makes men hate one another.",2810
Act IV,Scene V,Third Servingman,Reason; because they then less need one another.,2811
Act IV,Scene V,Third Servingman,The wars for my money. I hope to see Romans as cheap,2812
Act IV,Scene V,Third Servingman,"as Volscians. They are rising, they are rising.",2813
Act IV,Scene V,All,"In, in, in, in!",2814
Act IV,Scene V,[stage direction],Exeunt,NA
Act IV,Scene VI,[stage direction],Enter SICINIUS and BRUTUS,NA
Act IV,Scene VI,Sicinius,"We hear not of him, neither need we fear him;",2815
Act IV,Scene VI,Sicinius,His remedies are tame i' the present peace,2816
Act IV,Scene VI,Sicinius,"And quietness of the people, which before",2817
Act IV,Scene VI,Sicinius,Were in wild hurry. Here do we make his friends,2818
Act IV,Scene VI,Sicinius,"Blush that the world goes well, who rather had,",2819
Act IV,Scene VI,Sicinius,"Though they themselves did suffer by't, behold",2820
Act IV,Scene VI,Sicinius,Dissentious numbers pestering streets than see,2821
Act IV,Scene VI,Sicinius,Our tradesmen with in their shops and going,2822
Act IV,Scene VI,Sicinius,About their functions friendly.,2823
Act IV,Scene VI,Brutus,We stood to't in good time.,2824
Act IV,Scene VI,[stage direction],Enter MENENIUS,NA
Act IV,Scene VI,Brutus,Is this Menenius?,2825
Act IV,Scene VI,Sicinius,"'Tis he,'tis he: O, he is grown most kind of late.",2826
Act IV,Scene VI,Both Tribunes,Hail sir!,2827
Act IV,Scene VI,Menenius,Hail to you both!,2828
Act IV,Scene VI,Sicinius,Your Coriolanus,2829
Act IV,Scene VI,Sicinius,"Is not much miss'd, but with his friends:",2830
Act IV,Scene VI,Sicinius,"The commonwealth doth stand, and so would do,",2831
Act IV,Scene VI,Sicinius,Were he more angry at it.,2832
Act IV,Scene VI,Menenius,"All's well; and might have been much better, if",2833
Act IV,Scene VI,Menenius,He could have temporized.,2834
Act IV,Scene VI,Sicinius,"Where is he, hear you?",2835
Act IV,Scene VI,Menenius,"Nay, I hear nothing: his mother and his wife",2836
Act IV,Scene VI,Menenius,Hear nothing from him.,2837
Act IV,Scene VI,[stage direction],Enter three or four Citizens,NA
Act IV,Scene VI,Citizens,The gods preserve you both!,2838
Act IV,Scene VI,Sicinius,"God-den, our neighbours.",2839
Act IV,Scene VI,Brutus,"God-den to you all, god-den to you all.",2840
Act IV,Scene VI,First Citizen,"Ourselves, our wives, and children, on our knees,",2841
Act IV,Scene VI,First Citizen,Are bound to pray for you both.,2842
Act IV,Scene VI,Sicinius,"Live, and thrive!",2843
Act IV,Scene VI,Brutus,"Farewell, kind neighbours: we wish'd Coriolanus",2844
Act IV,Scene VI,Brutus,Had loved you as we did.,2845
Act IV,Scene VI,Citizens,Now the gods keep you!,2846
Act IV,Scene VI,Both Tribunes,"Farewell, farewell.",2847
Act IV,Scene VI,[stage direction],Exeunt Citizens,NA
Act IV,Scene VI,Sicinius,This is a happier and more comely time,2848
Act IV,Scene VI,Sicinius,"Than when these fellows ran about the streets,",2849
Act IV,Scene VI,Sicinius,Crying confusion.,2850
Act IV,Scene VI,Brutus,Caius Marcius was,2851
Act IV,Scene VI,Brutus,"A worthy officer i' the war; but insolent,",2852
Act IV,Scene VI,Brutus,"O'ercome with pride, ambitious past all thinking,",2853
Act IV,Scene VI,Brutus,"Self-loving,--",2854
Act IV,Scene VI,Sicinius,"And affecting one sole throne,",2855
Act IV,Scene VI,Sicinius,Without assistance.,2856
Act IV,Scene VI,Menenius,I think not so.,2857
Act IV,Scene VI,Sicinius,"We should by this, to all our lamentation,",2858
Act IV,Scene VI,Sicinius,"If he had gone forth consul, found it so.",2859
Act IV,Scene VI,Brutus,"The gods have well prevented it, and Rome",2860
Act IV,Scene VI,Brutus,Sits safe and still without him.,2861
Act IV,Scene VI,[stage direction],Enter an AEdile,NA
Act IV,Scene VI,Aedile,"Worthy tribunes,",2862
Act IV,Scene VI,Aedile,"There is a slave, whom we have put in prison,",2863
Act IV,Scene VI,Aedile,"Reports, the Volsces with two several powers",2864
Act IV,Scene VI,Aedile,"Are enter'd in the Roman territories,",2865
Act IV,Scene VI,Aedile,And with the deepest malice of the war,2866
Act IV,Scene VI,Aedile,Destroy what lies before 'em.,2867
Act IV,Scene VI,Menenius,"'Tis Aufidius,",2868
Act IV,Scene VI,Menenius,"Who, hearing of our Marcius' banishment,",2869
Act IV,Scene VI,Menenius,Thrusts forth his horns again into the world;,2870
Act IV,Scene VI,Menenius,"Which were inshell'd when Marcius stood for Rome,",2871
Act IV,Scene VI,Menenius,And durst not once peep out.,2872
Act IV,Scene VI,Sicinius,"Come, what talk you",2873
Act IV,Scene VI,Sicinius,Of Marcius?,2874
Act IV,Scene VI,Brutus,Go see this rumourer whipp'd. It cannot be,2875
Act IV,Scene VI,Brutus,The Volsces dare break with us.,2876
Act IV,Scene VI,Menenius,Cannot be!,2877
Act IV,Scene VI,Menenius,"We have record that very well it can,",2878
Act IV,Scene VI,Menenius,And three examples of the like have been,2879
Act IV,Scene VI,Menenius,"Within my age. But reason with the fellow,",2880
Act IV,Scene VI,Menenius,"Before you punish him, where he heard this,",2881
Act IV,Scene VI,Menenius,Lest you shall chance to whip your information,2882
Act IV,Scene VI,Menenius,And beat the messenger who bids beware,2883
Act IV,Scene VI,Menenius,Of what is to be dreaded.,2884
Act IV,Scene VI,Sicinius,Tell not me:,2885
Act IV,Scene VI,Sicinius,I know this cannot be.,2886
Act IV,Scene VI,Brutus,Not possible.,2887
Act IV,Scene VI,[stage direction],Enter a Messenger,NA
Act IV,Scene VI,Messenger,The nobles in great earnestness are going,2888
Act IV,Scene VI,Messenger,All to the senate-house: some news is come,2889
Act IV,Scene VI,Messenger,That turns their countenances.,2890
Act IV,Scene VI,Sicinius,'Tis this slave;--,2891
Act IV,Scene VI,Sicinius,"Go whip him, 'fore the people's eyes:--his raising;",2892
Act IV,Scene VI,Sicinius,Nothing but his report.,2893
Act IV,Scene VI,Messenger,"Yes, worthy sir,",2894
Act IV,Scene VI,Messenger,"The slave's report is seconded; and more,",2895
Act IV,Scene VI,Messenger,"More fearful, is deliver'd.",2896
Act IV,Scene VI,Sicinius,What more fearful?,2897
Act IV,Scene VI,Messenger,It is spoke freely out of many mouths--,2898
Act IV,Scene VI,Messenger,"How probable I do not know--that Marcius,",2899
Act IV,Scene VI,Messenger,"Join'd with Aufidius, leads a power 'gainst Rome,",2900
Act IV,Scene VI,Messenger,And vows revenge as spacious as between,2901
Act IV,Scene VI,Messenger,The young'st and oldest thing.,2902
Act IV,Scene VI,Sicinius,This is most likely!,2903
Act IV,Scene VI,Brutus,"Raised only, that the weaker sort may wish",2904
Act IV,Scene VI,Brutus,Good Marcius home again.,2905
Act IV,Scene VI,Sicinius,The very trick on't.,2906
Act IV,Scene VI,Menenius,This is unlikely:,2907
Act IV,Scene VI,Menenius,He and Aufidius can no more atone,2908
Act IV,Scene VI,Menenius,Than violentest contrariety.,2909
Act IV,Scene VI,[stage direction],Enter a second Messenger,NA
Act IV,Scene VI,Second Messenger,You are sent for to the senate:,2910
Act IV,Scene VI,Second Messenger,"A fearful army, led by Caius Marcius",2911
Act IV,Scene VI,Second Messenger,"Associated with Aufidius, rages",2912
Act IV,Scene VI,Second Messenger,Upon our territories; and have already,2913
Act IV,Scene VI,Second Messenger,"O'erborne their way, consumed with fire, and took",2914
Act IV,Scene VI,Second Messenger,What lay before them.,2915
Act IV,Scene VI,[stage direction],Enter COMINIUS,NA
Act IV,Scene VI,Cominius,"O, you have made good work!",2916
Act IV,Scene VI,Menenius,What news? what news?,2917
Act IV,Scene VI,Cominius,You have holp to ravish your own daughters and,2918
Act IV,Scene VI,Cominius,"To melt the city leads upon your pates,",2919
Act IV,Scene VI,Cominius,"To see your wives dishonour'd to your noses,--",2920
Act IV,Scene VI,Menenius,What's the news? what's the news?,2921
Act IV,Scene VI,Cominius,"Your temples burned in their cement, and",2922
Act IV,Scene VI,Cominius,"Your franchises, whereon you stood, confined",2923
Act IV,Scene VI,Cominius,Into an auger's bore.,2924
Act IV,Scene VI,Menenius,"Pray now, your news?",2925
Act IV,Scene VI,Menenius,"You have made fair work, I fear me.--Pray, your news?--",2926
Act IV,Scene VI,Menenius,"If Marcius should be join'd with Volscians,--",2927
Act IV,Scene VI,Cominius,If!,2928
Act IV,Scene VI,Cominius,He is their god: he leads them like a thing,2929
Act IV,Scene VI,Cominius,"Made by some other deity than nature,",2930
Act IV,Scene VI,Cominius,"That shapes man better; and they follow him,",2931
Act IV,Scene VI,Cominius,"Against us brats, with no less confidence",2932
Act IV,Scene VI,Cominius,"Than boys pursuing summer butterflies,",2933
Act IV,Scene VI,Cominius,Or butchers killing flies.,2934
Act IV,Scene VI,Menenius,"You have made good work,",2935
Act IV,Scene VI,Menenius,You and your apron-men; you that stood so up much,2936
Act IV,Scene VI,Menenius,on the voice of occupation and,2937
Act IV,Scene VI,Menenius,The breath of garlic-eaters!,2938
Act IV,Scene VI,Cominius,He will shake,2939
Act IV,Scene VI,Cominius,Your Rome about your ears.,2940
Act IV,Scene VI,Menenius,As Hercules,2941
Act IV,Scene VI,Menenius,Did shake down mellow fruit.,2942
Act IV,Scene VI,Menenius,You have made fair work!,2943
Act IV,Scene VI,Brutus,"But is this true, sir?",2944
Act IV,Scene VI,Cominius,Ay; and you'll look pale,2945
Act IV,Scene VI,Cominius,Before you find it other. All the regions,2946
Act IV,Scene VI,Cominius,Do smilingly revolt; and who resist,2947
Act IV,Scene VI,Cominius,"Are mock'd for valiant ignorance,",2948
Act IV,Scene VI,Cominius,And perish constant fools. Who is't can blame him?,2949
Act IV,Scene VI,Cominius,Your enemies and his find something in him.,2950
Act IV,Scene VI,Menenius,"We are all undone, unless",2951
Act IV,Scene VI,Menenius,The noble man have mercy.,2952
Act IV,Scene VI,Cominius,Who shall ask it?,2953
Act IV,Scene VI,Cominius,The tribunes cannot do't for shame; the people,2954
Act IV,Scene VI,Cominius,Deserve such pity of him as the wolf,2955
Act IV,Scene VI,Cominius,"Does of the shepherds: for his best friends, if they",2956
Act IV,Scene VI,Cominius,"Should say 'Be good to Rome,' they charged him even",2957
Act IV,Scene VI,Cominius,"As those should do that had deserved his hate,",2958
Act IV,Scene VI,Cominius,And therein show'd like enemies.,2959
Act IV,Scene VI,Menenius,'Tis true:,2960
Act IV,Scene VI,Menenius,If he were putting to my house the brand,2961
Act IV,Scene VI,Menenius,"That should consume it, I have not the face",2962
Act IV,Scene VI,Menenius,"To say 'Beseech you, cease.' You have made fair hands,",2963
Act IV,Scene VI,Menenius,You and your crafts! you have crafted fair!,2964
Act IV,Scene VI,Cominius,You have brought,2965
Act IV,Scene VI,Cominius,"A trembling upon Rome, such as was never",2966
Act IV,Scene VI,Cominius,So incapable of help.,2967
Act IV,Scene VI,Both Tribunes,Say not we brought it.,2968
Act IV,Scene VI,Menenius,"How! Was it we? we loved him but, like beasts",2969
Act IV,Scene VI,Menenius,"And cowardly nobles, gave way unto your clusters,",2970
Act IV,Scene VI,Menenius,Who did hoot him out o' the city.,2971
Act IV,Scene VI,Cominius,But I fear,2972
Act IV,Scene VI,Cominius,"They'll roar him in again. Tullus Aufidius,",2973
Act IV,Scene VI,Cominius,"The second name of men, obeys his points",2974
Act IV,Scene VI,Cominius,As if he were his officer: desperation,2975
Act IV,Scene VI,Cominius,"Is all the policy, strength and defence,",2976
Act IV,Scene VI,Cominius,That Rome can make against them.,2977
Act IV,Scene VI,[stage direction],Enter a troop of Citizens,NA
Act IV,Scene VI,Menenius,Here come the clusters.,2978
Act IV,Scene VI,Menenius,And is Aufidius with him? You are they,2979
Act IV,Scene VI,Menenius,"That made the air unwholesome, when you cast",2980
Act IV,Scene VI,Menenius,Your stinking greasy caps in hooting at,2981
Act IV,Scene VI,Menenius,Coriolanus' exile. Now he's coming;,2982
Act IV,Scene VI,Menenius,And not a hair upon a soldier's head,2983
Act IV,Scene VI,Menenius,Which will not prove a whip: as many coxcombs,2984
Act IV,Scene VI,Menenius,"As you threw caps up will he tumble down,",2985
Act IV,Scene VI,Menenius,And pay you for your voices. 'Tis no matter;,2986
Act IV,Scene VI,Menenius,"if he could burn us all into one coal,",2987
Act IV,Scene VI,Menenius,We have deserved it.,2988
Act IV,Scene VI,Citizens,"Faith, we hear fearful news.",2989
Act IV,Scene VI,First Citizen,"For mine own part,",2990
Act IV,Scene VI,First Citizen,"When I said, banish him, I said 'twas pity.",2991
Act IV,Scene VI,Second Citizen,And so did I.,2992
Act IV,Scene VI,Third Citizen,"And so did I; and, to say the truth, so did very",2993
Act IV,Scene VI,Third Citizen,"many of us: that we did, we did for the best; and",2994
Act IV,Scene VI,Third Citizen,"though we willingly consented to his banishment, yet",2995
Act IV,Scene VI,Third Citizen,it was against our will.,2996
Act IV,Scene VI,Cominius,"Ye re goodly things, you voices!",2997
Act IV,Scene VI,Menenius,You have made,2998
Act IV,Scene VI,Menenius,"Good work, you and your cry! Shall's to the Capitol?",2999
Act IV,Scene VI,Cominius,"O, ay, what else?",3000
Act IV,Scene VI,[stage direction],Exeunt COMINIUS and MENENIUS,NA
Act IV,Scene VI,Sicinius,"Go, masters, get you home; be not dismay'd:",3001
Act IV,Scene VI,Sicinius,These are a side that would be glad to have,3002
Act IV,Scene VI,Sicinius,"This true which they so seem to fear. Go home,",3003
Act IV,Scene VI,Sicinius,And show no sign of fear.,3004
Act IV,Scene VI,First Citizen,"The gods be good to us! Come, masters, let's home.",3005
Act IV,Scene VI,First Citizen,I ever said we were i' the wrong when we banished,3006
Act IV,Scene VI,First Citizen,him.,3007
Act IV,Scene VI,Second Citizen,"So did we all. But, come, let's home.",3008
Act IV,Scene VI,[stage direction],Exeunt Citizens,NA
Act IV,Scene VI,Brutus,I do not like this news.,3009
Act IV,Scene VI,Sicinius,Nor I.,3010
Act IV,Scene VI,Brutus,Let's to the Capitol. Would half my wealth,3011
Act IV,Scene VI,Brutus,Would buy this for a lie!,3012
Act IV,Scene VI,Sicinius,"Pray, let us go.",3013
Act IV,Scene VI,[stage direction],Exeunt,NA
Act IV,Scene VII,[stage direction],Enter AUFIDIUS and his Lieutenant,NA
Act IV,Scene VII,Aufidius,Do they still fly to the Roman?,3014
Act IV,Scene VII,Lieutenant,"I do not know what witchcraft's in him, but",3015
Act IV,Scene VII,Lieutenant,"Your soldiers use him as the grace 'fore meat,",3016
Act IV,Scene VII,Lieutenant,"Their talk at table, and their thanks at end;",3017
Act IV,Scene VII,Lieutenant,"And you are darken'd in this action, sir,",3018
Act IV,Scene VII,Lieutenant,Even by your own.,3019
Act IV,Scene VII,Aufidius,"I cannot help it now,",3020
Act IV,Scene VII,Aufidius,"Unless, by using means, I lame the foot",3021
Act IV,Scene VII,Aufidius,"Of our design. He bears himself more proudlier,",3022
Act IV,Scene VII,Aufidius,"Even to my person, than I thought he would",3023
Act IV,Scene VII,Aufidius,When first I did embrace him: yet his nature,3024
Act IV,Scene VII,Aufidius,In that's no changeling; and I must excuse,3025
Act IV,Scene VII,Aufidius,What cannot be amended.,3026
Act IV,Scene VII,Lieutenant,"Yet I wish, sir,--",3027
Act IV,Scene VII,Lieutenant,"I mean for your particular,--you had not",3028
Act IV,Scene VII,Lieutenant,Join'd in commission with him; but either,3029
Act IV,Scene VII,Lieutenant,"Had borne the action of yourself, or else",3030
Act IV,Scene VII,Lieutenant,To him had left it solely.,3031
Act IV,Scene VII,Aufidius,"I understand thee well; and be thou sure,",3032
Act IV,Scene VII,Aufidius,"when he shall come to his account, he knows not",3033
Act IV,Scene VII,Aufidius,"What I can urge against him. Although it seems,",3034
Act IV,Scene VII,Aufidius,"And so he thinks, and is no less apparent",3035
Act IV,Scene VII,Aufidius,"To the vulgar eye, that he bears all things fairly.",3036
Act IV,Scene VII,Aufidius,"And shows good husbandry for the Volscian state,",3037
Act IV,Scene VII,Aufidius,"Fights dragon-like, and does achieve as soon",3038
Act IV,Scene VII,Aufidius,As draw his sword; yet he hath left undone,3039
Act IV,Scene VII,Aufidius,"That which shall break his neck or hazard mine,",3040
Act IV,Scene VII,Aufidius,Whene'er we come to our account.,3041
Act IV,Scene VII,Lieutenant,"Sir, I beseech you, think you he'll carry Rome?",3042
Act IV,Scene VII,Aufidius,All places yield to him ere he sits down;,3043
Act IV,Scene VII,Aufidius,And the nobility of Rome are his:,3044
Act IV,Scene VII,Aufidius,The senators and patricians love him too:,3045
Act IV,Scene VII,Aufidius,The tribunes are no soldiers; and their people,3046
Act IV,Scene VII,Aufidius,"Will be as rash in the repeal, as hasty",3047
Act IV,Scene VII,Aufidius,To expel him thence. I think he'll be to Rome,3048
Act IV,Scene VII,Aufidius,"As is the osprey to the fish, who takes it",3049
Act IV,Scene VII,Aufidius,By sovereignty of nature. First he was,3050
Act IV,Scene VII,Aufidius,A noble servant to them; but he could not,3051
Act IV,Scene VII,Aufidius,"Carry his honours even: whether 'twas pride,",3052
Act IV,Scene VII,Aufidius,Which out of daily fortune ever taints,3053
Act IV,Scene VII,Aufidius,"The happy man; whether defect of judgment,",3054
Act IV,Scene VII,Aufidius,To fail in the disposing of those chances,3055
Act IV,Scene VII,Aufidius,"Which he was lord of; or whether nature,",3056
Act IV,Scene VII,Aufidius,"Not to be other than one thing, not moving",3057
Act IV,Scene VII,Aufidius,"From the casque to the cushion, but commanding peace",3058
Act IV,Scene VII,Aufidius,Even with the same austerity and garb,3059
Act IV,Scene VII,Aufidius,As he controll'd the war; but one of these--,3060
Act IV,Scene VII,Aufidius,"As he hath spices of them all, not all,",3061
Act IV,Scene VII,Aufidius,"For I dare so far free him--made him fear'd,",3062
Act IV,Scene VII,Aufidius,"So hated, and so banish'd: but he has a merit,",3063
Act IV,Scene VII,Aufidius,To choke it in the utterance. So our virtues,3064
Act IV,Scene VII,Aufidius,Lie in the interpretation of the time:,3065
Act IV,Scene VII,Aufidius,"And power, unto itself most commendable,",3066
Act IV,Scene VII,Aufidius,Hath not a tomb so evident as a chair,3067
Act IV,Scene VII,Aufidius,To extol what it hath done.,3068
Act IV,Scene VII,Aufidius,"One fire drives out one fire; one nail, one nail;",3069
Act IV,Scene VII,Aufidius,"Rights by rights falter, strengths by strengths do fail.",3070
Act IV,Scene VII,Aufidius,"Come, let's away. When, Caius, Rome is thine,",3071
Act IV,Scene VII,Aufidius,Thou art poor'st of all; then shortly art thou mine.,3072
Act IV,Scene VII,[stage direction],Exeunt,NA
Act V,Scene I,[stage direction],"Enter MENENIUS, COMINIUS, SICINIUS, BRUTUS, and others",NA
Act V,Scene I,Menenius,"No, I'll not go: you hear what he hath said",3073
Act V,Scene I,Menenius,Which was sometime his general; who loved him,3074
Act V,Scene I,Menenius,In a most dear particular. He call'd me father:,3075
Act V,Scene I,Menenius,"But what o' that? Go, you that banish'd him;",3076
Act V,Scene I,Menenius,"A mile before his tent fall down, and knee",3077
Act V,Scene I,Menenius,"The way into his mercy: nay, if he coy'd",3078
Act V,Scene I,Menenius,"To hear Cominius speak, I'll keep at home.",3079
Act V,Scene I,Cominius,He would not seem to know me.,3080
Act V,Scene I,Menenius,Do you hear?,3081
Act V,Scene I,Cominius,Yet one time he did call me by my name:,3082
Act V,Scene I,Cominius,"I urged our old acquaintance, and the drops",3083
Act V,Scene I,Cominius,That we have bled together. Coriolanus,3084
Act V,Scene I,Cominius,He would not answer to: forbad all names;,3085
Act V,Scene I,Cominius,"He was a kind of nothing, titleless,",3086
Act V,Scene I,Cominius,Till he had forged himself a name o' the fire,3087
Act V,Scene I,Cominius,Of burning Rome.,3088
Act V,Scene I,Menenius,"Why, so: you have made good work!",3089
Act V,Scene I,Menenius,"A pair of tribunes that have rack'd for Rome,",3090
Act V,Scene I,Menenius,"To make coals cheap,--a noble memory!",3091
Act V,Scene I,Cominius,I minded him how royal 'twas to pardon,3092
Act V,Scene I,Cominius,"When it was less expected: he replied,",3093
Act V,Scene I,Cominius,It was a bare petition of a state,3094
Act V,Scene I,Cominius,To one whom they had punish'd.,3095
Act V,Scene I,Menenius,Very well:,3096
Act V,Scene I,Menenius,Could he say less?,3097
Act V,Scene I,Cominius,I offer'd to awaken his regard,3098
Act V,Scene I,Cominius,"For's private friends: his answer to me was,",3099
Act V,Scene I,Cominius,He could not stay to pick them in a pile,3100
Act V,Scene I,Cominius,"Of noisome musty chaff: he said 'twas folly,",3101
Act V,Scene I,Cominius,"For one poor grain or two, to leave unburnt,",3102
Act V,Scene I,Cominius,And still to nose the offence.,3103
Act V,Scene I,Menenius,For one poor grain or two!,3104
Act V,Scene I,Menenius,"I am one of those; his mother, wife, his child,",3105
Act V,Scene I,Menenius,"And this brave fellow too, we are the grains:",3106
Act V,Scene I,Menenius,You are the musty chaff; and you are smelt,3107
Act V,Scene I,Menenius,Above the moon: we must be burnt for you.,3108
Act V,Scene I,Sicinius,"Nay, pray, be patient: if you refuse your aid",3109
Act V,Scene I,Sicinius,"In this so never-needed help, yet do not",3110
Act V,Scene I,Sicinius,"Upbraid's with our distress. But, sure, if you",3111
Act V,Scene I,Sicinius,"Would be your country's pleader, your good tongue,",3112
Act V,Scene I,Sicinius,"More than the instant army we can make,",3113
Act V,Scene I,Sicinius,Might stop our countryman.,3114
Act V,Scene I,Menenius,"No, I'll not meddle.",3115
Act V,Scene I,Sicinius,"Pray you, go to him.",3116
Act V,Scene I,Menenius,What should I do?,3117
Act V,Scene I,Brutus,Only make trial what your love can do,3118
Act V,Scene I,Brutus,"For Rome, towards Marcius.",3119
Act V,Scene I,Menenius,"Well, and say that Marcius",3120
Act V,Scene I,Menenius,"Return me, as Cominius is return'd,",3121
Act V,Scene I,Menenius,Unheard; what then?,3122
Act V,Scene I,Menenius,"But as a discontented friend, grief-shot",3123
Act V,Scene I,Menenius,With his unkindness? say't be so?,3124
Act V,Scene I,Sicinius,Yet your good will,3125
Act V,Scene I,Sicinius,"must have that thanks from Rome, after the measure",3126
Act V,Scene I,Sicinius,As you intended well.,3127
Act V,Scene I,Menenius,I'll undertake 't:,3128
Act V,Scene I,Menenius,"I think he'll hear me. Yet, to bite his lip",3129
Act V,Scene I,Menenius,"And hum at good Cominius, much unhearts me.",3130
Act V,Scene I,Menenius,He was not taken well; he had not dined:,3131
Act V,Scene I,Menenius,"The veins unfill'd, our blood is cold, and then",3132
Act V,Scene I,Menenius,"We pout upon the morning, are unapt",3133
Act V,Scene I,Menenius,To give or to forgive; but when we have stuff'd,3134
Act V,Scene I,Menenius,These and these conveyances of our blood,3135
Act V,Scene I,Menenius,"With wine and feeding, we have suppler souls",3136
Act V,Scene I,Menenius,Than in our priest-like fasts: therefore I'll watch him,3137
Act V,Scene I,Menenius,"Till he be dieted to my request,",3138
Act V,Scene I,Menenius,And then I'll set upon him.,3139
Act V,Scene I,Brutus,"You know the very road into his kindness,",3140
Act V,Scene I,Brutus,And cannot lose your way.,3141
Act V,Scene I,Menenius,"Good faith, I'll prove him,",3142
Act V,Scene I,Menenius,Speed how it will. I shall ere long have knowledge,3143
Act V,Scene I,Menenius,Of my success.,3144
Act V,Scene I,[stage direction],Exit,NA
Act V,Scene I,Cominius,He'll never hear him.,3145
Act V,Scene I,Sicinius,Not?,3146
Act V,Scene I,Cominius,"I tell you, he does sit in gold, his eye",3147
Act V,Scene I,Cominius,Red as 'twould burn Rome; and his injury,3148
Act V,Scene I,Cominius,The gaoler to his pity. I kneel'd before him;,3149
Act V,Scene I,Cominius,'Twas very faintly he said 'Rise;' dismiss'd me,3150
Act V,Scene I,Cominius,"Thus, with his speechless hand: what he would do,",3151
Act V,Scene I,Cominius,"He sent in writing after me; what he would not,",3152
Act V,Scene I,Cominius,Bound with an oath to yield to his conditions:,3153
Act V,Scene I,Cominius,So that all hope is vain.,3154
Act V,Scene I,Cominius,"Unless his noble mother, and his wife;",3155
Act V,Scene I,Cominius,"Who, as I hear, mean to solicit him",3156
Act V,Scene I,Cominius,"For mercy to his country. Therefore, let's hence,",3157
Act V,Scene I,Cominius,And with our fair entreaties haste them on.,3158
Act V,Scene I,[stage direction],Exeunt,NA
Act V,Scene II,Cominius,Two Sentinels on guard.,3159
Act V,Scene II,[stage direction],"Enter to them, MENENIUS",NA
Act V,Scene II,First Senator,Stay: whence are you?,3160
Act V,Scene II,Second Senator,"Stand, and go back.",3161
Act V,Scene II,Menenius,"You guard like men; 'tis well: but, by your leave,",3162
Act V,Scene II,Menenius,"I am an officer of state, and come",3163
Act V,Scene II,Menenius,To speak with Coriolanus.,3164
Act V,Scene II,First Senator,From whence?,3165
Act V,Scene II,Menenius,From Rome.,3166
Act V,Scene II,First Senator,"You may not pass, you must return: our general",3167
Act V,Scene II,First Senator,Will no more hear from thence.,3168
Act V,Scene II,Second Senator,You'll see your Rome embraced with fire before,3169
Act V,Scene II,Second Senator,You'll speak with Coriolanus.,3170
Act V,Scene II,Menenius,"Good my friends,",3171
Act V,Scene II,Menenius,"If you have heard your general talk of Rome,",3172
Act V,Scene II,Menenius,"And of his friends there, it is lots to blanks,",3173
Act V,Scene II,Menenius,My name hath touch'd your ears it is Menenius.,3174
Act V,Scene II,First Senator,Be it so; go back: the virtue of your name,3175
Act V,Scene II,First Senator,Is not here passable.,3176
Act V,Scene II,Menenius,"I tell thee, fellow,",3177
Act V,Scene II,Menenius,The general is my lover: I have been,3178
Act V,Scene II,Menenius,"The book of his good acts, whence men have read",3179
Act V,Scene II,Menenius,"His name unparallel'd, haply amplified;",3180
Act V,Scene II,Menenius,"For I have ever verified my friends,",3181
Act V,Scene II,Menenius,"Of whom he's chief, with all the size that verity",3182
Act V,Scene II,Menenius,"Would without lapsing suffer: nay, sometimes,",3183
Act V,Scene II,Menenius,"Like to a bowl upon a subtle ground,",3184
Act V,Scene II,Menenius,I have tumbled past the throw; and in his praise,3185
Act V,Scene II,Menenius,"Have almost stamp'd the leasing: therefore, fellow,",3186
Act V,Scene II,Menenius,I must have leave to pass.,3187
Act V,Scene II,First Senator,"Faith, sir, if you had told as many lies in his",3188
Act V,Scene II,First Senator,"behalf as you have uttered words in your own, you",3189
Act V,Scene II,First Senator,"should not pass here; no, though it were as virtuous",3190
Act V,Scene II,First Senator,"to lie as to live chastely. Therefore, go back.",3191
Act V,Scene II,Menenius,"Prithee, fellow, remember my name is Menenius,",3192
Act V,Scene II,Menenius,always factionary on the party of your general.,3193
Act V,Scene II,Second Senator,"Howsoever you have been his liar, as you say you",3194
Act V,Scene II,Second Senator,"have, I am one that, telling true under him, must",3195
Act V,Scene II,Second Senator,"say, you cannot pass. Therefore, go back.",3196
Act V,Scene II,Menenius,"Has he dined, canst thou tell? for I would not",3197
Act V,Scene II,Menenius,speak with him till after dinner.,3198
Act V,Scene II,First Senator,"You are a Roman, are you?",3199
Act V,Scene II,Menenius,"I am, as thy general is.",3200
Act V,Scene II,First Senator,"Then you should hate Rome, as he does. Can you,",3201
Act V,Scene II,First Senator,when you have pushed out your gates the very,3202
Act V,Scene II,First Senator,"defender of them, and, in a violent popular",3203
Act V,Scene II,First Senator,"ignorance, given your enemy your shield, think to",3204
Act V,Scene II,First Senator,front his revenges with the easy groans of old,3205
Act V,Scene II,First Senator,"women, the virginal palms of your daughters, or with",3206
Act V,Scene II,First Senator,the palsied intercession of such a decayed dotant as,3207
Act V,Scene II,First Senator,you seem to be? Can you think to blow out the,3208
Act V,Scene II,First Senator,"intended fire your city is ready to flame in, with",3209
Act V,Scene II,First Senator,"such weak breath as this? No, you are deceived;",3210
Act V,Scene II,First Senator,"therefore, back to Rome, and prepare for your",3211
Act V,Scene II,First Senator,"execution: you are condemned, our general has sworn",3212
Act V,Scene II,First Senator,you out of reprieve and pardon.,3213
Act V,Scene II,Menenius,"Sirrah, if thy captain knew I were here, he would",3214
Act V,Scene II,Menenius,use me with estimation.,3215
Act V,Scene II,Second Senator,"Come, my captain knows you not.",3216
Act V,Scene II,Menenius,"I mean, thy general.",3217
Act V,Scene II,First Senator,"My general cares not for you. Back, I say, go; lest",3218
Act V,Scene II,First Senator,"I let forth your half-pint of blood; back,--that's",3219
Act V,Scene II,First Senator,the utmost of your having: back.,3220
Act V,Scene II,Menenius,"Nay, but, fellow, fellow,--",3221
Act V,Scene II,[stage direction],Enter CORIOLANUS and AUFIDIUS,NA
Act V,Scene II,Coriolanus,What's the matter?,3222
Act V,Scene II,Menenius,"Now, you companion, I'll say an errand for you:",3223
Act V,Scene II,Menenius,You shall know now that I am in estimation; you shall,3224
Act V,Scene II,Menenius,perceive that a Jack guardant cannot office me from,3225
Act V,Scene II,Menenius,"my son Coriolanus: guess, but by my entertainment",3226
Act V,Scene II,Menenius,"with him, if thou standest not i' the state of",3227
Act V,Scene II,Menenius,"hanging, or of some death more long in",3228
Act V,Scene II,Menenius,"spectatorship, and crueller in suffering; behold now",3229
Act V,Scene II,Menenius,"presently, and swoon for what's to come upon thee.",3230
Act V,Scene II,[stage direction],To CORIOLANUS,NA
Act V,Scene II,Menenius,The glorious gods sit in hourly synod about thy,3231
Act V,Scene II,Menenius,"particular prosperity, and love thee no worse than",3232
Act V,Scene II,Menenius,"thy old father Menenius does! O my son, my son!",3233
Act V,Scene II,Menenius,"thou art preparing fire for us; look thee, here's",3234
Act V,Scene II,Menenius,water to quench it. I was hardly moved to come to,3235
Act V,Scene II,Menenius,thee; but being assured none but myself could move,3236
Act V,Scene II,Menenius,"thee, I have been blown out of your gates with",3237
Act V,Scene II,Menenius,"sighs; and conjure thee to pardon Rome, and thy",3238
Act V,Scene II,Menenius,petitionary countrymen. The good gods assuage thy,3239
Act V,Scene II,Menenius,"wrath, and turn the dregs of it upon this varlet",3240
Act V,Scene II,Menenius,"here,--this, who, like a block, hath denied my",3241
Act V,Scene II,Menenius,access to thee.,3242
Act V,Scene II,Coriolanus,Away!,3243
Act V,Scene II,Menenius,How! away!,3244
Act V,Scene II,Coriolanus,"Wife, mother, child, I know not. My affairs",3245
Act V,Scene II,Coriolanus,Are servanted to others: though I owe,3246
Act V,Scene II,Coriolanus,"My revenge properly, my remission lies",3247
Act V,Scene II,Coriolanus,"In Volscian breasts. That we have been familiar,",3248
Act V,Scene II,Coriolanus,"Ingrate forgetfulness shall poison, rather",3249
Act V,Scene II,Coriolanus,"Than pity note how much. Therefore, be gone.",3250
Act V,Scene II,Coriolanus,Mine ears against your suits are stronger than,3251
Act V,Scene II,Coriolanus,"Your gates against my force. Yet, for I loved thee,",3252
Act V,Scene II,Coriolanus,Take this along; I writ it for thy sake,3253
Act V,Scene II,[stage direction],Gives a letter,NA
Act V,Scene II,Coriolanus,"And would have rent it. Another word, Menenius,",3254
Act V,Scene II,Coriolanus,"I will not hear thee speak. This man, Aufidius,",3255
Act V,Scene II,Coriolanus,Was my beloved in Rome: yet thou behold'st!,3256
Act V,Scene II,Aufidius,You keep a constant temper.,3257
Act V,Scene II,[stage direction],Exeunt CORIOLANUS and AUFIDIUS,NA
Act V,Scene II,First Senator,"Now, sir, is your name Menenius?",3258
Act V,Scene II,Second Senator,"'Tis a spell, you see, of much  power: you know the",3259
Act V,Scene II,Second Senator,way home again.,3260
Act V,Scene II,First Senator,Do you hear how we are shent for keeping your,3261
Act V,Scene II,First Senator,greatness back?,3262
Act V,Scene II,Second Senator,"What cause, do you think, I have to swoon?",3263
Act V,Scene II,Menenius,I neither care for the world nor your general: for,3264
Act V,Scene II,Menenius,"such things as you, I can scarce think there's any,",3265
Act V,Scene II,Menenius,ye're so slight. He that hath a will to die by,3266
Act V,Scene II,Menenius,himself fears it not from another: let your general,3267
Act V,Scene II,Menenius,"do his worst. For you, be that you are, long; and",3268
Act V,Scene II,Menenius,"your misery increase with your age! I say to you,",3269
Act V,Scene II,Menenius,"as I was said to, Away!",3270
Act V,Scene II,[stage direction],Exit,NA
Act V,Scene II,First Senator,"A noble fellow, I warrant him.",3271
Act V,Scene II,Second Senator,"The worthy fellow is our general: he's the rock, the",3272
Act V,Scene II,Second Senator,oak not to be wind-shaken.,3273
Act V,Scene II,[stage direction],Exeunt,NA
Act V,Scene III,[stage direction],"Enter CORIOLANUS, AUFIDIUS, and others",NA
Act V,Scene III,Coriolanus,We will before the walls of Rome tomorrow,3274
Act V,Scene III,Coriolanus,"Set down our host. My partner in this action,",3275
Act V,Scene III,Coriolanus,"You must report to the Volscian lords, how plainly",3276
Act V,Scene III,Coriolanus,I have borne this business.,3277
Act V,Scene III,Aufidius,Only their ends,3278
Act V,Scene III,Aufidius,You have respected; stopp'd your ears against,3279
Act V,Scene III,Aufidius,The general suit of Rome; never admitted,3280
Act V,Scene III,Aufidius,"A private whisper, no, not with such friends",3281
Act V,Scene III,Aufidius,That thought them sure of you.,3282
Act V,Scene III,Coriolanus,"This last old man,",3283
Act V,Scene III,Coriolanus,"Whom with a crack'd heart I have sent to Rome,",3284
Act V,Scene III,Coriolanus,Loved me above the measure of a father;,3285
Act V,Scene III,Coriolanus,"Nay, godded me, indeed. Their latest refuge",3286
Act V,Scene III,Coriolanus,"Was to send him; for whose old love I have,",3287
Act V,Scene III,Coriolanus,"Though I show'd sourly to him, once more offer'd",3288
Act V,Scene III,Coriolanus,"The first conditions, which they did refuse",3289
Act V,Scene III,Coriolanus,And cannot now accept; to grace him only,3290
Act V,Scene III,Coriolanus,"That thought he could do more, a very little",3291
Act V,Scene III,Coriolanus,"I have yielded to: fresh embassies and suits,",3292
Act V,Scene III,Coriolanus,"Nor from the state nor private friends, hereafter",3293
Act V,Scene III,Coriolanus,Will I lend ear to. Ha! what shout is this?,3294
Act V,Scene III,[stage direction],Shout within,NA
Act V,Scene III,Coriolanus,Shall I be tempted to infringe my vow,3295
Act V,Scene III,Coriolanus,In the same time 'tis made? I will not.,3296
Act V,Scene III,[stage direction],"Enter in mourning habits, VIRGILIA, VOLUMNIA, leading young MARCIUS, VALERIA, and Attendants",NA
Act V,Scene III,Coriolanus,My wife comes foremost; then the honour'd mould,3297
Act V,Scene III,Coriolanus,"Wherein this trunk was framed, and in her hand",3298
Act V,Scene III,Coriolanus,"The grandchild to her blood. But, out, affection!",3299
Act V,Scene III,Coriolanus,"All bond and privilege of nature, break!",3300
Act V,Scene III,Coriolanus,Let it be virtuous to be obstinate.,3301
Act V,Scene III,Coriolanus,"What is that curt'sy worth? or those doves' eyes,",3302
Act V,Scene III,Coriolanus,"Which can make gods forsworn? I melt, and am not",3303
Act V,Scene III,Coriolanus,Of stronger earth than others. My mother bows;,3304
Act V,Scene III,Coriolanus,As if Olympus to a molehill should,3305
Act V,Scene III,Coriolanus,In supplication nod: and my young boy,3306
Act V,Scene III,Coriolanus,"Hath an aspect of intercession, which",3307
Act V,Scene III,Coriolanus,Great nature cries 'Deny not.' let the Volsces,3308
Act V,Scene III,Coriolanus,Plough Rome and harrow Italy: I'll never,3309
Act V,Scene III,Coriolanus,"Be such a gosling to obey instinct, but stand,",3310
Act V,Scene III,Coriolanus,As if a man were author of himself,3311
Act V,Scene III,Coriolanus,And knew no other kin.,3312
Act V,Scene III,Virgilia,My lord and husband!,3313
Act V,Scene III,Coriolanus,These eyes are not the same I wore in Rome.,3314
Act V,Scene III,Virgilia,The sorrow that delivers us thus changed,3315
Act V,Scene III,Virgilia,Makes you think so.,3316
Act V,Scene III,Coriolanus,"Like a dull actor now,",3317
Act V,Scene III,Coriolanus,"I have forgot my part, and I am out,",3318
Act V,Scene III,Coriolanus,"Even to a full disgrace. Best of my flesh,",3319
Act V,Scene III,Coriolanus,Forgive my tyranny; but do not say,3320
Act V,Scene III,Coriolanus,"For that 'Forgive our Romans.' O, a kiss",3321
Act V,Scene III,Coriolanus,"Long as my exile, sweet as my revenge!",3322
Act V,Scene III,Coriolanus,"Now, by the jealous queen of heaven, that kiss",3323
Act V,Scene III,Coriolanus,"I carried from thee, dear; and my true lip",3324
Act V,Scene III,Coriolanus,"Hath virgin'd it e'er since. You gods! I prate,",3325
Act V,Scene III,Coriolanus,And the most noble mother of the world,3326
Act V,Scene III,Coriolanus,"Leave unsaluted: sink, my knee, i' the earth;",3327
Act V,Scene III,[stage direction],Kneels,NA
Act V,Scene III,Coriolanus,Of thy deep duty more impression show,3328
Act V,Scene III,Coriolanus,Than that of common sons.,3329
Act V,Scene III,Volumnia,"O, stand up blest!",3330
Act V,Scene III,Volumnia,"Whilst, with no softer cushion than the flint,",3331
Act V,Scene III,Volumnia,I kneel before thee; and unproperly,3332
Act V,Scene III,Volumnia,"Show duty, as mistaken all this while",3333
Act V,Scene III,Volumnia,Between the child and parent.,3334
Act V,Scene III,[stage direction],Kneels,NA
Act V,Scene III,Coriolanus,What is this?,3335
Act V,Scene III,Coriolanus,Your knees to me? to your corrected son?,3336
Act V,Scene III,Coriolanus,Then let the pebbles on the hungry beach,3337
Act V,Scene III,Coriolanus,Fillip the stars; then let the mutinous winds,3338
Act V,Scene III,Coriolanus,Strike the proud cedars 'gainst the fiery sun;,3339
Act V,Scene III,Coriolanus,"Murdering impossibility, to make",3340
Act V,Scene III,Coriolanus,"What cannot be, slight work.",3341
Act V,Scene III,Volumnia,Thou art my warrior;,3342
Act V,Scene III,Volumnia,I holp to frame thee. Do you know this lady?,3343
Act V,Scene III,Coriolanus,"The noble sister of Publicola,",3344
Act V,Scene III,Coriolanus,"The moon of Rome, chaste as the icicle",3345
Act V,Scene III,Coriolanus,That's curdied by the frost from purest snow,3346
Act V,Scene III,Coriolanus,And hangs on Dian's temple: dear Valeria!,3347
Act V,Scene III,Volumnia,"This is a poor epitome of yours,",3348
Act V,Scene III,Volumnia,Which by the interpretation of full time,3349
Act V,Scene III,Volumnia,May show like all yourself.,3350
Act V,Scene III,Coriolanus,"The god of soldiers,",3351
Act V,Scene III,Coriolanus,"With the consent of supreme Jove, inform",3352
Act V,Scene III,Coriolanus,Thy thoughts with nobleness; that thou mayst prove,3353
Act V,Scene III,Coriolanus,"To shame unvulnerable, and stick i' the wars",3354
Act V,Scene III,Coriolanus,"Like a great sea-mark, standing every flaw,",3355
Act V,Scene III,Coriolanus,And saving those that eye thee!,3356
Act V,Scene III,Volumnia,"Your knee, sirrah.",3357
Act V,Scene III,Coriolanus,That's my brave boy!,3358
Act V,Scene III,Volumnia,"Even he, your wife, this lady, and myself,",3359
Act V,Scene III,Volumnia,Are suitors to you.,3360
Act V,Scene III,Coriolanus,"I beseech you, peace:",3361
Act V,Scene III,Coriolanus,"Or, if you'ld ask, remember this before:",3362
Act V,Scene III,Coriolanus,The thing I have forsworn to grant may never,3363
Act V,Scene III,Coriolanus,Be held by you denials. Do not bid me,3364
Act V,Scene III,Coriolanus,"Dismiss my soldiers, or capitulate",3365
Act V,Scene III,Coriolanus,Again with Rome's mechanics: tell me not,3366
Act V,Scene III,Coriolanus,Wherein I seem unnatural: desire not,3367
Act V,Scene III,Coriolanus,To ally my rages and revenges with,3368
Act V,Scene III,Coriolanus,Your colder reasons.,3369
Act V,Scene III,Volumnia,"O, no more, no more!",3370
Act V,Scene III,Volumnia,You have said you will not grant us any thing;,3371
Act V,Scene III,Volumnia,"For we have nothing else to ask, but that",3372
Act V,Scene III,Volumnia,Which you deny already: yet we will ask;,3373
Act V,Scene III,Volumnia,"That, if you fail in our request, the blame",3374
Act V,Scene III,Volumnia,May hang upon your hardness: therefore hear us.,3375
Act V,Scene III,Coriolanus,"Aufidius, and you Volsces, mark; for we'll",3376
Act V,Scene III,Coriolanus,Hear nought from Rome in private. Your request?,3377
Act V,Scene III,Volumnia,"Should we be silent and not speak, our raiment",3378
Act V,Scene III,Volumnia,And state of bodies would bewray what life,3379
Act V,Scene III,Volumnia,We have led since thy exile. Think with thyself,3380
Act V,Scene III,Volumnia,How more unfortunate than all living women,3381
Act V,Scene III,Volumnia,"Are we come hither: since that thy sight,",3382
Act V,Scene III,Volumnia,which should,3383
Act V,Scene III,Volumnia,"Make our eyes flow with joy, hearts dance",3384
Act V,Scene III,Volumnia,"with comforts,",3385
Act V,Scene III,Volumnia,Constrains them weep and shake with fear and sorrow;,3386
Act V,Scene III,Volumnia,"Making the mother, wife and child to see",3387
Act V,Scene III,Volumnia,"The son, the husband and the father tearing",3388
Act V,Scene III,Volumnia,His country's bowels out. And to poor we,3389
Act V,Scene III,Volumnia,Thine enmity's most capital: thou barr'st us,3390
Act V,Scene III,Volumnia,"Our prayers to the gods, which is a comfort",3391
Act V,Scene III,Volumnia,"That all but we enjoy; for how can we,",3392
Act V,Scene III,Volumnia,"Alas, how can we for our country pray.",3393
Act V,Scene III,Volumnia,"Whereto we are bound, together with thy victory,",3394
Act V,Scene III,Volumnia,"Whereto we are bound? alack, or we must lose",3395
Act V,Scene III,Volumnia,"The country, our dear nurse, or else thy person,",3396
Act V,Scene III,Volumnia,Our comfort in the country. We must find,3397
Act V,Scene III,Volumnia,"An evident calamity, though we had",3398
Act V,Scene III,Volumnia,"Our wish, which side should win: for either thou",3399
Act V,Scene III,Volumnia,"Must, as a foreign recreant, be led",3400
Act V,Scene III,Volumnia,"With manacles thorough our streets, or else",3401
Act V,Scene III,Volumnia,"triumphantly tread on thy country's ruin,",3402
Act V,Scene III,Volumnia,And bear the palm for having bravely shed,3403
Act V,Scene III,Volumnia,"Thy wife and children's blood. For myself, son,",3404
Act V,Scene III,Volumnia,I purpose not to wait on fortune till,3405
Act V,Scene III,Volumnia,These wars determine: if I cannot persuade thee,3406
Act V,Scene III,Volumnia,Rather to show a noble grace to both parts,3407
Act V,Scene III,Volumnia,"Than seek the end of one, thou shalt no sooner",3408
Act V,Scene III,Volumnia,March to assault thy country than to tread--,3409
Act V,Scene III,Volumnia,"Trust to't, thou shalt not--on thy mother's womb,",3410
Act V,Scene III,Volumnia,That brought thee to this world.,3411
Act V,Scene III,Virgilia,"Ay, and mine,",3412
Act V,Scene III,Virgilia,"That brought you forth this boy, to keep your name",3413
Act V,Scene III,Virgilia,Living to time.,3414
Act V,Scene III,Young Marcius,A' shall not tread on me;,3415
Act V,Scene III,Young Marcius,"I'll run away till I am bigger, but then I'll fight.",3416
Act V,Scene III,Coriolanus,"Not of a woman's tenderness to be,",3417
Act V,Scene III,Coriolanus,Requires nor child nor woman's face to see.,3418
Act V,Scene III,Coriolanus,I have sat too long.,3419
Act V,Scene III,[stage direction],Rising,NA
Act V,Scene III,Volumnia,"Nay, go not from us thus.",3420
Act V,Scene III,Volumnia,If it were so that our request did tend,3421
Act V,Scene III,Volumnia,"To save the Romans, thereby to destroy",3422
Act V,Scene III,Volumnia,"The Volsces whom you serve, you might condemn us,",3423
Act V,Scene III,Volumnia,As poisonous of your honour: no; our suit,3424
Act V,Scene III,Volumnia,Is that you reconcile them: while the Volsces,3425
Act V,Scene III,Volumnia,"May say 'This mercy we have show'd;' the Romans,",3426
Act V,Scene III,Volumnia,'This we received;' and each in either side,3427
Act V,Scene III,Volumnia,Give the all-hail to thee and cry 'Be blest,3428
Act V,Scene III,Volumnia,"For making up this peace!' Thou know'st, great son,",3429
Act V,Scene III,Volumnia,"The end of war's uncertain, but this certain,",3430
Act V,Scene III,Volumnia,"That, if thou conquer Rome, the benefit",3431
Act V,Scene III,Volumnia,"Which thou shalt thereby reap is such a name,",3432
Act V,Scene III,Volumnia,Whose repetition will be dogg'd with curses;,3433
Act V,Scene III,Volumnia,"Whose chronicle thus writ: 'The man was noble,",3434
Act V,Scene III,Volumnia,But with his last attempt he wiped it out;,3435
Act V,Scene III,Volumnia,"Destroy'd his country, and his name remains",3436
Act V,Scene III,Volumnia,"To the ensuing age abhorr'd.' Speak to me, son:",3437
Act V,Scene III,Volumnia,"Thou hast affected the fine strains of honour,",3438
Act V,Scene III,Volumnia,To imitate the graces of the gods;,3439
Act V,Scene III,Volumnia,"To tear with thunder the wide cheeks o' the air,",3440
Act V,Scene III,Volumnia,And yet to charge thy sulphur with a bolt,3441
Act V,Scene III,Volumnia,That should but rive an oak. Why dost not speak?,3442
Act V,Scene III,Volumnia,Think'st thou it honourable for a noble man,3443
Act V,Scene III,Volumnia,"Still to remember wrongs? Daughter, speak you:",3444
Act V,Scene III,Volumnia,"He cares not for your weeping. Speak thou, boy:",3445
Act V,Scene III,Volumnia,Perhaps thy childishness will move him more,3446
Act V,Scene III,Volumnia,Than can our reasons. There's no man in the world,3447
Act V,Scene III,Volumnia,More bound to 's mother; yet here he lets me prate,3448
Act V,Scene III,Volumnia,Like one i' the stocks. Thou hast never in thy life,3449
Act V,Scene III,Volumnia,"Show'd thy dear mother any courtesy,",3450
Act V,Scene III,Volumnia,"When she, poor hen, fond of no second brood,",3451
Act V,Scene III,Volumnia,"Has cluck'd thee to the wars and safely home,",3452
Act V,Scene III,Volumnia,"Loaden with honour. Say my request's unjust,",3453
Act V,Scene III,Volumnia,"And spurn me back: but if it be not so,",3454
Act V,Scene III,Volumnia,"Thou art not honest; and the gods will plague thee,",3455
Act V,Scene III,Volumnia,That thou restrain'st from me the duty which,3456
Act V,Scene III,Volumnia,To a mother's part belongs. He turns away:,3457
Act V,Scene III,Volumnia,"Down, ladies; let us shame him with our knees.",3458
Act V,Scene III,Volumnia,To his surname Coriolanus 'longs more pride,3459
Act V,Scene III,Volumnia,Than pity to our prayers. Down: an end;,3460
Act V,Scene III,Volumnia,"This is the last: so we will home to Rome,",3461
Act V,Scene III,Volumnia,"And die among our neighbours. Nay, behold 's:",3462
Act V,Scene III,Volumnia,"This boy, that cannot tell what he would have",3463
Act V,Scene III,Volumnia,"But kneels and holds up bands for fellowship,",3464
Act V,Scene III,Volumnia,Does reason our petition with more strength,3465
Act V,Scene III,Volumnia,"Than thou hast to deny 't. Come, let us go:",3466
Act V,Scene III,Volumnia,This fellow had a Volscian to his mother;,3467
Act V,Scene III,Volumnia,His wife is in Corioli and his child,3468
Act V,Scene III,Volumnia,Like him by chance. Yet give us our dispatch:,3469
Act V,Scene III,Volumnia,"I am hush'd until our city be a-fire,",3470
Act V,Scene III,Volumnia,And then I'll speak a little.,3471
Act V,Scene III,[stage direction],"He holds her by the hand, silent",NA
Act V,Scene III,Coriolanus,"O mother, mother!",3472
Act V,Scene III,Coriolanus,"What have you done? Behold, the heavens do ope,",3473
Act V,Scene III,Coriolanus,"The gods look down, and this unnatural scene",3474
Act V,Scene III,Coriolanus,"They laugh at. O my mother, mother! O!",3475
Act V,Scene III,Coriolanus,You have won a happy victory to Rome;,3476
Act V,Scene III,Coriolanus,"But, for your son,--believe it, O, believe it,",3477
Act V,Scene III,Coriolanus,"Most dangerously you have with him prevail'd,",3478
Act V,Scene III,Coriolanus,"If not most mortal to him. But, let it come.",3479
Act V,Scene III,Coriolanus,"Aufidius, though I cannot make true wars,",3480
Act V,Scene III,Coriolanus,"I'll frame convenient peace. Now, good Aufidius,",3481
Act V,Scene III,Coriolanus,"Were you in my stead, would you have heard",3482
Act V,Scene III,Coriolanus,"A mother less? or granted less, Aufidius?",3483
Act V,Scene III,Aufidius,I was moved withal.,3484
Act V,Scene III,Coriolanus,I dare be sworn you were:,3485
Act V,Scene III,Coriolanus,"And, sir, it is no little thing to make",3486
Act V,Scene III,Coriolanus,"Mine eyes to sweat compassion. But, good sir,",3487
Act V,Scene III,Coriolanus,"What peace you'll make, advise me: for my part,",3488
Act V,Scene III,Coriolanus,"I'll not to Rome, I'll back with you; and pray you,",3489
Act V,Scene III,Coriolanus,Stand to me in this cause. O mother! wife!,3490
Act V,Scene III,Aufidius,[Aside]  I am glad thou hast set thy mercy and,3491
Act V,Scene III,Aufidius,thy honour,3492
Act V,Scene III,Aufidius,At difference in thee: out of that I'll work,3493
Act V,Scene III,Aufidius,Myself a former fortune.,3494
Act V,Scene III,[stage direction],The Ladies make signs to CORIOLANUS,NA
Act V,Scene III,Coriolanus,"Ay, by and by;",3495
Act V,Scene III,[stage direction],"To VOLUMNIA, VIRGILIA,  &amp; c",NA
Act V,Scene III,Coriolanus,But we will drink together; and you shall bear,3496
Act V,Scene III,Coriolanus,"A better witness back than words, which we,",3497
Act V,Scene III,Coriolanus,"On like conditions, will have counter-seal'd.",3498
Act V,Scene III,Coriolanus,"Come, enter with us. Ladies, you deserve",3499
Act V,Scene III,Coriolanus,To have a temple built you: all the swords,3500
Act V,Scene III,Coriolanus,"In Italy, and her confederate arms,",3501
Act V,Scene III,Coriolanus,Could not have made this peace.,3502
Act V,Scene III,[stage direction],Exeunt,NA
Act V,Scene IV,[stage direction],Enter MENENIUS and SICINIUS,NA
Act V,Scene IV,Menenius,"See you yond coign o' the Capitol, yond",3503
Act V,Scene IV,Menenius,corner-stone?,3504
Act V,Scene IV,Sicinius,"Why, what of that?",3505
Act V,Scene IV,Menenius,If it be possible for you to displace it with your,3506
Act V,Scene IV,Menenius,"little finger, there is some hope the ladies of",3507
Act V,Scene IV,Menenius,"Rome, especially his mother, may prevail with him.",3508
Act V,Scene IV,Menenius,But I say there is no hope in't: our throats are,3509
Act V,Scene IV,Menenius,sentenced and stay upon execution.,3510
Act V,Scene IV,Sicinius,Is't possible that so short a time can alter the,3511
Act V,Scene IV,Sicinius,condition of a man!,3512
Act V,Scene IV,Menenius,There is differency between a grub and a butterfly;,3513
Act V,Scene IV,Menenius,yet your butterfly was a grub. This Marcius is grown,3514
Act V,Scene IV,Menenius,from man to dragon: he has wings; he's more than a,3515
Act V,Scene IV,Menenius,creeping thing.,3516
Act V,Scene IV,Sicinius,He loved his mother dearly.,3517
Act V,Scene IV,Menenius,So did he me: and he no more remembers his mother,3518
Act V,Scene IV,Menenius,now than an eight-year-old horse. The tartness,3519
Act V,Scene IV,Menenius,"of his face sours ripe grapes: when he walks, he",3520
Act V,Scene IV,Menenius,"moves like an engine, and the ground shrinks before",3521
Act V,Scene IV,Menenius,his treading: he is able to pierce a corslet with,3522
Act V,Scene IV,Menenius,"his eye; talks like a knell, and his hum is a",3523
Act V,Scene IV,Menenius,"battery. He sits in his state, as a thing made for",3524
Act V,Scene IV,Menenius,Alexander. What he bids be done is finished with,3525
Act V,Scene IV,Menenius,his bidding. He wants nothing of a god but eternity,3526
Act V,Scene IV,Menenius,and a heaven to throne in.,3527
Act V,Scene IV,Sicinius,"Yes, mercy, if you report him truly.",3528
Act V,Scene IV,Menenius,I paint him in the character. Mark what mercy his,3529
Act V,Scene IV,Menenius,mother shall bring from him: there is no more mercy,3530
Act V,Scene IV,Menenius,in him than there is milk in a male tiger; that,3531
Act V,Scene IV,Menenius,shall our poor city find: and all this is long of,3532
Act V,Scene IV,Menenius,you.,3533
Act V,Scene IV,Sicinius,The gods be good unto us!,3534
Act V,Scene IV,Menenius,"No, in such a case the gods will not be good unto",3535
Act V,Scene IV,Menenius,"us. When we banished him, we respected not them;",3536
Act V,Scene IV,Menenius,"and, he returning to break our necks, they respect not us.",3537
Act V,Scene IV,[stage direction],Enter a Messenger,NA
Act V,Scene IV,Messenger,"Sir, if you'ld save your life, fly to your house:",3538
Act V,Scene IV,Messenger,The plebeians have got your fellow-tribune,3539
Act V,Scene IV,Messenger,"And hale him up and down, all swearing, if",3540
Act V,Scene IV,Messenger,"The Roman ladies bring not comfort home,",3541
Act V,Scene IV,Messenger,They'll give him death by inches.,3542
Act V,Scene IV,[stage direction],Enter a second Messenger,NA
Act V,Scene IV,Sicinius,What's the news?,3543
Act V,Scene IV,Second Messenger,"Good news, good news; the ladies have prevail'd,",3544
Act V,Scene IV,Second Messenger,"The Volscians are dislodged, and Marcius gone:",3545
Act V,Scene IV,Second Messenger,"A merrier day did never yet greet Rome,",3546
Act V,Scene IV,Second Messenger,"No, not the expulsion of the Tarquins.",3547
Act V,Scene IV,Sicinius,"Friend,",3548
Act V,Scene IV,Sicinius,Art thou certain this is true? is it most certain?,3549
Act V,Scene IV,Second Messenger,As certain as I know the sun is fire:,3550
Act V,Scene IV,Second Messenger,"Where have you lurk'd, that you make doubt of it?",3551
Act V,Scene IV,Second Messenger,"Ne'er through an arch so hurried the blown tide,",3552
Act V,Scene IV,Second Messenger,"As the recomforted through the gates. Why, hark you!",3553
Act V,Scene IV,[stage direction],Trumpets; hautboys; drums beat; all together,NA
Act V,Scene IV,Second Messenger,"The trumpets, sackbuts, psalteries and fifes,",3554
Act V,Scene IV,Second Messenger,"Tabours and cymbals and the shouting Romans,",3555
Act V,Scene IV,Second Messenger,Make the sun dance. Hark you!,3556
Act V,Scene IV,[stage direction],A shout within,NA
Act V,Scene IV,Menenius,This is good news:,3557
Act V,Scene IV,Menenius,I will go meet the ladies. This Volumnia,3558
Act V,Scene IV,Menenius,"Is worth of consuls, senators, patricians,",3559
Act V,Scene IV,Menenius,"A city full; of tribunes, such as you,",3560
Act V,Scene IV,Menenius,A sea and land full. You have pray'd well to-day:,3561
Act V,Scene IV,Menenius,This morning for ten thousand of your throats,3562
Act V,Scene IV,Menenius,"I'd not have given a doit. Hark, how they joy!",3563
Act V,Scene IV,[stage direction],"Music still, with shouts",NA
Act V,Scene IV,Sicinius,"First, the gods bless you for your tidings; next,",3564
Act V,Scene IV,Sicinius,Accept my thankfulness.,3565
Act V,Scene IV,Second Messenger,"Sir, we have all",3566
Act V,Scene IV,Second Messenger,Great cause to give great thanks.,3567
Act V,Scene IV,Sicinius,They are near the city?,3568
Act V,Scene IV,Second Messenger,Almost at point to enter.,3569
Act V,Scene IV,Sicinius,"We will meet them,",3570
Act V,Scene IV,Sicinius,And help the joy.,3571
Act V,Scene IV,[stage direction],Exeunt,NA
Act V,Scene V,[stage direction],"Enter two Senators with VOLUMNIA, VIRGILIA,  VALERIA,  &amp; c. passing over the stage, followed by Patricians and others",NA
Act V,Scene V,First Senator,"Behold our patroness, the life of Rome!",3572
Act V,Scene V,First Senator,"Call all your tribes together, praise the gods,",3573
Act V,Scene V,First Senator,And make triumphant fires; strew flowers before them:,3574
Act V,Scene V,First Senator,"Unshout the noise that banish'd Marcius,",3575
Act V,Scene V,First Senator,Repeal him with the welcome of his mother;,3576
Act V,Scene V,First Senator,"Cry 'Welcome, ladies, welcome!'",3577
Act V,Scene V,All,"Welcome, ladies, Welcome!",3578
Act V,Scene V,[stage direction],A flourish with drums and trumpets. Exeunt,NA
Act V,Scene VI,[stage direction],"Enter TULLUS AUFIDIUS, with Attendants",NA
Act V,Scene VI,Aufidius,Go tell the lords o' the city I am here:,3579
Act V,Scene VI,Aufidius,"Deliver them this paper: having read it,",3580
Act V,Scene VI,Aufidius,"Bid them repair to the market place; where I,",3581
Act V,Scene VI,Aufidius,"Even in theirs and in the commons' ears,",3582
Act V,Scene VI,Aufidius,Will vouch the truth of it. Him I accuse,3583
Act V,Scene VI,Aufidius,The city ports by this hath enter'd and,3584
Act V,Scene VI,Aufidius,"Intends to appear before the people, hoping",3585
Act V,Scene VI,Aufidius,To purge herself with words: dispatch.,3586
Act V,Scene VI,[stage direction],Exeunt Attendants,NA
Act V,Scene VI,[stage direction],Enter three or four Conspirators of AUFIDIUS' faction,NA
Act V,Scene VI,Aufidius,Most welcome!,3587
Act V,Scene VI,First Conspirator,How is it with our general?,3588
Act V,Scene VI,Aufidius,Even so,3589
Act V,Scene VI,Aufidius,"As with a man by his own alms empoison'd,",3590
Act V,Scene VI,Aufidius,And with his charity slain.,3591
Act V,Scene VI,Second Conspirator,"Most noble sir,",3592
Act V,Scene VI,Second Conspirator,If you do hold the same intent wherein,3593
Act V,Scene VI,Second Conspirator,"You wish'd us parties, we'll deliver you",3594
Act V,Scene VI,Second Conspirator,Of your great danger.,3595
Act V,Scene VI,Aufidius,"Sir, I cannot tell:",3596
Act V,Scene VI,Aufidius,We must proceed as we do find the people.,3597
Act V,Scene VI,Third Conspirator,The people will remain uncertain whilst,3598
Act V,Scene VI,Third Conspirator,'Twixt you there's difference; but the fall of either,3599
Act V,Scene VI,Third Conspirator,Makes the survivor heir of all.,3600
Act V,Scene VI,Aufidius,I know it;,3601
Act V,Scene VI,Aufidius,And my pretext to strike at him admits,3602
Act V,Scene VI,Aufidius,"A good construction. I raised him, and I pawn'd",3603
Act V,Scene VI,Aufidius,"Mine honour for his truth: who being so heighten'd,",3604
Act V,Scene VI,Aufidius,"He water'd his new plants with dews of flattery,",3605
Act V,Scene VI,Aufidius,"Seducing so my friends; and, to this end,",3606
Act V,Scene VI,Aufidius,"He bow'd his nature, never known before",3607
Act V,Scene VI,Aufidius,"But to be rough, unswayable and free.",3608
Act V,Scene VI,Third Conspirator,"Sir, his stoutness",3609
Act V,Scene VI,Third Conspirator,"When he did stand for consul, which he lost",3610
Act V,Scene VI,Third Conspirator,"By lack of stooping,--",3611
Act V,Scene VI,Aufidius,That I would have spoke of:,3612
Act V,Scene VI,Aufidius,"Being banish'd for't, he came unto my hearth;",3613
Act V,Scene VI,Aufidius,Presented to my knife his throat: I took him;,3614
Act V,Scene VI,Aufidius,Made him joint-servant with me; gave him way,3615
Act V,Scene VI,Aufidius,"In all his own desires; nay, let him choose",3616
Act V,Scene VI,Aufidius,"Out of my files, his projects to accomplish,",3617
Act V,Scene VI,Aufidius,My best and freshest men; served his designments,3618
Act V,Scene VI,Aufidius,In mine own person; holp to reap the fame,3619
Act V,Scene VI,Aufidius,Which he did end all his; and took some pride,3620
Act V,Scene VI,Aufidius,"To do myself this wrong: till, at the last,",3621
Act V,Scene VI,Aufidius,"I seem'd his follower, not partner, and",3622
Act V,Scene VI,Aufidius,"He waged me with his countenance, as if",3623
Act V,Scene VI,Aufidius,I had been mercenary.,3624
Act V,Scene VI,First Conspirator,"So he did, my lord:",3625
Act V,Scene VI,First Conspirator,"The army marvell'd at it, and, in the last,",3626
Act V,Scene VI,First Conspirator,When he had carried Rome and that we look'd,3627
Act V,Scene VI,First Conspirator,"For no less spoil than glory,--",3628
Act V,Scene VI,Aufidius,There was it:,3629
Act V,Scene VI,Aufidius,For which my sinews shall be stretch'd upon him.,3630
Act V,Scene VI,Aufidius,"At a few drops of women's rheum, which are",3631
Act V,Scene VI,Aufidius,"As cheap as lies, he sold the blood and labour",3632
Act V,Scene VI,Aufidius,"Of our great action: therefore shall he die,",3633
Act V,Scene VI,Aufidius,"And I'll renew me in his fall. But, hark!",3634
Act V,Scene VI,[stage direction],"Drums and trumpets sound, with great shouts of the People",NA
Act V,Scene VI,First Conspirator,"Your native town you enter'd like a post,",3635
Act V,Scene VI,First Conspirator,"And had no welcomes home: but he returns,",3636
Act V,Scene VI,First Conspirator,Splitting the air with noise.,3637
Act V,Scene VI,Second Conspirator,"And patient fools,",3638
Act V,Scene VI,Second Conspirator,"Whose children he hath slain, their base throats tear",3639
Act V,Scene VI,Second Conspirator,With giving him glory.,3640
Act V,Scene VI,Third Conspirator,"Therefore, at your vantage,",3641
Act V,Scene VI,Third Conspirator,"Ere he express himself, or move the people",3642
Act V,Scene VI,Third Conspirator,"With what he would say, let him feel your sword,",3643
Act V,Scene VI,Third Conspirator,"Which we will second. When he lies along,",3644
Act V,Scene VI,Third Conspirator,After your way his tale pronounced shall bury,3645
Act V,Scene VI,Third Conspirator,His reasons with his body.,3646
Act V,Scene VI,Aufidius,Say no more:,3647
Act V,Scene VI,Aufidius,Here come the lords.,3648
Act V,Scene VI,[stage direction],Enter the Lords of the city,NA
Act V,Scene VI,All The Lords,You are most welcome home.,3649
Act V,Scene VI,Aufidius,I have not deserved it.,3650
Act V,Scene VI,Aufidius,"But, worthy lords, have you with heed perused",3651
Act V,Scene VI,Aufidius,What I have written to you?,3652
Act V,Scene VI,Lords,We have.,3653
Act V,Scene VI,First Lord,And grieve to hear't.,3654
Act V,Scene VI,First Lord,"What faults he made before the last, I think",3655
Act V,Scene VI,First Lord,Might have found easy fines: but there to end,3656
Act V,Scene VI,First Lord,Where he was to begin and give away,3657
Act V,Scene VI,First Lord,"The benefit of our levies, answering us",3658
Act V,Scene VI,First Lord,"With our own charge, making a treaty where",3659
Act V,Scene VI,First Lord,"There was a yielding,--this admits no excuse.",3660
Act V,Scene VI,Aufidius,He approaches: you shall hear him.,3661
Act V,Scene VI,[stage direction],"Enter CORIOLANUS, marching with drum and colours; commoners being with him",NA
Act V,Scene VI,Coriolanus,"Hail, lords! I am return'd your soldier,",3662
Act V,Scene VI,Coriolanus,No more infected with my country's love,3663
Act V,Scene VI,Coriolanus,"Than when I parted hence, but still subsisting",3664
Act V,Scene VI,Coriolanus,Under your great command. You are to know,3665
Act V,Scene VI,Coriolanus,That prosperously I have attempted and,3666
Act V,Scene VI,Coriolanus,With bloody passage led your wars even to,3667
Act V,Scene VI,Coriolanus,The gates of Rome. Our spoils we have brought home,3668
Act V,Scene VI,Coriolanus,Do more than counterpoise a full third part,3669
Act V,Scene VI,Coriolanus,The charges of the action. We have made peace,3670
Act V,Scene VI,Coriolanus,With no less honour to the Antiates,3671
Act V,Scene VI,Coriolanus,"Than shame to the Romans: and we here deliver,",3672
Act V,Scene VI,Coriolanus,"Subscribed by the consuls and patricians,",3673
Act V,Scene VI,Coriolanus,"Together with the seal o' the senate, what",3674
Act V,Scene VI,Coriolanus,We have compounded on.,3675
Act V,Scene VI,Aufidius,"Read it not, noble lords;",3676
Act V,Scene VI,Aufidius,"But tell the traitor, in the high'st degree",3677
Act V,Scene VI,Aufidius,He hath abused your powers.,3678
Act V,Scene VI,Coriolanus,Traitor! how now!,3679
Act V,Scene VI,Aufidius,"Ay, traitor, Marcius!",3680
Act V,Scene VI,Coriolanus,Marcius!,3681
Act V,Scene VI,Aufidius,"Ay, Marcius, Caius Marcius: dost thou think",3682
Act V,Scene VI,Aufidius,"I'll grace thee with that robbery, thy stol'n name",3683
Act V,Scene VI,Aufidius,Coriolanus in Corioli?,3684
Act V,Scene VI,Aufidius,"You lords and heads o' the state, perfidiously",3685
Act V,Scene VI,Aufidius,"He has betray'd your business, and given up,",3686
Act V,Scene VI,Aufidius,"For certain drops of salt, your city Rome,",3687
Act V,Scene VI,Aufidius,"I say 'your city,' to his wife and mother;",3688
Act V,Scene VI,Aufidius,Breaking his oath and resolution like,3689
Act V,Scene VI,Aufidius,"A twist of rotten silk, never admitting",3690
Act V,Scene VI,Aufidius,"Counsel o' the war, but at his nurse's tears",3691
Act V,Scene VI,Aufidius,"He whined and roar'd away your victory,",3692
Act V,Scene VI,Aufidius,That pages blush'd at him and men of heart,3693
Act V,Scene VI,Aufidius,Look'd wondering each at other.,3694
Act V,Scene VI,Coriolanus,"Hear'st thou, Mars?",3695
Act V,Scene VI,Aufidius,"Name not the god, thou boy of tears!",3696
Act V,Scene VI,Coriolanus,Ha!,3697
Act V,Scene VI,Aufidius,No more.,3698
Act V,Scene VI,Coriolanus,"Measureless liar, thou hast made my heart",3699
Act V,Scene VI,Coriolanus,Too great for what contains it. Boy! O slave!,3700
Act V,Scene VI,Coriolanus,"Pardon me, lords, 'tis the first time that ever",3701
Act V,Scene VI,Coriolanus,"I was forced to scold. Your judgments, my grave lords,",3702
Act V,Scene VI,Coriolanus,Must give this cur the lie: and his own notion--,3703
Act V,Scene VI,Coriolanus,Who wears my stripes impress'd upon him; that,3704
Act V,Scene VI,Coriolanus,Must bear my beating to his grave--shall join,3705
Act V,Scene VI,Coriolanus,To thrust the lie unto him.,3706
Act V,Scene VI,First Lord,"Peace, both, and hear me speak.",3707
Act V,Scene VI,Coriolanus,"Cut me to pieces, Volsces; men and lads,",3708
Act V,Scene VI,Coriolanus,Stain all your edges on me. Boy! false hound!,3709
Act V,Scene VI,Coriolanus,"If you have writ your annals true, 'tis there,",3710
Act V,Scene VI,Coriolanus,"That, like an eagle in a dove-cote, I",3711
Act V,Scene VI,Coriolanus,Flutter'd your Volscians in Corioli:,3712
Act V,Scene VI,Coriolanus,Alone I did it. Boy!,3713
Act V,Scene VI,Aufidius,"Why, noble lords,",3714
Act V,Scene VI,Aufidius,"Will you be put in mind of his blind fortune,",3715
Act V,Scene VI,Aufidius,"Which was your shame, by this unholy braggart,",3716
Act V,Scene VI,Aufidius,'Fore your own eyes and ears?,3717
Act V,Scene VI,All Conspirators,Let him die for't.,3718
Act V,Scene VI,All The People,'Tear him to pieces.' 'Do it presently.' 'He kill'd,3719
Act V,Scene VI,All The People,my son.' 'My daughter.' 'He killed my cousin,3720
Act V,Scene VI,All The People,Marcus.' 'He killed my father.',3721
Act V,Scene VI,Second Lord,"Peace, ho! no outrage: peace!",3722
Act V,Scene VI,Second Lord,The man is noble and his fame folds-in,3723
Act V,Scene VI,Second Lord,This orb o' the earth. His last offences to us,3724
Act V,Scene VI,Second Lord,"Shall have judicious hearing. Stand, Aufidius,",3725
Act V,Scene VI,Second Lord,And trouble not the peace.,3726
Act V,Scene VI,Coriolanus,"O that I had him,",3727
Act V,Scene VI,Coriolanus,"With six Aufidiuses, or more, his tribe,",3728
Act V,Scene VI,Coriolanus,To use my lawful sword!,3729
Act V,Scene VI,Aufidius,Insolent villain!,3730
Act V,Scene VI,All Conspirators,"Kill, kill, kill, kill, kill him!",3731
Act V,Scene VI,[stage direction],"The Conspirators draw, and kill CORIOLANUS: AUFIDIUS stands on his body",NA
Act V,Scene VI,Lords,"Hold, hold, hold, hold!",3732
Act V,Scene VI,Aufidius,"My noble masters, hear me speak.",3733
Act V,Scene VI,First Lord,"O Tullus,--",3734
Act V,Scene VI,Second Lord,Thou hast done a deed whereat valour will weep.,3735
Act V,Scene VI,Third Lord,"Tread not upon him. Masters all, be quiet;",3736
Act V,Scene VI,Third Lord,Put up your swords.,3737
Act V,Scene VI,Aufidius,"My lords, when you shall know--as in this rage,",3738
Act V,Scene VI,Aufidius,"Provoked by him, you cannot--the great danger",3739
Act V,Scene VI,Aufidius,"Which this man's life did owe you, you'll rejoice",3740
Act V,Scene VI,Aufidius,That he is thus cut off. Please it your honours,3741
Act V,Scene VI,Aufidius,"To call me to your senate, I'll deliver",3742
Act V,Scene VI,Aufidius,"Myself your loyal servant, or endure",3743
Act V,Scene VI,Aufidius,Your heaviest censure.,3744
Act V,Scene VI,First Lord,Bear from hence his body;,3745
Act V,Scene VI,First Lord,And mourn you for him: let him be regarded,3746
Act V,Scene VI,First Lord,As the most noble corse that ever herald,3747
Act V,Scene VI,First Lord,Did follow to his urn.,3748
Act V,Scene VI,Second Lord,His own impatience,3749
Act V,Scene VI,Second Lord,Takes from Aufidius a great part of blame.,3750
Act V,Scene VI,Second Lord,Let's make the best of it.,3751
Act V,Scene VI,Aufidius,My rage is gone;,3752
Act V,Scene VI,Aufidius,And I am struck with sorrow. Take him up.,3753
Act V,Scene VI,Aufidius,"Help, three o' the chiefest soldiers; I'll be one.",3754
Act V,Scene VI,Aufidius,"Beat thou the drum, that it speak mournfully:",3755
Act V,Scene VI,Aufidius,Trail your steel pikes. Though in this city he,3756
Act V,Scene VI,Aufidius,"Hath widow'd and unchilded many a one,",3757
Act V,Scene VI,Aufidius,"Which to this hour bewail the injury,",3758
Act V,Scene VI,Aufidius,Yet he shall have a noble memory. Assist.,3759
Act V,Scene VI,[stage direction],"Exeunt, bearing the body of CORIOLANUS. A dead march sounded",NA
