act,scene,character,dialogue,line_number
Act I,Prologue,Chorus,"I come no more to make you laugh: things now,",1
Act I,Prologue,Chorus,"That bear a weighty and a serious brow,",2
Act I,Prologue,Chorus,"Sad, high, and working, full of state and woe,",3
Act I,Prologue,Chorus,"Such noble scenes as draw the eye to flow,",4
Act I,Prologue,Chorus,"We now present. Those that can pity, here",5
Act I,Prologue,Chorus,"May, if they think it well, let fall a tear;",6
Act I,Prologue,Chorus,The subject will deserve it. Such as give,7
Act I,Prologue,Chorus,"Their money out of hope they may believe,",8
Act I,Prologue,Chorus,May here find truth too. Those that come to see,9
Act I,Prologue,Chorus,"Only a show or two, and so agree",10
Act I,Prologue,Chorus,"The play may pass, if they be still and willing,",11
Act I,Prologue,Chorus,I'll undertake may see away their shilling,12
Act I,Prologue,Chorus,Richly in two short hours. Only they,13
Act I,Prologue,Chorus,"That come to hear a merry bawdy play,",14
Act I,Prologue,Chorus,"A noise of targets, or to see a fellow",15
Act I,Prologue,Chorus,"In a long motley coat guarded with yellow,",16
Act I,Prologue,Chorus,"Will be deceived; for, gentle hearers, know,",17
Act I,Prologue,Chorus,To rank our chosen truth with such a show,18
Act I,Prologue,Chorus,"As fool and fight is, beside forfeiting",19
Act I,Prologue,Chorus,"Our own brains, and the opinion that we bring,",20
Act I,Prologue,Chorus,"To make that only true we now intend,",21
Act I,Prologue,Chorus,Will leave us never an understanding friend.,22
Act I,Prologue,Chorus,"Therefore, for goodness' sake, and as you are known",23
Act I,Prologue,Chorus,"The first and happiest hearers of the town,",24
Act I,Prologue,Chorus,"Be sad, as we would make ye: think ye see",25
Act I,Prologue,Chorus,The very persons of our noble story,26
Act I,Prologue,Chorus,"As they were living; think you see them great,",27
Act I,Prologue,Chorus,And follow'd with the general throng and sweat,28
Act I,Prologue,Chorus,"Of thousand friends; then in a moment, see",29
Act I,Prologue,Chorus,How soon this mightiness meets misery:,30
Act I,Prologue,Chorus,"And, if you can be merry then, I'll say",31
Act I,Prologue,Chorus,A man may weep upon his wedding-day.,32
Act I,Scene I,[stage direction],"Enter NORFOLK at one door; at the other, BUCKINGHAM and ABERGAVENNY",NA
Act I,Scene I,Buckingham,"Good morrow, and well met. How have ye done",33
Act I,Scene I,Buckingham,Since last we saw in France?,34
Act I,Scene I,Norfolk,"I thank your grace,",35
Act I,Scene I,Norfolk,Healthful; and ever since a fresh admirer,36
Act I,Scene I,Norfolk,Of what I saw there.,37
Act I,Scene I,Buckingham,An untimely ague,38
Act I,Scene I,Buckingham,Stay'd me a prisoner in my chamber when,39
Act I,Scene I,Buckingham,"Those suns of glory, those two lights of men,",40
Act I,Scene I,Buckingham,Met in the vale of Andren.,41
Act I,Scene I,Norfolk,'Twixt Guynes and Arde:,42
Act I,Scene I,Norfolk,"I was then present, saw them salute on horseback;",43
Act I,Scene I,Norfolk,"Beheld them, when they lighted, how they clung",44
Act I,Scene I,Norfolk,"In their embracement, as they grew together;",45
Act I,Scene I,Norfolk,"Which had they, what four throned ones could have weigh'd",46
Act I,Scene I,Norfolk,Such a compounded one?,47
Act I,Scene I,Buckingham,All the whole time,48
Act I,Scene I,Buckingham,I was my chamber's prisoner.,49
Act I,Scene I,Norfolk,Then you lost,50
Act I,Scene I,Norfolk,"The view of earthly glory: men might say,",51
Act I,Scene I,Norfolk,"Till this time pomp was single, but now married",52
Act I,Scene I,Norfolk,To one above itself. Each following day,53
Act I,Scene I,Norfolk,"Became the next day's master, till the last",54
Act I,Scene I,Norfolk,"Made former wonders its. To-day the French,",55
Act I,Scene I,Norfolk,"All clinquant, all in gold, like heathen gods,",56
Act I,Scene I,Norfolk,"Shone down the English; and, to-morrow, they",57
Act I,Scene I,Norfolk,Made Britain India: every man that stood,58
Act I,Scene I,Norfolk,Show'd like a mine. Their dwarfish pages were,59
Act I,Scene I,Norfolk,"As cherubins, all guilt: the madams too,",60
Act I,Scene I,Norfolk,"Not used to toil, did almost sweat to bear",61
Act I,Scene I,Norfolk,"The pride upon them, that their very labour",62
Act I,Scene I,Norfolk,Was to them as a painting: now this masque,63
Act I,Scene I,Norfolk,Was cried incomparable; and the ensuing night,64
Act I,Scene I,Norfolk,"Made it a fool and beggar. The two kings,",65
Act I,Scene I,Norfolk,"Equal in lustre, were now best, now worst,",66
Act I,Scene I,Norfolk,"As presence did present them; him in eye,",67
Act I,Scene I,Norfolk,"Still him in praise: and, being present both",68
Act I,Scene I,Norfolk,'Twas said they saw but one; and no discerner,69
Act I,Scene I,Norfolk,Durst wag his tongue in censure. When these suns--,70
Act I,Scene I,Norfolk,For so they phrase 'em--by their heralds challenged,71
Act I,Scene I,Norfolk,"The noble spirits to arms, they did perform",72
Act I,Scene I,Norfolk,"Beyond thought's compass; that former fabulous story,",73
Act I,Scene I,Norfolk,"Being now seen possible enough, got credit,",74
Act I,Scene I,Norfolk,That Bevis was believed.,75
Act I,Scene I,Buckingham,"O, you go far.",76
Act I,Scene I,Norfolk,As I belong to worship and affect,77
Act I,Scene I,Norfolk,"In honour honesty, the tract of every thing",78
Act I,Scene I,Norfolk,"Would by a good discourser lose some life,",79
Act I,Scene I,Norfolk,Which action's self was tongue to. All was royal;,80
Act I,Scene I,Norfolk,To the disposing of it nought rebell'd.,81
Act I,Scene I,Norfolk,Order gave each thing view; the office did,82
Act I,Scene I,Norfolk,Distinctly his full function.,83
Act I,Scene I,Buckingham,"Who did guide,",84
Act I,Scene I,Buckingham,"I mean, who set the body and the limbs",85
Act I,Scene I,Buckingham,"Of this great sport together, as you guess?",86
Act I,Scene I,Norfolk,"One, certes, that promises no element",87
Act I,Scene I,Norfolk,In such a business.,88
Act I,Scene I,Buckingham,"I pray you, who, my lord?",89
Act I,Scene I,Norfolk,All this was order'd by the good discretion,90
Act I,Scene I,Norfolk,Of the right reverend Cardinal of York.,91
Act I,Scene I,Buckingham,The devil speed him! no man's pie is freed,92
Act I,Scene I,Buckingham,From his ambitious finger. What had he,93
Act I,Scene I,Buckingham,To do in these fierce vanities? I wonder,94
Act I,Scene I,Buckingham,That such a keech can with his very bulk,95
Act I,Scene I,Buckingham,Take up the rays o' the beneficial sun,96
Act I,Scene I,Buckingham,And keep it from the earth.,97
Act I,Scene I,Norfolk,"Surely, sir,",98
Act I,Scene I,Norfolk,There's in him stuff that puts him to these ends;,99
Act I,Scene I,Norfolk,"For, being not propp'd by ancestry, whose grace",100
Act I,Scene I,Norfolk,"Chalks successors their way, nor call'd upon",101
Act I,Scene I,Norfolk,For high feats done to the crown; neither allied,102
Act I,Scene I,Norfolk,"For eminent assistants; but, spider-like,",103
Act I,Scene I,Norfolk,"Out of his self-drawing web, he gives us note,",104
Act I,Scene I,Norfolk,The force of his own merit makes his way,105
Act I,Scene I,Norfolk,"A gift that heaven gives for him, which buys",106
Act I,Scene I,Norfolk,A place next to the king.,107
Act I,Scene I,Abergavenny,I cannot tell,108
Act I,Scene I,Abergavenny,"What heaven hath given him,--let some graver eye",109
Act I,Scene I,Abergavenny,Pierce into that; but I can see his pride,110
Act I,Scene I,Abergavenny,"Peep through each part of him: whence has he that,",111
Act I,Scene I,Abergavenny,"If not from hell? the devil is a niggard,",112
Act I,Scene I,Abergavenny,"Or has given all before, and he begins",113
Act I,Scene I,Abergavenny,A new hell in himself.,114
Act I,Scene I,Buckingham,"Why the devil,",115
Act I,Scene I,Buckingham,"Upon this French going out, took he upon him,",116
Act I,Scene I,Buckingham,"Without the privity o' the king, to appoint",117
Act I,Scene I,Buckingham,Who should attend on him? He makes up the file,118
Act I,Scene I,Buckingham,Of all the gentry; for the most part such,119
Act I,Scene I,Buckingham,To whom as great a charge as little honour,120
Act I,Scene I,Buckingham,"He meant to lay upon: and his own letter,",121
Act I,Scene I,Buckingham,"The honourable board of council out,",122
Act I,Scene I,Buckingham,Must fetch him in the papers.,123
Act I,Scene I,Abergavenny,I do know,124
Act I,Scene I,Abergavenny,"Kinsmen of mine, three at the least, that have",125
Act I,Scene I,Abergavenny,"By this so sickened their estates, that never",126
Act I,Scene I,Abergavenny,They shall abound as formerly.,127
Act I,Scene I,Buckingham,"O, many",128
Act I,Scene I,Buckingham,Have broke their backs with laying manors on 'em,129
Act I,Scene I,Buckingham,For this great journey. What did this vanity,130
Act I,Scene I,Buckingham,But minister communication of,131
Act I,Scene I,Buckingham,A most poor issue?,132
Act I,Scene I,Norfolk,"Grievingly I think,",133
Act I,Scene I,Norfolk,The peace between the French and us not values,134
Act I,Scene I,Norfolk,The cost that did conclude it.,135
Act I,Scene I,Buckingham,"Every man,",136
Act I,Scene I,Buckingham,"After the hideous storm that follow'd, was",137
Act I,Scene I,Buckingham,"A thing inspired; and, not consulting, broke",138
Act I,Scene I,Buckingham,"Into a general prophecy; That this tempest,",139
Act I,Scene I,Buckingham,"Dashing the garment of this peace, aboded",140
Act I,Scene I,Buckingham,The sudden breach on't.,141
Act I,Scene I,Norfolk,Which is budded out;,142
Act I,Scene I,Norfolk,"For France hath flaw'd the league, and hath attach'd",143
Act I,Scene I,Norfolk,Our merchants' goods at Bourdeaux.,144
Act I,Scene I,Abergavenny,Is it therefore,145
Act I,Scene I,Abergavenny,The ambassador is silenced?,146
Act I,Scene I,Norfolk,"Marry, is't.",147
Act I,Scene I,Abergavenny,A proper title of a peace; and purchased,148
Act I,Scene I,Abergavenny,At a superfluous rate!,149
Act I,Scene I,Buckingham,"Why, all this business",150
Act I,Scene I,Buckingham,Our reverend cardinal carried.,151
Act I,Scene I,Norfolk,"Like it your grace,",152
Act I,Scene I,Norfolk,The state takes notice of the private difference,153
Act I,Scene I,Norfolk,Betwixt you and the cardinal. I advise you--,154
Act I,Scene I,Norfolk,And take it from a heart that wishes towards you,155
Act I,Scene I,Norfolk,Honour and plenteous safety--that you read,156
Act I,Scene I,Norfolk,The cardinal's malice and his potency,157
Act I,Scene I,Norfolk,Together; to consider further that,158
Act I,Scene I,Norfolk,What his high hatred would effect wants not,159
Act I,Scene I,Norfolk,"A minister in his power. You know his nature,",160
Act I,Scene I,Norfolk,"That he's revengeful, and I know his sword",161
Act I,Scene I,Norfolk,"Hath a sharp edge: it's long and, 't may be said,",162
Act I,Scene I,Norfolk,"It reaches far, and where 'twill not extend,",163
Act I,Scene I,Norfolk,"Thither he darts it. Bosom up my counsel,",164
Act I,Scene I,Norfolk,"You'll find it wholesome. Lo, where comes that rock",165
Act I,Scene I,Norfolk,That I advise your shunning.,166
Act I,Scene I,[stage direction],"Enter CARDINAL WOLSEY, the purse borne before him,  certain of the Guard, and two Secretaries with  papers. CARDINAL WOLSEY in his passage fixeth his  eye on BUCKINGHAM, and BUCKINGHAM on him, both full of disdain",NA
Act I,Scene I,Cardinal Wolsey,"The Duke of Buckingham's surveyor, ha?",167
Act I,Scene I,Cardinal Wolsey,Where's his examination?,168
Act I,Scene I,First Secretary,"Here, so please you.",169
Act I,Scene I,Cardinal Wolsey,Is he in person ready?,170
Act I,Scene I,First Secretary,"Ay, please your grace.",171
Act I,Scene I,Cardinal Wolsey,"Well, we shall then know more; and Buckingham",172
Act I,Scene I,Cardinal Wolsey,Shall lessen this big look.,173
Act I,Scene I,[stage direction],Exeunt CARDINAL WOLSEY and his Train,NA
Act I,Scene I,Buckingham,"This butcher's cur is venom-mouth'd, and I",174
Act I,Scene I,Buckingham,Have not the power to muzzle him; therefore best,175
Act I,Scene I,Buckingham,Not wake him in his slumber. A beggar's book,176
Act I,Scene I,Buckingham,Outworths a noble's blood.,177
Act I,Scene I,Norfolk,"What, are you chafed?",178
Act I,Scene I,Norfolk,Ask God for temperance; that's the appliance only,179
Act I,Scene I,Norfolk,Which your disease requires.,180
Act I,Scene I,Buckingham,I read in's looks,181
Act I,Scene I,Buckingham,Matter against me; and his eye reviled,182
Act I,Scene I,Buckingham,"Me, as his abject object: at this instant",183
Act I,Scene I,Buckingham,He bores me with some trick: he's gone to the king;,184
Act I,Scene I,Buckingham,I'll follow and outstare him.,185
Act I,Scene I,Norfolk,"Stay, my lord,",186
Act I,Scene I,Norfolk,And let your reason with your choler question,187
Act I,Scene I,Norfolk,What 'tis you go about: to climb steep hills,188
Act I,Scene I,Norfolk,Requires slow pace at first: anger is like,189
Act I,Scene I,Norfolk,"A full-hot horse, who being allow'd his way,",190
Act I,Scene I,Norfolk,Self-mettle tires him. Not a man in England,191
Act I,Scene I,Norfolk,Can advise me like you: be to yourself,192
Act I,Scene I,Norfolk,As you would to your friend.,193
Act I,Scene I,Buckingham,I'll to the king;,194
Act I,Scene I,Buckingham,And from a mouth of honour quite cry down,195
Act I,Scene I,Buckingham,This Ipswich fellow's insolence; or proclaim,196
Act I,Scene I,Buckingham,There's difference in no persons.,197
Act I,Scene I,Norfolk,Be advised;,198
Act I,Scene I,Norfolk,Heat not a furnace for your foe so hot,199
Act I,Scene I,Norfolk,"That it do singe yourself: we may outrun,",200
Act I,Scene I,Norfolk,"By violent swiftness, that which we run at,",201
Act I,Scene I,Norfolk,"And lose by over-running. Know you not,",202
Act I,Scene I,Norfolk,"The fire that mounts the liquor til run o'er,",203
Act I,Scene I,Norfolk,In seeming to augment it wastes it? Be advised:,204
Act I,Scene I,Norfolk,"I say again, there is no English soul",205
Act I,Scene I,Norfolk,"More stronger to direct you than yourself,",206
Act I,Scene I,Norfolk,"If with the sap of reason you would quench,",207
Act I,Scene I,Norfolk,"Or but allay, the fire of passion.",208
Act I,Scene I,Buckingham,"Sir,",209
Act I,Scene I,Buckingham,I am thankful to you; and I'll go along,210
Act I,Scene I,Buckingham,"By your prescription: but this top-proud fellow,",211
Act I,Scene I,Buckingham,Whom from the flow of gall I name not but,212
Act I,Scene I,Buckingham,"From sincere motions, by intelligence,",213
Act I,Scene I,Buckingham,And proofs as clear as founts in July when,214
Act I,Scene I,Buckingham,"We see each grain of gravel, I do know",215
Act I,Scene I,Buckingham,To be corrupt and treasonous.,216
Act I,Scene I,Norfolk,Say not 'treasonous.',217
Act I,Scene I,Buckingham,To the king I'll say't; and make my vouch as strong,218
Act I,Scene I,Buckingham,"As shore of rock. Attend. This holy fox,",219
Act I,Scene I,Buckingham,"Or wolf, or both,--for he is equal ravenous",220
Act I,Scene I,Buckingham,"As he is subtle, and as prone to mischief",221
Act I,Scene I,Buckingham,As able to perform't; his mind and place,222
Act I,Scene I,Buckingham,"Infecting one another, yea, reciprocally--",223
Act I,Scene I,Buckingham,Only to show his pomp as well in France,224
Act I,Scene I,Buckingham,"As here at home, suggests the king our master",225
Act I,Scene I,Buckingham,"To this last costly treaty, the interview,",226
Act I,Scene I,Buckingham,"That swallow'd so much treasure, and like a glass",227
Act I,Scene I,Buckingham,Did break i' the rinsing.,228
Act I,Scene I,Norfolk,"Faith, and so it did.",229
Act I,Scene I,Buckingham,"Pray, give me favour, sir. This cunning cardinal",230
Act I,Scene I,Buckingham,The articles o' the combination drew,231
Act I,Scene I,Buckingham,As himself pleased; and they were ratified,232
Act I,Scene I,Buckingham,As he cried 'Thus let be': to as much end,233
Act I,Scene I,Buckingham,As give a crutch to the dead: but our count-cardinal,234
Act I,Scene I,Buckingham,"Has done this, and 'tis well; for worthy Wolsey,",235
Act I,Scene I,Buckingham,"Who cannot err, he did it. Now this follows,--",236
Act I,Scene I,Buckingham,"Which, as I take it, is a kind of puppy",237
Act I,Scene I,Buckingham,"To the old dam, treason,--Charles the emperor,",238
Act I,Scene I,Buckingham,Under pretence to see the queen his aunt--,239
Act I,Scene I,Buckingham,"For 'twas indeed his colour, but he came",240
Act I,Scene I,Buckingham,"To whisper Wolsey,--here makes visitation:",241
Act I,Scene I,Buckingham,"His fears were, that the interview betwixt",242
Act I,Scene I,Buckingham,"England and France might, through their amity,",243
Act I,Scene I,Buckingham,Breed him some prejudice; for from this league,244
Act I,Scene I,Buckingham,Peep'd harms that menaced him: he privily,245
Act I,Scene I,Buckingham,"Deals with our cardinal; and, as I trow,--",246
Act I,Scene I,Buckingham,Which I do well; for I am sure the emperor,247
Act I,Scene I,Buckingham,Paid ere he promised; whereby his suit was granted,248
Act I,Scene I,Buckingham,"Ere it was ask'd; but when the way was made,",249
Act I,Scene I,Buckingham,"And paved with gold, the emperor thus desired,",250
Act I,Scene I,Buckingham,"That he would please to alter the king's course,",251
Act I,Scene I,Buckingham,"And break the foresaid peace. Let the king know,",252
Act I,Scene I,Buckingham,"As soon he shall by me, that thus the cardinal",253
Act I,Scene I,Buckingham,"Does buy and sell his honour as he pleases,",254
Act I,Scene I,Buckingham,And for his own advantage.,255
Act I,Scene I,Norfolk,I am sorry,256
Act I,Scene I,Norfolk,To hear this of him; and could wish he were,257
Act I,Scene I,Norfolk,Something mistaken in't.,258
Act I,Scene I,Buckingham,"No, not a syllable:",259
Act I,Scene I,Buckingham,I  do pronounce him in that very shape,260
Act I,Scene I,Buckingham,He shall appear in proof.,261
Act I,Scene I,[stage direction],"Enter BRANDON, a Sergeant-at-arms before him, and two or three of the Guard",NA
Act I,Scene I,Brandon,"Your office, sergeant; execute it.",262
Act I,Scene I,Sergeant,"Sir,",263
Act I,Scene I,Sergeant,"My lord the Duke of Buckingham, and Earl",264
Act I,Scene I,Sergeant,"Of Hereford, Stafford, and Northampton, I",265
Act I,Scene I,Sergeant,"Arrest thee of high treason, in the name",266
Act I,Scene I,Sergeant,Of our most sovereign king.,267
Act I,Scene I,Buckingham,"Lo, you, my lord,",268
Act I,Scene I,Buckingham,The net has fall'n upon me! I shall perish,269
Act I,Scene I,Buckingham,Under device and practise.,270
Act I,Scene I,Brandon,I am sorry,271
Act I,Scene I,Brandon,"To see you ta'en from liberty, to look on",272
Act I,Scene I,Brandon,The business present: 'tis his highness' pleasure,273
Act I,Scene I,Brandon,You shall to the Tower.,274
Act I,Scene I,Buckingham,It will help me nothing,275
Act I,Scene I,Buckingham,To plead mine innocence; for that dye is on me,276
Act I,Scene I,Buckingham,Which makes my whitest part black. The will of heaven,277
Act I,Scene I,Buckingham,Be done in this and all things! I obey.,278
Act I,Scene I,Buckingham,"O my Lord Abergavenny, fare you well!",279
Act I,Scene I,Brandon,"Nay, he must bear you company. The king",280
Act I,Scene I,[stage direction],To ABERGAVENNY,NA
Act I,Scene I,Brandon,"Is pleased you shall to the Tower, till you know",281
Act I,Scene I,Brandon,How he determines further.,282
Act I,Scene I,Abergavenny,"As the duke said,",283
Act I,Scene I,Abergavenny,"The will of heaven be done, and the king's pleasure",284
Act I,Scene I,Abergavenny,By me obey'd!,285
Act I,Scene I,Brandon,Here is a warrant from,286
Act I,Scene I,Brandon,The king to attach Lord Montacute; and the bodies,287
Act I,Scene I,Brandon,"Of the duke's confessor, John de la Car,",288
Act I,Scene I,Brandon,"One Gilbert Peck, his chancellor--",289
Act I,Scene I,Buckingham,"So, so;",290
Act I,Scene I,Buckingham,"These are the limbs o' the plot: no more, I hope.",291
Act I,Scene I,Brandon,A monk o' the Chartreux.,292
Act I,Scene I,Buckingham,"O, Nicholas Hopkins?",293
Act I,Scene I,Brandon,He.,294
Act I,Scene I,Buckingham,My surveyor is false; the o'er-great cardinal,295
Act I,Scene I,Buckingham,Hath show'd him gold; my life is spann'd already:,296
Act I,Scene I,Buckingham,"I am the shadow of poor Buckingham,",297
Act I,Scene I,Buckingham,"Whose figure even this instant cloud puts on,",298
Act I,Scene I,Buckingham,"By darkening my clear sun. My lord, farewell.",299
Act I,Scene I,[stage direction],Exeunt,NA
Act I,Scene II,[stage direction],"Cornets. Enter KING HENRY VIII, leaning on  CARDINAL WOLSEY's shoulder, the Nobles, and LOVELL;  CARDINAL WOLSEY places himself under KING HENRY VIII's feet on his right side",NA
Act I,Scene II,King Henry Viii,"My life itself, and the best heart of it,",300
Act I,Scene II,King Henry Viii,Thanks you for this great care: I stood i' the level,301
Act I,Scene II,King Henry Viii,"Of a full-charged confederacy, and give thanks",302
Act I,Scene II,King Henry Viii,To you that choked it. Let be call'd before us,303
Act I,Scene II,King Henry Viii,That gentleman of Buckingham's; in person,304
Act I,Scene II,King Henry Viii,I'll hear him his confessions justify;,305
Act I,Scene II,King Henry Viii,And point by point the treasons of his master,306
Act I,Scene II,King Henry Viii,He shall again relate.,307
Act I,Scene II,[stage direction],"A noise within, crying 'Room for the Queen!' Enter  QUEEN KATHARINE, ushered by NORFOLK, and SUFFOLK:  she kneels. KING HENRY VIII riseth from his state, takes her up, kisses and placeth her by him",NA
Act I,Scene II,Queen Katharine,"Nay, we must longer kneel: I am a suitor.",308
Act I,Scene II,King Henry Viii,"Arise, and take place by us: half your suit",309
Act I,Scene II,King Henry Viii,Never name to us; you have half our power:,310
Act I,Scene II,King Henry Viii,"The other moiety, ere you ask, is given;",311
Act I,Scene II,King Henry Viii,Repeat your will and take it.,312
Act I,Scene II,Queen Katharine,Thank your majesty.,313
Act I,Scene II,Queen Katharine,"That you would love yourself, and in that love",314
Act I,Scene II,Queen Katharine,"Not unconsider'd leave your honour, nor",315
Act I,Scene II,Queen Katharine,"The dignity of your office, is the point",316
Act I,Scene II,Queen Katharine,Of my petition.,317
Act I,Scene II,King Henry Viii,"Lady mine, proceed.",318
Act I,Scene II,Queen Katharine,"I am solicited, not by a few,",319
Act I,Scene II,Queen Katharine,"And those of true condition, that your subjects",320
Act I,Scene II,Queen Katharine,Are in great grievance: there have been commissions,321
Act I,Scene II,Queen Katharine,"Sent down among 'em, which hath flaw'd the heart",322
Act I,Scene II,Queen Katharine,"Of all their loyalties: wherein, although,",323
Act I,Scene II,Queen Katharine,"My good lord cardinal, they vent reproaches",324
Act I,Scene II,Queen Katharine,"Most bitterly on you, as putter on",325
Act I,Scene II,Queen Katharine,"Of these exactions, yet the king our master--",326
Act I,Scene II,Queen Katharine,Whose honour heaven shield from soil!--even he,327
Act I,Scene II,Queen Katharine,escapes not,328
Act I,Scene II,Queen Katharine,"Language unmannerly, yea, such which breaks",329
Act I,Scene II,Queen Katharine,"The sides of loyalty, and almost appears",330
Act I,Scene II,Queen Katharine,In loud rebellion.,331
Act I,Scene II,Norfolk,"Not almost appears,",332
Act I,Scene II,Norfolk,"It doth appear; for, upon these taxations,",333
Act I,Scene II,Norfolk,"The clothiers all, not able to maintain",334
Act I,Scene II,Norfolk,"The many to them longing, have put off",335
Act I,Scene II,Norfolk,"The spinsters, carders, fullers, weavers, who,",336
Act I,Scene II,Norfolk,"Unfit for other life, compell'd by hunger",337
Act I,Scene II,Norfolk,"And lack of other means, in desperate manner",338
Act I,Scene II,Norfolk,"Daring the event to the teeth, are all in uproar,",339
Act I,Scene II,Norfolk,And danger serves among then!,340
Act I,Scene II,King Henry Viii,Taxation!,341
Act I,Scene II,King Henry Viii,"Wherein? and what taxation? My lord cardinal,",342
Act I,Scene II,King Henry Viii,"You that are blamed for it alike with us,",343
Act I,Scene II,King Henry Viii,Know you of this taxation?,344
Act I,Scene II,Cardinal Wolsey,"Please you, sir,",345
Act I,Scene II,Cardinal Wolsey,"I know but of a single part, in aught",346
Act I,Scene II,Cardinal Wolsey,Pertains to the state; and front but in that file,347
Act I,Scene II,Cardinal Wolsey,Where others tell steps with me.,348
Act I,Scene II,Queen Katharine,"No, my lord,",349
Act I,Scene II,Queen Katharine,You know no more than others; but you frame,350
Act I,Scene II,Queen Katharine,Things that are known alike; which are not wholesome,351
Act I,Scene II,Queen Katharine,"To those which would not know them, and yet must",352
Act I,Scene II,Queen Katharine,"Perforce be their acquaintance. These exactions,",353
Act I,Scene II,Queen Katharine,"Whereof my sovereign would have note, they are",354
Act I,Scene II,Queen Katharine,"Most pestilent to the bearing; and, to bear 'em,",355
Act I,Scene II,Queen Katharine,The back is sacrifice to the load. They say,356
Act I,Scene II,Queen Katharine,They are devised by you; or else you suffer,357
Act I,Scene II,Queen Katharine,Too hard an exclamation.,358
Act I,Scene II,King Henry Viii,Still exaction!,359
Act I,Scene II,King Henry Viii,"The nature of it? in what kind, let's know,",360
Act I,Scene II,King Henry Viii,Is this exaction?,361
Act I,Scene II,Queen Katharine,I am much too venturous,362
Act I,Scene II,Queen Katharine,In tempting of your patience; but am bolden'd,363
Act I,Scene II,Queen Katharine,Under your promised pardon. The subjects' grief,364
Act I,Scene II,Queen Katharine,"Comes through commissions, which compel from each",365
Act I,Scene II,Queen Katharine,"The sixth part of his substance, to be levied",366
Act I,Scene II,Queen Katharine,Without delay; and the pretence for this,367
Act I,Scene II,Queen Katharine,"Is named, your wars in France: this makes bold mouths:",368
Act I,Scene II,Queen Katharine,"Tongues spit their duties out, and cold hearts freeze",369
Act I,Scene II,Queen Katharine,Allegiance in them; their curses now,370
Act I,Scene II,Queen Katharine,"Live where their prayers did: and it's come to pass,",371
Act I,Scene II,Queen Katharine,This tractable obedience is a slave,372
Act I,Scene II,Queen Katharine,To each incensed will. I would your highness,373
Act I,Scene II,Queen Katharine,"Would give it quick consideration, for",374
Act I,Scene II,Queen Katharine,There is no primer business.,375
Act I,Scene II,King Henry Viii,"By my life,",376
Act I,Scene II,King Henry Viii,This is against our pleasure.,377
Act I,Scene II,Cardinal Wolsey,"And for me,",378
Act I,Scene II,Cardinal Wolsey,I have no further gone in this than by,379
Act I,Scene II,Cardinal Wolsey,A single voice; and that not pass'd me but,380
Act I,Scene II,Cardinal Wolsey,By learned approbation of the judges. If I am,381
Act I,Scene II,Cardinal Wolsey,"Traduced by ignorant tongues, which neither know",382
Act I,Scene II,Cardinal Wolsey,"My faculties nor person, yet will be",383
Act I,Scene II,Cardinal Wolsey,"The chronicles of my doing, let me say",384
Act I,Scene II,Cardinal Wolsey,"'Tis but the fate of place, and the rough brake",385
Act I,Scene II,Cardinal Wolsey,That virtue must go through. We must not stint,386
Act I,Scene II,Cardinal Wolsey,"Our necessary actions, in the fear",387
Act I,Scene II,Cardinal Wolsey,"To cope malicious censurers; which ever,",388
Act I,Scene II,Cardinal Wolsey,"As ravenous fishes, do a vessel follow",389
Act I,Scene II,Cardinal Wolsey,"That is new-trimm'd, but benefit no further",390
Act I,Scene II,Cardinal Wolsey,"Than vainly longing. What we oft do best,",391
Act I,Scene II,Cardinal Wolsey,"By sick interpreters, once weak ones, is",392
Act I,Scene II,Cardinal Wolsey,"Not ours, or not allow'd; what worst, as oft,",393
Act I,Scene II,Cardinal Wolsey,"Hitting a grosser quality, is cried up",394
Act I,Scene II,Cardinal Wolsey,"For our best act. If we shall stand still,",395
Act I,Scene II,Cardinal Wolsey,"In fear our motion will be mock'd or carp'd at,",396
Act I,Scene II,Cardinal Wolsey,"We should take root here where we sit, or sit",397
Act I,Scene II,Cardinal Wolsey,State-statues only.,398
Act I,Scene II,King Henry Viii,"Things done well,",399
Act I,Scene II,King Henry Viii,"And with a care, exempt themselves from fear;",400
Act I,Scene II,King Henry Viii,"Things done without example, in their issue",401
Act I,Scene II,King Henry Viii,Are to be fear'd. Have you a precedent,402
Act I,Scene II,King Henry Viii,"Of this commission? I believe, not any.",403
Act I,Scene II,King Henry Viii,"We must not rend our subjects from our laws,",404
Act I,Scene II,King Henry Viii,And stick them in our will. Sixth part of each?,405
Act I,Scene II,King Henry Viii,"A trembling contribution! Why, we take",406
Act I,Scene II,King Henry Viii,"From every tree lop, bark, and part o' the timber;",407
Act I,Scene II,King Henry Viii,"And, though we leave it with a root, thus hack'd,",408
Act I,Scene II,King Henry Viii,The air will drink the sap. To every county,409
Act I,Scene II,King Henry Viii,"Where this is question'd send our letters, with",410
Act I,Scene II,King Henry Viii,Free pardon to each man that has denied,411
Act I,Scene II,King Henry Viii,"The force of this commission: pray, look to't;",412
Act I,Scene II,King Henry Viii,I put it to your care.,413
Act I,Scene II,Cardinal Wolsey,A word with you.,414
Act I,Scene II,[stage direction],To the Secretary,NA
Act I,Scene II,Cardinal Wolsey,"Let there be letters writ to every shire,",415
Act I,Scene II,Cardinal Wolsey,Of the king's grace and pardon. The grieved commons,416
Act I,Scene II,Cardinal Wolsey,Hardly conceive of me; let it be noised,417
Act I,Scene II,Cardinal Wolsey,That through our intercession this revokement,418
Act I,Scene II,Cardinal Wolsey,And pardon comes: I shall anon advise you,419
Act I,Scene II,Cardinal Wolsey,Further in the proceeding.,420
Act I,Scene II,[stage direction],Exit Secretary,NA
Act I,Scene II,[stage direction],Enter Surveyor,NA
Act I,Scene II,Queen Katharine,I am sorry that the Duke of Buckingham,421
Act I,Scene II,Queen Katharine,Is run in your displeasure.,422
Act I,Scene II,King Henry Viii,It grieves many:,423
Act I,Scene II,King Henry Viii,"The gentleman is learn'd, and a most rare speaker;",424
Act I,Scene II,King Henry Viii,"To nature none more bound; his training such,",425
Act I,Scene II,King Henry Viii,"That he may furnish and instruct great teachers,",426
Act I,Scene II,King Henry Viii,"And never seek for aid out of himself. Yet see,",427
Act I,Scene II,King Henry Viii,When these so noble benefits shall prove,428
Act I,Scene II,King Henry Viii,"Not well disposed, the mind growing once corrupt,",429
Act I,Scene II,King Henry Viii,"They turn to vicious forms, ten times more ugly",430
Act I,Scene II,King Henry Viii,"Than ever they were fair. This man so complete,",431
Act I,Scene II,King Henry Viii,"Who was enroll'd 'mongst wonders, and when we,",432
Act I,Scene II,King Henry Viii,"Almost with ravish'd listening, could not find",433
Act I,Scene II,King Henry Viii,"His hour of speech a minute; he, my lady,",434
Act I,Scene II,King Henry Viii,Hath into monstrous habits put the graces,435
Act I,Scene II,King Henry Viii,"That once were his, and is become as black",436
Act I,Scene II,King Henry Viii,As if besmear'd in hell. Sit by us; you shall hear--,437
Act I,Scene II,King Henry Viii,This was his gentleman in trust--of him,438
Act I,Scene II,King Henry Viii,Things to strike honour sad. Bid him recount,439
Act I,Scene II,King Henry Viii,The fore-recited practises; whereof,440
Act I,Scene II,King Henry Viii,"We cannot feel too little, hear too much.",441
Act I,Scene II,Cardinal Wolsey,"Stand forth, and with bold spirit relate what you,",442
Act I,Scene II,Cardinal Wolsey,"Most like a careful subject, have collected",443
Act I,Scene II,Cardinal Wolsey,Out of the Duke of Buckingham.,444
Act I,Scene II,King Henry Viii,Speak freely.,445
Act I,Scene II,Surveyor,"First, it was usual with him, every day",446
Act I,Scene II,Surveyor,"It would infect his speech, that if the king",447
Act I,Scene II,Surveyor,"Should without issue die, he'll carry it so",448
Act I,Scene II,Surveyor,To make the sceptre his: these very words,449
Act I,Scene II,Surveyor,"I've heard him utter to his son-in-law,",450
Act I,Scene II,Surveyor,Lord Abergavenny; to whom by oath he menaced,451
Act I,Scene II,Surveyor,Revenge upon the cardinal.,452
Act I,Scene II,Cardinal Wolsey,"Please your highness, note",453
Act I,Scene II,Cardinal Wolsey,This dangerous conception in this point.,454
Act I,Scene II,Cardinal Wolsey,"Not friended by by his wish, to your high person",455
Act I,Scene II,Cardinal Wolsey,His will is most malignant; and it stretches,456
Act I,Scene II,Cardinal Wolsey,"Beyond you, to your friends.",457
Act I,Scene II,Queen Katharine,"My learn'd lord cardinal,",458
Act I,Scene II,Queen Katharine,Deliver all with charity.,459
Act I,Scene II,King Henry Viii,Speak on:,460
Act I,Scene II,King Henry Viii,"How grounded he his title to the crown,",461
Act I,Scene II,King Henry Viii,Upon our fail? to this point hast thou heard him,462
Act I,Scene II,King Henry Viii,At any time speak aught?,463
Act I,Scene II,Surveyor,He was brought to this,464
Act I,Scene II,Surveyor,By a vain prophecy of Nicholas Hopkins.,465
Act I,Scene II,King Henry Viii,What was that Hopkins?,466
Act I,Scene II,Surveyor,"Sir, a Chartreux friar,",467
Act I,Scene II,Surveyor,"His confessor, who fed him every minute",468
Act I,Scene II,Surveyor,With words of sovereignty.,469
Act I,Scene II,King Henry Viii,How know'st thou this?,470
Act I,Scene II,Surveyor,"Not long before your highness sped to France,",471
Act I,Scene II,Surveyor,"The duke being at the Rose, within the parish",472
Act I,Scene II,Surveyor,"Saint Lawrence Poultney, did of me demand",473
Act I,Scene II,Surveyor,What was the speech among the Londoners,474
Act I,Scene II,Surveyor,"Concerning the French journey: I replied,",475
Act I,Scene II,Surveyor,"Men fear'd the French would prove perfidious,",476
Act I,Scene II,Surveyor,To the king's danger. Presently the duke,477
Act I,Scene II,Surveyor,"Said, 'twas the fear, indeed; and that he doubted",478
Act I,Scene II,Surveyor,'Twould prove the verity of certain words,479
Act I,Scene II,Surveyor,"Spoke by a holy monk; 'that oft,' says he,",480
Act I,Scene II,Surveyor,"'Hath sent to me, wishing me to permit",481
Act I,Scene II,Surveyor,"John de la Car, my chaplain, a choice hour",482
Act I,Scene II,Surveyor,To hear from him a matter of some moment:,483
Act I,Scene II,Surveyor,Whom after under the confession's seal,484
Act I,Scene II,Surveyor,"He solemnly had sworn, that what he spoke",485
Act I,Scene II,Surveyor,"My chaplain to no creature living, but",486
Act I,Scene II,Surveyor,"To me, should utter, with demure confidence",487
Act I,Scene II,Surveyor,"This pausingly ensued: neither the king nor's heirs,",488
Act I,Scene II,Surveyor,"Tell you the duke, shall prosper: bid him strive",489
Act I,Scene II,Surveyor,To gain the love o' the commonalty: the duke,490
Act I,Scene II,Surveyor,Shall govern England.',491
Act I,Scene II,Queen Katharine,"If I know you well,",492
Act I,Scene II,Queen Katharine,"You were the duke's surveyor, and lost your office",493
Act I,Scene II,Queen Katharine,On the complaint o' the tenants: take good heed,494
Act I,Scene II,Queen Katharine,You charge not in your spleen a noble person,495
Act I,Scene II,Queen Katharine,"And spoil your nobler soul: I say, take heed;",496
Act I,Scene II,Queen Katharine,"Yes, heartily beseech you.",497
Act I,Scene II,King Henry Viii,Let him on.,498
Act I,Scene II,King Henry Viii,Go forward.,499
Act I,Scene II,Surveyor,"On my soul, I'll speak but truth.",500
Act I,Scene II,Surveyor,"I told my lord the duke, by the devil's illusions",501
Act I,Scene II,Surveyor,The monk might be deceived; and that 'twas dangerous for him,502
Act I,Scene II,Surveyor,"To ruminate on this so far, until",503
Act I,Scene II,Surveyor,"It forged him some design, which, being believed,",504
Act I,Scene II,Surveyor,"It was much like to do: he answer'd, 'Tush,",505
Act I,Scene II,Surveyor,"It can do me no damage;' adding further,",506
Act I,Scene II,Surveyor,"That, had the king in his last sickness fail'd,",507
Act I,Scene II,Surveyor,The cardinal's and Sir Thomas Lovell's heads,508
Act I,Scene II,Surveyor,Should have gone off.,509
Act I,Scene II,King Henry Viii,"Ha! what, so rank? Ah ha!",510
Act I,Scene II,King Henry Viii,There's mischief in this man: canst thou say further?,511
Act I,Scene II,Surveyor,"I can, my liege.",512
Act I,Scene II,King Henry Viii,Proceed.,513
Act I,Scene II,Surveyor,"Being at Greenwich,",514
Act I,Scene II,Surveyor,After your highness had reproved the duke,515
Act I,Scene II,Surveyor,"About Sir William Blomer,--",516
Act I,Scene II,King Henry Viii,I remember,517
Act I,Scene II,King Henry Viii,"Of such a time: being my sworn servant,",518
Act I,Scene II,King Henry Viii,The duke retain'd him his. But on; what hence?,519
Act I,Scene II,Surveyor,"'If,' quoth he, 'I for this had been committed,",520
Act I,Scene II,Surveyor,"As, to the Tower, I thought, I would have play'd",521
Act I,Scene II,Surveyor,The part my father meant to act upon,522
Act I,Scene II,Surveyor,"The usurper Richard; who, being at Salisbury,",523
Act I,Scene II,Surveyor,"Made suit to come in's presence; which if granted,",524
Act I,Scene II,Surveyor,"As he made semblance of his duty, would",525
Act I,Scene II,Surveyor,Have put his knife to him.',526
Act I,Scene II,King Henry Viii,A giant traitor!,527
Act I,Scene II,Cardinal Wolsey,"Now, madam, may his highness live in freedom,",528
Act I,Scene II,Cardinal Wolsey,and this man out of prison?,529
Act I,Scene II,Queen Katharine,God mend all!,530
Act I,Scene II,King Henry Viii,There's something more would out of thee; what say'st?,531
Act I,Scene II,Surveyor,"After 'the duke his father,' with 'the knife,'",532
Act I,Scene II,Surveyor,"He stretch'd him, and, with one hand on his dagger,",533
Act I,Scene II,Surveyor,"Another spread on's breast, mounting his eyes",534
Act I,Scene II,Surveyor,He did discharge a horrible oath; whose tenor,535
Act I,Scene II,Surveyor,"Was,--were he evil used, he would outgo",536
Act I,Scene II,Surveyor,His father by as much as a performance,537
Act I,Scene II,Surveyor,Does an irresolute purpose.,538
Act I,Scene II,King Henry Viii,"There's his period,",539
Act I,Scene II,King Henry Viii,To sheathe his knife in us. He is attach'd;,540
Act I,Scene II,King Henry Viii,Call him to present trial: if he may,541
Act I,Scene II,King Henry Viii,"Find mercy in the law, 'tis his: if none,",542
Act I,Scene II,King Henry Viii,"Let him not seek 't of us: by day and night,",543
Act I,Scene II,King Henry Viii,He's traitor to the height.,544
Act I,Scene II,[stage direction],Exeunt,NA
Act I,Scene III,[stage direction],Enter Chamberlain and SANDS,NA
Act I,Scene III,Chamberlain,Is't possible the spells of France should juggle,545
Act I,Scene III,Chamberlain,Men into such strange mysteries?,546
Act I,Scene III,Sands,"New customs,",547
Act I,Scene III,Sands,"Though they be never so ridiculous,",548
Act I,Scene III,Sands,"Nay, let 'em be unmanly, yet are follow'd.",549
Act I,Scene III,Chamberlain,"As far as I see, all the good our English",550
Act I,Scene III,Chamberlain,Have got by the late voyage is but merely,551
Act I,Scene III,Chamberlain,A fit or two o' the face; but they are shrewd ones;,552
Act I,Scene III,Chamberlain,"For when they hold 'em, you would swear directly",553
Act I,Scene III,Chamberlain,Their very noses had been counsellors,554
Act I,Scene III,Chamberlain,"To Pepin or Clotharius, they keep state so.",555
Act I,Scene III,Sands,"They have all new legs, and lame ones: one would take it,",556
Act I,Scene III,Sands,"That never saw 'em pace before, the spavin",557
Act I,Scene III,Sands,Or springhalt reign'd among 'em.,558
Act I,Scene III,Chamberlain,"Death! my lord,",559
Act I,Scene III,Chamberlain,"Their clothes are after such a pagan cut too,",560
Act I,Scene III,Chamberlain,"That, sure, they've worn out Christendom.",561
Act I,Scene III,[stage direction],Enter LOVELL,NA
Act I,Scene III,Chamberlain,How now!,562
Act I,Scene III,Chamberlain,"What news, Sir Thomas Lovell?",563
Act I,Scene III,Lovell,"Faith, my lord,",564
Act I,Scene III,Lovell,"I hear of none, but the new proclamation",565
Act I,Scene III,Lovell,That's clapp'd upon the court-gate.,566
Act I,Scene III,Chamberlain,What is't for?,567
Act I,Scene III,Lovell,"The reformation of our travell'd gallants,",568
Act I,Scene III,Lovell,"That fill the court with quarrels, talk, and tailors.",569
Act I,Scene III,Chamberlain,I'm glad 'tis there: now I would pray our monsieurs,570
Act I,Scene III,Chamberlain,"To think an English courtier may be wise,",571
Act I,Scene III,Chamberlain,And never see the Louvre.,572
Act I,Scene III,Lovell,"They must either,",573
Act I,Scene III,Lovell,"For so run the conditions, leave those remnants",574
Act I,Scene III,Lovell,"Of fool and feather that they got in France,",575
Act I,Scene III,Lovell,With all their honourable point of ignorance,576
Act I,Scene III,Lovell,"Pertaining thereunto, as fights and fireworks,",577
Act I,Scene III,Lovell,"Abusing better men than they can be,",578
Act I,Scene III,Lovell,"Out of a foreign wisdom, renouncing clean",579
Act I,Scene III,Lovell,"The faith they have in tennis, and tall stockings,",580
Act I,Scene III,Lovell,"Short blister'd breeches, and those types of travel,",581
Act I,Scene III,Lovell,And understand again like honest men;,582
Act I,Scene III,Lovell,"Or pack to their old playfellows: there, I take it,",583
Act I,Scene III,Lovell,"They may, 'cum privilegio,' wear away",584
Act I,Scene III,Lovell,The lag end of their lewdness and be laugh'd at.,585
Act I,Scene III,Sands,"'Tis time to give 'em physic, their diseases",586
Act I,Scene III,Sands,Are grown so catching.,587
Act I,Scene III,Chamberlain,What a loss our ladies,588
Act I,Scene III,Chamberlain,Will have of these trim vanities!,589
Act I,Scene III,Lovell,"Ay, marry,",590
Act I,Scene III,Lovell,"There will be woe indeed, lords: the sly whoresons",591
Act I,Scene III,Lovell,Have got a speeding trick to lay down ladies;,592
Act I,Scene III,Lovell,A French song and a fiddle has no fellow.,593
Act I,Scene III,Sands,"The devil fiddle 'em! I am glad they are going,",594
Act I,Scene III,Sands,"For, sure, there's no converting of 'em: now",595
Act I,Scene III,Sands,"An honest country lord, as I am, beaten",596
Act I,Scene III,Sands,"A long time out of play, may bring his plainsong",597
Act I,Scene III,Sands,"And have an hour of hearing; and, by'r lady,",598
Act I,Scene III,Sands,Held current music too.,599
Act I,Scene III,Chamberlain,"Well said, Lord Sands;",600
Act I,Scene III,Chamberlain,Your colt's tooth is not cast yet.,601
Act I,Scene III,Sands,"No, my lord;",602
Act I,Scene III,Sands,"Nor shall not, while I have a stump.",603
Act I,Scene III,Chamberlain,"Sir Thomas,",604
Act I,Scene III,Chamberlain,Whither were you a-going?,605
Act I,Scene III,Lovell,To the cardinal's:,606
Act I,Scene III,Lovell,Your lordship is a guest too.,607
Act I,Scene III,Chamberlain,"O, 'tis true:",608
Act I,Scene III,Chamberlain,"This night he makes a supper, and a great one,",609
Act I,Scene III,Chamberlain,To many lords and ladies; there will be,610
Act I,Scene III,Chamberlain,"The beauty of this kingdom, I'll assure you.",611
Act I,Scene III,Lovell,"That churchman bears a bounteous mind indeed,",612
Act I,Scene III,Lovell,A hand as fruitful as the land that feeds us;,613
Act I,Scene III,Lovell,His dews fall every where.,614
Act I,Scene III,Chamberlain,No doubt he's noble;,615
Act I,Scene III,Chamberlain,He had a black mouth that said other of him.,616
Act I,Scene III,Sands,"He may, my lord; has wherewithal: in him",617
Act I,Scene III,Sands,Sparing would show a worse sin than ill doctrine:,618
Act I,Scene III,Sands,Men of his way should be most liberal;,619
Act I,Scene III,Sands,They are set here for examples.,620
Act I,Scene III,Chamberlain,"True, they are so:",621
Act I,Scene III,Chamberlain,But few now give so great ones. My barge stays;,622
Act I,Scene III,Chamberlain,"Your lordship shall along. Come, good Sir Thomas,",623
Act I,Scene III,Chamberlain,"We shall be late else; which I would not be,",624
Act I,Scene III,Chamberlain,"For I was spoke to, with Sir Henry Guildford",625
Act I,Scene III,Chamberlain,This night to be comptrollers.,626
Act I,Scene III,Sands,I am your lordship's.,627
Act I,Scene III,[stage direction],Exeunt,NA
Act I,Scene IV,[stage direction],"Hautboys. A small table under a state for CARDINAL  WOLSEY, a longer table for the guests. Then enter  ANNE and divers other Ladies and Gentlemen as  guests, at one door; at another door, enter GUILDFORD",NA
Act I,Scene IV,Guildford,"Ladies, a general welcome from his grace",628
Act I,Scene IV,Guildford,Salutes ye all; this night he dedicates,629
Act I,Scene IV,Guildford,"To fair content and you: none here, he hopes,",630
Act I,Scene IV,Guildford,"In all this noble bevy, has brought with her",631
Act I,Scene IV,Guildford,One care abroad; he would have all as merry,632
Act I,Scene IV,Guildford,"As, first, good company, good wine, good welcome,",633
Act I,Scene IV,Guildford,"Can make good people. O, my lord, you're tardy:",634
Act I,Scene IV,[stage direction],"Enter Chamberlain, SANDS, and LOVELL",NA
Act I,Scene IV,Guildford,The very thought of this fair company,635
Act I,Scene IV,Guildford,Clapp'd wings to me.,636
Act I,Scene IV,Chamberlain,"You are young, Sir Harry Guildford.",637
Act I,Scene IV,Sands,"Sir Thomas Lovell, had the cardinal",638
Act I,Scene IV,Sands,"But half my lay thoughts in him, some of these",639
Act I,Scene IV,Sands,"Should find a running banquet ere they rested,",640
Act I,Scene IV,Sands,"I think would better please 'em: by my life,",641
Act I,Scene IV,Sands,They are a sweet society of fair ones.,642
Act I,Scene IV,Lovell,"O, that your lordship were but now confessor",643
Act I,Scene IV,Lovell,To one or two of these!,644
Act I,Scene IV,Sands,I would I were;,645
Act I,Scene IV,Sands,They should find easy penance.,646
Act I,Scene IV,Lovell,"Faith, how easy?",647
Act I,Scene IV,Sands,As easy as a down-bed would afford it.,648
Act I,Scene IV,Chamberlain,"Sweet ladies, will it please you sit? Sir Harry,",649
Act I,Scene IV,Chamberlain,Place you that side; I'll take the charge of this:,650
Act I,Scene IV,Chamberlain,"His grace is entering. Nay, you must not freeze;",651
Act I,Scene IV,Chamberlain,Two women placed together makes cold weather:,652
Act I,Scene IV,Chamberlain,"My Lord Sands, you are one will keep 'em waking;",653
Act I,Scene IV,Chamberlain,"Pray, sit between these ladies.",654
Act I,Scene IV,Sands,"By my faith,",655
Act I,Scene IV,Sands,"And thank your lordship. By your leave, sweet ladies:",656
Act I,Scene IV,Sands,"If I chance to talk a little wild, forgive me;",657
Act I,Scene IV,Sands,I had it from my father.,658
Act I,Scene IV,Anne,"Was he mad, sir?",659
Act I,Scene IV,Sands,"O, very mad, exceeding mad, in love too:",660
Act I,Scene IV,Sands,"But he would bite none; just as I do now,",661
Act I,Scene IV,Sands,He would kiss you twenty with a breath.,662
Act I,Scene IV,[stage direction],Kisses her,NA
Act I,Scene IV,Chamberlain,"Well said, my lord.",663
Act I,Scene IV,Chamberlain,"So, now you're fairly seated. Gentlemen,",664
Act I,Scene IV,Chamberlain,"The penance lies on you, if these fair ladies",665
Act I,Scene IV,Chamberlain,Pass away frowning.,666
Act I,Scene IV,Sands,"For my little cure,",667
Act I,Scene IV,Sands,Let me alone.,668
Act I,Scene IV,[stage direction],"Hautboys. Enter CARDINAL WOLSEY, and takes his state",NA
Act I,Scene IV,Cardinal Wolsey,"You're welcome, my fair guests: that noble lady,",669
Act I,Scene IV,Cardinal Wolsey,"Or gentleman, that is not freely merry,",670
Act I,Scene IV,Cardinal Wolsey,"Is not my friend: this, to confirm my welcome;",671
Act I,Scene IV,Cardinal Wolsey,"And to you all, good health.",672
Act I,Scene IV,[stage direction],Drinks,NA
Act I,Scene IV,Sands,Your grace is noble:,673
Act I,Scene IV,Sands,"Let me have such a bowl may hold my thanks,",674
Act I,Scene IV,Sands,And save me so much talking.,675
Act I,Scene IV,Cardinal Wolsey,"My Lord Sands,",676
Act I,Scene IV,Cardinal Wolsey,I am beholding to you: cheer your neighbours.,677
Act I,Scene IV,Cardinal Wolsey,"Ladies, you are not merry: gentlemen,",678
Act I,Scene IV,Cardinal Wolsey,Whose fault is this?,679
Act I,Scene IV,Sands,The red wine first must rise,680
Act I,Scene IV,Sands,"In their fair cheeks, my lord; then we shall have 'em",681
Act I,Scene IV,Sands,Talk us to silence.,682
Act I,Scene IV,Anne,"You are a merry gamester,",683
Act I,Scene IV,Anne,My Lord Sands.,684
Act I,Scene IV,Sands,"Yes, if I make my play.",685
Act I,Scene IV,Sands,"Here's to your ladyship: and pledge it, madam,",686
Act I,Scene IV,Sands,"For 'tis to such a thing,--",687
Act I,Scene IV,Anne,You cannot show me.,688
Act I,Scene IV,Sands,I told your grace they would talk anon.,689
Act I,Scene IV,[stage direction],"Drum and trumpet, chambers discharged",NA
Act I,Scene IV,Cardinal Wolsey,What's that?,690
Act I,Scene IV,Chamberlain,"Look out there, some of ye.",691
Act I,Scene IV,[stage direction],Exit Servant,NA
Act I,Scene IV,Cardinal Wolsey,"What warlike voice,",692
Act I,Scene IV,Cardinal Wolsey,"And to what end is this? Nay, ladies, fear not;",693
Act I,Scene IV,Cardinal Wolsey,By all the laws of war you're privileged.,694
Act I,Scene IV,[stage direction],Re-enter Servant,NA
Act I,Scene IV,Chamberlain,How now! what is't?,695
Act I,Scene IV,Servant,A noble troop of strangers;,696
Act I,Scene IV,Servant,For so they seem: they've left their barge and landed;,697
Act I,Scene IV,Servant,"And hither make, as great ambassadors",698
Act I,Scene IV,Servant,From foreign princes.,699
Act I,Scene IV,Cardinal Wolsey,"Good lord chamberlain,",700
Act I,Scene IV,Cardinal Wolsey,"Go, give 'em welcome; you can speak the French tongue;",701
Act I,Scene IV,Cardinal Wolsey,"And, pray, receive 'em nobly, and conduct 'em",702
Act I,Scene IV,Cardinal Wolsey,"Into our presence, where this heaven of beauty",703
Act I,Scene IV,Cardinal Wolsey,Shall shine at full upon them. Some attend him.,704
Act I,Scene IV,[stage direction],"Exit Chamberlain, attended. All rise, and tables removed",NA
Act I,Scene IV,Cardinal Wolsey,You have now a broken banquet; but we'll mend it.,705
Act I,Scene IV,Cardinal Wolsey,A good digestion to you all: and once more,706
Act I,Scene IV,Cardinal Wolsey,I shower a welcome on ye; welcome all.,707
Act I,Scene IV,[stage direction],"Hautboys. Enter KING HENRY VIII and others, as  masquers, habited like shepherds, ushered by the  Chamberlain. They pass directly before CARDINAL WOLSEY, and gracefully salute him",NA
Act I,Scene IV,Cardinal Wolsey,A noble company! what are their pleasures?,708
Act I,Scene IV,Chamberlain,"Because they speak no English, thus they pray'd",709
Act I,Scene IV,Chamberlain,"To tell your grace, that, having heard by fame",710
Act I,Scene IV,Chamberlain,Of this so noble and so fair assembly,711
Act I,Scene IV,Chamberlain,"This night to meet here, they could do no less",712
Act I,Scene IV,Chamberlain,"Out of the great respect they bear to beauty,",713
Act I,Scene IV,Chamberlain,"But leave their flocks; and, under your fair conduct,",714
Act I,Scene IV,Chamberlain,Crave leave to view these ladies and entreat,715
Act I,Scene IV,Chamberlain,An hour of revels with 'em.,716
Act I,Scene IV,Cardinal Wolsey,"Say, lord chamberlain,",717
Act I,Scene IV,Cardinal Wolsey,They have done my poor house grace; for which I pay 'em,718
Act I,Scene IV,Cardinal Wolsey,"A thousand thanks, and pray 'em take their pleasures.",719
Act I,Scene IV,[stage direction],They choose Ladies for the dance. KING HENRY VIII chooses ANNE,NA
Act I,Scene IV,King Henry Viii,"The fairest hand I ever touch'd! O beauty,",720
Act I,Scene IV,King Henry Viii,Till now I never knew thee!,721
Act I,Scene IV,[stage direction],Music. Dance,NA
Act I,Scene IV,Cardinal Wolsey,My lord!,722
Act I,Scene IV,Chamberlain,Your grace?,723
Act I,Scene IV,Cardinal Wolsey,"Pray, tell 'em thus much from me:",724
Act I,Scene IV,Cardinal Wolsey,"There should be one amongst 'em, by his person,",725
Act I,Scene IV,Cardinal Wolsey,"More worthy this place than myself; to whom,",726
Act I,Scene IV,Cardinal Wolsey,"If I but knew him, with my love and duty",727
Act I,Scene IV,Cardinal Wolsey,I would surrender it.,728
Act I,Scene IV,Chamberlain,"I will, my lord.",729
Act I,Scene IV,[stage direction],Whispers the Masquers,NA
Act I,Scene IV,Cardinal Wolsey,What say they?,730
Act I,Scene IV,Chamberlain,"Such a one, they all confess,",731
Act I,Scene IV,Chamberlain,There is indeed; which they would have your grace,732
Act I,Scene IV,Chamberlain,"Find out, and he will take it.",733
Act I,Scene IV,Cardinal Wolsey,"Let me see, then.",734
Act I,Scene IV,Cardinal Wolsey,"By all your good leaves, gentlemen; here I'll make",735
Act I,Scene IV,Cardinal Wolsey,My royal choice.,736
Act I,Scene IV,King Henry Viii,"Ye have found him, cardinal:",737
Act I,Scene IV,[stage direction],Unmasking,NA
Act I,Scene IV,King Henry Viii,"You hold a fair assembly; you do well, lord:",738
Act I,Scene IV,King Henry Viii,"You are a churchman, or, I'll tell you, cardinal,",739
Act I,Scene IV,King Henry Viii,I should judge now unhappily.,740
Act I,Scene IV,Cardinal Wolsey,I am glad,741
Act I,Scene IV,Cardinal Wolsey,Your grace is grown so pleasant.,742
Act I,Scene IV,King Henry Viii,"My lord chamberlain,",743
Act I,Scene IV,King Henry Viii,"Prithee, come hither: what fair lady's that?",744
Act I,Scene IV,Chamberlain,"An't please your grace, Sir Thomas Bullen's daughter--",745
Act I,Scene IV,Chamberlain,"The Viscount Rochford,--one of her highness' women.",746
Act I,Scene IV,King Henry Viii,"By heaven, she is a dainty one. Sweetheart,",747
Act I,Scene IV,King Henry Viii,"I were unmannerly, to take you out,",748
Act I,Scene IV,King Henry Viii,"And not to kiss you. A health, gentlemen!",749
Act I,Scene IV,King Henry Viii,Let it go round.,750
Act I,Scene IV,Cardinal Wolsey,"Sir Thomas Lovell, is the banquet ready",751
Act I,Scene IV,Cardinal Wolsey,I' the privy chamber?,752
Act I,Scene IV,Lovell,"Yes, my lord.",753
Act I,Scene IV,Cardinal Wolsey,"Your grace,",754
Act I,Scene IV,Cardinal Wolsey,"I fear, with dancing is a little heated.",755
Act I,Scene IV,King Henry Viii,"I fear, too much.",756
Act I,Scene IV,Cardinal Wolsey,"There's fresher air, my lord,",757
Act I,Scene IV,Cardinal Wolsey,In the next chamber.,758
Act I,Scene IV,King Henry Viii,"Lead in your ladies, every one: sweet partner,",759
Act I,Scene IV,King Henry Viii,I must not yet forsake you: let's be merry:,760
Act I,Scene IV,King Henry Viii,"Good my lord cardinal, I have half a dozen healths",761
Act I,Scene IV,King Henry Viii,"To drink to these fair ladies, and a measure",762
Act I,Scene IV,King Henry Viii,To lead 'em once again; and then let's dream,763
Act I,Scene IV,King Henry Viii,Who's best in favour. Let the music knock it.,764
Act I,Scene IV,[stage direction],Exeunt with trumpets,NA
Act II,Scene I,[stage direction],"Enter two Gentlemen, meeting",NA
Act II,Scene I,First Gentleman,Whither away so fast?,765
Act II,Scene I,Second Gentleman,"O, God save ye!",766
Act II,Scene I,Second Gentleman,"Even to the hall, to hear what shall become",767
Act II,Scene I,Second Gentleman,Of the great Duke of Buckingham.,768
Act II,Scene I,First Gentleman,I'll save you,769
Act II,Scene I,First Gentleman,"That labour, sir. All's now done, but the ceremony",770
Act II,Scene I,First Gentleman,Of bringing back the prisoner.,771
Act II,Scene I,Second Gentleman,Were you there?,772
Act II,Scene I,First Gentleman,"Yes, indeed, was I.",773
Act II,Scene I,Second Gentleman,"Pray, speak what has happen'd.",774
Act II,Scene I,First Gentleman,You may guess quickly what.,775
Act II,Scene I,Second Gentleman,Is he found guilty?,776
Act II,Scene I,First Gentleman,"Yes, truly is he, and condemn'd upon't.",777
Act II,Scene I,Second Gentleman,I am sorry for't.,778
Act II,Scene I,First Gentleman,So are a number more.,779
Act II,Scene I,Second Gentleman,"But, pray, how pass'd it?",780
Act II,Scene I,First Gentleman,I'll tell you in a little. The great duke,781
Act II,Scene I,First Gentleman,Came to the bar; where to his accusations,782
Act II,Scene I,First Gentleman,He pleaded still not guilty and alleged,783
Act II,Scene I,First Gentleman,Many sharp reasons to defeat the law.,784
Act II,Scene I,First Gentleman,The king's attorney on the contrary,785
Act II,Scene I,First Gentleman,"Urged on the examinations, proofs, confessions",786
Act II,Scene I,First Gentleman,Of divers witnesses; which the duke desired,787
Act II,Scene I,First Gentleman,To have brought viva voce to his face:,788
Act II,Scene I,First Gentleman,At which appear'd against him his surveyor;,789
Act II,Scene I,First Gentleman,"Sir Gilbert Peck his chancellor; and John Car,",790
Act II,Scene I,First Gentleman,"Confessor to him; with that devil-monk,",791
Act II,Scene I,First Gentleman,"Hopkins, that made this mischief.",792
Act II,Scene I,Second Gentleman,That was he,793
Act II,Scene I,Second Gentleman,That fed him with his prophecies?,794
Act II,Scene I,First Gentleman,The same.,795
Act II,Scene I,First Gentleman,All these accused him strongly; which he fain,796
Act II,Scene I,First Gentleman,"Would have flung from him, but, indeed, he could not:",797
Act II,Scene I,First Gentleman,"And so his peers, upon this evidence,",798
Act II,Scene I,First Gentleman,Have found him guilty of high treason. Much,799
Act II,Scene I,First Gentleman,"He spoke, and learnedly, for life; but all",800
Act II,Scene I,First Gentleman,Was either pitied in him or forgotten.,801
Act II,Scene I,Second Gentleman,"After all this, how did he bear himself?",802
Act II,Scene I,First Gentleman,"When he was brought again to the bar, to hear",803
Act II,Scene I,First Gentleman,"His knell rung out, his judgment, he was stirr'd",804
Act II,Scene I,First Gentleman,"With such an agony, he sweat extremely,",805
Act II,Scene I,First Gentleman,"And something spoke in choler, ill, and hasty:",806
Act II,Scene I,First Gentleman,"But he fell to himself again, and sweetly",807
Act II,Scene I,First Gentleman,In all the rest show'd a most noble patience.,808
Act II,Scene I,Second Gentleman,I do not think he fears death.,809
Act II,Scene I,First Gentleman,"Sure, he does not:",810
Act II,Scene I,First Gentleman,He never was so womanish; the cause,811
Act II,Scene I,First Gentleman,He may a little grieve at.,812
Act II,Scene I,Second Gentleman,Certainly,813
Act II,Scene I,Second Gentleman,The cardinal is the end of this.,814
Act II,Scene I,First Gentleman,"'Tis likely,",815
Act II,Scene I,First Gentleman,"By all conjectures: first, Kildare's attainder,",816
Act II,Scene I,First Gentleman,"Then deputy of Ireland; who removed,",817
Act II,Scene I,First Gentleman,"Earl Surrey was sent thither, and in haste too,",818
Act II,Scene I,First Gentleman,Lest he should help his father.,819
Act II,Scene I,Second Gentleman,That trick of state,820
Act II,Scene I,Second Gentleman,Was a deep envious one.,821
Act II,Scene I,First Gentleman,At his return,822
Act II,Scene I,First Gentleman,"No doubt he will requite it. This is noted,",823
Act II,Scene I,First Gentleman,"And generally, whoever the king favours,",824
Act II,Scene I,First Gentleman,"The cardinal instantly will find employment,",825
Act II,Scene I,First Gentleman,And far enough from court too.,826
Act II,Scene I,Second Gentleman,All the commons,827
Act II,Scene I,Second Gentleman,"Hate him perniciously, and, o' my conscience,",828
Act II,Scene I,Second Gentleman,Wish him ten fathom deep: this duke as much,829
Act II,Scene I,Second Gentleman,"They love and dote on; call him bounteous Buckingham,",830
Act II,Scene I,Second Gentleman,The mirror of all courtesy;--,831
Act II,Scene I,First Gentleman,"Stay there, sir,",832
Act II,Scene I,First Gentleman,And see the noble ruin'd man you speak of.,833
Act II,Scene I,[stage direction],"Enter BUCKINGHAM from his arraignment; tip-staves  before him; the axe with the edge towards him;  halberds on each side: accompanied with LOVELL, VAUX, SANDS, and common people",NA
Act II,Scene I,Second Gentleman,"Let's stand close, and behold him.",834
Act II,Scene I,Buckingham,"All good people,",835
Act II,Scene I,Buckingham,"You that thus far have come to pity me,",836
Act II,Scene I,Buckingham,"Hear what I say, and then go home and lose me.",837
Act II,Scene I,Buckingham,"I have this day received a traitor's judgment,",838
Act II,Scene I,Buckingham,"And by that name must die: yet, heaven bear witness,",839
Act II,Scene I,Buckingham,"And if I have a co nscience, let it sink me,",840
Act II,Scene I,Buckingham,"Even as the axe falls, if I be not faithful!",841
Act II,Scene I,Buckingham,The law I bear no malice for my death;,842
Act II,Scene I,Buckingham,"'T has done, upon the premises, but justice:",843
Act II,Scene I,Buckingham,But those that sought it I could wish more Christians:,844
Act II,Scene I,Buckingham,"Be what they will, I heartily forgive 'em:",845
Act II,Scene I,Buckingham,"Yet let 'em look they glory not in mischief,",846
Act II,Scene I,Buckingham,Nor build their evils on the graves of great men;,847
Act II,Scene I,Buckingham,For then my guiltless blood must cry against 'em.,848
Act II,Scene I,Buckingham,"For further life in this world I ne'er hope,",849
Act II,Scene I,Buckingham,"Nor will I sue, although the king have mercies",850
Act II,Scene I,Buckingham,"More than I dare make faults. You few that loved me,",851
Act II,Scene I,Buckingham,"And dare be bold to weep for Buckingham,",852
Act II,Scene I,Buckingham,"His noble friends and fellows, whom to leave",853
Act II,Scene I,Buckingham,"Is only bitter to him, only dying,",854
Act II,Scene I,Buckingham,"Go with me, like good angels, to my end;",855
Act II,Scene I,Buckingham,"And, as the long divorce of steel falls on me,",856
Act II,Scene I,Buckingham,"Make of your prayers one sweet sacrifice,",857
Act II,Scene I,Buckingham,"And lift my soul to heaven. Lead on, o' God's name.",858
Act II,Scene I,Lovell,"I do beseech your grace, for charity,",859
Act II,Scene I,Lovell,If ever any malice in your heart,860
Act II,Scene I,Lovell,"Were hid against me, now to forgive me frankly.",861
Act II,Scene I,Buckingham,"Sir Thomas Lovell, I as free forgive you",862
Act II,Scene I,Buckingham,As I would be forgiven: I forgive all;,863
Act II,Scene I,Buckingham,There cannot be those numberless offences,864
Act II,Scene I,Buckingham,"'Gainst me, that I cannot take peace with:",865
Act II,Scene I,Buckingham,no black envy,866
Act II,Scene I,Buckingham,Shall mark my grave. Commend me to his grace;,867
Act II,Scene I,Buckingham,"And if he speak of Buckingham, pray, tell him",868
Act II,Scene I,Buckingham,You met him half in heaven: my vows and prayers,869
Act II,Scene I,Buckingham,"Yet are the king's; and, till my soul forsake,",870
Act II,Scene I,Buckingham,Shall cry for blessings on him: may he live,871
Act II,Scene I,Buckingham,Longer than I have time to tell his years!,872
Act II,Scene I,Buckingham,Ever beloved and loving may his rule be!,873
Act II,Scene I,Buckingham,"And when old time shall lead him to his end,",874
Act II,Scene I,Buckingham,Goodness and he fill up one monument!,875
Act II,Scene I,Lovell,To the water side I must conduct your grace;,876
Act II,Scene I,Lovell,"Then give my charge up to Sir Nicholas Vaux,",877
Act II,Scene I,Lovell,Who undertakes you to your end.,878
Act II,Scene I,Vaux,"Prepare there,",879
Act II,Scene I,Vaux,The duke is coming: see the barge be ready;,880
Act II,Scene I,Vaux,And fit it with such furniture as suits,881
Act II,Scene I,Vaux,The greatness of his person.,882
Act II,Scene I,Buckingham,"Nay, Sir Nicholas,",883
Act II,Scene I,Buckingham,Let it alone; my state now will but mock me.,884
Act II,Scene I,Buckingham,"When I came hither, I was lord high constable",885
Act II,Scene I,Buckingham,"And Duke of Buckingham; now, poor Edward Bohun:",886
Act II,Scene I,Buckingham,"Yet I am richer than my base accusers,",887
Act II,Scene I,Buckingham,That never knew what truth meant: I now seal it;,888
Act II,Scene I,Buckingham,And with that blood will make 'em one day groan for't.,889
Act II,Scene I,Buckingham,"My noble father, Henry of Buckingham,",890
Act II,Scene I,Buckingham,"Who first raised head against usurping Richard,",891
Act II,Scene I,Buckingham,"Flying for succor to his servant Banister,",892
Act II,Scene I,Buckingham,"Being distress'd, was by that wretch betray'd,",893
Act II,Scene I,Buckingham,And without trial fell; God's peace be with him!,894
Act II,Scene I,Buckingham,"Henry the Seventh succeeding, truly pitying",895
Act II,Scene I,Buckingham,"My father's loss, like a most royal prince,",896
Act II,Scene I,Buckingham,"Restored me to my honours, and, out of ruins,",897
Act II,Scene I,Buckingham,"Made my name once more noble. Now his son,",898
Act II,Scene I,Buckingham,"Henry the Eighth, life, honour, name and all",899
Act II,Scene I,Buckingham,That made me happy at one stroke has taken,900
Act II,Scene I,Buckingham,"For ever from the world. I had my trial,",901
Act II,Scene I,Buckingham,"And, must needs say, a noble one; which makes me,",902
Act II,Scene I,Buckingham,A little happier than my wretched father:,903
Act II,Scene I,Buckingham,Yet thus far we are one in fortunes: both,904
Act II,Scene I,Buckingham,"Fell by our servants, by those men we loved most;",905
Act II,Scene I,Buckingham,A most unnatural and faithless service!,906
Act II,Scene I,Buckingham,"Heaven has an end in all: yet, you that hear me,",907
Act II,Scene I,Buckingham,This from a dying man receive as certain:,908
Act II,Scene I,Buckingham,Where you are liberal of your loves and counsels,909
Act II,Scene I,Buckingham,Be sure you be not loose; for those you make friends,910
Act II,Scene I,Buckingham,"And give your hearts to, when they once perceive",911
Act II,Scene I,Buckingham,"The least rub in your fortunes, fall away",912
Act II,Scene I,Buckingham,"Like water from ye, never found again",913
Act II,Scene I,Buckingham,"But where they mean to sink ye. All good people,",914
Act II,Scene I,Buckingham,Pray for me! I must now forsake ye: the last hour,915
Act II,Scene I,Buckingham,Of my long weary life is come upon me. Farewell:,916
Act II,Scene I,Buckingham,"And when you would say something that is sad,",917
Act II,Scene I,Buckingham,Speak how I fell. I have done; and God forgive me!,918
Act II,Scene I,[stage direction],Exeunt BUCKINGHAM and Train,NA
Act II,Scene I,First Gentleman,"O, this is full of pity! Sir, it calls,",919
Act II,Scene I,First Gentleman,"I fear, too many curses on their beads",920
Act II,Scene I,First Gentleman,That were the authors.,921
Act II,Scene I,Second Gentleman,"If the duke be guiltless,",922
Act II,Scene I,Second Gentleman,'Tis full of woe: yet I can give you inkling,923
Act II,Scene I,Second Gentleman,"Of an ensuing evil, if it fall,",924
Act II,Scene I,Second Gentleman,Greater than this.,925
Act II,Scene I,First Gentleman,Good angels keep it from us!,926
Act II,Scene I,First Gentleman,"What may it be? You do not doubt my faith, sir?",927
Act II,Scene I,Second Gentleman,"This secret is so weighty, 'twill require",928
Act II,Scene I,Second Gentleman,A strong faith to conceal it.,929
Act II,Scene I,First Gentleman,Let me have it;,930
Act II,Scene I,First Gentleman,I do not talk much.,931
Act II,Scene I,Second Gentleman,"I am confident,",932
Act II,Scene I,Second Gentleman,"You shall, sir: did you not of late days hear",933
Act II,Scene I,Second Gentleman,A buzzing of a separation,934
Act II,Scene I,Second Gentleman,Between the king and Katharine?,935
Act II,Scene I,First Gentleman,"Yes, but it held not:",936
Act II,Scene I,First Gentleman,"For when the king once heard it, out of anger",937
Act II,Scene I,First Gentleman,He sent command to the lord mayor straight,938
Act II,Scene I,First Gentleman,"To stop the rumor, and allay those tongues",939
Act II,Scene I,First Gentleman,That durst disperse it.,940
Act II,Scene I,Second Gentleman,"But that slander, sir,",941
Act II,Scene I,Second Gentleman,Is found a truth now: for it grows again,942
Act II,Scene I,Second Gentleman,Fresher than e'er it was; and held for certain,943
Act II,Scene I,Second Gentleman,"The king will venture at it. Either the cardinal,",944
Act II,Scene I,Second Gentleman,"Or some about him near, have, out of malice",945
Act II,Scene I,Second Gentleman,"To the good queen, possess'd him with a scruple",946
Act II,Scene I,Second Gentleman,"That will undo her: to confirm this too,",947
Act II,Scene I,Second Gentleman,"Cardinal Campeius is arrived, and lately;",948
Act II,Scene I,Second Gentleman,"As all think, for this business.",949
Act II,Scene I,First Gentleman,'Tis the cardinal;,950
Act II,Scene I,First Gentleman,And merely to revenge him on the emperor,951
Act II,Scene I,First Gentleman,"For not bestowing on him, at his asking,",952
Act II,Scene I,First Gentleman,"The archbishopric of Toledo, this is purposed.",953
Act II,Scene I,Second Gentleman,I think you have hit the mark: but is't not cruel,954
Act II,Scene I,Second Gentleman,That she should feel the smart of this? The cardinal,955
Act II,Scene I,Second Gentleman,"Will have his will, and she must fall.",956
Act II,Scene I,First Gentleman,'Tis woful.,957
Act II,Scene I,First Gentleman,We are too open here to argue this;,958
Act II,Scene I,First Gentleman,Let's think in private more.,959
Act II,Scene I,[stage direction],Exeunt,NA
Act II,Scene II,[stage direction],"Enter Chamberlain, reading a letter",NA
Act II,Scene II,Chamberlain,"'My lord, the horses your lordship sent for, with",960
Act II,Scene II,Chamberlain,"all the care I had, I saw well chosen, ridden, and",961
Act II,Scene II,Chamberlain,"furnished. They were young and handsome, and of the",962
Act II,Scene II,Chamberlain,best breed in the north. When they were ready to,963
Act II,Scene II,Chamberlain,"set out for London, a man of my lord cardinal's, by",964
Act II,Scene II,Chamberlain,"commission and main power, took 'em from me; with",965
Act II,Scene II,Chamberlain,this reason: His master would be served before a,966
Act II,Scene II,Chamberlain,"subject, if not before the king; which stopped our",967
Act II,Scene II,Chamberlain,"mouths, sir.'",968
Act II,Scene II,Chamberlain,"I fear he will indeed: well, let him have them:",969
Act II,Scene II,Chamberlain,"He will have all, I think.",970
Act II,Scene II,[stage direction],"Enter, to Chamberlain, NORFOLK and SUFFOLK",NA
Act II,Scene II,Norfolk,"Well met, my lord chamberlain.",971
Act II,Scene II,Chamberlain,Good day to both your graces.,972
Act II,Scene II,Suffolk,How is the king employ'd?,973
Act II,Scene II,Chamberlain,"I left him private,",974
Act II,Scene II,Chamberlain,Full of sad thoughts and troubles.,975
Act II,Scene II,Norfolk,What's the cause?,976
Act II,Scene II,Chamberlain,It seems the marriage with his brother's wife,977
Act II,Scene II,Chamberlain,Has crept too near his conscience.,978
Act II,Scene II,Suffolk,"No, his conscience",979
Act II,Scene II,Suffolk,Has crept too near another lady.,980
Act II,Scene II,Norfolk,'Tis so:,981
Act II,Scene II,Norfolk,"This is the cardinal's doing, the king-cardinal:",982
Act II,Scene II,Norfolk,"That blind priest, like the eldest son of fortune,",983
Act II,Scene II,Norfolk,Turns what he list. The king will know him one day.,984
Act II,Scene II,Suffolk,Pray God he do! he'll never know himself else.,985
Act II,Scene II,Norfolk,How holily he works in all his business!,986
Act II,Scene II,Norfolk,"And with what zeal! for, now he has crack'd the league",987
Act II,Scene II,Norfolk,"Between us and the emperor, the queen's great nephew,",988
Act II,Scene II,Norfolk,"He dives into the king's soul, and there scatters",989
Act II,Scene II,Norfolk,"Dangers, doubts, wringing of the conscience,",990
Act II,Scene II,Norfolk,"Fears, and despairs; and all these for his marriage:",991
Act II,Scene II,Norfolk,"And out of all these to restore the king,",992
Act II,Scene II,Norfolk,He counsels a divorce; a loss of her,993
Act II,Scene II,Norfolk,"That, like a jewel, has hung twenty years",994
Act II,Scene II,Norfolk,"About his neck, yet never lost her lustre;",995
Act II,Scene II,Norfolk,Of her that loves him with that excellence,996
Act II,Scene II,Norfolk,That angels love good men with; even of her,997
Act II,Scene II,Norfolk,"That, when the greatest stroke of fortune falls,",998
Act II,Scene II,Norfolk,Will bless the king: and is not this course pious?,999
Act II,Scene II,Chamberlain,Heaven keep me from such counsel! 'Tis most true,1000
Act II,Scene II,Chamberlain,"These news are every where; every tongue speaks 'em,",1001
Act II,Scene II,Chamberlain,And every true heart weeps for't: all that dare,1002
Act II,Scene II,Chamberlain,"Look into these affairs see this main end,",1003
Act II,Scene II,Chamberlain,The French king's sister. Heaven will one day open,1004
Act II,Scene II,Chamberlain,"The king's eyes, that so long have slept upon",1005
Act II,Scene II,Chamberlain,This bold bad man.,1006
Act II,Scene II,Suffolk,And free us from his slavery.,1007
Act II,Scene II,Norfolk,"We had need pray,",1008
Act II,Scene II,Norfolk,"And heartily, for our deliverance;",1009
Act II,Scene II,Norfolk,Or this imperious man will work us all,1010
Act II,Scene II,Norfolk,From princes into pages: all men's honours,1011
Act II,Scene II,Norfolk,"Lie like one lump before him, to be fashion'd",1012
Act II,Scene II,Norfolk,Into what pitch he please.,1013
Act II,Scene II,Suffolk,"For me, my lords,",1014
Act II,Scene II,Suffolk,"I love him not, nor fear him; there's my creed:",1015
Act II,Scene II,Suffolk,"As I am made without him, so I'll stand,",1016
Act II,Scene II,Suffolk,If the king please; his curses and his blessings,1017
Act II,Scene II,Suffolk,"Touch me alike, they're breath I not believe in.",1018
Act II,Scene II,Suffolk,"I knew him, and I know him; so I leave him",1019
Act II,Scene II,Suffolk,"To him that made him proud, the pope.",1020
Act II,Scene II,Norfolk,Let's in;,1021
Act II,Scene II,Norfolk,And with some other business put the king,1022
Act II,Scene II,Norfolk,"From these sad thoughts, that work too much upon him:",1023
Act II,Scene II,Norfolk,"My lord, you'll bear us company?",1024
Act II,Scene II,Chamberlain,Excuse me;,1025
Act II,Scene II,Chamberlain,"The king has sent me otherwhere: besides,",1026
Act II,Scene II,Chamberlain,You'll find a most unfit time to disturb him:,1027
Act II,Scene II,Chamberlain,Health to your lordships.,1028
Act II,Scene II,Norfolk,"Thanks, my good lord chamberlain.",1029
Act II,Scene II,[stage direction],"Exit Chamberlain; and KING HENRY VIII draws the curtain, and sits reading pensively",NA
Act II,Scene II,Suffolk,"How sad he looks! sure, he is much afflicted.",1030
Act II,Scene II,King Henry Viii,"Who's there, ha?",1031
Act II,Scene II,Norfolk,Pray God he be not angry.,1032
Act II,Scene II,King Henry Viii,"Who's there, I say? How dare you thrust yourselves",1033
Act II,Scene II,King Henry Viii,Into my private meditations?,1034
Act II,Scene II,King Henry Viii,Who am I? ha?,1035
Act II,Scene II,Norfolk,A gracious king that pardons all offences,1036
Act II,Scene II,Norfolk,Malice ne'er meant: our breach of duty this way,1037
Act II,Scene II,Norfolk,Is business of estate; in which we come,1038
Act II,Scene II,Norfolk,To know your royal pleasure.,1039
Act II,Scene II,King Henry Viii,Ye are too bold:,1040
Act II,Scene II,King Henry Viii,Go to; I'll make ye know your times of business:,1041
Act II,Scene II,King Henry Viii,"Is this an hour for temporal affairs, ha?",1042
Act II,Scene II,[stage direction],"Enter CARDINAL WOLSEY and CARDINAL CAMPEIUS, with a commission",NA
Act II,Scene II,King Henry Viii,"Who's there? my good lord cardinal? O my Wolsey,",1043
Act II,Scene II,King Henry Viii,The quiet of my wounded conscience;,1044
Act II,Scene II,King Henry Viii,Thou art a cure fit for a king.,1045
Act II,Scene II,[stage direction],To CARDINAL CAMPEIUS,NA
Act II,Scene II,King Henry Viii,"You're welcome,",1046
Act II,Scene II,King Henry Viii,"Most learned reverend sir, into our kingdom:",1047
Act II,Scene II,King Henry Viii,Use us and it.,1048
Act II,Scene II,[stage direction],To CARDINAL WOLSEY,NA
Act II,Scene II,King Henry Viii,"My good lord, have great care",1049
Act II,Scene II,King Henry Viii,I be not found a talker.,1050
Act II,Scene II,Cardinal Wolsey,"Sir, you cannot.",1051
Act II,Scene II,Cardinal Wolsey,I would your grace would give us but an hour,1052
Act II,Scene II,Cardinal Wolsey,Of private conference.,1053
Act II,Scene II,King Henry Viii,[To NORFOLK and SUFFOLK],1054
Act II,Scene II,King Henry Viii,We are busy; go.,1055
Act II,Scene II,Norfolk,[Aside to SUFFOLK],1056
Act II,Scene II,Norfolk,This priest has no pride in him?,1057
Act II,Scene II,Suffolk,[Aside to NORFOLK]             Not to speak of:,1058
Act II,Scene II,Suffolk,I would not be so sick though for his place:,1059
Act II,Scene II,Suffolk,But this cannot continue.,1060
Act II,Scene II,Norfolk,"[Aside to SUFFOLK]      If it do,",1061
Act II,Scene II,Norfolk,I'll venture one have-at-him.,1062
Act II,Scene II,Suffolk,[Aside to NORFOLK]          I another.,1063
Act II,Scene II,[stage direction],Exeunt NORFOLK and SUFFOLK,NA
Act II,Scene II,Cardinal Wolsey,Your grace has given a precedent of wisdom,1064
Act II,Scene II,Cardinal Wolsey,"Above all princes, in committing freely",1065
Act II,Scene II,Cardinal Wolsey,Your scruple to the voice of Christendom:,1066
Act II,Scene II,Cardinal Wolsey,Who can be angry now? what envy reach you?,1067
Act II,Scene II,Cardinal Wolsey,"The Spaniard, tied blood and favour to her,",1068
Act II,Scene II,Cardinal Wolsey,"Must now confess, if they have any goodness,",1069
Act II,Scene II,Cardinal Wolsey,"The trial just and noble. All the clerks,",1070
Act II,Scene II,Cardinal Wolsey,"I mean the learned ones, in Christian kingdoms",1071
Act II,Scene II,Cardinal Wolsey,"Have their free voices: Rome, the nurse of judgment,",1072
Act II,Scene II,Cardinal Wolsey,"Invited by your noble self, hath sent",1073
Act II,Scene II,Cardinal Wolsey,"One general tongue unto us, this good man,",1074
Act II,Scene II,Cardinal Wolsey,"This just and learned priest, Cardinal Campeius;",1075
Act II,Scene II,Cardinal Wolsey,Whom once more I present unto your highness.,1076
Act II,Scene II,King Henry Viii,"And once more in mine arms I bid him welcome,",1077
Act II,Scene II,King Henry Viii,And thank the holy conclave for their loves:,1078
Act II,Scene II,King Henry Viii,They have sent me such a man I would have wish'd for.,1079
Act II,Scene II,Cardinal Campeius,"Your grace must needs deserve all strangers' loves,",1080
Act II,Scene II,Cardinal Campeius,You are so noble. To your highness' hand,1081
Act II,Scene II,Cardinal Campeius,"I tender my commission; by whose virtue,",1082
Act II,Scene II,Cardinal Campeius,"The court of Rome commanding, you, my lord",1083
Act II,Scene II,Cardinal Campeius,"Cardinal of York, are join'd with me their servant",1084
Act II,Scene II,Cardinal Campeius,In the unpartial judging of this business.,1085
Act II,Scene II,King Henry Viii,Two equal men. The queen shall be acquainted,1086
Act II,Scene II,King Henry Viii,Forthwith for what you come. Where's Gardiner?,1087
Act II,Scene II,Cardinal Wolsey,I know your majesty has always loved her,1088
Act II,Scene II,Cardinal Wolsey,"So dear in heart, not to deny her that",1089
Act II,Scene II,Cardinal Wolsey,A woman of less place might ask by law:,1090
Act II,Scene II,Cardinal Wolsey,Scholars allow'd freely to argue for her.,1091
Act II,Scene II,King Henry Viii,"Ay, and the best she shall have; and my favour",1092
Act II,Scene II,King Henry Viii,"To him that does best: God forbid else. Cardinal,",1093
Act II,Scene II,King Henry Viii,"Prithee, call Gardiner to me, my new secretary:",1094
Act II,Scene II,King Henry Viii,I find him a fit fellow.,1095
Act II,Scene II,[stage direction],Exit CARDINAL WOLSEY,NA
Act II,Scene II,[stage direction],"Re-enter CARDINAL WOLSEY, with GARDINER",NA
Act II,Scene II,Cardinal Wolsey,[Aside to GARDINER]  Give me your hand much joy and,1096
Act II,Scene II,Cardinal Wolsey,favour to you;,1097
Act II,Scene II,Cardinal Wolsey,You are the king's now.,1098
Act II,Scene II,Gardiner,[Aside to CARDINAL WOLSEY],1099
Act II,Scene II,Gardiner,But to be commanded,1100
Act II,Scene II,Gardiner,"For ever by your grace, whose hand has raised me.",1101
Act II,Scene II,King Henry Viii,"Come hither, Gardiner.",1102
Act II,Scene II,[stage direction],Walks and whispers,NA
Act II,Scene II,Cardinal Campeius,"My Lord of York, was not one Doctor Pace",1103
Act II,Scene II,Cardinal Campeius,In this man's place before him?,1104
Act II,Scene II,Cardinal Wolsey,"Yes, he was.",1105
Act II,Scene II,Cardinal Campeius,Was he not held a learned man?,1106
Act II,Scene II,Cardinal Wolsey,"Yes, surely.",1107
Act II,Scene II,Cardinal Campeius,"Believe me, there's an ill opinion spread then",1108
Act II,Scene II,Cardinal Campeius,"Even of yourself, lord cardinal.",1109
Act II,Scene II,Cardinal Wolsey,How! of me?,1110
Act II,Scene II,Cardinal Campeius,"They will not stick to say you envied him,",1111
Act II,Scene II,Cardinal Campeius,"And fearing he would rise, he was so virtuous,",1112
Act II,Scene II,Cardinal Campeius,"Kept him a foreign man still; which so grieved him,",1113
Act II,Scene II,Cardinal Campeius,That he ran mad and died.,1114
Act II,Scene II,Cardinal Wolsey,Heaven's peace be with him!,1115
Act II,Scene II,Cardinal Wolsey,That's Christian care enough: for living murmurers,1116
Act II,Scene II,Cardinal Wolsey,There's places of rebuke. He was a fool;,1117
Act II,Scene II,Cardinal Wolsey,"For he would needs be virtuous: that good fellow,",1118
Act II,Scene II,Cardinal Wolsey,"If I command him, follows my appointment:",1119
Act II,Scene II,Cardinal Wolsey,"I will have none so near else. Learn this, brother,",1120
Act II,Scene II,Cardinal Wolsey,We live not to be grip'd by meaner persons.,1121
Act II,Scene II,King Henry Viii,Deliver this with modesty to the queen.,1122
Act II,Scene II,[stage direction],Exit GARDINER,NA
Act II,Scene II,King Henry Viii,The most convenient place that I can think of,1123
Act II,Scene II,King Henry Viii,For such receipt of learning is Black-Friars;,1124
Act II,Scene II,King Henry Viii,There ye shall meet about this weighty business.,1125
Act II,Scene II,King Henry Viii,"My Wolsey, see it furnish'd. O, my lord,",1126
Act II,Scene II,King Henry Viii,Would it not grieve an able man to leave,1127
Act II,Scene II,King Henry Viii,"So sweet a bedfellow? But, conscience, conscience!",1128
Act II,Scene II,King Henry Viii,"O, 'tis a tender place; and I must leave her.",1129
Act II,Scene II,[stage direction],Exeunt,NA
Act II,Scene III,[stage direction],Enter ANNE and an Old Lady,NA
Act II,Scene III,Anne,Not for that neither: here's the pang that pinches:,1130
Act II,Scene III,Anne,"His highness having lived so long with her, and she",1131
Act II,Scene III,Anne,So good a lady that no tongue could ever,1132
Act II,Scene III,Anne,"Pronounce dishonour of her; by my life,",1133
Act II,Scene III,Anne,"She never knew harm-doing: O, now, after",1134
Act II,Scene III,Anne,"So many courses of the sun enthroned,",1135
Act II,Scene III,Anne,"Still growing in a majesty and pomp, the which",1136
Act II,Scene III,Anne,To leave a thousand-fold more bitter than,1137
Act II,Scene III,Anne,"'Tis sweet at first to acquire,--after this process,",1138
Act II,Scene III,Anne,To give her the avaunt! it is a pity,1139
Act II,Scene III,Anne,Would move a monster.,1140
Act II,Scene III,Old Lady,Hearts of most hard temper,1141
Act II,Scene III,Old Lady,Melt and lament for her.,1142
Act II,Scene III,Anne,"O, God's will! much better",1143
Act II,Scene III,Anne,"She ne'er had known pomp: though't be temporal,",1144
Act II,Scene III,Anne,"Yet, if that quarrel, fortune, do divorce",1145
Act II,Scene III,Anne,"It from the bearer, 'tis a sufferance panging",1146
Act II,Scene III,Anne,As soul and body's severing.,1147
Act II,Scene III,Old Lady,"Alas, poor lady!",1148
Act II,Scene III,Old Lady,She's a stranger now again.,1149
Act II,Scene III,Anne,So much the more,1150
Act II,Scene III,Anne,"Must pity drop upon her. Verily,",1151
Act II,Scene III,Anne,"I swear, 'tis better to be lowly born,",1152
Act II,Scene III,Anne,"And range with humble livers in content,",1153
Act II,Scene III,Anne,"Than to be perk'd up in a glistering grief,",1154
Act II,Scene III,Anne,And wear a golden sorrow.,1155
Act II,Scene III,Old Lady,Our content,1156
Act II,Scene III,Old Lady,Is our best having.,1157
Act II,Scene III,Anne,"By my troth and maidenhead,",1158
Act II,Scene III,Anne,I would not be a queen.,1159
Act II,Scene III,Old Lady,"Beshrew me, I would,",1160
Act II,Scene III,Old Lady,"And venture maidenhead for't; and so would you,",1161
Act II,Scene III,Old Lady,For all this spice of your hypocrisy:,1162
Act II,Scene III,Old Lady,"You, that have so fair parts of woman on you,",1163
Act II,Scene III,Old Lady,Have too a woman's heart; which ever yet,1164
Act II,Scene III,Old Lady,"Affected eminence, wealth, sovereignty;",1165
Act II,Scene III,Old Lady,"Which, to say sooth, are blessings; and which gifts,",1166
Act II,Scene III,Old Lady,"Saving your mincing, the capacity",1167
Act II,Scene III,Old Lady,"Of your soft cheveril conscience would receive,",1168
Act II,Scene III,Old Lady,If you might please to stretch it.,1169
Act II,Scene III,Anne,"Nay, good troth.",1170
Act II,Scene III,Old Lady,"Yes, troth, and troth; you would not be a queen?",1171
Act II,Scene III,Anne,"No, not for all the riches under heaven.",1172
Act II,Scene III,Anne,"Old Lady:	'Tis strange: a three-pence bow'd would hire me,",1173
Act II,Scene III,Anne,"Old as I am, to queen it: but, I pray you,",1174
Act II,Scene III,Anne,What think you of a duchess? have you limbs,1175
Act II,Scene III,Anne,To bear that load of title?,1176
Act II,Scene III,Anne,"No, in truth.",1177
Act II,Scene III,Old Lady,Then you are weakly made: pluck off a little;,1178
Act II,Scene III,Old Lady,"I would not be a young count in your way,",1179
Act II,Scene III,Old Lady,For more than blushing comes to: if your back,1180
Act II,Scene III,Old Lady,"Cannot vouchsafe this burthen,'tis too weak",1181
Act II,Scene III,Old Lady,Ever to get a boy.,1182
Act II,Scene III,Anne,How you do talk!,1183
Act II,Scene III,Anne,"I swear again, I would not be a queen",1184
Act II,Scene III,Anne,For all the world.,1185
Act II,Scene III,Old Lady,"In faith, for little England",1186
Act II,Scene III,Old Lady,You'ld venture an emballing: I myself,1187
Act II,Scene III,Old Lady,"Would for Carnarvonshire, although there long'd",1188
Act II,Scene III,Old Lady,"No more to the crown but that. Lo, who comes here?",1189
Act II,Scene III,[stage direction],Enter Chamberlain,NA
Act II,Scene III,Chamberlain,"Good morrow, ladies. What were't worth to know",1190
Act II,Scene III,Chamberlain,The secret of your conference?,1191
Act II,Scene III,Anne,"My good lord,",1192
Act II,Scene III,Anne,Not your demand; it values not your asking:,1193
Act II,Scene III,Anne,Our mistress' sorrows we were pitying.,1194
Act II,Scene III,Chamberlain,"It was a gentle business, and becoming",1195
Act II,Scene III,Chamberlain,The action of good women: there is hope,1196
Act II,Scene III,Chamberlain,All will be well.,1197
Act II,Scene III,Anne,"Now, I pray God, amen!",1198
Act II,Scene III,Chamberlain,"You bear a gentle mind, and heavenly blessings",1199
Act II,Scene III,Chamberlain,"Follow such creatures. That you may, fair lady,",1200
Act II,Scene III,Chamberlain,"Perceive I speak sincerely, and high note's",1201
Act II,Scene III,Chamberlain,"Ta'en of your many virtues, the king's majesty",1202
Act II,Scene III,Chamberlain,"Commends his good opinion of you, and",1203
Act II,Scene III,Chamberlain,Does purpose honour to you no less flowing,1204
Act II,Scene III,Chamberlain,Than Marchioness of Pembroke: to which title,1205
Act II,Scene III,Chamberlain,"A thousand pound a year, annual support,",1206
Act II,Scene III,Chamberlain,Out of his grace he adds.,1207
Act II,Scene III,Anne,I do not know,1208
Act II,Scene III,Anne,What kind of my obedience I should tender;,1209
Act II,Scene III,Anne,More than my all is nothing: nor my prayers,1210
Act II,Scene III,Anne,"Are not words duly hallow'd, nor my wishes",1211
Act II,Scene III,Anne,More worth than empty vanities; yet prayers and wishes,1212
Act II,Scene III,Anne,"Are all I can return. Beseech your lordship,",1213
Act II,Scene III,Anne,"Vouchsafe to speak my thanks and my obedience,",1214
Act II,Scene III,Anne,"As from a blushing handmaid, to his highness;",1215
Act II,Scene III,Anne,Whose health and royalty I pray for.,1216
Act II,Scene III,Chamberlain,"Lady,",1217
Act II,Scene III,Chamberlain,I shall not fail to approve the fair conceit,1218
Act II,Scene III,Chamberlain,The king hath of you.,1219
Act II,Scene III,[stage direction],Aside,NA
Act II,Scene III,Chamberlain,I have perused her well;,1220
Act II,Scene III,Chamberlain,Beauty and honour in her are so mingled,1221
Act II,Scene III,Chamberlain,That they have caught the king: and who knows yet,1222
Act II,Scene III,Chamberlain,But from this lady may proceed a gem,1223
Act II,Scene III,Chamberlain,"To lighten all this isle? I'll to the king,",1224
Act II,Scene III,Chamberlain,And say I spoke with you.,1225
Act II,Scene III,[stage direction],Exit Chamberlain,NA
Act II,Scene III,Anne,My honour'd lord.,1226
Act II,Scene III,Old Lady,"Why, this it is; see, see!",1227
Act II,Scene III,Old Lady,"I have been begging sixteen years in court,",1228
Act II,Scene III,Old Lady,"Am yet a courtier beggarly, nor could",1229
Act II,Scene III,Old Lady,Come pat betwixt too early and too late,1230
Act II,Scene III,Old Lady,"For any suit of pounds; and you, O fate!",1231
Act II,Scene III,Old Lady,"A very fresh-fish here--fie, fie, fie upon",1232
Act II,Scene III,Old Lady,This compell'd fortune!--have your mouth fill'd up,1233
Act II,Scene III,Old Lady,Before you open it.,1234
Act II,Scene III,Anne,This is strange to me.,1235
Act II,Scene III,Old Lady,"How tastes it? is it bitter? forty pence, no.",1236
Act II,Scene III,Old Lady,"There was a lady once, 'tis an old story,",1237
Act II,Scene III,Old Lady,"That would not be a queen, that would she not,",1238
Act II,Scene III,Old Lady,For all the mud in Egypt: have you heard it?,1239
Act II,Scene III,Anne,"Come, you are pleasant.",1240
Act II,Scene III,Old Lady,"With your theme, I could",1241
Act II,Scene III,Old Lady,O'ermount the lark. The Marchioness of Pembroke!,1242
Act II,Scene III,Old Lady,A thousand pounds a year for pure respect!,1243
Act II,Scene III,Old Lady,"No other obligation! By my life,",1244
Act II,Scene III,Old Lady,That promises moe thousands: honour's train,1245
Act II,Scene III,Old Lady,Is longer than his foreskirt. By this time,1246
Act II,Scene III,Old Lady,"I know your back will bear a duchess: say,",1247
Act II,Scene III,Old Lady,Are you not stronger than you were?,1248
Act II,Scene III,Anne,"Good lady,",1249
Act II,Scene III,Anne,"Make yourself mirth with your particular fancy,",1250
Act II,Scene III,Anne,"And leave me out on't. Would I had no being,",1251
Act II,Scene III,Anne,"If this salute my blood a jot: it faints me,",1252
Act II,Scene III,Anne,To think what follows.,1253
Act II,Scene III,Anne,"The queen is comfortless, and we forgetful",1254
Act II,Scene III,Anne,"In our long absence: pray, do not deliver",1255
Act II,Scene III,Anne,What here you've heard to her.,1256
Act II,Scene III,Old Lady,What do you think me?,1257
Act II,Scene III,[stage direction],Exeunt,NA
Act II,Scene IV,[stage direction],"Trumpets, sennet, and cornets. Enter two Vergers,  with short silver wands; next them, two Scribes, in  the habit of doctors; after them, CANTERBURY alone;  after him, LINCOLN, Ely, Rochester, and Saint  Asaph; next them, with some small distance, follows  a Gentleman bearing the purse, with the great seal,  and a cardinal's hat; then two Priests, bearing  each a silver cross; then a Gentleman-usher  bare-headed, accompanied with a Sergeant-at-arms  bearing a silver mace; then two Gentlemen bearing  two great silver pillars; after them, side by side,  CARDINAL WOLSEY and CARDINAL CAMPEIUS; two Noblemen  with the sword and mace. KING HENRY VIII takes  place under the cloth of state; CARDINAL WOLSEY and  CARDINAL CAMPEIUS sit under him as judges. QUEEN  KATHARINE takes place some distance from KING  HENRY VIII. The Bishops place themselves on each  side the court, in manner of a consistory; below  them, the Scribes. The Lords sit next the Bishops.  The rest of the Attendants stand in convenient order about the stage",NA
Act II,Scene IV,Cardinal Wolsey,"Whilst our commission from Rome is read,",1258
Act II,Scene IV,Cardinal Wolsey,Let silence be commanded.,1259
Act II,Scene IV,King Henry Viii,What's the need?,1260
Act II,Scene IV,King Henry Viii,"It hath already publicly been read,",1261
Act II,Scene IV,King Henry Viii,And on all sides the authority allow'd;,1262
Act II,Scene IV,King Henry Viii,"You may, then, spare that time.",1263
Act II,Scene IV,Cardinal Wolsey,Be't so. Proceed.,1264
Act II,Scene IV,Scribe,"Say, Henry King of England, come into the court.",1265
Act II,Scene IV,Crier,"Henry King of England,  &amp; c.",1266
Act II,Scene IV,King Henry Viii,Here.,1267
Act II,Scene IV,Scribe,"Say, Katharine Queen of England, come into the court.",1268
Act II,Scene IV,Crier,"Katharine Queen of England,  &amp; c.",1269
Act II,Scene IV,[stage direction],"QUEEN KATHARINE makes no answer, rises out of her  chair, goes about the court, comes to KING HENRY VIII, and kneels at his feet; then speaks",NA
Act II,Scene IV,Queen Katharine,"Sir, I desire you do me right and justice;",1270
Act II,Scene IV,Queen Katharine,And to bestow your pity on me: for,1271
Act II,Scene IV,Queen Katharine,"I am a most poor woman, and a stranger,",1272
Act II,Scene IV,Queen Katharine,Born out of your dominions; having here,1273
Act II,Scene IV,Queen Katharine,"No judge indifferent, nor no more assurance",1274
Act II,Scene IV,Queen Katharine,"Of equal friendship and proceeding. Alas, sir,",1275
Act II,Scene IV,Queen Katharine,In what have I offended you? what cause,1276
Act II,Scene IV,Queen Katharine,"Hath my behavior given to your displeasure,",1277
Act II,Scene IV,Queen Katharine,"That thus you should proceed to put me off,",1278
Act II,Scene IV,Queen Katharine,"And take your good grace from me? Heaven witness,",1279
Act II,Scene IV,Queen Katharine,"I have been to you a true and humble wife,",1280
Act II,Scene IV,Queen Katharine,At all times to your will conformable;,1281
Act II,Scene IV,Queen Katharine,"Ever in fear to kindle your dislike,",1282
Act II,Scene IV,Queen Katharine,"Yea, subject to your countenance, glad or sorry",1283
Act II,Scene IV,Queen Katharine,As I saw it inclined: when was the hour,1284
Act II,Scene IV,Queen Katharine,"I ever contradicted your desire,",1285
Act II,Scene IV,Queen Katharine,Or made it not mine too? Or which of your friends,1286
Act II,Scene IV,Queen Katharine,"Have I not strove to love, although I knew",1287
Act II,Scene IV,Queen Katharine,He were mine enemy? what friend of mine,1288
Act II,Scene IV,Queen Katharine,"That had to him derived your anger, did I",1289
Act II,Scene IV,Queen Katharine,"Continue in my liking? nay, gave notice",1290
Act II,Scene IV,Queen Katharine,"He was from thence discharged. Sir, call to mind",1291
Act II,Scene IV,Queen Katharine,"That I have been your wife, in this obedience,",1292
Act II,Scene IV,Queen Katharine,"Upward of twenty years, and have been blest",1293
Act II,Scene IV,Queen Katharine,"With many children by you: if, in the course",1294
Act II,Scene IV,Queen Katharine,"And process of this time, you can report,",1295
Act II,Scene IV,Queen Katharine,"And prove it too, against mine honour aught,",1296
Act II,Scene IV,Queen Katharine,"My bond to wedlock, or my love and duty,",1297
Act II,Scene IV,Queen Katharine,"Against your sacred person, in God's name,",1298
Act II,Scene IV,Queen Katharine,Turn me away; and let the foul'st contempt,1299
Act II,Scene IV,Queen Katharine,"Shut door upon me, and so give me up",1300
Act II,Scene IV,Queen Katharine,"To the sharp'st kind of justice. Please you sir,",1301
Act II,Scene IV,Queen Katharine,"The king, your father, was reputed for",1302
Act II,Scene IV,Queen Katharine,"A prince most prudent, of an excellent",1303
Act II,Scene IV,Queen Katharine,"And unmatch'd wit and judgment: Ferdinand,",1304
Act II,Scene IV,Queen Katharine,"My father, king of Spain, was reckon'd one",1305
Act II,Scene IV,Queen Katharine,The wisest prince that there had reign'd by many,1306
Act II,Scene IV,Queen Katharine,A year before: it is not to be question'd,1307
Act II,Scene IV,Queen Katharine,That they had gather'd a wise council to them,1308
Act II,Scene IV,Queen Katharine,"Of every realm, that did debate this business,",1309
Act II,Scene IV,Queen Katharine,Who deem'd our marriage lawful: wherefore I humbly,1310
Act II,Scene IV,Queen Katharine,"Beseech you, sir, to spare me, till I may",1311
Act II,Scene IV,Queen Katharine,Be by my friends in Spain advised; whose counsel,1312
Act II,Scene IV,Queen Katharine,"I will implore: if not, i' the name of God,",1313
Act II,Scene IV,Queen Katharine,Your pleasure be fulfill'd!,1314
Act II,Scene IV,Cardinal Wolsey,"You have here, lady,",1315
Act II,Scene IV,Cardinal Wolsey,"And of your choice, these reverend fathers; men",1316
Act II,Scene IV,Cardinal Wolsey,"Of singular integrity and learning,",1317
Act II,Scene IV,Cardinal Wolsey,"Yea, the elect o' the land, who are assembled",1318
Act II,Scene IV,Cardinal Wolsey,To plead your cause: it shall be therefore bootless,1319
Act II,Scene IV,Cardinal Wolsey,That longer you desire the court; as well,1320
Act II,Scene IV,Cardinal Wolsey,"For your own quiet, as to rectify",1321
Act II,Scene IV,Cardinal Wolsey,What is unsettled in the king.,1322
Act II,Scene IV,Cardinal Campeius,His grace,1323
Act II,Scene IV,Cardinal Campeius,"Hath spoken well and justly: therefore, madam,",1324
Act II,Scene IV,Cardinal Campeius,It's fit this royal session do proceed;,1325
Act II,Scene IV,Cardinal Campeius,"And that, without delay, their arguments",1326
Act II,Scene IV,Cardinal Campeius,Be now produced and heard.,1327
Act II,Scene IV,Queen Katharine,"Lord cardinal,",1328
Act II,Scene IV,Queen Katharine,To you I speak.,1329
Act II,Scene IV,Cardinal Wolsey,"Your pleasure, madam?",1330
Act II,Scene IV,Queen Katharine,"Sir,",1331
Act II,Scene IV,Queen Katharine,"I am about to weep; but, thinking that",1332
Act II,Scene IV,Queen Katharine,"We are a queen, or long have dream'd so, certain",1333
Act II,Scene IV,Queen Katharine,"The daughter of a king, my drops of tears",1334
Act II,Scene IV,Queen Katharine,I'll turn to sparks of fire.,1335
Act II,Scene IV,Cardinal Wolsey,Be patient yet.,1336
Act II,Scene IV,Queen Katharine,"I will, when you are humble; nay, before,",1337
Act II,Scene IV,Queen Katharine,"Or God will punish me. I do believe,",1338
Act II,Scene IV,Queen Katharine,"Induced by potent circumstances, that",1339
Act II,Scene IV,Queen Katharine,"You are mine enemy, and make my challenge",1340
Act II,Scene IV,Queen Katharine,You shall not be my judge: for it is you,1341
Act II,Scene IV,Queen Katharine,Have blown this coal betwixt my lord and me;,1342
Act II,Scene IV,Queen Katharine,"Which God's dew quench! Therefore I say again,",1343
Act II,Scene IV,Queen Katharine,"I utterly abhor, yea, from my soul",1344
Act II,Scene IV,Queen Katharine,"Refuse you for my judge; whom, yet once more,",1345
Act II,Scene IV,Queen Katharine,"I hold my most malicious foe, and think not",1346
Act II,Scene IV,Queen Katharine,At all a friend to truth.,1347
Act II,Scene IV,Cardinal Wolsey,I do profess,1348
Act II,Scene IV,Cardinal Wolsey,You speak not like yourself; who ever yet,1349
Act II,Scene IV,Cardinal Wolsey,"Have stood to charity, and display'd the effects",1350
Act II,Scene IV,Cardinal Wolsey,"Of disposition gentle, and of wisdom",1351
Act II,Scene IV,Cardinal Wolsey,"O'ertopping woman's power. Madam, you do me wrong:",1352
Act II,Scene IV,Cardinal Wolsey,I have no spleen against you; nor injustice,1353
Act II,Scene IV,Cardinal Wolsey,"For you or any: how far I have proceeded,",1354
Act II,Scene IV,Cardinal Wolsey,"Or how far further shall, is warranted",1355
Act II,Scene IV,Cardinal Wolsey,"By a commission from the consistory,",1356
Act II,Scene IV,Cardinal Wolsey,"Yea, the whole consistory of Rome. You charge me",1357
Act II,Scene IV,Cardinal Wolsey,That I have blown this coal: I do deny it:,1358
Act II,Scene IV,Cardinal Wolsey,The king is present: if it be known to him,1359
Act II,Scene IV,Cardinal Wolsey,"That I gainsay my deed, how may he wound,",1360
Act II,Scene IV,Cardinal Wolsey,"And worthily, my falsehood! yea, as much",1361
Act II,Scene IV,Cardinal Wolsey,As you have done my truth. If he know,1362
Act II,Scene IV,Cardinal Wolsey,"That I am free of your report, he knows",1363
Act II,Scene IV,Cardinal Wolsey,I am not of your wrong. Therefore in him,1364
Act II,Scene IV,Cardinal Wolsey,"It lies to cure me: and the cure is, to",1365
Act II,Scene IV,Cardinal Wolsey,Remove these thoughts from you: the which before,1366
Act II,Scene IV,Cardinal Wolsey,"His highness shall speak in, I do beseech",1367
Act II,Scene IV,Cardinal Wolsey,"You, gracious madam, to unthink your speaking",1368
Act II,Scene IV,Cardinal Wolsey,And to say so no more.,1369
Act II,Scene IV,Queen Katharine,"My lord, my lord,",1370
Act II,Scene IV,Queen Katharine,"I am a simple woman, much too weak",1371
Act II,Scene IV,Queen Katharine,To oppose your cunning. You're meek and,1372
Act II,Scene IV,Queen Katharine,humble-mouth'd;,1373
Act II,Scene IV,Queen Katharine,"You sign your place and calling, in full seeming,",1374
Act II,Scene IV,Queen Katharine,With meekness and humility; but your heart,1375
Act II,Scene IV,Queen Katharine,"Is cramm'd with arrogancy, spleen, and pride.",1376
Act II,Scene IV,Queen Katharine,"You have, by fortune and his highness' favours,",1377
Act II,Scene IV,Queen Katharine,Gone slightly o'er low steps and now are mounted,1378
Act II,Scene IV,Queen Katharine,"Where powers are your retainers, and your words,",1379
Act II,Scene IV,Queen Katharine,"Domestics to you, serve your will as't please",1380
Act II,Scene IV,Queen Katharine,"Yourself pronounce their office. I must tell you,",1381
Act II,Scene IV,Queen Katharine,You tender more your person's honour than,1382
Act II,Scene IV,Queen Katharine,Your high profession spiritual: that again,1383
Act II,Scene IV,Queen Katharine,"I do refuse you for my judge; and here,",1384
Act II,Scene IV,Queen Katharine,"Before you all, appeal unto the pope,",1385
Act II,Scene IV,Queen Katharine,"To bring my whole cause 'fore his holiness,",1386
Act II,Scene IV,Queen Katharine,And to be judged by him.,1387
Act II,Scene IV,[stage direction],"She curtsies to KING HENRY VIII, and offers to depart",NA
Act II,Scene IV,Cardinal Campeius,"The queen is obstinate,",1388
Act II,Scene IV,Cardinal Campeius,"Stubborn to justice, apt to accuse it, and",1389
Act II,Scene IV,Cardinal Campeius,Disdainful to be tried by't: 'tis not well.,1390
Act II,Scene IV,Cardinal Campeius,She's going away.,1391
Act II,Scene IV,King Henry Viii,Call her again.,1392
Act II,Scene IV,Crier,"Katharine Queen of England, come into the court.",1393
Act II,Scene IV,Griffith,"Madam, you are call'd back.",1394
Act II,Scene IV,Queen Katharine,"What need you note it? pray you, keep your way:",1395
Act II,Scene IV,Queen Katharine,"When you are call'd, return. Now, the Lord help,",1396
Act II,Scene IV,Queen Katharine,"They vex me past my patience! Pray you, pass on:",1397
Act II,Scene IV,Queen Katharine,"I will not tarry; no, nor ever more",1398
Act II,Scene IV,Queen Katharine,Upon this business my appearance make,1399
Act II,Scene IV,Queen Katharine,In any of their courts.,1400
Act II,Scene IV,[stage direction],Exeunt QUEEN KATHARINE and her Attendants,NA
Act II,Scene IV,King Henry Viii,"Go thy ways, Kate:",1401
Act II,Scene IV,King Henry Viii,That man i' the world who shall report he has,1402
Act II,Scene IV,King Henry Viii,"A better wife, let him in nought be trusted,",1403
Act II,Scene IV,King Henry Viii,"For speaking false in that: thou art, alone,",1404
Act II,Scene IV,King Henry Viii,"If thy rare qualities, sweet gentleness,",1405
Act II,Scene IV,King Henry Viii,"Thy meekness saint-like, wife-like government,",1406
Act II,Scene IV,King Henry Viii,"Obeying in commanding, and thy parts",1407
Act II,Scene IV,King Henry Viii,"Sovereign and pious else, could speak thee out,",1408
Act II,Scene IV,King Henry Viii,The queen of earthly queens: she's noble born;,1409
Act II,Scene IV,King Henry Viii,"And, like her true nobility, she has",1410
Act II,Scene IV,King Henry Viii,Carried herself towards me.,1411
Act II,Scene IV,Cardinal Wolsey,"Most gracious sir,",1412
Act II,Scene IV,Cardinal Wolsey,"In humblest manner I require your highness,",1413
Act II,Scene IV,Cardinal Wolsey,"That it shall please you to declare, in hearing",1414
Act II,Scene IV,Cardinal Wolsey,"Of all these ears,--for where I am robb'd and bound,",1415
Act II,Scene IV,Cardinal Wolsey,"There must I be unloosed, although not there",1416
Act II,Scene IV,Cardinal Wolsey,"At once and fully satisfied,--whether ever I",1417
Act II,Scene IV,Cardinal Wolsey,Did broach this business to your highness; or,1418
Act II,Scene IV,Cardinal Wolsey,"Laid any scruple in your way, which might",1419
Act II,Scene IV,Cardinal Wolsey,Induce you to the question on't? or ever,1420
Act II,Scene IV,Cardinal Wolsey,"Have to you, but with thanks to God for such",1421
Act II,Scene IV,Cardinal Wolsey,"A royal lady, spake one the least word that might",1422
Act II,Scene IV,Cardinal Wolsey,"Be to the prejudice of her present state,",1423
Act II,Scene IV,Cardinal Wolsey,Or touch of her good person?,1424
Act II,Scene IV,King Henry Viii,"My lord cardinal,",1425
Act II,Scene IV,King Henry Viii,"I do excuse you; yea, upon mine honour,",1426
Act II,Scene IV,King Henry Viii,I free you from't. You are not to be taught,1427
Act II,Scene IV,King Henry Viii,"That you have many enemies, that know not",1428
Act II,Scene IV,King Henry Viii,"Why they are so, but, like to village-curs,",1429
Act II,Scene IV,King Henry Viii,Bark when their fellows do: by some of these,1430
Act II,Scene IV,King Henry Viii,The queen is put in anger. You're excused:,1431
Act II,Scene IV,King Henry Viii,But will you be more justified? You ever,1432
Act II,Scene IV,King Henry Viii,Have wish'd the sleeping of this business; never desired,1433
Act II,Scene IV,King Henry Viii,"It to be stirr'd; but oft have hinder'd, oft,",1434
Act II,Scene IV,King Henry Viii,"The passages made toward it: on my honour,",1435
Act II,Scene IV,King Henry Viii,"I speak my good lord cardinal to this point,",1436
Act II,Scene IV,King Henry Viii,"And thus far clear him. Now, what moved me to't,",1437
Act II,Scene IV,King Henry Viii,I will be bold with time and your attention:,1438
Act II,Scene IV,King Henry Viii,Then mark the inducement. Thus it came; give heed to't:,1439
Act II,Scene IV,King Henry Viii,"My conscience first received a tenderness,",1440
Act II,Scene IV,King Henry Viii,"Scruple, and prick, on certain speeches utter'd",1441
Act II,Scene IV,King Henry Viii,"By the Bishop of Bayonne, then French ambassador;",1442
Act II,Scene IV,King Henry Viii,Who had been hither sent on the debating,1443
Act II,Scene IV,King Henry Viii,A marriage 'twixt the Duke of Orleans and,1444
Act II,Scene IV,King Henry Viii,"Our daughter Mary: i' the progress of this business,",1445
Act II,Scene IV,King Henry Viii,"Ere a determinate resolution, he,",1446
Act II,Scene IV,King Henry Viii,"I mean the bishop, did require a respite;",1447
Act II,Scene IV,King Henry Viii,Wherein he might the king his lord advertise,1448
Act II,Scene IV,King Henry Viii,"Whether our daughter were legitimate,",1449
Act II,Scene IV,King Henry Viii,"Respecting this our marriage with the dowager,",1450
Act II,Scene IV,King Henry Viii,Sometimes our brother's wife. This respite shook,1451
Act II,Scene IV,King Henry Viii,"The bosom of my conscience, enter'd me,",1452
Act II,Scene IV,King Henry Viii,"Yea, with a splitting power, and made to tremble",1453
Act II,Scene IV,King Henry Viii,"The region of my breast; which forced such way,",1454
Act II,Scene IV,King Henry Viii,That many mazed considerings did throng,1455
Act II,Scene IV,King Henry Viii,"And press'd in with this caution. First, methought",1456
Act II,Scene IV,King Henry Viii,I stood not in the smile of heaven; who had,1457
Act II,Scene IV,King Henry Viii,"Commanded nature, that my lady's womb,",1458
Act II,Scene IV,King Henry Viii,"If it conceived a male child by me, should",1459
Act II,Scene IV,King Henry Viii,Do no more offices of life to't than,1460
Act II,Scene IV,King Henry Viii,The grave does to the dead; for her male issue,1461
Act II,Scene IV,King Henry Viii,"Or died where they were made, or shortly after",1462
Act II,Scene IV,King Henry Viii,"This world had air'd them: hence I took a thought,",1463
Act II,Scene IV,King Henry Viii,"This was a judgment on me; that my kingdom,",1464
Act II,Scene IV,King Henry Viii,"Well worthy the best heir o' the world, should not",1465
Act II,Scene IV,King Henry Viii,"Be gladded in't by me: then follows, that",1466
Act II,Scene IV,King Henry Viii,I weigh'd the danger which my realms stood in,1467
Act II,Scene IV,King Henry Viii,By this my issue's fail; and that gave to me,1468
Act II,Scene IV,King Henry Viii,Many a groaning throe. Thus hulling in,1469
Act II,Scene IV,King Henry Viii,"The wild sea of my conscience, I did steer",1470
Act II,Scene IV,King Henry Viii,"Toward this remedy, whereupon we are",1471
Act II,Scene IV,King Henry Viii,"Now present here together: that's to say,",1472
Act II,Scene IV,King Henry Viii,"I meant to rectify my conscience,--which",1473
Act II,Scene IV,King Henry Viii,"I then did feel full sick, and yet not well,--",1474
Act II,Scene IV,King Henry Viii,By all the reverend fathers of the land,1475
Act II,Scene IV,King Henry Viii,And doctors learn'd: first I began in private,1476
Act II,Scene IV,King Henry Viii,"With you, my Lord of Lincoln; you remember",1477
Act II,Scene IV,King Henry Viii,"How under my oppression I did reek,",1478
Act II,Scene IV,King Henry Viii,When I first moved you.,1479
Act II,Scene IV,Lincoln,"Very well, my liege.",1480
Act II,Scene IV,King Henry Viii,I have spoke long: be pleased yourself to say,1481
Act II,Scene IV,King Henry Viii,How far you satisfied me.,1482
Act II,Scene IV,Lincoln,"So please your highness,",1483
Act II,Scene IV,Lincoln,"The question did at first so stagger me,",1484
Act II,Scene IV,Lincoln,Bearing a state of mighty moment in't,1485
Act II,Scene IV,Lincoln,"And consequence of dread, that I committed",1486
Act II,Scene IV,Lincoln,The daring'st counsel which I had to doubt;,1487
Act II,Scene IV,Lincoln,And did entreat your highness to this course,1488
Act II,Scene IV,Lincoln,Which you are running here.,1489
Act II,Scene IV,King Henry Viii,"I then moved you,",1490
Act II,Scene IV,King Henry Viii,My Lord of Canterbury; and got your leave,1491
Act II,Scene IV,King Henry Viii,To make this present summons: unsolicited,1492
Act II,Scene IV,King Henry Viii,I left no reverend person in this court;,1493
Act II,Scene IV,King Henry Viii,But by particular consent proceeded,1494
Act II,Scene IV,King Henry Viii,"Under your hands and seals: therefore, go on:",1495
Act II,Scene IV,King Henry Viii,For no dislike i' the world against the person,1496
Act II,Scene IV,King Henry Viii,"Of the good queen, but the sharp thorny points",1497
Act II,Scene IV,King Henry Viii,"Of my alleged reasons, drive this forward:",1498
Act II,Scene IV,King Henry Viii,"Prove but our marriage lawful, by my life",1499
Act II,Scene IV,King Henry Viii,"And kingly dignity, we are contented",1500
Act II,Scene IV,King Henry Viii,"To wear our mortal state to come with her,",1501
Act II,Scene IV,King Henry Viii,"Katharine our queen, before the primest creature",1502
Act II,Scene IV,King Henry Viii,That's paragon'd o' the world.,1503
Act II,Scene IV,Cardinal Campeius,"So please your highness,",1504
Act II,Scene IV,Cardinal Campeius,"The queen being absent, 'tis a needful fitness",1505
Act II,Scene IV,Cardinal Campeius,That we adjourn this court till further day:,1506
Act II,Scene IV,Cardinal Campeius,Meanwhile must be an earnest motion,1507
Act II,Scene IV,Cardinal Campeius,"Made to the queen, to call back her appeal",1508
Act II,Scene IV,Cardinal Campeius,She intends unto his holiness.,1509
Act II,Scene IV,King Henry Viii,[Aside]	I may perceive,1510
Act II,Scene IV,King Henry Viii,These cardinals trifle with me: I abhor,1511
Act II,Scene IV,King Henry Viii,This dilatory sloth and tricks of Rome.,1512
Act II,Scene IV,King Henry Viii,"My learn'd and well-beloved servant, Cranmer,",1513
Act II,Scene IV,King Henry Viii,"Prithee, return: with thy approach, I know,",1514
Act II,Scene IV,King Henry Viii,My comfort comes along. Break up the court:,1515
Act II,Scene IV,King Henry Viii,"I say, set on.",1516
Act II,Scene IV,[stage direction],Exeunt in manner as they entered,NA
Act III,Scene I,[stage direction],"Enter QUEEN KATHARINE and her Women, as at work",NA
Act III,Scene I,Queen Katharine,"Take thy lute, wench: my soul grows sad with troubles;",1517
Act III,Scene I,Queen Katharine,"Sing, and disperse 'em, if thou canst: leave working.",1518
Act III,Scene I,[stage direction],SONG,NA
Act III,Scene I,Queen Katharine,"Orpheus with his lute made trees,",1519
Act III,Scene I,Queen Katharine,"And the mountain tops that freeze,",1520
Act III,Scene I,Queen Katharine,Bow themselves when he did sing:,1521
Act III,Scene I,Queen Katharine,To his music plants and flowers,1522
Act III,Scene I,Queen Katharine,Ever sprung; as sun and showers,1523
Act III,Scene I,Queen Katharine,There had made a lasting spring.,1524
Act III,Scene I,Queen Katharine,"Every thing that heard him play,",1525
Act III,Scene I,Queen Katharine,"Even the billows of the sea,",1526
Act III,Scene I,Queen Katharine,"Hung their heads, and then lay by.",1527
Act III,Scene I,Queen Katharine,"In sweet music is such art,",1528
Act III,Scene I,Queen Katharine,Killing care and grief of heart,1529
Act III,Scene I,Queen Katharine,"Fall asleep, or hearing, die.",1530
Act III,Scene I,[stage direction],Enter a Gentleman,NA
Act III,Scene I,Queen Katharine,How now!,1531
Act III,Scene I,Gentleman,"An't please your grace, the two great cardinals",1532
Act III,Scene I,Gentleman,Wait in the presence.,1533
Act III,Scene I,Queen Katharine,Would they speak with me?,1534
Act III,Scene I,Gentleman,"They will'd me say so, madam.",1535
Act III,Scene I,Queen Katharine,Pray their graces,1536
Act III,Scene I,Queen Katharine,To come near.,1537
Act III,Scene I,[stage direction],Exit Gentleman,NA
Act III,Scene I,Queen Katharine,What can be their business,1538
Act III,Scene I,Queen Katharine,"With me, a poor weak woman, fall'n from favour?",1539
Act III,Scene I,Queen Katharine,"I do not like their coming. Now I think on't,",1540
Act III,Scene I,Queen Katharine,They should be good men; their affairs as righteous:,1541
Act III,Scene I,Queen Katharine,But all hoods make not monks.,1542
Act III,Scene I,[stage direction],Enter CARDINAL WOLSEY and CARDINAL CAMPEIUS,NA
Act III,Scene I,Cardinal Wolsey,Peace to your highness!,1543
Act III,Scene I,Queen Katharine,"Your graces find me here part of a housewife,",1544
Act III,Scene I,Queen Katharine,"I would be all, against the worst may happen.",1545
Act III,Scene I,Queen Katharine,"What are your pleasures with me, reverend lords?",1546
Act III,Scene I,Cardinal Wolsey,"May it please you noble madam, to withdraw",1547
Act III,Scene I,Cardinal Wolsey,"Into your private chamber, we shall give you",1548
Act III,Scene I,Cardinal Wolsey,The full cause of our coming.,1549
Act III,Scene I,Queen Katharine,Speak it here:,1550
Act III,Scene I,Queen Katharine,"There's nothing I have done yet, o' my conscience,",1551
Act III,Scene I,Queen Katharine,Deserves a corner: would all other women,1552
Act III,Scene I,Queen Katharine,Could speak this with as free a soul as I do!,1553
Act III,Scene I,Queen Katharine,"My lords, I care not, so much I am happy",1554
Act III,Scene I,Queen Katharine,"Above a number, if my actions",1555
Act III,Scene I,Queen Katharine,"Were tried by every tongue, every eye saw 'em,",1556
Act III,Scene I,Queen Katharine,"Envy and base opinion set against 'em,",1557
Act III,Scene I,Queen Katharine,I know my life so even. If your business,1558
Act III,Scene I,Queen Katharine,"Seek me out, and that way I am wife in,",1559
Act III,Scene I,Queen Katharine,Out with it boldly: truth loves open dealing.,1560
Act III,Scene I,Cardinal Wolsey,"Tanta est erga te mentis integritas, regina",1561
Act III,Scene I,Cardinal Wolsey,"serenissima,--",1562
Act III,Scene I,Queen Katharine,"O, good my lord, no Latin;",1563
Act III,Scene I,Queen Katharine,"I am not such a truant since my coming,",1564
Act III,Scene I,Queen Katharine,As not to know the language I have lived in:,1565
Act III,Scene I,Queen Katharine,"A strange tongue makes my cause more strange,",1566
Act III,Scene I,Queen Katharine,suspicious;,1567
Act III,Scene I,Queen Katharine,"Pray, speak in English: here are some will thank you,",1568
Act III,Scene I,Queen Katharine,"If you speak truth, for their poor mistress' sake;",1569
Act III,Scene I,Queen Katharine,"Believe me, she has had much wrong: lord cardinal,",1570
Act III,Scene I,Queen Katharine,The willing'st sin I ever yet committed,1571
Act III,Scene I,Queen Katharine,May be absolved in English.,1572
Act III,Scene I,Cardinal Wolsey,"Noble lady,",1573
Act III,Scene I,Cardinal Wolsey,"I am sorry my integrity should breed,",1574
Act III,Scene I,Cardinal Wolsey,"And service to his majesty and you,",1575
Act III,Scene I,Cardinal Wolsey,"So deep suspicion, where all faith was meant.",1576
Act III,Scene I,Cardinal Wolsey,"We come not by the way of accusation,",1577
Act III,Scene I,Cardinal Wolsey,"To taint that honour every good tongue blesses,",1578
Act III,Scene I,Cardinal Wolsey,"Nor to betray you any way to sorrow,",1579
Act III,Scene I,Cardinal Wolsey,"You have too much, good lady; but to know",1580
Act III,Scene I,Cardinal Wolsey,How you stand minded in the weighty difference,1581
Act III,Scene I,Cardinal Wolsey,"Between the king and you; and to deliver,",1582
Act III,Scene I,Cardinal Wolsey,"Like free and honest men, our just opinions",1583
Act III,Scene I,Cardinal Wolsey,And comforts to your cause.,1584
Act III,Scene I,Cardinal Campeius,"Most honour'd madam,",1585
Act III,Scene I,Cardinal Campeius,"My Lord of York, out of his noble nature,",1586
Act III,Scene I,Cardinal Campeius,"Zeal and obedience he still bore your grace,",1587
Act III,Scene I,Cardinal Campeius,"Forgetting, like a good man your late censure",1588
Act III,Scene I,Cardinal Campeius,"Both of his truth and him, which was too far,",1589
Act III,Scene I,Cardinal Campeius,"Offers, as I do, in a sign of peace,",1590
Act III,Scene I,Cardinal Campeius,His service and his counsel.,1591
Act III,Scene I,Queen Katharine,[Aside]	To betray me.--,1592
Act III,Scene I,Queen Katharine,"My lords, I thank you both for your good wills;",1593
Act III,Scene I,Queen Katharine,"Ye speak like honest men; pray God, ye prove so!",1594
Act III,Scene I,Queen Katharine,"But how to make ye suddenly an answer,",1595
Act III,Scene I,Queen Katharine,"In such a point of weight, so near mine honour,--",1596
Act III,Scene I,Queen Katharine,"More near my life, I fear,--with my weak wit,",1597
Act III,Scene I,Queen Katharine,"And to such men of gravity and learning,",1598
Act III,Scene I,Queen Katharine,"In truth, I know not. I was set at work",1599
Act III,Scene I,Queen Katharine,"Among my maids: full little, God knows, looking",1600
Act III,Scene I,Queen Katharine,Either for such men or such business.,1601
Act III,Scene I,Queen Katharine,"For her sake that I have been,--for I feel",1602
Act III,Scene I,Queen Katharine,"The last fit of my greatness,--good your graces,",1603
Act III,Scene I,Queen Katharine,Let me have time and counsel for my cause:,1604
Act III,Scene I,Queen Katharine,"Alas, I am a woman, friendless, hopeless!",1605
Act III,Scene I,Cardinal Wolsey,"Madam, you wrong the king's love with these fears:",1606
Act III,Scene I,Cardinal Wolsey,Your hopes and friends are infinite.,1607
Act III,Scene I,Queen Katharine,In England,1608
Act III,Scene I,Queen Katharine,"But little for my profit: can you think, lords,",1609
Act III,Scene I,Queen Katharine,That any Englishman dare give me counsel?,1610
Act III,Scene I,Queen Katharine,"Or be a known friend, 'gainst his highness' pleasure,",1611
Act III,Scene I,Queen Katharine,"Though he be grown so desperate to be honest,",1612
Act III,Scene I,Queen Katharine,"And live a subject? Nay, forsooth, my friends,",1613
Act III,Scene I,Queen Katharine,"They that must weigh out my afflictions,",1614
Act III,Scene I,Queen Katharine,"They that my trust must grow to, live not here:",1615
Act III,Scene I,Queen Katharine,"They are, as all my other comforts, far hence",1616
Act III,Scene I,Queen Katharine,"In mine own country, lords.",1617
Act III,Scene I,Cardinal Campeius,I would your grace,1618
Act III,Scene I,Cardinal Campeius,"Would leave your griefs, and take my counsel.",1619
Act III,Scene I,Queen Katharine,"How, sir?",1620
Act III,Scene I,Cardinal Campeius,Put your main cause into the king's protection;,1621
Act III,Scene I,Cardinal Campeius,He's loving and most gracious: 'twill be much,1622
Act III,Scene I,Cardinal Campeius,Both for your honour better and your cause;,1623
Act III,Scene I,Cardinal Campeius,"For if the trial of the law o'ertake ye,",1624
Act III,Scene I,Cardinal Campeius,You'll part away disgraced.,1625
Act III,Scene I,Cardinal Wolsey,He tells you rightly.,1626
Act III,Scene I,Queen Katharine,"Ye tell me what ye wish for both,--my ruin:",1627
Act III,Scene I,Queen Katharine,Is this your Christian counsel? out upon ye!,1628
Act III,Scene I,Queen Katharine,Heaven is above all yet; there sits a judge,1629
Act III,Scene I,Queen Katharine,That no king can corrupt.,1630
Act III,Scene I,Cardinal Campeius,Your rage mistakes us.,1631
Act III,Scene I,Queen Katharine,"The more shame for ye: holy men I thought ye,",1632
Act III,Scene I,Queen Katharine,"Upon my soul, two reverend cardinal virtues;",1633
Act III,Scene I,Queen Katharine,But cardinal sins and hollow hearts I fear ye:,1634
Act III,Scene I,Queen Katharine,"Mend 'em, for shame, my lords. Is this your comfort?",1635
Act III,Scene I,Queen Katharine,"The cordial that ye bring a wretched lady,",1636
Act III,Scene I,Queen Katharine,"A woman lost among ye, laugh'd at, scorn'd?",1637
Act III,Scene I,Queen Katharine,I will not wish ye half my miseries;,1638
Act III,Scene I,Queen Katharine,"I have more charity: but say, I warn'd ye;",1639
Act III,Scene I,Queen Katharine,"Take heed, for heaven's sake, take heed, lest at once",1640
Act III,Scene I,Queen Katharine,The burthen of my sorrows fall upon ye.,1641
Act III,Scene I,Cardinal Wolsey,"Madam, this is a mere distraction;",1642
Act III,Scene I,Cardinal Wolsey,You turn the good we offer into envy.,1643
Act III,Scene I,Queen Katharine,Ye turn me into nothing: woe upon ye,1644
Act III,Scene I,Queen Katharine,And all such false professors! would you have me--,1645
Act III,Scene I,Queen Katharine,"If you have any justice, any pity;",1646
Act III,Scene I,Queen Katharine,If ye be any thing but churchmen's habits--,1647
Act III,Scene I,Queen Katharine,Put my sick cause into his hands that hates me?,1648
Act III,Scene I,Queen Katharine,"Alas, has banish'd me his bed already,",1649
Act III,Scene I,Queen Katharine,"His love, too long ago! I am old, my lords,",1650
Act III,Scene I,Queen Katharine,And all the fellowship I hold now with him,1651
Act III,Scene I,Queen Katharine,Is only my obedience. What can happen,1652
Act III,Scene I,Queen Katharine,To me above this wretchedness? all your studies,1653
Act III,Scene I,Queen Katharine,Make me a curse like this.,1654
Act III,Scene I,Cardinal Campeius,Your fears are worse.,1655
Act III,Scene I,Queen Katharine,"Have I lived thus long--let me speak myself,",1656
Act III,Scene I,Queen Katharine,"Since virtue finds no friends--a wife, a true one?",1657
Act III,Scene I,Queen Katharine,"A woman, I dare say without vain-glory,",1658
Act III,Scene I,Queen Katharine,Never yet branded with suspicion?,1659
Act III,Scene I,Queen Katharine,Have I with all my full affections,1660
Act III,Scene I,Queen Katharine,Still met the king? loved him next heaven?,1661
Act III,Scene I,Queen Katharine,obey'd him?,1662
Act III,Scene I,Queen Katharine,"Been, out of fondness, superstitious to him?",1663
Act III,Scene I,Queen Katharine,Almost forgot my prayers to content him?,1664
Act III,Scene I,Queen Katharine,"And am I thus rewarded? 'tis not well, lords.",1665
Act III,Scene I,Queen Katharine,"Bring me a constant woman to her husband,",1666
Act III,Scene I,Queen Katharine,One that ne'er dream'd a joy beyond his pleasure;,1667
Act III,Scene I,Queen Katharine,"And to that woman, when she has done most,",1668
Act III,Scene I,Queen Katharine,"Yet will I add an honour, a great patience.",1669
Act III,Scene I,Cardinal Wolsey,"Madam, you wander from the good we aim at.",1670
Act III,Scene I,Queen Katharine,"My lord, I dare not make myself so guilty,",1671
Act III,Scene I,Queen Katharine,To give up willingly that noble title,1672
Act III,Scene I,Queen Katharine,Your master wed me to: nothing but death,1673
Act III,Scene I,Queen Katharine,Shall e'er divorce my dignities.,1674
Act III,Scene I,Cardinal Wolsey,"Pray, hear me.",1675
Act III,Scene I,Queen Katharine,"Would I had never trod this English earth,",1676
Act III,Scene I,Queen Katharine,Or felt the flatteries that grow upon it!,1677
Act III,Scene I,Queen Katharine,"Ye have angels' faces, but heaven knows your hearts.",1678
Act III,Scene I,Queen Katharine,"What will become of me now, wretched lady!",1679
Act III,Scene I,Queen Katharine,I am the most unhappy woman living.,1680
Act III,Scene I,Queen Katharine,"Alas, poor wenches, where are now your fortunes!",1681
Act III,Scene I,Queen Katharine,"Shipwreck'd upon a kingdom, where no pity,",1682
Act III,Scene I,Queen Katharine,"No friend, no hope; no kindred weep for me;",1683
Act III,Scene I,Queen Katharine,"Almost no grave allow'd me: like the lily,",1684
Act III,Scene I,Queen Katharine,"That once was mistress of the field and flourish'd,",1685
Act III,Scene I,Queen Katharine,I'll hang my head and perish.,1686
Act III,Scene I,Cardinal Wolsey,If your grace,1687
Act III,Scene I,Cardinal Wolsey,"Could but be brought to know our ends are honest,",1688
Act III,Scene I,Cardinal Wolsey,"You'ld feel more comfort: why should we, good lady,",1689
Act III,Scene I,Cardinal Wolsey,"Upon what cause, wrong you? alas, our places,",1690
Act III,Scene I,Cardinal Wolsey,The way of our profession is against it:,1691
Act III,Scene I,Cardinal Wolsey,"We are to cure such sorrows, not to sow 'em.",1692
Act III,Scene I,Cardinal Wolsey,"For goodness' sake, consider what you do;",1693
Act III,Scene I,Cardinal Wolsey,"How you may hurt yourself, ay, utterly",1694
Act III,Scene I,Cardinal Wolsey,"Grow from the king's acquaintance, by this carriage.",1695
Act III,Scene I,Cardinal Wolsey,"The hearts of princes kiss obedience,",1696
Act III,Scene I,Cardinal Wolsey,So much they love it; but to stubborn spirits,1697
Act III,Scene I,Cardinal Wolsey,"They swell, and grow as terrible as storms.",1698
Act III,Scene I,Cardinal Wolsey,"I know you have a gentle, noble temper,",1699
Act III,Scene I,Cardinal Wolsey,"A soul as even as a calm: pray, think us",1700
Act III,Scene I,Cardinal Wolsey,"Those we profess, peace-makers, friends, and servants.",1701
Act III,Scene I,Cardinal Campeius,"Madam, you'll find it so. You wrong your virtues",1702
Act III,Scene I,Cardinal Campeius,"With these weak women's fears: a noble spirit,",1703
Act III,Scene I,Cardinal Campeius,"As yours was put into you, ever casts",1704
Act III,Scene I,Cardinal Campeius,"Such doubts, as false coin, from it. The king loves you;",1705
Act III,Scene I,Cardinal Campeius,"Beware you lose it not: for us, if you please",1706
Act III,Scene I,Cardinal Campeius,"To trust us in your business, we are ready",1707
Act III,Scene I,Cardinal Campeius,To use our utmost  studies in your service.,1708
Act III,Scene I,Queen Katharine,"Do what ye will, my lords: and, pray, forgive me,",1709
Act III,Scene I,Queen Katharine,If I have used myself unmannerly;,1710
Act III,Scene I,Queen Katharine,"You know I am a woman, lacking wit",1711
Act III,Scene I,Queen Katharine,To make a seemly answer to such persons.,1712
Act III,Scene I,Queen Katharine,"Pray, do my service to his majesty:",1713
Act III,Scene I,Queen Katharine,He has my heart yet; and shall have my prayers,1714
Act III,Scene I,Queen Katharine,"While I shall have my life. Come, reverend fathers,",1715
Act III,Scene I,Queen Katharine,"Bestow your counsels on me: she now begs,",1716
Act III,Scene I,Queen Katharine,"That little thought, when she set footing here,",1717
Act III,Scene I,Queen Katharine,She should have bought her dignities so dear.,1718
Act III,Scene I,[stage direction],Exeunt,NA
Act III,Scene II,[stage direction],"Enter NORFOLK, SUFFOLK, SURREY, and Chamberlain",NA
Act III,Scene II,Norfolk,"If you will now unite in your complaints,",1719
Act III,Scene II,Norfolk,"And force them with a constancy, the cardinal",1720
Act III,Scene II,Norfolk,Cannot stand under them: if you omit,1721
Act III,Scene II,Norfolk,"The offer of this time, I cannot promise",1722
Act III,Scene II,Norfolk,"But that you shall sustain moe new disgraces,",1723
Act III,Scene II,Norfolk,With these you bear already.,1724
Act III,Scene II,Surrey,I am joyful,1725
Act III,Scene II,Surrey,To meet the least occasion that may give me,1726
Act III,Scene II,Surrey,"Remembrance of my father-in-law, the duke,",1727
Act III,Scene II,Surrey,To be revenged on him.,1728
Act III,Scene II,Suffolk,Which of the peers,1729
Act III,Scene II,Suffolk,"Have uncontemn'd gone by him, or at least",1730
Act III,Scene II,Suffolk,Strangely neglected? when did he regard,1731
Act III,Scene II,Suffolk,The stamp of nobleness in any person,1732
Act III,Scene II,Suffolk,Out of himself?,1733
Act III,Scene II,Chamberlain,"My lords, you speak your pleasures:",1734
Act III,Scene II,Chamberlain,What he deserves of you and me I know;,1735
Act III,Scene II,Chamberlain,"What we can do to him, though now the time",1736
Act III,Scene II,Chamberlain,"Gives way to us, I much fear. If you cannot",1737
Act III,Scene II,Chamberlain,"Bar his access to the king, never attempt",1738
Act III,Scene II,Chamberlain,Any thing on him; for he hath a witchcraft,1739
Act III,Scene II,Chamberlain,Over the king in's tongue.,1740
Act III,Scene II,Norfolk,"O, fear him not;",1741
Act III,Scene II,Norfolk,His spell in that is out: the king hath found,1742
Act III,Scene II,Norfolk,Matter against him that for ever mars,1743
Act III,Scene II,Norfolk,"The honey of his language. No, he's settled,",1744
Act III,Scene II,Norfolk,"Not to come off, in his displeasure.",1745
Act III,Scene II,Surrey,"Sir,",1746
Act III,Scene II,Surrey,I should be glad to hear such news as this,1747
Act III,Scene II,Surrey,Once every hour.,1748
Act III,Scene II,Norfolk,"Believe it, this is true:",1749
Act III,Scene II,Norfolk,In the divorce his contrary proceedings,1750
Act III,Scene II,Norfolk,Are all unfolded wherein he appears,1751
Act III,Scene II,Norfolk,As I would wish mine enemy.,1752
Act III,Scene II,Surrey,How came,1753
Act III,Scene II,Surrey,His practises to light?,1754
Act III,Scene II,Suffolk,Most strangely.,1755
Act III,Scene II,Surrey,"O, how, how?",1756
Act III,Scene II,Suffolk,"The cardinal's letters to the pope miscarried,",1757
Act III,Scene II,Suffolk,"And came to the eye o' the king: wherein was read,",1758
Act III,Scene II,Suffolk,How that the cardinal did entreat his holiness,1759
Act III,Scene II,Suffolk,To stay the judgment o' the divorce; for if,1760
Act III,Scene II,Suffolk,"It did take place, 'I do,' quoth he, 'perceive",1761
Act III,Scene II,Suffolk,My king is tangled in affection to,1762
Act III,Scene II,Suffolk,"A creature of the queen's, Lady Anne Bullen.'",1763
Act III,Scene II,Surrey,Has the king this?,1764
Act III,Scene II,Suffolk,Believe it.,1765
Act III,Scene II,Surrey,Will this work?,1766
Act III,Scene II,Chamberlain,"The king in this perceives him, how he coasts",1767
Act III,Scene II,Chamberlain,And hedges his own way. But in this point,1768
Act III,Scene II,Chamberlain,"All his tricks founder, and he brings his physic",1769
Act III,Scene II,Chamberlain,After his patient's death: the king already,1770
Act III,Scene II,Chamberlain,Hath married the fair lady.,1771
Act III,Scene II,Surrey,Would he had!,1772
Act III,Scene II,Suffolk,"May you be happy in your wish, my lord",1773
Act III,Scene II,Suffolk,"For, I profess, you have it.",1774
Act III,Scene II,Surrey,"Now, all my joy",1775
Act III,Scene II,Surrey,Trace the conjunction!,1776
Act III,Scene II,Suffolk,My amen to't!,1777
Act III,Scene II,Norfolk,All men's!,1778
Act III,Scene II,Suffolk,There's order given for her coronation:,1779
Act III,Scene II,Suffolk,"Marry, this is yet but young, and may be left",1780
Act III,Scene II,Suffolk,"To some ears unrecounted. But, my lords,",1781
Act III,Scene II,Suffolk,"She is a gallant creature, and complete",1782
Act III,Scene II,Suffolk,"In mind and feature: I persuade me, from her",1783
Act III,Scene II,Suffolk,"Will fall some blessing to this land, which shall",1784
Act III,Scene II,Suffolk,In it be memorised.,1785
Act III,Scene II,Surrey,"But, will the king",1786
Act III,Scene II,Surrey,Digest this letter of the cardinal's?,1787
Act III,Scene II,Surrey,The Lord forbid!,1788
Act III,Scene II,Norfolk,"Marry, amen!",1789
Act III,Scene II,Suffolk,"No, no;",1790
Act III,Scene II,Suffolk,There be moe wasps that buzz about his nose,1791
Act III,Scene II,Suffolk,Will make this sting the sooner. Cardinal Campeius,1792
Act III,Scene II,Suffolk,Is stol'n away to Rome; hath ta'en no leave;,1793
Act III,Scene II,Suffolk,Has left the cause o' the king unhandled; and,1794
Act III,Scene II,Suffolk,"Is posted, as the agent of our cardinal,",1795
Act III,Scene II,Suffolk,To second all his plot. I do assure you,1796
Act III,Scene II,Suffolk,The king cried Ha! at this.,1797
Act III,Scene II,Chamberlain,"Now, God incense him,",1798
Act III,Scene II,Chamberlain,And let him cry Ha! louder!,1799
Act III,Scene II,Norfolk,"But, my lord,",1800
Act III,Scene II,Norfolk,When returns Cranmer?,1801
Act III,Scene II,Suffolk,He is return'd in his opinions; which,1802
Act III,Scene II,Suffolk,"Have satisfied the king for his divorce,",1803
Act III,Scene II,Suffolk,Together with all famous colleges,1804
Act III,Scene II,Suffolk,"Almost in Christendom: shortly, I believe,",1805
Act III,Scene II,Suffolk,"His second marriage shall be publish'd, and",1806
Act III,Scene II,Suffolk,Her coronation. Katharine no more,1807
Act III,Scene II,Suffolk,"Shall be call'd queen, but princess dowager",1808
Act III,Scene II,Suffolk,And widow to Prince Arthur.,1809
Act III,Scene II,Norfolk,This same Cranmer's,1810
Act III,Scene II,Norfolk,"A worthy fellow, and hath ta'en much pain",1811
Act III,Scene II,Norfolk,In the king's business.,1812
Act III,Scene II,Suffolk,He has; and we shall see him,1813
Act III,Scene II,Suffolk,For it an archbishop.,1814
Act III,Scene II,Norfolk,So I hear.,1815
Act III,Scene II,Suffolk,'Tis so.,1816
Act III,Scene II,Suffolk,The cardinal!,1817
Act III,Scene II,[stage direction],Enter CARDINAL WOLSEY and CROMWELL,NA
Act III,Scene II,Norfolk,"Observe, observe, he's moody.",1818
Act III,Scene II,Cardinal Wolsey,"The packet, Cromwell.",1819
Act III,Scene II,Cardinal Wolsey,Gave't you the king?,1820
Act III,Scene II,Cromwell,"To his own hand, in's bedchamber.",1821
Act III,Scene II,Cardinal Wolsey,Look'd he o' the inside of the paper?,1822
Act III,Scene II,Cromwell,Presently,1823
Act III,Scene II,Cromwell,"He did unseal them: and the first he view'd,",1824
Act III,Scene II,Cromwell,He did it with a serious mind; a heed,1825
Act III,Scene II,Cromwell,Was in his countenance. You he bade,1826
Act III,Scene II,Cromwell,Attend him here this morning.,1827
Act III,Scene II,Cardinal Wolsey,Is he ready,1828
Act III,Scene II,Cardinal Wolsey,To come abroad?,1829
Act III,Scene II,Cromwell,"I think, by this he is.",1830
Act III,Scene II,Cardinal Wolsey,Leave me awhile.,1831
Act III,Scene II,[stage direction],Exit CROMWELL,NA
Act III,Scene II,[stage direction],Aside,NA
Act III,Scene II,Cardinal Wolsey,"It shall be to the Duchess of Alencon,",1832
Act III,Scene II,Cardinal Wolsey,The French king's sister: he shall marry her.,1833
Act III,Scene II,Cardinal Wolsey,Anne Bullen! No; I'll no Anne Bullens for him:,1834
Act III,Scene II,Cardinal Wolsey,There's more in't than fair visage. Bullen!,1835
Act III,Scene II,Cardinal Wolsey,"No, we'll no Bullens. Speedily I wish",1836
Act III,Scene II,Cardinal Wolsey,To hear from Rome. The Marchioness of Pembroke!,1837
Act III,Scene II,Norfolk,He's discontented.,1838
Act III,Scene II,Suffolk,"May be, he hears the king",1839
Act III,Scene II,Suffolk,Does whet his anger to him.,1840
Act III,Scene II,Surrey,"Sharp enough,",1841
Act III,Scene II,Surrey,"Lord, for thy justice!",1842
Act III,Scene II,Cardinal Wolsey,"[Aside]  The late queen's gentlewoman,",1843
Act III,Scene II,Cardinal Wolsey,"a knight's daughter,",1844
Act III,Scene II,Cardinal Wolsey,To be her mistress' mistress! the queen's queen!,1845
Act III,Scene II,Cardinal Wolsey,This candle burns not clear: 'tis I must snuff it;,1846
Act III,Scene II,Cardinal Wolsey,Then out it goes. What though I know her virtuous,1847
Act III,Scene II,Cardinal Wolsey,And well deserving? yet I know her for,1848
Act III,Scene II,Cardinal Wolsey,A spleeny Lutheran; and not wholesome to,1849
Act III,Scene II,Cardinal Wolsey,"Our cause, that she should lie i' the bosom of",1850
Act III,Scene II,Cardinal Wolsey,"Our hard-ruled king. Again, there is sprung up",1851
Act III,Scene II,Cardinal Wolsey,"An heretic, an arch one, Cranmer; one",1852
Act III,Scene II,Cardinal Wolsey,"Hath crawl'd into the favour of the king,",1853
Act III,Scene II,Cardinal Wolsey,And is his oracle.,1854
Act III,Scene II,Norfolk,He is vex'd at something.,1855
Act III,Scene II,Surrey,"I would 'twere something that would fret the string,",1856
Act III,Scene II,Surrey,The master-cord on's heart!,1857
Act III,Scene II,[stage direction],"Enter KING HENRY VIII, reading of a schedule, and LOVELL",NA
Act III,Scene II,Suffolk,"The king, the king!",1858
Act III,Scene II,King Henry Viii,What piles of wealth hath he accumulated,1859
Act III,Scene II,King Henry Viii,To his own portion! and what expense by the hour,1860
Act III,Scene II,King Henry Viii,"Seems to flow from him! How, i' the name of thrift,",1861
Act III,Scene II,King Henry Viii,"Does he rake this together! Now, my lords,",1862
Act III,Scene II,King Henry Viii,Saw you the cardinal?,1863
Act III,Scene II,Norfolk,"My lord, we have",1864
Act III,Scene II,Norfolk,Stood here observing him: some strange commotion,1865
Act III,Scene II,Norfolk,"Is in his brain: he bites his lip, and starts;",1866
Act III,Scene II,Norfolk,"Stops on a sudden, looks upon the ground,",1867
Act III,Scene II,Norfolk,"Then lays his finger on his temple, straight",1868
Act III,Scene II,Norfolk,"Springs out into fast gait; then stops again,",1869
Act III,Scene II,Norfolk,"Strikes his breast hard, and anon he casts",1870
Act III,Scene II,Norfolk,His eye against the moon: in most strange postures,1871
Act III,Scene II,Norfolk,We have seen him set himself.,1872
Act III,Scene II,King Henry Viii,It may well be;,1873
Act III,Scene II,King Henry Viii,There is a mutiny in's mind. This morning,1874
Act III,Scene II,King Henry Viii,"Papers of state he sent me to peruse,",1875
Act III,Scene II,King Henry Viii,As I required: and wot you what I found,1876
Act III,Scene II,King Henry Viii,"There,--on my conscience, put unwittingly?",1877
Act III,Scene II,King Henry Viii,"Forsooth, an inventory, thus importing;",1878
Act III,Scene II,King Henry Viii,"The several parcels of his plate, his treasure,",1879
Act III,Scene II,King Henry Viii,"Rich stuffs, and ornaments of household; which",1880
Act III,Scene II,King Henry Viii,"I find at such proud rate, that it out-speaks",1881
Act III,Scene II,King Henry Viii,Possession of a subject.,1882
Act III,Scene II,Norfolk,It's heaven's will:,1883
Act III,Scene II,Norfolk,"Some spirit put this paper in the packet,",1884
Act III,Scene II,Norfolk,To bless your eye withal.,1885
Act III,Scene II,King Henry Viii,If we did think,1886
Act III,Scene II,King Henry Viii,"His contemplation were above the earth,",1887
Act III,Scene II,King Henry Viii,"And fix'd on spiritual object, he should still",1888
Act III,Scene II,King Henry Viii,Dwell in his musings: but I am afraid,1889
Act III,Scene II,King Henry Viii,"His thinkings are below the moon, not worth",1890
Act III,Scene II,King Henry Viii,His serious considering.,1891
Act III,Scene II,[stage direction],"King HENRY VIII takes his seat; whispers LOVELL, who goes to CARDINAL WOLSEY",NA
Act III,Scene II,Cardinal Wolsey,Heaven forgive me!,1892
Act III,Scene II,Cardinal Wolsey,Ever God bless your highness!,1893
Act III,Scene II,King Henry Viii,"Good my lord,",1894
Act III,Scene II,King Henry Viii,"You are full of heavenly stuff, and bear the inventory",1895
Act III,Scene II,King Henry Viii,Of your best graces in your mind; the which,1896
Act III,Scene II,King Henry Viii,You were now running o'er: you have scarce time,1897
Act III,Scene II,King Henry Viii,To steal from spiritual leisure a brief span,1898
Act III,Scene II,King Henry Viii,"To keep your earthly audit: sure, in that",1899
Act III,Scene II,King Henry Viii,"I deem you an ill husband, and am glad",1900
Act III,Scene II,King Henry Viii,To have you therein my companion.,1901
Act III,Scene II,Cardinal Wolsey,"Sir,",1902
Act III,Scene II,Cardinal Wolsey,For holy offices I have a time; a time,1903
Act III,Scene II,Cardinal Wolsey,To think upon the part of business which,1904
Act III,Scene II,Cardinal Wolsey,I bear i' the state; and nature does require,1905
Act III,Scene II,Cardinal Wolsey,"Her times of preservation, which perforce",1906
Act III,Scene II,Cardinal Wolsey,"I, her frail son, amongst my brethren mortal,",1907
Act III,Scene II,Cardinal Wolsey,Must give my tendence to.,1908
Act III,Scene II,King Henry Viii,You have said well.,1909
Act III,Scene II,Cardinal Wolsey,"And ever may your highness yoke together,",1910
Act III,Scene II,Cardinal Wolsey,"As I will lend you cause, my doing well",1911
Act III,Scene II,Cardinal Wolsey,With my well saying!,1912
Act III,Scene II,King Henry Viii,'Tis well said again;,1913
Act III,Scene II,King Henry Viii,And 'tis a kind of good deed to say well:,1914
Act III,Scene II,King Henry Viii,And yet words are no deeds. My father loved you:,1915
Act III,Scene II,King Henry Viii,His said he did; and with his deed did crown,1916
Act III,Scene II,King Henry Viii,"His word upon you. Since I had my office,",1917
Act III,Scene II,King Henry Viii,I have kept you next my heart; have not alone,1918
Act III,Scene II,King Henry Viii,"Employ'd you where high profits might come home,",1919
Act III,Scene II,King Henry Viii,"But pared my present havings, to bestow",1920
Act III,Scene II,King Henry Viii,My bounties upon you.,1921
Act III,Scene II,Cardinal Wolsey,[Aside]             What should this mean?,1922
Act III,Scene II,Surrey,[Aside]  The Lord increase this business!,1923
Act III,Scene II,King Henry Viii,"Have I not made you,",1924
Act III,Scene II,King Henry Viii,"The prime man of the state? I pray you, tell me,",1925
Act III,Scene II,King Henry Viii,If what I now pronounce you have found true:,1926
Act III,Scene II,King Henry Viii,"And, if you may confess it, say withal,",1927
Act III,Scene II,King Henry Viii,If you are bound to us or no. What say you?,1928
Act III,Scene II,Cardinal Wolsey,"My sovereign, I confess your royal graces,",1929
Act III,Scene II,Cardinal Wolsey,"Shower'd on me daily, have been more than could",1930
Act III,Scene II,Cardinal Wolsey,My studied purposes requite; which went,1931
Act III,Scene II,Cardinal Wolsey,Beyond all man's endeavours: my endeavours,1932
Act III,Scene II,Cardinal Wolsey,"Have ever come too short of my desires,",1933
Act III,Scene II,Cardinal Wolsey,Yet filed with my abilities: mine own ends,1934
Act III,Scene II,Cardinal Wolsey,Have been mine so that evermore they pointed,1935
Act III,Scene II,Cardinal Wolsey,To the good of your most sacred person and,1936
Act III,Scene II,Cardinal Wolsey,The profit of the state. For your great graces,1937
Act III,Scene II,Cardinal Wolsey,"Heap'd upon me, poor undeserver, I",1938
Act III,Scene II,Cardinal Wolsey,"Can nothing render but allegiant thanks,",1939
Act III,Scene II,Cardinal Wolsey,"My prayers to heaven for you, my loyalty,",1940
Act III,Scene II,Cardinal Wolsey,"Which ever has and ever shall be growing,",1941
Act III,Scene II,Cardinal Wolsey,"Till death, that winter, kill it.",1942
Act III,Scene II,King Henry Viii,Fairly answer'd;,1943
Act III,Scene II,King Henry Viii,A loyal and obedient subject is,1944
Act III,Scene II,King Henry Viii,Therein illustrated: the honour of it,1945
Act III,Scene II,King Henry Viii,"Does pay the act of it; as, i' the contrary,",1946
Act III,Scene II,King Henry Viii,The foulness is the punishment. I presume,1947
Act III,Scene II,King Henry Viii,"That, as my hand has open'd bounty to you,",1948
Act III,Scene II,King Henry Viii,"My heart dropp'd love, my power rain'd honour, more",1949
Act III,Scene II,King Henry Viii,"On you than any; so your hand and heart,",1950
Act III,Scene II,King Henry Viii,"Your brain, and every function of your power,",1951
Act III,Scene II,King Henry Viii,"Should, notwithstanding that your bond of duty,",1952
Act III,Scene II,King Henry Viii,"As 'twere in love's particular, be more",1953
Act III,Scene II,King Henry Viii,"To me, your friend, than any.",1954
Act III,Scene II,Cardinal Wolsey,I do profess,1955
Act III,Scene II,Cardinal Wolsey,That for your highness' good I ever labour'd,1956
Act III,Scene II,Cardinal Wolsey,"More than mine own; that am, have, and will be--",1957
Act III,Scene II,Cardinal Wolsey,"Though all the world should crack their duty to you,",1958
Act III,Scene II,Cardinal Wolsey,And throw it from their soul; though perils did,1959
Act III,Scene II,Cardinal Wolsey,"Abound, as thick as thought could make 'em, and",1960
Act III,Scene II,Cardinal Wolsey,"Appear in forms more horrid,--yet my duty,",1961
Act III,Scene II,Cardinal Wolsey,"As doth a rock against the chiding flood,",1962
Act III,Scene II,Cardinal Wolsey,"Should the approach of this wild river break,",1963
Act III,Scene II,Cardinal Wolsey,And stand unshaken yours.,1964
Act III,Scene II,King Henry Viii,'Tis nobly spoken:,1965
Act III,Scene II,King Henry Viii,"Take notice, lords, he has a loyal breast,",1966
Act III,Scene II,King Henry Viii,For you have seen him open't. Read o'er this;,1967
Act III,Scene II,[stage direction],Giving him papers,NA
Act III,Scene II,King Henry Viii,"And after, this: and then to breakfast with",1968
Act III,Scene II,King Henry Viii,What appetite you have.,1969
Act III,Scene II,[stage direction],"Exit KING HENRY VIII, frowning upon CARDINAL WOLSEY: the Nobles throng after him, smiling and whispering",NA
Act III,Scene II,Cardinal Wolsey,What should this mean?,1970
Act III,Scene II,Cardinal Wolsey,What sudden anger's this? how have I reap'd it?,1971
Act III,Scene II,Cardinal Wolsey,"He parted frowning from me, as if ruin",1972
Act III,Scene II,Cardinal Wolsey,Leap'd from his eyes: so looks the chafed lion,1973
Act III,Scene II,Cardinal Wolsey,Upon the daring huntsman that has gall'd him;,1974
Act III,Scene II,Cardinal Wolsey,Then makes him nothing. I must read this paper;,1975
Act III,Scene II,Cardinal Wolsey,"I fear, the story of his anger. 'Tis so;",1976
Act III,Scene II,Cardinal Wolsey,This paper has undone me: 'tis the account,1977
Act III,Scene II,Cardinal Wolsey,Of all that world of wealth I have drawn together,1978
Act III,Scene II,Cardinal Wolsey,"For mine own ends; indeed, to gain the popedom,",1979
Act III,Scene II,Cardinal Wolsey,And fee my friends in Rome. O negligence!,1980
Act III,Scene II,Cardinal Wolsey,Fit for a fool to fall by: what cross devil,1981
Act III,Scene II,Cardinal Wolsey,Made me put this main secret in the packet,1982
Act III,Scene II,Cardinal Wolsey,I sent the king? Is there no way to cure this?,1983
Act III,Scene II,Cardinal Wolsey,No new device to beat this from his brains?,1984
Act III,Scene II,Cardinal Wolsey,I know 'twill stir him strongly; yet I know,1985
Act III,Scene II,Cardinal Wolsey,"A way, if it take right, in spite of fortune",1986
Act III,Scene II,Cardinal Wolsey,Will bring me off again. What's this? 'To the Pope!',1987
Act III,Scene II,Cardinal Wolsey,"The letter, as I live, with all the business",1988
Act III,Scene II,Cardinal Wolsey,"I writ to's holiness. Nay then, farewell!",1989
Act III,Scene II,Cardinal Wolsey,I have touch'd the highest point of all my greatness;,1990
Act III,Scene II,Cardinal Wolsey,"And, from that full meridian of my glory,",1991
Act III,Scene II,Cardinal Wolsey,I haste now to my setting: I shall fall,1992
Act III,Scene II,Cardinal Wolsey,"Like a bright exhalation m the evening,",1993
Act III,Scene II,Cardinal Wolsey,And no man see me more.,1994
Act III,Scene II,[stage direction],"Re-enter to CARDINAL WOLSEY, NORFOLK and SUFFOLK, SURREY, and the Chamberlain",NA
Act III,Scene II,Norfolk,"Hear the king's pleasure, cardinal: who commands you",1995
Act III,Scene II,Norfolk,To render up the great seal presently,1996
Act III,Scene II,Norfolk,Into our hands; and to confine yourself,1997
Act III,Scene II,Norfolk,"To Asher House, my Lord of Winchester's,",1998
Act III,Scene II,Norfolk,Till you hear further from his highness.,1999
Act III,Scene II,Cardinal Wolsey,Stay:,2000
Act III,Scene II,Cardinal Wolsey,"Where's your commission, lords? words cannot carry",2001
Act III,Scene II,Cardinal Wolsey,Authority so weighty.,2002
Act III,Scene II,Suffolk,"Who dare cross 'em,",2003
Act III,Scene II,Suffolk,Bearing the king's will from his mouth expressly?,2004
Act III,Scene II,Cardinal Wolsey,"Till I find more than will or words to do it,",2005
Act III,Scene II,Cardinal Wolsey,"I mean your malice, know, officious lords,",2006
Act III,Scene II,Cardinal Wolsey,I dare and must deny it. Now I feel,2007
Act III,Scene II,Cardinal Wolsey,"Of what coarse metal ye are moulded, envy:",2008
Act III,Scene II,Cardinal Wolsey,"How eagerly ye follow my disgraces,",2009
Act III,Scene II,Cardinal Wolsey,As if it fed ye! and how sleek and wanton,2010
Act III,Scene II,Cardinal Wolsey,Ye appear in every thing may bring my ruin!,2011
Act III,Scene II,Cardinal Wolsey,"Follow your envious courses, men of malice;",2012
Act III,Scene II,Cardinal Wolsey,"You have Christian warrant for 'em, and, no doubt,",2013
Act III,Scene II,Cardinal Wolsey,"In time will find their fit rewards. That seal,",2014
Act III,Scene II,Cardinal Wolsey,"You ask with such a violence, the king,",2015
Act III,Scene II,Cardinal Wolsey,"Mine and your master, with his own hand gave me;",2016
Act III,Scene II,Cardinal Wolsey,"Bade me enjoy it, with the place and honours,",2017
Act III,Scene II,Cardinal Wolsey,"During my life; and, to confirm his goodness,",2018
Act III,Scene II,Cardinal Wolsey,"Tied it by letters-patents: now, who'll take it?",2019
Act III,Scene II,Surrey,"The king, that gave it.",2020
Act III,Scene II,Cardinal Wolsey,"It must be himself, then.",2021
Act III,Scene II,Surrey,"Thou art a proud traitor, priest.",2022
Act III,Scene II,Cardinal Wolsey,"Proud lord, thou liest:",2023
Act III,Scene II,Cardinal Wolsey,Within these forty hours Surrey durst better,2024
Act III,Scene II,Cardinal Wolsey,Have burnt that tongue than said so.,2025
Act III,Scene II,Surrey,"Thy ambition,",2026
Act III,Scene II,Surrey,"Thou scarlet sin, robb'd this bewailing land",2027
Act III,Scene II,Surrey,"Of noble Buckingham, my father-in-law:",2028
Act III,Scene II,Surrey,"The heads of all thy brother cardinals,",2029
Act III,Scene II,Surrey,"With thee and all thy best parts bound together,",2030
Act III,Scene II,Surrey,Weigh'd not a hair of his. Plague of your policy!,2031
Act III,Scene II,Surrey,You sent me deputy for Ireland;,2032
Act III,Scene II,Surrey,"Far from his succor, from the king, from all",2033
Act III,Scene II,Surrey,That might have mercy on the fault thou gavest him;,2034
Act III,Scene II,Surrey,"Whilst your great goodness, out of holy pity,",2035
Act III,Scene II,Surrey,Absolved him with an axe.,2036
Act III,Scene II,Cardinal Wolsey,"This, and all else",2037
Act III,Scene II,Cardinal Wolsey,"This talking lord can lay upon my credit,",2038
Act III,Scene II,Cardinal Wolsey,I answer is most false. The duke by law,2039
Act III,Scene II,Cardinal Wolsey,Found his deserts: how innocent I was,2040
Act III,Scene II,Cardinal Wolsey,"From any private malice in his end,",2041
Act III,Scene II,Cardinal Wolsey,His noble jury and foul cause can witness.,2042
Act III,Scene II,Cardinal Wolsey,"If I loved many words, lord, I should tell you",2043
Act III,Scene II,Cardinal Wolsey,"You have as little honesty as honour,",2044
Act III,Scene II,Cardinal Wolsey,That in the way of loyalty and truth,2045
Act III,Scene II,Cardinal Wolsey,"Toward the king, my ever royal master,",2046
Act III,Scene II,Cardinal Wolsey,"Dare mate a sounder man than Surrey can be,",2047
Act III,Scene II,Cardinal Wolsey,And all that love his follies.,2048
Act III,Scene II,Surrey,"By my soul,",2049
Act III,Scene II,Surrey,"Your long coat, priest, protects you; thou",2050
Act III,Scene II,Surrey,shouldst feel,2051
Act III,Scene II,Surrey,"My sword i' the life-blood of thee else. My lords,",2052
Act III,Scene II,Surrey,Can ye endure to hear this arrogance?,2053
Act III,Scene II,Surrey,"And from this fellow? if we live thus tamely,",2054
Act III,Scene II,Surrey,"To be thus jaded by a piece of scarlet,",2055
Act III,Scene II,Surrey,"Farewell nobility; let his grace go forward,",2056
Act III,Scene II,Surrey,And dare us with his cap like larks.,2057
Act III,Scene II,Cardinal Wolsey,All goodness,2058
Act III,Scene II,Cardinal Wolsey,Is poison to thy stomach.,2059
Act III,Scene II,Surrey,"Yes, that goodness",2060
Act III,Scene II,Surrey,"Of gleaning all the land's wealth into one,",2061
Act III,Scene II,Surrey,"Into your own hands, cardinal, by extortion;",2062
Act III,Scene II,Surrey,The goodness of your intercepted packets,2063
Act III,Scene II,Surrey,"You writ to the pope against the king: your goodness,",2064
Act III,Scene II,Surrey,"Since you provoke me, shall be most notorious.",2065
Act III,Scene II,Surrey,"My Lord of Norfolk, as you are truly noble,",2066
Act III,Scene II,Surrey,"As you respect the common good, the state",2067
Act III,Scene II,Surrey,"Of our despised nobility, our issues,",2068
Act III,Scene II,Surrey,"Who, if he live, will scarce be gentlemen,",2069
Act III,Scene II,Surrey,"Produce the grand sum of his sins, the articles",2070
Act III,Scene II,Surrey,Collected from his life. I'll startle you,2071
Act III,Scene II,Surrey,"Worse than the scaring bell, when the brown wench",2072
Act III,Scene II,Surrey,"Lay kissing in your arms, lord cardinal.",2073
Act III,Scene II,Cardinal Wolsey,"How much, methinks, I could despise this man,",2074
Act III,Scene II,Cardinal Wolsey,But that I am bound in charity against it!,2075
Act III,Scene II,Norfolk,"Those articles, my lord, are in the king's hand:",2076
Act III,Scene II,Norfolk,"But, thus much, they are foul ones.",2077
Act III,Scene II,Cardinal Wolsey,So much fairer,2078
Act III,Scene II,Cardinal Wolsey,"And spotless shall mine innocence arise,",2079
Act III,Scene II,Cardinal Wolsey,When the king knows my truth.,2080
Act III,Scene II,Surrey,This cannot save you:,2081
Act III,Scene II,Surrey,"I thank my memory, I yet remember",2082
Act III,Scene II,Surrey,Some of these articles; and out they shall.,2083
Act III,Scene II,Surrey,"Now, if you can blush and cry 'guilty,' cardinal,",2084
Act III,Scene II,Surrey,You'll show a little honesty.,2085
Act III,Scene II,Cardinal Wolsey,"Speak on, sir;",2086
Act III,Scene II,Cardinal Wolsey,"I dare your worst objections: if I blush,",2087
Act III,Scene II,Cardinal Wolsey,It is to see a nobleman want manners.,2088
Act III,Scene II,Surrey,I had rather want those than my head. Have at you!,2089
Act III,Scene II,Surrey,"First, that, without the king's assent or knowledge,",2090
Act III,Scene II,Surrey,You wrought to be a legate; by which power,2091
Act III,Scene II,Surrey,You maim'd the jurisdiction of all bishops.,2092
Act III,Scene II,Norfolk,"Then, that in all you writ to Rome, or else",2093
Act III,Scene II,Norfolk,"To foreign princes, 'Ego et Rex meus'",2094
Act III,Scene II,Norfolk,Was still inscribed; in which you brought the king,2095
Act III,Scene II,Norfolk,To be your servant.,2096
Act III,Scene II,Suffolk,"Then that, without the knowledge",2097
Act III,Scene II,Suffolk,"Either of king or council, when you went",2098
Act III,Scene II,Suffolk,"Ambassador to the emperor, you made bold",2099
Act III,Scene II,Suffolk,To carry into Flanders the great seal.,2100
Act III,Scene II,Surrey,"Item, you sent a large commission",2101
Act III,Scene II,Surrey,"To Gregory de Cassado, to conclude,",2102
Act III,Scene II,Surrey,"Without the king's will or the state's allowance,",2103
Act III,Scene II,Surrey,A league between his highness and Ferrara.,2104
Act III,Scene II,Suffolk,"That, out of mere ambition, you have caused",2105
Act III,Scene II,Suffolk,Your holy hat to be stamp'd on the king's coin.,2106
Act III,Scene II,Surrey,Then that you have sent innumerable substance--,2107
Act III,Scene II,Surrey,"By what means got, I leave to your own conscience--",2108
Act III,Scene II,Surrey,"To furnish Rome, and to prepare the ways",2109
Act III,Scene II,Surrey,You have for dignities; to the mere undoing,2110
Act III,Scene II,Surrey,Of all the kingdom. Many more there are;,2111
Act III,Scene II,Surrey,"Which, since they are of you, and odious,",2112
Act III,Scene II,Surrey,I will not taint my mouth with.,2113
Act III,Scene II,Chamberlain,"O my lord,",2114
Act III,Scene II,Chamberlain,Press not a falling man too far! 'tis virtue:,2115
Act III,Scene II,Chamberlain,"His faults lie open to the laws; let them,",2116
Act III,Scene II,Chamberlain,"Not you, correct him. My heart weeps to see him",2117
Act III,Scene II,Chamberlain,So little of his great self.,2118
Act III,Scene II,Surrey,I forgive him.,2119
Act III,Scene II,Suffolk,"Lord cardinal, the king's further pleasure is,",2120
Act III,Scene II,Suffolk,"Because all those things you have done of late,",2121
Act III,Scene II,Suffolk,"By your power legatine, within this kingdom,",2122
Act III,Scene II,Suffolk,"Fall into the compass of a praemunire,",2123
Act III,Scene II,Suffolk,That therefore such a writ be sued against you;,2124
Act III,Scene II,Suffolk,"To forfeit all your goods, lands, tenements,",2125
Act III,Scene II,Suffolk,"Chattels, and whatsoever, and to be",2126
Act III,Scene II,Suffolk,Out of the king's protection. This is my charge.,2127
Act III,Scene II,Norfolk,And so we'll leave you to your meditations,2128
Act III,Scene II,Norfolk,How to live better. For your stubborn answer,2129
Act III,Scene II,Norfolk,"About the giving back the great seal to us,",2130
Act III,Scene II,Norfolk,"The king shall know it, and, no doubt, shall thank you.",2131
Act III,Scene II,Norfolk,"So fare you well, my little good lord cardinal.",2132
Act III,Scene II,[stage direction],Exeunt all but CARDINAL WOLSEY,NA
Act III,Scene II,Cardinal Wolsey,So farewell to the little good you bear me.,2133
Act III,Scene II,Cardinal Wolsey,"Farewell! a long farewell, to all my greatness!",2134
Act III,Scene II,Cardinal Wolsey,This is the state of man: to-day he puts forth,2135
Act III,Scene II,Cardinal Wolsey,"The tender leaves of hopes; to-morrow blossoms,",2136
Act III,Scene II,Cardinal Wolsey,And bears his blushing honours thick upon him;,2137
Act III,Scene II,Cardinal Wolsey,"The third day comes a frost, a killing frost,",2138
Act III,Scene II,Cardinal Wolsey,"And, when he thinks, good easy man, full surely",2139
Act III,Scene II,Cardinal Wolsey,"His greatness is a-ripening, nips his root,",2140
Act III,Scene II,Cardinal Wolsey,"And then he falls, as I do. I have ventured,",2141
Act III,Scene II,Cardinal Wolsey,"Like little wanton boys that swim on bladders,",2142
Act III,Scene II,Cardinal Wolsey,"This many summers in a sea of glory,",2143
Act III,Scene II,Cardinal Wolsey,But far beyond my depth: my high-blown pride,2144
Act III,Scene II,Cardinal Wolsey,"At length broke under me and now has left me,",2145
Act III,Scene II,Cardinal Wolsey,"Weary and old with service, to the mercy",2146
Act III,Scene II,Cardinal Wolsey,"Of a rude stream, that must for ever hide me.",2147
Act III,Scene II,Cardinal Wolsey,"Vain pomp and glory of this world, I hate ye:",2148
Act III,Scene II,Cardinal Wolsey,"I feel my heart new open'd. O, how wretched",2149
Act III,Scene II,Cardinal Wolsey,Is that poor man that hangs on princes' favours!,2150
Act III,Scene II,Cardinal Wolsey,"There is, betwixt that smile we would aspire to,",2151
Act III,Scene II,Cardinal Wolsey,"That sweet aspect of princes, and their ruin,",2152
Act III,Scene II,Cardinal Wolsey,More pangs and fears than wars or women have:,2153
Act III,Scene II,Cardinal Wolsey,"And when he falls, he falls like Lucifer,",2154
Act III,Scene II,Cardinal Wolsey,Never to hope again.,2155
Act III,Scene II,[stage direction],"Enter CROMWELL, and stands amazed",NA
Act III,Scene II,Cardinal Wolsey,"Why, how now, Cromwell!",2156
Act III,Scene II,Cromwell,"I have no power to speak, sir.",2157
Act III,Scene II,Cardinal Wolsey,"What, amazed",2158
Act III,Scene II,Cardinal Wolsey,At my misfortunes? can thy spirit wonder,2159
Act III,Scene II,Cardinal Wolsey,"A great man should decline? Nay, an you weep,",2160
Act III,Scene II,Cardinal Wolsey,I am fall'n indeed.,2161
Act III,Scene II,Cromwell,How does your grace?,2162
Act III,Scene II,Cardinal Wolsey,"Why, well;",2163
Act III,Scene II,Cardinal Wolsey,"Never so truly happy, my good Cromwell.",2164
Act III,Scene II,Cardinal Wolsey,I know myself now; and I feel within me,2165
Act III,Scene II,Cardinal Wolsey,"A peace above all earthly dignities,",2166
Act III,Scene II,Cardinal Wolsey,"A still and quiet conscience. The king has cured me,",2167
Act III,Scene II,Cardinal Wolsey,"I humbly thank his grace; and from these shoulders,",2168
Act III,Scene II,Cardinal Wolsey,"These ruin'd pillars, out of pity, taken",2169
Act III,Scene II,Cardinal Wolsey,"A load would sink a navy, too much honour:",2170
Act III,Scene II,Cardinal Wolsey,"O, 'tis a burthen, Cromwell, 'tis a burthen",2171
Act III,Scene II,Cardinal Wolsey,Too heavy for a man that hopes for heaven!,2172
Act III,Scene II,Cromwell,I am glad your grace has made that right use of it.,2173
Act III,Scene II,Cardinal Wolsey,"I hope I have: I am able now, methinks,",2174
Act III,Scene II,Cardinal Wolsey,"Out of a fortitude of soul I feel,",2175
Act III,Scene II,Cardinal Wolsey,To endure more miseries and greater far,2176
Act III,Scene II,Cardinal Wolsey,Than my weak-hearted enemies dare offer.,2177
Act III,Scene II,Cardinal Wolsey,What news abroad?,2178
Act III,Scene II,Cromwell,The heaviest and the worst,2179
Act III,Scene II,Cromwell,Is your displeasure with the king.,2180
Act III,Scene II,Cardinal Wolsey,God bless him!,2181
Act III,Scene II,Cromwell,"The next is, that Sir Thomas More is chosen",2182
Act III,Scene II,Cromwell,Lord chancellor in your place.,2183
Act III,Scene II,Cardinal Wolsey,That's somewhat sudden:,2184
Act III,Scene II,Cardinal Wolsey,But he's a learned man. May he continue,2185
Act III,Scene II,Cardinal Wolsey,"Long in his highness' favour, and do justice",2186
Act III,Scene II,Cardinal Wolsey,"For truth's sake and his conscience; that his bones,",2187
Act III,Scene II,Cardinal Wolsey,"When he has run his course and sleeps in blessings,",2188
Act III,Scene II,Cardinal Wolsey,May have a tomb of orphans' tears wept on em! What more?,2189
Act III,Scene II,Cromwell,"That Cranmer is return'd with welcome,",2190
Act III,Scene II,Cromwell,Install'd lord archbishop of Canterbury.,2191
Act III,Scene II,Cardinal Wolsey,That's news indeed.,2192
Act III,Scene II,Cromwell,"Last, that the Lady Anne,",2193
Act III,Scene II,Cromwell,"Whom the king hath in secrecy long married,",2194
Act III,Scene II,Cromwell,"This day was view'd in open as his queen,",2195
Act III,Scene II,Cromwell,Going to chapel; and the voice is now,2196
Act III,Scene II,Cromwell,Only about her coronation.,2197
Act III,Scene II,Cardinal Wolsey,"There was the weight that pull'd me down. O Cromwell,",2198
Act III,Scene II,Cardinal Wolsey,The king has gone beyond me: all my glories,2199
Act III,Scene II,Cardinal Wolsey,In that one woman I have lost for ever:,2200
Act III,Scene II,Cardinal Wolsey,"No sun shall ever usher forth mine honours,",2201
Act III,Scene II,Cardinal Wolsey,Or gild again the noble troops that waited,2202
Act III,Scene II,Cardinal Wolsey,"Upon my smiles. Go, get thee from me, Cromwell;",2203
Act III,Scene II,Cardinal Wolsey,"I am a poor fall'n man, unworthy now",2204
Act III,Scene II,Cardinal Wolsey,To be thy lord and master: seek the king;,2205
Act III,Scene II,Cardinal Wolsey,"That sun, I pray, may never set! I have told him",2206
Act III,Scene II,Cardinal Wolsey,What and how true thou art: he will advance thee;,2207
Act III,Scene II,Cardinal Wolsey,Some little memory of me will stir him--,2208
Act III,Scene II,Cardinal Wolsey,I know his noble nature--not to let,2209
Act III,Scene II,Cardinal Wolsey,"Thy hopeful service perish too: good Cromwell,",2210
Act III,Scene II,Cardinal Wolsey,"Neglect him not; make use now, and provide",2211
Act III,Scene II,Cardinal Wolsey,For thine own future safety.,2212
Act III,Scene II,Cromwell,"O my lord,",2213
Act III,Scene II,Cromwell,"Must I, then, leave you? must I needs forego",2214
Act III,Scene II,Cromwell,"So good, so noble and so true a master?",2215
Act III,Scene II,Cromwell,"Bear witness, all that have not hearts of iron,",2216
Act III,Scene II,Cromwell,With what a sorrow Cromwell leaves his lord.,2217
Act III,Scene II,Cromwell,The king shall have my service: but my prayers,2218
Act III,Scene II,Cromwell,For ever and for ever shall be yours.,2219
Act III,Scene II,Cardinal Wolsey,"Cromwell, I did not think to shed a tear",2220
Act III,Scene II,Cardinal Wolsey,"In all my miseries; but thou hast forced me,",2221
Act III,Scene II,Cardinal Wolsey,"Out of thy honest truth, to play the woman.",2222
Act III,Scene II,Cardinal Wolsey,"Let's dry our eyes: and thus far hear me, Cromwell;",2223
Act III,Scene II,Cardinal Wolsey,"And, when I am forgotten, as I shall be,",2224
Act III,Scene II,Cardinal Wolsey,"And sleep in dull cold marble, where no mention",2225
Act III,Scene II,Cardinal Wolsey,"Of me more must be heard of, say, I taught thee,",2226
Act III,Scene II,Cardinal Wolsey,"Say, Wolsey, that once trod the ways of glory,",2227
Act III,Scene II,Cardinal Wolsey,"And sounded all the depths and shoals of honour,",2228
Act III,Scene II,Cardinal Wolsey,"Found thee a way, out of his wreck, to rise in;",2229
Act III,Scene II,Cardinal Wolsey,"A sure and safe one, though thy master miss'd it.",2230
Act III,Scene II,Cardinal Wolsey,"Mark but my fall, and that that ruin'd me.",2231
Act III,Scene II,Cardinal Wolsey,"Cromwell, I charge thee, fling away ambition:",2232
Act III,Scene II,Cardinal Wolsey,"By that sin fell the angels; how can man, then,",2233
Act III,Scene II,Cardinal Wolsey,"The image of his Maker, hope to win by it?",2234
Act III,Scene II,Cardinal Wolsey,Love thyself last: cherish those hearts that hate thee;,2235
Act III,Scene II,Cardinal Wolsey,Corruption wins not more than honesty.,2236
Act III,Scene II,Cardinal Wolsey,"Still in thy right hand carry gentle peace,",2237
Act III,Scene II,Cardinal Wolsey,"To silence envious tongues. Be just, and fear not:",2238
Act III,Scene II,Cardinal Wolsey,"Let all the ends thou aim'st at be thy country's,",2239
Act III,Scene II,Cardinal Wolsey,"Thy God's, and truth's; then if thou fall'st,",2240
Act III,Scene II,Cardinal Wolsey,"O Cromwell,",2241
Act III,Scene II,Cardinal Wolsey,Thou fall'st a blessed martyr! Serve the king;,2242
Act III,Scene II,Cardinal Wolsey,"And,--prithee, lead me in:",2243
Act III,Scene II,Cardinal Wolsey,"There take an inventory of all I have,",2244
Act III,Scene II,Cardinal Wolsey,"To the last penny; 'tis the king's: my robe,",2245
Act III,Scene II,Cardinal Wolsey,"And my integrity to heaven, is all",2246
Act III,Scene II,Cardinal Wolsey,"I dare now call mine own. O Cromwell, Cromwell!",2247
Act III,Scene II,Cardinal Wolsey,Had I but served my God with half the zeal,2248
Act III,Scene II,Cardinal Wolsey,"I served my king, he would not in mine age",2249
Act III,Scene II,Cardinal Wolsey,Have left me naked to mine enemies.,2250
Act III,Scene II,Cromwell,"Good sir, have patience.",2251
Act III,Scene II,Cardinal Wolsey,So I have. Farewell,2252
Act III,Scene II,Cardinal Wolsey,The hopes of court! my hopes in heaven do dwell.,2253
Act III,Scene II,[stage direction],Exeunt,NA
Act IV,Scene I,[stage direction],"Enter two Gentlemen, meeting one another",NA
Act IV,Scene I,First Gentleman,You're well met once again.,2254
Act IV,Scene I,Second Gentleman,So are you.,2255
Act IV,Scene I,First Gentleman,"You come to take your stand here, and behold",2256
Act IV,Scene I,First Gentleman,The Lady Anne pass from her coronation?,2257
Act IV,Scene I,Second Gentleman,"'Tis all my business. At our last encounter,",2258
Act IV,Scene I,Second Gentleman,The Duke of Buckingham came from his trial.,2259
Act IV,Scene I,First Gentleman,'Tis very true: but that time offer'd sorrow;,2260
Act IV,Scene I,First Gentleman,"This, general joy.",2261
Act IV,Scene I,Second Gentleman,"'Tis well: the citizens,",2262
Act IV,Scene I,Second Gentleman,"I am sure, have shown at full their royal minds--",2263
Act IV,Scene I,Second Gentleman,"As, let 'em have their rights, they are ever forward--",2264
Act IV,Scene I,Second Gentleman,"In celebration of this day with shows,",2265
Act IV,Scene I,Second Gentleman,Pageants and sights of honour.,2266
Act IV,Scene I,First Gentleman,"Never greater,",2267
Act IV,Scene I,First Gentleman,"Nor, I'll assure you, better taken, sir.",2268
Act IV,Scene I,Second Gentleman,"May I be bold to ask at what that contains,",2269
Act IV,Scene I,Second Gentleman,That paper in your hand?,2270
Act IV,Scene I,First Gentleman,Yes; 'tis the list,2271
Act IV,Scene I,First Gentleman,Of those that claim their offices this day,2272
Act IV,Scene I,First Gentleman,By custom of the coronation.,2273
Act IV,Scene I,First Gentleman,"The Duke of Suffolk is the first, and claims",2274
Act IV,Scene I,First Gentleman,"To be high-steward; next, the Duke of Norfolk,",2275
Act IV,Scene I,First Gentleman,He to be earl marshal: you may read the rest.,2276
Act IV,Scene I,Second Gentleman,"I thank you, sir: had I not known those customs,",2277
Act IV,Scene I,Second Gentleman,I should have been beholding to your paper.,2278
Act IV,Scene I,Second Gentleman,"But, I beseech you, what's become of Katharine,",2279
Act IV,Scene I,Second Gentleman,The princess dowager? how goes her business?,2280
Act IV,Scene I,First Gentleman,That I can tell you too. The Archbishop,2281
Act IV,Scene I,First Gentleman,"Of Canterbury, accompanied with other",2282
Act IV,Scene I,First Gentleman,"Learned and reverend fathers of his order,",2283
Act IV,Scene I,First Gentleman,"Held a late court at Dunstable, six miles off",2284
Act IV,Scene I,First Gentleman,From Ampthill where the princess lay; to which,2285
Act IV,Scene I,First Gentleman,"She was often cited by them, but appear'd not:",2286
Act IV,Scene I,First Gentleman,"And, to be short, for not appearance and",2287
Act IV,Scene I,First Gentleman,"The king's late scruple, by the main assent",2288
Act IV,Scene I,First Gentleman,"Of all these learned men she was divorced,",2289
Act IV,Scene I,First Gentleman,And the late marriage made of none effect,2290
Act IV,Scene I,First Gentleman,"Since which she was removed to Kimbolton,",2291
Act IV,Scene I,First Gentleman,Where she remains now sick.,2292
Act IV,Scene I,Second Gentleman,"Alas, good lady!",2293
Act IV,Scene I,[stage direction],Trumpets,NA
Act IV,Scene I,Second Gentleman,"The trumpets sound: stand close, the queen is coming.",2294
Act IV,Scene I,[stage direction],Hautboys,NA
Act IV,Scene I,[stage direction],THE ORDER OF THE CORONATION,NA
Act IV,Scene I,Second Gentleman,1. A lively flourish of Trumpets.,2295
Act IV,Scene I,Second Gentleman,"2. Then, two Judges.",2296
Act IV,Scene I,Second Gentleman,"3. Lord Chancellor, with the purse and mace",2297
Act IV,Scene I,Second Gentleman,before him.,2298
Act IV,Scene I,Second Gentleman,"4. Choristers, singing.",2299
Act IV,Scene I,[stage direction],Music,NA
Act IV,Scene I,Second Gentleman,"5. Mayor of London, bearing the mace. Then",2300
Act IV,Scene I,Second Gentleman,"Garter, in his coat of arms, and on his",2301
Act IV,Scene I,Second Gentleman,head a gilt copper crown.,2302
Act IV,Scene I,Second Gentleman,"6. Marquess Dorset, bearing a sceptre of gold,",2303
Act IV,Scene I,Second Gentleman,on his head a demi-coronal of gold. With,2304
Act IV,Scene I,Second Gentleman,"him, SURREY, bearing the rod of silver with",2305
Act IV,Scene I,Second Gentleman,"the dove, crowned with an earl's coronet.",2306
Act IV,Scene I,Second Gentleman,Collars of SS.,2307
Act IV,Scene I,Second Gentleman,"7. SUFFOLK, in his robe of estate, his coronet",2308
Act IV,Scene I,Second Gentleman,"on his head, bearing a long white wand, as",2309
Act IV,Scene I,Second Gentleman,"high-steward. With him, NORFOLK, with the",2310
Act IV,Scene I,Second Gentleman,"rod of marshalship, a coronet on his head.",2311
Act IV,Scene I,Second Gentleman,Collars of SS.,2312
Act IV,Scene I,Second Gentleman,8. A canopy borne by four of the Cinque-ports;,2313
Act IV,Scene I,Second Gentleman,"under it, QUEEN ANNE in her robe; in her hair",2314
Act IV,Scene I,Second Gentleman,"richly adorned with pearl, crowned. On each",2315
Act IV,Scene I,Second Gentleman,"side her, the Bishops of London and",2316
Act IV,Scene I,Second Gentleman,Winchester.,2317
Act IV,Scene I,Second Gentleman,"9. The old Duchess of Norfolk, in a coronal of",2318
Act IV,Scene I,Second Gentleman,"gold, wrought with flowers, bearing QUEEN",2319
Act IV,Scene I,Second Gentleman,ANNE's train.,2320
Act IV,Scene I,Second Gentleman,"10. Certain Ladies or Countesses, with plain",2321
Act IV,Scene I,Second Gentleman,circlets of gold without flowers.,2322
Act IV,Scene I,[stage direction],They pass over the stage in order and state,NA
Act IV,Scene I,Second Gentleman,"A royal train, believe me. These I know:",2323
Act IV,Scene I,Second Gentleman,Who's that that bears the sceptre?,2324
Act IV,Scene I,First Gentleman,Marquess Dorset:,2325
Act IV,Scene I,First Gentleman,"And that the Earl of Surrey, with the rod.",2326
Act IV,Scene I,Second Gentleman,A bold brave gentleman. That should be,2327
Act IV,Scene I,Second Gentleman,The Duke of Suffolk?,2328
Act IV,Scene I,First Gentleman,'Tis the same: high-steward.,2329
Act IV,Scene I,Second Gentleman,And that my Lord of Norfolk?,2330
Act IV,Scene I,First Gentleman,Yes;,2331
Act IV,Scene I,Second Gentleman,Heaven bless thee!,2332
Act IV,Scene I,[stage direction],Looking on QUEEN ANNE,NA
Act IV,Scene I,Second Gentleman,Thou hast the sweetest face I ever look'd on.,2333
Act IV,Scene I,Second Gentleman,"Sir, as I have a soul, she is an angel;",2334
Act IV,Scene I,Second Gentleman,"Our king has all the Indies in his arms,",2335
Act IV,Scene I,Second Gentleman,"And more and richer, when he strains that lady:",2336
Act IV,Scene I,Second Gentleman,I cannot blame his conscience.,2337
Act IV,Scene I,First Gentleman,They that bear,2338
Act IV,Scene I,First Gentleman,"The cloth of honour over her, are four barons",2339
Act IV,Scene I,First Gentleman,Of the Cinque-ports.,2340
Act IV,Scene I,Second Gentleman,Those men are happy; and so are all are near her.,2341
Act IV,Scene I,Second Gentleman,"I take it, she that carries up the train",2342
Act IV,Scene I,Second Gentleman,"Is that old noble lady, Duchess of Norfolk.",2343
Act IV,Scene I,First Gentleman,It is; and all the rest are countesses.,2344
Act IV,Scene I,Second Gentleman,Their coronets say so. These are stars indeed;,2345
Act IV,Scene I,Second Gentleman,And sometimes falling ones.,2346
Act IV,Scene I,First Gentleman,No more of that.,2347
Act IV,Scene I,[stage direction],"Exit procession, and then a great flourish of trumpets",NA
Act IV,Scene I,[stage direction],Enter a third Gentleman,NA
Act IV,Scene I,First Gentleman,"God save you, sir! where have you been broiling?",2348
Act IV,Scene I,Third Gentleman,Among the crowd i' the Abbey; where a finger,2349
Act IV,Scene I,Third Gentleman,Could not be wedged in more: I am stifled,2350
Act IV,Scene I,Third Gentleman,With the mere rankness of their joy.,2351
Act IV,Scene I,Second Gentleman,You saw,2352
Act IV,Scene I,Second Gentleman,The ceremony?,2353
Act IV,Scene I,Third Gentleman,That I did.,2354
Act IV,Scene I,First Gentleman,How was it?,2355
Act IV,Scene I,Third Gentleman,Well worth the seeing.,2356
Act IV,Scene I,Second Gentleman,"Good sir, speak it to us.",2357
Act IV,Scene I,Third Gentleman,As well as I am able. The rich stream,2358
Act IV,Scene I,Third Gentleman,"Of lords and ladies, having brought the queen",2359
Act IV,Scene I,Third Gentleman,"To a prepared place in the choir, fell off",2360
Act IV,Scene I,Third Gentleman,A distance from her; while her grace sat down,2361
Act IV,Scene I,Third Gentleman,"To rest awhile, some half an hour or so,",2362
Act IV,Scene I,Third Gentleman,"In a rich chair of state, opposing freely",2363
Act IV,Scene I,Third Gentleman,The beauty of her person to the people.,2364
Act IV,Scene I,Third Gentleman,"Believe me, sir, she is the goodliest woman",2365
Act IV,Scene I,Third Gentleman,That ever lay by man: which when the people,2366
Act IV,Scene I,Third Gentleman,"Had the full view of, such a noise arose",2367
Act IV,Scene I,Third Gentleman,"As the shrouds make at sea in a stiff tempest,",2368
Act IV,Scene I,Third Gentleman,"As loud, and to as many tunes: hats, cloaks--",2369
Act IV,Scene I,Third Gentleman,"Doublets, I think,--flew up; and had their faces",2370
Act IV,Scene I,Third Gentleman,"Been loose, this day they had been lost. Such joy",2371
Act IV,Scene I,Third Gentleman,"I never saw before. Great-bellied women,",2372
Act IV,Scene I,Third Gentleman,"That had not half a week to go, like rams",2373
Act IV,Scene I,Third Gentleman,"In the old time of war, would shake the press,",2374
Act IV,Scene I,Third Gentleman,And make 'em reel before 'em. No man living,2375
Act IV,Scene I,Third Gentleman,Could say 'This is my wife' there; all were woven,2376
Act IV,Scene I,Third Gentleman,So strangely in one piece.,2377
Act IV,Scene I,Second Gentleman,"But, what follow'd?",2378
Act IV,Scene I,Third Gentleman,"At length her grace rose, and with modest paces",2379
Act IV,Scene I,Third Gentleman,"Came to the altar; where she kneel'd, and saint-like",2380
Act IV,Scene I,Third Gentleman,Cast her fair eyes to heaven and pray'd devoutly.,2381
Act IV,Scene I,Third Gentleman,Then rose again and bow'd her to the people:,2382
Act IV,Scene I,Third Gentleman,When by the Archbishop of Canterbury,2383
Act IV,Scene I,Third Gentleman,She had all the royal makings of a queen;,2384
Act IV,Scene I,Third Gentleman,"As holy oil, Edward Confessor's crown,",2385
Act IV,Scene I,Third Gentleman,"The rod, and bird of peace, and all such emblems",2386
Act IV,Scene I,Third Gentleman,"Laid nobly on her: which perform'd, the choir,",2387
Act IV,Scene I,Third Gentleman,"With all the choicest music of the kingdom,",2388
Act IV,Scene I,Third Gentleman,"Together sung 'Te Deum.' So she parted,",2389
Act IV,Scene I,Third Gentleman,And with the same full state paced back again,2390
Act IV,Scene I,Third Gentleman,"To York-place, where the feast is held.",2391
Act IV,Scene I,First Gentleman,"Sir,",2392
Act IV,Scene I,First Gentleman,"You must no more call it York-place, that's past;",2393
Act IV,Scene I,First Gentleman,"For, since the cardinal fell, that title's lost:",2394
Act IV,Scene I,First Gentleman,"'Tis now the king's, and call'd Whitehall.",2395
Act IV,Scene I,Third Gentleman,I know it;,2396
Act IV,Scene I,Third Gentleman,"But 'tis so lately alter'd, that the old name",2397
Act IV,Scene I,Third Gentleman,Is fresh about me.,2398
Act IV,Scene I,Second Gentleman,What two reverend bishops,2399
Act IV,Scene I,Second Gentleman,Were those that went on each side of the queen?,2400
Act IV,Scene I,Third Gentleman,"Stokesly and Gardiner; the one of Winchester,",2401
Act IV,Scene I,Third Gentleman,"Newly preferr'd from the king's secretary,",2402
Act IV,Scene I,Third Gentleman,"The other, London.",2403
Act IV,Scene I,Second Gentleman,He of Winchester,2404
Act IV,Scene I,Second Gentleman,"Is held no great good lover of the archbishop's,",2405
Act IV,Scene I,Second Gentleman,The virtuous Cranmer.,2406
Act IV,Scene I,Third Gentleman,All the land knows that:,2407
Act IV,Scene I,Third Gentleman,"However, yet there is no great breach; when it comes,",2408
Act IV,Scene I,Third Gentleman,Cranmer will find a friend will not shrink from him.,2409
Act IV,Scene I,Second Gentleman,"Who may that be, I pray you?",2410
Act IV,Scene I,Third Gentleman,Thomas Cromwell;,2411
Act IV,Scene I,Third Gentleman,"A man in much esteem with the king, and truly",2412
Act IV,Scene I,Third Gentleman,A worthy friend. The king has made him master,2413
Act IV,Scene I,Third Gentleman,"O' the jewel house,",2414
Act IV,Scene I,Third Gentleman,"And one, already, of the privy council.",2415
Act IV,Scene I,Second Gentleman,He will deserve more.,2416
Act IV,Scene I,Third Gentleman,"Yes, without all doubt.",2417
Act IV,Scene I,Third Gentleman,"Come, gentlemen, ye shall go my way, which",2418
Act IV,Scene I,Third Gentleman,"Is to the court, and there ye shall be my guests:",2419
Act IV,Scene I,Third Gentleman,"Something I can command. As I walk thither,",2420
Act IV,Scene I,Third Gentleman,I'll tell ye more.,2421
Act IV,Scene I,Both,"You may command us, sir.",2422
Act IV,Scene I,[stage direction],Exeunt,NA
Act IV,Scene II,[stage direction],"Enter KATHARINE, Dowager, sick; led between GRIFFITH, her gentleman usher, and PATIENCE, her woman",NA
Act IV,Scene II,Griffith,How does your grace?,2423
Act IV,Scene II,Katharine,"O Griffith, sick to death!",2424
Act IV,Scene II,Katharine,"My legs, like loaden branches, bow to the earth,",2425
Act IV,Scene II,Katharine,Willing to leave their burthen. Reach a chair:,2426
Act IV,Scene II,Katharine,"So; now, methinks, I feel a little ease.",2427
Act IV,Scene II,Katharine,"Didst thou not tell me, Griffith, as thou led'st me,",2428
Act IV,Scene II,Katharine,"That the great child of honour, Cardinal Wolsey, Was dead?",2429
Act IV,Scene II,Griffith,"Yes, madam; but I think your grace,",2430
Act IV,Scene II,Griffith,"Out of the pain you suffer'd, gave no ear to't.",2431
Act IV,Scene II,Katharine,"Prithee, good Griffith, tell me how he died:",2432
Act IV,Scene II,Katharine,"If well, he stepp'd before me, happily",2433
Act IV,Scene II,Katharine,For my example.,2434
Act IV,Scene II,Griffith,"Well, the voice goes, madam:",2435
Act IV,Scene II,Griffith,For after the stout Earl Northumberland,2436
Act IV,Scene II,Griffith,"Arrested him at York, and brought him forward,",2437
Act IV,Scene II,Griffith,"As a man sorely tainted, to his answer,",2438
Act IV,Scene II,Griffith,"He fell sick suddenly, and grew so ill",2439
Act IV,Scene II,Griffith,He could not sit his mule.,2440
Act IV,Scene II,Katharine,"Alas, poor man!",2441
Act IV,Scene II,Griffith,"At last, with easy roads, he came to Leicester,",2442
Act IV,Scene II,Griffith,"Lodged in the abbey; where the reverend abbot,",2443
Act IV,Scene II,Griffith,"With all his covent, honourably received him;",2444
Act IV,Scene II,Griffith,"To whom he gave these words, 'O, father abbot,",2445
Act IV,Scene II,Griffith,"An old man, broken with the storms of state,",2446
Act IV,Scene II,Griffith,Is come to lay his weary bones among ye;,2447
Act IV,Scene II,Griffith,Give him a little earth for charity!',2448
Act IV,Scene II,Griffith,So went to bed; where eagerly his sickness,2449
Act IV,Scene II,Griffith,"Pursued him still: and, three nights after this,",2450
Act IV,Scene II,Griffith,"About the hour of eight, which he himself",2451
Act IV,Scene II,Griffith,"Foretold should be his last, full of repentance,",2452
Act IV,Scene II,Griffith,"Continual meditations, tears, and sorrows,",2453
Act IV,Scene II,Griffith,"He gave his honours to the world again,",2454
Act IV,Scene II,Griffith,"His blessed part to heaven, and slept in peace.",2455
Act IV,Scene II,Katharine,So may he rest; his faults lie gently on him!,2456
Act IV,Scene II,Katharine,"Yet thus far, Griffith, give me leave to speak him,",2457
Act IV,Scene II,Katharine,And yet with charity. He was a man,2458
Act IV,Scene II,Katharine,"Of an unbounded stomach, ever ranking",2459
Act IV,Scene II,Katharine,"Himself with princes; one that, by suggestion,",2460
Act IV,Scene II,Katharine,Tied all the kingdom: simony was fair-play;,2461
Act IV,Scene II,Katharine,His own opinion was his law: i' the presence,2462
Act IV,Scene II,Katharine,He would say untruths; and be ever double,2463
Act IV,Scene II,Katharine,"Both in his words and meaning: he was never,",2464
Act IV,Scene II,Katharine,"But where he meant to ruin, pitiful:",2465
Act IV,Scene II,Katharine,"His promises were, as he then was, mighty;",2466
Act IV,Scene II,Katharine,"But his performance, as he is now, nothing:",2467
Act IV,Scene II,Katharine,"Of his own body he was ill, and gave",2468
Act IV,Scene II,Katharine,The clergy in example.,2469
Act IV,Scene II,Griffith,"Noble madam,",2470
Act IV,Scene II,Griffith,Men's evil manners live in brass; their virtues,2471
Act IV,Scene II,Griffith,We write in water. May it please your highness,2472
Act IV,Scene II,Griffith,To hear me speak his good now?,2473
Act IV,Scene II,Katharine,"Yes, good Griffith;",2474
Act IV,Scene II,Katharine,I were malicious else.,2475
Act IV,Scene II,Griffith,"This cardinal,",2476
Act IV,Scene II,Griffith,"Though from an humble stock, undoubtedly",2477
Act IV,Scene II,Griffith,Was fashion'd to much honour from his cradle.,2478
Act IV,Scene II,Griffith,"He was a scholar, and a ripe and good one;",2479
Act IV,Scene II,Griffith,"Exceeding wise, fair-spoken, and persuading:",2480
Act IV,Scene II,Griffith,Lofty and sour to them that loved him not;,2481
Act IV,Scene II,Griffith,But to those men that sought him sweet as summer.,2482
Act IV,Scene II,Griffith,"And though he were unsatisfied in getting,",2483
Act IV,Scene II,Griffith,"Which was a sin, yet in bestowing, madam,",2484
Act IV,Scene II,Griffith,He was most princely: ever witness for him,2485
Act IV,Scene II,Griffith,"Those twins Of learning that he raised in you,",2486
Act IV,Scene II,Griffith,"Ipswich and Oxford! one of which fell with him,",2487
Act IV,Scene II,Griffith,Unwilling to outlive the good that did it;,2488
Act IV,Scene II,Griffith,"The other, though unfinish'd, yet so famous,",2489
Act IV,Scene II,Griffith,"So excellent in art, and still so rising,",2490
Act IV,Scene II,Griffith,That Christendom shall ever speak his virtue.,2491
Act IV,Scene II,Griffith,His overthrow heap'd happiness upon him;,2492
Act IV,Scene II,Griffith,"For then, and not till then, he felt himself,",2493
Act IV,Scene II,Griffith,And found the blessedness of being little:,2494
Act IV,Scene II,Griffith,"And, to add greater honours to his age",2495
Act IV,Scene II,Griffith,"Than man could give him, he died fearing God.",2496
Act IV,Scene II,Katharine,"After my death I wish no other herald,",2497
Act IV,Scene II,Katharine,"No other speaker of my living actions,",2498
Act IV,Scene II,Katharine,"To keep mine honour from corruption,",2499
Act IV,Scene II,Katharine,But such an honest chronicler as Griffith.,2500
Act IV,Scene II,Katharine,"Whom I most hated living, thou hast made me,",2501
Act IV,Scene II,Katharine,"With thy religious truth and modesty,",2502
Act IV,Scene II,Katharine,Now in his ashes honour: peace be with him!,2503
Act IV,Scene II,Katharine,"Patience, be near me still; and set me lower:",2504
Act IV,Scene II,Katharine,"I have not long to trouble thee. Good Griffith,",2505
Act IV,Scene II,Katharine,Cause the musicians play me that sad note,2506
Act IV,Scene II,Katharine,"I named my knell, whilst I sit meditating",2507
Act IV,Scene II,Katharine,On that celestial harmony I go to.,2508
Act IV,Scene II,[stage direction],Sad and solemn music,NA
Act IV,Scene II,Griffith,"She is asleep: good wench, let's sit down quiet,",2509
Act IV,Scene II,Griffith,"For fear we wake her: softly, gentle Patience.",2510
Act IV,Scene II,[stage direction],"The vision. Enter, solemnly tripping one after  another, six personages, clad in white robes,  wearing on their heads garlands of bays, and golden  vizards on their faces; branches of bays or palm in  their hands. They first congee unto her, then  dance; and, at certain changes, the first two hold  a spare garland over her head; at which the other  four make reverent curtsies; then the two that held  the garland deliver the same to the other next two,  who observe the same order in their changes, and  holding the garland over her head: which done,  they deliver the same garland to the last two, who  likewise observe the same order: at which, as it  were by inspiration, she makes in her sleep signs  of rejoicing, and holdeth up her hands to heaven:  and so in their dancing vanish, carrying the garland with them. The music continues",NA
Act IV,Scene II,Katharine,"Spirits of peace, where are ye? are ye all gone,",2511
Act IV,Scene II,Katharine,And leave me here in wretchedness behind ye?,2512
Act IV,Scene II,Griffith,"Madam, we are here.",2513
Act IV,Scene II,Katharine,It is not you I call for:,2514
Act IV,Scene II,Katharine,Saw ye none enter since I slept?,2515
Act IV,Scene II,Griffith,"None, madam.",2516
Act IV,Scene II,Katharine,"No? Saw you not, even now, a blessed troop",2517
Act IV,Scene II,Katharine,Invite me to a banquet; whose bright faces,2518
Act IV,Scene II,Katharine,"Cast thousand beams upon me, like the sun?",2519
Act IV,Scene II,Katharine,They promised me eternal happiness;,2520
Act IV,Scene II,Katharine,"And brought me garlands, Griffith, which I feel",2521
Act IV,Scene II,Katharine,"I am not worthy yet to wear: I shall, assuredly.",2522
Act IV,Scene II,Griffith,"I am most joyful, madam, such good dreams",2523
Act IV,Scene II,Griffith,Possess your fancy.,2524
Act IV,Scene II,Katharine,"Bid the music leave,",2525
Act IV,Scene II,Katharine,They are harsh and heavy to me.,2526
Act IV,Scene II,[stage direction],Music ceases,NA
Act IV,Scene II,Patience,Do you note,2527
Act IV,Scene II,Patience,How much her grace is alter'd on the sudden?,2528
Act IV,Scene II,Patience,"How long her face is drawn? how pale she looks,",2529
Act IV,Scene II,Patience,And of an earthy cold? Mark her eyes!,2530
Act IV,Scene II,Griffith,"She is going, wench: pray, pray.",2531
Act IV,Scene II,Patience,Heaven comfort her!,2532
Act IV,Scene II,[stage direction],Enter a Messenger,NA
Act IV,Scene II,Messenger,"An't like your grace,--",2533
Act IV,Scene II,Katharine,You are a saucy fellow:,2534
Act IV,Scene II,Katharine,Deserve we no more reverence?,2535
Act IV,Scene II,Griffith,"You are to blame,",2536
Act IV,Scene II,Griffith,"Knowing she will not lose her wonted greatness,",2537
Act IV,Scene II,Griffith,"To use so rude behavior; go to, kneel.",2538
Act IV,Scene II,Messenger,I humbly do entreat your highness' pardon;,2539
Act IV,Scene II,Messenger,My haste made me unmannerly. There is staying,2540
Act IV,Scene II,Messenger,"A gentleman, sent from the king, to see you.",2541
Act IV,Scene II,Katharine,"Admit him entrance, Griffith: but this fellow",2542
Act IV,Scene II,Katharine,Let me ne'er see again.,2543
Act IV,Scene II,[stage direction],Exeunt GRIFFITH and Messenger,NA
Act IV,Scene II,[stage direction],"Re-enter GRIFFITH, with CAPUCIUS",NA
Act IV,Scene II,Katharine,"If my sight fail not,",2544
Act IV,Scene II,Katharine,"You should be lord ambassador from the emperor,",2545
Act IV,Scene II,Katharine,"My royal nephew, and your name Capucius.",2546
Act IV,Scene II,Capucius,"Madam, the same; your servant.",2547
Act IV,Scene II,Katharine,"O, my lord,",2548
Act IV,Scene II,Katharine,The times and titles now are alter'd strangely,2549
Act IV,Scene II,Katharine,"With me since first you knew me. But, I pray you,",2550
Act IV,Scene II,Katharine,What is your pleasure with me?,2551
Act IV,Scene II,Capucius,"Noble lady,",2552
Act IV,Scene II,Capucius,"First mine own service to your grace; the next,",2553
Act IV,Scene II,Capucius,The king's request that I would visit you;,2554
Act IV,Scene II,Capucius,"Who grieves much for your weakness, and by me",2555
Act IV,Scene II,Capucius,"Sends you his princely commendations,",2556
Act IV,Scene II,Capucius,And heartily entreats you take good comfort.,2557
Act IV,Scene II,Katharine,"O my good lord, that comfort comes too late;",2558
Act IV,Scene II,Katharine,'Tis like a pardon after execution:,2559
Act IV,Scene II,Katharine,"That gentle physic, given in time, had cured me;",2560
Act IV,Scene II,Katharine,"But now I am past an comforts here, but prayers.",2561
Act IV,Scene II,Katharine,How does his highness?,2562
Act IV,Scene II,Capucius,"Madam, in good health.",2563
Act IV,Scene II,Katharine,"So may he ever do! and ever flourish,",2564
Act IV,Scene II,Katharine,"When I shal l dwell with worms, and my poor name",2565
Act IV,Scene II,Katharine,"Banish'd the kingdom! Patience, is that letter,",2566
Act IV,Scene II,Katharine,"I caused you write, yet sent away?",2567
Act IV,Scene II,Patience,"No, madam.",2568
Act IV,Scene II,[stage direction],Giving it to KATHARINE,NA
Act IV,Scene II,Katharine,"Sir, I most humbly pray you to deliver",2569
Act IV,Scene II,Katharine,This to my lord the king.,2570
Act IV,Scene II,Capucius,"Most willing, madam.",2571
Act IV,Scene II,Katharine,In which I have commended to his goodness,2572
Act IV,Scene II,Katharine,"The model of our chaste loves, his young daughter;",2573
Act IV,Scene II,Katharine,The dews of heaven fall thick in blessings on her!,2574
Act IV,Scene II,Katharine,Beseeching him to give her virtuous breeding--,2575
Act IV,Scene II,Katharine,"She is young, and of a noble modest nature,",2576
Act IV,Scene II,Katharine,"I hope she will deserve well,--and a little",2577
Act IV,Scene II,Katharine,"To love her for her mother's sake, that loved him,",2578
Act IV,Scene II,Katharine,Heaven knows how dearly. My next poor petition,2579
Act IV,Scene II,Katharine,"Is, that his noble grace would have some pity",2580
Act IV,Scene II,Katharine,"Upon my wretched women, that so long",2581
Act IV,Scene II,Katharine,Have follow'd both my fortunes faithfully:,2582
Act IV,Scene II,Katharine,"Of which there is not one, I dare avow,",2583
Act IV,Scene II,Katharine,"And now I should not lie, but will deserve",2584
Act IV,Scene II,Katharine,"For virtue and true beauty of the soul,",2585
Act IV,Scene II,Katharine,"For honesty and decent carriage,",2586
Act IV,Scene II,Katharine,"A right good husband, let him be a noble",2587
Act IV,Scene II,Katharine,"And, sure, those men are happy that shall have 'em.",2588
Act IV,Scene II,Katharine,"The last is, for my men; they are the poorest,",2589
Act IV,Scene II,Katharine,But poverty could never draw 'em from me;,2590
Act IV,Scene II,Katharine,"That they may have their wages duly paid 'em,",2591
Act IV,Scene II,Katharine,And something over to remember me by:,2592
Act IV,Scene II,Katharine,If heaven had pleased to have given me longer life,2593
Act IV,Scene II,Katharine,"And able means, we had not parted thus.",2594
Act IV,Scene II,Katharine,"These are the whole contents: and, good my lord,",2595
Act IV,Scene II,Katharine,"By that you love the dearest in this world,",2596
Act IV,Scene II,Katharine,"As you wish Christian peace to souls departed,",2597
Act IV,Scene II,Katharine,"Stand these poor people's friend, and urge the king",2598
Act IV,Scene II,Katharine,To do me this last right.,2599
Act IV,Scene II,Capucius,"By heaven, I will,",2600
Act IV,Scene II,Capucius,Or let me lose the fashion of a man!,2601
Act IV,Scene II,Katharine,"I thank you, honest lord. Remember me",2602
Act IV,Scene II,Katharine,In all humility unto his highness:,2603
Act IV,Scene II,Katharine,Say his long trouble now is passing,2604
Act IV,Scene II,Katharine,"Out of this world; tell him, in death I bless'd him,",2605
Act IV,Scene II,Katharine,"For so I will. Mine eyes grow dim. Farewell,",2606
Act IV,Scene II,Katharine,"My lord. Griffith, farewell. Nay, Patience,",2607
Act IV,Scene II,Katharine,You must not leave me yet: I must to bed;,2608
Act IV,Scene II,Katharine,"Call in more women. When I am dead, good wench,",2609
Act IV,Scene II,Katharine,Let me be used with honour: strew me over,2610
Act IV,Scene II,Katharine,"With maiden flowers, that all the world may know",2611
Act IV,Scene II,Katharine,"I was a chaste wife to my grave: embalm me,",2612
Act IV,Scene II,Katharine,"Then lay me forth: although unqueen'd, yet like",2613
Act IV,Scene II,Katharine,"A queen, and daughter to a king, inter me.",2614
Act IV,Scene II,Katharine,I can no more.,2615
Act IV,Scene II,[stage direction],"Exeunt, leading KATHARINE",NA
Act V,Scene I,[stage direction],"Enter GARDINER, Bishop of Winchester, a Page with a torch before him, met by LOVELL",NA
Act V,Scene I,Gardiner,"It's one o'clock, boy, is't not?",2616
Act V,Scene I,Boy,It hath struck.,2617
Act V,Scene I,Gardiner,"These should be hours for necessities,",2618
Act V,Scene I,Gardiner,Not for delights; times to repair our nature,2619
Act V,Scene I,Gardiner,"With comforting repose, and not for us",2620
Act V,Scene I,Gardiner,"To waste these times. Good hour of night, Sir Thomas!",2621
Act V,Scene I,Gardiner,Whither so late?,2622
Act V,Scene I,Lovell,"Came you from the king, my lord",2623
Act V,Scene I,Gardiner,"I did, Sir Thomas: and left him at primero",2624
Act V,Scene I,Gardiner,With the Duke of Suffolk.,2625
Act V,Scene I,Lovell,"I must to him too,",2626
Act V,Scene I,Lovell,Before he go to bed. I'll take my leave.,2627
Act V,Scene I,Gardiner,"Not yet, Sir Thomas Lovell. What's the matter?",2628
Act V,Scene I,Gardiner,It seems you are in haste: an if there be,2629
Act V,Scene I,Gardiner,"No great offence belongs to't, give your friend",2630
Act V,Scene I,Gardiner,"Some touch of your late business: affairs, that walk,",2631
Act V,Scene I,Gardiner,"As they say spirits do, at midnight, have",2632
Act V,Scene I,Gardiner,In them a wilder nature than the business,2633
Act V,Scene I,Gardiner,That seeks dispatch by day.,2634
Act V,Scene I,Lovell,"My lord, I love you;",2635
Act V,Scene I,Lovell,And durst commend a secret to your ear,2636
Act V,Scene I,Lovell,"Much weightier than this work. The queen's in labour,",2637
Act V,Scene I,Lovell,"They say, in great extremity; and fear'd",2638
Act V,Scene I,Lovell,She'll with the labour end.,2639
Act V,Scene I,Gardiner,The fruit she goes with,2640
Act V,Scene I,Gardiner,"I pray for heartily, that it may find",2641
Act V,Scene I,Gardiner,"Good time, and live: but for the stock, Sir Thomas,",2642
Act V,Scene I,Gardiner,I wish it grubb'd up now.,2643
Act V,Scene I,Lovell,Methinks I could,2644
Act V,Scene I,Lovell,Cry the amen; and yet my conscience says,2645
Act V,Scene I,Lovell,"She's a good creature, and, sweet lady, does",2646
Act V,Scene I,Lovell,Deserve our better wishes.,2647
Act V,Scene I,Gardiner,"But, sir, sir,",2648
Act V,Scene I,Gardiner,"Hear me, Sir Thomas: you're a gentleman",2649
Act V,Scene I,Gardiner,"Of mine own way; I know you wise, religious;",2650
Act V,Scene I,Gardiner,"And, let me tell you, it will ne'er be well,",2651
Act V,Scene I,Gardiner,"'Twill not, Sir Thomas Lovell, take't of me,",2652
Act V,Scene I,Gardiner,"Till Cranmer, Cromwell, her two hands, and she,",2653
Act V,Scene I,Gardiner,Sleep in their graves.,2654
Act V,Scene I,Lovell,"Now, sir, you speak of two",2655
Act V,Scene I,Lovell,"The most remark'd i' the kingdom. As for Cromwell,",2656
Act V,Scene I,Lovell,"Beside that of the jewel house, is made master",2657
Act V,Scene I,Lovell,"O' the rolls, and the king's secretary; further, sir,",2658
Act V,Scene I,Lovell,"Stands in the gap and trade of moe preferments,",2659
Act V,Scene I,Lovell,With which the time will load him. The archbishop,2660
Act V,Scene I,Lovell,Is the king's hand and tongue; and who dare speak,2661
Act V,Scene I,Lovell,One syllable against him?,2662
Act V,Scene I,Gardiner,"Yes, yes, Sir Thomas,",2663
Act V,Scene I,Gardiner,There are that dare; and I myself have ventured,2664
Act V,Scene I,Gardiner,"To speak my mind of him: and indeed this day,",2665
Act V,Scene I,Gardiner,"Sir, I may tell it you, I think I have",2666
Act V,Scene I,Gardiner,"Incensed the lords o' the council, that he is,",2667
Act V,Scene I,Gardiner,"For so I know he is, they know he is,",2668
Act V,Scene I,Gardiner,"A most arch heretic, a pestilence",2669
Act V,Scene I,Gardiner,That does infect the land: with which they moved,2670
Act V,Scene I,Gardiner,Have broken with the king; who hath so far,2671
Act V,Scene I,Gardiner,"Given ear to our complaint, of his great grace",2672
Act V,Scene I,Gardiner,And princely care foreseeing those fell mischiefs,2673
Act V,Scene I,Gardiner,"Our reasons laid before him, hath commanded",2674
Act V,Scene I,Gardiner,To-morrow morning to the council-board,2675
Act V,Scene I,Gardiner,"He be convented. He's a rank weed, Sir Thomas,",2676
Act V,Scene I,Gardiner,And we must root him out. From your affairs,2677
Act V,Scene I,Gardiner,"I hinder you too long: good night, Sir Thomas.",2678
Act V,Scene I,Lovell,"Many good nights, my lord: I rest your servant.",2679
Act V,Scene I,[stage direction],Exeunt GARDINER and Page,NA
Act V,Scene I,[stage direction],Enter KING HENRY VIII and SUFFOLK,NA
Act V,Scene I,King Henry Viii,"Charles, I will play no more tonight;",2680
Act V,Scene I,King Henry Viii,My mind's not on't; you are too hard for me.,2681
Act V,Scene I,Suffolk,"Sir, I did never win of you before.",2682
Act V,Scene I,King Henry Viii,"But little, Charles;",2683
Act V,Scene I,King Henry Viii,"Nor shall not, when my fancy's on my play.",2684
Act V,Scene I,King Henry Viii,"Now, Lovell, from the queen what is the news?",2685
Act V,Scene I,Lovell,I could not personally deliver to her,2686
Act V,Scene I,Lovell,"What you commanded me, but by her woman",2687
Act V,Scene I,Lovell,I sent your message; who return'd her thanks,2688
Act V,Scene I,Lovell,"In the great'st humbleness, and desired your highness",2689
Act V,Scene I,Lovell,Most heartily to pray for her.,2690
Act V,Scene I,King Henry Viii,"What say'st thou, ha?",2691
Act V,Scene I,King Henry Viii,"To pray for her? what, is she crying out?",2692
Act V,Scene I,Lovell,So said her woman; and that her sufferance made,2693
Act V,Scene I,Lovell,Almost each pang a death.,2694
Act V,Scene I,King Henry Viii,"Alas, good lady!",2695
Act V,Scene I,Suffolk,"God safely quit her of her burthen, and",2696
Act V,Scene I,Suffolk,"With gentle travail, to the gladding of",2697
Act V,Scene I,Suffolk,Your highness with an heir!,2698
Act V,Scene I,King Henry Viii,"'Tis midnight, Charles;",2699
Act V,Scene I,King Henry Viii,"Prithee, to bed; and in thy prayers remember",2700
Act V,Scene I,King Henry Viii,The estate of my poor queen. Leave me alone;,2701
Act V,Scene I,King Henry Viii,For I must think of that which company,2702
Act V,Scene I,King Henry Viii,Would not be friendly to.,2703
Act V,Scene I,Suffolk,I wish your highness,2704
Act V,Scene I,Suffolk,A quiet night; and my good mistress will,2705
Act V,Scene I,Suffolk,Remember in my prayers.,2706
Act V,Scene I,King Henry Viii,"Charles, good night.",2707
Act V,Scene I,[stage direction],Exit SUFFOLK,NA
Act V,Scene I,[stage direction],Enter DENNY,NA
Act V,Scene I,King Henry Viii,"Well, sir, what follows?",2708
Act V,Scene I,Denny,"Sir, I have brought my lord the archbishop,",2709
Act V,Scene I,Denny,As you commanded me.,2710
Act V,Scene I,King Henry Viii,Ha! Canterbury?,2711
Act V,Scene I,Denny,"Ay, my good lord.",2712
Act V,Scene I,King Henry Viii,"'Tis true: where is he, Denny?",2713
Act V,Scene I,Denny,He attends your highness' pleasure.,2714
Act V,Scene I,[stage direction],Exit DENNY,NA
Act V,Scene I,Lovell,[Aside]  This is about that which the bishop spake:,2715
Act V,Scene I,Lovell,I am happily come hither.,2716
Act V,Scene I,[stage direction],"Re-enter DENNY, with CRANMER",NA
Act V,Scene I,King Henry Viii,Avoid the gallery.,2717
Act V,Scene I,[stage direction],LOVELL seems to stay,NA
Act V,Scene I,King Henry Viii,Ha! I have said. Be gone. What!,2718
Act V,Scene I,[stage direction],Exeunt LOVELL and DENNY,NA
Act V,Scene I,Cranmer,[Aside],2719
Act V,Scene I,Cranmer,I am fearful: wherefore frowns he thus?,2720
Act V,Scene I,Cranmer,'Tis his aspect of terror. All's not well.,2721
Act V,Scene I,King Henry Viii,"How now, my lord! you desire to know",2722
Act V,Scene I,King Henry Viii,Wherefore I sent for you.,2723
Act V,Scene I,Cranmer,[Kneeling]              It is my duty,2724
Act V,Scene I,Cranmer,To attend your highness' pleasure.,2725
Act V,Scene I,King Henry Viii,"Pray you, arise,",2726
Act V,Scene I,King Henry Viii,My good and gracious Lord of Canterbury.,2727
Act V,Scene I,King Henry Viii,"Come, you and I must walk a turn together;",2728
Act V,Scene I,King Henry Viii,"I have news to tell you: come, come, give me your hand.",2729
Act V,Scene I,King Henry Viii,"Ah, my good lord, I grieve at what I speak,",2730
Act V,Scene I,King Henry Viii,And am right sorry to repeat what follows,2731
Act V,Scene I,King Henry Viii,"I have, and most unwillingly, of late",2732
Act V,Scene I,King Henry Viii,"Heard many grievous, I do say, my lord,",2733
Act V,Scene I,King Henry Viii,"Grievous complaints of you; which, being consider'd,",2734
Act V,Scene I,King Henry Viii,"Have moved us and our council, that you shall",2735
Act V,Scene I,King Henry Viii,"This morning come before us; where, I know,",2736
Act V,Scene I,King Henry Viii,"You cannot with such freedom purge yourself,",2737
Act V,Scene I,King Henry Viii,"But that, till further trial in those charges",2738
Act V,Scene I,King Henry Viii,"Which will require your answer, you must take",2739
Act V,Scene I,King Henry Viii,"Your patience to you, and be well contented",2740
Act V,Scene I,King Henry Viii,"To make your house our Tower: you a brother of us,",2741
Act V,Scene I,King Henry Viii,"It fits we thus proceed, or else no witness",2742
Act V,Scene I,King Henry Viii,Would come against you.,2743
Act V,Scene I,Cranmer,[Kneeling],2744
Act V,Scene I,Cranmer,I humbly thank your highness;,2745
Act V,Scene I,Cranmer,And am right glad to catch this good occasion,2746
Act V,Scene I,Cranmer,"Most throughly to be winnow'd, where my chaff",2747
Act V,Scene I,Cranmer,"And corn shall fly asunder: for, I know,",2748
Act V,Scene I,Cranmer,There's none stands under more calumnious tongues,2749
Act V,Scene I,Cranmer,"Than I myself, poor man.",2750
Act V,Scene I,King Henry Viii,"Stand up, good Canterbury:",2751
Act V,Scene I,King Henry Viii,Thy truth and thy integrity is rooted,2752
Act V,Scene I,King Henry Viii,"In us, thy friend: give me thy hand, stand up:",2753
Act V,Scene I,King Henry Viii,"Prithee, let's walk. Now, by my holidame.",2754
Act V,Scene I,King Henry Viii,"What manner of man are you? My lord, I look'd",2755
Act V,Scene I,King Henry Viii,"You would have given me your petition, that",2756
Act V,Scene I,King Henry Viii,I should have ta'en some pains to bring together,2757
Act V,Scene I,King Henry Viii,"Yourself and your accusers; and to have heard you,",2758
Act V,Scene I,King Henry Viii,"Without indurance, further.",2759
Act V,Scene I,Cranmer,"Most dread liege,",2760
Act V,Scene I,Cranmer,The good I stand on is my truth and honesty:,2761
Act V,Scene I,Cranmer,"If they shall fail, I, with mine enemies,",2762
Act V,Scene I,Cranmer,"Will triumph o'er my person; which I weigh not,",2763
Act V,Scene I,Cranmer,Being of those virtues vacant. I fear nothing,2764
Act V,Scene I,Cranmer,What can be said against me.,2765
Act V,Scene I,King Henry Viii,Know you not,2766
Act V,Scene I,King Henry Viii,"How your state stands i' the world, with the whole world?",2767
Act V,Scene I,King Henry Viii,"Your enemies are many, and not small; their practises",2768
Act V,Scene I,King Henry Viii,Must bear the same proportion; and not ever,2769
Act V,Scene I,King Henry Viii,The justice and the truth o' the question carries,2770
Act V,Scene I,King Henry Viii,The due o' the verdict with it: at what ease,2771
Act V,Scene I,King Henry Viii,Might corrupt minds procure knaves as corrupt,2772
Act V,Scene I,King Henry Viii,To swear against you? such things have been done.,2773
Act V,Scene I,King Henry Viii,You are potently opposed; and with a malice,2774
Act V,Scene I,King Henry Viii,"Of as great size. Ween you of better luck,",2775
Act V,Scene I,King Henry Viii,"I mean, in perjured witness, than your master,",2776
Act V,Scene I,King Henry Viii,"Whose minister you are, whiles here he lived",2777
Act V,Scene I,King Henry Viii,"Upon this naughty earth? Go to, go to;",2778
Act V,Scene I,King Henry Viii,"You take a precipice for no leap of danger,",2779
Act V,Scene I,King Henry Viii,And woo your own destruction.,2780
Act V,Scene I,Cranmer,God and your majesty,2781
Act V,Scene I,Cranmer,"Protect mine innocence, or I fall into",2782
Act V,Scene I,Cranmer,The trap is laid for me!,2783
Act V,Scene I,King Henry Viii,Be of good cheer;,2784
Act V,Scene I,King Henry Viii,They shall no more prevail than we give way to.,2785
Act V,Scene I,King Henry Viii,Keep comfort to you; and this morning see,2786
Act V,Scene I,King Henry Viii,"You do appear before them: if they shall chance,",2787
Act V,Scene I,King Henry Viii,"In charging you with matters, to commit you,",2788
Act V,Scene I,King Henry Viii,The best persuasions to the contrary,2789
Act V,Scene I,King Henry Viii,"Fail not to use, and with what vehemency",2790
Act V,Scene I,King Henry Viii,The occasion shall instruct you: if entreaties,2791
Act V,Scene I,King Henry Viii,"Will render you no remedy, this ring",2792
Act V,Scene I,King Henry Viii,"Deliver them, and your appeal to us",2793
Act V,Scene I,King Henry Viii,"There make before them. Look, the good man weeps!",2794
Act V,Scene I,King Henry Viii,"He's honest, on mine honour. God's blest mother!",2795
Act V,Scene I,King Henry Viii,I swear he is true--hearted; and a soul,2796
Act V,Scene I,King Henry Viii,"None better in my kingdom. Get you gone,",2797
Act V,Scene I,King Henry Viii,And do as I have bid you.,2798
Act V,Scene I,[stage direction],Exit CRANMER,NA
Act V,Scene I,King Henry Viii,He has strangled,2799
Act V,Scene I,King Henry Viii,His language in his tears.,2800
Act V,Scene I,[stage direction],"Enter Old Lady, LOVELL following",NA
Act V,Scene I,Gentleman,[Within]                 Come back: what mean you?,2801
Act V,Scene I,Old Lady,I'll not come back; the tidings that I bring,2802
Act V,Scene I,Old Lady,"Will make my boldness manners. Now, good angels",2803
Act V,Scene I,Old Lady,"Fly o'er thy royal head, and shade thy person",2804
Act V,Scene I,Old Lady,Under their blessed wings!,2805
Act V,Scene I,King Henry Viii,"Now, by thy looks",2806
Act V,Scene I,King Henry Viii,I guess thy message. Is the queen deliver'd?,2807
Act V,Scene I,King Henry Viii,"Say, ay; and of a boy.",2808
Act V,Scene I,Old Lady,"Ay, ay, my liege;",2809
Act V,Scene I,Old Lady,And of a lovely boy: the God of heaven,2810
Act V,Scene I,Old Lady,"Both now and ever bless her! 'tis a girl,",2811
Act V,Scene I,Old Lady,"Promises boys hereafter. Sir, your queen",2812
Act V,Scene I,Old Lady,"Desires your visitation, and to be",2813
Act V,Scene I,Old Lady,Acquainted with this stranger 'tis as like you,2814
Act V,Scene I,Old Lady,As cherry is to cherry.,2815
Act V,Scene I,King Henry Viii,Lovell!,2816
Act V,Scene I,Lovell,Sir?,2817
Act V,Scene I,King Henry Viii,Give her an hundred marks. I'll to the queen.,2818
Act V,Scene I,[stage direction],Exit,NA
Act V,Scene I,Old Lady,"An hundred marks! By this light, I'll ha' more.",2819
Act V,Scene I,Old Lady,An ordinary groom is for such payment.,2820
Act V,Scene I,Old Lady,"I will have more, or scold it out of him.",2821
Act V,Scene I,Old Lady,"Said I for this, the girl was like to him?",2822
Act V,Scene I,Old Lady,"I will have more, or else unsay't; and now,",2823
Act V,Scene I,Old Lady,"While it is hot, I'll put it to the issue.",2824
Act V,Scene I,[stage direction],Exeunt,NA
Act V,Scene II,Old Lady,attending.,2825
Act V,Scene II,[stage direction],Enter CRANMER,NA
Act V,Scene II,Cranmer,"I hope I am not too late; and yet the gentleman,",2826
Act V,Scene II,Cranmer,"That was sent to me from the council, pray'd me",2827
Act V,Scene II,Cranmer,To make great haste. All fast? what means this? Ho!,2828
Act V,Scene II,Cranmer,"Who waits there? Sure, you know me?",2829
Act V,Scene II,[stage direction],Enter Keeper,NA
Act V,Scene II,Keeper,"Yes, my lord;",2830
Act V,Scene II,Keeper,But yet I cannot help you.,2831
Act V,Scene II,Cranmer,Why?,2832
Act V,Scene II,[stage direction],Enter DOCTOR BUTTS,NA
Act V,Scene II,Keeper,Your grace must wait till you be call'd for.,2833
Act V,Scene II,Cranmer,So.,2834
Act V,Scene II,Doctor Butts,[Aside]  This is a piece of malice. I am glad,2835
Act V,Scene II,Doctor Butts,I came this way so happily: the king,2836
Act V,Scene II,Doctor Butts,Shall understand it presently.,2837
Act V,Scene II,[stage direction],Exit,NA
Act V,Scene II,Cranmer,"[Aside]	'Tis Butts,",2838
Act V,Scene II,Cranmer,"The king's physician: as he pass'd along,",2839
Act V,Scene II,Cranmer,How earnestly he cast his eyes upon me!,2840
Act V,Scene II,Cranmer,"Pray heaven, he sound not my disgrace! For certain,",2841
Act V,Scene II,Cranmer,This is of purpose laid by some that hate me--,2842
Act V,Scene II,Cranmer,God turn their hearts! I never sought their malice--,2843
Act V,Scene II,Cranmer,To quench mine honour: they would shame to make me,2844
Act V,Scene II,Cranmer,"Wait else at door, a fellow-counsellor,",2845
Act V,Scene II,Cranmer,"'Mong boys, grooms, and lackeys. But their pleasures",2846
Act V,Scene II,Cranmer,"Must be fulfill'd, and I attend with patience.",2847
Act V,Scene II,[stage direction],Enter the KING HENRY VIII and DOCTOR BUTTS at a window above,NA
Act V,Scene II,Doctor Butts,I'll show your grace the strangest sight--,2848
Act V,Scene II,King Henry Viii,"What's that, Butts?",2849
Act V,Scene II,Doctor Butts,I think your highness saw this many a day.,2850
Act V,Scene II,King Henry Viii,"Body o' me, where is it?",2851
Act V,Scene II,Doctor Butts,"There, my lord:",2852
Act V,Scene II,Doctor Butts,The high promotion of his grace of Canterbury;,2853
Act V,Scene II,Doctor Butts,"Who holds his state at door, 'mongst pursuivants,",2854
Act V,Scene II,Doctor Butts,"Pages, and footboys.",2855
Act V,Scene II,King Henry Viii,"Ha! 'tis he, indeed:",2856
Act V,Scene II,King Henry Viii,Is this the honour they do one another?,2857
Act V,Scene II,King Henry Viii,'Tis well there's one above 'em yet. I had thought,2858
Act V,Scene II,King Henry Viii,They had parted so much honesty among 'em,2859
Act V,Scene II,King Henry Viii,"At least, good manners, as not thus to suffer",2860
Act V,Scene II,King Henry Viii,"A man of his place, and so near our favour,",2861
Act V,Scene II,King Henry Viii,"To dance attendance on their lordships' pleasures,",2862
Act V,Scene II,King Henry Viii,"And at the door too, like a post with packets.",2863
Act V,Scene II,King Henry Viii,"By holy Mary, Butts, there's knavery:",2864
Act V,Scene II,King Henry Viii,"Let 'em alone, and draw the curtain close:",2865
Act V,Scene II,King Henry Viii,We shall hear more anon.,2866
Act V,Scene II,[stage direction],Exeunt,NA
Act V,Scene III,[stage direction],"Enter Chancellor; places himself at the upper end  of the table on the left hand; a seat being left  void above him, as for CRANMER's seat. SUFFOLK,  NORFOLK, SURREY, Chamberlain, GARDINER, seat  themselves in order on each side. CROMWELL at lower end, as secretary. Keeper at the door",NA
Act V,Scene III,Chancellor,"Speak to the business, master-secretary:",2867
Act V,Scene III,Chancellor,Why are we met in council?,2868
Act V,Scene III,Cromwell,"Please your honours,",2869
Act V,Scene III,Cromwell,The chief cause concerns his grace of Canterbury.,2870
Act V,Scene III,Gardiner,Has he had knowledge of it?,2871
Act V,Scene III,Cromwell,Yes.,2872
Act V,Scene III,Norfolk,Who waits there?,2873
Act V,Scene III,Keeper,"Without, my noble lords?",2874
Act V,Scene III,Gardiner,Yes.,2875
Act V,Scene III,Keeper,My lord archbishop;,2876
Act V,Scene III,Keeper,"And has done half an hour, to know your pleasures.",2877
Act V,Scene III,Chancellor,Let him come in.,2878
Act V,Scene III,Keeper,Your grace may enter now.,2879
Act V,Scene III,[stage direction],CRANMER enters and approaches the council-table,NA
Act V,Scene III,Chancellor,"My good lord archbishop, I'm very sorry",2880
Act V,Scene III,Chancellor,"To sit here at this present, and behold",2881
Act V,Scene III,Chancellor,"That chair stand empty: but we all are men,",2882
Act V,Scene III,Chancellor,"In our own natures frail, and capable",2883
Act V,Scene III,Chancellor,Of our flesh; few are angels: out of which frailty,2884
Act V,Scene III,Chancellor,"And want of wisdom, you, that best should teach us,",2885
Act V,Scene III,Chancellor,"Have misdemean'd yourself, and not a little,",2886
Act V,Scene III,Chancellor,"Toward the king first, then his laws, in filling",2887
Act V,Scene III,Chancellor,"The whole realm, by your teaching and your chaplains,",2888
Act V,Scene III,Chancellor,"For so we are inform'd, with new opinions,",2889
Act V,Scene III,Chancellor,"Divers and dangerous; which are heresies,",2890
Act V,Scene III,Chancellor,"And, not reform'd, may prove pernicious.",2891
Act V,Scene III,Gardiner,"Which reformation must be sudden too,",2892
Act V,Scene III,Gardiner,My noble lords; for those that tame wild horses,2893
Act V,Scene III,Gardiner,"Pace 'em not in their hands to make 'em gentle,",2894
Act V,Scene III,Gardiner,"But stop their mouths with stubborn bits, and spur 'em,",2895
Act V,Scene III,Gardiner,"Till they obey the manage. If we suffer,",2896
Act V,Scene III,Gardiner,Out of our easiness and childish pity,2897
Act V,Scene III,Gardiner,"To one man's honour, this contagious sickness,",2898
Act V,Scene III,Gardiner,Farewell all physic: and what follows then?,2899
Act V,Scene III,Gardiner,"Commotions, uproars, with a general taint",2900
Act V,Scene III,Gardiner,"Of the whole state: as, of late days, our neighbours,",2901
Act V,Scene III,Gardiner,"The upper Germany, can dearly witness,",2902
Act V,Scene III,Gardiner,Yet freshly pitied in our memories.,2903
Act V,Scene III,Cranmer,"My good lords, hitherto, in all the progress",2904
Act V,Scene III,Cranmer,"Both of my life and office, I have labour'd,",2905
Act V,Scene III,Cranmer,"And with no little study, that my teaching",2906
Act V,Scene III,Cranmer,And the strong course of my authority,2907
Act V,Scene III,Cranmer,"Might go one way, and safely; and the end",2908
Act V,Scene III,Cranmer,"Was ever, to do well: nor is there living,",2909
Act V,Scene III,Cranmer,"I speak it with a single heart, my lords,",2910
Act V,Scene III,Cranmer,"A man that more detests, more stirs against,",2911
Act V,Scene III,Cranmer,"Both in his private conscience and his place,",2912
Act V,Scene III,Cranmer,"Defacers of a public peace, than I do.",2913
Act V,Scene III,Cranmer,"Pray heaven, the king may never find a heart",2914
Act V,Scene III,Cranmer,With less allegiance in it! Men that make,2915
Act V,Scene III,Cranmer,Envy and crooked malice nourishment,2916
Act V,Scene III,Cranmer,"Dare bite the best. I do beseech your lordships,",2917
Act V,Scene III,Cranmer,"That, in this case of justice, my accusers,",2918
Act V,Scene III,Cranmer,"Be what they will, may stand forth face to face,",2919
Act V,Scene III,Cranmer,And freely urge against me.,2920
Act V,Scene III,Suffolk,"Nay, my lord,",2921
Act V,Scene III,Suffolk,"That cannot be: you are a counsellor,",2922
Act V,Scene III,Suffolk,"And, by that virtue, no man dare accuse you.",2923
Act V,Scene III,Gardiner,"My lord, because we have business of more moment,",2924
Act V,Scene III,Gardiner,"We will be short with you. 'Tis his highness' pleasure,",2925
Act V,Scene III,Gardiner,"And our consent, for better trial of you,",2926
Act V,Scene III,Gardiner,From hence you be committed to the Tower;,2927
Act V,Scene III,Gardiner,"Where, being but a private man again,",2928
Act V,Scene III,Gardiner,"You shall know many dare accuse you boldly,",2929
Act V,Scene III,Gardiner,"More than, I fear, you are provided for.",2930
Act V,Scene III,Cranmer,"Ah, my good Lord of Winchester, I thank you;",2931
Act V,Scene III,Cranmer,"You are always my good friend; if your will pass,",2932
Act V,Scene III,Cranmer,"I shall both find your lordship judge and juror,",2933
Act V,Scene III,Cranmer,You are so merciful: I see your end;,2934
Act V,Scene III,Cranmer,"'Tis my undoing: love and meekness, lord,",2935
Act V,Scene III,Cranmer,Become a churchman better than ambition:,2936
Act V,Scene III,Cranmer,"Win straying souls with modesty again,",2937
Act V,Scene III,Cranmer,"Cast none away. That I shall clear myself,",2938
Act V,Scene III,Cranmer,"Lay all the weight ye can upon my patience,",2939
Act V,Scene III,Cranmer,"I make as little doubt, as you do conscience",2940
Act V,Scene III,Cranmer,"In doing daily wrongs. I could say more,",2941
Act V,Scene III,Cranmer,But reverence to your calling makes me modest.,2942
Act V,Scene III,Gardiner,"My lord, my lord, you are a sectary,",2943
Act V,Scene III,Gardiner,"That's the plain truth: your painted gloss discovers,",2944
Act V,Scene III,Gardiner,"To men that understand you, words and weakness.",2945
Act V,Scene III,Cromwell,"My Lord of Winchester, you are a little,",2946
Act V,Scene III,Cromwell,"By your good favour, too sharp; men so noble,",2947
Act V,Scene III,Cromwell,"However faulty, yet should find respect",2948
Act V,Scene III,Cromwell,For what they have been: 'tis a cruelty,2949
Act V,Scene III,Cromwell,To load a falling man.,2950
Act V,Scene III,Gardiner,"Good master secretary,",2951
Act V,Scene III,Gardiner,"I cry your honour mercy; you may, worst",2952
Act V,Scene III,Gardiner,"Of all this table, say so.",2953
Act V,Scene III,Cromwell,"Why, my lord?",2954
Act V,Scene III,Gardiner,Do not I know you for a favourer,2955
Act V,Scene III,Gardiner,Of this new sect? ye are not sound.,2956
Act V,Scene III,Cromwell,Not sound?,2957
Act V,Scene III,Gardiner,"Not sound, I say.",2958
Act V,Scene III,Cromwell,Would you were half so honest!,2959
Act V,Scene III,Cromwell,"Men's prayers then would seek you, not their fears.",2960
Act V,Scene III,Gardiner,I shall remember this bold language.,2961
Act V,Scene III,Cromwell,Do.,2962
Act V,Scene III,Cromwell,Remember your bold life too.,2963
Act V,Scene III,Chancellor,This is too much;,2964
Act V,Scene III,Chancellor,"Forbear, for shame, my lords.",2965
Act V,Scene III,Gardiner,I have done.,2966
Act V,Scene III,Cromwell,And I.,2967
Act V,Scene III,Chancellor,"Then thus for you, my lord: it stands agreed,",2968
Act V,Scene III,Chancellor,"I take it, by all voices, that forthwith",2969
Act V,Scene III,Chancellor,You be convey'd to the Tower a prisoner;,2970
Act V,Scene III,Chancellor,There to remain till the king's further pleasure,2971
Act V,Scene III,Chancellor,"Be known unto us: are you all agreed, lords?",2972
Act V,Scene III,All,We are.,2973
Act V,Scene III,Cranmer,"Is there no other way of mercy,",2974
Act V,Scene III,Cranmer,"But I must needs to the Tower, my lords?",2975
Act V,Scene III,Gardiner,What other,2976
Act V,Scene III,Gardiner,Would you expect? you are strangely troublesome.,2977
Act V,Scene III,Gardiner,Let some o' the guard be ready there.,2978
Act V,Scene III,[stage direction],Enter Guard,NA
Act V,Scene III,Cranmer,For me?,2979
Act V,Scene III,Cranmer,Must I go like a traitor thither?,2980
Act V,Scene III,Gardiner,"Receive him,",2981
Act V,Scene III,Gardiner,And see him safe i' the Tower.,2982
Act V,Scene III,Cranmer,"Stay, good my lords,",2983
Act V,Scene III,Cranmer,"I have a little yet to say. Look there, my lords;",2984
Act V,Scene III,Cranmer,"By virtue of that ring, I take my cause",2985
Act V,Scene III,Cranmer,"Out of the gripes of cruel men, and give it",2986
Act V,Scene III,Cranmer,"To a most noble judge, the king my master.",2987
Act V,Scene III,Chamberlain,This is the king's ring.,2988
Act V,Scene III,Surrey,'Tis no counterfeit.,2989
Act V,Scene III,Suffolk,"'Tis the right ring, by heaven: I told ye all,",2990
Act V,Scene III,Suffolk,"When ye first put this dangerous stone a-rolling,",2991
Act V,Scene III,Suffolk,'Twould fall upon ourselves.,2992
Act V,Scene III,Norfolk,"Do you think, my lords,",2993
Act V,Scene III,Norfolk,The king will suffer but the little finger,2994
Act V,Scene III,Norfolk,Of this man to be vex'd?,2995
Act V,Scene III,Chancellor,'Tis now too certain:,2996
Act V,Scene III,Chancellor,How much more is his life in value with him?,2997
Act V,Scene III,Chancellor,Would I were fairly out on't!,2998
Act V,Scene III,Cromwell,"My mind gave me,",2999
Act V,Scene III,Cromwell,In seeking tales and informations,3000
Act V,Scene III,Cromwell,"Against this man, whose honesty the devil",3001
Act V,Scene III,Cromwell,"And his disciples only envy at,",3002
Act V,Scene III,Cromwell,Ye blew the fire that burns ye: now have at ye!,3003
Act V,Scene III,[stage direction],"Enter KING, frowning on them; takes his seat",NA
Act V,Scene III,Gardiner,"Dread sovereign, how much are we bound to heaven",3004
Act V,Scene III,Gardiner,"In daily thanks, that gave us such a prince;",3005
Act V,Scene III,Gardiner,"Not only good and wise, but most religious:",3006
Act V,Scene III,Gardiner,"One that, in all obedience, makes the church",3007
Act V,Scene III,Gardiner,"The chief aim of his honour; and, to strengthen",3008
Act V,Scene III,Gardiner,"That holy duty, out of dear respect,",3009
Act V,Scene III,Gardiner,His royal self in judgment comes to hear,3010
Act V,Scene III,Gardiner,The cause betwixt her and this great offender.,3011
Act V,Scene III,King Henry Viii,"You were ever good at sudden commendations,",3012
Act V,Scene III,King Henry Viii,"Bishop of Winchester. But know, I come not",3013
Act V,Scene III,King Henry Viii,"To hear such flattery now, and in my presence;",3014
Act V,Scene III,King Henry Viii,They are too thin and bare to hide offences.,3015
Act V,Scene III,King Henry Viii,"To me you cannot reach, you play the spaniel,",3016
Act V,Scene III,King Henry Viii,And think with wagging of your tongue to win me;,3017
Act V,Scene III,King Henry Viii,"But, whatsoe'er thou takest me for, I'm sure",3018
Act V,Scene III,King Henry Viii,Thou hast a cruel nature and a bloody.,3019
Act V,Scene III,[stage direction],To CRANMER,NA
Act V,Scene III,King Henry Viii,"Good man, sit down. Now let me see the proudest",3020
Act V,Scene III,King Henry Viii,"He, that dares most, but wag his finger at thee:",3021
Act V,Scene III,King Henry Viii,"By all that's holy, he had better starve",3022
Act V,Scene III,King Henry Viii,Than but once think this place becomes thee not.,3023
Act V,Scene III,Surrey,"May it please your grace,--",3024
Act V,Scene III,King Henry Viii,"No, sir, it does not please me.",3025
Act V,Scene III,King Henry Viii,I had thought I had had men of some understanding,3026
Act V,Scene III,King Henry Viii,And wisdom of my council; but I find none.,3027
Act V,Scene III,King Henry Viii,"Was it discretion, lords, to let this man,",3028
Act V,Scene III,King Henry Viii,"This good man,--few of you deserve that title,--",3029
Act V,Scene III,King Henry Viii,"This honest man, wait like a lousy footboy",3030
Act V,Scene III,King Henry Viii,At chamber--door? and one as great as you are?,3031
Act V,Scene III,King Henry Viii,"Why, what a shame was this! Did my commission",3032
Act V,Scene III,King Henry Viii,Bid ye so far forget yourselves? I gave ye,3033
Act V,Scene III,King Henry Viii,"Power as he was a counsellor to try him,",3034
Act V,Scene III,King Henry Viii,"Not as a groom: there's some of ye, I see,",3035
Act V,Scene III,King Henry Viii,"More out of malice than integrity,",3036
Act V,Scene III,King Henry Viii,"Would try him to the utmost, had ye mean;",3037
Act V,Scene III,King Henry Viii,Which ye shall never have while I live.,3038
Act V,Scene III,Chancellor,"Thus far,",3039
Act V,Scene III,Chancellor,"My most dread sovereign, may it like your grace",3040
Act V,Scene III,Chancellor,To let my tongue excuse all. What was purposed,3041
Act V,Scene III,Chancellor,"Concerning his imprisonment, was rather,",3042
Act V,Scene III,Chancellor,"If there be faith in men, meant for his trial,",3043
Act V,Scene III,Chancellor,"And fair purgation to the world, than malice,",3044
Act V,Scene III,Chancellor,"I'm sure, in me.",3045
Act V,Scene III,King Henry Viii,"Well, well, my lords, respect him;",3046
Act V,Scene III,King Henry Viii,"Take him, and use him well, he's worthy of it.",3047
Act V,Scene III,King Henry Viii,"I will say thus much for him, if a prince",3048
Act V,Scene III,King Henry Viii,"May be beholding to a subject, I",3049
Act V,Scene III,King Henry Viii,"Am, for his love and service, so to him.",3050
Act V,Scene III,King Henry Viii,"Make me no more ado, but all embrace him:",3051
Act V,Scene III,King Henry Viii,"Be friends, for shame, my lords! My Lord of",3052
Act V,Scene III,King Henry Viii,"Canterbury,",3053
Act V,Scene III,King Henry Viii,I have a suit which you must not deny me;,3054
Act V,Scene III,King Henry Viii,"That is, a fair young maid that yet wants baptism,",3055
Act V,Scene III,King Henry Viii,"You must be godfather, and answer for her.",3056
Act V,Scene III,Cranmer,The greatest monarch now alive may glory,3057
Act V,Scene III,Cranmer,In such an honour: how may I deserve it,3058
Act V,Scene III,Cranmer,That am a poor and humble subject to you?,3059
Act V,Scene III,King Henry Viii,"Come, come, my lord, you'ld spare your spoons: you",3060
Act V,Scene III,King Henry Viii,shall have two noble partners with you; the old,3061
Act V,Scene III,King Henry Viii,"Duchess of Norfolk, and Lady Marquess Dorset: will",3062
Act V,Scene III,King Henry Viii,these please you?,3063
Act V,Scene III,King Henry Viii,"Once more, my Lord of Winchester, I charge you,",3064
Act V,Scene III,King Henry Viii,Embrace and love this man.,3065
Act V,Scene III,Gardiner,With a true heart,3066
Act V,Scene III,Gardiner,And brother-love I do it.,3067
Act V,Scene III,Cranmer,And let heaven,3068
Act V,Scene III,Cranmer,"Witness, how dear I hold this confirmation.",3069
Act V,Scene III,King Henry Viii,"Good man, those joyful tears show thy true heart:",3070
Act V,Scene III,King Henry Viii,"The common voice, I see, is verified",3071
Act V,Scene III,King Henry Viii,"Of thee, which says thus, 'Do my Lord of Canterbury",3072
Act V,Scene III,King Henry Viii,"A shrewd turn, and he is your friend for ever.'",3073
Act V,Scene III,King Henry Viii,"Come, lords, we trifle time away; I long",3074
Act V,Scene III,King Henry Viii,To have this young one made a Christian.,3075
Act V,Scene III,King Henry Viii,"As I have made ye one, lords, one remain;",3076
Act V,Scene III,King Henry Viii,"So I grow stronger, you more honour gain.",3077
Act V,Scene III,[stage direction],Exeunt,NA
Act V,Scene IV,[stage direction],Noise and tumult within. Enter Porter and his Man,NA
Act V,Scene IV,Porter,"You'll leave your noise anon, ye rascals: do you",3078
Act V,Scene IV,Porter,"take the court for Paris-garden? ye rude slaves,",3079
Act V,Scene IV,Porter,leave your gaping.,3080
Act V,Scene IV,[stage direction],Within,NA
Act V,Scene IV,Porter,"Good master porter, I belong to the larder.",3081
Act V,Scene IV,Porter,"Belong to the gallows, and be hanged, ye rogue! is",3082
Act V,Scene IV,Porter,this a place to roar in? Fetch me a dozen crab-tree,3083
Act V,Scene IV,Porter,"staves, and strong ones: these are but switches to",3084
Act V,Scene IV,Porter,'em. I'll scratch your heads: you must be seeing,3085
Act V,Scene IV,Porter,"christenings? do you look for ale and cakes here,",3086
Act V,Scene IV,Porter,you rude rascals?,3087
Act V,Scene IV,Man,"Pray, sir, be patient: 'tis as much impossible--",3088
Act V,Scene IV,Man,Unless we sweep 'em from the door with cannons--,3089
Act V,Scene IV,Man,"To scatter 'em, as 'tis to make 'em sleep",3090
Act V,Scene IV,Man,On May-day morning; which will never be:,3091
Act V,Scene IV,Man,"We may as well push against Powle's, as stir em.",3092
Act V,Scene IV,Porter,"How got they in, and be hang'd?",3093
Act V,Scene IV,Man,"Alas, I know not; how gets the tide in?",3094
Act V,Scene IV,Man,As much as one sound cudgel of four foot--,3095
Act V,Scene IV,Man,"You see the poor remainder--could distribute,",3096
Act V,Scene IV,Man,"I made no spare, sir.",3097
Act V,Scene IV,Porter,"You did nothing, sir.",3098
Act V,Scene IV,Man,"I am not Samson, nor Sir Guy, nor Colbrand,",3099
Act V,Scene IV,Man,To mow 'em down before me: but if I spared any,3100
Act V,Scene IV,Man,"That had a head to hit, either young or old,",3101
Act V,Scene IV,Man,"He or she, cuckold or cuckold-maker,",3102
Act V,Scene IV,Man,Let me ne'er hope to see a chine again,3103
Act V,Scene IV,Man,"And that I would not for a cow, God save her!",3104
Act V,Scene IV,[stage direction],Within,NA
Act V,Scene IV,Man,"Do you hear, master porter?",3105
Act V,Scene IV,Porter,"I shall be with you presently, good master puppy.",3106
Act V,Scene IV,Porter,"Keep the door close, sirrah.",3107
Act V,Scene IV,Man,What would you have me do?,3108
Act V,Scene IV,Porter,"What should you do, but knock 'em down by the",3109
Act V,Scene IV,Porter,dozens? Is this Moorfields to muster in? or have,3110
Act V,Scene IV,Porter,we some strange Indian with the great tool come to,3111
Act V,Scene IV,Porter,"court, the women so besiege us? Bless me, what a",3112
Act V,Scene IV,Porter,fry of fornication is at door! On my Christian,3113
Act V,Scene IV,Porter,"conscience, this one christening will beget a",3114
Act V,Scene IV,Porter,"thousand; here will be father, godfather, and all together.",3115
Act V,Scene IV,Man,"The spoons will be the bigger, sir. There is a",3116
Act V,Scene IV,Man,"fellow somewhat near the door, he should be a",3117
Act V,Scene IV,Man,"brazier by his face, for, o' my conscience, twenty",3118
Act V,Scene IV,Man,of the dog-days now reign in's nose; all that stand,3119
Act V,Scene IV,Man,"about him are under the line, they need no other",3120
Act V,Scene IV,Man,penance: that fire-drake did I hit three times on,3121
Act V,Scene IV,Man,"the head, and three times was his nose discharged",3122
Act V,Scene IV,Man,"against me; he stands there, like a mortar-piece, to",3123
Act V,Scene IV,Man,blow us. There was a haberdasher's wife of small,3124
Act V,Scene IV,Man,"wit near him, that railed upon me till her pinked",3125
Act V,Scene IV,Man,"porringer fell off her head, for kindling such a",3126
Act V,Scene IV,Man,"combustion in the state. I missed the meteor once,",3127
Act V,Scene IV,Man,and hit that woman; who cried out 'Clubs!' when I,3128
Act V,Scene IV,Man,might see from far some forty truncheoners draw to,3129
Act V,Scene IV,Man,"her succor, which were the hope o' the Strand, where",3130
Act V,Scene IV,Man,she was quartered. They fell on; I made good my,3131
Act V,Scene IV,Man,place: at length they came to the broom-staff to,3132
Act V,Scene IV,Man,me; I defied 'em still: when suddenly a file of,3133
Act V,Scene IV,Man,"boys behind 'em, loose shot, delivered such a shower",3134
Act V,Scene IV,Man,"of pebbles, that I was fain to draw mine honour in,",3135
Act V,Scene IV,Man,and let 'em win the work: the devil was amongst,3136
Act V,Scene IV,Man,"'em, I think, surely.",3137
Act V,Scene IV,Porter,"These are the youths that thunder at a playhouse,",3138
Act V,Scene IV,Porter,"and fight for bitten apples; that no audience, but",3139
Act V,Scene IV,Porter,"the tribulation of Tower-hill, or the limbs of",3140
Act V,Scene IV,Porter,"Limehouse, their dear brothers, are able to endure.",3141
Act V,Scene IV,Porter,"I have some of 'em in Limbo Patrum, and there they",3142
Act V,Scene IV,Porter,are like to dance these three days; besides the,3143
Act V,Scene IV,Porter,running banquet of two beadles that is to come.,3144
Act V,Scene IV,[stage direction],Enter Chamberlain,NA
Act V,Scene IV,Chamberlain,"Mercy o' me, what a multitude are here!",3145
Act V,Scene IV,Chamberlain,"They grow still too; from all parts they are coming,",3146
Act V,Scene IV,Chamberlain,"As if we kept a fair here! Where are these porters,",3147
Act V,Scene IV,Chamberlain,"These lazy knaves? Ye have made a fine hand, fellows:",3148
Act V,Scene IV,Chamberlain,There's a trim rabble let in: are all these,3149
Act V,Scene IV,Chamberlain,Your faithful friends o' the suburbs? We shall have,3150
Act V,Scene IV,Chamberlain,"Great store of room, no doubt, left for the ladies,",3151
Act V,Scene IV,Chamberlain,When they pass back from the christening.,3152
Act V,Scene IV,Porter,An't please,3153
Act V,Scene IV,Porter,"your honour,",3154
Act V,Scene IV,Porter,"We are but men; and what so many may do,",3155
Act V,Scene IV,Porter,"Not being torn a-pieces, we have done:",3156
Act V,Scene IV,Porter,An army cannot rule 'em.,3157
Act V,Scene IV,Chamberlain,"As I live,",3158
Act V,Scene IV,Chamberlain,"If the king blame me for't, I'll lay ye all",3159
Act V,Scene IV,Chamberlain,"By the heels, and suddenly; and on your heads",3160
Act V,Scene IV,Chamberlain,Clap round fines for neglect: ye are lazy knaves;,3161
Act V,Scene IV,Chamberlain,"And here ye lie baiting of bombards, when",3162
Act V,Scene IV,Chamberlain,Ye should do service. Hark! the trumpets sound;,3163
Act V,Scene IV,Chamberlain,They're come already from the christening:,3164
Act V,Scene IV,Chamberlain,"Go, break among the press, and find a way out",3165
Act V,Scene IV,Chamberlain,To let the troop pass fairly; or I'll find,3166
Act V,Scene IV,Chamberlain,A Marshalsea shall hold ye play these two months.,3167
Act V,Scene IV,Porter,Make way there for the princess.,3168
Act V,Scene IV,Man,"You great fellow,",3169
Act V,Scene IV,Man,"Stand close up, or I'll make your head ache.",3170
Act V,Scene IV,Porter,"You i' the camlet, get up o' the rail;",3171
Act V,Scene IV,Porter,I'll peck you o'er the pales else.,3172
Act V,Scene IV,[stage direction],Exeunt,NA
Act V,Scene V,[stage direction],"Enter trumpets, sounding; then two Aldermen, Lord  Mayor, Garter, CRANMER, NORFOLK with his marshal's  staff, SUFFOLK, two Noblemen bearing great  standing-bowls for the christening-gifts; then  four Noblemen bearing a canopy, under which the  Duchess of Norfolk, godmother, bearing the child  richly habited in a mantle,  &amp; c., train borne by a  Lady; then follows the Marchioness Dorset, the  other godmother, and Ladies. The troop pass once about the stage, and Garter speaks",NA
Act V,Scene V,Garter,"Heaven, from thy endless goodness, send prosperous",3173
Act V,Scene V,Garter,"life, long, and ever happy, to the high and mighty",3174
Act V,Scene V,Garter,"princess of England, Elizabeth!",3175
Act V,Scene V,[stage direction],Flourish. Enter KING HENRY VIII and Guard,NA
Act V,Scene V,Cranmer,"[Kneeling] And to your royal grace, and the good queen,",3176
Act V,Scene V,Cranmer,"My noble partners, and myself, thus pray:",3177
Act V,Scene V,Cranmer,"All comfort, joy, in this most gracious lady,",3178
Act V,Scene V,Cranmer,"Heaven ever laid up to make parents happy,",3179
Act V,Scene V,Cranmer,May hourly fall upon ye!,3180
Act V,Scene V,King Henry Viii,"Thank you, good lord archbishop:",3181
Act V,Scene V,King Henry Viii,What is her name?,3182
Act V,Scene V,Cranmer,Elizabeth.,3183
Act V,Scene V,King Henry Viii,"Stand up, lord.",3184
Act V,Scene V,[stage direction],KING HENRY VIII kisses the child,NA
Act V,Scene V,King Henry Viii,With this kiss take my blessing: God protect thee!,3185
Act V,Scene V,King Henry Viii,Into whose hand I give thy life.,3186
Act V,Scene V,Cranmer,Amen.,3187
Act V,Scene V,King Henry Viii,"My noble gossips, ye have been too prodigal:",3188
Act V,Scene V,King Henry Viii,"I thank ye heartily; so shall this lady,",3189
Act V,Scene V,King Henry Viii,When she has so much English.,3190
Act V,Scene V,Cranmer,"Let me speak, sir,",3191
Act V,Scene V,Cranmer,For heaven now bids me; and the words I utter,3192
Act V,Scene V,Cranmer,"Let none think flattery, for they'll find 'em truth.",3193
Act V,Scene V,Cranmer,This royal infant--heaven still move about her!--,3194
Act V,Scene V,Cranmer,"Though in her cradle, yet now promises",3195
Act V,Scene V,Cranmer,"Upon this land a thousand thousand blessings,",3196
Act V,Scene V,Cranmer,Which time shall bring to ripeness: she shall be--,3197
Act V,Scene V,Cranmer,But few now living can behold that goodness--,3198
Act V,Scene V,Cranmer,"A pattern to all princes living with her,",3199
Act V,Scene V,Cranmer,And all that shall succeed: Saba was never,3200
Act V,Scene V,Cranmer,More covetous of wisdom and fair virtue,3201
Act V,Scene V,Cranmer,"Than this pure soul shall be: all princely graces,",3202
Act V,Scene V,Cranmer,"That mould up such a mighty piece as this is,",3203
Act V,Scene V,Cranmer,"With all the virtues that attend the good,",3204
Act V,Scene V,Cranmer,"Shall still be doubled on her: truth shall nurse her,",3205
Act V,Scene V,Cranmer,Holy and heavenly thoughts still counsel her:,3206
Act V,Scene V,Cranmer,She shall be loved and fear'd: her own shall bless her;,3207
Act V,Scene V,Cranmer,"Her foes shake like a field of beaten corn,",3208
Act V,Scene V,Cranmer,And hang their heads with sorrow: good grows with her:,3209
Act V,Scene V,Cranmer,"In her days every man shall eat in safety,",3210
Act V,Scene V,Cranmer,"Under his own vine, what he plants; and sing",3211
Act V,Scene V,Cranmer,The merry songs of peace to all his neighbours:,3212
Act V,Scene V,Cranmer,God shall be truly known; and those about her,3213
Act V,Scene V,Cranmer,"From her shall read the perfect ways of honour,",3214
Act V,Scene V,Cranmer,"And by those claim their greatness, not by blood.",3215
Act V,Scene V,Cranmer,Nor shall this peace sleep with her: but as when,3216
Act V,Scene V,Cranmer,"The bird of wonder dies, the maiden phoenix,",3217
Act V,Scene V,Cranmer,"Her ashes new create another heir,",3218
Act V,Scene V,Cranmer,As great in admiration as herself;,3219
Act V,Scene V,Cranmer,"So shall she leave her blessedness to one,",3220
Act V,Scene V,Cranmer,"When heaven shall call her from this cloud of darkness,",3221
Act V,Scene V,Cranmer,Who from the sacred ashes of her honour,3222
Act V,Scene V,Cranmer,"Shall star-like rise, as great in fame as she was,",3223
Act V,Scene V,Cranmer,"And so stand fix'd: peace, plenty, love, truth, terror,",3224
Act V,Scene V,Cranmer,"That were the servants to this chosen infant,",3225
Act V,Scene V,Cranmer,"Shall then be his, and like a vine grow to him:",3226
Act V,Scene V,Cranmer,"Wherever the bright sun of heaven shall shine,",3227
Act V,Scene V,Cranmer,His honour and the greatness of his name,3228
Act V,Scene V,Cranmer,"Shall be, and make new nations: he shall flourish,",3229
Act V,Scene V,Cranmer,"And, like a mountain cedar, reach his branches",3230
Act V,Scene V,Cranmer,To all the plains about him: our children's children,3231
Act V,Scene V,Cranmer,"Shall see this, and bless heaven.",3232
Act V,Scene V,King Henry Viii,Thou speakest wonders.,3233
Act V,Scene V,Cranmer,"She shall be, to the happiness of England,",3234
Act V,Scene V,Cranmer,"An aged princess; many days shall see her,",3235
Act V,Scene V,Cranmer,And yet no day without a deed to crown it.,3236
Act V,Scene V,Cranmer,"Would I had known no more! but she must die,",3237
Act V,Scene V,Cranmer,"She must, the saints must have her; yet a virgin,",3238
Act V,Scene V,Cranmer,A most unspotted lily shall she pass,3239
Act V,Scene V,Cranmer,"To the ground, and all the world shall mourn her.",3240
Act V,Scene V,King Henry Viii,"O lord archbishop,",3241
Act V,Scene V,King Henry Viii,"Thou hast made me now a man! never, before",3242
Act V,Scene V,King Henry Viii,"This happy child, did I get any thing:",3243
Act V,Scene V,King Henry Viii,"This oracle of comfort has so pleased me,",3244
Act V,Scene V,King Henry Viii,That when I am in heaven I shall desire,3245
Act V,Scene V,King Henry Viii,"To see what this child does, and praise my Maker.",3246
Act V,Scene V,King Henry Viii,"I thank ye all. To you, my good lord mayor,",3247
Act V,Scene V,King Henry Viii,"And your good brethren, I am much beholding;",3248
Act V,Scene V,King Henry Viii,"I have received much honour by your presence,",3249
Act V,Scene V,King Henry Viii,"And ye shall find me thankful. Lead the way, lords:",3250
Act V,Scene V,King Henry Viii,"Ye must all see the queen, and she must thank ye,",3251
Act V,Scene V,King Henry Viii,"She will be sick else. This day, no man think",3252
Act V,Scene V,King Henry Viii,Has business at his house; for all shall stay:,3253
Act V,Scene V,King Henry Viii,This little one shall make it holiday.,3254
Act V,Scene V,[stage direction],Exeunt,NA
Act V,Epilogue,King Henry Viii,'Tis ten to one this play can never please,3255
Act V,Epilogue,King Henry Viii,"All that are here: some come to take their ease,",3256
Act V,Epilogue,King Henry Viii,"And sleep an act or two; but those, we fear,",3257
Act V,Epilogue,King Henry Viii,"We have frighted with our trumpets; so, 'tis clear,",3258
Act V,Epilogue,King Henry Viii,"They'll say 'tis naught: others, to hear the city",3259
Act V,Epilogue,King Henry Viii,"Abused extremely, and to cry 'That's witty!'",3260
Act V,Epilogue,King Henry Viii,"Which we have not done neither: that, I fear,",3261
Act V,Epilogue,King Henry Viii,All the expected good we're like to hear,3262
Act V,Epilogue,King Henry Viii,"For this play at this time, is only in",3263
Act V,Epilogue,King Henry Viii,The merciful construction of good women;,3264
Act V,Epilogue,King Henry Viii,"For such a one we show'd 'em: if they smile,",3265
Act V,Epilogue,King Henry Viii,"And say 'twill do, I know, within a while",3266
Act V,Epilogue,King Henry Viii,"All the best men are ours; for 'tis ill hap,",3267
Act V,Epilogue,King Henry Viii,If they hold when their ladies bid 'em clap.,3268
