act,scene,character,dialogue,line_number
Act I,Scene I,[stage direction],"Enter KING JOHN, QUEEN ELINOR, PEMBROKE, ESSEX, SALISBURY, and others, with CHATILLON",NA
Act I,Scene I,King John,"Now, say, Chatillon, what would France with us?",1
Act I,Scene I,Chatillon,"Thus, after greeting, speaks the King of France",2
Act I,Scene I,Chatillon,"In my behavior to the majesty,",3
Act I,Scene I,Chatillon,"The borrow'd majesty, of England here.",4
Act I,Scene I,Queen Elinor,A strange beginning: 'borrow'd majesty!',5
Act I,Scene I,King John,"Silence, good mother; hear the embassy.",6
Act I,Scene I,Chatillon,"Philip of France, in right and true behalf",7
Act I,Scene I,Chatillon,"Of thy deceased brother Geffrey's son,",8
Act I,Scene I,Chatillon,"Arthur Plantagenet, lays most lawful claim",9
Act I,Scene I,Chatillon,"To this fair island and the territories,",10
Act I,Scene I,Chatillon,"To Ireland, Poictiers, Anjou, Touraine, Maine,",11
Act I,Scene I,Chatillon,Desiring thee to lay aside the sword,12
Act I,Scene I,Chatillon,"Which sways usurpingly these several titles,",13
Act I,Scene I,Chatillon,"And put these same into young Arthur's hand,",14
Act I,Scene I,Chatillon,Thy nephew and right royal sovereign.,15
Act I,Scene I,King John,What follows if we disallow of this?,16
Act I,Scene I,Chatillon,"The proud control of fierce and bloody war,",17
Act I,Scene I,Chatillon,To enforce these rights so forcibly withheld.,18
Act I,Scene I,King John,"Here have we war for war and blood for blood,",19
Act I,Scene I,King John,Controlment for controlment: so answer France.,20
Act I,Scene I,Chatillon,"Then take my king's defiance from my mouth,",21
Act I,Scene I,Chatillon,The farthest limit of my embassy.,22
Act I,Scene I,King John,"Bear mine to him, and so depart in peace:",23
Act I,Scene I,King John,Be thou as lightning in the eyes of France;,24
Act I,Scene I,King John,"For ere thou canst report I will be there,",25
Act I,Scene I,King John,The thunder of my cannon shall be heard:,26
Act I,Scene I,King John,So hence! Be thou the trumpet of our wrath,27
Act I,Scene I,King John,And sullen presage of your own decay.,28
Act I,Scene I,King John,An honourable conduct let him have:,29
Act I,Scene I,King John,"Pembroke, look to 't. Farewell, Chatillon.",30
Act I,Scene I,[stage direction],Exeunt CHATILLON and PEMBROKE,NA
Act I,Scene I,Queen Elinor,"What now, my son! have I not ever said",31
Act I,Scene I,Queen Elinor,How that ambitious Constance would not cease,32
Act I,Scene I,Queen Elinor,"Till she had kindled France and all the world,",33
Act I,Scene I,Queen Elinor,Upon the right and party of her son?,34
Act I,Scene I,Queen Elinor,This might have been prevented and made whole,35
Act I,Scene I,Queen Elinor,"With very easy arguments of love,",36
Act I,Scene I,Queen Elinor,Which now the manage of two kingdoms must,37
Act I,Scene I,Queen Elinor,With fearful bloody issue arbitrate.,38
Act I,Scene I,King John,Our strong possession and our right for us.,39
Act I,Scene I,Queen Elinor,"Your strong possession much more than your right,",40
Act I,Scene I,Queen Elinor,Or else it must go wrong with you and me:,41
Act I,Scene I,Queen Elinor,"So much my conscience whispers in your ear,",42
Act I,Scene I,Queen Elinor,Which none but heaven and you and I shall hear.,43
Act I,Scene I,[stage direction],Enter a Sheriff,NA
Act I,Scene I,Essex,"My liege, here is the strangest controversy",44
Act I,Scene I,Essex,"Come from country to be judged by you,",45
Act I,Scene I,Essex,That e'er I heard: shall I produce the men?,46
Act I,Scene I,King John,Let them approach.,47
Act I,Scene I,King John,Our abbeys and our priories shall pay,48
Act I,Scene I,King John,This expedition's charge.,49
Act I,Scene I,[stage direction],Enter ROBERT and the BASTARD,NA
Act I,Scene I,King John,What men are you?,50
Act I,Scene I,Bastard,"Your faithful subject I, a gentleman",51
Act I,Scene I,Bastard,"Born in Northamptonshire and eldest son,",52
Act I,Scene I,Bastard,"As I suppose, to Robert Faulconbridge,",53
Act I,Scene I,Bastard,"A soldier, by the honour-giving hand",54
Act I,Scene I,Bastard,Of Coeur-de-lion knighted in the field.,55
Act I,Scene I,King John,What art thou?,56
Act I,Scene I,Robert,The son and heir to that same Faulconbridge.,57
Act I,Scene I,King John,"Is that the elder, and art thou the heir?",58
Act I,Scene I,King John,"You came not of one mother then, it seems.",59
Act I,Scene I,Bastard,"Most certain of one mother, mighty king;",60
Act I,Scene I,Bastard,"That is well known; and, as I think, one father:",61
Act I,Scene I,Bastard,But for the certain knowledge of that truth,62
Act I,Scene I,Bastard,I put you o'er to heaven and to my mother:,63
Act I,Scene I,Bastard,"Of that I doubt, as all men's children may.",64
Act I,Scene I,Queen Elinor,"Out on thee, rude man! thou dost shame thy mother",65
Act I,Scene I,Queen Elinor,And wound her honour with this diffidence.,66
Act I,Scene I,Bastard,"I, madam? no, I have no reason for it;",67
Act I,Scene I,Bastard,That is my brother's plea and none of mine;,68
Act I,Scene I,Bastard,"The which if he can prove, a' pops me out",69
Act I,Scene I,Bastard,At least from fair five hundred pound a year:,70
Act I,Scene I,Bastard,Heaven guard my mother's honour and my land!,71
Act I,Scene I,King John,"A good blunt fellow. Why, being younger born,",72
Act I,Scene I,King John,Doth he lay claim to thine inheritance?,73
Act I,Scene I,Bastard,"I know not why, except to get the land.",74
Act I,Scene I,Bastard,But once he slander'd me with bastardy:,75
Act I,Scene I,Bastard,"But whether I be as true begot or no,",76
Act I,Scene I,Bastard,"That still I lay upon my mother's head,",77
Act I,Scene I,Bastard,"But that I am as well begot, my liege,--",78
Act I,Scene I,Bastard,Fair fall the bones that took the pains for me!--,79
Act I,Scene I,Bastard,Compare our faces and be judge yourself.,80
Act I,Scene I,Bastard,If old sir Robert did beget us both,81
Act I,Scene I,Bastard,"And were our father and this son like him,",82
Act I,Scene I,Bastard,"O old sir Robert, father, on my knee",83
Act I,Scene I,Bastard,I give heaven thanks I was not like to thee!,84
Act I,Scene I,King John,"Why, what a madcap hath heaven lent us here!",85
Act I,Scene I,Queen Elinor,He hath a trick of Coeur-de-lion's face;,86
Act I,Scene I,Queen Elinor,The accent of his tongue affecteth him.,87
Act I,Scene I,Queen Elinor,Do you not read some tokens of my son,88
Act I,Scene I,Queen Elinor,In the large composition of this man?,89
Act I,Scene I,King John,Mine eye hath well examined his parts,90
Act I,Scene I,King John,"And finds them perfect Richard. Sirrah, speak,",91
Act I,Scene I,King John,What doth move you to claim your brother's land?,92
Act I,Scene I,Bastard,"Because he hath a half-face, like my father.",93
Act I,Scene I,Bastard,With half that face would he have all my land:,94
Act I,Scene I,Bastard,A half-faced groat five hundred pound a year!,95
Act I,Scene I,Robert,"My gracious liege, when that my father lived,",96
Act I,Scene I,Robert,"Your brother did employ my father much,--",97
Act I,Scene I,Bastard,"Well, sir, by this you cannot get my land:",98
Act I,Scene I,Bastard,Your tale must be how he employ'd my mother.,99
Act I,Scene I,Robert,And once dispatch'd him in an embassy,100
Act I,Scene I,Robert,"To Germany, there with the emperor",101
Act I,Scene I,Robert,To treat of high affairs touching that time.,102
Act I,Scene I,Robert,The advantage of his absence took the king,103
Act I,Scene I,Robert,And in the mean time sojourn'd at my father's;,104
Act I,Scene I,Robert,"Where how he did prevail I shame to speak,",105
Act I,Scene I,Robert,But truth is truth: large lengths of seas and shores,106
Act I,Scene I,Robert,"Between my father and my mother lay,",107
Act I,Scene I,Robert,"As I have heard my father speak himself,",108
Act I,Scene I,Robert,When this same lusty gentleman was got.,109
Act I,Scene I,Robert,Upon his death-bed he by will bequeath'd,110
Act I,Scene I,Robert,"His lands to me, and took it on his death",111
Act I,Scene I,Robert,That this my mother's son was none of his;,112
Act I,Scene I,Robert,"And if he were, he came into the world",113
Act I,Scene I,Robert,Full fourteen weeks before the course of time.,114
Act I,Scene I,Robert,"Then, good my liege, let me have what is mine,",115
Act I,Scene I,Robert,"My father's land, as was my father's will.",116
Act I,Scene I,King John,"Sirrah, your brother is legitimate;",117
Act I,Scene I,King John,"Your father's wife did after wedlock bear him,",118
Act I,Scene I,King John,"And if she did play false, the fault was hers;",119
Act I,Scene I,King John,Which fault lies on the hazards of all husbands,120
Act I,Scene I,King John,"That marry wives. Tell me, how if my brother,",121
Act I,Scene I,King John,"Who, as you say, took pains to get this son,",122
Act I,Scene I,King John,Had of your father claim'd this son for his?,123
Act I,Scene I,King John,"In sooth, good friend, your father might have kept",124
Act I,Scene I,King John,This calf bred from his cow from all the world;,125
Act I,Scene I,King John,"In sooth he might; then, if he were my brother's,",126
Act I,Scene I,King John,"My brother might not claim him; nor your father,",127
Act I,Scene I,King John,"Being none of his, refuse him: this concludes;",128
Act I,Scene I,King John,My mother's son did get your father's heir;,129
Act I,Scene I,King John,Your father's heir must have your father's land.,130
Act I,Scene I,Robert,Shall then my father's will be of no force,131
Act I,Scene I,Robert,To dispossess that child which is not his?,132
Act I,Scene I,Bastard,"Of no more force to dispossess me, sir,",133
Act I,Scene I,Bastard,"Than was his will to get me, as I think.",134
Act I,Scene I,Queen Elinor,Whether hadst thou rather be a Faulconbridge,135
Act I,Scene I,Queen Elinor,"And like thy brother, to enjoy thy land,",136
Act I,Scene I,Queen Elinor,"Or the reputed son of Coeur-de-lion,",137
Act I,Scene I,Queen Elinor,Lord of thy presence and no land beside?,138
Act I,Scene I,Bastard,"Madam, an if my brother had my shape,",139
Act I,Scene I,Bastard,"And I had his, sir Robert's his, like him;",140
Act I,Scene I,Bastard,"And if my legs were two such riding-rods,",141
Act I,Scene I,Bastard,"My arms such eel-skins stuff'd, my face so thin",142
Act I,Scene I,Bastard,That in mine ear I durst not stick a rose,143
Act I,Scene I,Bastard,"Lest men should say 'Look, where three-farthings goes!'",144
Act I,Scene I,Bastard,"And, to his shape, were heir to all this land,",145
Act I,Scene I,Bastard,"Would I might never stir from off this place,",146
Act I,Scene I,Bastard,I would give it every foot to have this face;,147
Act I,Scene I,Bastard,I would not be sir Nob in any case.,148
Act I,Scene I,Queen Elinor,"I like thee well: wilt thou forsake thy fortune,",149
Act I,Scene I,Queen Elinor,Bequeath thy land to him and follow me?,150
Act I,Scene I,Queen Elinor,I am a soldier and now bound to France.,151
Act I,Scene I,Bastard,"Brother, take you my land, I'll take my chance.",152
Act I,Scene I,Bastard,"Your face hath got five hundred pound a year,",153
Act I,Scene I,Bastard,Yet sell your face for five pence and 'tis dear.,154
Act I,Scene I,Bastard,"Madam, I'll follow you unto the death.",155
Act I,Scene I,Queen Elinor,"Nay, I would have you go before me thither.",156
Act I,Scene I,Bastard,Our country manners give our betters way.,157
Act I,Scene I,King John,What is thy name?,158
Act I,Scene I,Bastard,"Philip, my liege, so is my name begun,",159
Act I,Scene I,Bastard,"Philip, good old sir Robert's wife's eldest son.",160
Act I,Scene I,King John,From henceforth bear his name whose form thou bear'st:,161
Act I,Scene I,King John,"Kneel thou down Philip, but rise more great,",162
Act I,Scene I,King John,Arise sir Richard and Plantagenet.,163
Act I,Scene I,Bastard,"Brother by the mother's side, give me your hand:",164
Act I,Scene I,Bastard,"My father gave me honour, yours gave land.",165
Act I,Scene I,Bastard,"Now blessed by the hour, by night or day,",166
Act I,Scene I,Bastard,"When I was got, sir Robert was away!",167
Act I,Scene I,Queen Elinor,The very spirit of Plantagenet!,168
Act I,Scene I,Queen Elinor,"I am thy grandam, Richard; call me so.",169
Act I,Scene I,Bastard,"Madam, by chance but not by truth; what though?",170
Act I,Scene I,Bastard,"Something about, a little from the right,",171
Act I,Scene I,Bastard,"In at the window, or else o'er the hatch:",172
Act I,Scene I,Bastard,"Who dares not stir by day must walk by night,",173
Act I,Scene I,Bastard,"And have is have, however men do catch:",174
Act I,Scene I,Bastard,"Near or far off, well won is still well shot,",175
Act I,Scene I,Bastard,"And I am I, howe'er I was begot.",176
Act I,Scene I,King John,"Go, Faulconbridge: now hast thou thy desire;",177
Act I,Scene I,King John,A landless knight makes thee a landed squire.,178
Act I,Scene I,King John,"Come, madam, and come, Richard, we must speed",179
Act I,Scene I,King John,"For France, for France, for it is more than need.",180
Act I,Scene I,Bastard,"Brother, adieu: good fortune come to thee!",181
Act I,Scene I,Bastard,For thou wast got i' the way of honesty.,182
Act I,Scene I,[stage direction],Exeunt all but BASTARD,NA
Act I,Scene I,Bastard,A foot of honour better than I was;,183
Act I,Scene I,Bastard,But many a many foot of land the worse.,184
Act I,Scene I,Bastard,"Well, now can I make any Joan a lady.",185
Act I,Scene I,Bastard,"'Good den, sir Richard!'--'God-a-mercy, fellow!'--",186
Act I,Scene I,Bastard,"And if his name be George, I'll call him Peter;",187
Act I,Scene I,Bastard,For new-made honour doth forget men's names;,188
Act I,Scene I,Bastard,'Tis too respective and too sociable,189
Act I,Scene I,Bastard,"For your conversion. Now your traveller,",190
Act I,Scene I,Bastard,"He and his toothpick at my worship's mess,",191
Act I,Scene I,Bastard,"And when my knightly stomach is sufficed,",192
Act I,Scene I,Bastard,Why then I suck my teeth and catechise,193
Act I,Scene I,Bastard,"My picked man of countries: 'My dear sir,'",194
Act I,Scene I,Bastard,"Thus, leaning on mine elbow, I begin,",195
Act I,Scene I,Bastard,'I shall beseech you'--that is question now;,196
Act I,Scene I,Bastard,And then comes answer like an Absey book:,197
Act I,Scene I,Bastard,"'O sir,' says answer, 'at your best command;",198
Act I,Scene I,Bastard,"At your employment; at your service, sir;'",199
Act I,Scene I,Bastard,"'No, sir,' says question, 'I, sweet sir, at yours:'",200
Act I,Scene I,Bastard,"And so, ere answer knows what question would,",201
Act I,Scene I,Bastard,"Saving in dialogue of compliment,",202
Act I,Scene I,Bastard,"And talking of the Alps and Apennines,",203
Act I,Scene I,Bastard,"The Pyrenean and the river Po,",204
Act I,Scene I,Bastard,It draws toward supper in conclusion so.,205
Act I,Scene I,Bastard,But this is worshipful society,206
Act I,Scene I,Bastard,"And fits the mounting spirit like myself,",207
Act I,Scene I,Bastard,For he is but a bastard to the time,208
Act I,Scene I,Bastard,That doth not smack of observation;,209
Act I,Scene I,Bastard,"And so am I, whether I smack or no;",210
Act I,Scene I,Bastard,"And not alone in habit and device,",211
Act I,Scene I,Bastard,"Exterior form, outward accoutrement,",212
Act I,Scene I,Bastard,But from the inward motion to deliver,213
Act I,Scene I,Bastard,"Sweet, sweet, sweet poison for the age's tooth:",214
Act I,Scene I,Bastard,"Which, though I will not practise to deceive,",215
Act I,Scene I,Bastard,"Yet, to avoid deceit, I mean to learn;",216
Act I,Scene I,Bastard,For it shall strew the footsteps of my rising.,217
Act I,Scene I,Bastard,But who comes in such haste in riding-robes?,218
Act I,Scene I,Bastard,What woman-post is this? hath she no husband,219
Act I,Scene I,Bastard,That will take pains to blow a horn before her?,220
Act I,Scene I,[stage direction],Enter LADY FAULCONBRIDGE and GURNEY,NA
Act I,Scene I,Bastard,"O me! it is my mother. How now, good lady!",221
Act I,Scene I,Bastard,What brings you here to court so hastily?,222
Act I,Scene I,Lady Faulconbridge,"Where is that slave, thy brother? where is he,",223
Act I,Scene I,Lady Faulconbridge,That holds in chase mine honour up and down?,224
Act I,Scene I,Bastard,My brother Robert? old sir Robert's son?,225
Act I,Scene I,Bastard,"Colbrand the giant, that same mighty man?",226
Act I,Scene I,Bastard,Is it sir Robert's son that you seek so?,227
Act I,Scene I,Lady Faulconbridge,"Sir Robert's son! Ay, thou unreverend boy,",228
Act I,Scene I,Lady Faulconbridge,Sir Robert's son: why scorn'st thou at sir Robert?,229
Act I,Scene I,Lady Faulconbridge,"He is sir Robert's son, and so art thou.",230
Act I,Scene I,Bastard,"James Gurney, wilt thou give us leave awhile?",231
Act I,Scene I,Gurney,"Good leave, good Philip.",232
Act I,Scene I,Bastard,"Philip! sparrow: James,",233
Act I,Scene I,Bastard,There's toys abroad: anon I'll tell thee more.,234
Act I,Scene I,[stage direction],Exit GURNEY,NA
Act I,Scene I,Bastard,"Madam, I was not old sir Robert's son:",235
Act I,Scene I,Bastard,Sir Robert might have eat his part in me,236
Act I,Scene I,Bastard,Upon Good-Friday and ne'er broke his fast:,237
Act I,Scene I,Bastard,"Sir Robert could do well: marry, to confess,",238
Act I,Scene I,Bastard,Could he get me? Sir Robert could not do it:,239
Act I,Scene I,Bastard,"We know his handiwork: therefore, good mother,",240
Act I,Scene I,Bastard,To whom am I beholding for these limbs?,241
Act I,Scene I,Bastard,Sir Robert never holp to make this leg.,242
Act I,Scene I,Lady Faulconbridge,"Hast thou conspired with thy brother too,",243
Act I,Scene I,Lady Faulconbridge,That for thine own gain shouldst defend mine honour?,244
Act I,Scene I,Lady Faulconbridge,"What means this scorn, thou most untoward knave?",245
Act I,Scene I,Bastard,"Knight, knight, good mother, Basilisco-like.",246
Act I,Scene I,Bastard,What! I am dubb'd! I have it on my shoulder.,247
Act I,Scene I,Bastard,"But, mother, I am not sir Robert's son;",248
Act I,Scene I,Bastard,I have disclaim'd sir Robert and my land;,249
Act I,Scene I,Bastard,"Legitimation, name and all is gone:",250
Act I,Scene I,Bastard,"Then, good my mother, let me know my father;",251
Act I,Scene I,Bastard,"Some proper man, I hope: who was it, mother?",252
Act I,Scene I,Lady Faulconbridge,Hast thou denied thyself a Faulconbridge?,253
Act I,Scene I,Bastard,As faithfully as I deny the devil.,254
Act I,Scene I,Lady Faulconbridge,King Richard Coeur-de-lion was thy father:,255
Act I,Scene I,Lady Faulconbridge,By long and vehement suit I was seduced,256
Act I,Scene I,Lady Faulconbridge,To make room for him in my husband's bed:,257
Act I,Scene I,Lady Faulconbridge,Heaven lay not my transgression to my charge!,258
Act I,Scene I,Lady Faulconbridge,"Thou art the issue of my dear offence,",259
Act I,Scene I,Lady Faulconbridge,Which was so strongly urged past my defence.,260
Act I,Scene I,Bastard,"Now, by this light, were I to get again,",261
Act I,Scene I,Bastard,"Madam, I would not wish a better father.",262
Act I,Scene I,Bastard,"Some sins do bear their privilege on earth,",263
Act I,Scene I,Bastard,And so doth yours; your fault was not your folly:,264
Act I,Scene I,Bastard,"Needs must you lay your heart at his dispose,",265
Act I,Scene I,Bastard,"Subjected tribute to commanding love,",266
Act I,Scene I,Bastard,Against whose fury and unmatched force,267
Act I,Scene I,Bastard,"The aweless lion could not wage the fight,",268
Act I,Scene I,Bastard,Nor keep his princely heart from Richard's hand.,269
Act I,Scene I,Bastard,He that perforce robs lions of their hearts,270
Act I,Scene I,Bastard,"May easily win a woman's. Ay, my mother,",271
Act I,Scene I,Bastard,With all my heart I thank thee for my father!,272
Act I,Scene I,Bastard,Who lives and dares but say thou didst not well,273
Act I,Scene I,Bastard,"When I was got, I'll send his soul to hell.",274
Act I,Scene I,Bastard,"Come, lady, I will show thee to my kin;",275
Act I,Scene I,Bastard,"And they shall say, when Richard me begot,",276
Act I,Scene I,Bastard,"If thou hadst said him nay, it had been sin:",277
Act I,Scene I,Bastard,"Who says it was, he lies; I say 'twas not.",278
Act I,Scene I,[stage direction],Exeunt,NA
Act II,Scene I,[stage direction],"Enter AUSTRIA and forces, drums, etc. on one side:  on the other KING PHILIP and his power; LEWIS, ARTHUR, CONSTANCE and attendants",NA
Act II,Scene I,Lewis,"Before Angiers well met, brave Austria.",279
Act II,Scene I,Lewis,"Arthur, that great forerunner of thy blood,",280
Act II,Scene I,Lewis,"Richard, that robb'd the lion of his heart",281
Act II,Scene I,Lewis,"And fought the holy wars in Palestine,",282
Act II,Scene I,Lewis,By this brave duke came early to his grave:,283
Act II,Scene I,Lewis,"And for amends to his posterity,",284
Act II,Scene I,Lewis,"At our importance hither is he come,",285
Act II,Scene I,Lewis,"To spread his colours, boy, in thy behalf,",286
Act II,Scene I,Lewis,And to rebuke the usurpation,287
Act II,Scene I,Lewis,"Of thy unnatural uncle, English John:",288
Act II,Scene I,Lewis,"Embrace him, love him, give him welcome hither.",289
Act II,Scene I,Arthur,God shall forgive you Coeur-de-lion's death,290
Act II,Scene I,Arthur,"The rather that you give his offspring life,",291
Act II,Scene I,Arthur,Shadowing their right under your wings of war:,292
Act II,Scene I,Arthur,"I give you welcome with a powerless hand,",293
Act II,Scene I,Arthur,But with a heart full of unstained love:,294
Act II,Scene I,Arthur,"Welcome before the gates of Angiers, duke.",295
Act II,Scene I,Lewis,A noble boy! Who would not do thee right?,296
Act II,Scene I,Austria,"Upon thy cheek lay I this zealous kiss,",297
Act II,Scene I,Austria,"As seal to this indenture of my love,",298
Act II,Scene I,Austria,"That to my home I will no more return,",299
Act II,Scene I,Austria,"Till Angiers and the right thou hast in France,",300
Act II,Scene I,Austria,"Together with that pale, that white-faced shore,",301
Act II,Scene I,Austria,Whose foot spurns back the ocean's roaring tides,302
Act II,Scene I,Austria,"And coops from other lands her islanders,",303
Act II,Scene I,Austria,"Even till that England, hedged in with the main,",304
Act II,Scene I,Austria,"That water-walled bulwark, still secure",305
Act II,Scene I,Austria,"And confident from foreign purposes,",306
Act II,Scene I,Austria,Even till that utmost corner of the west,307
Act II,Scene I,Austria,"Salute thee for her king: till then, fair boy,",308
Act II,Scene I,Austria,"Will I not think of home, but follow arms.",309
Act II,Scene I,Constance,"O, take his mother's thanks, a widow's thanks,",310
Act II,Scene I,Constance,Till your strong hand shall help to give him strength,311
Act II,Scene I,Constance,To make a more requital to your love!,312
Act II,Scene I,Austria,The peace of heaven is theirs that lift their swords,313
Act II,Scene I,Austria,In such a just and charitable war.,314
Act II,Scene I,King Philip,"Well then, to work: our cannon shall be bent",315
Act II,Scene I,King Philip,Against the brows of this resisting town.,316
Act II,Scene I,King Philip,"Call for our chiefest men of discipline,",317
Act II,Scene I,King Philip,To cull the plots of best advantages:,318
Act II,Scene I,King Philip,"We'll lay before this town our royal bones,",319
Act II,Scene I,King Philip,"Wade to the market-place in Frenchmen's blood,",320
Act II,Scene I,King Philip,But we will make it subject to this boy.,321
Act II,Scene I,Constance,"Stay for an answer to your embassy,",322
Act II,Scene I,Constance,Lest unadvised you stain your swords with blood:,323
Act II,Scene I,Constance,"My Lord Chatillon may from England bring,",324
Act II,Scene I,Constance,"That right in peace which here we urge in war,",325
Act II,Scene I,Constance,And then we shall repent each drop of blood,326
Act II,Scene I,Constance,That hot rash haste so indirectly shed.,327
Act II,Scene I,[stage direction],Enter CHATILLON,NA
Act II,Scene I,King Philip,"A wonder, lady! lo, upon thy wish,",328
Act II,Scene I,King Philip,Our messenger Chatillon is arrived!,329
Act II,Scene I,King Philip,"What England says, say briefly, gentle lord;",330
Act II,Scene I,King Philip,"We coldly pause for thee; Chatillon, speak.",331
Act II,Scene I,Chatillon,Then turn your forces from this paltry siege,332
Act II,Scene I,Chatillon,And stir them up against a mightier task.,333
Act II,Scene I,Chatillon,"England, impatient of your just demands,",334
Act II,Scene I,Chatillon,"Hath put himself in arms: the adverse winds,",335
Act II,Scene I,Chatillon,"Whose leisure I have stay'd, have given him time",336
Act II,Scene I,Chatillon,To land his legions all as soon as I;,337
Act II,Scene I,Chatillon,"His marches are expedient to this town,",338
Act II,Scene I,Chatillon,"His forces strong, his soldiers confident.",339
Act II,Scene I,Chatillon,"With him along is come the mother-queen,",340
Act II,Scene I,Chatillon,"An Ate, stirring him to blood and strife;",341
Act II,Scene I,Chatillon,"With her her niece, the Lady Blanch of Spain;",342
Act II,Scene I,Chatillon,"With them a bastard of the king's deceased,",343
Act II,Scene I,Chatillon,"And all the unsettled humours of the land,",344
Act II,Scene I,Chatillon,"Rash, inconsiderate, fiery voluntaries,",345
Act II,Scene I,Chatillon,"With ladies' faces and fierce dragons' spleens,",346
Act II,Scene I,Chatillon,"Have sold their fortunes at their native homes,",347
Act II,Scene I,Chatillon,"Bearing their birthrights proudly on their backs,",348
Act II,Scene I,Chatillon,To make hazard of new fortunes here:,349
Act II,Scene I,Chatillon,"In brief, a braver choice of dauntless spirits",350
Act II,Scene I,Chatillon,Than now the English bottoms have waft o'er,351
Act II,Scene I,Chatillon,"Did nearer float upon the swelling tide,",352
Act II,Scene I,Chatillon,To do offence and scath in Christendom.,353
Act II,Scene I,[stage direction],Drum beats,NA
Act II,Scene I,Chatillon,The interruption of their churlish drums,354
Act II,Scene I,Chatillon,"Cuts off more circumstance: they are at hand,",355
Act II,Scene I,Chatillon,To parley or to fight; therefore prepare.,356
Act II,Scene I,King Philip,How much unlook'd for is this expedition!,357
Act II,Scene I,Austria,"By how much unexpected, by so much",358
Act II,Scene I,Austria,We must awake endavour for defence;,359
Act II,Scene I,Austria,For courage mounteth with occasion:,360
Act II,Scene I,Austria,Let them be welcome then: we are prepared.,361
Act II,Scene I,[stage direction],"Enter KING JOHN, QUEEN ELINOR, BLANCH, the BASTARD, Lords, and forces",NA
Act II,Scene I,King John,"Peace be to France, if France in peace permit",362
Act II,Scene I,King John,Our just and lineal entrance to our own;,363
Act II,Scene I,King John,"If not, bleed France, and peace ascend to heaven,",364
Act II,Scene I,King John,"Whiles we, God's wrathful agent, do correct",365
Act II,Scene I,King John,Their proud contempt that beats His peace to heaven.,366
Act II,Scene I,King Philip,"Peace be to England, if that war return",367
Act II,Scene I,King Philip,"From France to England, there to live in peace.",368
Act II,Scene I,King Philip,England we love; and for that England's sake,369
Act II,Scene I,King Philip,With burden of our armour here we sweat.,370
Act II,Scene I,King Philip,This toil of ours should be a work of thine;,371
Act II,Scene I,King Philip,"But thou from loving England art so far,",372
Act II,Scene I,King Philip,That thou hast under-wrought his lawful king,373
Act II,Scene I,King Philip,"Cut off the sequence of posterity,",374
Act II,Scene I,King Philip,Out-faced infant state and done a rape,375
Act II,Scene I,King Philip,Upon the maiden virtue of the crown.,376
Act II,Scene I,King Philip,Look here upon thy brother Geffrey's face;,377
Act II,Scene I,King Philip,"These eyes, these brows, were moulded out of his:",378
Act II,Scene I,King Philip,This little abstract doth contain that large,379
Act II,Scene I,King Philip,"Which died in Geffrey, and the hand of time",380
Act II,Scene I,King Philip,Shall draw this brief into as huge a volume.,381
Act II,Scene I,King Philip,"That Geffrey was thy elder brother born,",382
Act II,Scene I,King Philip,And this his son; England was Geffrey's right,383
Act II,Scene I,King Philip,And this is Geffrey's: in the name of God,384
Act II,Scene I,King Philip,"How comes it then that thou art call'd a king,",385
Act II,Scene I,King Philip,"When living blood doth in these temples beat,",386
Act II,Scene I,King Philip,Which owe the crown that thou o'ermasterest?,387
Act II,Scene I,King John,"From whom hast thou this great commission, France,",388
Act II,Scene I,King John,To draw my answer from thy articles?,389
Act II,Scene I,King Philip,"From that supernal judge, that stirs good thoughts",390
Act II,Scene I,King Philip,"In any breast of strong authority,",391
Act II,Scene I,King Philip,To look into the blots and stains of right:,392
Act II,Scene I,King Philip,That judge hath made me guardian to this boy:,393
Act II,Scene I,King Philip,Under whose warrant I impeach thy wrong,394
Act II,Scene I,King Philip,And by whose help I mean to chastise it.,395
Act II,Scene I,King John,"Alack, thou dost usurp authority.",396
Act II,Scene I,King Philip,Excuse; it is to beat usurping down.,397
Act II,Scene I,Queen Elinor,"Who is it thou dost call usurper, France?",398
Act II,Scene I,Constance,Let me make answer; thy usurping son.,399
Act II,Scene I,Queen Elinor,"Out, insolent! thy bastard shall be king,",400
Act II,Scene I,Queen Elinor,"That thou mayst be a queen, and cheque the world!",401
Act II,Scene I,Constance,My bed was ever to thy son as true,402
Act II,Scene I,Constance,As thine was to thy husband; and this boy,403
Act II,Scene I,Constance,Liker in feature to his father Geffrey,404
Act II,Scene I,Constance,Than thou and John in manners; being as like,405
Act II,Scene I,Constance,"As rain to water, or devil to his dam.",406
Act II,Scene I,Constance,"My boy a bastard! By my soul, I think",407
Act II,Scene I,Constance,His father never was so true begot:,408
Act II,Scene I,Constance,"It cannot be, an if thou wert his mother.",409
Act II,Scene I,Queen Elinor,"There's a good mother, boy, that blots thy father.",410
Act II,Scene I,Constance,"There's a good grandam, boy, that would blot thee.",411
Act II,Scene I,Austria,Peace!,412
Act II,Scene I,Bastard,Hear the crier.,413
Act II,Scene I,Austria,What the devil art thou?,414
Act II,Scene I,Bastard,"One that will play the devil, sir, with you,",415
Act II,Scene I,Bastard,An a' may catch your hide and you alone:,416
Act II,Scene I,Bastard,"You are the hare of whom the proverb goes,",417
Act II,Scene I,Bastard,Whose valour plucks dead lions by the beard;,418
Act II,Scene I,Bastard,"I'll smoke your skin-coat, an I catch you right;",419
Act II,Scene I,Bastard,"Sirrah, look to't; i' faith, I will, i' faith.",420
Act II,Scene I,Blanch,"O, well did he become that lion's robe",421
Act II,Scene I,Blanch,That did disrobe the lion of that robe!,422
Act II,Scene I,Bastard,It lies as sightly on the back of him,423
Act II,Scene I,Bastard,As great Alcides' shows upon an ass:,424
Act II,Scene I,Bastard,"But, ass, I'll take that burthen from your back,",425
Act II,Scene I,Bastard,Or lay on that shall make your shoulders crack.,426
Act II,Scene I,Austria,What craker is this same that deafs our ears,427
Act II,Scene I,Austria,With this abundance of superfluous breath?,428
Act II,Scene I,King Philip,"Lewis, determine what we shall do straight.",429
Act II,Scene I,Lewis,"Women and fools, break off your conference.",430
Act II,Scene I,Lewis,"King John, this is the very sum of all;",431
Act II,Scene I,Lewis,"England and Ireland, Anjou, Touraine, Maine,",432
Act II,Scene I,Lewis,In right of Arthur do I claim of thee:,433
Act II,Scene I,Lewis,Wilt thou resign them and lay down thy arms?,434
Act II,Scene I,King John,"My life as soon: I do defy thee, France.",435
Act II,Scene I,King John,"Arthur of Bretagne, yield thee to my hand;",436
Act II,Scene I,King John,And out of my dear love I'll give thee more,437
Act II,Scene I,King John,Than e'er the coward hand of France can win:,438
Act II,Scene I,King John,"Submit thee, boy.",439
Act II,Scene I,Queen Elinor,"Come to thy grandam, child.",440
Act II,Scene I,Constance,"Do, child, go to it grandam, child:",441
Act II,Scene I,Constance,"Give grandam kingdom, and it grandam will",442
Act II,Scene I,Constance,"Give it a plum, a cherry, and a fig:",443
Act II,Scene I,Constance,There's a good grandam.,444
Act II,Scene I,Arthur,"Good my mother, peace!",445
Act II,Scene I,Arthur,I would that I were low laid in my grave:,446
Act II,Scene I,Arthur,I am not worth this coil that's made for me.,447
Act II,Scene I,Queen Elinor,"His mother shames him so, poor boy, he weeps.",448
Act II,Scene I,Constance,"Now shame upon you, whether she does or no!",449
Act II,Scene I,Constance,"His grandam's wrongs, and not his mother's shames,",450
Act II,Scene I,Constance,"Draws those heaven-moving pearls from his poor eyes,",451
Act II,Scene I,Constance,Which heaven shall take in nature of a fee;,452
Act II,Scene I,Constance,"Ay, with these crystal beads heaven shall be bribed",453
Act II,Scene I,Constance,To do him justice and revenge on you.,454
Act II,Scene I,Queen Elinor,Thou monstrous slanderer of heaven and earth!,455
Act II,Scene I,Constance,Thou monstrous injurer of heaven and earth!,456
Act II,Scene I,Constance,Call not me slanderer; thou and thine usurp,457
Act II,Scene I,Constance,"The dominations, royalties and rights",458
Act II,Scene I,Constance,"Of this oppressed boy: this is thy eld'st son's son,",459
Act II,Scene I,Constance,Infortunate in nothing but in thee:,460
Act II,Scene I,Constance,Thy sins are visited in this poor child;,461
Act II,Scene I,Constance,"The canon of the law is laid on him,",462
Act II,Scene I,Constance,Being but the second generation,463
Act II,Scene I,Constance,Removed from thy sin-conceiving womb.,464
Act II,Scene I,King John,"Bedlam, have done.",465
Act II,Scene I,Constance,"I have but this to say,",466
Act II,Scene I,Constance,"That he is not only plagued for her sin,",467
Act II,Scene I,Constance,But God hath made her sin and her the plague,468
Act II,Scene I,Constance,"On this removed issue, plague for her",469
Act II,Scene I,Constance,"And with her plague; her sin his injury,",470
Act II,Scene I,Constance,"Her injury the beadle to her sin,",471
Act II,Scene I,Constance,"All punish'd in the person of this child,",472
Act II,Scene I,Constance,And all for her; a plague upon her!,473
Act II,Scene I,Queen Elinor,"Thou unadvised scold, I can produce",474
Act II,Scene I,Queen Elinor,A will that bars the title of thy son.,475
Act II,Scene I,Constance,"Ay, who doubts that? a will! a wicked will:",476
Act II,Scene I,Constance,A woman's will; a canker'd grandam's will!,477
Act II,Scene I,King Philip,"Peace, lady! pause, or be more temperate:",478
Act II,Scene I,King Philip,It ill beseems this presence to cry aim,479
Act II,Scene I,King Philip,To these ill-tuned repetitions.,480
Act II,Scene I,King Philip,Some trumpet summon hither to the walls,481
Act II,Scene I,King Philip,These men of Angiers: let us hear them speak,482
Act II,Scene I,King Philip,"Whose title they admit, Arthur's or John's.",483
Act II,Scene I,[stage direction],Trumpet sounds. Enter certain Citizens upon the walls,NA
Act II,Scene I,First Citizen,Who is it that hath warn'd us to the walls?,484
Act II,Scene I,King Philip,"'Tis France, for England.",485
Act II,Scene I,King John,"England, for itself.",486
Act II,Scene I,King John,"You men of Angiers, and my loving subjects--",487
Act II,Scene I,King Philip,"You loving men of Angiers, Arthur's subjects,",488
Act II,Scene I,King Philip,Our trumpet call'd you to this gentle parle--,489
Act II,Scene I,King John,For our advantage; therefore hear us first.,490
Act II,Scene I,King John,"These flags of France, that are advanced here",491
Act II,Scene I,King John,"Before the eye and prospect of your town,",492
Act II,Scene I,King John,Have hither march'd to your endamagement:,493
Act II,Scene I,King John,"The cannons have their bowels full of wrath,",494
Act II,Scene I,King John,And ready mounted are they to spit forth,495
Act II,Scene I,King John,Their iron indignation 'gainst your walls:,496
Act II,Scene I,King John,All preparation for a bloody siege,497
Act II,Scene I,King John,All merciless proceeding by these French,498
Act II,Scene I,King John,"Confronts your city's eyes, your winking gates;",499
Act II,Scene I,King John,"And but for our approach those sleeping stones,",500
Act II,Scene I,King John,"That as a waist doth girdle you about,",501
Act II,Scene I,King John,By the compulsion of their ordinance,502
Act II,Scene I,King John,By this time from their fixed beds of lime,503
Act II,Scene I,King John,"Had been dishabited, and wide havoc made",504
Act II,Scene I,King John,For bloody power to rush upon your peace.,505
Act II,Scene I,King John,"But on the sight of us your lawful king,",506
Act II,Scene I,King John,Who painfully with much expedient march,507
Act II,Scene I,King John,"Have brought a countercheque before your gates,",508
Act II,Scene I,King John,"To save unscratch'd your city's threatened cheeks,",509
Act II,Scene I,King John,"Behold, the French amazed vouchsafe a parle;",510
Act II,Scene I,King John,"And now, instead of bullets wrapp'd in fire,",511
Act II,Scene I,King John,"To make a shaking fever in your walls,",512
Act II,Scene I,King John,"They shoot but calm words folded up in smoke,",513
Act II,Scene I,King John,To make a faithless error in your ears:,514
Act II,Scene I,King John,"Which trust accordingly, kind citizens,",515
Act II,Scene I,King John,"And let us in, your king, whose labour'd spirits,",516
Act II,Scene I,King John,"Forwearied in this action of swift speed,",517
Act II,Scene I,King John,Crave harbourage within your city walls.,518
Act II,Scene I,King Philip,"When I have said, make answer to us both.",519
Act II,Scene I,King Philip,"Lo, in this right hand, whose protection",520
Act II,Scene I,King Philip,Is most divinely vow'd upon the right,521
Act II,Scene I,King Philip,"Of him it holds, stands young Plantagenet,",522
Act II,Scene I,King Philip,"Son to the elder brother of this man,",523
Act II,Scene I,King Philip,And king o'er him and all that he enjoys:,524
Act II,Scene I,King Philip,"For this down-trodden equity, we tread",525
Act II,Scene I,King Philip,"In warlike march these greens before your town,",526
Act II,Scene I,King Philip,Being no further enemy to you,527
Act II,Scene I,King Philip,Than the constraint of hospitable zeal,528
Act II,Scene I,King Philip,In the relief of this oppressed child,529
Act II,Scene I,King Philip,Religiously provokes. Be pleased then,530
Act II,Scene I,King Philip,To pay that duty which you truly owe,531
Act II,Scene I,King Philip,"To that owes it, namely this young prince:",532
Act II,Scene I,King Philip,"And then our arms, like to a muzzled bear,",533
Act II,Scene I,King Philip,"Save in aspect, hath all offence seal'd up;",534
Act II,Scene I,King Philip,Our cannons' malice vainly shall be spent,535
Act II,Scene I,King Philip,Against the invulnerable clouds of heaven;,536
Act II,Scene I,King Philip,"And with a blessed and unvex'd retire,",537
Act II,Scene I,King Philip,"With unhack'd swords and helmets all unbruised,",538
Act II,Scene I,King Philip,We will bear home that lusty blood again,539
Act II,Scene I,King Philip,"Which here we came to spout against your town,",540
Act II,Scene I,King Philip,"And leave your children, wives and you in peace.",541
Act II,Scene I,King Philip,"But if you fondly pass our proffer'd offer,",542
Act II,Scene I,King Philip,'Tis not the roundure of your old-faced walls,543
Act II,Scene I,King Philip,"Can hide you from our messengers of war,",544
Act II,Scene I,King Philip,Though all these English and their discipline,545
Act II,Scene I,King Philip,Were harbour'd in their rude circumference.,546
Act II,Scene I,King Philip,"Then tell us, shall your city call us lord,",547
Act II,Scene I,King Philip,In that behalf which we have challenged it?,548
Act II,Scene I,King Philip,Or shall we give the signal to our rage,549
Act II,Scene I,King Philip,And stalk in blood to our possession?,550
Act II,Scene I,First Citizen,"In brief, we are the king of England's subjects:",551
Act II,Scene I,First Citizen,"For him, and in his right, we hold this town.",552
Act II,Scene I,King John,"Acknowledge then the king, and let me in.",553
Act II,Scene I,First Citizen,"That can we not; but he that proves the king,",554
Act II,Scene I,First Citizen,To him will we prove loyal: till that time,555
Act II,Scene I,First Citizen,Have we ramm'd up our gates against the world.,556
Act II,Scene I,King John,Doth not the crown of England prove the king?,557
Act II,Scene I,King John,"And if not that, I bring you witnesses,",558
Act II,Scene I,King John,"Twice fifteen thousand hearts of England's breed,--",559
Act II,Scene I,Bastard,"Bastards, and else.",560
Act II,Scene I,King John,To verify our title with their lives.,561
Act II,Scene I,King Philip,"As many and as well-born bloods as those,--",562
Act II,Scene I,Bastard,Some bastards too.,563
Act II,Scene I,King Philip,Stand in his face to contradict his claim.,564
Act II,Scene I,First Citizen,"Till you compound whose right is worthiest,",565
Act II,Scene I,First Citizen,We for the worthiest hold the right from both.,566
Act II,Scene I,King John,Then God forgive the sin of all those souls,567
Act II,Scene I,King John,"That to their everlasting residence,",568
Act II,Scene I,King John,"Before the dew of evening fall, shall fleet,",569
Act II,Scene I,King John,In dreadful trial of our kingdom's king!,570
Act II,Scene I,King Philip,"Amen, amen! Mount, chevaliers! to arms!",571
Act II,Scene I,Bastard,"Saint George, that swinged the dragon, and e'er since",572
Act II,Scene I,Bastard,"Sits on his horseback at mine hostess' door,",573
Act II,Scene I,Bastard,Teach us some fence!,574
Act II,Scene I,[stage direction],To AUSTRIA,NA
Act II,Scene I,Bastard,"Sirrah, were I at home,",575
Act II,Scene I,Bastard,"At your den, sirrah, with your lioness",576
Act II,Scene I,Bastard,"I would set an ox-head to your lion's hide,",577
Act II,Scene I,Bastard,And make a monster of you.,578
Act II,Scene I,Austria,Peace! no more.,579
Act II,Scene I,Bastard,"O tremble, for you hear the lion roar.",580
Act II,Scene I,King John,Up higher to the plain; where we'll set forth,581
Act II,Scene I,King John,In best appointment all our regiments.,582
Act II,Scene I,Bastard,"Speed then, to take advantage of the field.",583
Act II,Scene I,King Philip,It shall be so; and at the other hill,584
Act II,Scene I,King Philip,Command the rest to stand. God and our right!,585
Act II,Scene I,[stage direction],Exeunt,NA
Act II,Scene I,[stage direction],"Here after excursions, enter the Herald of France, with trumpets, to the gates",NA
Act II,Scene I,French Herald,"You men of Angiers, open wide your gates,",586
Act II,Scene I,French Herald,"And let young Arthur, Duke of Bretagne, in,",587
Act II,Scene I,French Herald,Who by the hand of France this day hath made,588
Act II,Scene I,French Herald,"Much work for tears in many an English mother,",589
Act II,Scene I,French Herald,Whose sons lie scattered on the bleeding ground;,590
Act II,Scene I,French Herald,"Many a widow's husband grovelling lies,",591
Act II,Scene I,French Herald,Coldly embracing the discolour'd earth;,592
Act II,Scene I,French Herald,"And victory, with little loss, doth play",593
Act II,Scene I,French Herald,"Upon the dancing banners of the French,",594
Act II,Scene I,French Herald,"Who are at hand, triumphantly display'd,",595
Act II,Scene I,French Herald,To enter conquerors and to proclaim,596
Act II,Scene I,French Herald,Arthur of Bretagne England's king and yours.,597
Act II,Scene I,[stage direction],"Enter English Herald, with trumpet",NA
Act II,Scene I,English Herald,"Rejoice, you men of Angiers, ring your bells:",598
Act II,Scene I,English Herald,"King John, your king and England's doth approach,",599
Act II,Scene I,English Herald,Commander of this hot malicious day:,600
Act II,Scene I,English Herald,"Their armours, that march'd hence so silver-bright,",601
Act II,Scene I,English Herald,Hither return all gilt with Frenchmen's blood;,602
Act II,Scene I,English Herald,There stuck no plume in any English crest,603
Act II,Scene I,English Herald,That is removed by a staff of France;,604
Act II,Scene I,English Herald,Our colours do return in those same hands,605
Act II,Scene I,English Herald,That did display them when we first march'd forth;,606
Act II,Scene I,English Herald,"And, like a troop of jolly huntsmen, come",607
Act II,Scene I,English Herald,"Our lusty English, all with purpled hands,",608
Act II,Scene I,English Herald,Dyed in the dying slaughter of their foes:,609
Act II,Scene I,English Herald,Open your gates and gives the victors way.,610
Act II,Scene I,First Citizen,"Heralds, from off our towers we might behold,",611
Act II,Scene I,First Citizen,"From first to last, the onset and retire",612
Act II,Scene I,First Citizen,Of both your armies; whose equality,613
Act II,Scene I,First Citizen,By our best eyes cannot be censured:,614
Act II,Scene I,First Citizen,Blood hath bought blood and blows have answered blows;,615
Act II,Scene I,First Citizen,"Strength match'd with strength, and power confronted power:",616
Act II,Scene I,First Citizen,Both are alike; and both alike we like.,617
Act II,Scene I,First Citizen,"One must prove greatest: while they weigh so even,",618
Act II,Scene I,First Citizen,"We hold our town for neither, yet for both.",619
Act II,Scene I,[stage direction],"Re-enter KING JOHN and KING PHILIP, with their powers, severally",NA
Act II,Scene I,King John,"France, hast thou yet more blood to cast away?",620
Act II,Scene I,King John,"Say, shall the current of our right run on?",621
Act II,Scene I,King John,"Whose passage, vex'd with thy impediment,",622
Act II,Scene I,King John,Shall leave his native channel and o'erswell,623
Act II,Scene I,King John,"With course disturb'd even thy confining shores,",624
Act II,Scene I,King John,Unless thou let his silver water keep,625
Act II,Scene I,King John,A peaceful progress to the ocean.,626
Act II,Scene I,King Philip,"England, thou hast not saved one drop of blood,",627
Act II,Scene I,King Philip,"In this hot trial, more than we of France;",628
Act II,Scene I,King Philip,"Rather, lost more. And by this hand I swear,",629
Act II,Scene I,King Philip,"That sways the earth this climate overlooks,",630
Act II,Scene I,King Philip,"Before we will lay down our just-borne arms,",631
Act II,Scene I,King Philip,"We'll put thee down, 'gainst whom these arms we bear,",632
Act II,Scene I,King Philip,"Or add a royal number to the dead,",633
Act II,Scene I,King Philip,Gracing the scroll that tells of this war's loss,634
Act II,Scene I,King Philip,With slaughter coupled to the name of kings.,635
Act II,Scene I,Bastard,"Ha, majesty! how high thy glory towers,",636
Act II,Scene I,Bastard,When the rich blood of kings is set on fire!,637
Act II,Scene I,Bastard,"O, now doth Death line his dead chaps with steel;",638
Act II,Scene I,Bastard,"The swords of soldiers are his teeth, his fangs;",639
Act II,Scene I,Bastard,"And now he feasts, mousing the flesh of men,",640
Act II,Scene I,Bastard,In undetermined differences of kings.,641
Act II,Scene I,Bastard,Why stand these royal fronts amazed thus?,642
Act II,Scene I,Bastard,"Cry, 'havoc!' kings; back to the stained field,",643
Act II,Scene I,Bastard,"You equal potents, fiery kindled spirits!",644
Act II,Scene I,Bastard,Then let confusion of one part confirm,645
Act II,Scene I,Bastard,"The other's peace: till then, blows, blood and death!",646
Act II,Scene I,King John,Whose party do the townsmen yet admit?,647
Act II,Scene I,King Philip,"Speak, citizens, for England; who's your king?",648
Act II,Scene I,First Citizen,The king of England; when we know the king.,649
Act II,Scene I,King Philip,"Know him in us, that here hold up his right.",650
Act II,Scene I,King John,"In us, that are our own great deputy",651
Act II,Scene I,King John,"And bear possession of our person here,",652
Act II,Scene I,King John,"Lord of our presence, Angiers, and of you.",653
Act II,Scene I,First Citizen,A greater power then we denies all this;,654
Act II,Scene I,First Citizen,"And till it be undoubted, we do lock",655
Act II,Scene I,First Citizen,Our former scruple in our strong-barr'd gates;,656
Act II,Scene I,First Citizen,"King'd of our fears, until our fears, resolved,",657
Act II,Scene I,First Citizen,Be by some certain king purged and deposed.,658
Act II,Scene I,Bastard,"By heaven, these scroyles of Angiers flout you, kings,",659
Act II,Scene I,Bastard,"And stand securely on their battlements,",660
Act II,Scene I,Bastard,"As in a theatre, whence they gape and point",661
Act II,Scene I,Bastard,At your industrious scenes and acts of death.,662
Act II,Scene I,Bastard,Your royal presences be ruled by me:,663
Act II,Scene I,Bastard,"Do like the mutines of Jerusalem,",664
Act II,Scene I,Bastard,Be friends awhile and both conjointly bend,665
Act II,Scene I,Bastard,Your sharpest deeds of malice on this town:,666
Act II,Scene I,Bastard,By east and west let France and England mount,667
Act II,Scene I,Bastard,"Their battering cannon charged to the mouths,",668
Act II,Scene I,Bastard,Till their soul-fearing clamours have brawl'd down,669
Act II,Scene I,Bastard,The flinty ribs of this contemptuous city:,670
Act II,Scene I,Bastard,"I'ld play incessantly upon these jades,",671
Act II,Scene I,Bastard,Even till unfenced desolation,672
Act II,Scene I,Bastard,Leave them as naked as the vulgar air.,673
Act II,Scene I,Bastard,"That done, dissever your united strengths,",674
Act II,Scene I,Bastard,And part your mingled colours once again;,675
Act II,Scene I,Bastard,Turn face to face and bloody point to point;,676
Act II,Scene I,Bastard,"Then, in a moment, Fortune shall cull forth",677
Act II,Scene I,Bastard,"Out of one side her happy minion,",678
Act II,Scene I,Bastard,"To whom in favour she shall give the day,",679
Act II,Scene I,Bastard,And kiss him with a glorious victory.,680
Act II,Scene I,Bastard,"How like you this wild counsel, mighty states?",681
Act II,Scene I,Bastard,Smacks it not something of the policy?,682
Act II,Scene I,King John,"Now, by the sky that hangs above our heads,",683
Act II,Scene I,King John,"I like it well. France, shall we knit our powers",684
Act II,Scene I,King John,And lay this Angiers even to the ground;,685
Act II,Scene I,King John,Then after fight who shall be king of it?,686
Act II,Scene I,Bastard,"An if thou hast the mettle of a king,",687
Act II,Scene I,Bastard,"Being wronged as we are by this peevish town,",688
Act II,Scene I,Bastard,"Turn thou the mouth of thy artillery,",689
Act II,Scene I,Bastard,"As we will ours, against these saucy walls;",690
Act II,Scene I,Bastard,"And when that we have dash'd them to the ground,",691
Act II,Scene I,Bastard,Why then defy each other and pell-mell,692
Act II,Scene I,Bastard,"Make work upon ourselves, for heaven or hell.",693
Act II,Scene I,King Philip,"Let it be so. Say, where will you assault?",694
Act II,Scene I,King John,We from the west will send destruction,695
Act II,Scene I,King John,Into this city's bosom.,696
Act II,Scene I,Austria,I from the north.,697
Act II,Scene I,King Philip,Our thunder from the south,698
Act II,Scene I,King Philip,Shall rain their drift of bullets on this town.,699
Act II,Scene I,Bastard,O prudent discipline! From north to south:,700
Act II,Scene I,Bastard,Austria and France shoot in each other's mouth:,701
Act II,Scene I,Bastard,"I'll stir them to it. Come, away, away!",702
Act II,Scene I,First Citizen,"Hear us, great kings: vouchsafe awhile to stay,",703
Act II,Scene I,First Citizen,And I shall show you peace and fair-faced league;,704
Act II,Scene I,First Citizen,Win you this city without stroke or wound;,705
Act II,Scene I,First Citizen,"Rescue those breathing lives to die in beds,",706
Act II,Scene I,First Citizen,That here come sacrifices for the field:,707
Act II,Scene I,First Citizen,"Persever not, but hear me, mighty kings.",708
Act II,Scene I,King John,Speak on with favour; we are bent to hear.,709
Act II,Scene I,First Citizen,"That daughter there of Spain, the Lady Blanch,",710
Act II,Scene I,First Citizen,Is niece to England: look upon the years,711
Act II,Scene I,First Citizen,Of Lewis the Dauphin and that lovely maid:,712
Act II,Scene I,First Citizen,"If lusty love should go in quest of beauty,",713
Act II,Scene I,First Citizen,Where should he find it fairer than in Blanch?,714
Act II,Scene I,First Citizen,"If zealous love should go in search of virtue,",715
Act II,Scene I,First Citizen,Where should he find it purer than in Blanch?,716
Act II,Scene I,First Citizen,"If love ambitious sought a match of birth,",717
Act II,Scene I,First Citizen,Whose veins bound richer blood than Lady Blanch?,718
Act II,Scene I,First Citizen,"Such as she is, in beauty, virtue, birth,",719
Act II,Scene I,First Citizen,Is the young Dauphin every way complete:,720
Act II,Scene I,First Citizen,"If not complete of, say he is not she;",721
Act II,Scene I,First Citizen,"And she again wants nothing, to name want,",722
Act II,Scene I,First Citizen,If want it be not that she is not he:,723
Act II,Scene I,First Citizen,"He is the half part of a blessed man,",724
Act II,Scene I,First Citizen,Left to be finished by such as she;,725
Act II,Scene I,First Citizen,"And she a fair divided excellence,",726
Act II,Scene I,First Citizen,Whose fulness of perfection lies in him.,727
Act II,Scene I,First Citizen,"O, two such silver currents, when they join,",728
Act II,Scene I,First Citizen,Do glorify the banks that bound them in;,729
Act II,Scene I,First Citizen,"And two such shores to two such streams made one,",730
Act II,Scene I,First Citizen,"Two such controlling bounds shall you be, kings,",731
Act II,Scene I,First Citizen,"To these two princes, if you marry them.",732
Act II,Scene I,First Citizen,This union shall do more than battery can,733
Act II,Scene I,First Citizen,"To our fast-closed gates; for at this match,",734
Act II,Scene I,First Citizen,"With swifter spleen than powder can enforce,",735
Act II,Scene I,First Citizen,"The mouth of passage shall we fling wide ope,",736
Act II,Scene I,First Citizen,"And give you entrance: but without this match,",737
Act II,Scene I,First Citizen,"The sea enraged is not half so deaf,",738
Act II,Scene I,First Citizen,"Lions more confident, mountains and rocks",739
Act II,Scene I,First Citizen,"More free from motion, no, not Death himself",740
Act II,Scene I,First Citizen,"In moral fury half so peremptory,",741
Act II,Scene I,First Citizen,As we to keep this city.,742
Act II,Scene I,Bastard,Here's a stay,743
Act II,Scene I,Bastard,That shakes the rotten carcass of old Death,744
Act II,Scene I,Bastard,"Out of his rags! Here's a large mouth, indeed,",745
Act II,Scene I,Bastard,"That spits forth death and mountains, rocks and seas,",746
Act II,Scene I,Bastard,Talks as familiarly of roaring lions,747
Act II,Scene I,Bastard,As maids of thirteen do of puppy-dogs!,748
Act II,Scene I,Bastard,What cannoneer begot this lusty blood?,749
Act II,Scene I,Bastard,"He speaks plain cannon fire, and smoke and bounce;",750
Act II,Scene I,Bastard,He gives the bastinado with his tongue:,751
Act II,Scene I,Bastard,Our ears are cudgell'd; not a word of his,752
Act II,Scene I,Bastard,But buffets better than a fist of France:,753
Act II,Scene I,Bastard,Zounds! I was never so bethump'd with words,754
Act II,Scene I,Bastard,Since I first call'd my brother's father dad.,755
Act II,Scene I,Queen Elinor,"Son, list to this conjunction, make this match;",756
Act II,Scene I,Queen Elinor,Give with our niece a dowry large enough:,757
Act II,Scene I,Queen Elinor,For by this knot thou shalt so surely tie,758
Act II,Scene I,Queen Elinor,"Thy now unsured assurance to the crown,",759
Act II,Scene I,Queen Elinor,That yon green boy shall have no sun to ripe,760
Act II,Scene I,Queen Elinor,The bloom that promiseth a mighty fruit.,761
Act II,Scene I,Queen Elinor,I see a yielding in the looks of France;,762
Act II,Scene I,Queen Elinor,"Mark, how they whisper: urge them while their souls",763
Act II,Scene I,Queen Elinor,"Are capable of this ambition,",764
Act II,Scene I,Queen Elinor,"Lest zeal, now melted by the windy breath",765
Act II,Scene I,Queen Elinor,"Of soft petitions, pity and remorse,",766
Act II,Scene I,Queen Elinor,Cool and congeal again to what it was.,767
Act II,Scene I,First Citizen,Why answer not the double majesties,768
Act II,Scene I,First Citizen,This friendly treaty of our threaten'd town?,769
Act II,Scene I,King Philip,"Speak England first, that hath been forward first",770
Act II,Scene I,King Philip,To speak unto this city: what say you?,771
Act II,Scene I,King John,"If that the Dauphin there, thy princely son,",772
Act II,Scene I,King John,"Can in this book of beauty read 'I love,'",773
Act II,Scene I,King John,Her dowry shall weigh equal with a queen:,774
Act II,Scene I,King John,"For Anjou and fair Touraine, Maine, Poictiers,",775
Act II,Scene I,King John,"And all that we upon this side the sea,",776
Act II,Scene I,King John,"Except this city now by us besieged,",777
Act II,Scene I,King John,"Find liable to our crown and dignity,",778
Act II,Scene I,King John,Shall gild her bridal bed and make her rich,779
Act II,Scene I,King John,"In titles, honours and promotions,",780
Act II,Scene I,King John,"As she in beauty, education, blood,",781
Act II,Scene I,King John,Holds hand with any princess of the world.,782
Act II,Scene I,King Philip,"What say'st thou, boy? look in the lady's face.",783
Act II,Scene I,Lewis,"I do, my lord; and in her eye I find",784
Act II,Scene I,Lewis,"A wonder, or a wondrous miracle,",785
Act II,Scene I,Lewis,The shadow of myself form'd in her eye:,786
Act II,Scene I,Lewis,"Which being but the shadow of your son,",787
Act II,Scene I,Lewis,Becomes a sun and makes your son a shadow:,788
Act II,Scene I,Lewis,I do protest I never loved myself,789
Act II,Scene I,Lewis,Till now infixed I beheld myself,790
Act II,Scene I,Lewis,Drawn in the flattering table of her eye.,791
Act II,Scene I,[stage direction],Whispers with BLANCH,NA
Act II,Scene I,Bastard,Drawn in the flattering table of her eye!,792
Act II,Scene I,Bastard,Hang'd in the frowning wrinkle of her brow!,793
Act II,Scene I,Bastard,And quarter'd in her heart! he doth espy,794
Act II,Scene I,Bastard,"Himself love's traitor: this is pity now,",795
Act II,Scene I,Bastard,"That hang'd and drawn and quartered, there should be",796
Act II,Scene I,Bastard,In such a love so vile a lout as he.,797
Act II,Scene I,Blanch,My uncle's will in this respect is mine:,798
Act II,Scene I,Blanch,"If he see aught in you that makes him like,",799
Act II,Scene I,Blanch,"That any thing he sees, which moves his liking,",800
Act II,Scene I,Blanch,I can with ease translate it to my will;,801
Act II,Scene I,Blanch,"Or if you will, to speak more properly,",802
Act II,Scene I,Blanch,I will enforce it easily to my love.,803
Act II,Scene I,Blanch,"Further I will not flatter you, my lord,",804
Act II,Scene I,Blanch,"That all I see in you is worthy love,",805
Act II,Scene I,Blanch,"Than this; that nothing do I see in you,",806
Act II,Scene I,Blanch,"Though churlish thoughts themselves should be your judge,",807
Act II,Scene I,Blanch,That I can find should merit any hate.,808
Act II,Scene I,King John,What say these young ones? What say you my niece?,809
Act II,Scene I,Blanch,That she is bound in honour still to do,810
Act II,Scene I,Blanch,What you in wisdom still vouchsafe to say.,811
Act II,Scene I,King John,"Speak then, prince Dauphin; can you love this lady?",812
Act II,Scene I,Lewis,"Nay, ask me if I can refrain from love;",813
Act II,Scene I,Lewis,For I do love her most unfeignedly.,814
Act II,Scene I,King John,"Then do I give Volquessen, Touraine, Maine,",815
Act II,Scene I,King John,"Poictiers and Anjou, these five provinces,",816
Act II,Scene I,King John,"With her to thee; and this addition more,",817
Act II,Scene I,King John,Full thirty thousand marks of English coin.,818
Act II,Scene I,King John,"Philip of France, if thou be pleased withal,",819
Act II,Scene I,King John,Command thy son and daughter to join hands.,820
Act II,Scene I,King Philip,"It likes us well; young princes, close your hands.",821
Act II,Scene I,Austria,And your lips too; for I am well assured,822
Act II,Scene I,Austria,That I did so when I was first assured.,823
Act II,Scene I,King Philip,"Now, citizens of Angiers, ope your gates,",824
Act II,Scene I,King Philip,Let in that amity which you have made;,825
Act II,Scene I,King Philip,For at Saint Mary's chapel presently,826
Act II,Scene I,King Philip,The rites of marriage shall be solemnized.,827
Act II,Scene I,King Philip,Is not the Lady Constance in this troop?,828
Act II,Scene I,King Philip,"I know she is not, for this match made up",829
Act II,Scene I,King Philip,Her presence would have interrupted much:,830
Act II,Scene I,King Philip,"Where is she and her son? tell me, who knows.",831
Act II,Scene I,Lewis,She is sad and passionate at your highness' tent.,832
Act II,Scene I,King Philip,"And, by my faith, this league that we have made",833
Act II,Scene I,King Philip,Will give her sadness very little cure.,834
Act II,Scene I,King Philip,"Brother of England, how may we content",835
Act II,Scene I,King Philip,This widow lady? In her right we came;,836
Act II,Scene I,King Philip,"Which we, God knows, have turn'd another way,",837
Act II,Scene I,King Philip,To our own vantage.,838
Act II,Scene I,King John,We will heal up all;,839
Act II,Scene I,King John,For we'll create young Arthur Duke of Bretagne,840
Act II,Scene I,King John,And Earl of Richmond; and this rich fair town,841
Act II,Scene I,King John,We make him lord of. Call the Lady Constance;,842
Act II,Scene I,King John,Some speedy messenger bid her repair,843
Act II,Scene I,King John,"To our solemnity: I trust we shall,",844
Act II,Scene I,King John,"If not fill up the measure of her will,",845
Act II,Scene I,King John,Yet in some measure satisfy her so,846
Act II,Scene I,King John,That we shall stop her exclamation.,847
Act II,Scene I,King John,"Go we, as well as haste will suffer us,",848
Act II,Scene I,King John,"To this unlook'd for, unprepared pomp.",849
Act II,Scene I,[stage direction],Exeunt all but the BASTARD,NA
Act II,Scene I,Bastard,Mad world! mad kings! mad composition!,850
Act II,Scene I,Bastard,"John, to stop Arthur's title in the whole,",851
Act II,Scene I,Bastard,"Hath willingly departed with a part,",852
Act II,Scene I,Bastard,"And France, whose armour conscience buckled on,",853
Act II,Scene I,Bastard,Whom zeal and charity brought to the field,854
Act II,Scene I,Bastard,"As God's own soldier, rounded in the ear",855
Act II,Scene I,Bastard,"With that same purpose-changer, that sly devil,",856
Act II,Scene I,Bastard,"That broker, that still breaks the pate of faith,",857
Act II,Scene I,Bastard,"That daily break-vow, he that wins of all,",858
Act II,Scene I,Bastard,"Of kings, of beggars, old men, young men, maids,",859
Act II,Scene I,Bastard,"Who, having no external thing to lose",860
Act II,Scene I,Bastard,"But the word 'maid,' cheats the poor maid of that,",861
Act II,Scene I,Bastard,"That smooth-faced gentleman, tickling Commodity,",862
Act II,Scene I,Bastard,"Commodity, the bias of the world,",863
Act II,Scene I,Bastard,"The world, who of itself is peised well,",864
Act II,Scene I,Bastard,"Made to run even upon even ground,",865
Act II,Scene I,Bastard,"Till this advantage, this vile-drawing bias,",866
Act II,Scene I,Bastard,"This sway of motion, this Commodity,",867
Act II,Scene I,Bastard,"Makes it take head from all indifferency,",868
Act II,Scene I,Bastard,"From all direction, purpose, course, intent:",869
Act II,Scene I,Bastard,"And this same bias, this Commodity,",870
Act II,Scene I,Bastard,"This bawd, this broker, this all-changing word,",871
Act II,Scene I,Bastard,"Clapp'd on the outward eye of fickle France,",872
Act II,Scene I,Bastard,"Hath drawn him from his own determined aid,",873
Act II,Scene I,Bastard,"From a resolved and honourable war,",874
Act II,Scene I,Bastard,To a most base and vile-concluded peace.,875
Act II,Scene I,Bastard,And why rail I on this Commodity?,876
Act II,Scene I,Bastard,But for because he hath not woo'd me yet:,877
Act II,Scene I,Bastard,"Not that I have the power to clutch my hand,",878
Act II,Scene I,Bastard,When his fair angels would salute my palm;,879
Act II,Scene I,Bastard,"But for my hand, as unattempted yet,",880
Act II,Scene I,Bastard,"Like a poor beggar, raileth on the rich.",881
Act II,Scene I,Bastard,"Well, whiles I am a beggar, I will rail",882
Act II,Scene I,Bastard,And say there is no sin but to be rich;,883
Act II,Scene I,Bastard,"And being rich, my virtue then shall be",884
Act II,Scene I,Bastard,To say there is no vice but beggary.,885
Act II,Scene I,Bastard,"Since kings break faith upon commodity,",886
Act II,Scene I,Bastard,"Gain, be my lord, for I will worship thee.",887
Act II,Scene I,[stage direction],Exit,NA
Act III,Scene I,[stage direction],"Enter CONSTANCE, ARTHUR, and SALISBURY",NA
Act III,Scene I,Constance,Gone to be married! gone to swear a peace!,888
Act III,Scene I,Constance,False blood to false blood join'd! gone to be friends!,889
Act III,Scene I,Constance,"Shall Lewis have Blanch, and Blanch those provinces?",890
Act III,Scene I,Constance,"It is not so; thou hast misspoke, misheard:",891
Act III,Scene I,Constance,"Be well advised, tell o'er thy tale again:",892
Act III,Scene I,Constance,It cannot be; thou dost but say 'tis so:,893
Act III,Scene I,Constance,I trust I may not trust thee; for thy word,894
Act III,Scene I,Constance,Is but the vain breath of a common man:,895
Act III,Scene I,Constance,"Believe me, I do not believe thee, man;",896
Act III,Scene I,Constance,I have a king's oath to the contrary.,897
Act III,Scene I,Constance,"Thou shalt be punish'd for thus frighting me,",898
Act III,Scene I,Constance,"For I am sick and capable of fears,",899
Act III,Scene I,Constance,"Oppress'd with wrongs and therefore full of fears,",900
Act III,Scene I,Constance,"A widow, husbandless, subject to fears,",901
Act III,Scene I,Constance,"A woman, naturally born to fears;",902
Act III,Scene I,Constance,"And though thou now confess thou didst but jest,",903
Act III,Scene I,Constance,"With my vex'd spirits I cannot take a truce,",904
Act III,Scene I,Constance,But they will quake and tremble all this day.,905
Act III,Scene I,Constance,What dost thou mean by shaking of thy head?,906
Act III,Scene I,Constance,Why dost thou look so sadly on my son?,907
Act III,Scene I,Constance,What means that hand upon that breast of thine?,908
Act III,Scene I,Constance,"Why holds thine eye that lamentable rheum,",909
Act III,Scene I,Constance,Like a proud river peering o'er his bounds?,910
Act III,Scene I,Constance,Be these sad signs confirmers of thy words?,911
Act III,Scene I,Constance,"Then speak again; not all thy former tale,",912
Act III,Scene I,Constance,"But this one word, whether thy tale be true.",913
Act III,Scene I,Salisbury,As true as I believe you think them false,914
Act III,Scene I,Salisbury,That give you cause to prove my saying true.,915
Act III,Scene I,Constance,"O, if thou teach me to believe this sorrow,",916
Act III,Scene I,Constance,"Teach thou this sorrow how to make me die,",917
Act III,Scene I,Constance,And let belief and life encounter so,918
Act III,Scene I,Constance,As doth the fury of two desperate men,919
Act III,Scene I,Constance,Which in the very meeting fall and die.,920
Act III,Scene I,Constance,"Lewis marry Blanch! O boy, then where art thou?",921
Act III,Scene I,Constance,"France friend with England, what becomes of me?",922
Act III,Scene I,Constance,"Fellow, be gone: I cannot brook thy sight:",923
Act III,Scene I,Constance,This news hath made thee a most ugly man.,924
Act III,Scene I,Salisbury,"What other harm have I, good lady, done,",925
Act III,Scene I,Salisbury,But spoke the harm that is by others done?,926
Act III,Scene I,Constance,Which harm within itself so heinous is,927
Act III,Scene I,Constance,As it makes harmful all that speak of it.,928
Act III,Scene I,Arthur,"I do beseech you, madam, be content.",929
Act III,Scene I,Constance,"If thou, that bid'st me be content, wert grim,",930
Act III,Scene I,Constance,"Ugly and slanderous to thy mother's womb,",931
Act III,Scene I,Constance,"Full of unpleasing blots and sightless stains,",932
Act III,Scene I,Constance,"Lame, foolish, crooked, swart, prodigious,",933
Act III,Scene I,Constance,"Patch'd with foul moles and eye-offending marks,",934
Act III,Scene I,Constance,"I would not care, I then would be content,",935
Act III,Scene I,Constance,"For then I should not love thee, no, nor thou",936
Act III,Scene I,Constance,Become thy great birth nor deserve a crown.,937
Act III,Scene I,Constance,"But thou art fair, and at thy birth, dear boy,",938
Act III,Scene I,Constance,Nature and Fortune join'd to make thee great:,939
Act III,Scene I,Constance,"Of Nature's gifts thou mayst with lilies boast,",940
Act III,Scene I,Constance,"And with the half-blown rose. But Fortune, O,",941
Act III,Scene I,Constance,"She is corrupted, changed and won from thee;",942
Act III,Scene I,Constance,"She adulterates hourly with thine uncle John,",943
Act III,Scene I,Constance,And with her golden hand hath pluck'd on France,944
Act III,Scene I,Constance,"To tread down fair respect of sovereignty,",945
Act III,Scene I,Constance,And made his majesty the bawd to theirs.,946
Act III,Scene I,Constance,"France is a bawd to Fortune and King John,",947
Act III,Scene I,Constance,"That strumpet Fortune, that usurping John!",948
Act III,Scene I,Constance,"Tell me, thou fellow, is not France forsworn?",949
Act III,Scene I,Constance,"Envenom him with words, or get thee gone",950
Act III,Scene I,Constance,And leave those woes alone which I alone,951
Act III,Scene I,Constance,Am bound to under-bear.,952
Act III,Scene I,Salisbury,"Pardon me, madam,",953
Act III,Scene I,Salisbury,I may not go without you to the kings.,954
Act III,Scene I,Constance,"Thou mayst, thou shalt; I will not go with thee:",955
Act III,Scene I,Constance,I will instruct my sorrows to be proud;,956
Act III,Scene I,Constance,For grief is proud and makes his owner stoop.,957
Act III,Scene I,Constance,To me and to the state of my great grief,958
Act III,Scene I,Constance,Let kings assemble; for my grief's so great,959
Act III,Scene I,Constance,That no supporter but the huge firm earth,960
Act III,Scene I,Constance,Can hold it up: here I and sorrows sit;,961
Act III,Scene I,Constance,"Here is my throne, bid kings come bow to it.",962
Act III,Scene I,[stage direction],Seats herself on the ground,NA
Act III,Scene I,[stage direction],"Enter KING JOHN, KING PHILLIP, LEWIS, BLANCH, QUEEN ELINOR, the BASTARD, AUSTRIA, and Attendants",NA
Act III,Scene I,King Philip,"'Tis true, fair daughter; and this blessed day",963
Act III,Scene I,King Philip,Ever in France shall be kept festival:,964
Act III,Scene I,King Philip,To solemnize this day the glorious sun,965
Act III,Scene I,King Philip,"Stays in his course and plays the alchemist,",966
Act III,Scene I,King Philip,Turning with splendor of his precious eye,967
Act III,Scene I,King Philip,The meagre cloddy earth to glittering gold:,968
Act III,Scene I,King Philip,The yearly course that brings this day about,969
Act III,Scene I,King Philip,Shall never see it but a holiday.,970
Act III,Scene I,Constance,"A wicked day, and not a holy day!",971
Act III,Scene I,[stage direction],Rising,NA
Act III,Scene I,Constance,"What hath this day deserved? what hath it done,",972
Act III,Scene I,Constance,That it in golden letters should be set,973
Act III,Scene I,Constance,Among the high tides in the calendar?,974
Act III,Scene I,Constance,"Nay, rather turn this day out of the week,",975
Act III,Scene I,Constance,"This day of shame, oppression, perjury.",976
Act III,Scene I,Constance,"Or, if it must stand still, let wives with child",977
Act III,Scene I,Constance,"Pray that their burthens may not fall this day,",978
Act III,Scene I,Constance,Lest that their hopes prodigiously be cross'd:,979
Act III,Scene I,Constance,But on this day let seamen fear no wreck;,980
Act III,Scene I,Constance,No bargains break that are not this day made:,981
Act III,Scene I,Constance,"This day, all things begun come to ill end,",982
Act III,Scene I,Constance,"Yea, faith itself to hollow falsehood change!",983
Act III,Scene I,King Philip,"By heaven, lady, you shall have no cause",984
Act III,Scene I,King Philip,To curse the fair proceedings of this day:,985
Act III,Scene I,King Philip,Have I not pawn'd to you my majesty?,986
Act III,Scene I,Constance,You have beguiled me with a counterfeit,987
Act III,Scene I,Constance,"Resembling majesty, which, being touch'd and tried,",988
Act III,Scene I,Constance,"Proves valueless: you are forsworn, forsworn;",989
Act III,Scene I,Constance,"You came in arms to spill mine enemies' blood,",990
Act III,Scene I,Constance,But now in arms you strengthen it with yours:,991
Act III,Scene I,Constance,The grappling vigour and rough frown of war,992
Act III,Scene I,Constance,"Is cold in amity and painted peace,",993
Act III,Scene I,Constance,And our oppression hath made up this league.,994
Act III,Scene I,Constance,"Arm, arm, you heavens, against these perjured kings!",995
Act III,Scene I,Constance,"A widow cries; be husband to me, heavens!",996
Act III,Scene I,Constance,Let not the hours of this ungodly day,997
Act III,Scene I,Constance,"Wear out the day in peace; but, ere sunset,",998
Act III,Scene I,Constance,Set armed discord 'twixt these perjured kings!,999
Act III,Scene I,Constance,"Hear me, O, hear me!",1000
Act III,Scene I,Austria,"Lady Constance, peace!",1001
Act III,Scene I,Constance,War! war! no peace! peace is to me a war,1002
Act III,Scene I,Constance,O Lymoges! O Austria! thou dost shame,1003
Act III,Scene I,Constance,"That bloody spoil: thou slave, thou wretch, thou coward!",1004
Act III,Scene I,Constance,"Thou little valiant, great in villany!",1005
Act III,Scene I,Constance,Thou ever strong upon the stronger side!,1006
Act III,Scene I,Constance,Thou Fortune's champion that dost never fight,1007
Act III,Scene I,Constance,But when her humorous ladyship is by,1008
Act III,Scene I,Constance,"To teach thee safety! thou art perjured too,",1009
Act III,Scene I,Constance,"And soothest up greatness. What a fool art thou,",1010
Act III,Scene I,Constance,"A ramping fool, to brag and stamp and swear",1011
Act III,Scene I,Constance,"Upon my party! Thou cold-blooded slave,",1012
Act III,Scene I,Constance,"Hast thou not spoke like thunder on my side,",1013
Act III,Scene I,Constance,"Been sworn my soldier, bidding me depend",1014
Act III,Scene I,Constance,"Upon thy stars, thy fortune and thy strength,",1015
Act III,Scene I,Constance,And dost thou now fall over to my fores?,1016
Act III,Scene I,Constance,"Thou wear a lion's hide! doff it for shame,",1017
Act III,Scene I,Constance,And hang a calf's-skin on those recreant limbs.,1018
Act III,Scene I,Austria,"O, that a man should speak those words to me!",1019
Act III,Scene I,Bastard,And hang a calf's-skin on those recreant limbs.,1020
Act III,Scene I,Austria,"Thou darest not say so, villain, for thy life.",1021
Act III,Scene I,Bastard,And hang a calf's-skin on those recreant limbs.,1022
Act III,Scene I,King John,We like not this; thou dost forget thyself.,1023
Act III,Scene I,[stage direction],Enter CARDINAL PANDULPH,NA
Act III,Scene I,King Philip,Here comes the holy legate of the pope.,1024
Act III,Scene I,Cardinal Pandulph,"Hail, you anointed deputies of heaven!",1025
Act III,Scene I,Cardinal Pandulph,"To thee, King John, my holy errand is.",1026
Act III,Scene I,Cardinal Pandulph,"I Pandulph, of fair Milan cardinal,",1027
Act III,Scene I,Cardinal Pandulph,"And from Pope Innocent the legate here,",1028
Act III,Scene I,Cardinal Pandulph,Do in his name religiously demand,1029
Act III,Scene I,Cardinal Pandulph,"Why thou against the church, our holy mother,",1030
Act III,Scene I,Cardinal Pandulph,So wilfully dost spurn; and force perforce,1031
Act III,Scene I,Cardinal Pandulph,"Keep Stephen Langton, chosen archbishop",1032
Act III,Scene I,Cardinal Pandulph,"Of Canterbury, from that holy see?",1033
Act III,Scene I,Cardinal Pandulph,"This, in our foresaid holy father's name,",1034
Act III,Scene I,Cardinal Pandulph,"Pope Innocent, I do demand of thee.",1035
Act III,Scene I,King John,What earthy name to interrogatories,1036
Act III,Scene I,King John,Can task the free breath of a sacred king?,1037
Act III,Scene I,King John,"Thou canst not, cardinal, devise a name",1038
Act III,Scene I,King John,"So slight, unworthy and ridiculous,",1039
Act III,Scene I,King John,"To charge me to an answer, as the pope.",1040
Act III,Scene I,King John,Tell him this tale; and from the mouth of England,1041
Act III,Scene I,King John,"Add thus much more, that no Italian priest",1042
Act III,Scene I,King John,Shall tithe or toll in our dominions;,1043
Act III,Scene I,King John,"But as we, under heaven, are supreme head,",1044
Act III,Scene I,King John,"So under Him that great supremacy,",1045
Act III,Scene I,King John,"Where we do reign, we will alone uphold,",1046
Act III,Scene I,King John,Without the assistance of a mortal hand:,1047
Act III,Scene I,King John,"So tell the pope, all reverence set apart",1048
Act III,Scene I,King John,To him and his usurp'd authority.,1049
Act III,Scene I,King Philip,"Brother of England, you blaspheme in this.",1050
Act III,Scene I,King John,Though you and all the kings of Christendom,1051
Act III,Scene I,King John,"Are led so grossly by this meddling priest,",1052
Act III,Scene I,King John,Dreading the curse that money may buy out;,1053
Act III,Scene I,King John,"And by the merit of vile gold, dross, dust,",1054
Act III,Scene I,King John,"Purchase corrupted pardon of a man,",1055
Act III,Scene I,King John,"Who in that sale sells pardon from himself,",1056
Act III,Scene I,King John,Though you and all the rest so grossly led,1057
Act III,Scene I,King John,"This juggling witchcraft with revenue cherish,",1058
Act III,Scene I,King John,"Yet I alone, alone do me oppose",1059
Act III,Scene I,King John,Against the pope and count his friends my foes.,1060
Act III,Scene I,Cardinal Pandulph,"Then, by the lawful power that I have,",1061
Act III,Scene I,Cardinal Pandulph,Thou shalt stand cursed and excommunicate.,1062
Act III,Scene I,Cardinal Pandulph,And blessed shall he be that doth revolt,1063
Act III,Scene I,Cardinal Pandulph,From his allegiance to an heretic;,1064
Act III,Scene I,Cardinal Pandulph,"And meritorious shall that hand be call'd,",1065
Act III,Scene I,Cardinal Pandulph,"Canonized and worshipped as a saint,",1066
Act III,Scene I,Cardinal Pandulph,That takes away by any secret course,1067
Act III,Scene I,Cardinal Pandulph,Thy hateful life.,1068
Act III,Scene I,Constance,"O, lawful let it be",1069
Act III,Scene I,Constance,That I have room with Rome to curse awhile!,1070
Act III,Scene I,Constance,"Good father cardinal, cry thou amen",1071
Act III,Scene I,Constance,To my keen curses; for without my wrong,1072
Act III,Scene I,Constance,There is no tongue hath power to curse him right.,1073
Act III,Scene I,Cardinal Pandulph,"There's law and warrant, lady, for my curse.",1074
Act III,Scene I,Constance,"And for mine too: when law can do no right,",1075
Act III,Scene I,Constance,Let it be lawful that law bar no wrong:,1076
Act III,Scene I,Constance,"Law cannot give my child his kingdom here,",1077
Act III,Scene I,Constance,For he that holds his kingdom holds the law;,1078
Act III,Scene I,Constance,"Therefore, since law itself is perfect wrong,",1079
Act III,Scene I,Constance,How can the law forbid my tongue to curse?,1080
Act III,Scene I,Cardinal Pandulph,"Philip of France, on peril of a curse,",1081
Act III,Scene I,Cardinal Pandulph,Let go the hand of that arch-heretic;,1082
Act III,Scene I,Cardinal Pandulph,"And raise the power of France upon his head,",1083
Act III,Scene I,Cardinal Pandulph,Unless he do submit himself to Rome.,1084
Act III,Scene I,Queen Elinor,"Look'st thou pale, France? do not let go thy hand.",1085
Act III,Scene I,Constance,"Look to that, devil; lest that France repent,",1086
Act III,Scene I,Constance,"And by disjoining hands, hell lose a soul.",1087
Act III,Scene I,Austria,"King Philip, listen to the cardinal.",1088
Act III,Scene I,Bastard,And hang a calf's-skin on his recreant limbs.,1089
Act III,Scene I,Austria,"Well, ruffian, I must pocket up these wrongs, Because--",1090
Act III,Scene I,Bastard,Your breeches best may carry them.,1091
Act III,Scene I,King John,"Philip, what say'st thou to the cardinal?",1092
Act III,Scene I,Constance,"What should he say, but as the cardinal?",1093
Act III,Scene I,Lewis,"Bethink you, father; for the difference",1094
Act III,Scene I,Lewis,"Is purchase of a heavy curse from Rome,",1095
Act III,Scene I,Lewis,Or the light loss of England for a friend:,1096
Act III,Scene I,Lewis,Forego the easier.,1097
Act III,Scene I,Blanch,That's the curse of Rome.,1098
Act III,Scene I,Constance,"O Lewis, stand fast! the devil tempts thee here",1099
Act III,Scene I,Constance,In likeness of a new untrimmed bride.,1100
Act III,Scene I,Blanch,"The Lady Constance speaks not from her faith,",1101
Act III,Scene I,Blanch,But from her need.,1102
Act III,Scene I,Constance,"O, if thou grant my need,",1103
Act III,Scene I,Constance,"Which only lives but by the death of faith,",1104
Act III,Scene I,Constance,"That need must needs infer this principle,",1105
Act III,Scene I,Constance,That faith would live again by death of need.,1106
Act III,Scene I,Constance,"O then, tread down my need, and faith mounts up;",1107
Act III,Scene I,Constance,"Keep my need up, and faith is trodden down!",1108
Act III,Scene I,King John,"The king is moved, and answers not to this.",1109
Act III,Scene I,Constance,"O, be removed from him, and answer well!",1110
Act III,Scene I,Austria,"Do so, King Philip; hang no more in doubt.",1111
Act III,Scene I,Bastard,"Hang nothing but a calf's-skin, most sweet lout.",1112
Act III,Scene I,King Philip,"I am perplex'd, and know not what to say.",1113
Act III,Scene I,Cardinal Pandulph,"What canst thou say but will perplex thee more,",1114
Act III,Scene I,Cardinal Pandulph,If thou stand excommunicate and cursed?,1115
Act III,Scene I,King Philip,"Good reverend father, make my person yours,",1116
Act III,Scene I,King Philip,And tell me how you would bestow yourself.,1117
Act III,Scene I,King Philip,"This royal hand and mine are newly knit,",1118
Act III,Scene I,King Philip,And the conjunction of our inward souls,1119
Act III,Scene I,King Philip,"Married in league, coupled and linked together",1120
Act III,Scene I,King Philip,With all religious strength of sacred vows;,1121
Act III,Scene I,King Philip,The latest breath that gave the sound of words,1122
Act III,Scene I,King Philip,"Was deep-sworn faith, peace, amity, true love",1123
Act III,Scene I,King Philip,"Between our kingdoms and our royal selves,",1124
Act III,Scene I,King Philip,"And even before this truce, but new before,",1125
Act III,Scene I,King Philip,No longer than we well could wash our hands,1126
Act III,Scene I,King Philip,"To clap this royal bargain up of peace,",1127
Act III,Scene I,King Philip,"Heaven knows, they were besmear'd and over-stain'd",1128
Act III,Scene I,King Philip,"With slaughter's pencil, where revenge did paint",1129
Act III,Scene I,King Philip,The fearful difference of incensed kings:,1130
Act III,Scene I,King Philip,"And shall these hands, so lately purged of blood,",1131
Act III,Scene I,King Philip,"So newly join'd in love, so strong in both,",1132
Act III,Scene I,King Philip,Unyoke this seizure and this kind regreet?,1133
Act III,Scene I,King Philip,"Play fast and loose with faith? so jest with heaven,",1134
Act III,Scene I,King Philip,"Make such unconstant children of ourselves,",1135
Act III,Scene I,King Philip,"As now again to snatch our palm from palm,",1136
Act III,Scene I,King Philip,"Unswear faith sworn, and on the marriage-bed",1137
Act III,Scene I,King Philip,"Of smiling peace to march a bloody host,",1138
Act III,Scene I,King Philip,And make a riot on the gentle brow,1139
Act III,Scene I,King Philip,"Of true sincerity? O, holy sir,",1140
Act III,Scene I,King Philip,"My reverend father, let it not be so!",1141
Act III,Scene I,King Philip,"Out of your grace, devise, ordain, impose",1142
Act III,Scene I,King Philip,Some gentle order; and then we shall be blest,1143
Act III,Scene I,King Philip,To do your pleasure and continue friends.,1144
Act III,Scene I,Cardinal Pandulph,"All form is formless, order orderless,",1145
Act III,Scene I,Cardinal Pandulph,Save what is opposite to England's love.,1146
Act III,Scene I,Cardinal Pandulph,"Therefore to arms! be champion of our church,",1147
Act III,Scene I,Cardinal Pandulph,"Or let the church, our mother, breathe her curse,",1148
Act III,Scene I,Cardinal Pandulph,"A mother's curse, on her revolting son.",1149
Act III,Scene I,Cardinal Pandulph,"France, thou mayst hold a serpent by the tongue,",1150
Act III,Scene I,Cardinal Pandulph,"A chafed lion by the mortal paw,",1151
Act III,Scene I,Cardinal Pandulph,"A fasting tiger safer by the tooth,",1152
Act III,Scene I,Cardinal Pandulph,Than keep in peace that hand which thou dost hold.,1153
Act III,Scene I,King Philip,"I may disjoin my hand, but not my faith.",1154
Act III,Scene I,Cardinal Pandulph,So makest thou faith an enemy to faith;,1155
Act III,Scene I,Cardinal Pandulph,"And like a civil war set'st oath to oath,",1156
Act III,Scene I,Cardinal Pandulph,"Thy tongue against thy tongue. O, let thy vow",1157
Act III,Scene I,Cardinal Pandulph,"First made to heaven, first be to heaven perform'd,",1158
Act III,Scene I,Cardinal Pandulph,"That is, to be the champion of our church!",1159
Act III,Scene I,Cardinal Pandulph,What since thou sworest is sworn against thyself,1160
Act III,Scene I,Cardinal Pandulph,"And may not be performed by thyself,",1161
Act III,Scene I,Cardinal Pandulph,For that which thou hast sworn to do amiss,1162
Act III,Scene I,Cardinal Pandulph,"Is not amiss when it is truly done,",1163
Act III,Scene I,Cardinal Pandulph,"And being not done, where doing tends to ill,",1164
Act III,Scene I,Cardinal Pandulph,The truth is then most done not doing it:,1165
Act III,Scene I,Cardinal Pandulph,The better act of purposes mistook,1166
Act III,Scene I,Cardinal Pandulph,"Is to mistake again; though indirect,",1167
Act III,Scene I,Cardinal Pandulph,"Yet indirection thereby grows direct,",1168
Act III,Scene I,Cardinal Pandulph,"And falsehood falsehood cures, as fire cools fire",1169
Act III,Scene I,Cardinal Pandulph,Within the scorched veins of one new-burn'd.,1170
Act III,Scene I,Cardinal Pandulph,It is religion that doth make vows kept;,1171
Act III,Scene I,Cardinal Pandulph,"But thou hast sworn against religion,",1172
Act III,Scene I,Cardinal Pandulph,"By what thou swear'st against the thing thou swear'st,",1173
Act III,Scene I,Cardinal Pandulph,And makest an oath the surety for thy truth,1174
Act III,Scene I,Cardinal Pandulph,Against an oath: the truth thou art unsure,1175
Act III,Scene I,Cardinal Pandulph,"To swear, swears only not to be forsworn;",1176
Act III,Scene I,Cardinal Pandulph,Else what a mockery should it be to swear!,1177
Act III,Scene I,Cardinal Pandulph,But thou dost swear only to be forsworn;,1178
Act III,Scene I,Cardinal Pandulph,"And most forsworn, to keep what thou dost swear.",1179
Act III,Scene I,Cardinal Pandulph,Therefore thy later vows against thy first,1180
Act III,Scene I,Cardinal Pandulph,Is in thyself rebellion to thyself;,1181
Act III,Scene I,Cardinal Pandulph,And better conquest never canst thou make,1182
Act III,Scene I,Cardinal Pandulph,Than arm thy constant and thy nobler parts,1183
Act III,Scene I,Cardinal Pandulph,Against these giddy loose suggestions:,1184
Act III,Scene I,Cardinal Pandulph,"Upon which better part our prayers come in,",1185
Act III,Scene I,Cardinal Pandulph,"If thou vouchsafe them. But if not, then know",1186
Act III,Scene I,Cardinal Pandulph,The peril of our curses light on thee,1187
Act III,Scene I,Cardinal Pandulph,"So heavy as thou shalt not shake them off,",1188
Act III,Scene I,Cardinal Pandulph,But in despair die under their black weight.,1189
Act III,Scene I,Austria,"Rebellion, flat rebellion!",1190
Act III,Scene I,Bastard,Will't not be?,1191
Act III,Scene I,Bastard,Will not a calfs-skin stop that mouth of thine?,1192
Act III,Scene I,Lewis,"Father, to arms!",1193
Act III,Scene I,Blanch,Upon thy wedding-day?,1194
Act III,Scene I,Blanch,Against the blood that thou hast married?,1195
Act III,Scene I,Blanch,"What, shall our feast be kept with slaughter'd men?",1196
Act III,Scene I,Blanch,"Shall braying trumpets and loud churlish drums,",1197
Act III,Scene I,Blanch,"Clamours of hell, be measures to our pomp?",1198
Act III,Scene I,Blanch,"O husband, hear me! ay, alack, how new",1199
Act III,Scene I,Blanch,"Is husband in my mouth! even for that name,",1200
Act III,Scene I,Blanch,"Which till this time my tongue did ne'er pronounce,",1201
Act III,Scene I,Blanch,"Upon my knee I beg, go not to arms",1202
Act III,Scene I,Blanch,Against mine uncle.,1203
Act III,Scene I,Constance,"O, upon my knee,",1204
Act III,Scene I,Constance,"Made hard with kneeling, I do pray to thee,",1205
Act III,Scene I,Constance,"Thou virtuous Dauphin, alter not the doom",1206
Act III,Scene I,Constance,Forethought by heaven!,1207
Act III,Scene I,Blanch,Now shall I see thy love: what motive may,1208
Act III,Scene I,Blanch,Be stronger with thee than the name of wife?,1209
Act III,Scene I,Constance,"That which upholdeth him that thee upholds,",1210
Act III,Scene I,Constance,"His honour: O, thine honour, Lewis, thine honour!",1211
Act III,Scene I,Lewis,"I muse your majesty doth seem so cold,",1212
Act III,Scene I,Lewis,When such profound respects do pull you on.,1213
Act III,Scene I,Cardinal Pandulph,I will denounce a curse upon his head.,1214
Act III,Scene I,King Philip,"Thou shalt not need. England, I will fall from thee.",1215
Act III,Scene I,Constance,O fair return of banish'd majesty!,1216
Act III,Scene I,Queen Elinor,O foul revolt of French inconstancy!,1217
Act III,Scene I,King John,"France, thou shalt rue this hour within this hour.",1218
Act III,Scene I,Bastard,"Old Time the clock-setter, that bald sexton Time,",1219
Act III,Scene I,Bastard,"Is it as he will? well then, France shall rue.",1220
Act III,Scene I,Blanch,"The sun's o'ercast with blood: fair day, adieu!",1221
Act III,Scene I,Blanch,Which is the side that I must go withal?,1222
Act III,Scene I,Blanch,I am with both: each army hath a hand;,1223
Act III,Scene I,Blanch,"And in their rage, I having hold of both,",1224
Act III,Scene I,Blanch,They swirl asunder and dismember me.,1225
Act III,Scene I,Blanch,"Husband, I cannot pray that thou mayst win;",1226
Act III,Scene I,Blanch,"Uncle, I needs must pray that thou mayst lose;",1227
Act III,Scene I,Blanch,"Father, I may not wish the fortune thine;",1228
Act III,Scene I,Blanch,"Grandam, I will not wish thy fortunes thrive:",1229
Act III,Scene I,Blanch,"Whoever wins, on that side shall I lose",1230
Act III,Scene I,Blanch,Assured loss before the match be play'd.,1231
Act III,Scene I,Lewis,"Lady, with me, with me thy fortune lies.",1232
Act III,Scene I,Blanch,"There where my fortune lives, there my life dies.",1233
Act III,Scene I,King John,"Cousin, go draw our puissance together.",1234
Act III,Scene I,[stage direction],Exit BASTARD,NA
Act III,Scene I,King John,"France, I am burn'd up with inflaming wrath;",1235
Act III,Scene I,King John,"A rage whose heat hath this condition,",1236
Act III,Scene I,King John,"That nothing can allay, nothing but blood,",1237
Act III,Scene I,King John,"The blood, and dearest-valued blood, of France.",1238
Act III,Scene I,King Philip,"Thy rage sham burn thee up, and thou shalt turn",1239
Act III,Scene I,King Philip,"To ashes, ere our blood shall quench that fire:",1240
Act III,Scene I,King Philip,"Look to thyself, thou art in jeopardy.",1241
Act III,Scene I,King John,No more than he that threats. To arms let's hie!,1242
Act III,Scene I,[stage direction],Exeunt,NA
Act III,Scene II,[stage direction],"Alarums, excursions. Enter the BASTARD, with AUSTRIA'S head",NA
Act III,Scene II,Bastard,"Now, by my life, this day grows wondrous hot;",1243
Act III,Scene II,Bastard,Some airy devil hovers in the sky,1244
Act III,Scene II,Bastard,"And pours down mischief. Austria's head lie there,",1245
Act III,Scene II,Bastard,While Philip breathes.,1246
Act III,Scene II,[stage direction],"Enter KING JOHN, ARTHUR, and HUBERT",NA
Act III,Scene II,King John,"Hubert, keep this boy. Philip, make up:",1247
Act III,Scene II,King John,"My mother is assailed in our tent,",1248
Act III,Scene II,King John,"And ta'en, I fear.",1249
Act III,Scene II,Bastard,"My lord, I rescued her;",1250
Act III,Scene II,Bastard,"Her highness is in safety, fear you not:",1251
Act III,Scene II,Bastard,"But on, my liege; for very little pains",1252
Act III,Scene II,Bastard,Will bring this labour to an happy end.,1253
Act III,Scene II,[stage direction],Exeunt,NA
Act III,Scene III,[stage direction],"Alarums, excursions, retreat. Enter KING JOHN,  QUEEN ELINOR, ARTHUR, the BASTARD, HUBERT, and Lords",NA
Act III,Scene III,King John,[To QUEEN ELINOR]  So shall it be; your grace shall,1254
Act III,Scene III,King John,stay behind,1255
Act III,Scene III,King John,So strongly guarded.,1256
Act III,Scene III,[stage direction],To ARTHUR,NA
Act III,Scene III,King John,"Cousin, look not sad:",1257
Act III,Scene III,King John,Thy grandam loves thee; and thy uncle will,1258
Act III,Scene III,King John,As dear be to thee as thy father was.,1259
Act III,Scene III,Arthur,"O, this will make my mother die with grief!",1260
Act III,Scene III,King John,"[To the BASTARD]  Cousin, away for England!",1261
Act III,Scene III,King John,haste before:,1262
Act III,Scene III,King John,"And, ere our coming, see thou shake the bags",1263
Act III,Scene III,King John,Of hoarding abbots; imprisoned angels,1264
Act III,Scene III,King John,Set at liberty: the fat ribs of peace,1265
Act III,Scene III,King John,Must by the hungry now be fed upon:,1266
Act III,Scene III,King John,Use our commission in his utmost force.,1267
Act III,Scene III,Bastard,"Bell, book, and candle shall not drive me back,",1268
Act III,Scene III,Bastard,When gold and silver becks me to come on.,1269
Act III,Scene III,Bastard,"I leave your highness. Grandam, I will pray,",1270
Act III,Scene III,Bastard,"If ever I remember to be holy,",1271
Act III,Scene III,Bastard,"For your fair safety; so, I kiss your hand.",1272
Act III,Scene III,Elinor,"Farewell, gentle cousin.",1273
Act III,Scene III,King John,"Coz, farewell.",1274
Act III,Scene III,[stage direction],Exit the BASTARD,NA
Act III,Scene III,Queen Elinor,"Come hither, little kinsman; hark, a word.",1275
Act III,Scene III,King John,"Come hither, Hubert. O my gentle Hubert,",1276
Act III,Scene III,King John,We owe thee much! within this wall of flesh,1277
Act III,Scene III,King John,There is a soul counts thee her creditor,1278
Act III,Scene III,King John,And with advantage means to pay thy love:,1279
Act III,Scene III,King John,"And my good friend, thy voluntary oath",1280
Act III,Scene III,King John,"Lives in this bosom, dearly cherished.",1281
Act III,Scene III,King John,"Give me thy hand. I had a thing to say,",1282
Act III,Scene III,King John,But I will fit it with some better time.,1283
Act III,Scene III,King John,"By heaven, Hubert, I am almost ashamed",1284
Act III,Scene III,King John,To say what good respect I have of thee.,1285
Act III,Scene III,Hubert,I am much bounden to your majesty.,1286
Act III,Scene III,King John,"Good friend, thou hast no cause to say so yet,",1287
Act III,Scene III,King John,"But thou shalt have; and creep time ne'er so slow,",1288
Act III,Scene III,King John,Yet it shall come from me to do thee good.,1289
Act III,Scene III,King John,"I had a thing to say, but let it go:",1290
Act III,Scene III,King John,"The sun is in the heaven, and the proud day,",1291
Act III,Scene III,King John,"Attended with the pleasures of the world,",1292
Act III,Scene III,King John,Is all too wanton and too full of gawds,1293
Act III,Scene III,King John,To give me audience: if the midnight bell,1294
Act III,Scene III,King John,"Did, with his iron tongue and brazen mouth,",1295
Act III,Scene III,King John,Sound on into the drowsy race of night;,1296
Act III,Scene III,King John,"If this same were a churchyard where we stand,",1297
Act III,Scene III,King John,"And thou possessed with a thousand wrongs,",1298
Act III,Scene III,King John,"Or if that surly spirit, melancholy,",1299
Act III,Scene III,King John,"Had baked thy blood and made it heavy-thick,",1300
Act III,Scene III,King John,"Which else runs tickling up and down the veins,",1301
Act III,Scene III,King John,"Making that idiot, laughter, keep men's eyes",1302
Act III,Scene III,King John,"And strain their cheeks to idle merriment,",1303
Act III,Scene III,King John,"A passion hateful to my purposes,",1304
Act III,Scene III,King John,"Or if that thou couldst see me without eyes,",1305
Act III,Scene III,King John,"Hear me without thine ears, and make reply",1306
Act III,Scene III,King John,"Without a tongue, using conceit alone,",1307
Act III,Scene III,King John,"Without eyes, ears and harmful sound of words;",1308
Act III,Scene III,King John,"Then, in despite of brooded watchful day,",1309
Act III,Scene III,King John,I would into thy bosom pour my thoughts:,1310
Act III,Scene III,King John,"But, ah, I will not! yet I love thee well;",1311
Act III,Scene III,King John,"And, by my troth, I think thou lovest me well.",1312
Act III,Scene III,Hubert,"So well, that what you bid me undertake,",1313
Act III,Scene III,Hubert,"Though that my death were adjunct to my act,",1314
Act III,Scene III,Hubert,"By heaven, I would do it.",1315
Act III,Scene III,King John,Do not I know thou wouldst?,1316
Act III,Scene III,King John,"Good Hubert, Hubert, Hubert, throw thine eye",1317
Act III,Scene III,King John,"On yon young boy: I'll tell thee what, my friend,",1318
Act III,Scene III,King John,He is a very serpent in my way;,1319
Act III,Scene III,King John,"And whereso'er this foot of mine doth tread,",1320
Act III,Scene III,King John,He lies before me: dost thou understand me?,1321
Act III,Scene III,King John,Thou art his keeper.,1322
Act III,Scene III,Hubert,"And I'll keep him so,",1323
Act III,Scene III,Hubert,That he shall not offend your majesty.,1324
Act III,Scene III,King John,Death.,1325
Act III,Scene III,Hubert,My lord?,1326
Act III,Scene III,King John,A grave.,1327
Act III,Scene III,Hubert,He shall not live.,1328
Act III,Scene III,King John,Enough.,1329
Act III,Scene III,King John,"I could be merry now. Hubert, I love thee;",1330
Act III,Scene III,King John,"Well, I'll not say what I intend for thee:",1331
Act III,Scene III,King John,"Remember. Madam, fare you well:",1332
Act III,Scene III,King John,I'll send those powers o'er to your majesty.,1333
Act III,Scene III,Elinor,My blessing go with thee!,1334
Act III,Scene III,King John,"For England, cousin, go:",1335
Act III,Scene III,King John,"Hubert shall be your man, attend on you",1336
Act III,Scene III,King John,"With all true duty. On toward Calais, ho!",1337
Act III,Scene III,[stage direction],Exeunt,NA
Act III,Scene IV,[stage direction],"Enter KING PHILIP, LEWIS, CARDINAL PANDULPH, and Attendants",NA
Act III,Scene IV,King Philip,"So, by a roaring tempest on the flood,",1338
Act III,Scene IV,King Philip,A whole armado of convicted sail,1339
Act III,Scene IV,King Philip,Is scatter'd and disjoin'd from fellowship.,1340
Act III,Scene IV,Cardinal Pandulph,Courage and comfort! all shall yet go well.,1341
Act III,Scene IV,King Philip,"What can go well, when we have run so ill?",1342
Act III,Scene IV,King Philip,Are we not beaten? Is not Angiers lost?,1343
Act III,Scene IV,King Philip,Arthur ta'en prisoner? divers dear friends slain?,1344
Act III,Scene IV,King Philip,"And bloody England into England gone,",1345
Act III,Scene IV,King Philip,"O'erbearing interruption, spite of France?",1346
Act III,Scene IV,Lewis,"What he hath won, that hath he fortified:",1347
Act III,Scene IV,Lewis,"So hot a speed with such advice disposed,",1348
Act III,Scene IV,Lewis,"Such temperate order in so fierce a cause,",1349
Act III,Scene IV,Lewis,Doth want example: who hath read or heard,1350
Act III,Scene IV,Lewis,Of any kindred action like to this?,1351
Act III,Scene IV,King Philip,"Well could I bear that England had this praise,",1352
Act III,Scene IV,King Philip,So we could find some pattern of our shame.,1353
Act III,Scene IV,[stage direction],Enter CONSTANCE,NA
Act III,Scene IV,King Philip,"Look, who comes here! a grave unto a soul;",1354
Act III,Scene IV,King Philip,"Holding the eternal spirit against her will,",1355
Act III,Scene IV,King Philip,In the vile prison of afflicted breath.,1356
Act III,Scene IV,King Philip,"I prithee, lady, go away with me.",1357
Act III,Scene IV,Constance,"Lo, now I now see the issue of your peace.",1358
Act III,Scene IV,King Philip,"Patience, good lady! comfort, gentle Constance!",1359
Act III,Scene IV,Constance,"No, I defy all counsel, all redress,",1360
Act III,Scene IV,Constance,"But that which ends all counsel, true redress,",1361
Act III,Scene IV,Constance,"Death, death; O amiable lovely death!",1362
Act III,Scene IV,Constance,Thou odouriferous stench! sound rottenness!,1363
Act III,Scene IV,Constance,"Arise forth from the couch of lasting night,",1364
Act III,Scene IV,Constance,"Thou hate and terror to prosperity,",1365
Act III,Scene IV,Constance,And I will kiss thy detestable bones,1366
Act III,Scene IV,Constance,And put my eyeballs in thy vaulty brows,1367
Act III,Scene IV,Constance,And ring these fingers with thy household worms,1368
Act III,Scene IV,Constance,And stop this gap of breath with fulsome dust,1369
Act III,Scene IV,Constance,And be a carrion monster like thyself:,1370
Act III,Scene IV,Constance,"Come, grin on me, and I will think thou smilest",1371
Act III,Scene IV,Constance,"And buss thee as thy wife. Misery's love,",1372
Act III,Scene IV,Constance,"O, come to me!",1373
Act III,Scene IV,King Philip,"O fair affliction, peace!",1374
Act III,Scene IV,Constance,"No, no, I will not, having breath to cry:",1375
Act III,Scene IV,Constance,"O, that my tongue were in the thunder's mouth!",1376
Act III,Scene IV,Constance,Then with a passion would I shake the world;,1377
Act III,Scene IV,Constance,And rouse from sleep that fell anatomy,1378
Act III,Scene IV,Constance,"Which cannot hear a lady's feeble voice,",1379
Act III,Scene IV,Constance,Which scorns a modern invocation.,1380
Act III,Scene IV,Cardinal Pandulph,"Lady, you utter madness, and not sorrow.",1381
Act III,Scene IV,Constance,Thou art not holy to belie me so;,1382
Act III,Scene IV,Constance,I am not mad: this hair I tear is mine;,1383
Act III,Scene IV,Constance,My name is Constance; I was Geffrey's wife;,1384
Act III,Scene IV,Constance,"Young Arthur is my son, and he is lost:",1385
Act III,Scene IV,Constance,I am not mad: I would to heaven I were!,1386
Act III,Scene IV,Constance,"For then, 'tis like I should forget myself:",1387
Act III,Scene IV,Constance,"O, if I could, what grief should I forget!",1388
Act III,Scene IV,Constance,"Preach some philosophy to make me mad,",1389
Act III,Scene IV,Constance,"And thou shalt be canonized, cardinal;",1390
Act III,Scene IV,Constance,"For being not mad but sensible of grief,",1391
Act III,Scene IV,Constance,My reasonable part produces reason,1392
Act III,Scene IV,Constance,"How I may be deliver'd of these woes,",1393
Act III,Scene IV,Constance,And teaches me to kill or hang myself:,1394
Act III,Scene IV,Constance,"If I were mad, I should forget my son,",1395
Act III,Scene IV,Constance,Or madly think a babe of clouts were he:,1396
Act III,Scene IV,Constance,"I am not mad; too well, too well I feel",1397
Act III,Scene IV,Constance,The different plague of each calamity.,1398
Act III,Scene IV,King Philip,"Bind up those tresses. O, what love I note",1399
Act III,Scene IV,King Philip,In the fair multitude of those her hairs!,1400
Act III,Scene IV,King Philip,"Where but by chance a silver drop hath fallen,",1401
Act III,Scene IV,King Philip,Even to that drop ten thousand wiry friends,1402
Act III,Scene IV,King Philip,"Do glue themselves in sociable grief,",1403
Act III,Scene IV,King Philip,"Like true, inseparable, faithful loves,",1404
Act III,Scene IV,King Philip,Sticking together in calamity.,1405
Act III,Scene IV,Constance,"To England, if you will.",1406
Act III,Scene IV,King Philip,Bind up your hairs.,1407
Act III,Scene IV,Constance,"Yes, that I will; and wherefore will I do it?",1408
Act III,Scene IV,Constance,I tore them from their bonds and cried aloud,1409
Act III,Scene IV,Constance,"'O that these hands could so redeem my son,",1410
Act III,Scene IV,Constance,As they have given these hairs their liberty!',1411
Act III,Scene IV,Constance,"But now I envy at their liberty,",1412
Act III,Scene IV,Constance,"And will again commit them to their bonds,",1413
Act III,Scene IV,Constance,Because my poor child is a prisoner.,1414
Act III,Scene IV,Constance,"And, father cardinal, I have heard you say",1415
Act III,Scene IV,Constance,That we shall see and know our friends in heaven:,1416
Act III,Scene IV,Constance,"If that be true, I shall see my boy again;",1417
Act III,Scene IV,Constance,"For since the birth of Cain, the first male child,",1418
Act III,Scene IV,Constance,"To him that did but yesterday suspire,",1419
Act III,Scene IV,Constance,There was not such a gracious creature born.,1420
Act III,Scene IV,Constance,But now will canker-sorrow eat my bud,1421
Act III,Scene IV,Constance,And chase the native beauty from his cheek,1422
Act III,Scene IV,Constance,"And he will look as hollow as a ghost,",1423
Act III,Scene IV,Constance,"As dim and meagre as an ague's fit,",1424
Act III,Scene IV,Constance,"And so he'll die; and, rising so again,",1425
Act III,Scene IV,Constance,When I shall meet him in the court of heaven,1426
Act III,Scene IV,Constance,"I shall not know him: therefore never, never",1427
Act III,Scene IV,Constance,Must I behold my pretty Arthur more.,1428
Act III,Scene IV,Cardinal Pandulph,You hold too heinous a respect of grief.,1429
Act III,Scene IV,Constance,He talks to me that never had a son.,1430
Act III,Scene IV,King Philip,You are as fond of grief as of your child.,1431
Act III,Scene IV,Constance,"Grief fills the room up of my absent child,",1432
Act III,Scene IV,Constance,"Lies in his bed, walks up and down with me,",1433
Act III,Scene IV,Constance,"Puts on his pretty looks, repeats his words,",1434
Act III,Scene IV,Constance,"Remembers me of all his gracious parts,",1435
Act III,Scene IV,Constance,Stuffs out his vacant garments with his form;,1436
Act III,Scene IV,Constance,"Then, have I reason to be fond of grief?",1437
Act III,Scene IV,Constance,"Fare you well: had you such a loss as I,",1438
Act III,Scene IV,Constance,I could give better comfort than you do.,1439
Act III,Scene IV,Constance,"I will not keep this form upon my head,",1440
Act III,Scene IV,Constance,When there is such disorder in my wit.,1441
Act III,Scene IV,Constance,"O Lord! my boy, my Arthur, my fair son!",1442
Act III,Scene IV,Constance,"My life, my joy, my food, my all the world!",1443
Act III,Scene IV,Constance,"My widow-comfort, and my sorrows' cure!",1444
Act III,Scene IV,[stage direction],Exit,NA
Act III,Scene IV,King Philip,"I fear some outrage, and I'll follow her.",1445
Act III,Scene IV,[stage direction],Exit,NA
Act III,Scene IV,Lewis,There's nothing in this world can make me joy:,1446
Act III,Scene IV,Lewis,Life is as tedious as a twice-told tale,1447
Act III,Scene IV,Lewis,Vexing the dull ear of a drowsy man;,1448
Act III,Scene IV,Lewis,And bitter shame hath spoil'd the sweet world's taste,1449
Act III,Scene IV,Lewis,That it yields nought but shame and bitterness.,1450
Act III,Scene IV,Cardinal Pandulph,"Before the curing of a strong disease,",1451
Act III,Scene IV,Cardinal Pandulph,"Even in the instant of repair and health,",1452
Act III,Scene IV,Cardinal Pandulph,"The fit is strongest; evils that take leave,",1453
Act III,Scene IV,Cardinal Pandulph,On their departure most of all show evil:,1454
Act III,Scene IV,Cardinal Pandulph,What have you lost by losing of this day?,1455
Act III,Scene IV,Lewis,"All days of glory, joy and happiness.",1456
Act III,Scene IV,Cardinal Pandulph,"If you had won it, certainly you had.",1457
Act III,Scene IV,Cardinal Pandulph,"No, no; when Fortune means to men most good,",1458
Act III,Scene IV,Cardinal Pandulph,She looks upon them with a threatening eye.,1459
Act III,Scene IV,Cardinal Pandulph,'Tis strange to think how much King John hath lost,1460
Act III,Scene IV,Cardinal Pandulph,In this which he accounts so clearly won:,1461
Act III,Scene IV,Cardinal Pandulph,Are not you grieved that Arthur is his prisoner?,1462
Act III,Scene IV,Lewis,As heartily as he is glad he hath him.,1463
Act III,Scene IV,Cardinal Pandulph,Your mind is all as youthful as your blood.,1464
Act III,Scene IV,Cardinal Pandulph,Now hear me speak with a prophetic spirit;,1465
Act III,Scene IV,Cardinal Pandulph,For even the breath of what I mean to speak,1466
Act III,Scene IV,Cardinal Pandulph,"Shall blow each dust, each straw, each little rub,",1467
Act III,Scene IV,Cardinal Pandulph,Out of the path which shall directly lead,1468
Act III,Scene IV,Cardinal Pandulph,Thy foot to England's throne; and therefore mark.,1469
Act III,Scene IV,Cardinal Pandulph,John hath seized Arthur; and it cannot be,1470
Act III,Scene IV,Cardinal Pandulph,"That, whiles warm life plays in that infant's veins,",1471
Act III,Scene IV,Cardinal Pandulph,"The misplaced John should entertain an hour,",1472
Act III,Scene IV,Cardinal Pandulph,"One minute, nay, one quiet breath of rest.",1473
Act III,Scene IV,Cardinal Pandulph,A sceptre snatch'd with an unruly hand,1474
Act III,Scene IV,Cardinal Pandulph,Must be as boisterously maintain'd as gain'd;,1475
Act III,Scene IV,Cardinal Pandulph,And he that stands upon a slippery place,1476
Act III,Scene IV,Cardinal Pandulph,Makes nice of no vile hold to stay him up:,1477
Act III,Scene IV,Cardinal Pandulph,"That John may stand, then Arthur needs must fall;",1478
Act III,Scene IV,Cardinal Pandulph,"So be it, for it cannot be but so.",1479
Act III,Scene IV,Lewis,But what shall I gain by young Arthur's fall?,1480
Act III,Scene IV,Cardinal Pandulph,"You, in the right of Lady Blanch your wife,",1481
Act III,Scene IV,Cardinal Pandulph,May then make all the claim that Arthur did.,1482
Act III,Scene IV,Lewis,"And lose it, life and all, as Arthur did.",1483
Act III,Scene IV,Cardinal Pandulph,How green you are and fresh in this old world!,1484
Act III,Scene IV,Cardinal Pandulph,John lays you plots; the times conspire with you;,1485
Act III,Scene IV,Cardinal Pandulph,For he that steeps his safety in true blood,1486
Act III,Scene IV,Cardinal Pandulph,Shall find but bloody safety and untrue.,1487
Act III,Scene IV,Cardinal Pandulph,This act so evilly born shall cool the hearts,1488
Act III,Scene IV,Cardinal Pandulph,"Of all his people and freeze up their zeal,",1489
Act III,Scene IV,Cardinal Pandulph,That none so small advantage shall step forth,1490
Act III,Scene IV,Cardinal Pandulph,"To cheque his reign, but they will cherish it;",1491
Act III,Scene IV,Cardinal Pandulph,"No natural exhalation in the sky,",1492
Act III,Scene IV,Cardinal Pandulph,"No scope of nature, no distemper'd day,",1493
Act III,Scene IV,Cardinal Pandulph,"No common wind, no customed event,",1494
Act III,Scene IV,Cardinal Pandulph,But they will pluck away his natural cause,1495
Act III,Scene IV,Cardinal Pandulph,"And call them meteors, prodigies and signs,",1496
Act III,Scene IV,Cardinal Pandulph,"Abortives, presages and tongues of heaven,",1497
Act III,Scene IV,Cardinal Pandulph,Plainly denouncing vengeance upon John.,1498
Act III,Scene IV,Lewis,"May be he will not touch young Arthur's life,",1499
Act III,Scene IV,Lewis,But hold himself safe in his prisonment.,1500
Act III,Scene IV,Cardinal Pandulph,"O, sir, when he shall hear of your approach,",1501
Act III,Scene IV,Cardinal Pandulph,"If that young Arthur be not gone already,",1502
Act III,Scene IV,Cardinal Pandulph,Even at that news he dies; and then the hearts,1503
Act III,Scene IV,Cardinal Pandulph,Of all his people shall revolt from him,1504
Act III,Scene IV,Cardinal Pandulph,And kiss the lips of unacquainted change,1505
Act III,Scene IV,Cardinal Pandulph,And pick strong matter of revolt and wrath,1506
Act III,Scene IV,Cardinal Pandulph,Out of the bloody fingers' ends of John.,1507
Act III,Scene IV,Cardinal Pandulph,Methinks I see this hurly all on foot:,1508
Act III,Scene IV,Cardinal Pandulph,"And, O, what better matter breeds for you",1509
Act III,Scene IV,Cardinal Pandulph,Than I have named! The bastard Faulconbridge,1510
Act III,Scene IV,Cardinal Pandulph,"Is now in England, ransacking the church,",1511
Act III,Scene IV,Cardinal Pandulph,Offending charity: if but a dozen French,1512
Act III,Scene IV,Cardinal Pandulph,"Were there in arms, they would be as a call",1513
Act III,Scene IV,Cardinal Pandulph,"To train ten thousand English to their side,",1514
Act III,Scene IV,Cardinal Pandulph,"Or as a little snow, tumbled about,",1515
Act III,Scene IV,Cardinal Pandulph,"Anon becomes a mountain. O noble Dauphin,",1516
Act III,Scene IV,Cardinal Pandulph,Go with me to the king: 'tis wonderful,1517
Act III,Scene IV,Cardinal Pandulph,"What may be wrought out of their discontent,",1518
Act III,Scene IV,Cardinal Pandulph,Now that their souls are topful of offence.,1519
Act III,Scene IV,Cardinal Pandulph,For England go: I will whet on the king.,1520
Act III,Scene IV,Lewis,Strong reasons make strong actions: let us go:,1521
Act III,Scene IV,Lewis,"If you say ay, the king will not say no.",1522
Act III,Scene IV,[stage direction],Exeunt,NA
Act IV,Scene I,[stage direction],Enter HUBERT and Executioners,NA
Act IV,Scene I,Hubert,Heat me these irons hot; and look thou stand,1523
Act IV,Scene I,Hubert,Within the arras: when I strike my foot,1524
Act IV,Scene I,Hubert,"Upon the bosom of the ground, rush forth,",1525
Act IV,Scene I,Hubert,And bind the boy which you shall find with me,1526
Act IV,Scene I,Hubert,"Fast to the chair: be heedful: hence, and watch.",1527
Act IV,Scene I,First Executioner,I hope your warrant will bear out the deed.,1528
Act IV,Scene I,Hubert,Uncleanly scruples! fear not you: look to't.,1529
Act IV,Scene I,[stage direction],Exeunt Executioners,NA
Act IV,Scene I,Hubert,"Young lad, come forth; I have to say with you.",1530
Act IV,Scene I,[stage direction],Enter ARTHUR,NA
Act IV,Scene I,Arthur,"Good morrow, Hubert.",1531
Act IV,Scene I,Hubert,"Good morrow, little prince.",1532
Act IV,Scene I,Arthur,"As little prince, having so great a title",1533
Act IV,Scene I,Arthur,"To be more prince, as may be. You are sad.",1534
Act IV,Scene I,Hubert,"Indeed, I have been merrier.",1535
Act IV,Scene I,Arthur,Mercy on me!,1536
Act IV,Scene I,Arthur,Methinks no body should be sad but I:,1537
Act IV,Scene I,Arthur,"Yet, I remember, when I was in France,",1538
Act IV,Scene I,Arthur,"Young gentlemen would be as sad as night,",1539
Act IV,Scene I,Arthur,"Only for wantonness. By my christendom,",1540
Act IV,Scene I,Arthur,"So I were out of prison and kept sheep,",1541
Act IV,Scene I,Arthur,I should be as merry as the day is long;,1542
Act IV,Scene I,Arthur,"And so I would be here, but that I doubt",1543
Act IV,Scene I,Arthur,My uncle practises more harm to me:,1544
Act IV,Scene I,Arthur,He is afraid of me and I of him:,1545
Act IV,Scene I,Arthur,Is it my fault that I was Geffrey's son?,1546
Act IV,Scene I,Arthur,"No, indeed, is't not; and I would to heaven",1547
Act IV,Scene I,Arthur,"I were your son, so you would love me, Hubert.",1548
Act IV,Scene I,Hubert,"[Aside]  If I talk to him, with his innocent prate",1549
Act IV,Scene I,Hubert,He will awake my mercy which lies dead:,1550
Act IV,Scene I,Hubert,Therefore I will be sudden and dispatch.,1551
Act IV,Scene I,Arthur,"Are you sick, Hubert? you look pale to-day:",1552
Act IV,Scene I,Arthur,"In sooth, I would you were a little sick,",1553
Act IV,Scene I,Arthur,That I might sit all night and watch with you:,1554
Act IV,Scene I,Arthur,I warrant I love you more than you do me.,1555
Act IV,Scene I,Hubert,[Aside]  His words do take possession of my bosom.,1556
Act IV,Scene I,Hubert,"Read here, young Arthur.",1557
Act IV,Scene I,[stage direction],Showing a paper,NA
Act IV,Scene I,[stage direction],Aside,NA
Act IV,Scene I,Hubert,"How now, foolish rheum!",1558
Act IV,Scene I,Hubert,Turning dispiteous torture out of door!,1559
Act IV,Scene I,Hubert,"I must be brief, lest resolution drop",1560
Act IV,Scene I,Hubert,Out at mine eyes in tender womanish tears.,1561
Act IV,Scene I,Hubert,Can you not read it? Is it not fair writ?,1562
Act IV,Scene I,Arthur,"Too fairly, Hubert, for so foul effect:",1563
Act IV,Scene I,Arthur,Must you with hot irons burn out both mine eyes?,1564
Act IV,Scene I,Hubert,"Young boy, I must.",1565
Act IV,Scene I,Arthur,And will you?,1566
Act IV,Scene I,Hubert,And I will.,1567
Act IV,Scene I,Arthur,"Have you the heart? When your head did but ache,",1568
Act IV,Scene I,Arthur,"I knit my handercher about your brows,",1569
Act IV,Scene I,Arthur,"The best I had, a princess wrought it me,",1570
Act IV,Scene I,Arthur,And I did never ask it you again;,1571
Act IV,Scene I,Arthur,"And with my hand at midnight held your head,",1572
Act IV,Scene I,Arthur,"And like the watchful minutes to the hour,",1573
Act IV,Scene I,Arthur,"Still and anon cheer'd up the heavy time,",1574
Act IV,Scene I,Arthur,"Saying, 'What lack you?' and 'Where lies your grief?'",1575
Act IV,Scene I,Arthur,Or 'What good love may I perform for you?',1576
Act IV,Scene I,Arthur,Many a poor man's son would have lien still,1577
Act IV,Scene I,Arthur,And ne'er have spoke a loving word to you;,1578
Act IV,Scene I,Arthur,But you at your sick service had a prince.,1579
Act IV,Scene I,Arthur,"Nay, you may think my love was crafty love",1580
Act IV,Scene I,Arthur,"And call it cunning: do, an if you will:",1581
Act IV,Scene I,Arthur,"If heaven be pleased that you must use me ill,",1582
Act IV,Scene I,Arthur,Why then you must. Will you put out mine eyes?,1583
Act IV,Scene I,Arthur,These eyes that never did nor never shall,1584
Act IV,Scene I,Arthur,So much as frown on you.,1585
Act IV,Scene I,Hubert,I have sworn to do it;,1586
Act IV,Scene I,Hubert,And with hot irons must I burn them out.,1587
Act IV,Scene I,Arthur,"Ah, none but in this iron age would do it!",1588
Act IV,Scene I,Arthur,"The iron of itself, though heat red-hot,",1589
Act IV,Scene I,Arthur,"Approaching near these eyes, would drink my tears",1590
Act IV,Scene I,Arthur,And quench his fiery indignation,1591
Act IV,Scene I,Arthur,Even in the matter of mine innocence;,1592
Act IV,Scene I,Arthur,"Nay, after that, consume away in rust",1593
Act IV,Scene I,Arthur,But for containing fire to harm mine eye.,1594
Act IV,Scene I,Arthur,Are you more stubborn-hard than hammer'd iron?,1595
Act IV,Scene I,Arthur,An if an angel should have come to me,1596
Act IV,Scene I,Arthur,"And told me Hubert should put out mine eyes,",1597
Act IV,Scene I,Arthur,"I would not have believed him,--no tongue but Hubert's.",1598
Act IV,Scene I,Hubert,Come forth.,1599
Act IV,Scene I,[stage direction],Stamps,NA
Act IV,Scene I,[stage direction],"Re-enter Executioners, with a cord, irons,  &amp; c",NA
Act IV,Scene I,Hubert,Do as I bid you do.,1600
Act IV,Scene I,Arthur,"O, save me, Hubert, save me! my eyes are out",1601
Act IV,Scene I,Arthur,Even with the fierce looks of these bloody men.,1602
Act IV,Scene I,Hubert,"Give me the iron, I say, and bind him here.",1603
Act IV,Scene I,Arthur,"Alas, what need you be so boisterous-rough?",1604
Act IV,Scene I,Arthur,"I will not struggle, I will stand stone-still.",1605
Act IV,Scene I,Arthur,"For heaven sake, Hubert, let me not be bound!",1606
Act IV,Scene I,Arthur,"Nay, hear me, Hubert, drive these men away,",1607
Act IV,Scene I,Arthur,And I will sit as quiet as a lamb;,1608
Act IV,Scene I,Arthur,"I will not stir, nor wince, nor speak a word,",1609
Act IV,Scene I,Arthur,Nor look upon the iron angerly:,1610
Act IV,Scene I,Arthur,"Thrust but these men away, and I'll forgive you,",1611
Act IV,Scene I,Arthur,Whatever torment you do put me to.,1612
Act IV,Scene I,Hubert,"Go, stand within; let me alone with him.",1613
Act IV,Scene I,First Executioner,I am best pleased to be from such a deed.,1614
Act IV,Scene I,[stage direction],Exeunt Executioners,NA
Act IV,Scene I,Arthur,"Alas, I then have chid away my friend!",1615
Act IV,Scene I,Arthur,"He hath a stern look, but a gentle heart:",1616
Act IV,Scene I,Arthur,"Let him come back, that his compassion may",1617
Act IV,Scene I,Arthur,Give life to yours.,1618
Act IV,Scene I,Hubert,"Come, boy, prepare yourself.",1619
Act IV,Scene I,Arthur,Is there no remedy?,1620
Act IV,Scene I,Hubert,"None, but to lose your eyes.",1621
Act IV,Scene I,Arthur,"O heaven, that there were but a mote in yours,",1622
Act IV,Scene I,Arthur,"A grain, a dust, a gnat, a wandering hair,",1623
Act IV,Scene I,Arthur,Any annoyance in that precious sense!,1624
Act IV,Scene I,Arthur,"Then feeling what small things are boisterous there,",1625
Act IV,Scene I,Arthur,Your vile intent must needs seem horrible.,1626
Act IV,Scene I,Hubert,"Is this your promise? go to, hold your tongue.",1627
Act IV,Scene I,Arthur,"Hubert, the utterance of a brace of tongues",1628
Act IV,Scene I,Arthur,Must needs want pleading for a pair of eyes:,1629
Act IV,Scene I,Arthur,"Let me not hold my tongue, let me not, Hubert;",1630
Act IV,Scene I,Arthur,"Or, Hubert, if you will, cut out my tongue,",1631
Act IV,Scene I,Arthur,"So I may keep mine eyes: O, spare mine eyes.",1632
Act IV,Scene I,Arthur,Though to no use but still to look on you!,1633
Act IV,Scene I,Arthur,"Lo, by my truth, the instrument is cold",1634
Act IV,Scene I,Arthur,And would not harm me.,1635
Act IV,Scene I,Hubert,"I can heat it, boy.",1636
Act IV,Scene I,Arthur,"No, in good sooth: the fire is dead with grief,",1637
Act IV,Scene I,Arthur,"Being create for comfort, to be used",1638
Act IV,Scene I,Arthur,In undeserved extremes: see else yourself;,1639
Act IV,Scene I,Arthur,There is no malice in this burning coal;,1640
Act IV,Scene I,Arthur,The breath of heaven has blown his spirit out,1641
Act IV,Scene I,Arthur,And strew'd repentent ashes on his head.,1642
Act IV,Scene I,Hubert,"But with my breath I can revive it, boy.",1643
Act IV,Scene I,Arthur,"An if you do, you will but make it blush",1644
Act IV,Scene I,Arthur,"And glow with shame of your proceedings, Hubert:",1645
Act IV,Scene I,Arthur,"Nay, it perchance will sparkle in your eyes;",1646
Act IV,Scene I,Arthur,"And like a dog that is compell'd to fight,",1647
Act IV,Scene I,Arthur,Snatch at his master that doth tarre him on.,1648
Act IV,Scene I,Arthur,All things that you should use to do me wrong,1649
Act IV,Scene I,Arthur,Deny their office: only you do lack,1650
Act IV,Scene I,Arthur,"That mercy which fierce fire and iron extends,",1651
Act IV,Scene I,Arthur,Creatures of note for mercy-lacking uses.,1652
Act IV,Scene I,Hubert,"Well, see to live; I will not touch thine eye",1653
Act IV,Scene I,Hubert,For all the treasure that thine uncle owes:,1654
Act IV,Scene I,Hubert,"Yet am I sworn and I did purpose, boy,",1655
Act IV,Scene I,Hubert,With this same very iron to burn them out.,1656
Act IV,Scene I,Arthur,"O, now you look like Hubert! all this while",1657
Act IV,Scene I,Arthur,You were disguised.,1658
Act IV,Scene I,Hubert,Peace; no more. Adieu.,1659
Act IV,Scene I,Hubert,Your uncle must not know but you are dead;,1660
Act IV,Scene I,Hubert,I'll fill these dogged spies with false reports:,1661
Act IV,Scene I,Hubert,"And, pretty child, sleep doubtless and secure,",1662
Act IV,Scene I,Hubert,"That Hubert, for the wealth of all the world,",1663
Act IV,Scene I,Hubert,Will not offend thee.,1664
Act IV,Scene I,Arthur,"O heaven! I thank you, Hubert.",1665
Act IV,Scene I,Hubert,Silence; no more: go closely in with me:,1666
Act IV,Scene I,Hubert,Much danger do I undergo for thee.,1667
Act IV,Scene I,[stage direction],Exeunt,NA
Act IV,Scene II,[stage direction],"Enter KING JOHN, PEMBROKE, SALISBURY, and other Lords",NA
Act IV,Scene II,King John,"Here once again we sit, once again crown'd,",1668
Act IV,Scene II,King John,"And looked upon, I hope, with cheerful eyes.",1669
Act IV,Scene II,Pembroke,"This 'once again,' but that your highness pleased,",1670
Act IV,Scene II,Pembroke,"Was once superfluous: you were crown'd before,",1671
Act IV,Scene II,Pembroke,"And that high royalty was ne'er pluck'd off,",1672
Act IV,Scene II,Pembroke,The faiths of men ne'er stained with revolt;,1673
Act IV,Scene II,Pembroke,Fresh expectation troubled not the land,1674
Act IV,Scene II,Pembroke,With any long'd-for change or better state.,1675
Act IV,Scene II,Salisbury,"Therefore, to be possess'd with double pomp,",1676
Act IV,Scene II,Salisbury,"To guard a title that was rich before,",1677
Act IV,Scene II,Salisbury,"To gild refined gold, to paint the lily,",1678
Act IV,Scene II,Salisbury,"To throw a perfume on the violet,",1679
Act IV,Scene II,Salisbury,"To smooth the ice, or add another hue",1680
Act IV,Scene II,Salisbury,"Unto the rainbow, or with taper-light",1681
Act IV,Scene II,Salisbury,"To seek the beauteous eye of heaven to garnish,",1682
Act IV,Scene II,Salisbury,Is wasteful and ridiculous excess.,1683
Act IV,Scene II,Pembroke,"But that your royal pleasure must be done,",1684
Act IV,Scene II,Pembroke,"This act is as an ancient tale new told,",1685
Act IV,Scene II,Pembroke,"And in the last repeating troublesome,",1686
Act IV,Scene II,Pembroke,Being urged at a time unseasonable.,1687
Act IV,Scene II,Salisbury,In this the antique and well noted face,1688
Act IV,Scene II,Salisbury,Of plain old form is much disfigured;,1689
Act IV,Scene II,Salisbury,"And, like a shifted wind unto a sail,",1690
Act IV,Scene II,Salisbury,"It makes the course of thoughts to fetch about,",1691
Act IV,Scene II,Salisbury,"Startles and frights consideration,",1692
Act IV,Scene II,Salisbury,"Makes sound opinion sick and truth suspected,",1693
Act IV,Scene II,Salisbury,For putting on so new a fashion'd robe.,1694
Act IV,Scene II,Pembroke,"When workmen strive to do better than well,",1695
Act IV,Scene II,Pembroke,They do confound their skill in covetousness;,1696
Act IV,Scene II,Pembroke,And oftentimes excusing of a fault,1697
Act IV,Scene II,Pembroke,"Doth make the fault the worse by the excuse,",1698
Act IV,Scene II,Pembroke,As patches set upon a little breach,1699
Act IV,Scene II,Pembroke,Discredit more in hiding of the fault,1700
Act IV,Scene II,Pembroke,Than did the fault before it was so patch'd.,1701
Act IV,Scene II,Salisbury,"To this effect, before you were new crown'd,",1702
Act IV,Scene II,Salisbury,We breathed our counsel: but it pleased your highness,1703
Act IV,Scene II,Salisbury,"To overbear it, and we are all well pleased,",1704
Act IV,Scene II,Salisbury,Since all and every part of what we would,1705
Act IV,Scene II,Salisbury,Doth make a stand at what your highness will.,1706
Act IV,Scene II,King John,Some reasons of this double coronation,1707
Act IV,Scene II,King John,I have possess'd you with and think them strong;,1708
Act IV,Scene II,King John,"And more, more strong, then lesser is my fear,",1709
Act IV,Scene II,King John,I shall indue you with: meantime but ask,1710
Act IV,Scene II,King John,"What you would have reform'd that is not well,",1711
Act IV,Scene II,King John,And well shall you perceive how willingly,1712
Act IV,Scene II,King John,I will both hear and grant you your requests.,1713
Act IV,Scene II,Pembroke,"Then I, as one that am the tongue of these,",1714
Act IV,Scene II,Pembroke,"To sound the purpose of all their hearts,",1715
Act IV,Scene II,Pembroke,"Both for myself and them, but, chief of all,",1716
Act IV,Scene II,Pembroke,"Your safety, for the which myself and them",1717
Act IV,Scene II,Pembroke,"Bend their best studies, heartily request",1718
Act IV,Scene II,Pembroke,The enfranchisement of Arthur; whose restraint,1719
Act IV,Scene II,Pembroke,Doth move the murmuring lips of discontent,1720
Act IV,Scene II,Pembroke,"To break into this dangerous argument,--",1721
Act IV,Scene II,Pembroke,"If what in rest you have in right you hold,",1722
Act IV,Scene II,Pembroke,"Why then your fears, which, as they say, attend",1723
Act IV,Scene II,Pembroke,"The steps of wrong, should move you to mew up",1724
Act IV,Scene II,Pembroke,Your tender kinsman and to choke his days,1725
Act IV,Scene II,Pembroke,With barbarous ignorance and deny his youth,1726
Act IV,Scene II,Pembroke,The rich advantage of good exercise?,1727
Act IV,Scene II,Pembroke,That the time's enemies may not have this,1728
Act IV,Scene II,Pembroke,"To grace occasions, let it be our suit",1729
Act IV,Scene II,Pembroke,That you have bid us ask his liberty;,1730
Act IV,Scene II,Pembroke,Which for our goods we do no further ask,1731
Act IV,Scene II,Pembroke,"Than whereupon our weal, on you depending,",1732
Act IV,Scene II,Pembroke,Counts it your weal he have his liberty.,1733
Act IV,Scene II,[stage direction],Enter HUBERT,NA
Act IV,Scene II,King John,Let it be so: I do commit his youth,1734
Act IV,Scene II,King John,"To your direction. Hubert, what news with you?",1735
Act IV,Scene II,[stage direction],Taking him apart,NA
Act IV,Scene II,Pembroke,This is the man should do the bloody deed;,1736
Act IV,Scene II,Pembroke,He show'd his warrant to a friend of mine:,1737
Act IV,Scene II,Pembroke,The image of a wicked heinous fault,1738
Act IV,Scene II,Pembroke,Lives in his eye; that close aspect of his,1739
Act IV,Scene II,Pembroke,Does show the mood of a much troubled breast;,1740
Act IV,Scene II,Pembroke,"And I do fearfully believe 'tis done,",1741
Act IV,Scene II,Pembroke,What we so fear'd he had a charge to do.,1742
Act IV,Scene II,Salisbury,The colour of the king doth come and go,1743
Act IV,Scene II,Salisbury,"Between his purpose and his conscience,",1744
Act IV,Scene II,Salisbury,Like heralds 'twixt two dreadful battles set:,1745
Act IV,Scene II,Salisbury,"His passion is so ripe, it needs must break.",1746
Act IV,Scene II,Pembroke,"And when it breaks, I fear will issue thence",1747
Act IV,Scene II,Pembroke,The foul corruption of a sweet child's death.,1748
Act IV,Scene II,King John,We cannot hold mortality's strong hand:,1749
Act IV,Scene II,King John,"Good lords, although my will to give is living,",1750
Act IV,Scene II,King John,The suit which you demand is gone and dead:,1751
Act IV,Scene II,King John,He tells us Arthur is deceased to-night.,1752
Act IV,Scene II,Salisbury,Indeed we fear'd his sickness was past cure.,1753
Act IV,Scene II,Pembroke,Indeed we heard how near his death he was,1754
Act IV,Scene II,Pembroke,Before the child himself felt he was sick:,1755
Act IV,Scene II,Pembroke,This must be answer'd either here or hence.,1756
Act IV,Scene II,King John,Why do you bend such solemn brows on me?,1757
Act IV,Scene II,King John,Think you I bear the shears of destiny?,1758
Act IV,Scene II,King John,Have I commandment on the pulse of life?,1759
Act IV,Scene II,Salisbury,It is apparent foul play; and 'tis shame,1760
Act IV,Scene II,Salisbury,That greatness should so grossly offer it:,1761
Act IV,Scene II,Salisbury,"So thrive it in your game! and so, farewell.",1762
Act IV,Scene II,Pembroke,"Stay yet, Lord Salisbury; I'll go with thee,",1763
Act IV,Scene II,Pembroke,"And find the inheritance of this poor child,",1764
Act IV,Scene II,Pembroke,His little kingdom of a forced grave.,1765
Act IV,Scene II,Pembroke,"That blood which owed the breadth of all this isle,",1766
Act IV,Scene II,Pembroke,Three foot of it doth hold: bad world the while!,1767
Act IV,Scene II,Pembroke,This must not be thus borne: this will break out,1768
Act IV,Scene II,Pembroke,"To all our sorrows, and ere long I doubt.",1769
Act IV,Scene II,[stage direction],Exeunt Lords,NA
Act IV,Scene II,King John,They burn in indignation. I repent:,1770
Act IV,Scene II,King John,"There is no sure foundation set on blood,",1771
Act IV,Scene II,King John,No certain life achieved by others' death.,1772
Act IV,Scene II,[stage direction],Enter a Messenger,NA
Act IV,Scene II,King John,A fearful eye thou hast: where is that blood,1773
Act IV,Scene II,King John,That I have seen inhabit in those cheeks?,1774
Act IV,Scene II,King John,So foul a sky clears not without a storm:,1775
Act IV,Scene II,King John,Pour down thy weather: how goes all in France?,1776
Act IV,Scene II,Messenger,From France to England. Never such a power,1777
Act IV,Scene II,Messenger,For any foreign preparation,1778
Act IV,Scene II,Messenger,Was levied in the body of a land.,1779
Act IV,Scene II,Messenger,The copy of your speed is learn'd by them;,1780
Act IV,Scene II,Messenger,"For when you should be told they do prepare,",1781
Act IV,Scene II,Messenger,The tidings come that they are all arrived.,1782
Act IV,Scene II,King John,"O, where hath our intelligence been drunk?",1783
Act IV,Scene II,King John,"Where hath it slept? Where is my mother's care,",1784
Act IV,Scene II,King John,"That such an army could be drawn in France,",1785
Act IV,Scene II,King John,And she not hear of it?,1786
Act IV,Scene II,Messenger,"My liege, her ear",1787
Act IV,Scene II,Messenger,Is stopp'd with dust; the first of April died,1788
Act IV,Scene II,Messenger,"Your noble mother: and, as I hear, my lord,",1789
Act IV,Scene II,Messenger,The Lady Constance in a frenzy died,1790
Act IV,Scene II,Messenger,Three days before: but this from rumour's tongue,1791
Act IV,Scene II,Messenger,I idly heard; if true or false I know not.,1792
Act IV,Scene II,King John,"Withhold thy speed, dreadful occasion!",1793
Act IV,Scene II,King John,"O, make a league with me, till I have pleased",1794
Act IV,Scene II,King John,My discontented peers! What! mother dead!,1795
Act IV,Scene II,King John,How wildly then walks my estate in France!,1796
Act IV,Scene II,King John,Under whose conduct came those powers of France,1797
Act IV,Scene II,King John,That thou for truth givest out are landed here?,1798
Act IV,Scene II,Messenger,Under the Dauphin.,1799
Act IV,Scene II,King John,Thou hast made me giddy,1800
Act IV,Scene II,King John,With these ill tidings.,1801
Act IV,Scene II,[stage direction],Enter the BASTARD and PETER of Pomfret,NA
Act IV,Scene II,King John,"Now, what says the world",1802
Act IV,Scene II,King John,To your proceedings? do not seek to stuff,1803
Act IV,Scene II,King John,"My head with more ill news, for it is full.",1804
Act IV,Scene II,Bastard,"But if you be afeard to hear the worst,",1805
Act IV,Scene II,Bastard,Then let the worst unheard fall on your bead.,1806
Act IV,Scene II,King John,"Bear with me cousin, for I was amazed",1807
Act IV,Scene II,King John,Under the tide: but now I breathe again,1808
Act IV,Scene II,King John,"Aloft the flood, and can give audience",1809
Act IV,Scene II,King John,"To any tongue, speak it of what it will.",1810
Act IV,Scene II,Bastard,"How I have sped among the clergymen,",1811
Act IV,Scene II,Bastard,The sums I have collected shall express.,1812
Act IV,Scene II,Bastard,"But as I travell'd hither through the land,",1813
Act IV,Scene II,Bastard,I find the people strangely fantasied;,1814
Act IV,Scene II,Bastard,"Possess'd with rumours, full of idle dreams,",1815
Act IV,Scene II,Bastard,"Not knowing what they fear, but full of fear:",1816
Act IV,Scene II,Bastard,"And here a prophet, that I brought with me",1817
Act IV,Scene II,Bastard,"From forth the streets of Pomfret, whom I found",1818
Act IV,Scene II,Bastard,With many hundreds treading on his heels;,1819
Act IV,Scene II,Bastard,"To whom he sung, in rude harsh-sounding rhymes,",1820
Act IV,Scene II,Bastard,"That, ere the next Ascension-day at noon,",1821
Act IV,Scene II,Bastard,Your highness should deliver up your crown.,1822
Act IV,Scene II,King John,"Thou idle dreamer, wherefore didst thou so?",1823
Act IV,Scene II,Peter,Foreknowing that the truth will fall out so.,1824
Act IV,Scene II,King John,"Hubert, away with him; imprison him;",1825
Act IV,Scene II,King John,And on that day at noon whereon he says,1826
Act IV,Scene II,King John,"I shall yield up my crown, let him be hang'd.",1827
Act IV,Scene II,King John,"Deliver him to safety; and return,",1828
Act IV,Scene II,King John,For I must use thee.,1829
Act IV,Scene II,[stage direction],Exeunt HUBERT with PETER,NA
Act IV,Scene II,King John,"O my gentle cousin,",1830
Act IV,Scene II,King John,"Hear'st thou the news abroad, who are arrived?",1831
Act IV,Scene II,Bastard,"The French, my lord; men's mouths are full of it:",1832
Act IV,Scene II,Bastard,"Besides, I met Lord Bigot and Lord Salisbury,",1833
Act IV,Scene II,Bastard,"With eyes as red as new-enkindled fire,",1834
Act IV,Scene II,Bastard,"And others more, going to seek the grave",1835
Act IV,Scene II,Bastard,"Of Arthur, who they say is kill'd to-night",1836
Act IV,Scene II,Bastard,On your suggestion.,1837
Act IV,Scene II,King John,"Gentle kinsman, go,",1838
Act IV,Scene II,King John,And thrust thyself into their companies:,1839
Act IV,Scene II,King John,I have a way to win their loves again;,1840
Act IV,Scene II,King John,Bring them before me.,1841
Act IV,Scene II,Bastard,I will seek them out.,1842
Act IV,Scene II,King John,"Nay, but make haste; the better foot before.",1843
Act IV,Scene II,King John,"O, let me have no subject enemies,",1844
Act IV,Scene II,King John,When adverse foreigners affright my towns,1845
Act IV,Scene II,King John,With dreadful pomp of stout invasion!,1846
Act IV,Scene II,King John,"Be Mercury, set feathers to thy heels,",1847
Act IV,Scene II,King John,And fly like thought from them to me again.,1848
Act IV,Scene II,Bastard,The spirit of the time shall teach me speed.,1849
Act IV,Scene II,[stage direction],Exit,NA
Act IV,Scene II,King John,Spoke like a sprightful noble gentleman.,1850
Act IV,Scene II,King John,Go after him; for he perhaps shall need,1851
Act IV,Scene II,King John,Some messenger betwixt me and the peers;,1852
Act IV,Scene II,King John,And be thou he.,1853
Act IV,Scene II,Messenger,"With all my heart, my liege.",1854
Act IV,Scene II,[stage direction],Exit,NA
Act IV,Scene II,King John,My mother dead!,1855
Act IV,Scene II,[stage direction],Re-enter HUBERT,NA
Act IV,Scene II,Hubert,"My lord, they say five moons were seen to-night;",1856
Act IV,Scene II,Hubert,"Four fixed, and the fifth did whirl about",1857
Act IV,Scene II,Hubert,The other four in wondrous motion.,1858
Act IV,Scene II,King John,Five moons!,1859
Act IV,Scene II,Hubert,Old men and beldams in the streets,1860
Act IV,Scene II,Hubert,Do prophesy upon it dangerously:,1861
Act IV,Scene II,Hubert,Young Arthur's death is common in their mouths:,1862
Act IV,Scene II,Hubert,"And when they talk of him, they shake their heads",1863
Act IV,Scene II,Hubert,And whisper one another in the ear;,1864
Act IV,Scene II,Hubert,"And he that speaks doth gripe the hearer's wrist,",1865
Act IV,Scene II,Hubert,"Whilst he that hears makes fearful action,",1866
Act IV,Scene II,Hubert,"With wrinkled brows, with nods, with rolling eyes.",1867
Act IV,Scene II,Hubert,"I saw a smith stand with his hammer, thus,",1868
Act IV,Scene II,Hubert,"The whilst his iron did on the anvil cool,",1869
Act IV,Scene II,Hubert,With open mouth swallowing a tailor's news;,1870
Act IV,Scene II,Hubert,"Who, with his shears and measure in his hand,",1871
Act IV,Scene II,Hubert,"Standing on slippers, which his nimble haste",1872
Act IV,Scene II,Hubert,"Had falsely thrust upon contrary feet,",1873
Act IV,Scene II,Hubert,Told of a many thousand warlike French,1874
Act IV,Scene II,Hubert,That were embattailed and rank'd in Kent:,1875
Act IV,Scene II,Hubert,Another lean unwash'd artificer,1876
Act IV,Scene II,Hubert,Cuts off his tale and talks of Arthur's death.,1877
Act IV,Scene II,King John,Why seek'st thou to possess me with these fears?,1878
Act IV,Scene II,King John,Why urgest thou so oft young Arthur's death?,1879
Act IV,Scene II,King John,Thy hand hath murder'd him: I had a mighty cause,1880
Act IV,Scene II,King John,"To wish him dead, but thou hadst none to kill him.",1881
Act IV,Scene II,Hubert,"No had, my lord! why, did you not provoke me?",1882
Act IV,Scene II,King John,It is the curse of kings to be attended,1883
Act IV,Scene II,King John,By slaves that take their humours for a warrant,1884
Act IV,Scene II,King John,"To break within the bloody house of life,",1885
Act IV,Scene II,King John,And on the winking of authority,1886
Act IV,Scene II,King John,"To understand a law, to know the meaning",1887
Act IV,Scene II,King John,"Of dangerous majesty, when perchance it frowns",1888
Act IV,Scene II,King John,More upon humour than advised respect.,1889
Act IV,Scene II,Hubert,Here is your hand and seal for what I did.,1890
Act IV,Scene II,King John,"O, when the last account 'twixt heaven and earth",1891
Act IV,Scene II,King John,"Is to be made, then shall this hand and seal",1892
Act IV,Scene II,King John,Witness against us to damnation!,1893
Act IV,Scene II,King John,How oft the sight of means to do ill deeds,1894
Act IV,Scene II,King John,"Make deeds ill done! Hadst not thou been by,",1895
Act IV,Scene II,King John,"A fellow by the hand of nature mark'd,",1896
Act IV,Scene II,King John,"Quoted and sign'd to do a deed of shame,",1897
Act IV,Scene II,King John,This murder had not come into my mind:,1898
Act IV,Scene II,King John,"But taking note of thy abhorr'd aspect,",1899
Act IV,Scene II,King John,"Finding thee fit for bloody villany,",1900
Act IV,Scene II,King John,"Apt, liable to be employ'd in danger,",1901
Act IV,Scene II,King John,I faintly broke with thee of Arthur's death;,1902
Act IV,Scene II,King John,"And thou, to be endeared to a king,",1903
Act IV,Scene II,King John,Made it no conscience to destroy a prince.,1904
Act IV,Scene II,Hubert,My lord--,1905
Act IV,Scene II,King John,Hadst thou but shook thy head or made a pause,1906
Act IV,Scene II,King John,"When I spake darkly what I purposed,",1907
Act IV,Scene II,King John,"Or turn'd an eye of doubt upon my face,",1908
Act IV,Scene II,King John,"As bid me tell my tale in express words,",1909
Act IV,Scene II,King John,"Deep shame had struck me dumb, made me break off,",1910
Act IV,Scene II,King John,And those thy fears might have wrought fears in me:,1911
Act IV,Scene II,King John,But thou didst understand me by my signs,1912
Act IV,Scene II,King John,And didst in signs again parley with sin;,1913
Act IV,Scene II,King John,"Yea, without stop, didst let thy heart consent,",1914
Act IV,Scene II,King John,And consequently thy rude hand to act,1915
Act IV,Scene II,King John,"The deed, which both our tongues held vile to name.",1916
Act IV,Scene II,King John,"Out of my sight, and never see me more!",1917
Act IV,Scene II,King John,"My nobles leave me; and my state is braved,",1918
Act IV,Scene II,King John,"Even at my gates, with ranks of foreign powers:",1919
Act IV,Scene II,King John,"Nay, in the body of this fleshly land,",1920
Act IV,Scene II,King John,"This kingdom, this confine of blood and breath,",1921
Act IV,Scene II,King John,Hostility and civil tumult reigns,1922
Act IV,Scene II,King John,Between my conscience and my cousin's death.,1923
Act IV,Scene II,Hubert,"Arm you against your other enemies,",1924
Act IV,Scene II,Hubert,I'll make a peace between your soul and you.,1925
Act IV,Scene II,Hubert,Young Arthur is alive: this hand of mine,1926
Act IV,Scene II,Hubert,"Is yet a maiden and an innocent hand,",1927
Act IV,Scene II,Hubert,Not painted with the crimson spots of blood.,1928
Act IV,Scene II,Hubert,Within this bosom never enter'd yet,1929
Act IV,Scene II,Hubert,The dreadful motion of a murderous thought;,1930
Act IV,Scene II,Hubert,"And you have slander'd nature in my form,",1931
Act IV,Scene II,Hubert,"Which, howsoever rude exteriorly,",1932
Act IV,Scene II,Hubert,Is yet the cover of a fairer mind,1933
Act IV,Scene II,Hubert,Than to be butcher of an innocent child.,1934
Act IV,Scene II,King John,"Doth Arthur live? O, haste thee to the peers,",1935
Act IV,Scene II,King John,"Throw this report on their incensed rage,",1936
Act IV,Scene II,King John,And make them tame to their obedience!,1937
Act IV,Scene II,King John,Forgive the comment that my passion made,1938
Act IV,Scene II,King John,"Upon thy feature; for my rage was blind,",1939
Act IV,Scene II,King John,And foul imaginary eyes of blood,1940
Act IV,Scene II,King John,Presented thee more hideous than thou art.,1941
Act IV,Scene II,King John,"O, answer not, but to my closet bring",1942
Act IV,Scene II,King John,The angry lords with all expedient haste.,1943
Act IV,Scene II,King John,I conjure thee but slowly; run more fast.,1944
Act IV,Scene II,[stage direction],Exeunt,NA
Act IV,Scene III,[stage direction],"Enter ARTHUR, on the walls",NA
Act IV,Scene III,Arthur,"The wall is high, and yet will I leap down:",1945
Act IV,Scene III,Arthur,"Good ground, be pitiful and hurt me not!",1946
Act IV,Scene III,Arthur,"There's few or none do know me: if they did,",1947
Act IV,Scene III,Arthur,This ship-boy's semblance hath disguised me quite.,1948
Act IV,Scene III,Arthur,I am afraid; and yet I'll venture it.,1949
Act IV,Scene III,Arthur,"If I get down, and do not break my limbs,",1950
Act IV,Scene III,Arthur,I'll find a thousand shifts to get away:,1951
Act IV,Scene III,Arthur,"As good to die and go, as die and stay.",1952
Act IV,Scene III,[stage direction],Leaps down,NA
Act IV,Scene III,Arthur,O me! my uncle's spirit is in these stones:,1953
Act IV,Scene III,Arthur,"Heaven take my soul, and England keep my bones!",1954
Act IV,Scene III,[stage direction],Dies,NA
Act IV,Scene III,[stage direction],"Enter PEMBROKE, SALISBURY, and BIGOT",NA
Act IV,Scene III,Salisbury,"Lords, I will meet him at Saint Edmundsbury:",1955
Act IV,Scene III,Salisbury,"It is our safety, and we must embrace",1956
Act IV,Scene III,Salisbury,This gentle offer of the perilous time.,1957
Act IV,Scene III,Pembroke,Who brought that letter from the cardinal?,1958
Act IV,Scene III,Salisbury,"The Count Melun, a noble lord of France,",1959
Act IV,Scene III,Salisbury,Whose private with me of the Dauphin's love,1960
Act IV,Scene III,Salisbury,Is much more general than these lines import.,1961
Act IV,Scene III,Bigot,To-morrow morning let us meet him then.,1962
Act IV,Scene III,Salisbury,Or rather then set forward; for 'twill be,1963
Act IV,Scene III,Salisbury,"Two long days' journey, lords, or ere we meet.",1964
Act IV,Scene III,[stage direction],Enter the BASTARD,NA
Act IV,Scene III,Bastard,"Once more to-day well met, distemper'd lords!",1965
Act IV,Scene III,Bastard,The king by me requests your presence straight.,1966
Act IV,Scene III,Salisbury,The king hath dispossess'd himself of us:,1967
Act IV,Scene III,Salisbury,We will not line his thin bestained cloak,1968
Act IV,Scene III,Salisbury,"With our pure honours, nor attend the foot",1969
Act IV,Scene III,Salisbury,That leaves the print of blood where'er it walks.,1970
Act IV,Scene III,Salisbury,Return and tell him so: we know the worst.,1971
Act IV,Scene III,Bastard,"Whate'er you think, good words, I think, were best.",1972
Act IV,Scene III,Salisbury,"Our griefs, and not our manners, reason now.",1973
Act IV,Scene III,Bastard,But there is little reason in your grief;,1974
Act IV,Scene III,Bastard,Therefore 'twere reason you had manners now.,1975
Act IV,Scene III,Pembroke,"Sir, sir, impatience hath his privilege.",1976
Act IV,Scene III,Bastard,"'Tis true, to hurt his master, no man else.",1977
Act IV,Scene III,Salisbury,This is the prison. What is he lies here?,1978
Act IV,Scene III,[stage direction],Seeing ARTHUR,NA
Act IV,Scene III,Pembroke,"O death, made proud with pure and princely beauty!",1979
Act IV,Scene III,Pembroke,The earth had not a hole to hide this deed.,1980
Act IV,Scene III,Salisbury,"Murder, as hating what himself hath done,",1981
Act IV,Scene III,Salisbury,Doth lay it open to urge on revenge.,1982
Act IV,Scene III,Bigot,"Or, when he doom'd this beauty to a grave,",1983
Act IV,Scene III,Bigot,Found it too precious-princely for a grave.,1984
Act IV,Scene III,Salisbury,"Sir Richard, what think you? have you beheld,",1985
Act IV,Scene III,Salisbury,Or have you read or heard? or could you think?,1986
Act IV,Scene III,Salisbury,"Or do you almost think, although you see,",1987
Act IV,Scene III,Salisbury,"That you do see? could thought, without this object,",1988
Act IV,Scene III,Salisbury,"Form such another? This is the very top,",1989
Act IV,Scene III,Salisbury,"The height, the crest, or crest unto the crest,",1990
Act IV,Scene III,Salisbury,"Of murder's arms: this is the bloodiest shame,",1991
Act IV,Scene III,Salisbury,"The wildest savagery, the vilest stroke,",1992
Act IV,Scene III,Salisbury,That ever wall-eyed wrath or staring rage,1993
Act IV,Scene III,Salisbury,Presented to the tears of soft remorse.,1994
Act IV,Scene III,Pembroke,All murders past do stand excused in this:,1995
Act IV,Scene III,Pembroke,"And this, so sole and so unmatchable,",1996
Act IV,Scene III,Pembroke,"Shall give a holiness, a purity,",1997
Act IV,Scene III,Pembroke,To the yet unbegotten sin of times;,1998
Act IV,Scene III,Pembroke,"And prove a deadly bloodshed but a jest,",1999
Act IV,Scene III,Pembroke,Exampled by this heinous spectacle.,2000
Act IV,Scene III,Bastard,It is a damned and a bloody work;,2001
Act IV,Scene III,Bastard,"The graceless action of a heavy hand,",2002
Act IV,Scene III,Bastard,If that it be the work of any hand.,2003
Act IV,Scene III,Salisbury,If that it be the work of any hand!,2004
Act IV,Scene III,Salisbury,We had a kind of light what would ensue:,2005
Act IV,Scene III,Salisbury,It is the shameful work of Hubert's hand;,2006
Act IV,Scene III,Salisbury,The practise and the purpose of the king:,2007
Act IV,Scene III,Salisbury,"From whose obedience I forbid my soul,",2008
Act IV,Scene III,Salisbury,"Kneeling before this ruin of sweet life,",2009
Act IV,Scene III,Salisbury,And breathing to his breathless excellence,2010
Act IV,Scene III,Salisbury,"The incense of a vow, a holy vow,",2011
Act IV,Scene III,Salisbury,"Never to taste the pleasures of the world,",2012
Act IV,Scene III,Salisbury,"Never to be infected with delight,",2013
Act IV,Scene III,Salisbury,"Nor conversant with ease and idleness,",2014
Act IV,Scene III,Salisbury,"Till I have set a glory to this hand,",2015
Act IV,Scene III,Salisbury,By giving it the worship of revenge.,2016
Act IV,Scene III,Bigot,Our souls religiously confirm thy words.,2017
Act IV,Scene III,[stage direction],Enter HUBERT,NA
Act IV,Scene III,Hubert,"Lords, I am hot with haste in seeking you:",2018
Act IV,Scene III,Hubert,Arthur doth live; the king hath sent for you.,2019
Act IV,Scene III,Salisbury,"O, he is old and blushes not at death.",2020
Act IV,Scene III,Salisbury,"Avaunt, thou hateful villain, get thee gone!",2021
Act IV,Scene III,Hubert,I am no villain.,2022
Act IV,Scene III,Salisbury,Must I rob the law?,2023
Act IV,Scene III,[stage direction],Drawing his sword,NA
Act IV,Scene III,Bastard,"Your sword is bright, sir; put it up again.",2024
Act IV,Scene III,Salisbury,Not till I sheathe it in a murderer's skin.,2025
Act IV,Scene III,Hubert,"Stand back, Lord Salisbury, stand back, I say;",2026
Act IV,Scene III,Hubert,"By heaven, I think my sword's as sharp as yours:",2027
Act IV,Scene III,Hubert,"I would not have you, lord, forget yourself,",2028
Act IV,Scene III,Hubert,Nor tempt the danger of my true defence;,2029
Act IV,Scene III,Hubert,"Lest I, by marking of your rage, forget",2030
Act IV,Scene III,Hubert,"Your worth, your greatness and nobility.",2031
Act IV,Scene III,Bigot,"Out, dunghill! darest thou brave a nobleman?",2032
Act IV,Scene III,Hubert,Not for my life: but yet I dare defend,2033
Act IV,Scene III,Hubert,My innocent life against an emperor.,2034
Act IV,Scene III,Salisbury,Thou art a murderer.,2035
Act IV,Scene III,Hubert,Do not prove me so;,2036
Act IV,Scene III,Hubert,"Yet I am none: whose tongue soe'er speaks false,",2037
Act IV,Scene III,Hubert,"Not truly speaks; who speaks not truly, lies.",2038
Act IV,Scene III,Pembroke,Cut him to pieces.,2039
Act IV,Scene III,Bastard,"Keep the peace, I say.",2040
Act IV,Scene III,Salisbury,"Stand by, or I shall gall you, Faulconbridge.",2041
Act IV,Scene III,Bastard,"Thou wert better gall the devil, Salisbury:",2042
Act IV,Scene III,Bastard,"If thou but frown on me, or stir thy foot,",2043
Act IV,Scene III,Bastard,"Or teach thy hasty spleen to do me shame,",2044
Act IV,Scene III,Bastard,I'll strike thee dead. Put up thy sword betime;,2045
Act IV,Scene III,Bastard,"Or I'll so maul you and your toasting-iron,",2046
Act IV,Scene III,Bastard,That you shall think the devil is come from hell.,2047
Act IV,Scene III,Bigot,"What wilt thou do, renowned Faulconbridge?",2048
Act IV,Scene III,Bigot,Second a villain and a murderer?,2049
Act IV,Scene III,Hubert,"Lord Bigot, I am none.",2050
Act IV,Scene III,Bigot,Who kill'd this prince?,2051
Act IV,Scene III,Hubert,'Tis not an hour since I left him well:,2052
Act IV,Scene III,Hubert,"I honour'd him, I loved him, and will weep",2053
Act IV,Scene III,Hubert,My date of life out for his sweet life's loss.,2054
Act IV,Scene III,Salisbury,"Trust not those cunning waters of his eyes,",2055
Act IV,Scene III,Salisbury,For villany is not without such rheum;,2056
Act IV,Scene III,Salisbury,"And he, long traded in it, makes it seem",2057
Act IV,Scene III,Salisbury,Like rivers of remorse and innocency.,2058
Act IV,Scene III,Salisbury,"Away with me, all you whose souls abhor",2059
Act IV,Scene III,Salisbury,The uncleanly savours of a slaughter-house;,2060
Act IV,Scene III,Salisbury,For I am stifled with this smell of sin.,2061
Act IV,Scene III,Bigot,"Away toward Bury, to the Dauphin there!",2062
Act IV,Scene III,Pembroke,There tell the king he may inquire us out.,2063
Act IV,Scene III,[stage direction],Exeunt Lords,NA
Act IV,Scene III,Bastard,Here's a good world! Knew you of this fair work?,2064
Act IV,Scene III,Bastard,Beyond the infinite and boundless reach,2065
Act IV,Scene III,Bastard,"Of mercy, if thou didst this deed of death,",2066
Act IV,Scene III,Bastard,"Art thou damn'd, Hubert.",2067
Act IV,Scene III,Hubert,"Do but hear me, sir.",2068
Act IV,Scene III,Bastard,Ha! I'll tell thee what;,2069
Act IV,Scene III,Bastard,"Thou'rt damn'd as black--nay, nothing is so black;",2070
Act IV,Scene III,Bastard,Thou art more deep damn'd than Prince Lucifer:,2071
Act IV,Scene III,Bastard,There is not yet so ugly a fiend of hell,2072
Act IV,Scene III,Bastard,"As thou shalt be, if thou didst kill this child.",2073
Act IV,Scene III,Hubert,Upon my soul--,2074
Act IV,Scene III,Bastard,If thou didst but consent,2075
Act IV,Scene III,Bastard,"To this most cruel act, do but despair;",2076
Act IV,Scene III,Bastard,"And if thou want'st a cord, the smallest thread",2077
Act IV,Scene III,Bastard,That ever spider twisted from her womb,2078
Act IV,Scene III,Bastard,"Will serve to strangle thee, a rush will be a beam",2079
Act IV,Scene III,Bastard,"To hang thee on; or wouldst thou drown thyself,",2080
Act IV,Scene III,Bastard,"Put but a little water in a spoon,",2081
Act IV,Scene III,Bastard,"And it shall be as all the ocean,",2082
Act IV,Scene III,Bastard,Enough to stifle such a villain up.,2083
Act IV,Scene III,Bastard,I do suspect thee very grievously.,2084
Act IV,Scene III,Hubert,"If I in act, consent, or sin of thought,",2085
Act IV,Scene III,Hubert,Be guilty of the stealing that sweet breath,2086
Act IV,Scene III,Hubert,"Which was embounded in this beauteous clay,",2087
Act IV,Scene III,Hubert,Let hell want pains enough to torture me.,2088
Act IV,Scene III,Hubert,I left him well.,2089
Act IV,Scene III,Bastard,"Go, bear him in thine arms.",2090
Act IV,Scene III,Bastard,"I am amazed, methinks, and lose my way",2091
Act IV,Scene III,Bastard,Among the thorns and dangers of this world.,2092
Act IV,Scene III,Bastard,How easy dost thou take all England up!,2093
Act IV,Scene III,Bastard,"From forth this morsel of dead royalty,",2094
Act IV,Scene III,Bastard,"The life, the right and truth of all this realm",2095
Act IV,Scene III,Bastard,Is fled to heaven; and England now is left,2096
Act IV,Scene III,Bastard,To tug and scamble and to part by the teeth,2097
Act IV,Scene III,Bastard,The unowed interest of proud-swelling state.,2098
Act IV,Scene III,Bastard,Now for the bare-pick'd bone of majesty,2099
Act IV,Scene III,Bastard,Doth dogged war bristle his angry crest,2100
Act IV,Scene III,Bastard,And snarleth in the gentle eyes of peace:,2101
Act IV,Scene III,Bastard,Now powers from home and discontents at home,2102
Act IV,Scene III,Bastard,"Meet in one line; and vast confusion waits,",2103
Act IV,Scene III,Bastard,"As doth a raven on a sick-fall'n beast,",2104
Act IV,Scene III,Bastard,The imminent decay of wrested pomp.,2105
Act IV,Scene III,Bastard,Now happy he whose cloak and cincture can,2106
Act IV,Scene III,Bastard,Hold out this tempest. Bear away that child,2107
Act IV,Scene III,Bastard,And follow me with speed: I'll to the king:,2108
Act IV,Scene III,Bastard,"A thousand businesses are brief in hand,",2109
Act IV,Scene III,Bastard,And heaven itself doth frown upon the land.,2110
Act IV,Scene III,[stage direction],Exeunt,NA
Act V,Scene I,[stage direction],"Enter KING JOHN, CARDINAL PANDULPH, and Attendants",NA
Act V,Scene I,King John,Thus have I yielded up into your hand,2111
Act V,Scene I,King John,The circle of my glory.,2112
Act V,Scene I,[stage direction],Giving the crown,NA
Act V,Scene I,Cardinal Pandulph,Take again,2113
Act V,Scene I,Cardinal Pandulph,"From this my hand, as holding of the pope",2114
Act V,Scene I,Cardinal Pandulph,Your sovereign greatness and authority.,2115
Act V,Scene I,King John,"Now keep your holy word: go meet the French,",2116
Act V,Scene I,King John,And from his holiness use all your power,2117
Act V,Scene I,King John,To stop their marches 'fore we are inflamed.,2118
Act V,Scene I,King John,Our discontented counties do revolt;,2119
Act V,Scene I,King John,"Our people quarrel with obedience,",2120
Act V,Scene I,King John,Swearing allegiance and the love of soul,2121
Act V,Scene I,King John,"To stranger blood, to foreign royalty.",2122
Act V,Scene I,King John,This inundation of mistemper'd humour,2123
Act V,Scene I,King John,Rests by you only to be qualified:,2124
Act V,Scene I,King John,"Then pause not; for the present time's so sick,",2125
Act V,Scene I,King John,"That present medicine must be minister'd,",2126
Act V,Scene I,King John,Or overthrow incurable ensues.,2127
Act V,Scene I,Cardinal Pandulph,"It was my breath that blew this tempest up,",2128
Act V,Scene I,Cardinal Pandulph,Upon your stubborn usage of the pope;,2129
Act V,Scene I,Cardinal Pandulph,"But since you are a gentle convertite,",2130
Act V,Scene I,Cardinal Pandulph,My tongue shall hush again this storm of war,2131
Act V,Scene I,Cardinal Pandulph,And make fair weather in your blustering land.,2132
Act V,Scene I,Cardinal Pandulph,"On this Ascension-day, remember well,",2133
Act V,Scene I,Cardinal Pandulph,"Upon your oath of service to the pope,",2134
Act V,Scene I,Cardinal Pandulph,Go I to make the French lay down their arms.,2135
Act V,Scene I,[stage direction],Exit,NA
Act V,Scene I,King John,Is this Ascension-day? Did not the prophet,2136
Act V,Scene I,King John,Say that before Ascension-day at noon,2137
Act V,Scene I,King John,My crown I should give off? Even so I have:,2138
Act V,Scene I,King John,I did suppose it should be on constraint:,2139
Act V,Scene I,King John,"But, heaven be thank'd, it is but voluntary.",2140
Act V,Scene I,[stage direction],Enter the BASTARD,NA
Act V,Scene I,Bastard,All Kent hath yielded; nothing there holds out,2141
Act V,Scene I,Bastard,"But Dover castle: London hath received,",2142
Act V,Scene I,Bastard,"Like a kind host, the Dauphin and his powers:",2143
Act V,Scene I,Bastard,"Your nobles will not hear you, but are gone",2144
Act V,Scene I,Bastard,"To offer service to your enemy,",2145
Act V,Scene I,Bastard,And wild amazement hurries up and down,2146
Act V,Scene I,Bastard,The little number of your doubtful friends.,2147
Act V,Scene I,King John,"Would not my lords return to me again,",2148
Act V,Scene I,King John,After they heard young Arthur was alive?,2149
Act V,Scene I,Bastard,"They found him dead and cast into the streets,",2150
Act V,Scene I,Bastard,"An empty casket, where the jewel of life",2151
Act V,Scene I,Bastard,By some damn'd hand was robb'd and ta'en away.,2152
Act V,Scene I,King John,That villain Hubert told me he did live.,2153
Act V,Scene I,Bastard,"So, on my soul, he did, for aught he knew.",2154
Act V,Scene I,Bastard,But wherefore do you droop? why look you sad?,2155
Act V,Scene I,Bastard,"Be great in act, as you have been in thought;",2156
Act V,Scene I,Bastard,Let not the world see fear and sad distrust,2157
Act V,Scene I,Bastard,Govern the motion of a kingly eye:,2158
Act V,Scene I,Bastard,Be stirring as the time; be fire with fire;,2159
Act V,Scene I,Bastard,Threaten the threatener and outface the brow,2160
Act V,Scene I,Bastard,"Of bragging horror: so shall inferior eyes,",2161
Act V,Scene I,Bastard,"That borrow their behaviors from the great,",2162
Act V,Scene I,Bastard,Grow great by your example and put on,2163
Act V,Scene I,Bastard,The dauntless spirit of resolution.,2164
Act V,Scene I,Bastard,"Away, and glister like the god of war,",2165
Act V,Scene I,Bastard,When he intendeth to become the field:,2166
Act V,Scene I,Bastard,Show boldness and aspiring confidence.,2167
Act V,Scene I,Bastard,"What, shall they seek the lion in his den,",2168
Act V,Scene I,Bastard,And fright him there? and make him tremble there?,2169
Act V,Scene I,Bastard,"O, let it not be said: forage, and run",2170
Act V,Scene I,Bastard,"To meet displeasure farther from the doors,",2171
Act V,Scene I,Bastard,And grapple with him ere he comes so nigh.,2172
Act V,Scene I,King John,"The legate of the pope hath been with me,",2173
Act V,Scene I,King John,And I have made a happy peace with him;,2174
Act V,Scene I,King John,And he hath promised to dismiss the powers,2175
Act V,Scene I,King John,Led by the Dauphin.,2176
Act V,Scene I,Bastard,O inglorious league!,2177
Act V,Scene I,Bastard,"Shall we, upon the footing of our land,",2178
Act V,Scene I,Bastard,"Send fair-play orders and make compromise,",2179
Act V,Scene I,Bastard,"Insinuation, parley and base truce",2180
Act V,Scene I,Bastard,"To arms invasive? shall a beardless boy,",2181
Act V,Scene I,Bastard,"A cocker'd silken wanton, brave our fields,",2182
Act V,Scene I,Bastard,"And flesh his spirit in a warlike soil,",2183
Act V,Scene I,Bastard,"Mocking the air with colours idly spread,",2184
Act V,Scene I,Bastard,"And find no cheque? Let us, my liege, to arms:",2185
Act V,Scene I,Bastard,Perchance the cardinal cannot make your peace;,2186
Act V,Scene I,Bastard,"Or if he do, let it at least be said",2187
Act V,Scene I,Bastard,They saw we had a purpose of defence.,2188
Act V,Scene I,King John,Have thou the ordering of this present time.,2189
Act V,Scene I,Bastard,"Away, then, with good courage! yet, I know,",2190
Act V,Scene I,Bastard,Our party may well meet a prouder foe.,2191
Act V,Scene I,[stage direction],Exeunt,NA
Act V,Scene II,[stage direction],"Enter, in arms, LEWIS, SALISBURY, MELUN, PEMBROKE, BIGOT, and Soldiers",NA
Act V,Scene II,Lewis,"My Lord Melun, let this be copied out,",2192
Act V,Scene II,Lewis,And keep it safe for our remembrance:,2193
Act V,Scene II,Lewis,Return the precedent to these lords again;,2194
Act V,Scene II,Lewis,"That, having our fair order written down,",2195
Act V,Scene II,Lewis,"Both they and we, perusing o'er these notes,",2196
Act V,Scene II,Lewis,May know wherefore we took the sacrament,2197
Act V,Scene II,Lewis,And keep our faiths firm and inviolable.,2198
Act V,Scene II,Salisbury,Upon our sides it never shall be broken.,2199
Act V,Scene II,Salisbury,"And, noble Dauphin, albeit we swear",2200
Act V,Scene II,Salisbury,A voluntary zeal and an unurged faith,2201
Act V,Scene II,Salisbury,"To your proceedings; yet believe me, prince,",2202
Act V,Scene II,Salisbury,I am not glad that such a sore of time,2203
Act V,Scene II,Salisbury,"Should seek a plaster by contemn'd revolt,",2204
Act V,Scene II,Salisbury,And heal the inveterate canker of one wound,2205
Act V,Scene II,Salisbury,"By making many. O, it grieves my soul,",2206
Act V,Scene II,Salisbury,That I must draw this metal from my side,2207
Act V,Scene II,Salisbury,"To be a widow-maker! O, and there",2208
Act V,Scene II,Salisbury,Where honourable rescue and defence,2209
Act V,Scene II,Salisbury,Cries out upon the name of Salisbury!,2210
Act V,Scene II,Salisbury,"But such is the infection of the time,",2211
Act V,Scene II,Salisbury,"That, for the health and physic of our right,",2212
Act V,Scene II,Salisbury,We cannot deal but with the very hand,2213
Act V,Scene II,Salisbury,Of stern injustice and confused wrong.,2214
Act V,Scene II,Salisbury,"And is't not pity, O my grieved friends,",2215
Act V,Scene II,Salisbury,"That we, the sons and children of this isle,",2216
Act V,Scene II,Salisbury,Were born to see so sad an hour as this;,2217
Act V,Scene II,Salisbury,Wherein we step after a stranger march,2218
Act V,Scene II,Salisbury,"Upon her gentle bosom, and fill up",2219
Act V,Scene II,Salisbury,"Her enemies' ranks,--I must withdraw and weep",2220
Act V,Scene II,Salisbury,"Upon the spot of this enforced cause,--",2221
Act V,Scene II,Salisbury,"To grace the gentry of a land remote,",2222
Act V,Scene II,Salisbury,And follow unacquainted colours here?,2223
Act V,Scene II,Salisbury,"What, here? O nation, that thou couldst remove!",2224
Act V,Scene II,Salisbury,"That Neptune's arms, who clippeth thee about,",2225
Act V,Scene II,Salisbury,"Would bear thee from the knowledge of thyself,",2226
Act V,Scene II,Salisbury,And grapple thee unto a pagan shore;,2227
Act V,Scene II,Salisbury,Where these two Christian armies might combine,2228
Act V,Scene II,Salisbury,"The blood of malice in a vein of league,",2229
Act V,Scene II,Salisbury,And not to spend it so unneighbourly!,2230
Act V,Scene II,Lewis,A noble temper dost thou show in this;,2231
Act V,Scene II,Lewis,And great affections wrestling in thy bosom,2232
Act V,Scene II,Lewis,Doth make an earthquake of nobility.,2233
Act V,Scene II,Lewis,"O, what a noble combat hast thou fought",2234
Act V,Scene II,Lewis,Between compulsion and a brave respect!,2235
Act V,Scene II,Lewis,"Let me wipe off this honourable dew,",2236
Act V,Scene II,Lewis,That silverly doth progress on thy cheeks:,2237
Act V,Scene II,Lewis,"My heart hath melted at a lady's tears,",2238
Act V,Scene II,Lewis,Being an ordinary inundation;,2239
Act V,Scene II,Lewis,"But this effusion of such manly drops,",2240
Act V,Scene II,Lewis,"This shower, blown up by tempest of the soul,",2241
Act V,Scene II,Lewis,"Startles mine eyes, and makes me more amazed",2242
Act V,Scene II,Lewis,Than had I seen the vaulty top of heaven,2243
Act V,Scene II,Lewis,Figured quite o'er with burning meteors.,2244
Act V,Scene II,Lewis,"Lift up thy brow, renowned Salisbury,",2245
Act V,Scene II,Lewis,And with a great heart heave away the storm:,2246
Act V,Scene II,Lewis,Commend these waters to those baby eyes,2247
Act V,Scene II,Lewis,That never saw the giant world enraged;,2248
Act V,Scene II,Lewis,"Nor met with fortune other than at feasts,",2249
Act V,Scene II,Lewis,"Full of warm blood, of mirth, of gossiping.",2250
Act V,Scene II,Lewis,"Come, come; for thou shalt thrust thy hand as deep",2251
Act V,Scene II,Lewis,Into the purse of rich prosperity,2252
Act V,Scene II,Lewis,"As Lewis himself: so, nobles, shall you all,",2253
Act V,Scene II,Lewis,That knit your sinews to the strength of mine.,2254
Act V,Scene II,Lewis,"And even there, methinks, an angel spake:",2255
Act V,Scene II,[stage direction],Enter CARDINAL PANDULPH,NA
Act V,Scene II,Lewis,"Look, where the holy legate comes apace,",2256
Act V,Scene II,Lewis,To give us warrant from the hand of heaven,2257
Act V,Scene II,Lewis,And on our actions set the name of right,2258
Act V,Scene II,Lewis,With holy breath.,2259
Act V,Scene II,Cardinal Pandulph,"Hail, noble prince of France!",2260
Act V,Scene II,Cardinal Pandulph,"The next is this, King John hath reconciled",2261
Act V,Scene II,Cardinal Pandulph,"Himself to Rome; his spirit is come in,",2262
Act V,Scene II,Cardinal Pandulph,"That so stood out against the holy church,",2263
Act V,Scene II,Cardinal Pandulph,The great metropolis and see of Rome:,2264
Act V,Scene II,Cardinal Pandulph,Therefore thy threatening colours now wind up;,2265
Act V,Scene II,Cardinal Pandulph,"And tame the savage spirit of wild war,",2266
Act V,Scene II,Cardinal Pandulph,"That like a lion foster'd up at hand,",2267
Act V,Scene II,Cardinal Pandulph,"It may lie gently at the foot of peace,",2268
Act V,Scene II,Cardinal Pandulph,And be no further harmful than in show.,2269
Act V,Scene II,Lewis,"Your grace shall pardon me, I will not back:",2270
Act V,Scene II,Lewis,"I am too high-born to be propertied,",2271
Act V,Scene II,Lewis,"To be a secondary at control,",2272
Act V,Scene II,Lewis,"Or useful serving-man and instrument,",2273
Act V,Scene II,Lewis,To any sovereign state throughout the world.,2274
Act V,Scene II,Lewis,Your breath first kindled the dead coal of wars,2275
Act V,Scene II,Lewis,"Between this chastised kingdom and myself,",2276
Act V,Scene II,Lewis,And brought in matter that should feed this fire;,2277
Act V,Scene II,Lewis,And now 'tis far too huge to be blown out,2278
Act V,Scene II,Lewis,With that same weak wind which enkindled it.,2279
Act V,Scene II,Lewis,"You taught me how to know the face of right,",2280
Act V,Scene II,Lewis,"Acquainted me with interest to this land,",2281
Act V,Scene II,Lewis,"Yea, thrust this enterprise into my heart;",2282
Act V,Scene II,Lewis,And come ye now to tell me John hath made,2283
Act V,Scene II,Lewis,His peace with Rome? What is that peace to me?,2284
Act V,Scene II,Lewis,"I, by the honour of my marriage-bed,",2285
Act V,Scene II,Lewis,"After young Arthur, claim this land for mine;",2286
Act V,Scene II,Lewis,"And, now it is half-conquer'd, must I back",2287
Act V,Scene II,Lewis,Because that John hath made his peace with Rome?,2288
Act V,Scene II,Lewis,"Am I Rome's slave? What penny hath Rome borne,",2289
Act V,Scene II,Lewis,"What men provided, what munition sent,",2290
Act V,Scene II,Lewis,To underprop this action? Is't not I,2291
Act V,Scene II,Lewis,"That undergo this charge? who else but I,",2292
Act V,Scene II,Lewis,"And such as to my claim are liable,",2293
Act V,Scene II,Lewis,Sweat in this business and maintain this war?,2294
Act V,Scene II,Lewis,Have I not heard these islanders shout out,2295
Act V,Scene II,Lewis,'Vive le roi!' as I have bank'd their towns?,2296
Act V,Scene II,Lewis,"Have I not here the best cards for the game,",2297
Act V,Scene II,Lewis,To win this easy match play'd for a crown?,2298
Act V,Scene II,Lewis,And shall I now give o'er the yielded set?,2299
Act V,Scene II,Lewis,"No, no, on my soul, it never shall be said.",2300
Act V,Scene II,Cardinal Pandulph,You look but on the outside of this work.,2301
Act V,Scene II,Lewis,"Outside or inside, I will not return",2302
Act V,Scene II,Lewis,Till my attempt so much be glorified,2303
Act V,Scene II,Lewis,As to my ample hope was promised,2304
Act V,Scene II,Lewis,"Before I drew this gallant head of war,",2305
Act V,Scene II,Lewis,"And cull'd these fiery spirits from the world,",2306
Act V,Scene II,Lewis,To outlook conquest and to win renown,2307
Act V,Scene II,Lewis,Even in the jaws of danger and of death.,2308
Act V,Scene II,[stage direction],Trumpet sounds,NA
Act V,Scene II,Lewis,What lusty trumpet thus doth summon us?,2309
Act V,Scene II,[stage direction],"Enter the BASTARD, attended",NA
Act V,Scene II,Bastard,"According to the fair play of the world,",2310
Act V,Scene II,Bastard,Let me have audience; I am sent to speak:,2311
Act V,Scene II,Bastard,"My holy lord of Milan, from the king",2312
Act V,Scene II,Bastard,"I come, to learn how you have dealt for him;",2313
Act V,Scene II,Bastard,"And, as you answer, I do know the scope",2314
Act V,Scene II,Bastard,And warrant limited unto my tongue.,2315
Act V,Scene II,Cardinal Pandulph,"The Dauphin is too wilful-opposite,",2316
Act V,Scene II,Cardinal Pandulph,And will not temporize with my entreaties;,2317
Act V,Scene II,Cardinal Pandulph,He flatly says he'll not lay down his arms.,2318
Act V,Scene II,Bastard,"By all the blood that ever fury breathed,",2319
Act V,Scene II,Bastard,The youth says well. Now hear our English king;,2320
Act V,Scene II,Bastard,For thus his royalty doth speak in me.,2321
Act V,Scene II,Bastard,"He is prepared, and reason too he should:",2322
Act V,Scene II,Bastard,"This apish and unmannerly approach,",2323
Act V,Scene II,Bastard,"This harness'd masque and unadvised revel,",2324
Act V,Scene II,Bastard,"This unhair'd sauciness and boyish troops,",2325
Act V,Scene II,Bastard,The king doth smile at; and is well prepared,2326
Act V,Scene II,Bastard,"To whip this dwarfish war, these pigmy arms,",2327
Act V,Scene II,Bastard,From out the circle of his territories.,2328
Act V,Scene II,Bastard,"That hand which had the strength, even at your door,",2329
Act V,Scene II,Bastard,"To cudgel you and make you take the hatch,",2330
Act V,Scene II,Bastard,"To dive like buckets in concealed wells,",2331
Act V,Scene II,Bastard,"To crouch in litter of your stable planks,",2332
Act V,Scene II,Bastard,"To lie like pawns lock'd up in chests and trunks,",2333
Act V,Scene II,Bastard,"To hug with swine, to seek sweet safety out",2334
Act V,Scene II,Bastard,"In vaults and prisons, and to thrill and shake",2335
Act V,Scene II,Bastard,"Even at the crying of your nation's crow,",2336
Act V,Scene II,Bastard,Thinking his voice an armed Englishman;,2337
Act V,Scene II,Bastard,"Shall that victorious hand be feebled here,",2338
Act V,Scene II,Bastard,That in your chambers gave you chastisement?,2339
Act V,Scene II,Bastard,No: know the gallant monarch is in arms,2340
Act V,Scene II,Bastard,"And like an eagle o'er his aery towers,",2341
Act V,Scene II,Bastard,To souse annoyance that comes near his nest.,2342
Act V,Scene II,Bastard,"And you degenerate, you ingrate revolts,",2343
Act V,Scene II,Bastard,"You bloody Neroes, ripping up the womb",2344
Act V,Scene II,Bastard,"Of your dear mother England, blush for shame;",2345
Act V,Scene II,Bastard,For your own ladies and pale-visaged maids,2346
Act V,Scene II,Bastard,"Like Amazons come tripping after drums,",2347
Act V,Scene II,Bastard,"Their thimbles into armed gauntlets change,",2348
Act V,Scene II,Bastard,"Their needles to lances, and their gentle hearts",2349
Act V,Scene II,Bastard,To fierce and bloody inclination.,2350
Act V,Scene II,Lewis,"There end thy brave, and turn thy face in peace;",2351
Act V,Scene II,Lewis,We grant thou canst outscold us: fare thee well;,2352
Act V,Scene II,Lewis,We hold our time too precious to be spent,2353
Act V,Scene II,Lewis,With such a brabbler.,2354
Act V,Scene II,Cardinal Pandulph,Give me leave to speak.,2355
Act V,Scene II,Bastard,"No, I will speak.",2356
Act V,Scene II,Lewis,We will attend to neither.,2357
Act V,Scene II,Lewis,Strike up the drums; and let the tongue of war,2358
Act V,Scene II,Lewis,Plead for our interest and our being here.,2359
Act V,Scene II,Bastard,"Indeed your drums, being beaten, will cry out;",2360
Act V,Scene II,Bastard,"And so shall you, being beaten: do but start",2361
Act V,Scene II,Bastard,"An echo with the clamour of thy drum,",2362
Act V,Scene II,Bastard,And even at hand a drum is ready braced,2363
Act V,Scene II,Bastard,That shall reverberate all as loud as thine;,2364
Act V,Scene II,Bastard,"Sound but another, and another shall",2365
Act V,Scene II,Bastard,As loud as thine rattle the welkin's ear,2366
Act V,Scene II,Bastard,"And mock the deep-mouth'd thunder: for at hand,",2367
Act V,Scene II,Bastard,"Not trusting to this halting legate here,",2368
Act V,Scene II,Bastard,Whom he hath used rather for sport than need,2369
Act V,Scene II,Bastard,Is warlike John; and in his forehead sits,2370
Act V,Scene II,Bastard,"A bare-ribb'd death, whose office is this day",2371
Act V,Scene II,Bastard,To feast upon whole thousands of the French.,2372
Act V,Scene II,Lewis,"Strike up our drums, to find this danger out.",2373
Act V,Scene II,Bastard,"And thou shalt find it, Dauphin, do not doubt.",2374
Act V,Scene II,[stage direction],Exeunt,NA
Act V,Scene III,[stage direction],Alarums. Enter KING JOHN and HUBERT,NA
Act V,Scene III,King John,"How goes the day with us? O, tell me, Hubert.",2375
Act V,Scene III,Hubert,"Badly, I fear. How fares your majesty?",2376
Act V,Scene III,King John,"This fever, that hath troubled me so long,",2377
Act V,Scene III,King John,"Lies heavy on me; O, my heart is sick!",2378
Act V,Scene III,[stage direction],Enter a Messenger,NA
Act V,Scene III,Messenger,"My lord, your valiant kinsman, Faulconbridge,",2379
Act V,Scene III,Messenger,Desires your majesty to leave the field,2380
Act V,Scene III,Messenger,And send him word by me which way you go.,2381
Act V,Scene III,King John,"Tell him, toward Swinstead, to the abbey there.",2382
Act V,Scene III,Messenger,Be of good comfort; for the great supply,2383
Act V,Scene III,Messenger,"That was expected by the Dauphin here,",2384
Act V,Scene III,Messenger,Are wreck'd three nights ago on Goodwin Sands.,2385
Act V,Scene III,Messenger,This news was brought to Richard but even now:,2386
Act V,Scene III,Messenger,"The French fight coldly, and retire themselves.",2387
Act V,Scene III,King John,"Ay me! this tyrant fever burns me up,",2388
Act V,Scene III,King John,And will not let me welcome this good news.,2389
Act V,Scene III,King John,Set on toward Swinstead: to my litter straight;,2390
Act V,Scene III,King John,"Weakness possesseth me, and I am faint.",2391
Act V,Scene III,[stage direction],Exeunt,NA
Act V,Scene IV,[stage direction],"Enter SALISBURY, PEMBROKE, and BIGOT",NA
Act V,Scene IV,Salisbury,I did not think the king so stored with friends.,2392
Act V,Scene IV,Pembroke,Up once again; put spirit in the French:,2393
Act V,Scene IV,Pembroke,"If they miscarry, we miscarry too.",2394
Act V,Scene IV,Salisbury,"That misbegotten devil, Faulconbridge,",2395
Act V,Scene IV,Salisbury,"In spite of spite, alone upholds the day.",2396
Act V,Scene IV,Pembroke,They say King John sore sick hath left the field.,2397
Act V,Scene IV,[stage direction],"Enter MELUN, wounded",NA
Act V,Scene IV,Melun,Lead me to the revolts of England here.,2398
Act V,Scene IV,Salisbury,When we were happy we had other names.,2399
Act V,Scene IV,Pembroke,It is the Count Melun.,2400
Act V,Scene IV,Salisbury,Wounded to death.,2401
Act V,Scene IV,Melun,"Fly, noble English, you are bought and sold;",2402
Act V,Scene IV,Melun,Unthread the rude eye of rebellion,2403
Act V,Scene IV,Melun,And welcome home again discarded faith.,2404
Act V,Scene IV,Melun,Seek out King John and fall before his feet;,2405
Act V,Scene IV,Melun,"For if the French be lords of this loud day,",2406
Act V,Scene IV,Melun,He means to recompense the pains you take,2407
Act V,Scene IV,Melun,By cutting off your heads: thus hath he sworn,2408
Act V,Scene IV,Melun,"And I with him, and many moe with me,",2409
Act V,Scene IV,Melun,Upon the altar at Saint Edmundsbury;,2410
Act V,Scene IV,Melun,Even on that altar where we swore to you,2411
Act V,Scene IV,Melun,Dear amity and everlasting love.,2412
Act V,Scene IV,Salisbury,May this be possible? may this be true?,2413
Act V,Scene IV,Melun,"Have I not hideous death within my view,",2414
Act V,Scene IV,Melun,"Retaining but a quantity of life,",2415
Act V,Scene IV,Melun,"Which bleeds away, even as a form of wax",2416
Act V,Scene IV,Melun,Resolveth from his figure 'gainst the fire?,2417
Act V,Scene IV,Melun,"What in the world should make me now deceive,",2418
Act V,Scene IV,Melun,Since I must lose the use of all deceit?,2419
Act V,Scene IV,Melun,"Why should I then be false, since it is true",2420
Act V,Scene IV,Melun,That I must die here and live hence by truth?,2421
Act V,Scene IV,Melun,"I say again, if Lewis do win the day,",2422
Act V,Scene IV,Melun,"He is forsworn, if e'er those eyes of yours",2423
Act V,Scene IV,Melun,Behold another day break in the east:,2424
Act V,Scene IV,Melun,"But even this night, whose black contagious breath",2425
Act V,Scene IV,Melun,Already smokes about the burning crest,2426
Act V,Scene IV,Melun,"Of the old, feeble and day-wearied sun,",2427
Act V,Scene IV,Melun,"Even this ill night, your breathing shall expire,",2428
Act V,Scene IV,Melun,Paying the fine of rated treachery,2429
Act V,Scene IV,Melun,"Even with a treacherous fine of all your lives,",2430
Act V,Scene IV,Melun,If Lewis by your assistance win the day.,2431
Act V,Scene IV,Melun,Commend me to one Hubert with your king:,2432
Act V,Scene IV,Melun,"The love of him, and this respect besides,",2433
Act V,Scene IV,Melun,"For that my grandsire was an Englishman,",2434
Act V,Scene IV,Melun,Awakes my conscience to confess all this.,2435
Act V,Scene IV,Melun,"In lieu whereof, I pray you, bear me hence",2436
Act V,Scene IV,Melun,"From forth the noise and rumour of the field,",2437
Act V,Scene IV,Melun,Where I may think the remnant of my thoughts,2438
Act V,Scene IV,Melun,"In peace, and part this body and my soul",2439
Act V,Scene IV,Melun,With contemplation and devout desires.,2440
Act V,Scene IV,Salisbury,We do believe thee: and beshrew my soul,2441
Act V,Scene IV,Salisbury,But I do love the favour and the form,2442
Act V,Scene IV,Salisbury,"Of this most fair occasion, by the which",2443
Act V,Scene IV,Salisbury,"We will untread the steps of damned flight,",2444
Act V,Scene IV,Salisbury,"And like a bated and retired flood,",2445
Act V,Scene IV,Salisbury,"Leaving our rankness and irregular course,",2446
Act V,Scene IV,Salisbury,Stoop low within those bounds we have o'erlook'd,2447
Act V,Scene IV,Salisbury,And cabby run on in obedience,2448
Act V,Scene IV,Salisbury,"Even to our ocean, to our great King John.",2449
Act V,Scene IV,Salisbury,My arm shall give thee help to bear thee hence;,2450
Act V,Scene IV,Salisbury,For I do see the cruel pangs of death,2451
Act V,Scene IV,Salisbury,"Right in thine eye. Away, my friends! New flight;",2452
Act V,Scene IV,Salisbury,"And happy newness, that intends old right.",2453
Act V,Scene IV,[stage direction],"Exeunt, leading off MELUN",NA
Act V,Scene V,[stage direction],Enter LEWIS and his train,NA
Act V,Scene V,Lewis,"The sun of heaven methought was loath to set,",2454
Act V,Scene V,Lewis,"But stay'd and made the western welkin blush,",2455
Act V,Scene V,Lewis,When English measure backward their own ground,2456
Act V,Scene V,Lewis,"In faint retire. O, bravely came we off,",2457
Act V,Scene V,Lewis,"When with a volley of our needless shot,",2458
Act V,Scene V,Lewis,"After such bloody toil, we bid good night;",2459
Act V,Scene V,Lewis,"And wound our tattering colours clearly up,",2460
Act V,Scene V,Lewis,"Last in the field, and almost lords of it!",2461
Act V,Scene V,[stage direction],Enter a Messenger,NA
Act V,Scene V,Messenger,"Where is my prince, the Dauphin?",2462
Act V,Scene V,Lewis,Here: what news?,2463
Act V,Scene V,Messenger,The Count Melun is slain; the English lords,2464
Act V,Scene V,Messenger,"By his persuasion are again fall'n off,",2465
Act V,Scene V,Messenger,"And your supply, which you have wish'd so long,",2466
Act V,Scene V,Messenger,Are cast away and sunk on Goodwin Sands.,2467
Act V,Scene V,Lewis,"Ah, foul shrewd news! beshrew thy very heart!",2468
Act V,Scene V,Lewis,I did not think to be so sad to-night,2469
Act V,Scene V,Lewis,As this hath made me. Who was he that said,2470
Act V,Scene V,Lewis,King John did fly an hour or two before,2471
Act V,Scene V,Lewis,The stumbling night did part our weary powers?,2472
Act V,Scene V,Messenger,"Whoever spoke it, it is true, my lord.",2473
Act V,Scene V,Lewis,Well; keep good quarter and good care to-night:,2474
Act V,Scene V,Lewis,"The day shall not be up so soon as I,",2475
Act V,Scene V,Lewis,To try the fair adventure of to-morrow.,2476
Act V,Scene V,[stage direction],Exeunt,NA
Act V,Scene VI,[stage direction],"Enter the BASTARD and HUBERT, severally",NA
Act V,Scene VI,Hubert,"Who's there? speak, ho! speak quickly, or I shoot.",2477
Act V,Scene VI,Bastard,A friend. What art thou?,2478
Act V,Scene VI,Hubert,Of the part of England.,2479
Act V,Scene VI,Bastard,Whither dost thou go?,2480
Act V,Scene VI,Hubert,What's that to thee? why may not I demand,2481
Act V,Scene VI,Hubert,"Of thine affairs, as well as thou of mine?",2482
Act V,Scene VI,Bastard,"Hubert, I think?",2483
Act V,Scene VI,Hubert,Thou hast a perfect thought:,2484
Act V,Scene VI,Hubert,I will upon all hazards well believe,2485
Act V,Scene VI,Hubert,"Thou art my friend, that know'st my tongue so well.",2486
Act V,Scene VI,Hubert,Who art thou?,2487
Act V,Scene VI,Bastard,"Who thou wilt: and if thou please,",2488
Act V,Scene VI,Bastard,Thou mayst befriend me so much as to think,2489
Act V,Scene VI,Bastard,I come one way of the Plantagenets.,2490
Act V,Scene VI,Hubert,Unkind remembrance! thou and eyeless night,2491
Act V,Scene VI,Hubert,"Have done me shame: brave soldier, pardon me,",2492
Act V,Scene VI,Hubert,That any accent breaking from thy tongue,2493
Act V,Scene VI,Hubert,Should 'scape the true acquaintance of mine ear.,2494
Act V,Scene VI,Bastard,"Come, come; sans compliment, what news abroad?",2495
Act V,Scene VI,Hubert,"Why, here walk I in the black brow of night,",2496
Act V,Scene VI,Hubert,To find you out.,2497
Act V,Scene VI,Bastard,"Brief, then; and what's the news?",2498
Act V,Scene VI,Hubert,"O, my sweet sir, news fitting to the night,",2499
Act V,Scene VI,Hubert,"Black, fearful, comfortless and horrible.",2500
Act V,Scene VI,Bastard,Show me the very wound of this ill news:,2501
Act V,Scene VI,Bastard,"I am no woman, I'll not swoon at it.",2502
Act V,Scene VI,Hubert,"The king, I fear, is poison'd by a monk:",2503
Act V,Scene VI,Hubert,I left him almost speechless; and broke out,2504
Act V,Scene VI,Hubert,"To acquaint you with this evil, that you might",2505
Act V,Scene VI,Hubert,"The better arm you to the sudden time,",2506
Act V,Scene VI,Hubert,Than if you had at leisure known of this.,2507
Act V,Scene VI,Bastard,How did he take it? who did taste to him?,2508
Act V,Scene VI,Hubert,"A monk, I tell you; a resolved villain,",2509
Act V,Scene VI,Hubert,Whose bowels suddenly burst out: the king,2510
Act V,Scene VI,Hubert,Yet speaks and peradventure may recover.,2511
Act V,Scene VI,Bastard,Who didst thou leave to tend his majesty?,2512
Act V,Scene VI,Hubert,"Why, know you not? the lords are all come back,",2513
Act V,Scene VI,Hubert,And brought Prince Henry in their company;,2514
Act V,Scene VI,Hubert,"At whose request the king hath pardon'd them,",2515
Act V,Scene VI,Hubert,And they are all about his majesty.,2516
Act V,Scene VI,Bastard,"Withhold thine indignation, mighty heaven,",2517
Act V,Scene VI,Bastard,And tempt us not to bear above our power!,2518
Act V,Scene VI,Bastard,"I'll tell tree, Hubert, half my power this night,",2519
Act V,Scene VI,Bastard,"Passing these flats, are taken by the tide;",2520
Act V,Scene VI,Bastard,These Lincoln Washes have devoured them;,2521
Act V,Scene VI,Bastard,"Myself, well mounted, hardly have escaped.",2522
Act V,Scene VI,Bastard,Away before: conduct me to the king;,2523
Act V,Scene VI,Bastard,I doubt he will be dead or ere I come.,2524
Act V,Scene VI,[stage direction],Exeunt,NA
Act V,Scene VII,[stage direction],"Enter PRINCE HENRY, SALISBURY, and BIGOT",NA
Act V,Scene VII,Prince Henry,It is too late: the life of all his blood,2525
Act V,Scene VII,Prince Henry,"Is touch'd corruptibly, and his pure brain,",2526
Act V,Scene VII,Prince Henry,"Which some suppose the soul's frail dwelling-house,",2527
Act V,Scene VII,Prince Henry,Doth by the idle comments that it makes,2528
Act V,Scene VII,Prince Henry,Foretell the ending of mortality.,2529
Act V,Scene VII,[stage direction],Enter PEMBROKE,NA
Act V,Scene VII,Pembroke,"His highness yet doth speak, and holds belief",2530
Act V,Scene VII,Pembroke,"That, being brought into the open air,",2531
Act V,Scene VII,Pembroke,It would allay the burning quality,2532
Act V,Scene VII,Pembroke,Of that fell poison which assaileth him.,2533
Act V,Scene VII,Prince Henry,Let him be brought into the orchard here.,2534
Act V,Scene VII,Prince Henry,Doth he still rage?,2535
Act V,Scene VII,[stage direction],Exit BIGOT,NA
Act V,Scene VII,Pembroke,He is more patient,2536
Act V,Scene VII,Pembroke,Than when you left him; even now he sung.,2537
Act V,Scene VII,Prince Henry,O vanity of sickness! fierce extremes,2538
Act V,Scene VII,Prince Henry,In their continuance will not feel themselves.,2539
Act V,Scene VII,Prince Henry,"Death, having prey'd upon the outward parts,",2540
Act V,Scene VII,Prince Henry,"Leaves them invisible, and his siege is now",2541
Act V,Scene VII,Prince Henry,"Against the mind, the which he pricks and wounds",2542
Act V,Scene VII,Prince Henry,"With many legions of strange fantasies,",2543
Act V,Scene VII,Prince Henry,"Whi ch, in their throng and press to that last hold,",2544
Act V,Scene VII,Prince Henry,Confound themselves. 'Tis strange that death,2545
Act V,Scene VII,Prince Henry,should sing.,2546
Act V,Scene VII,Prince Henry,"I am the cygnet to this pale faint swan,",2547
Act V,Scene VII,Prince Henry,"Who chants a doleful hymn to his own death,",2548
Act V,Scene VII,Prince Henry,And from the organ-pipe of frailty sings,2549
Act V,Scene VII,Prince Henry,His soul and body to their lasting rest.,2550
Act V,Scene VII,Salisbury,"Be of good comfort, prince; for you are born",2551
Act V,Scene VII,Salisbury,To set a form upon that indigest,2552
Act V,Scene VII,Salisbury,Which he hath left so shapeless and so rude.,2553
Act V,Scene VII,[stage direction],"Enter Attendants, and BIGOT, carrying KING JOHN in a chair",NA
Act V,Scene VII,King John,"Ay, marry, now my soul hath elbow-room;",2554
Act V,Scene VII,King John,It would not out at windows nor at doors.,2555
Act V,Scene VII,King John,"There is so hot a summer in my bosom,",2556
Act V,Scene VII,King John,That all my bowels crumble up to dust:,2557
Act V,Scene VII,King John,"I am a scribbled form, drawn with a pen",2558
Act V,Scene VII,King John,"Upon a parchment, and against this fire",2559
Act V,Scene VII,King John,Do I shrink up.,2560
Act V,Scene VII,Prince Henry,How fares your majesty?,2561
Act V,Scene VII,King John,"Poison'd,--ill fare--dead, forsook, cast off:",2562
Act V,Scene VII,King John,And none of you will bid the winter come,2563
Act V,Scene VII,King John,"To thrust his icy fingers in my maw,",2564
Act V,Scene VII,King John,Nor let my kingdom's rivers take their course,2565
Act V,Scene VII,King John,"Through my burn'd bosom, nor entreat the north",2566
Act V,Scene VII,King John,To make his bleak winds kiss my parched lips,2567
Act V,Scene VII,King John,"And comfort me with cold. I do not ask you much,",2568
Act V,Scene VII,King John,I beg cold comfort; and you are so strait,2569
Act V,Scene VII,King John,"And so ingrateful, you deny me that.",2570
Act V,Scene VII,Prince Henry,"O that there were some virtue in my tears,",2571
Act V,Scene VII,Prince Henry,That might relieve you!,2572
Act V,Scene VII,King John,The salt in them is hot.,2573
Act V,Scene VII,King John,Within me is a hell; and there the poison,2574
Act V,Scene VII,King John,Is as a fiend confined to tyrannize,2575
Act V,Scene VII,King John,On unreprievable condemned blood.,2576
Act V,Scene VII,[stage direction],Enter the BASTARD,NA
Act V,Scene VII,Bastard,"O, I am scalded with my violent motion,",2577
Act V,Scene VII,Bastard,And spleen of speed to see your majesty!,2578
Act V,Scene VII,King John,"O cousin, thou art come to set mine eye:",2579
Act V,Scene VII,King John,"The tackle of my heart is crack'd and burn'd,",2580
Act V,Scene VII,King John,And all the shrouds wherewith my life should sail,2581
Act V,Scene VII,King John,"Are turned to one thread, one little hair:",2582
Act V,Scene VII,King John,"My heart hath one poor string to stay it by,",2583
Act V,Scene VII,King John,Which holds but till thy news be uttered;,2584
Act V,Scene VII,King John,And then all this thou seest is but a clod,2585
Act V,Scene VII,King John,And module of confounded royalty.,2586
Act V,Scene VII,Bastard,"The Dauphin is preparing hitherward,",2587
Act V,Scene VII,Bastard,Where heaven He knows how we shall answer him;,2588
Act V,Scene VII,Bastard,"For in a night the best part of my power,",2589
Act V,Scene VII,Bastard,"As I upon advantage did remove,",2590
Act V,Scene VII,Bastard,Were in the Washes all unwarily,2591
Act V,Scene VII,Bastard,Devoured by the unexpected flood.,2592
Act V,Scene VII,[stage direction],KING JOHN dies,NA
Act V,Scene VII,Salisbury,You breathe these dead news in as dead an ear.,2593
Act V,Scene VII,Salisbury,"My liege! my lord! but now a king, now thus.",2594
Act V,Scene VII,Prince Henry,"Even so must I run on, and even so stop.",2595
Act V,Scene VII,Prince Henry,"What surety of the world, what hope, what stay,",2596
Act V,Scene VII,Prince Henry,"When this was now a king, and now is clay?",2597
Act V,Scene VII,Bastard,Art thou gone so? I do but stay behind,2598
Act V,Scene VII,Bastard,"To do the office for thee of revenge,",2599
Act V,Scene VII,Bastard,"And then my soul shall wait on thee to heaven,",2600
Act V,Scene VII,Bastard,As it on earth hath been thy servant still.,2601
Act V,Scene VII,Bastard,"Now, now, you stars that move in your right spheres,",2602
Act V,Scene VII,Bastard,"Where be your powers? show now your mended faiths,",2603
Act V,Scene VII,Bastard,"And instantly return with me again,",2604
Act V,Scene VII,Bastard,To push destruction and perpetual shame,2605
Act V,Scene VII,Bastard,Out of the weak door of our fainting land.,2606
Act V,Scene VII,Bastard,"Straight let us seek, or straight we shall be sought;",2607
Act V,Scene VII,Bastard,The Dauphin rages at our very heels.,2608
Act V,Scene VII,Salisbury,"It seems you know not, then, so much as we:",2609
Act V,Scene VII,Salisbury,"The Cardinal Pandulph is within at rest,",2610
Act V,Scene VII,Salisbury,"Who half an hour since came from the Dauphin,",2611
Act V,Scene VII,Salisbury,And brings from him such offers of our peace,2612
Act V,Scene VII,Salisbury,"As we with honour and respect may take,",2613
Act V,Scene VII,Salisbury,With purpose presently to leave this war.,2614
Act V,Scene VII,Bastard,He will the rather do it when he sees,2615
Act V,Scene VII,Bastard,Ourselves well sinewed to our defence.,2616
Act V,Scene VII,Salisbury,"Nay, it is in a manner done already;",2617
Act V,Scene VII,Salisbury,For many carriages he hath dispatch'd,2618
Act V,Scene VII,Salisbury,"To the sea-side, and put his cause and quarrel",2619
Act V,Scene VII,Salisbury,To the disposing of the cardinal:,2620
Act V,Scene VII,Salisbury,"With whom yourself, myself and other lords,",2621
Act V,Scene VII,Salisbury,"If you think meet, this afternoon will post",2622
Act V,Scene VII,Salisbury,To consummate this business happily.,2623
Act V,Scene VII,Bastard,"Let it be so: and you, my noble prince,",2624
Act V,Scene VII,Bastard,"With other princes that may best be spared,",2625
Act V,Scene VII,Bastard,Shall wait upon your father's funeral.,2626
Act V,Scene VII,Prince Henry,At Worcester must his body be interr'd;,2627
Act V,Scene VII,Prince Henry,For so he will'd it.,2628
Act V,Scene VII,Bastard,Thither shall it then:,2629
Act V,Scene VII,Bastard,And happily may your sweet self put on,2630
Act V,Scene VII,Bastard,The lineal state and glory of the land!,2631
Act V,Scene VII,Bastard,"To whom with all submission, on my knee",2632
Act V,Scene VII,Bastard,I do bequeath my faithful services,2633
Act V,Scene VII,Bastard,And true subjection everlastingly.,2634
Act V,Scene VII,Salisbury,"And the like tender of our love we make,",2635
Act V,Scene VII,Salisbury,To rest without a spot for evermore.,2636
Act V,Scene VII,Prince Henry,I have a kind soul that would give you thanks,2637
Act V,Scene VII,Prince Henry,And knows not how to do it but with tears.,2638
Act V,Scene VII,Bastard,"O, let us pay the time but needful woe,",2639
Act V,Scene VII,Bastard,Since it hath been beforehand with our griefs.,2640
Act V,Scene VII,Bastard,"This England never did, nor never shall,",2641
Act V,Scene VII,Bastard,"Lie at the proud foot of a conqueror,",2642
Act V,Scene VII,Bastard,But when it first did help to wound itself.,2643
Act V,Scene VII,Bastard,"Now these her princes are come home again,",2644
Act V,Scene VII,Bastard,"Come the three corners of the world in arms,",2645
Act V,Scene VII,Bastard,"And we shall shock them. Nought shall make us rue,",2646
Act V,Scene VII,Bastard,If England to itself do rest but true.,2647
Act V,Scene VII,[stage direction],Exeunt,NA
