act,scene,character,dialogue,line_number
Act I,Scene I,[stage direction],"Enter DUKE VINCENTIO, ESCALUS, Lords and Attendants",NA
Act I,Scene I,Duke Vincentio,Escalus.,1
Act I,Scene I,Escalus,My lord.,2
Act I,Scene I,Duke Vincentio,"Of government the properties to unfold,",3
Act I,Scene I,Duke Vincentio,Would seem in me to affect speech and discourse;,4
Act I,Scene I,Duke Vincentio,Since I am put to know that your own science,5
Act I,Scene I,Duke Vincentio,"Exceeds, in that, the lists of all advice",6
Act I,Scene I,Duke Vincentio,"My strength can give you: then no more remains,",7
Act I,Scene I,Duke Vincentio,"But that to your sufficiency as your Worth is able,",8
Act I,Scene I,Duke Vincentio,"And let them work. The nature of our people,",9
Act I,Scene I,Duke Vincentio,"Our city's institutions, and the terms",10
Act I,Scene I,Duke Vincentio,"For common justice, you're as pregnant in",11
Act I,Scene I,Duke Vincentio,As art and practise hath enriched any,12
Act I,Scene I,Duke Vincentio,"That we remember. There is our commission,",13
Act I,Scene I,Duke Vincentio,"From which we would not have you warp. Call hither,",14
Act I,Scene I,Duke Vincentio,"I say, bid come before us Angelo.",15
Act I,Scene I,[stage direction],Exit an Attendant,NA
Act I,Scene I,Duke Vincentio,What figure of us think you he will bear?,16
Act I,Scene I,Duke Vincentio,"For you must know, we have with special soul",17
Act I,Scene I,Duke Vincentio,"Elected him our absence to supply,",18
Act I,Scene I,Duke Vincentio,"Lent him our terror, dress'd him with our love,",19
Act I,Scene I,Duke Vincentio,And given his deputation all the organs,20
Act I,Scene I,Duke Vincentio,Of our own power: what think you of it?,21
Act I,Scene I,Escalus,If any in Vienna be of worth,22
Act I,Scene I,Escalus,"To undergo such ample grace and honour,",23
Act I,Scene I,Escalus,It is Lord Angelo.,24
Act I,Scene I,Duke Vincentio,Look where he comes.,25
Act I,Scene I,[stage direction],Enter ANGELO,NA
Act I,Scene I,Angelo,"Always obedient to your grace's will,",26
Act I,Scene I,Angelo,I come to know your pleasure.,27
Act I,Scene I,Duke Vincentio,"Angelo,",28
Act I,Scene I,Duke Vincentio,"There is a kind of character in thy life,",29
Act I,Scene I,Duke Vincentio,That to the observer doth thy history,30
Act I,Scene I,Duke Vincentio,Fully unfold. Thyself and thy belongings,31
Act I,Scene I,Duke Vincentio,Are not thine own so proper as to waste,32
Act I,Scene I,Duke Vincentio,"Thyself upon thy virtues, they on thee.",33
Act I,Scene I,Duke Vincentio,"Heaven doth with us as we with torches do,",34
Act I,Scene I,Duke Vincentio,Not light them for themselves; for if our virtues,35
Act I,Scene I,Duke Vincentio,"Did not go forth of us, 'twere all alike",36
Act I,Scene I,Duke Vincentio,As if we had them not. Spirits are not finely touch'd,37
Act I,Scene I,Duke Vincentio,"But to fine issues, nor Nature never lends",38
Act I,Scene I,Duke Vincentio,The smallest scruple of her excellence,39
Act I,Scene I,Duke Vincentio,"But, like a thrifty goddess, she determines",40
Act I,Scene I,Duke Vincentio,"Herself the glory of a creditor,",41
Act I,Scene I,Duke Vincentio,Both thanks and use. But I do bend my speech,42
Act I,Scene I,Duke Vincentio,To one that can my part in him advertise;,43
Act I,Scene I,Duke Vincentio,"Hold therefore, Angelo:--",44
Act I,Scene I,Duke Vincentio,In our remove be thou at full ourself;,45
Act I,Scene I,Duke Vincentio,Mortality and mercy in Vienna,46
Act I,Scene I,Duke Vincentio,"Live in thy tongue and heart: old Escalus,",47
Act I,Scene I,Duke Vincentio,"Though first in question, is thy secondary.",48
Act I,Scene I,Duke Vincentio,Take thy commission.,49
Act I,Scene I,Angelo,"Now, good my lord,",50
Act I,Scene I,Angelo,"Let there be some more test made of my metal,",51
Act I,Scene I,Angelo,Before so noble and so great a figure,52
Act I,Scene I,Angelo,Be stamp'd upon it.,53
Act I,Scene I,Duke Vincentio,No more evasion:,54
Act I,Scene I,Duke Vincentio,We have with a leaven'd and prepared choice,55
Act I,Scene I,Duke Vincentio,Proceeded to you; therefore take your honours.,56
Act I,Scene I,Duke Vincentio,Our haste from hence is of so quick condition,57
Act I,Scene I,Duke Vincentio,That it prefers itself and leaves unquestion'd,58
Act I,Scene I,Duke Vincentio,"Matters of needful value. We shall write to you,",59
Act I,Scene I,Duke Vincentio,"As time and our concernings shall importune,",60
Act I,Scene I,Duke Vincentio,"How it goes with us, and do look to know",61
Act I,Scene I,Duke Vincentio,"What doth befall you here. So, fare you well;",62
Act I,Scene I,Duke Vincentio,To the hopeful execution do I leave you,63
Act I,Scene I,Duke Vincentio,Of your commissions.,64
Act I,Scene I,Angelo,"Yet give leave, my lord,",65
Act I,Scene I,Angelo,That we may bring you something on the way.,66
Act I,Scene I,Duke Vincentio,My haste may not admit it;,67
Act I,Scene I,Duke Vincentio,"Nor need you, on mine honour, have to do",68
Act I,Scene I,Duke Vincentio,With any scruple; your scope is as mine own,69
Act I,Scene I,Duke Vincentio,So to enforce or qualify the laws,70
Act I,Scene I,Duke Vincentio,As to your soul seems good. Give me your hand:,71
Act I,Scene I,Duke Vincentio,"I'll privily away. I love the people,",72
Act I,Scene I,Duke Vincentio,But do not like to stage me to their eyes:,73
Act I,Scene I,Duke Vincentio,"Through it do well, I do not relish well",74
Act I,Scene I,Duke Vincentio,Their loud applause and Aves vehement;,75
Act I,Scene I,Duke Vincentio,Nor do I think the man of safe discretion,76
Act I,Scene I,Duke Vincentio,"That does affect it. Once more, fare you well.",77
Act I,Scene I,Angelo,The heavens give safety to your purposes!,78
Act I,Scene I,Escalus,Lead forth and bring you back in happiness!,79
Act I,Scene I,Duke,I thank you. Fare you well.,80
Act I,Scene I,[stage direction],Exit,NA
Act I,Scene I,Escalus,"I shall desire you, sir, to give me leave",81
Act I,Scene I,Escalus,To have free speech with you; and it concerns me,82
Act I,Scene I,Escalus,To look into the bottom of my place:,83
Act I,Scene I,Escalus,"A power I have, but of what strength and nature",84
Act I,Scene I,Escalus,I am not yet instructed.,85
Act I,Scene I,Angelo,"'Tis so with me. Let us withdraw together,",86
Act I,Scene I,Angelo,And we may soon our satisfaction have,87
Act I,Scene I,Angelo,Touching that point.,88
Act I,Scene I,Escalus,I'll wait upon your honour.,89
Act I,Scene I,[stage direction],Exeunt,NA
Act I,Scene II,[stage direction],Enter LUCIO and two Gentlemen,NA
Act I,Scene II,Lucio,If the duke with the other dukes come not to,90
Act I,Scene II,Lucio,"composition with the King of Hungary, why then all",91
Act I,Scene II,Lucio,the dukes fall upon the king.,92
Act I,Scene II,First Gentleman,"Heaven grant us its peace, but not the King of",93
Act I,Scene II,First Gentleman,Hungary's!,94
Act I,Scene II,Second Gentleman,Amen.,95
Act I,Scene II,Lucio,"Thou concludest like the sanctimonious pirate, that",96
Act I,Scene II,Lucio,"went to sea with the Ten Commandments, but scraped",97
Act I,Scene II,Lucio,one out of the table.,98
Act I,Scene II,Second Gentleman,'Thou shalt not steal'?,99
Act I,Scene II,Lucio,"Ay, that he razed.",100
Act I,Scene II,First Gentleman,"Why, 'twas a commandment to command the captain and",101
Act I,Scene II,First Gentleman,all the rest from their functions: they put forth,102
Act I,Scene II,First Gentleman,"to steal. There's not a soldier of us all, that, in",103
Act I,Scene II,First Gentleman,"the thanksgiving before meat, do relish the petition",104
Act I,Scene II,First Gentleman,well that prays for peace.,105
Act I,Scene II,Second Gentleman,I never heard any soldier dislike it.,106
Act I,Scene II,Lucio,I believe thee; for I think thou never wast where,107
Act I,Scene II,Lucio,grace was said.,108
Act I,Scene II,Second Gentleman,No? a dozen times at least.,109
Act I,Scene II,First Gentleman,"What, in metre?",110
Act I,Scene II,Lucio,In any proportion or in any language.,111
Act I,Scene II,First Gentleman,"I think, or in any religion.",112
Act I,Scene II,Lucio,"Ay, why not? Grace is grace, despite of all",113
Act I,Scene II,Lucio,"controversy: as, for example, thou thyself art a",114
Act I,Scene II,Lucio,"wicked villain, despite of all grace.",115
Act I,Scene II,First Gentleman,"Well, there went but a pair of shears between us.",116
Act I,Scene II,Lucio,I grant; as there may between the lists and the,117
Act I,Scene II,Lucio,velvet. Thou art the list.,118
Act I,Scene II,First Gentleman,And thou the velvet: thou art good velvet; thou'rt,119
Act I,Scene II,First Gentleman,"a three-piled piece, I warrant thee: I had as lief",120
Act I,Scene II,First Gentleman,"be a list of an English kersey as be piled, as thou",121
Act I,Scene II,First Gentleman,"art piled, for a French velvet. Do I speak",122
Act I,Scene II,First Gentleman,feelingly now?,123
Act I,Scene II,Lucio,"I think thou dost; and, indeed, with most painful",124
Act I,Scene II,Lucio,"feeling of thy speech: I will, out of thine own",125
Act I,Scene II,Lucio,"confession, learn to begin thy health; but, whilst I",126
Act I,Scene II,Lucio,"live, forget to drink after thee.",127
Act I,Scene II,First Gentleman,"I think I have done myself wrong, have I not?",128
Act I,Scene II,Second Gentleman,"Yes, that thou hast, whether thou art tainted or free.",129
Act I,Scene II,Lucio,"Behold, behold. where Madam Mitigation comes! I",130
Act I,Scene II,Lucio,have purchased as many diseases under her roof as come to--,131
Act I,Scene II,Second Gentleman,"To what, I pray?",132
Act I,Scene II,Lucio,Judge.,133
Act I,Scene II,Second Gentleman,To three thousand dolours a year.,134
Act I,Scene II,First Gentleman,"Ay, and more.",135
Act I,Scene II,Lucio,A French crown more.,136
Act I,Scene II,First Gentleman,Thou art always figuring diseases in me; but thou,137
Act I,Scene II,First Gentleman,art full of error; I am sound.,138
Act I,Scene II,Lucio,"Nay, not as one would say, healthy; but so sound as",139
Act I,Scene II,Lucio,things that are hollow: thy bones are hollow;,140
Act I,Scene II,Lucio,impiety has made a feast of thee.,141
Act I,Scene II,[stage direction],Enter MISTRESS OVERDONE,NA
Act I,Scene II,First Gentleman,How now! which of your hips has the most profound sciatica?,142
Act I,Scene II,Mistress Overdone,"Well, well; there's one yonder arrested and carried",143
Act I,Scene II,Mistress Overdone,to prison was worth five thousand of you all.,144
Act I,Scene II,Second Gentleman,"Who's that, I pray thee?",145
Act I,Scene II,Mistress Overdone,"Marry, sir, that's Claudio, Signior Claudio.",146
Act I,Scene II,First Gentleman,Claudio to prison? 'tis not so.,147
Act I,Scene II,Mistress Overdone,"Nay, but I know 'tis so: I saw him arrested, saw",148
Act I,Scene II,Mistress Overdone,"him carried away; and, which is more, within these",149
Act I,Scene II,Mistress Overdone,three days his head to be chopped off.,150
Act I,Scene II,Lucio,"But, after all this fooling, I would not have it so.",151
Act I,Scene II,Lucio,Art thou sure of this?,152
Act I,Scene II,Mistress Overdone,I am too sure of it: and it is for getting Madam,153
Act I,Scene II,Mistress Overdone,Julietta with child.,154
Act I,Scene II,Lucio,"Believe me, this may be: he promised to meet me two",155
Act I,Scene II,Lucio,"hours since, and he was ever precise in",156
Act I,Scene II,Lucio,promise-keeping.,157
Act I,Scene II,Second Gentleman,"Besides, you know, it draws something near to the",158
Act I,Scene II,Second Gentleman,speech we had to such a purpose.,159
Act I,Scene II,First Gentleman,"But, most of all, agreeing with the proclamation.",160
Act I,Scene II,Lucio,Away! let's go learn the truth of it.,161
Act I,Scene II,[stage direction],Exeunt LUCIO and Gentlemen,NA
Act I,Scene II,Mistress Overdone,"Thus, what with the war, what with the sweat, what",162
Act I,Scene II,Mistress Overdone,"with the gallows and what with poverty, I am",163
Act I,Scene II,Mistress Overdone,custom-shrunk.,164
Act I,Scene II,[stage direction],Enter POMPEY,NA
Act I,Scene II,Mistress Overdone,How now! what's the news with you?,165
Act I,Scene II,Pompey,Yonder man is carried to prison.,166
Act I,Scene II,Mistress Overdone,Well; what has he done?,167
Act I,Scene II,Pompey,A woman.,168
Act I,Scene II,Mistress Overdone,But what's his offence?,169
Act I,Scene II,Pompey,Groping for trouts in a peculiar river.,170
Act I,Scene II,Mistress Overdone,"What, is there a maid with child by him?",171
Act I,Scene II,Pompey,"No, but there's a woman with maid by him. You have",172
Act I,Scene II,Pompey,"not heard of the proclamation, have you?",173
Act I,Scene II,Mistress Overdone,"What proclamation, man?",174
Act I,Scene II,Pompey,All houses in the suburbs of Vienna must be plucked down.,175
Act I,Scene II,Mistress Overdone,And what shall become of those in the city?,176
Act I,Scene II,Pompey,"They shall stand for seed: they had gone down too,",177
Act I,Scene II,Pompey,but that a wise burgher put in for them.,178
Act I,Scene II,Mistress Overdone,But shall all our houses of resort in the suburbs be,179
Act I,Scene II,Mistress Overdone,pulled down?,180
Act I,Scene II,Pompey,"To the ground, mistress.",181
Act I,Scene II,Mistress Overdone,"Why, here's a change indeed in the commonwealth!",182
Act I,Scene II,Mistress Overdone,What shall become of me?,183
Act I,Scene II,Pompey,Come; fear you not: good counsellors lack no,184
Act I,Scene II,Pompey,"clients: though you change your place, you need not",185
Act I,Scene II,Pompey,change your trade; I'll be your tapster still.,186
Act I,Scene II,Pompey,Courage! there will be pity taken on you: you that,187
Act I,Scene II,Pompey,"have worn your eyes almost out in the service, you",188
Act I,Scene II,Pompey,will be considered.,189
Act I,Scene II,Mistress Overdone,"What's to do here, Thomas tapster? let's withdraw.",190
Act I,Scene II,Pompey,"Here comes Signior Claudio, led by the provost to",191
Act I,Scene II,Pompey,prison; and there's Madam Juliet.,192
Act I,Scene II,[stage direction],Exeunt,NA
Act I,Scene II,[stage direction],"Enter Provost, CLAUDIO, JULIET, and Officers",NA
Act I,Scene II,Claudio,"Fellow, why dost thou show me thus to the world?",193
Act I,Scene II,Claudio,"Bear me to prison, where I am committed.",194
Act I,Scene II,Provost,"I do it not in evil disposition,",195
Act I,Scene II,Provost,But from Lord Angelo by special charge.,196
Act I,Scene II,Claudio,Thus can the demigod Authority,197
Act I,Scene II,Claudio,Make us pay down for our offence by weight,198
Act I,Scene II,Claudio,"The words of heaven; on whom it will, it will;",199
Act I,Scene II,Claudio,"On whom it will not, so; yet still 'tis just.",200
Act I,Scene II,[stage direction],Re-enter LUCIO and two Gentlemen,NA
Act I,Scene II,Lucio,"Why, how now, Claudio! whence comes this restraint?",201
Act I,Scene II,Claudio,"From too much liberty, my Lucio, liberty:",202
Act I,Scene II,Claudio,"As surfeit is the father of much fast,",203
Act I,Scene II,Claudio,So every scope by the immoderate use,204
Act I,Scene II,Claudio,"Turns to restraint. Our natures do pursue,",205
Act I,Scene II,Claudio,"Like rats that ravin down their proper bane,",206
Act I,Scene II,Claudio,A thirsty evil; and when we drink we die.,207
Act I,Scene II,Lucio,"If could speak so wisely under an arrest, I would",208
Act I,Scene II,Lucio,"send for certain of my creditors: and yet, to say",209
Act I,Scene II,Lucio,"the truth, I had as lief have the foppery of freedom",210
Act I,Scene II,Lucio,as the morality of imprisonment. What's thy,211
Act I,Scene II,Lucio,"offence, Claudio?",212
Act I,Scene II,Claudio,What but to speak of would offend again.,213
Act I,Scene II,Lucio,"What, is't murder?",214
Act I,Scene II,Claudio,No.,215
Act I,Scene II,Lucio,Lechery?,216
Act I,Scene II,Claudio,Call it so.,217
Act I,Scene II,Provost,"Away, sir! you must go.",218
Act I,Scene II,Claudio,"One word, good friend. Lucio, a word with you.",219
Act I,Scene II,Lucio,"A hundred, if they'll do you any good.",220
Act I,Scene II,Lucio,Is lechery so look'd after?,221
Act I,Scene II,Claudio,Thus stands it with me: upon a true contract,222
Act I,Scene II,Claudio,I got possession of Julietta's bed:,223
Act I,Scene II,Claudio,"You know the lady; she is fast my wife,",224
Act I,Scene II,Claudio,Save that we do the denunciation lack,225
Act I,Scene II,Claudio,"Of outward order: this we came not to,",226
Act I,Scene II,Claudio,Only for propagation of a dower,227
Act I,Scene II,Claudio,"Remaining in the coffer of her friends,",228
Act I,Scene II,Claudio,From whom we thought it meet to hide our love,229
Act I,Scene II,Claudio,Till time had made them for us. But it chances,230
Act I,Scene II,Claudio,The stealth of our most mutual entertainment,231
Act I,Scene II,Claudio,With character too gross is writ on Juliet.,232
Act I,Scene II,Lucio,"With child, perhaps?",233
Act I,Scene II,Claudio,"Unhappily, even so.",234
Act I,Scene II,Claudio,And the new deputy now for the duke--,235
Act I,Scene II,Claudio,"Whether it be the fault and glimpse of newness,",236
Act I,Scene II,Claudio,Or whether that the body public be,237
Act I,Scene II,Claudio,"A horse whereon the governor doth ride,",238
Act I,Scene II,Claudio,"Who, newly in the seat, that it may know",239
Act I,Scene II,Claudio,"He can command, lets it straight feel the spur;",240
Act I,Scene II,Claudio,"Whether the tyranny be in his place,",241
Act I,Scene II,Claudio,"Or in his emmence that fills it up,",242
Act I,Scene II,Claudio,I stagger in:--but this new governor,243
Act I,Scene II,Claudio,Awakes me all the enrolled penalties,244
Act I,Scene II,Claudio,"Which have, like unscour'd armour, hung by the wall",245
Act I,Scene II,Claudio,So long that nineteen zodiacs have gone round,246
Act I,Scene II,Claudio,"And none of them been worn; and, for a name,",247
Act I,Scene II,Claudio,Now puts the drowsy and neglected act,248
Act I,Scene II,Claudio,Freshly on me: 'tis surely for a name.,249
Act I,Scene II,Lucio,I warrant it is: and thy head stands so tickle on,250
Act I,Scene II,Lucio,"thy shoulders that a milkmaid, if she be in love,",251
Act I,Scene II,Lucio,may sigh it off. Send after the duke and appeal to,252
Act I,Scene II,Lucio,him.,253
Act I,Scene II,Claudio,"I have done so, but he's not to be found.",254
Act I,Scene II,Claudio,"I prithee, Lucio, do me this kind service:",255
Act I,Scene II,Claudio,This day my sister should the cloister enter,256
Act I,Scene II,Claudio,And there receive her approbation:,257
Act I,Scene II,Claudio,Acquaint her with the danger of my state:,258
Act I,Scene II,Claudio,"Implore her, in my voice, that she make friends",259
Act I,Scene II,Claudio,To the strict deputy; bid herself assay him:,260
Act I,Scene II,Claudio,I have great hope in that; for in her youth,261
Act I,Scene II,Claudio,"There is a prone and speechless dialect,",262
Act I,Scene II,Claudio,"Such as move men; beside, she hath prosperous art",263
Act I,Scene II,Claudio,"When she will play with reason and discourse,",264
Act I,Scene II,Claudio,And well she can persuade.,265
Act I,Scene II,Lucio,I pray she may; as well for the encouragement of the,266
Act I,Scene II,Lucio,"like, which else would stand under grievous",267
Act I,Scene II,Lucio,"imposition, as for the enjoying of thy life, who I",268
Act I,Scene II,Lucio,would be sorry should be thus foolishly lost at a,269
Act I,Scene II,Lucio,game of tick-tack. I'll to her.,270
Act I,Scene II,Claudio,"I thank you, good friend Lucio.",271
Act I,Scene II,Lucio,Within two hours.,272
Act I,Scene II,Claudio,"Come, officer, away!",273
Act I,Scene II,[stage direction],Exeunt,NA
Act I,Scene III,[stage direction],Enter DUKE VINCENTIO and FRIAR THOMAS,NA
Act I,Scene III,Duke Vincentio,"No, holy father; throw away that thought;",274
Act I,Scene III,Duke Vincentio,Believe not that the dribbling dart of love,275
Act I,Scene III,Duke Vincentio,Can pierce a complete bosom. Why I desire thee,276
Act I,Scene III,Duke Vincentio,"To give me secret harbour, hath a purpose",277
Act I,Scene III,Duke Vincentio,More grave and wrinkled than the aims and ends,278
Act I,Scene III,Duke Vincentio,Of burning youth.,279
Act I,Scene III,Friar Thomas,May your grace speak of it?,280
Act I,Scene III,Duke Vincentio,"My holy sir, none better knows than you",281
Act I,Scene III,Duke Vincentio,How I have ever loved the life removed,282
Act I,Scene III,Duke Vincentio,And held in idle price to haunt assemblies,283
Act I,Scene III,Duke Vincentio,"Where youth, and cost, and witless bravery keeps.",284
Act I,Scene III,Duke Vincentio,"I have deliver'd to Lord Angelo,",285
Act I,Scene III,Duke Vincentio,"A man of stricture and firm abstinence,",286
Act I,Scene III,Duke Vincentio,"My absolute power and place here in Vienna,",287
Act I,Scene III,Duke Vincentio,And he supposes me travell'd to Poland;,288
Act I,Scene III,Duke Vincentio,"For so I have strew'd it in the common ear,",289
Act I,Scene III,Duke Vincentio,"And so it is received. Now, pious sir,",290
Act I,Scene III,Duke Vincentio,You will demand of me why I do this?,291
Act I,Scene III,Friar Thomas,"Gladly, my lord.",292
Act I,Scene III,Duke Vincentio,We have strict statutes and most biting laws.,293
Act I,Scene III,Duke Vincentio,"The needful bits and curbs to headstrong weeds,",294
Act I,Scene III,Duke Vincentio,Which for this nineteen years we have let slip;,295
Act I,Scene III,Duke Vincentio,"Even like an o'ergrown lion in a cave,",296
Act I,Scene III,Duke Vincentio,"That goes not out to prey. Now, as fond fathers,",297
Act I,Scene III,Duke Vincentio,"Having bound up the threatening twigs of birch,",298
Act I,Scene III,Duke Vincentio,Only to stick it in their children's sight,299
Act I,Scene III,Duke Vincentio,"For terror, not to use, in time the rod",300
Act I,Scene III,Duke Vincentio,"Becomes more mock'd than fear'd; so our decrees,",301
Act I,Scene III,Duke Vincentio,"Dead to infliction, to themselves are dead;",302
Act I,Scene III,Duke Vincentio,And liberty plucks justice by the nose;,303
Act I,Scene III,Duke Vincentio,"The baby beats the nurse, and quite athwart",304
Act I,Scene III,Duke Vincentio,Goes all decorum.,305
Act I,Scene III,Friar Thomas,It rested in your grace,306
Act I,Scene III,Friar Thomas,To unloose this tied-up justice when you pleased:,307
Act I,Scene III,Friar Thomas,And it in you more dreadful would have seem'd,308
Act I,Scene III,Friar Thomas,Than in Lord Angelo.,309
Act I,Scene III,Duke Vincentio,"I do fear, too dreadful:",310
Act I,Scene III,Duke Vincentio,"Sith 'twas my fault to give the people scope,",311
Act I,Scene III,Duke Vincentio,'Twould be my tyranny to strike and gall them,312
Act I,Scene III,Duke Vincentio,"For what I bid them do: for we bid this be done,",313
Act I,Scene III,Duke Vincentio,When evil deeds have their permissive pass,314
Act I,Scene III,Duke Vincentio,"And not the punishment. Therefore indeed, my father,",315
Act I,Scene III,Duke Vincentio,I have on Angelo imposed the office;,316
Act I,Scene III,Duke Vincentio,"Who may, in the ambush of my name, strike home,",317
Act I,Scene III,Duke Vincentio,And yet my nature never in the fight,318
Act I,Scene III,Duke Vincentio,"To do in slander. And to behold his sway,",319
Act I,Scene III,Duke Vincentio,"I will, as 'twere a brother of your order,",320
Act I,Scene III,Duke Vincentio,"Visit both prince and people: therefore, I prithee,",321
Act I,Scene III,Duke Vincentio,Supply me with the habit and instruct me,322
Act I,Scene III,Duke Vincentio,How I may formally in person bear me,323
Act I,Scene III,Duke Vincentio,Like a true friar. More reasons for this action,324
Act I,Scene III,Duke Vincentio,At our more leisure shall I render you;,325
Act I,Scene III,Duke Vincentio,"Only, this one: Lord Angelo is precise;",326
Act I,Scene III,Duke Vincentio,Stands at a guard with envy; scarce confesses,327
Act I,Scene III,Duke Vincentio,"That his blood flows, or that his appetite",328
Act I,Scene III,Duke Vincentio,"Is more to bread than stone: hence shall we see,",329
Act I,Scene III,Duke Vincentio,"If power change purpose, what our seemers be.",330
Act I,Scene III,[stage direction],Exeunt,NA
Act I,Scene IV,[stage direction],Enter ISABELLA and FRANCISCA,NA
Act I,Scene IV,Isabella,And have you nuns no farther privileges?,331
Act I,Scene IV,Francisca,Are not these large enough?,332
Act I,Scene IV,Isabella,"Yes, truly; I speak not as desiring more;",333
Act I,Scene IV,Isabella,But rather wishing a more strict restraint,334
Act I,Scene IV,Isabella,"Upon the sisterhood, the votarists of Saint Clare.",335
Act I,Scene IV,Lucio,[Within]  Ho! Peace be in this place!,336
Act I,Scene IV,Isabella,Who's that which calls?,337
Act I,Scene IV,Francisca,"It is a man's voice. Gentle Isabella,",338
Act I,Scene IV,Francisca,"Turn you the key, and know his business of him;",339
Act I,Scene IV,Francisca,"You may, I may not; you are yet unsworn.",340
Act I,Scene IV,Francisca,"When you have vow'd, you must not speak with men",341
Act I,Scene IV,Francisca,But in the presence of the prioress:,342
Act I,Scene IV,Francisca,"Then, if you speak, you must not show your face,",343
Act I,Scene IV,Francisca,"Or, if you show your face, you must not speak.",344
Act I,Scene IV,Francisca,"He calls again; I pray you, answer him.",345
Act I,Scene IV,[stage direction],Exit,NA
Act I,Scene IV,Isabella,Peace and prosperity! Who is't that calls,346
Act I,Scene IV,[stage direction],Enter LUCIO,NA
Act I,Scene IV,Lucio,"Hail, virgin, if you be, as those cheek-roses",347
Act I,Scene IV,Lucio,Proclaim you are no less! Can you so stead me,348
Act I,Scene IV,Lucio,"As bring me to the sight of Isabella,",349
Act I,Scene IV,Lucio,A novice of this place and the fair sister,350
Act I,Scene IV,Lucio,To her unhappy brother Claudio?,351
Act I,Scene IV,Isabella,"Why 'her unhappy brother'? let me ask,",352
Act I,Scene IV,Isabella,The rather for I now must make you know,353
Act I,Scene IV,Isabella,I am that Isabella and his sister.,354
Act I,Scene IV,Lucio,"Gentle and fair, your brother kindly greets you:",355
Act I,Scene IV,Lucio,"Not to be weary with you, he's in prison.",356
Act I,Scene IV,Isabella,Woe me! for what?,357
Act I,Scene IV,Lucio,"For that which, if myself might be his judge,",358
Act I,Scene IV,Lucio,He should receive his punishment in thanks:,359
Act I,Scene IV,Lucio,He hath got his friend with child.,360
Act I,Scene IV,Isabella,"Sir, make me not your story.",361
Act I,Scene IV,Lucio,It is true.,362
Act I,Scene IV,Lucio,I would not--though 'tis my familiar sin,363
Act I,Scene IV,Lucio,"With maids to seem the lapwing and to jest,",364
Act I,Scene IV,Lucio,Tongue far from heart--play with all virgins so:,365
Act I,Scene IV,Lucio,I hold you as a thing ensky'd and sainted.,366
Act I,Scene IV,Lucio,"By your renouncement an immortal spirit,",367
Act I,Scene IV,Lucio,"And to be talk'd with in sincerity,",368
Act I,Scene IV,Lucio,As with a saint.,369
Act I,Scene IV,Isabella,You do blaspheme the good in mocking me.,370
Act I,Scene IV,Lucio,"Do not believe it. Fewness and truth, 'tis thus:",371
Act I,Scene IV,Lucio,Your brother and his lover have embraced:,372
Act I,Scene IV,Lucio,"As those that feed grow full, as blossoming time",373
Act I,Scene IV,Lucio,That from the seedness the bare fallow brings,374
Act I,Scene IV,Lucio,"To teeming foison, even so her plenteous womb",375
Act I,Scene IV,Lucio,Expresseth his full tilth and husbandry.,376
Act I,Scene IV,Isabella,Some one with child by him? My cousin Juliet?,377
Act I,Scene IV,Lucio,Is she your cousin?,378
Act I,Scene IV,Isabella,Adoptedly; as school-maids change their names,379
Act I,Scene IV,Isabella,By vain though apt affection.,380
Act I,Scene IV,Lucio,She it is.,381
Act I,Scene IV,Isabella,"O, let him marry her.",382
Act I,Scene IV,Lucio,This is the point.,383
Act I,Scene IV,Lucio,The duke is very strangely gone from hence;,384
Act I,Scene IV,Lucio,"Bore many gentlemen, myself being one,",385
Act I,Scene IV,Lucio,In hand and hope of action: but we do learn,386
Act I,Scene IV,Lucio,"By those that know the very nerves of state,",387
Act I,Scene IV,Lucio,His givings-out were of an infinite distance,388
Act I,Scene IV,Lucio,"From his true-meant design. Upon his place,",389
Act I,Scene IV,Lucio,"And with full line of his authority,",390
Act I,Scene IV,Lucio,Governs Lord Angelo; a man whose blood,391
Act I,Scene IV,Lucio,Is very snow-broth; one who never feels,392
Act I,Scene IV,Lucio,"The wanton stings and motions of the sense,",393
Act I,Scene IV,Lucio,But doth rebate and blunt his natural edge,394
Act I,Scene IV,Lucio,"With profits of the mind, study and fast.",395
Act I,Scene IV,Lucio,"He--to give fear to use and liberty,",396
Act I,Scene IV,Lucio,"Which have for long run by the hideous law,",397
Act I,Scene IV,Lucio,"As mice by lions--hath pick'd out an act,",398
Act I,Scene IV,Lucio,Under whose heavy sense your brother's life,399
Act I,Scene IV,Lucio,Falls into forfeit: he arrests him on it;,400
Act I,Scene IV,Lucio,"And follows close the rigour of the statute,",401
Act I,Scene IV,Lucio,"To make him an example. All hope is gone,",402
Act I,Scene IV,Lucio,Unless you have the grace by your fair prayer,403
Act I,Scene IV,Lucio,To soften Angelo: and that's my pith of business,404
Act I,Scene IV,Lucio,'Twixt you and your poor brother.,405
Act I,Scene IV,Isabella,Doth he so seek his life?,406
Act I,Scene IV,Lucio,Has censured him,407
Act I,Scene IV,Lucio,"Already; and, as I hear, the provost hath",408
Act I,Scene IV,Lucio,A warrant for his execution.,409
Act I,Scene IV,Isabella,Alas! what poor ability's in me,410
Act I,Scene IV,Isabella,To do him good?,411
Act I,Scene IV,Lucio,Assay the power you have.,412
Act I,Scene IV,Isabella,"My power? Alas, I doubt--",413
Act I,Scene IV,Lucio,Our doubts are traitors,414
Act I,Scene IV,Lucio,And make us lose the good we oft might win,415
Act I,Scene IV,Lucio,"By fearing to attempt. Go to Lord Angelo,",416
Act I,Scene IV,Lucio,"And let him learn to know, when maidens sue,",417
Act I,Scene IV,Lucio,"Men give like gods; but when they weep and kneel,",418
Act I,Scene IV,Lucio,All their petitions are as freely theirs,419
Act I,Scene IV,Lucio,As they themselves would owe them.,420
Act I,Scene IV,Isabella,I'll see what I can do.,421
Act I,Scene IV,Lucio,But speedily.,422
Act I,Scene IV,Isabella,I will about it straight;,423
Act I,Scene IV,Isabella,No longer staying but to give the mother,424
Act I,Scene IV,Isabella,Notice of my affair. I humbly thank you:,425
Act I,Scene IV,Isabella,Commend me to my brother: soon at night,426
Act I,Scene IV,Isabella,I'll send him certain word of my success.,427
Act I,Scene IV,Lucio,I take my leave of you.,428
Act I,Scene IV,Isabella,"Good sir, adieu.",429
Act I,Scene IV,[stage direction],Exeunt,NA
Act II,Scene I,[stage direction],"Enter ANGELO, ESCALUS, and a Justice, Provost, Officers, and other Attendants, behind",NA
Act II,Scene I,Angelo,"We must not make a scarecrow of the law,",430
Act II,Scene I,Angelo,"Setting it up to fear the birds of prey,",431
Act II,Scene I,Angelo,"And let it keep one shape, till custom make it",432
Act II,Scene I,Angelo,Their perch and not their terror.,433
Act II,Scene I,Escalus,"Ay, but yet",434
Act II,Scene I,Escalus,"Let us be keen, and rather cut a little,",435
Act II,Scene I,Escalus,"Than fall, and bruise to death. Alas, this gentleman",436
Act II,Scene I,Escalus,"Whom I would save, had a most noble father!",437
Act II,Scene I,Escalus,"Let but your honour know,",438
Act II,Scene I,Escalus,"Whom I believe to be most strait in virtue,",439
Act II,Scene I,Escalus,"That, in the working of your own affections,",440
Act II,Scene I,Escalus,"Had time cohered with place or place with wishing,",441
Act II,Scene I,Escalus,Or that the resolute acting of your blood,442
Act II,Scene I,Escalus,"Could have attain'd the effect of your own purpose,",443
Act II,Scene I,Escalus,Whether you had not sometime in your life,444
Act II,Scene I,Escalus,"Err'd in this point which now you censure him,",445
Act II,Scene I,Escalus,And pull'd the law upon you.,446
Act II,Scene I,Angelo,"'Tis one thing to be tempted, Escalus,",447
Act II,Scene I,Angelo,"Another thing to fall. I not deny,",448
Act II,Scene I,Angelo,"The jury, passing on the prisoner's life,",449
Act II,Scene I,Angelo,May in the sworn twelve have a thief or two,450
Act II,Scene I,Angelo,"Guiltier than him they try. What's open made to justice,",451
Act II,Scene I,Angelo,That justice seizes: what know the laws,452
Act II,Scene I,Angelo,"That thieves do pass on thieves? 'Tis very pregnant,",453
Act II,Scene I,Angelo,"The jewel that we find, we stoop and take't",454
Act II,Scene I,Angelo,Because we see it; but what we do not see,455
Act II,Scene I,Angelo,"We tread upon, and never think of it.",456
Act II,Scene I,Angelo,You may not so extenuate his offence,457
Act II,Scene I,Angelo,"For I have had such faults; but rather tell me,",458
Act II,Scene I,Angelo,"When I, that censure him, do so offend,",459
Act II,Scene I,Angelo,"Let mine own judgment pattern out my death,",460
Act II,Scene I,Angelo,"And nothing come in partial. Sir, he must die.",461
Act II,Scene I,Escalus,Be it as your wisdom will.,462
Act II,Scene I,Angelo,Where is the provost?,463
Act II,Scene I,Provost,"Here, if it like your honour.",464
Act II,Scene I,Angelo,See that Claudio,465
Act II,Scene I,Angelo,Be executed by nine to-morrow morning:,466
Act II,Scene I,Angelo,"Bring him his confessor, let him be prepared;",467
Act II,Scene I,Angelo,For that's the utmost of his pilgrimage.,468
Act II,Scene I,[stage direction],Exit Provost,NA
Act II,Scene I,Escalus,"[Aside]  Well, heaven forgive him! and forgive us all!",469
Act II,Scene I,Escalus,"Some rise by sin, and some by virtue fall:",470
Act II,Scene I,Escalus,"Some run from brakes of ice, and answer none:",471
Act II,Scene I,Escalus,And some condemned for a fault alone.,472
Act II,Scene I,[stage direction],"Enter ELBOW, and Officers with FROTH and POMPEY",NA
Act II,Scene I,Elbow,"Come, bring them away: if these be good people in",473
Act II,Scene I,Elbow,a commonweal that do nothing but use their abuses in,474
Act II,Scene I,Elbow,"common houses, I know no law: bring them away.",475
Act II,Scene I,Angelo,"How now, sir! What's your name? and what's the matter?",476
Act II,Scene I,Elbow,"If it Please your honour, I am the poor duke's",477
Act II,Scene I,Elbow,"constable, and my name is Elbow: I do lean upon",478
Act II,Scene I,Elbow,"justice, sir, and do bring in here before your good",479
Act II,Scene I,Elbow,honour two notorious benefactors.,480
Act II,Scene I,Angelo,Benefactors? Well; what benefactors are they? are,481
Act II,Scene I,Angelo,they not malefactors?,482
Act II,Scene I,Elbow,"If it? please your honour, I know not well what they",483
Act II,Scene I,Elbow,"are: but precise villains they are, that I am sure",484
Act II,Scene I,Elbow,of; and void of all profanation in the world that,485
Act II,Scene I,Elbow,good Christians ought to have.,486
Act II,Scene I,Escalus,This comes off well; here's a wise officer.,487
Act II,Scene I,Angelo,Go to: what quality are they of? Elbow is your,488
Act II,Scene I,Angelo,"name? why dost thou not speak, Elbow?",489
Act II,Scene I,Pompey,"He cannot, sir; he's out at elbow.",490
Act II,Scene I,Angelo,"What are you, sir?",491
Act II,Scene I,Elbow,"He, sir! a tapster, sir; parcel-bawd; one that",492
Act II,Scene I,Elbow,"serves a bad woman; whose house, sir, was, as they",493
Act II,Scene I,Elbow,"say, plucked down in the suburbs; and now she",494
Act II,Scene I,Elbow,"professes a hot-house, which, I think, is a very ill house too.",495
Act II,Scene I,Escalus,How know you that?,496
Act II,Scene I,Elbow,"My wife, sir, whom I detest before heaven and your honour,--",497
Act II,Scene I,Escalus,How? thy wife?,498
Act II,Scene I,Elbow,"Ay, sir; whom, I thank heaven, is an honest woman,--",499
Act II,Scene I,Escalus,Dost thou detest her therefore?,500
Act II,Scene I,Elbow,"I say, sir, I will detest myself also, as well as",501
Act II,Scene I,Elbow,"she, that this house, if it be not a bawd's house,",502
Act II,Scene I,Elbow,"it is pity of her life, for it is a naughty house.",503
Act II,Scene I,Escalus,"How dost thou know that, constable?",504
Act II,Scene I,Elbow,"Marry, sir, by my wife; who, if she had been a woman",505
Act II,Scene I,Elbow,"cardinally given, might have been accused in",506
Act II,Scene I,Elbow,"fornication, adultery, and all uncleanliness there.",507
Act II,Scene I,Escalus,By the woman's means?,508
Act II,Scene I,Elbow,"Ay, sir, by Mistress Overdone's means: but as she",509
Act II,Scene I,Elbow,"spit in his face, so she defied him.",510
Act II,Scene I,Pompey,"Sir, if it please your honour, this is not so.",511
Act II,Scene I,Elbow,"Prove it before these varlets here, thou honourable",512
Act II,Scene I,Elbow,man; prove it.,513
Act II,Scene I,Escalus,Do you hear how he misplaces?,514
Act II,Scene I,Pompey,"Sir, she came in great with child; and longing,",515
Act II,Scene I,Pompey,"saving your honour's reverence, for stewed prunes;",516
Act II,Scene I,Pompey,"sir, we had but two in the house, which at that very",517
Act II,Scene I,Pompey,"distant time stood, as it were, in a fruit-dish, a",518
Act II,Scene I,Pompey,dish of some three-pence; your honours have seen,519
Act II,Scene I,Pompey,"such dishes; they are not China dishes, but very",520
Act II,Scene I,Pompey,"good dishes,--",521
Act II,Scene I,Escalus,"Go to, go to: no matter for the dish, sir.",522
Act II,Scene I,Pompey,"No, indeed, sir, not of a pin; you are therein in",523
Act II,Scene I,Pompey,"the right: but to the point. As I say, this",524
Act II,Scene I,Pompey,"Mistress Elbow, being, as I say, with child, and",525
Act II,Scene I,Pompey,"being great-bellied, and longing, as I said, for",526
Act II,Scene I,Pompey,"prunes; and having but two in the dish, as I said,",527
Act II,Scene I,Pompey,"Master Froth here, this very man, having eaten the",528
Act II,Scene I,Pompey,"rest, as I said, and, as I say, paying for them very",529
Act II,Scene I,Pompey,"honestly; for, as you know, Master Froth, I could",530
Act II,Scene I,Pompey,not give you three-pence again.,531
Act II,Scene I,Froth,"No, indeed.",532
Act II,Scene I,Pompey,"Very well: you being then, if you be remembered,",533
Act II,Scene I,Pompey,"cracking the stones of the foresaid prunes,--",534
Act II,Scene I,Froth,"Ay, so I did indeed.",535
Act II,Scene I,Pompey,"Why, very well; I telling you then, if you be",536
Act II,Scene I,Pompey,"remembered, that such a one and such a one were past",537
Act II,Scene I,Pompey,"cure of the thing you wot of, unless they kept very",538
Act II,Scene I,Pompey,"good diet, as I told you,--",539
Act II,Scene I,Froth,All this is true.,540
Act II,Scene I,Pompey,"Why, very well, then,--",541
Act II,Scene I,Escalus,"Come, you are a tedious fool: to the purpose. What",542
Act II,Scene I,Escalus,"was done to Elbow's wife, that he hath cause to",543
Act II,Scene I,Escalus,complain of? Come me to what was done to her.,544
Act II,Scene I,Pompey,"Sir, your honour cannot come to that yet.",545
Act II,Scene I,Escalus,"No, sir, nor I mean it not.",546
Act II,Scene I,Pompey,"Sir, but you shall come to it, by your honour's",547
Act II,Scene I,Pompey,"leave. And, I beseech you, look into Master Froth",548
Act II,Scene I,Pompey,"here, sir; a man of four-score pound a year; whose",549
Act II,Scene I,Pompey,"father died at Hallowmas: was't not at Hallowmas,",550
Act II,Scene I,Pompey,Master Froth?,551
Act II,Scene I,Froth,All-hallond eve.,552
Act II,Scene I,Pompey,"Why, very well; I hope here be truths. He, sir,",553
Act II,Scene I,Pompey,"sitting, as I say, in a lower chair, sir; 'twas in",554
Act II,Scene I,Pompey,"the Bunch of Grapes, where indeed you have a delight",555
Act II,Scene I,Pompey,"to sit, have you not?",556
Act II,Scene I,Froth,I have so; because it is an open room and good for winter.,557
Act II,Scene I,Pompey,"Why, very well, then; I hope here be truths.",558
Act II,Scene I,Angelo,"This will last out a night in Russia,",559
Act II,Scene I,Angelo,When nights are longest there: I'll take my leave.,560
Act II,Scene I,Angelo,And leave you to the hearing of the cause;,561
Act II,Scene I,Angelo,Hoping you'll find good cause to whip them all.,562
Act II,Scene I,Escalus,I think no less. Good morrow to your lordship.,563
Act II,Scene I,[stage direction],Exit ANGELO,NA
Act II,Scene I,Escalus,"Now, sir, come on: what was done to Elbow's wife, once more?",564
Act II,Scene I,Pompey,"Once, sir? there was nothing done to her once.",565
Act II,Scene I,Elbow,"I beseech you, sir, ask him what this man did to my wife.",566
Act II,Scene I,Pompey,"I beseech your honour, ask me.",567
Act II,Scene I,Escalus,"Well, sir; what did this gentleman to her?",568
Act II,Scene I,Pompey,"I beseech you, sir, look in this gentleman's face.",569
Act II,Scene I,Pompey,"Good Master Froth, look upon his honour; 'tis for a",570
Act II,Scene I,Pompey,good purpose. Doth your honour mark his face?,571
Act II,Scene I,Escalus,"Ay, sir, very well.",572
Act II,Scene I,Pompey,"Nay; I beseech you, mark it well.",573
Act II,Scene I,Escalus,"Well, I do so.",574
Act II,Scene I,Pompey,Doth your honour see any harm in his face?,575
Act II,Scene I,Escalus,"Why, no.",576
Act II,Scene I,Pompey,"I'll be supposed upon a book, his face is the worst",577
Act II,Scene I,Pompey,"thing about him. Good, then; if his face be the",578
Act II,Scene I,Pompey,"worst thing about him, how could Master Froth do the",579
Act II,Scene I,Pompey,constable's wife any harm? I would know that of,580
Act II,Scene I,Pompey,your honour.,581
Act II,Scene I,Escalus,"He's in the right. Constable, what say you to it?",582
Act II,Scene I,Elbow,"First, an it like you, the house is a respected",583
Act II,Scene I,Elbow,"house; next, this is a respected fellow; and his",584
Act II,Scene I,Elbow,mistress is a respected woman.,585
Act II,Scene I,Pompey,"By this hand, sir, his wife is a more respected",586
Act II,Scene I,Pompey,person than any of us all.,587
Act II,Scene I,Elbow,"Varlet, thou liest; thou liest, wicked varlet! the",588
Act II,Scene I,Elbow,time has yet to come that she was ever respected,589
Act II,Scene I,Elbow,"with man, woman, or child.",590
Act II,Scene I,Pompey,"Sir, she was respected with him before he married with her.",591
Act II,Scene I,Escalus,Which is the wiser here? Justice or Iniquity? Is,592
Act II,Scene I,Escalus,this true?,593
Act II,Scene I,Elbow,O thou caitiff! O thou varlet! O thou wicked,594
Act II,Scene I,Elbow,Hannibal! I respected with her before I was married,595
Act II,Scene I,Elbow,"to her! If ever I was respected with her, or she",596
Act II,Scene I,Elbow,"with me, let not your worship think me the poor",597
Act II,Scene I,Elbow,"duke's officer. Prove this, thou wicked Hannibal, or",598
Act II,Scene I,Elbow,I'll have mine action of battery on thee.,599
Act II,Scene I,Escalus,"If he took you a box o' the ear, you might have your",600
Act II,Scene I,Escalus,action of slander too.,601
Act II,Scene I,Elbow,"Marry, I thank your good worship for it. What is't",602
Act II,Scene I,Elbow,your worship's pleasure I shall do with this wicked caitiff?,603
Act II,Scene I,Escalus,"Truly, officer, because he hath some offences in him",604
Act II,Scene I,Escalus,"that thou wouldst discover if thou couldst, let him",605
Act II,Scene I,Escalus,continue in his courses till thou knowest what they,606
Act II,Scene I,Escalus,are.,607
Act II,Scene I,Elbow,"Marry, I thank your worship for it. Thou seest, thou",608
Act II,Scene I,Elbow,"wicked varlet, now, what's come upon thee: thou art",609
Act II,Scene I,Elbow,"to continue now, thou varlet; thou art to continue.",610
Act II,Scene I,Escalus,"Where were you born, friend?",611
Act II,Scene I,Froth,"Here in Vienna, sir.",612
Act II,Scene I,Escalus,Are you of fourscore pounds a year?,613
Act II,Scene I,Froth,"Yes, an't please you, sir.",614
Act II,Scene I,Escalus,"So. What trade are you of, sir?",615
Act II,Scene I,Pomphey,Tapster; a poor widow's tapster.,616
Act II,Scene I,Escalus,Your mistress' name?,617
Act II,Scene I,Pomphey,Mistress Overdone.,618
Act II,Scene I,Escalus,Hath she had any more than one husband?,619
Act II,Scene I,Pompey,"Nine, sir; Overdone by the last.",620
Act II,Scene I,Escalus,"Nine! Come hither to me, Master Froth. Master",621
Act II,Scene I,Escalus,"Froth, I would not have you acquainted with",622
Act II,Scene I,Escalus,"tapsters: they will draw you, Master Froth, and you",623
Act II,Scene I,Escalus,"will hang them. Get you gone, and let me hear no",624
Act II,Scene I,Escalus,more of you.,625
Act II,Scene I,Froth,"I thank your worship. For mine own part, I never",626
Act II,Scene I,Froth,"come into any room in a tap-house, but I am drawn",627
Act II,Scene I,Froth,in.,628
Act II,Scene I,Escalus,"Well, no more of it, Master Froth: farewell.",629
Act II,Scene I,[stage direction],Exit FROTH,NA
Act II,Scene I,Escalus,"Come you hither to me, Master tapster. What's your",630
Act II,Scene I,Escalus,"name, Master tapster?",631
Act II,Scene I,Pompey,Pompey.,632
Act II,Scene I,Escalus,What else?,633
Act II,Scene I,Pompey,"Bum, sir.",634
Act II,Scene I,Escalus,"Troth, and your bum is the greatest thing about you;",635
Act II,Scene I,Escalus,so that in the beastliest sense you are Pompey the,636
Act II,Scene I,Escalus,"Great. Pompey, you are partly a bawd, Pompey,",637
Act II,Scene I,Escalus,"howsoever you colour it in being a tapster, are you",638
Act II,Scene I,Escalus,"not? come, tell me true: it shall be the better for you.",639
Act II,Scene I,Pompey,"Truly, sir, I am a poor fellow that would live.",640
Act II,Scene I,Escalus,"How would you live, Pompey? by being a bawd? What",641
Act II,Scene I,Escalus,"do you think of the trade, Pompey? is it a lawful trade?",642
Act II,Scene I,Pompey,"If the law would allow it, sir.",643
Act II,Scene I,Escalus,"But the law will not allow it, Pompey; nor it shall",644
Act II,Scene I,Escalus,not be allowed in Vienna.,645
Act II,Scene I,Pompey,Does your worship mean to geld and splay all the,646
Act II,Scene I,Pompey,youth of the city?,647
Act II,Scene I,Escalus,"No, Pompey.",648
Act II,Scene I,Pompey,"Truly, sir, in my poor opinion, they will to't then.",649
Act II,Scene I,Pompey,If your worship will take order for the drabs and,650
Act II,Scene I,Pompey,"the knaves, you need not to fear the bawds.",651
Act II,Scene I,Escalus,"There are pretty orders beginning, I can tell you:",652
Act II,Scene I,Escalus,it is but heading and hanging.,653
Act II,Scene I,Pompey,If you head and hang all that offend that way but,654
Act II,Scene I,Pompey,"for ten year together, you'll be glad to give out a",655
Act II,Scene I,Pompey,commission for more heads: if this law hold in,656
Act II,Scene I,Pompey,"Vienna ten year, I'll rent the fairest house in it",657
Act II,Scene I,Pompey,after three-pence a bay: if you live to see this,658
Act II,Scene I,Pompey,"come to pass, say Pompey told you so.",659
Act II,Scene I,Escalus,"Thank you, good Pompey; and, in requital of your",660
Act II,Scene I,Escalus,"prophecy, hark you: I advise you, let me not find",661
Act II,Scene I,Escalus,you before me again upon any complaint whatsoever;,662
Act II,Scene I,Escalus,"no, not for dwelling where you do: if I do, Pompey,",663
Act II,Scene I,Escalus,"I shall beat you to your tent, and prove a shrewd",664
Act II,Scene I,Escalus,"Caesar to you; in plain dealing, Pompey, I shall",665
Act II,Scene I,Escalus,"have you whipt: so, for this time, Pompey, fare you well.",666
Act II,Scene I,Pompey,I thank your worship for your good counsel:,667
Act II,Scene I,[stage direction],Aside,NA
Act II,Scene I,Pompey,but I shall follow it as the flesh and fortune shall,668
Act II,Scene I,Pompey,better determine.,669
Act II,Scene I,Pompey,"Whip me? No, no; let carman whip his jade:",670
Act II,Scene I,Pompey,The valiant heart is not whipt out of his trade.,671
Act II,Scene I,[stage direction],Exit,NA
Act II,Scene I,Escalus,"Come hither to me, Master Elbow; come hither, Master",672
Act II,Scene I,Escalus,constable. How long have you been in this place of constable?,673
Act II,Scene I,Elbow,"Seven year and a half, sir.",674
Act II,Scene I,Escalus,"I thought, by your readiness in the office, you had",675
Act II,Scene I,Escalus,"continued in it some time. You say, seven years together?",676
Act II,Scene I,Elbow,"And a half, sir.",677
Act II,Scene I,Escalus,"Alas, it hath been great pains to you. They do you",678
Act II,Scene I,Escalus,wrong to put you so oft upon 't: are there not men,679
Act II,Scene I,Escalus,in your ward sufficient to serve it?,680
Act II,Scene I,Elbow,"Faith, sir, few of any wit in such matters: as they",681
Act II,Scene I,Elbow,"are chosen, they are glad to choose me for them; I",682
Act II,Scene I,Elbow,"do it for some piece of money, and go through with",683
Act II,Scene I,Elbow,all.,684
Act II,Scene I,Escalus,"Look you bring me in the names of some six or seven,",685
Act II,Scene I,Escalus,the most sufficient of your parish.,686
Act II,Scene I,Elbow,"To your worship's house, sir?",687
Act II,Scene I,Escalus,To my house. Fare you well.,688
Act II,Scene I,[stage direction],Exit ELBOW,NA
Act II,Scene I,Escalus,"What's o'clock, think you?",689
Act II,Scene I,Justice,"Eleven, sir.",690
Act II,Scene I,Escalus,I pray you home to dinner with me.,691
Act II,Scene I,Justice,I humbly thank you.,692
Act II,Scene I,Escalus,It grieves me for the death of Claudio;,693
Act II,Scene I,Escalus,But there's no remedy.,694
Act II,Scene I,Justice,Lord Angelo is severe.,695
Act II,Scene I,Escalus,It is but needful:,696
Act II,Scene I,Escalus,"Mercy is not itself, that oft looks so;",697
Act II,Scene I,Escalus,Pardon is still the nurse of second woe:,698
Act II,Scene I,Escalus,"But yet,--poor Claudio! There is no remedy.",699
Act II,Scene I,Escalus,"Come, sir.",700
Act II,Scene I,[stage direction],Exeunt,NA
Act II,Scene II,[stage direction],Enter Provost and a Servant,NA
Act II,Scene II,Servant,He's hearing of a cause; he will come straight,701
Act II,Scene II,Servant,I'll tell him of you.,702
Act II,Scene II,Provost,"Pray you, do.",703
Act II,Scene II,[stage direction],Exit Servant,NA
Act II,Scene II,Provost,I'll know,704
Act II,Scene II,Provost,"His pleasure; may be he will relent. Alas,",705
Act II,Scene II,Provost,He hath but as offended in a dream!,706
Act II,Scene II,Provost,"All sects, all ages smack of this vice; and he",707
Act II,Scene II,Provost,To die for't!,708
Act II,Scene II,[stage direction],Enter ANGELO,NA
Act II,Scene II,Angelo,"Now, what's the matter. Provost?",709
Act II,Scene II,Provost,Is it your will Claudio shall die tomorrow?,710
Act II,Scene II,Angelo,Did not I tell thee yea? hadst thou not order?,711
Act II,Scene II,Angelo,Why dost thou ask again?,712
Act II,Scene II,Provost,Lest I might be too rash:,713
Act II,Scene II,Provost,"Under your good correction, I have seen,",714
Act II,Scene II,Provost,"When, after execution, judgment hath",715
Act II,Scene II,Provost,Repented o'er his doom.,716
Act II,Scene II,Angelo,Go to; let that be mine:,717
Act II,Scene II,Angelo,"Do you your office, or give up your place,",718
Act II,Scene II,Angelo,And you shall well be spared.,719
Act II,Scene II,Provost,I crave your honour's pardon.,720
Act II,Scene II,Provost,"What shall be done, sir, with the groaning Juliet?",721
Act II,Scene II,Provost,She's very near her hour.,722
Act II,Scene II,Angelo,Dispose of her,723
Act II,Scene II,Angelo,"To some more fitter place, and that with speed.",724
Act II,Scene II,[stage direction],Re-enter Servant,NA
Act II,Scene II,Servant,Here is the sister of the man condemn'd,725
Act II,Scene II,Servant,Desires access to you.,726
Act II,Scene II,Angelo,Hath he a sister?,727
Act II,Scene II,Provost,"Ay, my good lord; a very virtuous maid,",728
Act II,Scene II,Provost,"And to be shortly of a sisterhood,",729
Act II,Scene II,Provost,If not already.,730
Act II,Scene II,Angelo,"Well, let her be admitted.",731
Act II,Scene II,[stage direction],Exit Servant,NA
Act II,Scene II,Angelo,See you the fornicatress be removed:,732
Act II,Scene II,Angelo,"Let have needful, but not lavish, means;",733
Act II,Scene II,Angelo,There shall be order for't.,734
Act II,Scene II,[stage direction],Enter ISABELLA and LUCIO,NA
Act II,Scene II,Provost,God save your honour!,735
Act II,Scene II,Angelo,Stay a little while.,736
Act II,Scene II,[stage direction],To ISABELLA,NA
Act II,Scene II,Angelo,You're welcome: what's your will?,737
Act II,Scene II,Isabella,"I am a woeful suitor to your honour,",738
Act II,Scene II,Isabella,Please but your honour hear me.,739
Act II,Scene II,Angelo,Well; what's your suit?,740
Act II,Scene II,Isabella,"There is a vice that most I do abhor,",741
Act II,Scene II,Isabella,And most desire should meet the blow of justice;,742
Act II,Scene II,Isabella,"For which I would not plead, but that I must;",743
Act II,Scene II,Isabella,"For which I must not plead, but that I am",744
Act II,Scene II,Isabella,At war 'twixt will and will not.,745
Act II,Scene II,Angelo,Well; the matter?,746
Act II,Scene II,Isabella,I have a brother is condemn'd to die:,747
Act II,Scene II,Isabella,"I do beseech you, let it be his fault,",748
Act II,Scene II,Isabella,And not my brother.,749
Act II,Scene II,Provost,[Aside]  Heaven give thee moving graces!,750
Act II,Scene II,Angelo,Condemn the fault and not the actor of it?,751
Act II,Scene II,Angelo,"Why, every fault's condemn'd ere it be done:",752
Act II,Scene II,Angelo,"Mine were the very cipher of a function,",753
Act II,Scene II,Angelo,"To fine the faults whose fine stands in record,",754
Act II,Scene II,Angelo,And let go by the actor.,755
Act II,Scene II,Isabella,O just but severe law!,756
Act II,Scene II,Isabella,"I had a brother, then. Heaven keep your honour!",757
Act II,Scene II,Lucio,[Aside to ISABELLA]  Give't not o'er so: to him,758
Act II,Scene II,Lucio,"again, entreat him;",759
Act II,Scene II,Lucio,"Kneel down before him, hang upon his gown:",760
Act II,Scene II,Lucio,"You are too cold; if you should need a pin,",761
Act II,Scene II,Lucio,You could not with more tame a tongue desire it:,762
Act II,Scene II,Lucio,"To him, I say!",763
Act II,Scene II,Isabella,Must he needs die?,764
Act II,Scene II,Angelo,"Maiden, no remedy.",765
Act II,Scene II,Isabella,"Yes; I do think that you might pardon him,",766
Act II,Scene II,Isabella,And neither heaven nor man grieve at the mercy.,767
Act II,Scene II,Angelo,I will not do't.,768
Act II,Scene II,Isabella,"But can you, if you would?",769
Act II,Scene II,Angelo,"Look, what I will not, that I cannot do.",770
Act II,Scene II,Isabella,"But might you do't, and do the world no wrong,",771
Act II,Scene II,Isabella,If so your heart were touch'd with that remorse,772
Act II,Scene II,Isabella,A s mine is to him?,773
Act II,Scene II,Angelo,He's sentenced; 'tis too late.,774
Act II,Scene II,Lucio,[Aside to ISABELLA]  You are too cold.,775
Act II,Scene II,Isabella,"Too late? why, no; I, that do speak a word.",776
Act II,Scene II,Isabella,"May call it back again. Well, believe this,",777
Act II,Scene II,Isabella,"No ceremony that to great ones 'longs,",778
Act II,Scene II,Isabella,"Not the king's crown, nor the deputed sword,",779
Act II,Scene II,Isabella,"The marshal's truncheon, nor the judge's robe,",780
Act II,Scene II,Isabella,Become them with one half so good a grace,781
Act II,Scene II,Isabella,As mercy does.,782
Act II,Scene II,Isabella,"If he had been as you and you as he,",783
Act II,Scene II,Isabella,"You would have slipt like him; but he, like you,",784
Act II,Scene II,Isabella,Would not have been so stern.,785
Act II,Scene II,Angelo,"Pray you, be gone.",786
Act II,Scene II,Isabella,"I would to heaven I had your potency,",787
Act II,Scene II,Isabella,And you were Isabel! should it then be thus?,788
Act II,Scene II,Isabella,"No; I would tell what 'twere to be a judge,",789
Act II,Scene II,Isabella,And what a prisoner.,790
Act II,Scene II,Lucio,[Aside to ISABELLA],791
Act II,Scene II,Lucio,"Ay, touch him; there's the vein.",792
Act II,Scene II,Angelo,"Your brother is a forfeit of the law,",793
Act II,Scene II,Angelo,And you but waste your words.,794
Act II,Scene II,Isabella,"Alas, alas!",795
Act II,Scene II,Isabella,"Why, all the souls that were were forfeit once;",796
Act II,Scene II,Isabella,And He that might the vantage best have took,797
Act II,Scene II,Isabella,"Found out the remedy. How would you be,",798
Act II,Scene II,Isabella,"If He, which is the top of judgment, should",799
Act II,Scene II,Isabella,"But judge you as you are? O, think on that;",800
Act II,Scene II,Isabella,"And mercy then will breathe within your lips,",801
Act II,Scene II,Isabella,Like man new made.,802
Act II,Scene II,Angelo,"Be you content, fair maid;",803
Act II,Scene II,Angelo,"It is the law, not I condemn your brother:",804
Act II,Scene II,Angelo,"Were he my kinsman, brother, or my son,",805
Act II,Scene II,Angelo,It should be thus with him: he must die tomorrow.,806
Act II,Scene II,Isabella,"To-morrow! O, that's sudden! Spare him, spare him!",807
Act II,Scene II,Isabella,He's not prepared for death. Even for our kitchens,808
Act II,Scene II,Isabella,We kill the fowl of season: shall we serve heaven,809
Act II,Scene II,Isabella,With less respect than we do minister,810
Act II,Scene II,Isabella,"To our gross selves? Good, good my lord, bethink you;",811
Act II,Scene II,Isabella,Who is it that hath died for this offence?,812
Act II,Scene II,Isabella,There's many have committed it.,813
Act II,Scene II,Lucio,"[Aside to ISABELLA]           Ay, well said.",814
Act II,Scene II,Angelo,"The law hath not been dead, though it hath slept:",815
Act II,Scene II,Angelo,"Those many had not dared to do that evil,",816
Act II,Scene II,Angelo,If the first that did the edict infringe,817
Act II,Scene II,Angelo,Had answer'd for his deed: now 'tis awake,818
Act II,Scene II,Angelo,"Takes note of what is done; and, like a prophet,",819
Act II,Scene II,Angelo,"Looks in a glass, that shows what future evils,",820
Act II,Scene II,Angelo,"Either new, or by remissness new-conceived,",821
Act II,Scene II,Angelo,"And so in progress to be hatch'd and born,",822
Act II,Scene II,Angelo,"Are now to have no successive degrees,",823
Act II,Scene II,Angelo,"But, ere they live, to end.",824
Act II,Scene II,Isabella,Yet show some pity.,825
Act II,Scene II,Angelo,I show it most of all when I show justice;,826
Act II,Scene II,Angelo,"For then I pity those I do not know,",827
Act II,Scene II,Angelo,Which a dismiss'd offence would after gall;,828
Act II,Scene II,Angelo,"And do him right that, answering one foul wrong,",829
Act II,Scene II,Angelo,Lives not to act another. Be satisfied;,830
Act II,Scene II,Angelo,Your brother dies to-morrow; be content.,831
Act II,Scene II,Isabella,"So you must be the first that gives this sentence,",832
Act II,Scene II,Isabella,"And he, that suffer's. O, it is excellent",833
Act II,Scene II,Isabella,To have a giant's strength; but it is tyrannous,834
Act II,Scene II,Isabella,To use it like a giant.,835
Act II,Scene II,Lucio,[Aside to ISABELLA]   That's well said.,836
Act II,Scene II,Isabella,Could great men thunder,837
Act II,Scene II,Isabella,"As Jove himself does, Jove would ne'er be quiet,",838
Act II,Scene II,Isabella,"For every pelting, petty officer",839
Act II,Scene II,Isabella,Would use his heaven for thunder;,840
Act II,Scene II,Isabella,"Nothing but thunder! Merciful Heaven,",841
Act II,Scene II,Isabella,Thou rather with thy sharp and sulphurous bolt,842
Act II,Scene II,Isabella,Split'st the unwedgeable and gnarled oak,843
Act II,Scene II,Isabella,"Than the soft myrtle: but man, proud man,",844
Act II,Scene II,Isabella,"Drest in a little brief authority,",845
Act II,Scene II,Isabella,"Most ignorant of what he's most assured,",846
Act II,Scene II,Isabella,"His glassy essence, like an angry ape,",847
Act II,Scene II,Isabella,Plays such fantastic tricks before high heaven,848
Act II,Scene II,Isabella,"As make the angels weep; who, with our spleens,",849
Act II,Scene II,Isabella,Would all themselves laugh mortal.,850
Act II,Scene II,Lucio,"[Aside to ISABELLA]  O, to him, to him, wench! he",851
Act II,Scene II,Lucio,will relent;,852
Act II,Scene II,Lucio,He's coming; I perceive 't.,853
Act II,Scene II,Provost,[Aside]  Pray heaven she win him!,854
Act II,Scene II,Isabella,We cannot weigh our brother with ourself:,855
Act II,Scene II,Isabella,"Great men may jest with saints; 'tis wit in them,",856
Act II,Scene II,Isabella,But in the less foul profanation.,857
Act II,Scene II,Lucio,"Thou'rt i' the right, girl; more o, that.",858
Act II,Scene II,Isabella,"That in the captain's but a choleric word,",859
Act II,Scene II,Isabella,Which in the soldier is flat blasphemy.,860
Act II,Scene II,Lucio,[Aside to ISABELLA]  Art avised o' that? more on 't.,861
Act II,Scene II,Angelo,Why do you put these sayings upon me?,862
Act II,Scene II,Isabella,"Because authority, though it err like others,",863
Act II,Scene II,Isabella,"Hath yet a kind of medicine in itself,",864
Act II,Scene II,Isabella,That skins the vice o' the top. Go to your bosom;,865
Act II,Scene II,Isabella,"Knock there, and ask your heart what it doth know",866
Act II,Scene II,Isabella,That's like my brother's fault: if it confess,867
Act II,Scene II,Isabella,"A natural guiltiness such as is his,",868
Act II,Scene II,Isabella,Let it not sound a thought upon your tongue,869
Act II,Scene II,Isabella,Against my brother's life.,870
Act II,Scene II,Angelo,"[Aside]                  She speaks, and 'tis",871
Act II,Scene II,Angelo,"Such sense, that my sense breeds with it. Fare you well.",872
Act II,Scene II,Isabella,"Gentle my lord, turn back.",873
Act II,Scene II,Angelo,I will bethink me: come again tomorrow.,874
Act II,Scene II,Isabella,"Hark how I'll bribe you: good my lord, turn back.",875
Act II,Scene II,Angelo,How! bribe me?,876
Act II,Scene II,Isabella,"Ay, with such gifts that heaven shall share with you.",877
Act II,Scene II,Lucio,[Aside to ISABELLA]  You had marr'd all else.,878
Act II,Scene II,Isabella,"Not with fond shekels of the tested gold,",879
Act II,Scene II,Isabella,Or stones whose rates are either rich or poor,880
Act II,Scene II,Isabella,As fancy values them; but with true prayers,881
Act II,Scene II,Isabella,That shall be up at heaven and enter there,882
Act II,Scene II,Isabella,"Ere sun-rise, prayers from preserved souls,",883
Act II,Scene II,Isabella,From fasting maids whose minds are dedicate,884
Act II,Scene II,Isabella,To nothing temporal.,885
Act II,Scene II,Angelo,Well; come to me to-morrow.,886
Act II,Scene II,Lucio,[Aside to ISABELLA]  Go to; 'tis well; away!,887
Act II,Scene II,Isabella,Heaven keep your honour safe!,888
Act II,Scene II,Angelo,[Aside]	Amen:,889
Act II,Scene II,Angelo,"For I am that way going to temptation,",890
Act II,Scene II,Angelo,Where prayers cross.,891
Act II,Scene II,Isabella,At what hour to-morrow,892
Act II,Scene II,Isabella,Shall I attend your lordship?,893
Act II,Scene II,Angelo,At any time 'fore noon.,894
Act II,Scene II,Isabella,'Save your honour!,895
Act II,Scene II,[stage direction],"Exeunt ISABELLA, LUCIO, and Provost",NA
Act II,Scene II,Angelo,"From thee, even from thy virtue!",896
Act II,Scene II,Angelo,"What's this, what's this? Is this her fault or mine?",897
Act II,Scene II,Angelo,"The tempter or the tempted, who sins most?",898
Act II,Scene II,Angelo,Ha!,899
Act II,Scene II,Angelo,Not she: nor doth she tempt: but it is I,900
Act II,Scene II,Angelo,"That, lying by the violet in the sun,",901
Act II,Scene II,Angelo,"Do as the carrion does, not as the flower,",902
Act II,Scene II,Angelo,Corrupt with virtuous season. Can it be,903
Act II,Scene II,Angelo,That modesty may more betray our sense,904
Act II,Scene II,Angelo,"Than woman's lightness? Having waste ground enough,",905
Act II,Scene II,Angelo,Shall we desire to raze the sanctuary,906
Act II,Scene II,Angelo,"And pitch our evils there? O, fie, fie, fie!",907
Act II,Scene II,Angelo,"What dost thou, or what art thou, Angelo?",908
Act II,Scene II,Angelo,Dost thou desire her foully for those things,909
Act II,Scene II,Angelo,"That make her good? O, let her brother live!",910
Act II,Scene II,Angelo,Thieves for their robbery have authority,911
Act II,Scene II,Angelo,"When judges steal themselves. What, do I love her,",912
Act II,Scene II,Angelo,"That I desire to hear her speak again,",913
Act II,Scene II,Angelo,And feast upon her eyes? What is't I dream on?,914
Act II,Scene II,Angelo,"O cunning enemy, that, to catch a saint,",915
Act II,Scene II,Angelo,With saints dost bait thy hook! Most dangerous,916
Act II,Scene II,Angelo,Is that temptation that doth goad us on,917
Act II,Scene II,Angelo,"To sin in loving virtue: never could the strumpet,",918
Act II,Scene II,Angelo,"With all her double vigour, art and nature,",919
Act II,Scene II,Angelo,Once stir my temper; but this virtuous maid,920
Act II,Scene II,Angelo,"Subdues me quite. Even till now,",921
Act II,Scene II,Angelo,"When men were fond, I smiled and wonder'd how.",922
Act II,Scene II,[stage direction],Exit,NA
Act II,Scene III,[stage direction],"Enter, severally, DUKE VINCENTIO disguised as a friar, and Provost",NA
Act II,Scene III,Duke Vincentio,"Hail to you, provost! so I think you are.",923
Act II,Scene III,Provost,"I am the provost. What's your will, good friar?",924
Act II,Scene III,Duke Vincentio,"Bound by my charity and my blest order,",925
Act II,Scene III,Duke Vincentio,I come to visit the afflicted spirits,926
Act II,Scene III,Duke Vincentio,Here in the prison. Do me the common right,927
Act II,Scene III,Duke Vincentio,To let me see them and to make me know,928
Act II,Scene III,Duke Vincentio,"The nature of their crimes, that I may minister",929
Act II,Scene III,Duke Vincentio,To them accordingly.,930
Act II,Scene III,Provost,"I would do more than that, if more were needful.",931
Act II,Scene III,[stage direction],Enter JULIET,NA
Act II,Scene III,Provost,"Look, here comes one: a gentlewoman of mine,",932
Act II,Scene III,Provost,"Who, falling in the flaws of her own youth,",933
Act II,Scene III,Provost,Hath blister'd her report: she is with child;,934
Act II,Scene III,Provost,"And he that got it, sentenced; a young man",935
Act II,Scene III,Provost,More fit to do another such offence,936
Act II,Scene III,Provost,Than die for this.,937
Act II,Scene III,Duke Vincentio,When must he die?,938
Act II,Scene III,Provost,"As I do think, to-morrow.",939
Act II,Scene III,Provost,"I have provided for you: stay awhile,",940
Act II,Scene III,[stage direction],To JULIET,NA
Act II,Scene III,Provost,And you shall be conducted.,941
Act II,Scene III,Duke Vincentio,"Repent you, fair one, of the sin you carry?",942
Act II,Scene III,Juliet,I do; and bear the shame most patiently.,943
Act II,Scene III,Duke Vincentio,"I'll teach you how you shall arraign your conscience,",944
Act II,Scene III,Duke Vincentio,"And try your penitence, if it be sound,",945
Act II,Scene III,Duke Vincentio,Or hollowly put on.,946
Act II,Scene III,Juliet,I'll gladly learn.,947
Act II,Scene III,Duke Vincentio,Love you the man that wrong'd you?,948
Act II,Scene III,Juliet,"Yes, as I love the woman that wrong'd him.",949
Act II,Scene III,Duke Vincentio,So then it seems your most offenceful act,950
Act II,Scene III,Duke Vincentio,Was mutually committed?,951
Act II,Scene III,Juliet,Mutually.,952
Act II,Scene III,Duke Vincentio,Then was your sin of heavier kind than his.,953
Act II,Scene III,Juliet,"I do confess it, and repent it, father.",954
Act II,Scene III,Duke Vincentio,"'Tis meet so, daughter: but lest you do repent,",955
Act II,Scene III,Duke Vincentio,"As that the sin hath brought you to this shame,",956
Act II,Scene III,Duke Vincentio,"Which sorrow is always towards ourselves, not heaven,",957
Act II,Scene III,Duke Vincentio,"Showing we would not spare heaven as we love it,",958
Act II,Scene III,Duke Vincentio,"But as we stand in fear,--",959
Act II,Scene III,Juliet,"I do repent me, as it is an evil,",960
Act II,Scene III,Juliet,And take the shame with joy.,961
Act II,Scene III,Duke Vincentio,There rest.,962
Act II,Scene III,Duke Vincentio,"Your partner, as I hear, must die to-morrow,",963
Act II,Scene III,Duke Vincentio,And I am going with instruction to him.,964
Act II,Scene III,Duke Vincentio,"Grace go with you, Benedicite!",965
Act II,Scene III,[stage direction],Exit,NA
Act II,Scene III,Juliet,"Must die to-morrow! O injurious love,",966
Act II,Scene III,Juliet,"That respites me a life, whose very comfort",967
Act II,Scene III,Juliet,Is still a dying horror!,968
Act II,Scene III,Provost,'Tis pity of him.,969
Act II,Scene III,[stage direction],Exeunt,NA
Act II,Scene IV,[stage direction],Enter ANGELO,NA
Act II,Scene IV,Angelo,"When I would pray and think, I think and pray",970
Act II,Scene IV,Angelo,To several subjects. Heaven hath my empty words;,971
Act II,Scene IV,Angelo,"Whilst my invention, hearing not my tongue,",972
Act II,Scene IV,Angelo,"Anchors on Isabel: Heaven in my mouth,",973
Act II,Scene IV,Angelo,As if I did but only chew his name;,974
Act II,Scene IV,Angelo,And in my heart the strong and swelling evil,975
Act II,Scene IV,Angelo,"Of my conception. The state, whereon I studied",976
Act II,Scene IV,Angelo,"Is like a good thing, being often read,",977
Act II,Scene IV,Angelo,"Grown fear'd and tedious; yea, my gravity,",978
Act II,Scene IV,Angelo,"Wherein--let no man hear me--I take pride,",979
Act II,Scene IV,Angelo,"Could I with boot change for an idle plume,",980
Act II,Scene IV,Angelo,"Which the air beats for vain. O place, O form,",981
Act II,Scene IV,Angelo,"How often dost thou with thy case, thy habit,",982
Act II,Scene IV,Angelo,Wrench awe from fools and tie the wiser souls,983
Act II,Scene IV,Angelo,"To thy false seeming! Blood, thou art blood:",984
Act II,Scene IV,Angelo,Let's write good angel on the devil's horn:,985
Act II,Scene IV,Angelo,'Tis not the devil's crest.,986
Act II,Scene IV,[stage direction],Enter a Servant,NA
Act II,Scene IV,Angelo,How now! who's there?,987
Act II,Scene IV,Servant,"One Isabel, a sister, desires access to you.",988
Act II,Scene IV,Angelo,Teach her the way.,989
Act II,Scene IV,[stage direction],Exit Servant,NA
Act II,Scene IV,Angelo,O heavens!,990
Act II,Scene IV,Angelo,"Why does my blood thus muster to my heart,",991
Act II,Scene IV,Angelo,"Making both it unable for itself,",992
Act II,Scene IV,Angelo,And dispossessing all my other parts,993
Act II,Scene IV,Angelo,Of necessary fitness?,994
Act II,Scene IV,Angelo,So play the foolish throngs with one that swoons;,995
Act II,Scene IV,Angelo,"Come all to help him, and so stop the air",996
Act II,Scene IV,Angelo,By which he should revive: and even so,997
Act II,Scene IV,Angelo,"The general, subject to a well-wish'd king,",998
Act II,Scene IV,Angelo,"Quit their own part, and in obsequious fondness",999
Act II,Scene IV,Angelo,"Crowd to his presence, where their untaught love",1000
Act II,Scene IV,Angelo,Must needs appear offence.,1001
Act II,Scene IV,[stage direction],Enter ISABELLA,NA
Act II,Scene IV,Angelo,"How now, fair maid?",1002
Act II,Scene IV,Isabella,I am come to know your pleasure.,1003
Act II,Scene IV,Angelo,"That you might know it, would much better please me",1004
Act II,Scene IV,Angelo,Than to demand what 'tis. Your brother cannot live.,1005
Act II,Scene IV,Isabella,Even so. Heaven keep your honour!,1006
Act II,Scene IV,Angelo,"Yet may he live awhile; and, it may be,",1007
Act II,Scene IV,As Long As You Or I,yet he must die.,1008
Act II,Scene IV,Isabella,Under your sentence?,1009
Act II,Scene IV,Angelo,Yea.,1010
Act II,Scene IV,Isabella,"When, I beseech you? that in his reprieve,",1011
Act II,Scene IV,Isabella,"Longer or shorter, he may be so fitted",1012
Act II,Scene IV,Isabella,That his soul sicken not.,1013
Act II,Scene IV,Angelo,"Ha! fie, these filthy vices! It were as good",1014
Act II,Scene IV,Angelo,To pardon him that hath from nature stolen,1015
Act II,Scene IV,Angelo,"A man already made, as to remit",1016
Act II,Scene IV,Angelo,Their saucy sweetness that do coin heaven's image,1017
Act II,Scene IV,Angelo,In stamps that are forbid: 'tis all as easy,1018
Act II,Scene IV,Angelo,Falsely to take away a life true made,1019
Act II,Scene IV,Angelo,As to put metal in restrained means,1020
Act II,Scene IV,Angelo,To make a false one.,1021
Act II,Scene IV,Isabella,"'Tis set down so in heaven, but not in earth.",1022
Act II,Scene IV,Angelo,Say you so? then I shall pose you quickly.,1023
Act II,Scene IV,Angelo,"Which had you rather, that the most just law",1024
Act II,Scene IV,Angelo,"Now took your brother's life; or, to redeem him,",1025
Act II,Scene IV,Angelo,Give up your body to such sweet uncleanness,1026
Act II,Scene IV,Angelo,As she that he hath stain'd?,1027
Act II,Scene IV,Isabella,"Sir, believe this,",1028
Act II,Scene IV,Isabella,I had rather give my body than my soul.,1029
Act II,Scene IV,Angelo,I talk not of your soul: our compell'd sins,1030
Act II,Scene IV,Angelo,Stand more for number than for accompt.,1031
Act II,Scene IV,Isabella,How say you?,1032
Act II,Scene IV,Angelo,"Nay, I'll not warrant that; for I can speak",1033
Act II,Scene IV,Angelo,Against the thing I say. Answer to this:,1034
Act II,Scene IV,Angelo,"I, now the voice of the recorded law,",1035
Act II,Scene IV,Angelo,Pronounce a sentence on your brother's life:,1036
Act II,Scene IV,Angelo,Might there not be a charity in sin,1037
Act II,Scene IV,Angelo,To save this brother's life?,1038
Act II,Scene IV,Isabella,"Please you to do't,",1039
Act II,Scene IV,Isabella,"I'll take it as a peril to my soul,",1040
Act II,Scene IV,Isabella,"It is no sin at all, but charity.",1041
Act II,Scene IV,Angelo,"Pleased you to do't at peril of your soul,",1042
Act II,Scene IV,Angelo,Were equal poise of sin and charity.,1043
Act II,Scene IV,Isabella,"That I do beg his life, if it be sin,",1044
Act II,Scene IV,Isabella,"Heaven let me bear it! you granting of my suit,",1045
Act II,Scene IV,Isabella,"If that be sin, I'll make it my morn prayer",1046
Act II,Scene IV,Isabella,"To have it added to the faults of mine,",1047
Act II,Scene IV,Isabella,And nothing of your answer.,1048
Act II,Scene IV,Angelo,"Nay, but hear me.",1049
Act II,Scene IV,Angelo,"Your sense pursues not mine: either you are ignorant,",1050
Act II,Scene IV,Angelo,Or seem so craftily; and that's not good.,1051
Act II,Scene IV,Isabella,"Let me be ignorant, and in nothing good,",1052
Act II,Scene IV,Isabella,But graciously to know I am no better.,1053
Act II,Scene IV,Angelo,Thus wisdom wishes to appear most bright,1054
Act II,Scene IV,Angelo,When it doth tax itself; as these black masks,1055
Act II,Scene IV,Angelo,Proclaim an enshield beauty ten times louder,1056
Act II,Scene IV,Angelo,"Than beauty could, display'd. But mark me;",1057
Act II,Scene IV,Angelo,"To be received plain, I'll speak more gross:",1058
Act II,Scene IV,Angelo,Your brother is to die.,1059
Act II,Scene IV,Isabella,So.,1060
Act II,Scene IV,Angelo,"And his offence is so, as it appears,",1061
Act II,Scene IV,Angelo,Accountant to the law upon that pain.,1062
Act II,Scene IV,Isabella,True.,1063
Act II,Scene IV,Angelo,"Admit no other way to save his life,--",1064
Act II,Scene IV,Angelo,"As I subscribe not that, nor any other,",1065
Act II,Scene IV,Angelo,"But in the loss of question,--that you, his sister,",1066
Act II,Scene IV,Angelo,"Finding yourself desired of such a person,",1067
Act II,Scene IV,Angelo,"Whose credit with the judge, or own great place,",1068
Act II,Scene IV,Angelo,Could fetch your brother from the manacles,1069
Act II,Scene IV,Angelo,Of the all-building law; and that there were,1070
Act II,Scene IV,Angelo,"No earthly mean to save him, but that either",1071
Act II,Scene IV,Angelo,You must lay down the treasures of your body,1072
Act II,Scene IV,Angelo,"To this supposed, or else to let him suffer;",1073
Act II,Scene IV,Angelo,What would you do?,1074
Act II,Scene IV,Isabella,As much for my poor brother as myself:,1075
Act II,Scene IV,Isabella,"That is, were I under the terms of death,",1076
Act II,Scene IV,Isabella,"The impression of keen whips I'ld wear as rubies,",1077
Act II,Scene IV,Isabella,"And strip myself to death, as to a bed",1078
Act II,Scene IV,Isabella,"That longing have been sick for, ere I'ld yield",1079
Act II,Scene IV,Isabella,My body up to shame.,1080
Act II,Scene IV,Angelo,Then must your brother die.,1081
Act II,Scene IV,Isabella,And 'twere the cheaper way:,1082
Act II,Scene IV,Isabella,"Better it were a brother died at once,",1083
Act II,Scene IV,Isabella,"Than that a sister, by redeeming him,",1084
Act II,Scene IV,Isabella,Should die for ever.,1085
Act II,Scene IV,Angelo,Were not you then as cruel as the sentence,1086
Act II,Scene IV,Angelo,That you have slander'd so?,1087
Act II,Scene IV,Isabella,Ignomy in ransom and free pardon,1088
Act II,Scene IV,Isabella,Are of two houses: lawful mercy,1089
Act II,Scene IV,Isabella,Is nothing kin to foul redemption.,1090
Act II,Scene IV,Angelo,You seem'd of late to make the law a tyrant;,1091
Act II,Scene IV,Angelo,And rather proved the sliding of your brother,1092
Act II,Scene IV,Angelo,A merriment than a vice.,1093
Act II,Scene IV,Isabella,"O, pardon me, my lord; it oft falls out,",1094
Act II,Scene IV,Isabella,"To have what we would have, we speak not what we mean:",1095
Act II,Scene IV,Isabella,"I something do excuse the thing I hate,",1096
Act II,Scene IV,Isabella,For his advantage that I dearly love.,1097
Act II,Scene IV,Angelo,We are all frail.,1098
Act II,Scene IV,Isabella,"Else let my brother die,",1099
Act II,Scene IV,Isabella,"If not a feodary, but only he",1100
Act II,Scene IV,Isabella,Owe and succeed thy weakness.,1101
Act II,Scene IV,Angelo,"Nay, women are frail too.",1102
Act II,Scene IV,Isabella,"Ay, as the glasses where they view themselves;",1103
Act II,Scene IV,Isabella,Which are as easy broke as they make forms.,1104
Act II,Scene IV,Isabella,Women! Help Heaven! men their creation mar,1105
Act II,Scene IV,Isabella,"In profiting by them. Nay, call us ten times frail;",1106
Act II,Scene IV,Isabella,"For we are soft as our complexions are,",1107
Act II,Scene IV,Isabella,And credulous to false prints.,1108
Act II,Scene IV,Angelo,I think it well:,1109
Act II,Scene IV,Angelo,"And from this testimony of your own sex,--",1110
Act II,Scene IV,Angelo,Since I suppose we are made to be no stronger,1111
Act II,Scene IV,Angelo,"Than faults may shake our frames,--let me be bold;",1112
Act II,Scene IV,Angelo,"I do arrest your words. Be that you are,",1113
Act II,Scene IV,Angelo,"That is, a woman; if you be more, you're none;",1114
Act II,Scene IV,Angelo,"If you be one, as you are well express'd",1115
Act II,Scene IV,Angelo,"By all external warrants, show it now,",1116
Act II,Scene IV,Angelo,By putting on the destined livery.,1117
Act II,Scene IV,Isabella,"I have no tongue but one: gentle my lord,",1118
Act II,Scene IV,Isabella,Let me entreat you speak the former language.,1119
Act II,Scene IV,Angelo,"Plainly conceive, I love you.",1120
Act II,Scene IV,Isabella,"My brother did love Juliet,",1121
Act II,Scene IV,Isabella,And you tell me that he shall die for it.,1122
Act II,Scene IV,Angelo,"He shall not, Isabel, if you give me love.",1123
Act II,Scene IV,Isabella,"I know your virtue hath a licence in't,",1124
Act II,Scene IV,Isabella,"Which seems a little fouler than it is,",1125
Act II,Scene IV,Isabella,To pluck on others.,1126
Act II,Scene IV,Angelo,"Believe me, on mine honour,",1127
Act II,Scene IV,Angelo,My words express my purpose.,1128
Act II,Scene IV,Isabella,"Ha! little honour to be much believed,",1129
Act II,Scene IV,Isabella,"And most pernicious purpose! Seeming, seeming!",1130
Act II,Scene IV,Isabella,"I will proclaim thee, Angelo; look for't:",1131
Act II,Scene IV,Isabella,"Sign me a present pardon for my brother,",1132
Act II,Scene IV,Isabella,Or with an outstretch'd throat I'll tell the world aloud,1133
Act II,Scene IV,Isabella,What man thou art.,1134
Act II,Scene IV,Angelo,"Who will believe thee, Isabel?",1135
Act II,Scene IV,Angelo,"My unsoil'd name, the austereness of my life,",1136
Act II,Scene IV,Angelo,"My vouch against you, and my place i' the state,",1137
Act II,Scene IV,Angelo,"Will so your accusation overweigh,",1138
Act II,Scene IV,Angelo,That you shall stifle in your own report,1139
Act II,Scene IV,Angelo,"And smell of calumny. I have begun,",1140
Act II,Scene IV,Angelo,And now I give my sensual race the rein:,1141
Act II,Scene IV,Angelo,Fit thy consent to my sharp appetite;,1142
Act II,Scene IV,Angelo,"Lay by all nicety and prolixious blushes,",1143
Act II,Scene IV,Angelo,That banish what they sue for; redeem thy brother,1144
Act II,Scene IV,Angelo,By yielding up thy body to my will;,1145
Act II,Scene IV,Angelo,"Or else he must not only die the death,",1146
Act II,Scene IV,Angelo,But thy unkindness shall his death draw out,1147
Act II,Scene IV,Angelo,"To lingering sufferance. Answer me to-morrow,",1148
Act II,Scene IV,Angelo,"Or, by the affection that now guides me most,",1149
Act II,Scene IV,Angelo,"I'll prove a tyrant to him. As for you,",1150
Act II,Scene IV,Angelo,"Say what you can, my false o'erweighs your true.",1151
Act II,Scene IV,[stage direction],Exit,NA
Act II,Scene IV,Isabella,"To whom should I complain? Did I tell this,",1152
Act II,Scene IV,Isabella,"Who would believe me? O perilous mouths,",1153
Act II,Scene IV,Isabella,"That bear in them one and the self-same tongue,",1154
Act II,Scene IV,Isabella,Either of condemnation or approof;,1155
Act II,Scene IV,Isabella,Bidding the law make court'sy to their will:,1156
Act II,Scene IV,Isabella,"Hooking both right and wrong to the appetite,",1157
Act II,Scene IV,Isabella,To follow as it draws! I'll to my brother:,1158
Act II,Scene IV,Isabella,"Though he hath fallen by prompture of the blood,",1159
Act II,Scene IV,Isabella,Yet hath he in him such a mind of honour.,1160
Act II,Scene IV,Isabella,"That, had he twenty heads to tender down",1161
Act II,Scene IV,Isabella,"On twenty bloody blocks, he'ld yield them up,",1162
Act II,Scene IV,Isabella,Before his sister should her body stoop,1163
Act II,Scene IV,Isabella,To such abhorr'd pollution.,1164
Act II,Scene IV,Isabella,"Then, Isabel, live chaste, and, brother, die:",1165
Act II,Scene IV,Isabella,More than our brother is our chastity.,1166
Act II,Scene IV,Isabella,"I'll tell him yet of Angelo's request,",1167
Act II,Scene IV,Isabella,"And fit his mind to death, for his soul's rest.",1168
Act II,Scene IV,[stage direction],Exit,NA
Act III,Scene I,[stage direction],"Enter DUKE VINCENTIO disguised as before, CLAUDIO, and Provost",NA
Act III,Scene I,Duke Vincentio,So then you hope of pardon from Lord Angelo?,1169
Act III,Scene I,Claudio,The miserable have no other medicine,1170
Act III,Scene I,Claudio,But only hope:,1171
Act III,Scene I,Claudio,"I've hope to live, and am prepared to die.",1172
Act III,Scene I,Duke Vincentio,Be absolute for death; either death or life,1173
Act III,Scene I,Duke Vincentio,Shall thereby be the sweeter. Reason thus with life:,1174
Act III,Scene I,Duke Vincentio,"If I do lose thee, I do lose a thing",1175
Act III,Scene I,Duke Vincentio,"That none but fools would keep: a breath thou art,",1176
Act III,Scene I,Duke Vincentio,"Servile to all the skyey influences,",1177
Act III,Scene I,Duke Vincentio,"That dost this habitation, where thou keep'st,",1178
Act III,Scene I,Duke Vincentio,"Hourly afflict: merely, thou art death's fool;",1179
Act III,Scene I,Duke Vincentio,For him thou labour'st by thy flight to shun,1180
Act III,Scene I,Duke Vincentio,And yet runn'st toward him still. Thou art not noble;,1181
Act III,Scene I,Duke Vincentio,For all the accommodations that thou bear'st,1182
Act III,Scene I,Duke Vincentio,Are nursed by baseness. Thou'rt by no means valiant;,1183
Act III,Scene I,Duke Vincentio,For thou dost fear the soft and tender fork,1184
Act III,Scene I,Duke Vincentio,"Of a poor worm. Thy best of rest is sleep,",1185
Act III,Scene I,Duke Vincentio,And that thou oft provokest; yet grossly fear'st,1186
Act III,Scene I,Duke Vincentio,"Thy death, which is no more. Thou art not thyself;",1187
Act III,Scene I,Duke Vincentio,For thou exist'st on many a thousand grains,1188
Act III,Scene I,Duke Vincentio,That issue out of dust. Happy thou art not;,1189
Act III,Scene I,Duke Vincentio,"For what thou hast not, still thou strivest to get,",1190
Act III,Scene I,Duke Vincentio,"And what thou hast, forget'st. Thou art not certain;",1191
Act III,Scene I,Duke Vincentio,"For thy complexion shifts to strange effects,",1192
Act III,Scene I,Duke Vincentio,"After the moon. If thou art rich, thou'rt poor;",1193
Act III,Scene I,Duke Vincentio,"For, like an ass whose back with ingots bows,",1194
Act III,Scene I,Duke Vincentio,"Thou bear's thy heavy riches but a journey,",1195
Act III,Scene I,Duke Vincentio,And death unloads thee. Friend hast thou none;,1196
Act III,Scene I,Duke Vincentio,"For thine own bowels, which do call thee sire,",1197
Act III,Scene I,Duke Vincentio,"The mere effusion of thy proper loins,",1198
Act III,Scene I,Duke Vincentio,"Do curse the gout, serpigo, and the rheum,",1199
Act III,Scene I,Duke Vincentio,"For ending thee no sooner. Thou hast nor youth nor age,",1200
Act III,Scene I,Duke Vincentio,"But, as it were, an after-dinner's sleep,",1201
Act III,Scene I,Duke Vincentio,Dreaming on both; for all thy blessed youth,1202
Act III,Scene I,Duke Vincentio,"Becomes as aged, and doth beg the alms",1203
Act III,Scene I,Duke Vincentio,"Of palsied eld; and when thou art old and rich,",1204
Act III,Scene I,Duke Vincentio,"Thou hast neither heat, affection, limb, nor beauty,",1205
Act III,Scene I,Duke Vincentio,To make thy riches pleasant. What's yet in this,1206
Act III,Scene I,Duke Vincentio,That bears the name of life? Yet in this life,1207
Act III,Scene I,Duke Vincentio,"Lie hid moe thousand deaths: yet death we fear,",1208
Act III,Scene I,Duke Vincentio,That makes these odds all even.,1209
Act III,Scene I,Claudio,I humbly thank you.,1210
Act III,Scene I,Claudio,"To sue to live, I find I seek to die;",1211
Act III,Scene I,Claudio,"And, seeking death, find life: let it come on.",1212
Act III,Scene I,Isabella,"[Within]  What, ho! Peace here; grace and good company!",1213
Act III,Scene I,Provost,Who's there? come in: the wish deserves a welcome.,1214
Act III,Scene I,Duke Vincentio,"Dear sir, ere long I'll visit you again.",1215
Act III,Scene I,Claudio,"Most holy sir, I thank you.",1216
Act III,Scene I,[stage direction],Enter ISABELLA,NA
Act III,Scene I,Isabella,My business is a word or two with Claudio.,1217
Act III,Scene I,Provost,"And very welcome. Look, signior, here's your sister.",1218
Act III,Scene I,Duke Vincentio,"Provost, a word with you.",1219
Act III,Scene I,Provost,As many as you please.,1220
Act III,Scene I,Duke Vincentio,"Bring me to hear them speak, where I may be concealed.",1221
Act III,Scene I,[stage direction],Exeunt DUKE VINCENTIO and Provost,NA
Act III,Scene I,Claudio,"Now, sister, what's the comfort?",1222
Act III,Scene I,Isabella,"Why,",1223
Act III,Scene I,Isabella,"As all comforts are; most good, most good indeed.",1224
Act III,Scene I,Isabella,"Lord Angelo, having affairs to heaven,",1225
Act III,Scene I,Isabella,"Intends you for his swift ambassador,",1226
Act III,Scene I,Isabella,Where you shall be an everlasting leiger:,1227
Act III,Scene I,Isabella,Therefore your best appointment make with speed;,1228
Act III,Scene I,Isabella,To-morrow you set on.,1229
Act III,Scene I,Claudio,Is there no remedy?,1230
Act III,Scene I,Isabella,"None, but such remedy as, to save a head,",1231
Act III,Scene I,Isabella,To cleave a heart in twain.,1232
Act III,Scene I,Claudio,But is there any?,1233
Act III,Scene I,Isabella,"Yes, brother, you may live:",1234
Act III,Scene I,Isabella,"There is a devilish mercy in the judge,",1235
Act III,Scene I,Isabella,"If you'll implore it, that will free your life,",1236
Act III,Scene I,Isabella,But fetter you till death.,1237
Act III,Scene I,Claudio,Perpetual durance?,1238
Act III,Scene I,Isabella,"Ay, just; perpetual durance, a restraint,",1239
Act III,Scene I,Isabella,"Though all the world's vastidity you had,",1240
Act III,Scene I,Isabella,To a determined scope.,1241
Act III,Scene I,Claudio,But in what nature?,1242
Act III,Scene I,Isabella,"In such a one as, you consenting to't,",1243
Act III,Scene I,Isabella,"Would bark your honour from that trunk you bear,",1244
Act III,Scene I,Isabella,And leave you naked.,1245
Act III,Scene I,Claudio,Let me know the point.,1246
Act III,Scene I,Isabella,"O, I do fear thee, Claudio; and I quake,",1247
Act III,Scene I,Isabella,"Lest thou a feverous life shouldst entertain,",1248
Act III,Scene I,Isabella,And six or seven winters more respect,1249
Act III,Scene I,Isabella,Than a perpetual honour. Darest thou die?,1250
Act III,Scene I,Isabella,The sense of death is most in apprehension;,1251
Act III,Scene I,Isabella,"And the poor beetle, that we tread upon,",1252
Act III,Scene I,Isabella,In corporal sufferance finds a pang as great,1253
Act III,Scene I,Isabella,As when a giant dies.,1254
Act III,Scene I,Claudio,Why give you me this shame?,1255
Act III,Scene I,Claudio,Think you I can a resolution fetch,1256
Act III,Scene I,Claudio,"From flowery tenderness? If I must die,",1257
Act III,Scene I,Claudio,"I will encounter darkness as a bride,",1258
Act III,Scene I,Claudio,And hug it in mine arms.,1259
Act III,Scene I,Isabella,There spake my brother; there my father's grave,1260
Act III,Scene I,Isabella,"Did utter forth a voice. Yes, thou must die:",1261
Act III,Scene I,Isabella,Thou art too noble to conserve a life,1262
Act III,Scene I,Isabella,"In base appliances. This outward-sainted deputy,",1263
Act III,Scene I,Isabella,Whose settled visage and deliberate word,1264
Act III,Scene I,Isabella,Nips youth i' the head and follies doth emmew,1265
Act III,Scene I,Isabella,"As falcon doth the fowl, is yet a devil",1266
Act III,Scene I,Isabella,"His filth within being cast, he would appear",1267
Act III,Scene I,Isabella,A pond as deep as hell.,1268
Act III,Scene I,Claudio,The prenzie Angelo!,1269
Act III,Scene I,Isabella,"O, 'tis the cunning livery of hell,",1270
Act III,Scene I,Isabella,The damned'st body to invest and cover,1271
Act III,Scene I,Isabella,"In prenzie guards! Dost thou think, Claudio?",1272
Act III,Scene I,Isabella,"If I would yield him my virginity,",1273
Act III,Scene I,Isabella,Thou mightst be freed.,1274
Act III,Scene I,Claudio,O heavens! it cannot be.,1275
Act III,Scene I,Isabella,"Yes, he would give't thee, from this rank offence,",1276
Act III,Scene I,Isabella,So to offend him still. This night's the time,1277
Act III,Scene I,Isabella,"That I should do what I abhor to name,",1278
Act III,Scene I,Isabella,Or else thou diest to-morrow.,1279
Act III,Scene I,Claudio,Thou shalt not do't.,1280
Act III,Scene I,Isabella,"O, were it but my life,",1281
Act III,Scene I,Isabella,I'ld throw it down for your deliverance,1282
Act III,Scene I,Isabella,As frankly as a pin.,1283
Act III,Scene I,Claudio,"Thanks, dear Isabel.",1284
Act III,Scene I,Isabella,"Be ready, Claudio, for your death tomorrow.",1285
Act III,Scene I,Claudio,"Yes. Has he affections in him,",1286
Act III,Scene I,Claudio,"That thus can make him bite the law by the nose,",1287
Act III,Scene I,Claudio,"When he would force it? Sure, it is no sin,",1288
Act III,Scene I,Claudio,"Or of the deadly seven, it is the least.",1289
Act III,Scene I,Isabella,Which is the least?,1290
Act III,Scene I,Claudio,"If it were damnable, he being so wise,",1291
Act III,Scene I,Claudio,Why would he for the momentary trick,1292
Act III,Scene I,Claudio,Be perdurably fined? O Isabel!,1293
Act III,Scene I,Isabella,What says my brother?,1294
Act III,Scene I,Claudio,Death is a fearful thing.,1295
Act III,Scene I,Isabella,And shamed life a hateful.,1296
Act III,Scene I,Claudio,"Ay, but to die, and go we know not where;",1297
Act III,Scene I,Claudio,To lie in cold obstruction and to rot;,1298
Act III,Scene I,Claudio,This sensible warm motion to become,1299
Act III,Scene I,Claudio,A kneaded clod; and the delighted spirit,1300
Act III,Scene I,Claudio,"To bathe in fiery floods, or to reside",1301
Act III,Scene I,Claudio,In thrilling region of thick-ribbed ice;,1302
Act III,Scene I,Claudio,"To be imprison'd in the viewless winds,",1303
Act III,Scene I,Claudio,And blown with restless violence round about,1304
Act III,Scene I,Claudio,The pendent world; or to be worse than worst,1305
Act III,Scene I,Claudio,Of those that lawless and incertain thought,1306
Act III,Scene I,Claudio,Imagine howling: 'tis too horrible!,1307
Act III,Scene I,Claudio,The weariest and most loathed worldly life,1308
Act III,Scene I,Claudio,"That age, ache, penury and imprisonment",1309
Act III,Scene I,Claudio,Can lay on nature is a paradise,1310
Act III,Scene I,Claudio,To what we fear of death.,1311
Act III,Scene I,Isabella,"Alas, alas!",1312
Act III,Scene I,Claudio,"Sweet sister, let me live:",1313
Act III,Scene I,Claudio,"What sin you do to save a brother's life,",1314
Act III,Scene I,Claudio,Nature dispenses with the deed so far,1315
Act III,Scene I,Claudio,That it becomes a virtue.,1316
Act III,Scene I,Isabella,O you beast!,1317
Act III,Scene I,Isabella,O faithless coward! O dishonest wretch!,1318
Act III,Scene I,Isabella,Wilt thou be made a man out of my vice?,1319
Act III,Scene I,Isabella,"Is't not a kind of incest, to take life",1320
Act III,Scene I,Isabella,From thine own sister's shame? What should I think?,1321
Act III,Scene I,Isabella,Heaven shield my mother play'd my father fair!,1322
Act III,Scene I,Isabella,For such a warped slip of wilderness,1323
Act III,Scene I,Isabella,Ne'er issued from his blood. Take my defiance!,1324
Act III,Scene I,Isabella,"Die, perish! Might but my bending down",1325
Act III,Scene I,Isabella,"Reprieve thee from thy fate, it should proceed:",1326
Act III,Scene I,Isabella,"I'll pray a thousand prayers for thy death,",1327
Act III,Scene I,Isabella,No word to save thee.,1328
Act III,Scene I,Claudio,"Nay, hear me, Isabel.",1329
Act III,Scene I,Isabella,"O, fie, fie, fie!",1330
Act III,Scene I,Isabella,"Thy sin's not accidental, but a trade.",1331
Act III,Scene I,Isabella,Mercy to thee would prove itself a bawd:,1332
Act III,Scene I,Isabella,'Tis best thou diest quickly.,1333
Act III,Scene I,Claudio,"O hear me, Isabella!",1334
Act III,Scene I,[stage direction],Re-enter DUKE VINCENTIO,NA
Act III,Scene I,Duke Vincentio,"Vouchsafe a word, young sister, but one word.",1335
Act III,Scene I,Isabella,What is your will?,1336
Act III,Scene I,Duke Vincentio,"Might you dispense with your leisure, I would by and",1337
Act III,Scene I,Duke Vincentio,by have some speech with you: the satisfaction I,1338
Act III,Scene I,Duke Vincentio,would require is likewise your own benefit.,1339
Act III,Scene I,Isabella,I have no superfluous leisure; my stay must be,1340
Act III,Scene I,Isabella,stolen out of other affairs; but I will attend you awhile.,1341
Act III,Scene I,[stage direction],Walks apart,NA
Act III,Scene I,Duke Vincentio,"Son, I have overheard what hath passed between you",1342
Act III,Scene I,Duke Vincentio,and your sister. Angelo had never the purpose to,1343
Act III,Scene I,Duke Vincentio,corrupt her; only he hath made an essay of her,1344
Act III,Scene I,Duke Vincentio,virtue to practise his judgment with the disposition,1345
Act III,Scene I,Duke Vincentio,"of natures: she, having the truth of honour in her,",1346
Act III,Scene I,Duke Vincentio,hath made him that gracious denial which he is most,1347
Act III,Scene I,Duke Vincentio,"glad to receive. I am confessor to Angelo, and I",1348
Act III,Scene I,Duke Vincentio,know this to be true; therefore prepare yourself to,1349
Act III,Scene I,Duke Vincentio,death: do not satisfy your resolution with hopes,1350
Act III,Scene I,Duke Vincentio,that are fallible: tomorrow you must die; go to,1351
Act III,Scene I,Duke Vincentio,your knees and make ready.,1352
Act III,Scene I,Claudio,Let me ask my sister pardon. I am so out of love,1353
Act III,Scene I,Claudio,with life that I will sue to be rid of it.,1354
Act III,Scene I,Duke Vincentio,Hold you there: farewell.,1355
Act III,Scene I,[stage direction],Exit CLAUDIO,NA
Act III,Scene I,Duke Vincentio,"Provost, a word with you!",1356
Act III,Scene I,[stage direction],Re-enter Provost,NA
Act III,Scene I,Provost,"What's your will, father",1357
Act III,Scene I,Duke Vincentio,"That now you are come, you will be gone. Leave me",1358
Act III,Scene I,Duke Vincentio,awhile with the maid: my mind promises with my,1359
Act III,Scene I,Duke Vincentio,habit no loss shall touch her by my company.,1360
Act III,Scene I,Provost,In good time.,1361
Act III,Scene I,[stage direction],Exit Provost. ISABELLA comes forward,NA
Act III,Scene I,Duke Vincentio,The hand that hath made you fair hath made you good:,1362
Act III,Scene I,Duke Vincentio,the goodness that is cheap in beauty makes beauty,1363
Act III,Scene I,Duke Vincentio,"brief in goodness; but grace, being the soul of",1364
Act III,Scene I,Duke Vincentio,"your complexion, shall keep the body of it ever",1365
Act III,Scene I,Duke Vincentio,"fair. The assault that Angelo hath made to you,",1366
Act III,Scene I,Duke Vincentio,"fortune hath conveyed to my understanding; and, but",1367
Act III,Scene I,Duke Vincentio,"that frailty hath examples for his falling, I should",1368
Act III,Scene I,Duke Vincentio,wonder at Angelo. How will you do to content this,1369
Act III,Scene I,Duke Vincentio,"substitute, and to save your brother?",1370
Act III,Scene I,Isabella,I am now going to resolve him: I had rather my,1371
Act III,Scene I,Isabella,brother die by the law than my son should be,1372
Act III,Scene I,Isabella,"unlawfully born. But, O, how much is the good duke",1373
Act III,Scene I,Isabella,deceived in Angelo! If ever he return and I can,1374
Act III,Scene I,Isabella,"speak to him, I will open my lips in vain, or",1375
Act III,Scene I,Isabella,discover his government.,1376
Act III,Scene I,Duke Vincentio,"That shall not be much amiss: Yet, as the matter",1377
Act III,Scene I,Duke Vincentio,"now stands, he will avoid your accusation; he made",1378
Act III,Scene I,Duke Vincentio,trial of you only. Therefore fasten your ear on my,1379
Act III,Scene I,Duke Vincentio,advisings: to the love I have in doing good a,1380
Act III,Scene I,Duke Vincentio,remedy presents itself. I do make myself believe,1381
Act III,Scene I,Duke Vincentio,that you may most uprighteously do a poor wronged,1382
Act III,Scene I,Duke Vincentio,lady a merited benefit; redeem your brother from,1383
Act III,Scene I,Duke Vincentio,the angry law; do no stain to your own gracious,1384
Act III,Scene I,Duke Vincentio,"person; and much please the absent duke, if",1385
Act III,Scene I,Duke Vincentio,peradventure he shall ever return to have hearing of,1386
Act III,Scene I,Duke Vincentio,this business.,1387
Act III,Scene I,Isabella,Let me hear you speak farther. I have spirit to do,1388
Act III,Scene I,Isabella,anything that appears not foul in the truth of my spirit.,1389
Act III,Scene I,Duke Vincentio,"Virtue is bold, and goodness never fearful. Have",1390
Act III,Scene I,Duke Vincentio,"you not heard speak of Mariana, the sister of",1391
Act III,Scene I,Duke Vincentio,Frederick the great soldier who miscarried at sea?,1392
Act III,Scene I,Isabella,"I have heard of the lady, and good words went with her name.",1393
Act III,Scene I,Duke Vincentio,She should this Angelo have married; was affianced,1394
Act III,Scene I,Duke Vincentio,"to her by oath, and the nuptial appointed: between",1395
Act III,Scene I,Duke Vincentio,which time of the contract and limit of the,1396
Act III,Scene I,Duke Vincentio,"solemnity, her brother Frederick was wrecked at sea,",1397
Act III,Scene I,Duke Vincentio,having in that perished vessel the dowry of his,1398
Act III,Scene I,Duke Vincentio,sister. But mark how heavily this befell to the,1399
Act III,Scene I,Duke Vincentio,poor gentlewoman: there she lost a noble and,1400
Act III,Scene I,Duke Vincentio,"renowned brother, in his love toward her ever most",1401
Act III,Scene I,Duke Vincentio,"kind and natural; with him, the portion and sinew of",1402
Act III,Scene I,Duke Vincentio,"her fortune, her marriage-dowry; with both, her",1403
Act III,Scene I,Duke Vincentio,"combinate husband, this well-seeming Angelo.",1404
Act III,Scene I,Isabella,Can this be so? did Angelo so leave her?,1405
Act III,Scene I,Duke Vincentio,"Left her in her tears, and dried not one of them",1406
Act III,Scene I,Duke Vincentio,"with his comfort; swallowed his vows whole,",1407
Act III,Scene I,Duke Vincentio,"pretending in her discoveries of dishonour: in few,",1408
Act III,Scene I,Duke Vincentio,"bestowed her on her own lamentation, which she yet",1409
Act III,Scene I,Duke Vincentio,"wears for his sake; and he, a marble to her tears,",1410
Act III,Scene I,Duke Vincentio,"is washed with them, but relents not.",1411
Act III,Scene I,Isabella,What a merit were it in death to take this poor maid,1412
Act III,Scene I,Isabella,"from the world! What corruption in this life, that",1413
Act III,Scene I,Isabella,it will let this man live! But how out of this can she avail?,1414
Act III,Scene I,Duke Vincentio,It is a rupture that you may easily heal: and the,1415
Act III,Scene I,Duke Vincentio,"cure of it not only saves your brother, but keeps",1416
Act III,Scene I,Duke Vincentio,you from dishonour in doing it.,1417
Act III,Scene I,Isabella,"Show me how, good father.",1418
Act III,Scene I,Duke Vincentio,This forenamed maid hath yet in her the continuance,1419
Act III,Scene I,Duke Vincentio,"of her first affection: his unjust unkindness, that",1420
Act III,Scene I,Duke Vincentio,"in all reason should have quenched her love, hath,",1421
Act III,Scene I,Duke Vincentio,"like an impediment in the current, made it more",1422
Act III,Scene I,Duke Vincentio,violent and unruly. Go you to Angelo; answer his,1423
Act III,Scene I,Duke Vincentio,requiring with a plausible obedience; agree with,1424
Act III,Scene I,Duke Vincentio,his demands to the point; only refer yourself to,1425
Act III,Scene I,Duke Vincentio,"this advantage, first, that your stay with him may",1426
Act III,Scene I,Duke Vincentio,not be long; that the time may have all shadow and,1427
Act III,Scene I,Duke Vincentio,silence in it; and the place answer to convenience.,1428
Act III,Scene I,Duke Vincentio,"This being granted in course,--and now follows",1429
Act III,Scene I,Duke Vincentio,"all,--we shall advise this wronged maid to stead up",1430
Act III,Scene I,Duke Vincentio,"your appointment, go in your place; if the encounter",1431
Act III,Scene I,Duke Vincentio,"acknowledge itself hereafter, it may compel him to",1432
Act III,Scene I,Duke Vincentio,"her recompense: and here, by this, is your brother",1433
Act III,Scene I,Duke Vincentio,"saved, your honour untainted, the poor Mariana",1434
Act III,Scene I,Duke Vincentio,"advantaged, and the corrupt deputy scaled. The maid",1435
Act III,Scene I,Duke Vincentio,will I frame and make fit for his attempt. If you,1436
Act III,Scene I,Duke Vincentio,"think well to carry this as you may, the doubleness",1437
Act III,Scene I,Duke Vincentio,of the benefit defends the deceit from reproof.,1438
Act III,Scene I,Duke Vincentio,What think you of it?,1439
Act III,Scene I,Isabella,The image of it gives me content already; and I,1440
Act III,Scene I,Isabella,trust it will grow to a most prosperous perfection.,1441
Act III,Scene I,Duke Vincentio,It lies much in your holding up. Haste you speedily,1442
Act III,Scene I,Duke Vincentio,to Angelo: if for this night he entreat you to his,1443
Act III,Scene I,Duke Vincentio,"bed, give him promise of satisfaction. I will",1444
Act III,Scene I,Duke Vincentio,"presently to Saint Luke's: there, at the moated",1445
Act III,Scene I,Duke Vincentio,"grange, resides this dejected Mariana. At that",1446
Act III,Scene I,Duke Vincentio,"place call upon me; and dispatch with Angelo, that",1447
Act III,Scene I,Duke Vincentio,it may be quickly.,1448
Act III,Scene I,Isabella,"I thank you for this comfort. Fare you well, good father.",1449
Act III,Scene I,[stage direction],Exeunt severally,NA
Act III,Scene II,[stage direction],"Enter, on one side, DUKE VINCENTIO disguised as before; on the other, ELBOW, and Officers with POMPEY",NA
Act III,Scene II,Elbow,"Nay, if there be no remedy for it, but that you will",1450
Act III,Scene II,Elbow,"needs buy and sell men and women like beasts, we",1451
Act III,Scene II,Elbow,shall have all the world drink brown and white bastard.,1452
Act III,Scene II,Duke Vincentio,O heavens! what stuff is here,1453
Act III,Scene II,Pompey,"'Twas never merry world since, of two usuries, the",1454
Act III,Scene II,Pompey,"merriest was put down, and the worser allowed by",1455
Act III,Scene II,Pompey,order of law a furred gown to keep him warm; and,1456
Act III,Scene II,Pompey,"furred with fox and lamb-skins too, to signify, that",1457
Act III,Scene II,Pompey,"craft, being richer than innocency, stands for the facing.",1458
Act III,Scene II,Elbow,"Come your way, sir. 'Bless you, good father friar.",1459
Act III,Scene II,Duke Vincentio,"And you, good brother father. What offence hath",1460
Act III,Scene II,Duke Vincentio,"this man made you, sir?",1461
Act III,Scene II,Elbow,"Marry, sir, he hath offended the law: and, sir, we",1462
Act III,Scene II,Elbow,"take him to be a thief too, sir; for we have found",1463
Act III,Scene II,Elbow,"upon him, sir, a strange picklock, which we have",1464
Act III,Scene II,Elbow,sent to the deputy.,1465
Act III,Scene II,Duke Vincentio,"Fie, sirrah! a bawd, a wicked bawd!",1466
Act III,Scene II,Duke Vincentio,"The evil that thou causest to be done,",1467
Act III,Scene II,Duke Vincentio,That is thy means to live. Do thou but think,1468
Act III,Scene II,Duke Vincentio,What 'tis to cram a maw or clothe a back,1469
Act III,Scene II,Duke Vincentio,"From such a filthy vice: say to thyself,",1470
Act III,Scene II,Duke Vincentio,From their abominable and beastly touches,1471
Act III,Scene II,Duke Vincentio,"I drink, I eat, array myself, and live.",1472
Act III,Scene II,Duke Vincentio,"Canst thou believe thy living is a life,",1473
Act III,Scene II,Duke Vincentio,"So stinkingly depending? Go mend, go mend.",1474
Act III,Scene II,Pompey,"Indeed, it does stink in some sort, sir; but yet,",1475
Act III,Scene II,Pompey,"sir, I would prove--",1476
Act III,Scene II,Duke Vincentio,"Nay, if the devil have given thee proofs for sin,",1477
Act III,Scene II,Duke Vincentio,"Thou wilt prove his. Take him to prison, officer:",1478
Act III,Scene II,Duke Vincentio,Correction and instruction must both work,1479
Act III,Scene II,Duke Vincentio,Ere this rude beast will profit.,1480
Act III,Scene II,Elbow,"He must before the deputy, sir; he has given him",1481
Act III,Scene II,Elbow,warning: the deputy cannot abide a whoremaster: if,1482
Act III,Scene II,Elbow,"he be a whoremonger, and comes before him, he were",1483
Act III,Scene II,Elbow,as good go a mile on his errand.,1484
Act III,Scene II,Duke Vincentio,"That we were all, as some would seem to be,",1485
Act III,Scene II,Duke Vincentio,"From our faults, as faults from seeming, free!",1486
Act III,Scene II,Elbow,"His neck will come to your waist,--a cord, sir.",1487
Act III,Scene II,Pompey,I spy comfort; I cry bail. Here's a gentleman and a,1488
Act III,Scene II,Pompey,friend of mine.,1489
Act III,Scene II,[stage direction],Enter LUCIO,NA
Act III,Scene II,Lucio,"How now, noble Pompey! What, at the wheels of",1490
Act III,Scene II,Lucio,"Caesar? art thou led in triumph? What, is there",1491
Act III,Scene II,Lucio,"none of Pygmalion's images, newly made woman, to be",1492
Act III,Scene II,Lucio,"had now, for putting the hand in the pocket and",1493
Act III,Scene II,Lucio,"extracting it clutch'd? What reply, ha? What",1494
Act III,Scene II,Lucio,"sayest thou to this tune, matter and method? Is't",1495
Act III,Scene II,Lucio,"not drowned i' the last rain, ha? What sayest",1496
Act III,Scene II,Lucio,"thou, Trot? Is the world as it was, man? Which is",1497
Act III,Scene II,Lucio,"the way? Is it sad, and few words? or how? The",1498
Act III,Scene II,Lucio,trick of it?,1499
Act III,Scene II,Duke Vincentio,"Still thus, and thus; still worse!",1500
Act III,Scene II,Lucio,"How doth my dear morsel, thy mistress? Procures she",1501
Act III,Scene II,Lucio,"still, ha?",1502
Act III,Scene II,Pompey,"Troth, sir, she hath eaten up all her beef, and she",1503
Act III,Scene II,Pompey,is herself in the tub.,1504
Act III,Scene II,Lucio,"Why, 'tis good; it is the right of it; it must be",1505
Act III,Scene II,Lucio,so: ever your fresh whore and your powdered bawd:,1506
Act III,Scene II,Lucio,an unshunned consequence; it must be so. Art going,1507
Act III,Scene II,Lucio,"to prison, Pompey?",1508
Act III,Scene II,Pompey,"Yes, faith, sir.",1509
Act III,Scene II,Lucio,"Why, 'tis not amiss, Pompey. Farewell: go, say I",1510
Act III,Scene II,Lucio,"sent thee thither. For debt, Pompey? or how?",1511
Act III,Scene II,Elbow,"For being a bawd, for being a bawd.",1512
Act III,Scene II,Lucio,"Well, then, imprison him: if imprisonment be the",1513
Act III,Scene II,Lucio,"due of a bawd, why, 'tis his right: bawd is he",1514
Act III,Scene II,Lucio,"doubtless, and of antiquity too; bawd-born.",1515
Act III,Scene II,Lucio,"Farewell, good Pompey. Commend me to the prison,",1516
Act III,Scene II,Lucio,"Pompey: you will turn good husband now, Pompey; you",1517
Act III,Scene II,Lucio,will keep the house.,1518
Act III,Scene II,Pompey,"I hope, sir, your good worship will be my bail.",1519
Act III,Scene II,Lucio,"No, indeed, will I not, Pompey; it is not the wear.",1520
Act III,Scene II,Lucio,"I will pray, Pompey, to increase your bondage: If",1521
Act III,Scene II,Lucio,"you take it not patiently, why, your mettle is the",1522
Act III,Scene II,Lucio,"more. Adieu, trusty Pompey. 'Bless you, friar.",1523
Act III,Scene II,Duke Vincentio,And you.,1524
Act III,Scene II,Lucio,"Does Bridget paint still, Pompey, ha?",1525
Act III,Scene II,Elbow,"Come your ways, sir; come.",1526
Act III,Scene II,Pompey,"You will not bail me, then, sir?",1527
Act III,Scene II,Lucio,"Then, Pompey, nor now. What news abroad, friar?",1528
Act III,Scene II,Lucio,what news?,1529
Act III,Scene II,Elbow,"Come your ways, sir; come.",1530
Act III,Scene II,Lucio,"Go to kennel, Pompey; go.",1531
Act III,Scene II,[stage direction],"Exeunt ELBOW, POMPEY and Officers",NA
Act III,Scene II,Lucio,"What news, friar, of the duke?",1532
Act III,Scene II,Duke Vincentio,I know none. Can you tell me of any?,1533
Act III,Scene II,Lucio,Some say he is with the Emperor of Russia; other,1534
Act III,Scene II,Lucio,"some, he is in Rome: but where is he, think you?",1535
Act III,Scene II,Duke Vincentio,"I know not where; but wheresoever, I wish him well.",1536
Act III,Scene II,Lucio,It was a mad fantastical trick of him to steal from,1537
Act III,Scene II,Lucio,"the state, and usurp the beggary he was never born",1538
Act III,Scene II,Lucio,to. Lord Angelo dukes it well in his absence; he,1539
Act III,Scene II,Lucio,puts transgression to 't.,1540
Act III,Scene II,Duke Vincentio,He does well in 't.,1541
Act III,Scene II,Lucio,A little more lenity to lechery would do no harm in,1542
Act III,Scene II,Lucio,"him: something too crabbed that way, friar.",1543
Act III,Scene II,Duke Vincentio,"It is too general a vice, and severity must cure it.",1544
Act III,Scene II,Lucio,"Yes, in good sooth, the vice is of a great kindred;",1545
Act III,Scene II,Lucio,it is well allied: but it is impossible to extirp,1546
Act III,Scene II,Lucio,"it quite, friar, till eating and drinking be put",1547
Act III,Scene II,Lucio,down. They say this Angelo was not made by man and,1548
Act III,Scene II,Lucio,woman after this downright way of creation: is it,1549
Act III,Scene II,Lucio,"true, think you?",1550
Act III,Scene II,Duke Vincentio,"How should he be made, then?",1551
Act III,Scene II,Lucio,"Some report a sea-maid spawned him; some, that he",1552
Act III,Scene II,Lucio,was begot between two stock-fishes. But it is,1553
Act III,Scene II,Lucio,certain that when he makes water his urine is,1554
Act III,Scene II,Lucio,congealed ice; that I know to be true: and he is a,1555
Act III,Scene II,Lucio,motion generative; that's infallible.,1556
Act III,Scene II,Duke Vincentio,"You are pleasant, sir, and speak apace.",1557
Act III,Scene II,Lucio,"Why, what a ruthless thing is this in him, for the",1558
Act III,Scene II,Lucio,rebellion of a codpiece to take away the life of a,1559
Act III,Scene II,Lucio,man! Would the duke that is absent have done this?,1560
Act III,Scene II,Lucio,Ere he would have hanged a man for the getting a,1561
Act III,Scene II,Lucio,"hundred bastards, he would have paid for the nursing",1562
Act III,Scene II,Lucio,a thousand: he had some feeling of the sport: he,1563
Act III,Scene II,Lucio,"knew the service, and that instructed him to mercy.",1564
Act III,Scene II,Duke Vincentio,I never heard the absent duke much detected for,1565
Act III,Scene II,Duke Vincentio,women; he was not inclined that way.,1566
Act III,Scene II,Lucio,"O, sir, you are deceived.",1567
Act III,Scene II,Duke Vincentio,'Tis not possible.,1568
Act III,Scene II,Lucio,"Who, not the duke? yes, your beggar of fifty; and",1569
Act III,Scene II,Lucio,his use was to put a ducat in her clack-dish: the,1570
Act III,Scene II,Lucio,duke had crotchets in him. He would be drunk too;,1571
Act III,Scene II,Lucio,that let me inform you.,1572
Act III,Scene II,Duke Vincentio,"You do him wrong, surely.",1573
Act III,Scene II,Lucio,"Sir, I was an inward of his. A shy fellow was the",1574
Act III,Scene II,Lucio,duke: and I believe I know the cause of his,1575
Act III,Scene II,Lucio,withdrawing.,1576
Act III,Scene II,Duke Vincentio,"What, I prithee, might be the cause?",1577
Act III,Scene II,Lucio,"No, pardon; 'tis a secret must be locked within the",1578
Act III,Scene II,Lucio,teeth and the lips: but this I can let you,1579
Act III,Scene II,Lucio,"understand, the greater file of the subject held the",1580
Act III,Scene II,Lucio,duke to be wise.,1581
Act III,Scene II,Duke Vincentio,"Wise! why, no question but he was.",1582
Act III,Scene II,Lucio,"A very superficial, ignorant, unweighing fellow.",1583
Act III,Scene II,Duke Vincentio,"Either this is the envy in you, folly, or mistaking:",1584
Act III,Scene II,Duke Vincentio,the very stream of his life and the business he hath,1585
Act III,Scene II,Duke Vincentio,helmed must upon a warranted need give him a better,1586
Act III,Scene II,Duke Vincentio,proclamation. Let him be but testimonied in his own,1587
Act III,Scene II,Duke Vincentio,"bringings-forth, and he shall appear to the",1588
Act III,Scene II,Duke Vincentio,"envious a scholar, a statesman and a soldier.",1589
Act III,Scene II,Duke Vincentio,Therefore you speak unskilfully: or if your,1590
Act III,Scene II,Duke Vincentio,knowledge be more it is much darkened in your malice.,1591
Act III,Scene II,Lucio,"Sir, I know him, and I love him.",1592
Act III,Scene II,Duke Vincentio,"Love talks with better knowledge, and knowledge with",1593
Act III,Scene II,Duke Vincentio,dearer love.,1594
Act III,Scene II,Lucio,"Come, sir, I know what I know.",1595
Act III,Scene II,Duke Vincentio,"I can hardly believe that, since you know not what",1596
Act III,Scene II,Duke Vincentio,"you speak. But, if ever the duke return, as our",1597
Act III,Scene II,Duke Vincentio,"prayers are he may, let me desire you to make your",1598
Act III,Scene II,Duke Vincentio,"answer before him. If it be honest you have spoke,",1599
Act III,Scene II,Duke Vincentio,you have courage to maintain it: I am bound to call,1600
Act III,Scene II,Duke Vincentio,"upon you; and, I pray you, your name?",1601
Act III,Scene II,Lucio,"Sir, my name is Lucio; well known to the duke.",1602
Act III,Scene II,Duke Vincentio,"He shall know you better, sir, if I may live to",1603
Act III,Scene II,Duke Vincentio,report you.,1604
Act III,Scene II,Lucio,I fear you not.,1605
Act III,Scene II,Duke Vincentio,"O, you hope the duke will return no more; or you",1606
Act III,Scene II,Duke Vincentio,imagine me too unhurtful an opposite. But indeed I,1607
Act III,Scene II,Duke Vincentio,can do you little harm; you'll forswear this again.,1608
Act III,Scene II,Lucio,"I'll be hanged first: thou art deceived in me,",1609
Act III,Scene II,Lucio,friar. But no more of this. Canst thou tell if,1610
Act III,Scene II,Lucio,Claudio die to-morrow or no?,1611
Act III,Scene II,Duke Vincentio,"Why should he die, sir?",1612
Act III,Scene II,Lucio,Why? For filling a bottle with a tundish. I would,1613
Act III,Scene II,Lucio,the duke we talk of were returned again: the,1614
Act III,Scene II,Lucio,ungenitured agent will unpeople the province with,1615
Act III,Scene II,Lucio,continency; sparrows must not build in his,1616
Act III,Scene II,Lucio,"house-eaves, because they are lecherous. The duke",1617
Act III,Scene II,Lucio,yet would have dark deeds darkly answered; he would,1618
Act III,Scene II,Lucio,never bring them to light: would he were returned!,1619
Act III,Scene II,Lucio,"Marry, this Claudio is condemned for untrussing.",1620
Act III,Scene II,Lucio,"Farewell, good friar: I prithee, pray for me. The",1621
Act III,Scene II,Lucio,"duke, I say to thee again, would eat mutton on",1622
Act III,Scene II,Lucio,"Fridays. He's not past it yet, and I say to thee,",1623
Act III,Scene II,Lucio,"he would mouth with a beggar, though she smelt brown",1624
Act III,Scene II,Lucio,bread and garlic: say that I said so. Farewell.,1625
Act III,Scene II,[stage direction],Exit,NA
Act III,Scene II,Duke Vincentio,No might nor greatness in mortality,1626
Act III,Scene II,Duke Vincentio,Can censure 'scape; back-wounding calumny,1627
Act III,Scene II,Duke Vincentio,The whitest virtue strikes. What king so strong,1628
Act III,Scene II,Duke Vincentio,Can tie the gall up in the slanderous tongue?,1629
Act III,Scene II,Duke Vincentio,But who comes here?,1630
Act III,Scene II,[stage direction],"Enter ESCALUS, Provost, and Officers with MISTRESS OVERDONE",NA
Act III,Scene II,Escalus,Go; away with her to prison!,1631
Act III,Scene II,Mistress Overdone,"Good my lord, be good to me; your honour is accounted",1632
Act III,Scene II,Mistress Overdone,a merciful man; good my lord.,1633
Act III,Scene II,Escalus,"Double and treble admonition, and still forfeit in",1634
Act III,Scene II,Escalus,the same kind! This would make mercy swear and play,1635
Act III,Scene II,Escalus,the tyrant.,1636
Act III,Scene II,Provost,"A bawd of eleven years' continuance, may it please",1637
Act III,Scene II,Provost,your honour.,1638
Act III,Scene II,Mistress Overdone,"My lord, this is one Lucio's information against me.",1639
Act III,Scene II,Mistress Overdone,Mistress Kate Keepdown was with child by him in the,1640
Act III,Scene II,Mistress Overdone,duke's time; he promised her marriage: his child,1641
Act III,Scene II,Mistress Overdone,"is a year and a quarter old, come Philip and Jacob:",1642
Act III,Scene II,Mistress Overdone,I have kept it myself; and see how he goes about to abuse me!,1643
Act III,Scene II,Escalus,That fellow is a fellow of much licence: let him be,1644
Act III,Scene II,Escalus,called before us. Away with her to prison! Go to;,1645
Act III,Scene II,Escalus,no more words.,1646
Act III,Scene II,[stage direction],Exeunt Officers with MISTRESS OVERDONE,NA
Act III,Scene II,Escalus,"Provost, my brother Angelo will not be altered;",1647
Act III,Scene II,Escalus,Claudio must die to-morrow: let him be furnished,1648
Act III,Scene II,Escalus,"with divines, and have all charitable preparation.",1649
Act III,Scene II,Escalus,"if my brother wrought by my pity, it should not be",1650
Act III,Scene II,Escalus,so with him.,1651
Act III,Scene II,Provost,"So please you, this friar hath been with him, and",1652
Act III,Scene II,Provost,advised him for the entertainment of death.,1653
Act III,Scene II,Escalus,"Good even, good father.",1654
Act III,Scene II,Duke Vincentio,Bliss and goodness on you!,1655
Act III,Scene II,Escalus,Of whence are you?,1656
Act III,Scene II,Duke Vincentio,"Not of this country, though my chance is now",1657
Act III,Scene II,Duke Vincentio,To use it for my time: I am a brother,1658
Act III,Scene II,Duke Vincentio,"Of gracious order, late come from the See",1659
Act III,Scene II,Duke Vincentio,In special business from his holiness.,1660
Act III,Scene II,Escalus,What news abroad i' the world?,1661
Act III,Scene II,Duke Vincentio,"None, but that there is so great a fever on",1662
Act III,Scene II,Duke Vincentio,"goodness, that the dissolution of it must cure it:",1663
Act III,Scene II,Duke Vincentio,novelty is only in request; and it is as dangerous,1664
Act III,Scene II,Duke Vincentio,"to be aged in any kind of course, as it is virtuous",1665
Act III,Scene II,Duke Vincentio,to be constant in any undertaking. There is scarce,1666
Act III,Scene II,Duke Vincentio,truth enough alive to make societies secure; but,1667
Act III,Scene II,Duke Vincentio,security enough to make fellowships accurst: much,1668
Act III,Scene II,Duke Vincentio,upon this riddle runs the wisdom of the world. This,1669
Act III,Scene II,Duke Vincentio,"news is old enough, yet it is every day's news. I",1670
Act III,Scene II,Duke Vincentio,"pray you, sir, of what disposition was the duke?",1671
Act III,Scene II,Escalus,"One that, above all other strifes, contended",1672
Act III,Scene II,Escalus,especially to know himself.,1673
Act III,Scene II,Duke Vincentio,What pleasure was he given to?,1674
Act III,Scene II,Escalus,"Rather rejoicing to see another merry, than merry at",1675
Act III,Scene II,Escalus,any thing which professed to make him rejoice: a,1676
Act III,Scene II,Escalus,gentleman of all temperance. But leave we him to,1677
Act III,Scene II,Escalus,"his events, with a prayer they may prove prosperous;",1678
Act III,Scene II,Escalus,and let me desire to know how you find Claudio,1679
Act III,Scene II,Escalus,prepared. I am made to understand that you have,1680
Act III,Scene II,Escalus,lent him visitation.,1681
Act III,Scene II,Duke Vincentio,He professes to have received no sinister measure,1682
Act III,Scene II,Duke Vincentio,"from his judge, but most willingly humbles himself",1683
Act III,Scene II,Duke Vincentio,to the determination of justice: yet had he framed,1684
Act III,Scene II,Duke Vincentio,"to himself, by the instruction of his frailty, many",1685
Act III,Scene II,Duke Vincentio,deceiving promises of life; which I by my good,1686
Act III,Scene II,Duke Vincentio,"leisure have discredited to him, and now is he",1687
Act III,Scene II,Duke Vincentio,resolved to die.,1688
Act III,Scene II,Escalus,"You have paid the heavens your function, and the",1689
Act III,Scene II,Escalus,prisoner the very debt of your calling. I have,1690
Act III,Scene II,Escalus,laboured for the poor gentleman to the extremest,1691
Act III,Scene II,Escalus,shore of my modesty: but my brother justice have I,1692
Act III,Scene II,Escalus,"found so severe, that he hath forced me to tell him",1693
Act III,Scene II,Escalus,he is indeed Justice.,1694
Act III,Scene II,Duke Vincentio,If his own life answer the straitness of his,1695
Act III,Scene II,Duke Vincentio,"proceeding, it shall become him well; wherein if he",1696
Act III,Scene II,Duke Vincentio,"chance to fail, he hath sentenced himself.",1697
Act III,Scene II,Escalus,I am going to visit the prisoner. Fare you well.,1698
Act III,Scene II,Duke Vincentio,Peace be with you!,1699
Act III,Scene II,[stage direction],Exeunt ESCALUS and Provost,NA
Act III,Scene II,Duke Vincentio,He who the sword of heaven will bear,1700
Act III,Scene II,Duke Vincentio,Should be as holy as severe;,1701
Act III,Scene II,Duke Vincentio,"Pattern in himself to know,",1702
Act III,Scene II,Duke Vincentio,"Grace to stand, and virtue go;",1703
Act III,Scene II,Duke Vincentio,More nor less to others paying,1704
Act III,Scene II,Duke Vincentio,Than by self-offences weighing.,1705
Act III,Scene II,Duke Vincentio,Shame to him whose cruel striking,1706
Act III,Scene II,Duke Vincentio,Kills for faults of his own liking!,1707
Act III,Scene II,Duke Vincentio,"Twice treble shame on Angelo,",1708
Act III,Scene II,Duke Vincentio,To weed my vice and let his grow!,1709
Act III,Scene II,Duke Vincentio,"O, what may man within him hide,",1710
Act III,Scene II,Duke Vincentio,Though angel on the outward side!,1711
Act III,Scene II,Duke Vincentio,"How may likeness made in crimes,",1712
Act III,Scene II,Duke Vincentio,"Making practise on the times,",1713
Act III,Scene II,Duke Vincentio,To draw with idle spiders' strings,1714
Act III,Scene II,Duke Vincentio,Most ponderous and substantial things!,1715
Act III,Scene II,Duke Vincentio,Craft against vice I must apply:,1716
Act III,Scene II,Duke Vincentio,With Angelo to-night shall lie,1717
Act III,Scene II,Duke Vincentio,His old betrothed but despised;,1718
Act III,Scene II,Duke Vincentio,"So disguise shall, by the disguised,",1719
Act III,Scene II,Duke Vincentio,"Pay with falsehood false exacting,",1720
Act III,Scene II,Duke Vincentio,And perform an old contracting.,1721
Act III,Scene II,[stage direction],Exit,NA
Act IV,Scene I,[stage direction],Enter MARIANA and a Boy,NA
Act IV,Scene I,[stage direction],Boy sings,NA
Act IV,Scene I,Duke Vincentio,"Take, O, take those lips away,",1722
Act IV,Scene I,Duke Vincentio,That so sweetly were forsworn;,1723
Act IV,Scene I,Duke Vincentio,"And those eyes, the break of day,",1724
Act IV,Scene I,Duke Vincentio,Lights that do mislead the morn:,1725
Act IV,Scene I,Duke Vincentio,"But my kisses bring again, bring again;",1726
Act IV,Scene I,Duke Vincentio,"Seals of love, but sealed in vain, sealed in vain.",1727
Act IV,Scene I,Mariana,"Break off thy song, and haste thee quick away:",1728
Act IV,Scene I,Mariana,"Here comes a man of comfort, whose advice",1729
Act IV,Scene I,Mariana,Hath often still'd my brawling discontent.,1730
Act IV,Scene I,[stage direction],Exit Boy,NA
Act IV,Scene I,[stage direction],Enter DUKE VINCENTIO disguised as before,NA
Act IV,Scene I,Mariana,"I cry you mercy, sir; and well could wish",1731
Act IV,Scene I,Mariana,You had not found me here so musical:,1732
Act IV,Scene I,Mariana,"Let me excuse me, and believe me so,",1733
Act IV,Scene I,Mariana,"My mirth it much displeased, but pleased my woe.",1734
Act IV,Scene I,Duke Vincentio,'Tis good; though music oft hath such a charm,1735
Act IV,Scene I,Duke Vincentio,"To make bad good, and good provoke to harm.",1736
Act IV,Scene I,Duke Vincentio,"I pray, you, tell me, hath any body inquired",1737
Act IV,Scene I,Duke Vincentio,for me here to-day? much upon this time have,1738
Act IV,Scene I,Duke Vincentio,I promised here to meet.,1739
Act IV,Scene I,Mariana,You have not been inquired after:,1740
Act IV,Scene I,Mariana,I have sat here all day.,1741
Act IV,Scene I,[stage direction],Enter ISABELLA,NA
Act IV,Scene I,Duke Vincentio,I do constantly believe you. The time is come even,1742
Act IV,Scene I,Duke Vincentio,now. I shall crave your forbearance a little: may,1743
Act IV,Scene I,Duke Vincentio,"be I will call upon you anon, for some advantage to yourself.",1744
Act IV,Scene I,Mariana,I am always bound to you.,1745
Act IV,Scene I,[stage direction],Exit,NA
Act IV,Scene I,Duke Vincentio,"Very well met, and well come.",1746
Act IV,Scene I,Duke Vincentio,What is the news from this good deputy?,1747
Act IV,Scene I,Isabella,"He hath a garden circummured with brick,",1748
Act IV,Scene I,Isabella,Whose western side is with a vineyard back'd;,1749
Act IV,Scene I,Isabella,"And to that vineyard is a planched gate,",1750
Act IV,Scene I,Isabella,That makes his opening with this bigger key:,1751
Act IV,Scene I,Isabella,This other doth command a little door,1752
Act IV,Scene I,Isabella,Which from the vineyard to the garden leads;,1753
Act IV,Scene I,Isabella,There have I made my promise,1754
Act IV,Scene I,Isabella,Upon the heavy middle of the night,1755
Act IV,Scene I,Isabella,To call upon him.,1756
Act IV,Scene I,Duke Vincentio,But shall you on your knowledge find this way?,1757
Act IV,Scene I,Isabella,I have ta'en a due and wary note upon't:,1758
Act IV,Scene I,Isabella,"With whispering and most guilty diligence,",1759
Act IV,Scene I,Isabella,"In action all of precept, he did show me",1760
Act IV,Scene I,Isabella,The way twice o'er.,1761
Act IV,Scene I,Duke Vincentio,Are there no other tokens,1762
Act IV,Scene I,Duke Vincentio,Between you 'greed concerning her observance?,1763
Act IV,Scene I,Isabella,"No, none, but only a repair i' the dark;",1764
Act IV,Scene I,Isabella,And that I have possess'd him my most stay,1765
Act IV,Scene I,Isabella,Can be but brief; for I have made him know,1766
Act IV,Scene I,Isabella,"I have a servant comes with me along,",1767
Act IV,Scene I,Isabella,"That stays upon me, whose persuasion is",1768
Act IV,Scene I,Isabella,I come about my brother.,1769
Act IV,Scene I,Duke Vincentio,'Tis well borne up.,1770
Act IV,Scene I,Duke Vincentio,I have not yet made known to Mariana,1771
Act IV,Scene I,Duke Vincentio,"A word of this. What, ho! within! come forth!",1772
Act IV,Scene I,[stage direction],Re-enter MARIANA,NA
Act IV,Scene I,Duke Vincentio,"I pray you, be acquainted with this maid;",1773
Act IV,Scene I,Duke Vincentio,She comes to do you good.,1774
Act IV,Scene I,Isabella,I do desire the like.,1775
Act IV,Scene I,Duke Vincentio,Do you persuade yourself that I respect you?,1776
Act IV,Scene I,Mariana,"Good friar, I know you do, and have found it.",1777
Act IV,Scene I,Duke Vincentio,"Take, then, this your companion by the hand,",1778
Act IV,Scene I,Duke Vincentio,Who hath a story ready for your ear.,1779
Act IV,Scene I,Duke Vincentio,I shall attend your leisure: but make haste;,1780
Act IV,Scene I,Duke Vincentio,The vaporous night approaches.,1781
Act IV,Scene I,Mariana,Will't please you walk aside?,1782
Act IV,Scene I,[stage direction],Exeunt MARIANA and ISABELLA,NA
Act IV,Scene I,Duke Vincentio,O place and greatness! millions of false eyes,1783
Act IV,Scene I,Duke Vincentio,Are stuck upon thee: volumes of report,1784
Act IV,Scene I,Duke Vincentio,Run with these false and most contrarious quests,1785
Act IV,Scene I,Duke Vincentio,Upon thy doings: thousand escapes of wit,1786
Act IV,Scene I,Duke Vincentio,Make thee the father of their idle dreams,1787
Act IV,Scene I,Duke Vincentio,And rack thee in their fancies.,1788
Act IV,Scene I,[stage direction],Re-enter MARIANA and ISABELLA,NA
Act IV,Scene I,Duke Vincentio,"Welcome, how agreed?",1789
Act IV,Scene I,Isabella,"She'll take the enterprise upon her, father,",1790
Act IV,Scene I,Isabella,If you advise it.,1791
Act IV,Scene I,Duke Vincentio,"It is not my consent,",1792
Act IV,Scene I,Duke Vincentio,But my entreaty too.,1793
Act IV,Scene I,Isabella,Little have you to say,1794
Act IV,Scene I,Isabella,"When you depart from him, but, soft and low,",1795
Act IV,Scene I,Isabella,'Remember now my brother.',1796
Act IV,Scene I,Mariana,Fear me not.,1797
Act IV,Scene I,Duke Vincentio,"Nor, gentle daughter, fear you not at all.",1798
Act IV,Scene I,Duke Vincentio,He is your husband on a pre-contract:,1799
Act IV,Scene I,Duke Vincentio,"To bring you thus together, 'tis no sin,",1800
Act IV,Scene I,Duke Vincentio,Sith that the justice of your title to him,1801
Act IV,Scene I,Duke Vincentio,"Doth flourish the deceit. Come, let us go:",1802
Act IV,Scene I,Duke Vincentio,"Our corn's to reap, for yet our tithe's to sow.",1803
Act IV,Scene I,[stage direction],Exeunt,NA
Act IV,Scene II,[stage direction],Enter Provost and POMPEY,NA
Act IV,Scene II,Provost,"Come hither, sirrah. Can you cut off a man's head?",1804
Act IV,Scene II,Pompey,"If the man be a bachelor, sir, I can; but if he be a",1805
Act IV,Scene II,Pompey,"married man, he's his wife's head, and I can never",1806
Act IV,Scene II,Pompey,cut off a woman's head.,1807
Act IV,Scene II,Provost,"Come, sir, leave me your snatches, and yield me a",1808
Act IV,Scene II,Provost,direct answer. To-morrow morning are to die Claudio,1809
Act IV,Scene II,Provost,and Barnardine. Here is in our prison a common,1810
Act IV,Scene II,Provost,"executioner, who in his office lacks a helper: if",1811
Act IV,Scene II,Provost,"you will take it on you to assist him, it shall",1812
Act IV,Scene II,Provost,"redeem you from your gyves; if not, you shall have",1813
Act IV,Scene II,Provost,your full time of imprisonment and your deliverance,1814
Act IV,Scene II,Provost,"with an unpitied whipping, for you have been a",1815
Act IV,Scene II,Provost,notorious bawd.,1816
Act IV,Scene II,Pompey,"Sir, I have been an unlawful bawd time out of mind;",1817
Act IV,Scene II,Pompey,but yet I will be content to be a lawful hangman. I,1818
Act IV,Scene II,Pompey,would be glad to receive some instruction from my,1819
Act IV,Scene II,Pompey,fellow partner.,1820
Act IV,Scene II,Provost,"What, ho! Abhorson! Where's Abhorson, there?",1821
Act IV,Scene II,[stage direction],Enter ABHORSON,NA
Act IV,Scene II,Abhorson,"Do you call, sir?",1822
Act IV,Scene II,Provost,"Sirrah, here's a fellow will help you to-morrow in",1823
Act IV,Scene II,Provost,"your execution. If you think it meet, compound with",1824
Act IV,Scene II,Provost,"him by the year, and let him abide here with you; if",1825
Act IV,Scene II,Provost,"not, use him for the present and dismiss him. He",1826
Act IV,Scene II,Provost,cannot plead his estimation with you; he hath been a bawd.,1827
Act IV,Scene II,Abhorson,"A bawd, sir? fie upon him! he will discredit our mystery.",1828
Act IV,Scene II,Provost,"Go to, sir; you weigh equally; a feather will turn",1829
Act IV,Scene II,Provost,the scale.,1830
Act IV,Scene II,[stage direction],Exit,NA
Act IV,Scene II,Pompey,"Pray, sir, by your good favour,--for surely, sir, a",1831
Act IV,Scene II,Pompey,"good favour you have, but that you have a hanging",1832
Act IV,Scene II,Pompey,"look,--do you call, sir, your occupation a mystery?",1833
Act IV,Scene II,Abhorson,"Ay, sir; a mystery",1834
Act IV,Scene II,Pompey,"Painting, sir, I have heard say, is a mystery; and",1835
Act IV,Scene II,Pompey,"your whores, sir, being members of my occupation,",1836
Act IV,Scene II,Pompey,"using painting, do prove my occupation a mystery:",1837
Act IV,Scene II,Pompey,"but what mystery there should be in hanging, if I",1838
Act IV,Scene II,Pompey,"should be hanged, I cannot imagine.",1839
Act IV,Scene II,Abhorson,"Sir, it is a mystery.",1840
Act IV,Scene II,Pompey,Proof?,1841
Act IV,Scene II,Abhorson,Every true man's apparel fits your thief: if it be,1842
Act IV,Scene II,Abhorson,"too little for your thief, your true man thinks it",1843
Act IV,Scene II,Abhorson,"big enough; if it be too big for your thief, your",1844
Act IV,Scene II,Abhorson,thief thinks it little enough: so every true man's,1845
Act IV,Scene II,Abhorson,apparel fits your thief.,1846
Act IV,Scene II,[stage direction],Re-enter Provost,NA
Act IV,Scene II,Provost,Are you agreed?,1847
Act IV,Scene II,Pompey,"Sir, I will serve him; for I do find your hangman is",1848
Act IV,Scene II,Pompey,a more penitent trade than your bawd; he doth,1849
Act IV,Scene II,Pompey,oftener ask forgiveness.,1850
Act IV,Scene II,Provost,"You, sirrah, provide your block and your axe",1851
Act IV,Scene II,Provost,to-morrow four o'clock.,1852
Act IV,Scene II,Abhorson,"Come on, bawd; I will instruct thee in my trade; follow.",1853
Act IV,Scene II,Pompey,"I do desire to learn, sir: and I hope, if you have",1854
Act IV,Scene II,Pompey,"occasion to use me for your own turn, you shall find",1855
Act IV,Scene II,Pompey,"me yare; for truly, sir, for your kindness I owe you",1856
Act IV,Scene II,Pompey,a good turn.,1857
Act IV,Scene II,Provost,Call hither Barnardine and Claudio:,1858
Act IV,Scene II,[stage direction],Exeunt POMPEY and ABHORSON,NA
Act IV,Scene II,Provost,"The one has my pity; not a jot the other,",1859
Act IV,Scene II,Provost,"Being a murderer, though he were my brother.",1860
Act IV,Scene II,[stage direction],Enter CLAUDIO,NA
Act IV,Scene II,Provost,"Look, here's the warrant, Claudio, for thy death:",1861
Act IV,Scene II,Provost,"'Tis now dead midnight, and by eight to-morrow",1862
Act IV,Scene II,Provost,Thou must be made immortal. Where's Barnardine?,1863
Act IV,Scene II,Claudio,As fast lock'd up in sleep as guiltless labour,1864
Act IV,Scene II,Claudio,When it lies starkly in the traveller's bones:,1865
Act IV,Scene II,Claudio,He will not wake.,1866
Act IV,Scene II,Provost,Who can do good on him?,1867
Act IV,Scene II,Provost,"Well, go, prepare yourself.",1868
Act IV,Scene II,[stage direction],Knocking within,NA
Act IV,Scene II,Provost,"But, hark, what noise?",1869
Act IV,Scene II,Provost,Heaven give your spirits comfort!,1870
Act IV,Scene II,[stage direction],Exit CLAUDIO,NA
Act IV,Scene II,Provost,By and by.,1871
Act IV,Scene II,Provost,I hope it is some pardon or reprieve,1872
Act IV,Scene II,Provost,For the most gentle Claudio.,1873
Act IV,Scene II,[stage direction],Enter DUKE VINCENTIO disguised as before,NA
Act IV,Scene II,Provost,Welcome father.,1874
Act IV,Scene II,Duke Vincentio,The best and wholesomest spirts of the night,1875
Act IV,Scene II,Duke Vincentio,"Envelope you, good Provost! Who call'd here of late?",1876
Act IV,Scene II,Provost,"None, since the curfew rung.",1877
Act IV,Scene II,Duke Vincentio,Not Isabel?,1878
Act IV,Scene II,Provost,No.,1879
Act IV,Scene II,Duke Vincentio,"They will, then, ere't be long.",1880
Act IV,Scene II,Provost,What comfort is for Claudio?,1881
Act IV,Scene II,Duke Vincentio,There's some in hope.,1882
Act IV,Scene II,Provost,It is a bitter deputy.,1883
Act IV,Scene II,Duke Vincentio,"Not so, not so; his life is parallel'd",1884
Act IV,Scene II,Duke Vincentio,Even with the stroke and line of his great justice:,1885
Act IV,Scene II,Duke Vincentio,He doth with holy abstinence subdue,1886
Act IV,Scene II,Duke Vincentio,That in himself which he spurs on his power,1887
Act IV,Scene II,Duke Vincentio,To qualify in others: were he meal'd with that,1888
Act IV,Scene II,Duke Vincentio,"Which he corrects, then were he tyrannous;",1889
Act IV,Scene II,Duke Vincentio,"But this being so, he's just.",1890
Act IV,Scene II,[stage direction],Knocking within,NA
Act IV,Scene II,Duke Vincentio,Now are they come.,1891
Act IV,Scene II,[stage direction],Exit Provost,NA
Act IV,Scene II,Duke Vincentio,This is a gentle provost: seldom when,1892
Act IV,Scene II,Duke Vincentio,The steeled gaoler is the friend of men.,1893
Act IV,Scene II,[stage direction],Knocking within,NA
Act IV,Scene II,Duke Vincentio,How now! what noise? That spirit's possessed with haste,1894
Act IV,Scene II,Duke Vincentio,That wounds the unsisting postern with these strokes.,1895
Act IV,Scene II,[stage direction],Re-enter Provost,NA
Act IV,Scene II,Provost,There he must stay until the officer,1896
Act IV,Scene II,Provost,Arise to let him in: he is call'd up.,1897
Act IV,Scene II,Duke Vincentio,"Have you no countermand for Claudio yet,",1898
Act IV,Scene II,Duke Vincentio,But he must die to-morrow?,1899
Act IV,Scene II,Provost,"None, sir, none.",1900
Act IV,Scene II,Duke Vincentio,"As near the dawning, provost, as it is,",1901
Act IV,Scene II,Duke Vincentio,You shall hear more ere morning.,1902
Act IV,Scene II,Provost,Happily,1903
Act IV,Scene II,Provost,You something know; yet I believe there comes,1904
Act IV,Scene II,Provost,No countermand; no such example have we:,1905
Act IV,Scene II,Provost,"Besides, upon the very siege of justice",1906
Act IV,Scene II,Provost,Lord Angelo hath to the public ear,1907
Act IV,Scene II,Provost,Profess'd the contrary.,1908
Act IV,Scene II,[stage direction],Enter a Messenger,NA
Act IV,Scene II,Provost,This is his lordship's man.,1909
Act IV,Scene II,Duke Vincentio,And here comes Claudio's pardon.,1910
Act IV,Scene II,Messenger,[Giving a paper],1911
Act IV,Scene II,Messenger,My lord hath sent you this note; and by me this,1912
Act IV,Scene II,Messenger,"further charge, that you swerve not from the",1913
Act IV,Scene II,Messenger,"smallest article of it, neither in time, matter, or",1914
Act IV,Scene II,Messenger,"other circumstance. Good morrow; for, as I take it,",1915
Act IV,Scene II,Messenger,it is almost day.,1916
Act IV,Scene II,Provost,I shall obey him.,1917
Act IV,Scene II,[stage direction],Exit Messenger,NA
Act IV,Scene II,Duke Vincentio,"[Aside]  This is his pardon, purchased by such sin",1918
Act IV,Scene II,Duke Vincentio,For which the pardoner himself is in.,1919
Act IV,Scene II,Duke Vincentio,"Hence hath offence his quick celerity,",1920
Act IV,Scene II,Duke Vincentio,When it is born in high authority:,1921
Act IV,Scene II,Duke Vincentio,"When vice makes mercy, mercy's so extended,",1922
Act IV,Scene II,Duke Vincentio,That for the fault's love is the offender friended.,1923
Act IV,Scene II,Duke Vincentio,"Now, sir, what news?",1924
Act IV,Scene II,Provost,"I told you. Lord Angelo, belike thinking me remiss",1925
Act IV,Scene II,Provost,"in mine office, awakens me with this unwonted",1926
Act IV,Scene II,Provost,"putting-on; methinks strangely, for he hath not used it before.",1927
Act IV,Scene II,Duke Vincentio,"Pray you, let's hear.",1928
Act IV,Scene II,Provost,[Reads],1929
Act IV,Scene II,Provost,"'Whatsoever you may hear to the contrary, let",1930
Act IV,Scene II,Provost,Claudio be executed by four of the clock; and in the,1931
Act IV,Scene II,Provost,"afternoon Barnardine: for my better satisfaction,",1932
Act IV,Scene II,Provost,let me have Claudio's head sent me by five. Let,1933
Act IV,Scene II,Provost,this be duly performed; with a thought that more,1934
Act IV,Scene II,Provost,depends on it than we must yet deliver. Thus fail,1935
Act IV,Scene II,Provost,"not to do your office, as you will answer it at your peril.'",1936
Act IV,Scene II,Provost,"What say you to this, sir?",1937
Act IV,Scene II,Duke Vincentio,What is that Barnardine who is to be executed in the,1938
Act IV,Scene II,Duke Vincentio,afternoon?,1939
Act IV,Scene II,Provost,"A Bohemian born, but here nursed un and bred; one",1940
Act IV,Scene II,Provost,that is a prisoner nine years old.,1941
Act IV,Scene II,Duke Vincentio,How came it that the absent duke had not either,1942
Act IV,Scene II,Duke Vincentio,delivered him to his liberty or executed him? I,1943
Act IV,Scene II,Duke Vincentio,have heard it was ever his manner to do so.,1944
Act IV,Scene II,Provost,"His friends still wrought reprieves for him: and,",1945
Act IV,Scene II,Provost,"indeed, his fact, till now in the government of Lord",1946
Act IV,Scene II,Provost,"Angelo, came not to an undoubtful proof.",1947
Act IV,Scene II,Duke Vincentio,It is now apparent?,1948
Act IV,Scene II,Provost,"Most manifest, and not denied by himself.",1949
Act IV,Scene II,Duke Vincentio,Hath he born himself penitently in prison? how,1950
Act IV,Scene II,Duke Vincentio,seems he to be touched?,1951
Act IV,Scene II,Provost,A man that apprehends death no more dreadfully but,1952
Act IV,Scene II,Provost,"as a drunken sleep; careless, reckless, and fearless",1953
Act IV,Scene II,Provost,"of what's past, present, or to come; insensible of",1954
Act IV,Scene II,Provost,"mortality, and desperately mortal.",1955
Act IV,Scene II,Duke Vincentio,He wants advice.,1956
Act IV,Scene II,Provost,He will hear none: he hath evermore had the liberty,1957
Act IV,Scene II,Provost,"of the prison; give him leave to escape hence, he",1958
Act IV,Scene II,Provost,"would not: drunk many times a day, if not many days",1959
Act IV,Scene II,Provost,"entirely drunk. We have very oft awaked him, as if",1960
Act IV,Scene II,Provost,"to carry him to execution, and showed him a seeming",1961
Act IV,Scene II,Provost,warrant for it: it hath not moved him at all.,1962
Act IV,Scene II,Duke Vincentio,"More of him anon. There is written in your brow,",1963
Act IV,Scene II,Duke Vincentio,"provost, honesty and constancy: if I read it not",1964
Act IV,Scene II,Duke Vincentio,"truly, my ancient skill beguiles me; but, in the",1965
Act IV,Scene II,Duke Vincentio,"boldness of my cunning, I will lay myself in hazard.",1966
Act IV,Scene II,Duke Vincentio,"Claudio, whom here you have warrant to execute, is",1967
Act IV,Scene II,Duke Vincentio,no greater forfeit to the law than Angelo who hath,1968
Act IV,Scene II,Duke Vincentio,sentenced him. To make you understand this in a,1969
Act IV,Scene II,Duke Vincentio,"manifested effect, I crave but four days' respite;",1970
Act IV,Scene II,Duke Vincentio,for the which you are to do me both a present and a,1971
Act IV,Scene II,Duke Vincentio,dangerous courtesy.,1972
Act IV,Scene II,Provost,"Pray, sir, in what?",1973
Act IV,Scene II,Duke Vincentio,In the delaying death.,1974
Act IV,Scene II,Provost,"A lack, how may I do it, having the hour limited,",1975
Act IV,Scene II,Provost,"and an express command, under penalty, to deliver",1976
Act IV,Scene II,Provost,his head in the view of Angelo? I may make my case,1977
Act IV,Scene II,Provost,"as Claudio's, to cross this in the smallest.",1978
Act IV,Scene II,Duke Vincentio,"By the vow of mine order I warrant you, if my",1979
Act IV,Scene II,Duke Vincentio,instructions may be your guide. Let this Barnardine,1980
Act IV,Scene II,Duke Vincentio,"be this morning executed, and his head born to Angelo.",1981
Act IV,Scene II,Provost,"Angelo hath seen them both, and will discover the favour.",1982
Act IV,Scene II,Duke Vincentio,"O, death's a great disguiser; and you may add to it.",1983
Act IV,Scene II,Duke Vincentio,"Shave the head, and tie the beard; and say it was",1984
Act IV,Scene II,Duke Vincentio,the desire of the penitent to be so bared before his,1985
Act IV,Scene II,Duke Vincentio,death: you know the course is common. If any thing,1986
Act IV,Scene II,Duke Vincentio,"fall to you upon this, more than thanks and good",1987
Act IV,Scene II,Duke Vincentio,"fortune, by the saint whom I profess, I will plead",1988
Act IV,Scene II,Duke Vincentio,against it with my life.,1989
Act IV,Scene II,Provost,"Pardon me, good father; it is against my oath.",1990
Act IV,Scene II,Duke Vincentio,"Were you sworn to the duke, or to the deputy?",1991
Act IV,Scene II,Provost,"To him, and to his substitutes.",1992
Act IV,Scene II,Duke Vincentio,"You will think you have made no offence, if the duke",1993
Act IV,Scene II,Duke Vincentio,avouch the justice of your dealing?,1994
Act IV,Scene II,Provost,But what likelihood is in that?,1995
Act IV,Scene II,Duke Vincentio,"Not a resemblance, but a certainty. Yet since I see",1996
Act IV,Scene II,Duke Vincentio,"you fearful, that neither my coat, integrity, nor",1997
Act IV,Scene II,Duke Vincentio,"persuasion can with ease attempt you, I will go",1998
Act IV,Scene II,Duke Vincentio,"further than I meant, to pluck all fears out of you.",1999
Act IV,Scene II,Duke Vincentio,"Look you, sir, here is the hand and seal of the",2000
Act IV,Scene II,Duke Vincentio,"duke: you know the character, I doubt not; and the",2001
Act IV,Scene II,Duke Vincentio,signet is not strange to you.,2002
Act IV,Scene II,Provost,I know them both.,2003
Act IV,Scene II,Duke Vincentio,The contents of this is the return of the duke: you,2004
Act IV,Scene II,Duke Vincentio,shall anon over-read it at your pleasure; where you,2005
Act IV,Scene II,Duke Vincentio,"shall find, within these two days he will be here.",2006
Act IV,Scene II,Duke Vincentio,This is a thing that Angelo knows not; for he this,2007
Act IV,Scene II,Duke Vincentio,very day receives letters of strange tenor;,2008
Act IV,Scene II,Duke Vincentio,perchance of the duke's death; perchance entering,2009
Act IV,Scene II,Duke Vincentio,"into some monastery; but, by chance, nothing of what",2010
Act IV,Scene II,Duke Vincentio,"is writ. Look, the unfolding star calls up the",2011
Act IV,Scene II,Duke Vincentio,shepherd. Put not yourself into amazement how these,2012
Act IV,Scene II,Duke Vincentio,things should be: all difficulties are but easy,2013
Act IV,Scene II,Duke Vincentio,"when they are known. Call your executioner, and off",2014
Act IV,Scene II,Duke Vincentio,with Barnardine's head: I will give him a present,2015
Act IV,Scene II,Duke Vincentio,shrift and advise him for a better place. Yet you,2016
Act IV,Scene II,Duke Vincentio,are amazed; but this shall absolutely resolve you.,2017
Act IV,Scene II,Duke Vincentio,Come away; it is almost clear dawn.,2018
Act IV,Scene II,[stage direction],Exeunt,NA
Act IV,Scene III,[stage direction],Enter POMPEY,NA
Act IV,Scene III,Pompey,I am as well acquainted here as I was in our house,2019
Act IV,Scene III,Pompey,of profession: one would think it were Mistress,2020
Act IV,Scene III,Pompey,"Overdone's own house, for here be many of her old",2021
Act IV,Scene III,Pompey,"customers. First, here's young Master Rash; he's in",2022
Act IV,Scene III,Pompey,"for a commodity of brown paper and old ginger,",2023
Act IV,Scene III,Pompey,ninescore and seventeen pounds; of which he made,2024
Act IV,Scene III,Pompey,"five marks, ready money: marry, then ginger was not",2025
Act IV,Scene III,Pompey,"much in request, for the old women were all dead.",2026
Act IV,Scene III,Pompey,"Then is there here one Master Caper, at the suit of",2027
Act IV,Scene III,Pompey,"Master Three-pile the mercer, for some four suits of",2028
Act IV,Scene III,Pompey,"peach-coloured satin, which now peaches him a",2029
Act IV,Scene III,Pompey,"beggar. Then have we here young Dizy, and young",2030
Act IV,Scene III,Pompey,"Master Deep-vow, and Master Copperspur, and Master",2031
Act IV,Scene III,Pompey,"Starve-lackey the rapier and dagger man, and young",2032
Act IV,Scene III,Pompey,"Drop-heir that killed lusty Pudding, and Master",2033
Act IV,Scene III,Pompey,"Forthlight the tilter, and brave Master Shooty the",2034
Act IV,Scene III,Pompey,"great traveller, and wild Half-can that stabbed",2035
Act IV,Scene III,Pompey,"Pots, and, I think, forty more; all great doers in",2036
Act IV,Scene III,Pompey,"our trade, and are now 'for the Lord's sake.'",2037
Act IV,Scene III,[stage direction],Enter ABHORSON,NA
Act IV,Scene III,Abhorson,"Sirrah, bring Barnardine hither.",2038
Act IV,Scene III,Pompey,Master Barnardine! you must rise and be hanged.,2039
Act IV,Scene III,Pompey,Master Barnardine!,2040
Act IV,Scene III,Abhorson,"What, ho, Barnardine!",2041
Act IV,Scene III,Barnardine,[Within]  A pox o' your throats! Who makes that,2042
Act IV,Scene III,Barnardine,noise there? What are you?,2043
Act IV,Scene III,Pompey,"Your friends, sir; the hangman. You must be so",2044
Act IV,Scene III,Pompey,"good, sir, to rise and be put to death.",2045
Act IV,Scene III,Barnardine,"[Within]  Away, you rogue, away! I am sleepy.",2046
Act IV,Scene III,Abhorson,"Tell him he must awake, and that quickly too.",2047
Act IV,Scene III,Pompey,"Pray, Master Barnardine, awake till you are",2048
Act IV,Scene III,Pompey,"executed, and sleep afterwards.",2049
Act IV,Scene III,Abhorson,"Go in to him, and fetch him out.",2050
Act IV,Scene III,Pompey,"He is coming, sir, he is coming; I hear his straw rustle.",2051
Act IV,Scene III,Abhorson,"Is the axe upon the block, sirrah?",2052
Act IV,Scene III,Pompey,"Very ready, sir.",2053
Act IV,Scene III,[stage direction],Enter BARNARDINE,NA
Act IV,Scene III,Barnardine,"How now, Abhorson? what's the news with you?",2054
Act IV,Scene III,Abhorson,"Truly, sir, I would desire you to clap into your",2055
Act IV,Scene III,Abhorson,"prayers; for, look you, the warrant's come.",2056
Act IV,Scene III,Barnardine,"You rogue, I have been drinking all night; I am not",2057
Act IV,Scene III,Barnardine,fitted for 't.,2058
Act IV,Scene III,Pompey,"O, the better, sir; for he that drinks all night,",2059
Act IV,Scene III,Pompey,"and is hanged betimes in the morning, may sleep the",2060
Act IV,Scene III,Pompey,sounder all the next day.,2061
Act IV,Scene III,Abhorson,"Look you, sir; here comes your ghostly father: do",2062
Act IV,Scene III,Abhorson,"we jest now, think you?",2063
Act IV,Scene III,[stage direction],Enter DUKE VINCENTIO disguised as before,NA
Act IV,Scene III,Duke Vincentio,"Sir, induced by my charity, and hearing how hastily",2064
Act IV,Scene III,Duke Vincentio,"you are to depart, I am come to advise you, comfort",2065
Act IV,Scene III,Duke Vincentio,you and pray with you.,2066
Act IV,Scene III,Barnardine,"Friar, not I	I have been drinking hard all night,",2067
Act IV,Scene III,Barnardine,"and I will have more time to prepare me, or they",2068
Act IV,Scene III,Barnardine,shall beat out my brains with billets: I will not,2069
Act IV,Scene III,Barnardine,"consent to die this day, that's certain.",2070
Act IV,Scene III,Duke Vincentio,"O, sir, you must: and therefore I beseech you",2071
Act IV,Scene III,Duke Vincentio,Look forward on the journey you shall go.,2072
Act IV,Scene III,Barnardine,I swear I will not die to-day for any man's,2073
Act IV,Scene III,Barnardine,persuasion.,2074
Act IV,Scene III,Duke Vincentio,But hear you.,2075
Act IV,Scene III,Barnardine,"Not a word: if you have any thing to say to me,",2076
Act IV,Scene III,Barnardine,come to my ward; for thence will not I to-day.,2077
Act IV,Scene III,[stage direction],Exit,NA
Act IV,Scene III,Duke Vincentio,Unfit to live or die: O gravel heart!,2078
Act IV,Scene III,Duke Vincentio,"After him, fellows; bring him to the block.",2079
Act IV,Scene III,[stage direction],Exeunt ABHORSON and POMPEY,NA
Act IV,Scene III,[stage direction],Re-enter Provost,NA
Act IV,Scene III,Provost,"Now, sir, how do you find the prisoner?",2080
Act IV,Scene III,Duke Vincentio,"A creature unprepared, unmeet for death;",2081
Act IV,Scene III,Duke Vincentio,And to transport him in the mind he is,2082
Act IV,Scene III,Duke Vincentio,Were damnable.,2083
Act IV,Scene III,Provost,"Here in the prison, father,",2084
Act IV,Scene III,Provost,There died this morning of a cruel fever,2085
Act IV,Scene III,Provost,"One Ragozine, a most notorious pirate,",2086
Act IV,Scene III,Provost,A man of Claudio's years; his beard and head,2087
Act IV,Scene III,Provost,Just of his colour. What if we do omit,2088
Act IV,Scene III,Provost,This reprobate till he were well inclined;,2089
Act IV,Scene III,Provost,And satisfy the deputy with the visage,2090
Act IV,Scene III,Provost,"Of Ragozine, more like to Claudio?",2091
Act IV,Scene III,Duke Vincentio,"O, 'tis an accident that heaven provides!",2092
Act IV,Scene III,Duke Vincentio,Dispatch it presently; the hour draws on,2093
Act IV,Scene III,Duke Vincentio,"Prefix'd by Angelo: see this be done,",2094
Act IV,Scene III,Duke Vincentio,And sent according to command; whiles I,2095
Act IV,Scene III,Duke Vincentio,Persuade this rude wretch willingly to die.,2096
Act IV,Scene III,Provost,"This shall be done, good father, presently.",2097
Act IV,Scene III,Provost,But Barnardine must die this afternoon:,2098
Act IV,Scene III,Provost,"And how shall we continue Claudio,",2099
Act IV,Scene III,Provost,To save me from the danger that might come,2100
Act IV,Scene III,Provost,If he were known alive?,2101
Act IV,Scene III,Duke Vincentio,Let this be done.,2102
Act IV,Scene III,Duke Vincentio,"Put them in secret holds, both Barnardine and Claudio:",2103
Act IV,Scene III,Duke Vincentio,Ere twice the sun hath made his journal greeting,2104
Act IV,Scene III,Duke Vincentio,"To the under generation, you shall find",2105
Act IV,Scene III,Duke Vincentio,Your safety manifested.,2106
Act IV,Scene III,Provost,I am your free dependant.,2107
Act IV,Scene III,Duke Vincentio,"Quick, dispatch, and send the head to Angelo.",2108
Act IV,Scene III,[stage direction],Exit Provost,NA
Act IV,Scene III,Duke Vincentio,"Now will I write letters to Angelo,--",2109
Act IV,Scene III,Duke Vincentio,"The provost, he shall bear them, whose contents",2110
Act IV,Scene III,Duke Vincentio,"Shall witness to him I am near at home,",2111
Act IV,Scene III,Duke Vincentio,"And that, by great injunctions, I am bound",2112
Act IV,Scene III,Duke Vincentio,To enter publicly: him I'll desire,2113
Act IV,Scene III,Duke Vincentio,To meet me at the consecrated fount,2114
Act IV,Scene III,Duke Vincentio,"A league below the city; and from thence,",2115
Act IV,Scene III,Duke Vincentio,"By cold gradation and well-balanced form,",2116
Act IV,Scene III,Duke Vincentio,We shall proceed with Angelo.,2117
Act IV,Scene III,[stage direction],Re-enter Provost,NA
Act IV,Scene III,Provost,Here is the head; I'll carry it myself.,2118
Act IV,Scene III,Duke Vincentio,Convenient is it. Make a swift return;,2119
Act IV,Scene III,Duke Vincentio,For I would commune with you of such things,2120
Act IV,Scene III,Duke Vincentio,That want no ear but yours.,2121
Act IV,Scene III,Provost,I'll make all speed.,2122
Act IV,Scene III,[stage direction],Exit,NA
Act IV,Scene III,Isabella,"[Within]  Peace, ho, be here!",2123
Act IV,Scene III,Duke Vincentio,The tongue of Isabel. She's come to know,2124
Act IV,Scene III,Duke Vincentio,If yet her brother's pardon be come hither:,2125
Act IV,Scene III,Duke Vincentio,"But I will keep her ignorant of her good,",2126
Act IV,Scene III,Duke Vincentio,"To make her heavenly comforts of despair,",2127
Act IV,Scene III,Duke Vincentio,When it is least expected.,2128
Act IV,Scene III,[stage direction],Enter ISABELLA,NA
Act IV,Scene III,Isabella,"Ho, by your leave!",2129
Act IV,Scene III,Duke Vincentio,"Good morning to you, fair and gracious daughter.",2130
Act IV,Scene III,Isabella,"The better, given me by so holy a man.",2131
Act IV,Scene III,Isabella,Hath yet the deputy sent my brother's pardon?,2132
Act IV,Scene III,Duke Vincentio,"He hath released him, Isabel, from the world:",2133
Act IV,Scene III,Duke Vincentio,His head is off and sent to Angelo.,2134
Act IV,Scene III,Isabella,"Nay, but it is not so.",2135
Act IV,Scene III,Duke Vincentio,"It is no other: show your wisdom, daughter,",2136
Act IV,Scene III,Duke Vincentio,In your close patience.,2137
Act IV,Scene III,Isabella,"O, I will to him and pluck out his eyes!",2138
Act IV,Scene III,Duke Vincentio,You shall not be admitted to his sight.,2139
Act IV,Scene III,Isabella,Unhappy Claudio! wretched Isabel!,2140
Act IV,Scene III,Isabella,Injurious world! most damned Angelo!,2141
Act IV,Scene III,Duke Vincentio,This nor hurts him nor profits you a jot;,2142
Act IV,Scene III,Duke Vincentio,Forbear it therefore; give your cause to heaven.,2143
Act IV,Scene III,Duke Vincentio,"Mark what I say, which you shall find",2144
Act IV,Scene III,Duke Vincentio,By every syllable a faithful verity:,2145
Act IV,Scene III,Duke Vincentio,"The duke comes home to-morrow; nay, dry your eyes;",2146
Act IV,Scene III,Duke Vincentio,"One of our convent, and his confessor,",2147
Act IV,Scene III,Duke Vincentio,Gives me this instance: already he hath carried,2148
Act IV,Scene III,Duke Vincentio,"Notice to Escalus and Angelo,",2149
Act IV,Scene III,Duke Vincentio,"Who do prepare to meet him at the gates,",2150
Act IV,Scene III,Duke Vincentio,"There to give up their power. If you can, pace your wisdom",2151
Act IV,Scene III,Duke Vincentio,"In that good path that I would wish it go,",2152
Act IV,Scene III,Duke Vincentio,"And you shall have your bosom on this wretch,",2153
Act IV,Scene III,Duke Vincentio,"Grace of the duke, revenges to your heart,",2154
Act IV,Scene III,Duke Vincentio,And general honour.,2155
Act IV,Scene III,Isabella,I am directed by you.,2156
Act IV,Scene III,Duke Vincentio,"This letter, then, to Friar Peter give;",2157
Act IV,Scene III,Duke Vincentio,'Tis that he sent me of the duke's return:,2158
Act IV,Scene III,Duke Vincentio,"Say, by this token, I desire his company",2159
Act IV,Scene III,Duke Vincentio,At Mariana's house to-night. Her cause and yours,2160
Act IV,Scene III,Duke Vincentio,"I'll perfect him withal, and he shall bring you",2161
Act IV,Scene III,Duke Vincentio,"Before the duke, and to the head of Angelo",2162
Act IV,Scene III,Duke Vincentio,"Accuse him home and home. For my poor self,",2163
Act IV,Scene III,Duke Vincentio,I am combined by a sacred vow,2164
Act IV,Scene III,Duke Vincentio,And shall be absent. Wend you with this letter:,2165
Act IV,Scene III,Duke Vincentio,Command these fretting waters from your eyes,2166
Act IV,Scene III,Duke Vincentio,"With a light heart; trust not my holy order,",2167
Act IV,Scene III,Duke Vincentio,If I pervert your course. Who's here?,2168
Act IV,Scene III,[stage direction],Enter LUCIO,NA
Act IV,Scene III,Lucio,"Good even. Friar, where's the provost?",2169
Act IV,Scene III,Duke Vincentio,"Not within, sir.",2170
Act IV,Scene III,Lucio,"O pretty Isabella, I am pale at mine heart to see",2171
Act IV,Scene III,Lucio,thine eyes so red: thou must be patient. I am fain,2172
Act IV,Scene III,Lucio,to dine and sup with water and bran; I dare not for,2173
Act IV,Scene III,Lucio,my head fill my belly; one fruitful meal would set,2174
Act IV,Scene III,Lucio,me to 't. But they say the duke will be here,2175
Act IV,Scene III,Lucio,"to-morrow. By my troth, Isabel, I loved thy brother:",2176
Act IV,Scene III,Lucio,if the old fantastical duke of dark corners had been,2177
Act IV,Scene III,Lucio,"at home, he had lived.",2178
Act IV,Scene III,[stage direction],Exit ISABELLA,NA
Act IV,Scene III,Duke Vincentio,"Sir, the duke is marvellous little beholding to your",2179
Act IV,Scene III,Duke Vincentio,"reports; but the best is, he lives not in them.",2180
Act IV,Scene III,Lucio,"Friar, thou knowest not the duke so well as I do:",2181
Act IV,Scene III,Lucio,he's a better woodman than thou takest him for.,2182
Act IV,Scene III,Duke Vincentio,"Well, you'll answer this one day. Fare ye well.",2183
Act IV,Scene III,Lucio,"Nay, tarry; I'll go along with thee",2184
Act IV,Scene III,Lucio,I can tell thee pretty tales of the duke.,2185
Act IV,Scene III,Duke Vincentio,"You have told me too many of him already, sir, if",2186
Act IV,Scene III,Duke Vincentio,"they be true; if not true, none were enough.",2187
Act IV,Scene III,Lucio,I was once before him for getting a wench with child.,2188
Act IV,Scene III,Duke Vincentio,Did you such a thing?,2189
Act IV,Scene III,Lucio,"Yes, marry, did I	but I was fain to forswear it;",2190
Act IV,Scene III,Lucio,they would else have married me to the rotten medlar.,2191
Act IV,Scene III,Duke Vincentio,"Sir, your company is fairer than honest. Rest you well.",2192
Act IV,Scene III,Lucio,"By my troth, I'll go with thee to the lane's end:",2193
Act IV,Scene III,Lucio,"if bawdy talk offend you, we'll have very little of",2194
Act IV,Scene III,Lucio,"it. Nay, friar, I am a kind of burr; I shall stick.",2195
Act IV,Scene III,[stage direction],Exeunt,NA
Act IV,Scene IV,[stage direction],Enter ANGELO and ESCALUS,NA
Act IV,Scene IV,Escalus,Every letter he hath writ hath disvouched other.,2196
Act IV,Scene IV,Angelo,In most uneven and distracted manner. His actions,2197
Act IV,Scene IV,Angelo,show much like to madness: pray heaven his wisdom be,2198
Act IV,Scene IV,Angelo,"not tainted! And why meet him at the gates, and",2199
Act IV,Scene IV,Angelo,redeliver our authorities there,2200
Act IV,Scene IV,Escalus,I guess not.,2201
Act IV,Scene IV,Angelo,And why should we proclaim it in an hour before his,2202
Act IV,Scene IV,Angelo,"entering, that if any crave redress of injustice,",2203
Act IV,Scene IV,Angelo,they should exhibit their petitions in the street?,2204
Act IV,Scene IV,Escalus,He shows his reason for that: to have a dispatch of,2205
Act IV,Scene IV,Escalus,"complaints, and to deliver us from devices",2206
Act IV,Scene IV,Escalus,"hereafter, which shall then have no power to stand",2207
Act IV,Scene IV,Escalus,against us.,2208
Act IV,Scene IV,Angelo,"Well, I beseech you, let it be proclaimed betimes",2209
Act IV,Scene IV,Angelo,i' the morn; I'll call you at your house: give,2210
Act IV,Scene IV,Angelo,notice to such men of sort and suit as are to meet,2211
Act IV,Scene IV,Angelo,him.,2212
Act IV,Scene IV,Escalus,"I shall, sir. Fare you well.",2213
Act IV,Scene IV,Angelo,Good night.,2214
Act IV,Scene IV,[stage direction],Exit ESCALUS,NA
Act IV,Scene IV,Angelo,"This deed unshapes me quite, makes me unpregnant",2215
Act IV,Scene IV,Angelo,And dull to all proceedings. A deflower'd maid!,2216
Act IV,Scene IV,Angelo,And by an eminent body that enforced,2217
Act IV,Scene IV,Angelo,The law against it! But that her tender shame,2218
Act IV,Scene IV,Angelo,"Will not proclaim against her maiden loss,",2219
Act IV,Scene IV,Angelo,How might she tongue me! Yet reason dares her no;,2220
Act IV,Scene IV,Angelo,"For my authority bears of a credent bulk,",2221
Act IV,Scene IV,Angelo,That no particular scandal once can touch,2222
Act IV,Scene IV,Angelo,"But it confounds the breather. He should have lived,",2223
Act IV,Scene IV,Angelo,"Save that riotous youth, with dangerous sense,",2224
Act IV,Scene IV,Angelo,"Might in the times to come have ta'en revenge,",2225
Act IV,Scene IV,Angelo,By so receiving a dishonour'd life,2226
Act IV,Scene IV,Angelo,With ransom of such shame. Would yet he had lived!,2227
Act IV,Scene IV,Angelo,"A lack, when once our grace we have forgot,",2228
Act IV,Scene IV,Angelo,"Nothing goes right: we would, and we would not.",2229
Act IV,Scene IV,[stage direction],Exit,NA
Act IV,Scene V,[stage direction],"Enter DUKE VINCENTIO in his own habit, and FRIAR PETER",NA
Act IV,Scene V,Duke Vincentio,These letters at fit time deliver me,2230
Act IV,Scene V,[stage direction],Giving letters,NA
Act IV,Scene V,Duke Vincentio,The provost knows our purpose and our plot.,2231
Act IV,Scene V,Duke Vincentio,"The matter being afoot, keep your instruction,",2232
Act IV,Scene V,Duke Vincentio,And hold you ever to our special drift;,2233
Act IV,Scene V,Duke Vincentio,"Though sometimes you do blench from this to that,",2234
Act IV,Scene V,Duke Vincentio,"As cause doth minister. Go call at Flavius' house,",2235
Act IV,Scene V,Duke Vincentio,And tell him where I stay: give the like notice,2236
Act IV,Scene V,Duke Vincentio,"To Valentinus, Rowland, and to Crassus,",2237
Act IV,Scene V,Duke Vincentio,And bid them bring the trumpets to the gate;,2238
Act IV,Scene V,Duke Vincentio,But send me Flavius first.,2239
Act IV,Scene V,Friar Peter,It shall be speeded well.,2240
Act IV,Scene V,[stage direction],Exit,NA
Act IV,Scene V,[stage direction],Enter VARRIUS,NA
Act IV,Scene V,Duke Vincentio,"I thank thee, Varrius; thou hast made good haste:",2241
Act IV,Scene V,Duke Vincentio,"Come, we will walk. There's other of our friends",2242
Act IV,Scene V,Duke Vincentio,"Will greet us here anon, my gentle Varrius.",2243
Act IV,Scene V,[stage direction],Exeunt,NA
Act IV,Scene VI,[stage direction],Enter ISABELLA and MARIANA,NA
Act IV,Scene VI,Isabella,To speak so indirectly I am loath:,2244
Act IV,Scene VI,Isabella,"I would say the truth; but to accuse him so,",2245
Act IV,Scene VI,Isabella,That is your part: yet I am advised to do it;,2246
Act IV,Scene VI,Isabella,"He says, to veil full purpose.",2247
Act IV,Scene VI,Mariana,Be ruled by him.,2248
Act IV,Scene VI,Isabella,"Besides, he tells me that, if peradventure",2249
Act IV,Scene VI,Isabella,"He speak against me on the adverse side,",2250
Act IV,Scene VI,Isabella,I should not think it strange; for 'tis a physic,2251
Act IV,Scene VI,Isabella,That's bitter to sweet end.,2252
Act IV,Scene VI,Mariana,I would Friar Peter--,2253
Act IV,Scene VI,Isabella,"O, peace! the friar is come.",2254
Act IV,Scene VI,[stage direction],Enter FRIAR PETER,NA
Act IV,Scene VI,Friar Peter,"Come, I have found you out a stand most fit,",2255
Act IV,Scene VI,Friar Peter,"Where you may have such vantage on the duke,",2256
Act IV,Scene VI,Friar Peter,He shall not pass you. Twice have the trumpets sounded;,2257
Act IV,Scene VI,Friar Peter,The generous and gravest citizens,2258
Act IV,Scene VI,Friar Peter,"Have hent the gates, and very near upon",2259
Act IV,Scene VI,Friar Peter,"The duke is entering: therefore, hence, away!",2260
Act IV,Scene VI,[stage direction],Exeunt,NA
Act V,Scene I,[stage direction],"MARIANA veiled, ISABELLA, and FRIAR PETER, at their  stand. Enter DUKE VINCENTIO, VARRIUS, Lords,  ANGELO, ESCALUS, LUCIO, Provost, Officers, and Citizens, at several doors",NA
Act V,Scene I,Duke Vincentio,"My very worthy cousin, fairly met!",2261
Act V,Scene I,Duke Vincentio,"Our old and faithful friend, we are glad to see you.",2262
Act V,Scene I,Escalus,Happy return be to your royal grace!,2263
Act V,Scene I,Duke Vincentio,Many and hearty thankings to you both.,2264
Act V,Scene I,Duke Vincentio,We have made inquiry of you; and we hear,2265
Act V,Scene I,Duke Vincentio,"Such goodness of your justice, that our soul",2266
Act V,Scene I,Duke Vincentio,"Cannot but yield you forth to public thanks,",2267
Act V,Scene I,Duke Vincentio,Forerunning more requital.,2268
Act V,Scene I,Angelo,You make my bonds still greater.,2269
Act V,Scene I,Duke Vincentio,"O, your desert speaks loud; and I should wrong it,",2270
Act V,Scene I,Duke Vincentio,"To lock it in the wards of covert bosom,",2271
Act V,Scene I,Duke Vincentio,"When it deserves, with characters of brass,",2272
Act V,Scene I,Duke Vincentio,A forted residence 'gainst the tooth of time,2273
Act V,Scene I,Duke Vincentio,"And razure of oblivion. Give me your hand,",2274
Act V,Scene I,Duke Vincentio,"And let the subject see, to make them know",2275
Act V,Scene I,Duke Vincentio,That outward courtesies would fain proclaim,2276
Act V,Scene I,Duke Vincentio,"Favours that keep within. Come, Escalus,",2277
Act V,Scene I,Duke Vincentio,You must walk by us on our other hand;,2278
Act V,Scene I,Duke Vincentio,And good supporters are you.,2279
Act V,Scene I,[stage direction],FRIAR PETER and ISABELLA come forward,NA
Act V,Scene I,Friar Peter,Now is your time: speak loud and kneel before him.,2280
Act V,Scene I,Isabella,"Justice, O royal duke! Vail your regard",2281
Act V,Scene I,Isabella,"Upon a wrong'd, I would fain have said, a maid!",2282
Act V,Scene I,Isabella,"O worthy prince, dishonour not your eye",2283
Act V,Scene I,Isabella,By throwing it on any other object,2284
Act V,Scene I,Isabella,Till you have heard me in my true complaint,2285
Act V,Scene I,Isabella,"And given me justice, justice, justice, justice!",2286
Act V,Scene I,Duke Vincentio,Relate your wrongs; in what? by whom? be brief.,2287
Act V,Scene I,Duke Vincentio,Here is Lord Angelo shall give you justice:,2288
Act V,Scene I,Duke Vincentio,Reveal yourself to him.,2289
Act V,Scene I,Isabella,"O worthy duke,",2290
Act V,Scene I,Isabella,You bid me seek redemption of the devil:,2291
Act V,Scene I,Isabella,Hear me yourself; for that which I must speak,2292
Act V,Scene I,Isabella,"Must either punish me, not being believed,",2293
Act V,Scene I,Isabella,"Or wring redress from you. Hear me, O hear me, here!",2294
Act V,Scene I,Angelo,"My lord, her wits, I fear me, are not firm:",2295
Act V,Scene I,Angelo,She hath been a suitor to me for her brother,2296
Act V,Scene I,Angelo,"Cut off by course of justice,--",2297
Act V,Scene I,Isabella,By course of justice!,2298
Act V,Scene I,Angelo,And she will speak most bitterly and strange.,2299
Act V,Scene I,Isabella,"Most strange, but yet most truly, will I speak:",2300
Act V,Scene I,Isabella,That Angelo's forsworn; is it not strange?,2301
Act V,Scene I,Isabella,That Angelo's a murderer; is 't not strange?,2302
Act V,Scene I,Isabella,"That Angelo is an adulterous thief,",2303
Act V,Scene I,Isabella,"An hypocrite, a virgin-violator;",2304
Act V,Scene I,Isabella,Is it not strange and strange?,2305
Act V,Scene I,Duke Vincentio,"Nay, it is ten times strange.",2306
Act V,Scene I,Isabella,It is not truer he is Angelo,2307
Act V,Scene I,Isabella,Than this is all as true as it is strange:,2308
Act V,Scene I,Isabella,"Nay, it is ten times true; for truth is truth",2309
Act V,Scene I,Isabella,To the end of reckoning.,2310
Act V,Scene I,Duke Vincentio,"Away with her! Poor soul,",2311
Act V,Scene I,Duke Vincentio,She speaks this in the infirmity of sense.,2312
Act V,Scene I,Isabella,"O prince, I conjure thee, as thou believest",2313
Act V,Scene I,Isabella,"There is another comfort than this world,",2314
Act V,Scene I,Isabella,"That thou neglect me not, with that opinion",2315
Act V,Scene I,Isabella,That I am touch'd with madness! Make not impossible,2316
Act V,Scene I,Isabella,That which but seems unlike: 'tis not impossible,2317
Act V,Scene I,Isabella,"But one, the wicked'st caitiff on the ground,",2318
Act V,Scene I,Isabella,"May seem as shy, as grave, as just, as absolute",2319
Act V,Scene I,Isabella,"As Angelo; even so may Angelo,",2320
Act V,Scene I,Isabella,"In all his dressings, characts, titles, forms,",2321
Act V,Scene I,Isabella,"Be an arch-villain; believe it, royal prince:",2322
Act V,Scene I,Isabella,"If he be less, he's nothing; but he's more,",2323
Act V,Scene I,Isabella,Had I more name for badness.,2324
Act V,Scene I,Duke Vincentio,"By mine honesty,",2325
Act V,Scene I,Duke Vincentio,"If she be mad,--as I believe no other,--",2326
Act V,Scene I,Duke Vincentio,"Her madness hath the oddest frame of sense,",2327
Act V,Scene I,Duke Vincentio,"Such a dependency of thing on thing,",2328
Act V,Scene I,Duke Vincentio,As e'er I heard in madness.,2329
Act V,Scene I,Isabella,"O gracious duke,",2330
Act V,Scene I,Isabella,"Harp not on that, nor do not banish reason",2331
Act V,Scene I,Isabella,For inequality; but let your reason serve,2332
Act V,Scene I,Isabella,"To make the truth appear where it seems hid,",2333
Act V,Scene I,Isabella,And hide the false seems true.,2334
Act V,Scene I,Duke Vincentio,Many that are not mad,2335
Act V,Scene I,Duke Vincentio,"Have, sure, more lack of reason. What would you say?",2336
Act V,Scene I,Isabella,"I am the sister of one Claudio,",2337
Act V,Scene I,Isabella,Condemn'd upon the act of fornication,2338
Act V,Scene I,Isabella,To lose his head; condemn'd by Angelo:,2339
Act V,Scene I,Isabella,"I, in probation of a sisterhood,",2340
Act V,Scene I,Isabella,Was sent to by my brother; one Lucio,2341
Act V,Scene I,Isabella,"As then the messenger,--",2342
Act V,Scene I,Lucio,"That's I, an't like your grace:",2343
Act V,Scene I,Lucio,"I came to her from Claudio, and desired her",2344
Act V,Scene I,Lucio,To try her gracious fortune with Lord Angelo,2345
Act V,Scene I,Lucio,For her poor brother's pardon.,2346
Act V,Scene I,Isabella,That's he indeed.,2347
Act V,Scene I,Duke Vincentio,You were not bid to speak.,2348
Act V,Scene I,Lucio,"No, my good lord;",2349
Act V,Scene I,Lucio,Nor wish'd to hold my peace.,2350
Act V,Scene I,Duke Vincentio,"I wish you now, then;",2351
Act V,Scene I,Duke Vincentio,"Pray you, take note of it: and when you have",2352
Act V,Scene I,Duke Vincentio,"A business for yourself, pray heaven you then",2353
Act V,Scene I,Duke Vincentio,Be perfect.,2354
Act V,Scene I,Lucio,I warrant your honour.,2355
Act V,Scene I,Duke Vincentio,The warrants for yourself; take heed to't.,2356
Act V,Scene I,Isabella,"This gentleman told somewhat of my tale,--",2357
Act V,Scene I,Lucio,Right.,2358
Act V,Scene I,Duke Vincentio,It may be right; but you are i' the wrong,2359
Act V,Scene I,Duke Vincentio,To speak before your time. Proceed.,2360
Act V,Scene I,Isabella,I went,2361
Act V,Scene I,Isabella,"To this pernicious caitiff deputy,--",2362
Act V,Scene I,Duke Vincentio,That's somewhat madly spoken.,2363
Act V,Scene I,Isabella,Pardon it;,2364
Act V,Scene I,Isabella,The phrase is to the matter.,2365
Act V,Scene I,Duke Vincentio,Mended again. The matter; proceed.,2366
Act V,Scene I,Isabella,"In brief, to set the needless process by,",2367
Act V,Scene I,Isabella,"How I persuaded, how I pray'd, and kneel'd,",2368
Act V,Scene I,Isabella,"How he refell'd me, and how I replied,--",2369
Act V,Scene I,Isabella,"For this was of much length,--the vile conclusion",2370
Act V,Scene I,Isabella,I now begin with grief and shame to utter:,2371
Act V,Scene I,Isabella,"He would not, but by gift of my chaste body",2372
Act V,Scene I,Isabella,"To his concupiscible intemperate lust,",2373
Act V,Scene I,Isabella,"Release my brother; and, after much debatement,",2374
Act V,Scene I,Isabella,"My sisterly remorse confutes mine honour,",2375
Act V,Scene I,Isabella,"And I did yield to him: but the next morn betimes,",2376
Act V,Scene I,Isabella,"His purpose surfeiting, he sends a warrant",2377
Act V,Scene I,Isabella,For my poor brother's head.,2378
Act V,Scene I,Duke Vincentio,This is most likely!,2379
Act V,Scene I,Isabella,"O, that it were as like as it is true!",2380
Act V,Scene I,Duke Vincentio,"By heaven, fond wretch, thou knowist not what thou speak'st,",2381
Act V,Scene I,Duke Vincentio,Or else thou art suborn'd against his honour,2382
Act V,Scene I,Duke Vincentio,"In hateful practise. First, his integrity",2383
Act V,Scene I,Duke Vincentio,"Stands without blemish. Next, it imports no reason",2384
Act V,Scene I,Duke Vincentio,That with such vehemency he should pursue,2385
Act V,Scene I,Duke Vincentio,"Faults proper to himself: if he had so offended,",2386
Act V,Scene I,Duke Vincentio,He would have weigh'd thy brother by himself,2387
Act V,Scene I,Duke Vincentio,And not have cut him off. Some one hath set you on:,2388
Act V,Scene I,Duke Vincentio,"Confess the truth, and say by whose advice",2389
Act V,Scene I,Duke Vincentio,Thou camest here to complain.,2390
Act V,Scene I,Isabella,And is this all?,2391
Act V,Scene I,Isabella,"Then, O you blessed ministers above,",2392
Act V,Scene I,Isabella,"Keep me in patience, and with ripen'd time",2393
Act V,Scene I,Isabella,Unfold the evil which is here wrapt up,2394
Act V,Scene I,Isabella,"In countenance! Heaven shield your grace from woe,",2395
Act V,Scene I,Isabella,"As I, thus wrong'd, hence unbelieved go!",2396
Act V,Scene I,Duke Vincentio,I know you'ld fain be gone. An officer!,2397
Act V,Scene I,Duke Vincentio,To prison with her! Shall we thus permit,2398
Act V,Scene I,Duke Vincentio,A blasting and a scandalous breath to fall,2399
Act V,Scene I,Duke Vincentio,On him so near us? This needs must be a practise.,2400
Act V,Scene I,Duke Vincentio,Who knew of Your intent and coming hither?,2401
Act V,Scene I,Isabella,"One that I would were here, Friar Lodowick.",2402
Act V,Scene I,Duke Vincentio,"A ghostly father, belike. Who knows that Lodowick?",2403
Act V,Scene I,Lucio,"My lord, I know him; 'tis a meddling friar;",2404
Act V,Scene I,Lucio,"I do not like the man: had he been lay, my lord",2405
Act V,Scene I,Lucio,For certain words he spake against your grace,2406
Act V,Scene I,Lucio,"In your retirement, I had swinged him soundly.",2407
Act V,Scene I,Duke Vincentio,"Words against me? this is a good friar, belike!",2408
Act V,Scene I,Duke Vincentio,And to set on this wretched woman here,2409
Act V,Scene I,Duke Vincentio,Against our substitute! Let this friar be found.,2410
Act V,Scene I,Lucio,"But yesternight, my lord, she and that friar,",2411
Act V,Scene I,Lucio,"I saw them at the prison: a saucy friar,",2412
Act V,Scene I,Lucio,A very scurvy fellow.,2413
Act V,Scene I,Friar Peter,Blessed be your royal grace!,2414
Act V,Scene I,Friar Peter,"I have stood by, my lord, and I have heard",2415
Act V,Scene I,Friar Peter,"Your royal ear abused. First, hath this woman",2416
Act V,Scene I,Friar Peter,"Most wrongfully accused your substitute,",2417
Act V,Scene I,Friar Peter,Who is as free from touch or soil with her,2418
Act V,Scene I,Friar Peter,As she from one ungot.,2419
Act V,Scene I,Duke Vincentio,We did believe no less.,2420
Act V,Scene I,Duke Vincentio,Know you that Friar Lodowick that she speaks of?,2421
Act V,Scene I,Friar Peter,I know him for a man divine and holy;,2422
Act V,Scene I,Friar Peter,"Not scurvy, nor a temporary meddler,",2423
Act V,Scene I,Friar Peter,As he's reported by this gentleman;,2424
Act V,Scene I,Friar Peter,"And, on my trust, a man that never yet",2425
Act V,Scene I,Friar Peter,"Did, as he vouches, misreport your grace.",2426
Act V,Scene I,Lucio,"My lord, most villanously; believe it.",2427
Act V,Scene I,Friar Peter,"Well, he in time may come to clear himself;",2428
Act V,Scene I,Friar Peter,"But at this instant he is sick my lord,",2429
Act V,Scene I,Friar Peter,"Of a strange fever. Upon his mere request,",2430
Act V,Scene I,Friar Peter,Being come to knowledge that there was complaint,2431
Act V,Scene I,Friar Peter,"Intended 'gainst Lord Angelo, came I hither,",2432
Act V,Scene I,Friar Peter,"To speak, as from his mouth, what he doth know",2433
Act V,Scene I,Friar Peter,Is true and false; and what he with his oath,2434
Act V,Scene I,Friar Peter,"And all probation will make up full clear,",2435
Act V,Scene I,Friar Peter,"Whensoever he's convented. First, for this woman.",2436
Act V,Scene I,Friar Peter,"To justify this worthy nobleman,",2437
Act V,Scene I,Friar Peter,"So vulgarly and personally accused,",2438
Act V,Scene I,Friar Peter,"Her shall you hear disproved to her eyes,",2439
Act V,Scene I,Friar Peter,Till she herself confess it.,2440
Act V,Scene I,Duke Vincentio,"Good friar, let's hear it.",2441
Act V,Scene I,[stage direction],ISABELLA is carried off guarded; and MARIANA comes forward,NA
Act V,Scene I,Duke Vincentio,"Do you not smile at this, Lord Angelo?",2442
Act V,Scene I,Duke Vincentio,"O heaven, the vanity of wretched fools!",2443
Act V,Scene I,Duke Vincentio,"Give us some seats. Come, cousin Angelo;",2444
Act V,Scene I,Duke Vincentio,In this I'll be impartial; be you judge,2445
Act V,Scene I,Duke Vincentio,"Of your own cause. Is this the witness, friar?",2446
Act V,Scene I,Duke Vincentio,"First, let her show her face, and after speak.",2447
Act V,Scene I,Mariana,"Pardon, my lord; I will not show my face",2448
Act V,Scene I,Mariana,Until my husband bid me.,2449
Act V,Scene I,Duke Vincentio,"What, are you married?",2450
Act V,Scene I,Mariana,"No, my lord.",2451
Act V,Scene I,Duke Vincentio,Are you a maid?,2452
Act V,Scene I,Mariana,"No, my lord.",2453
Act V,Scene I,Duke Vincentio,"A widow, then?",2454
Act V,Scene I,Mariana,"Neither, my lord.",2455
Act V,Scene I,Duke Vincentio,"Why, you are nothing then: neither maid, widow, nor wife?",2456
Act V,Scene I,Lucio,"My lord, she may be a punk; for many of them are",2457
Act V,Scene I,Lucio,"neither maid, widow, nor wife.",2458
Act V,Scene I,Duke Vincentio,Silence that fellow: I would he had some cause,2459
Act V,Scene I,Duke Vincentio,To prattle for himself.,2460
Act V,Scene I,Lucio,"Well, my lord.",2461
Act V,Scene I,Mariana,My lord; I do confess I ne'er was married;,2462
Act V,Scene I,Mariana,And I confess besides I am no maid:,2463
Act V,Scene I,Mariana,I have known my husband; yet my husband,2464
Act V,Scene I,Mariana,Knows not that ever he knew me.,2465
Act V,Scene I,Lucio,"He was drunk then, my lord: it can be no better.",2466
Act V,Scene I,Duke Vincentio,"For the benefit of silence, would thou wert so too!",2467
Act V,Scene I,Lucio,"Well, my lord.",2468
Act V,Scene I,Duke Vincentio,This is no witness for Lord Angelo.,2469
Act V,Scene I,Mariana,Now I come to't my lord,2470
Act V,Scene I,Mariana,"She that accuses him of fornication,",2471
Act V,Scene I,Mariana,"In self-same manner doth accuse my husband,",2472
Act V,Scene I,Mariana,"And charges him my lord, with such a time",2473
Act V,Scene I,Mariana,When I'll depose I had him in mine arms,2474
Act V,Scene I,Mariana,With all the effect of love.,2475
Act V,Scene I,Angelo,Charges she more than me?,2476
Act V,Scene I,Mariana,Not that I know.,2477
Act V,Scene I,Duke Vincentio,No? you say your husband.,2478
Act V,Scene I,Mariana,"Why, just, my lord, and that is Angelo,",2479
Act V,Scene I,Mariana,"Who thinks he knows that he ne'er knew my body,",2480
Act V,Scene I,Mariana,But knows he thinks that he knows Isabel's.,2481
Act V,Scene I,Angelo,This is a strange abuse. Let's see thy face.,2482
Act V,Scene I,Mariana,My husband bids me; now I will unmask.,2483
Act V,Scene I,[stage direction],Unveiling,NA
Act V,Scene I,Mariana,"This is that face, thou cruel Angelo,",2484
Act V,Scene I,Mariana,Which once thou sworest was worth the looking on;,2485
Act V,Scene I,Mariana,"This is the hand which, with a vow'd contract,",2486
Act V,Scene I,Mariana,Was fast belock'd in thine; this is the body,2487
Act V,Scene I,Mariana,"That took away the match from Isabel,",2488
Act V,Scene I,Mariana,And did supply thee at thy garden-house,2489
Act V,Scene I,Mariana,In her imagined person.,2490
Act V,Scene I,Duke Vincentio,Know you this woman?,2491
Act V,Scene I,Lucio,"Carnally, she says.",2492
Act V,Scene I,Duke Vincentio,"Sirrah, no more!",2493
Act V,Scene I,Lucio,"Enough, my lord.",2494
Act V,Scene I,Angelo,"My lord, I must confess I know this woman:",2495
Act V,Scene I,Angelo,And five years since there was some speech of marriage,2496
Act V,Scene I,Angelo,"Betwixt myself and her; which was broke off,",2497
Act V,Scene I,Angelo,Partly for that her promised proportions,2498
Act V,Scene I,Angelo,"Came short of composition, but in chief",2499
Act V,Scene I,Angelo,For that her reputation was disvalued,2500
Act V,Scene I,Angelo,In levity: since which time of five years,2501
Act V,Scene I,Angelo,"I never spake with her, saw her, nor heard from her,",2502
Act V,Scene I,Angelo,Upon my faith and honour.,2503
Act V,Scene I,Mariana,"Noble prince,",2504
Act V,Scene I,Mariana,"As there comes light from heaven and words from breath,",2505
Act V,Scene I,Mariana,"As there is sense in truth and truth in virtue,",2506
Act V,Scene I,Mariana,I am affianced this man's wife as strongly,2507
Act V,Scene I,Mariana,"As words could make up vows: and, my good lord,",2508
Act V,Scene I,Mariana,But Tuesday night last gone in's garden-house,2509
Act V,Scene I,Mariana,"He knew me as a wife. As this is true,",2510
Act V,Scene I,Mariana,Let me in safety raise me from my knees,2511
Act V,Scene I,Mariana,"Or else for ever be confixed here,",2512
Act V,Scene I,Mariana,A marble monument!,2513
Act V,Scene I,Angelo,I did but smile till now:,2514
Act V,Scene I,Angelo,"Now, good my lord, give me the scope of justice",2515
Act V,Scene I,Angelo,My patience here is touch'd. I do perceive,2516
Act V,Scene I,Angelo,These poor informal women are no more,2517
Act V,Scene I,Angelo,But instruments of some more mightier member,2518
Act V,Scene I,Angelo,"That sets them on: let me have way, my lord,",2519
Act V,Scene I,Angelo,To find this practise out.,2520
Act V,Scene I,Duke Vincentio,"Ay, with my heart",2521
Act V,Scene I,Duke Vincentio,And punish them to your height of pleasure.,2522
Act V,Scene I,Duke Vincentio,"Thou foolish friar, and thou pernicious woman,",2523
Act V,Scene I,Duke Vincentio,"Compact with her that's gone, think'st thou thy oaths,",2524
Act V,Scene I,Duke Vincentio,"Though they would swear down each particular saint,",2525
Act V,Scene I,Duke Vincentio,Were testimonies against his worth and credit,2526
Act V,Scene I,Duke Vincentio,"That's seal'd in approbation? You, Lord Escalus,",2527
Act V,Scene I,Duke Vincentio,Sit with my cousin; lend him your kind pains,2528
Act V,Scene I,Duke Vincentio,"To find out this abuse, whence 'tis derived.",2529
Act V,Scene I,Duke Vincentio,There is another friar that set them on;,2530
Act V,Scene I,Duke Vincentio,Let him be sent for.,2531
Act V,Scene I,Friar Peter,"Would he were here, my lord! for he indeed",2532
Act V,Scene I,Friar Peter,Hath set the women on to this complaint:,2533
Act V,Scene I,Friar Peter,Your provost knows the place where he abides,2534
Act V,Scene I,Friar Peter,And he may fetch him.,2535
Act V,Scene I,Duke Vincentio,Go do it instantly.,2536
Act V,Scene I,[stage direction],Exit Provost,NA
Act V,Scene I,Duke Vincentio,"And you, my noble and well-warranted cousin,",2537
Act V,Scene I,Duke Vincentio,"Whom it concerns to hear this matter forth,",2538
Act V,Scene I,Duke Vincentio,"Do with your injuries as seems you best,",2539
Act V,Scene I,Duke Vincentio,In any chastisement: I for a while will leave you;,2540
Act V,Scene I,Duke Vincentio,But stir not you till you have well determined,2541
Act V,Scene I,Duke Vincentio,Upon these slanderers.,2542
Act V,Scene I,Escalus,"My lord, we'll do it throughly.",2543
Act V,Scene I,[stage direction],Exit DUKE,NA
Act V,Scene I,Escalus,"Signior Lucio, did not you say you knew that",2544
Act V,Scene I,Escalus,Friar Lodowick to be a dishonest person?,2545
Act V,Scene I,Lucio,'Cucullus non facit monachum:' honest in nothing,2546
Act V,Scene I,Lucio,but in his clothes; and one that hath spoke most,2547
Act V,Scene I,Lucio,villanous speeches of the duke.,2548
Act V,Scene I,Escalus,We shall entreat you to abide here till he come and,2549
Act V,Scene I,Escalus,enforce them against him: we shall find this friar a,2550
Act V,Scene I,Escalus,notable fellow.,2551
Act V,Scene I,Lucio,"As any in Vienna, on my word.",2552
Act V,Scene I,Escalus,Call that same Isabel here once again; I would speak with her.,2553
Act V,Scene I,[stage direction],Exit an Attendant,NA
Act V,Scene I,Escalus,"Pray you, my lord, give me leave to question; you",2554
Act V,Scene I,Escalus,shall see how I'll handle her.,2555
Act V,Scene I,Lucio,"Not better than he, by her own report.",2556
Act V,Scene I,Escalus,Say you?,2557
Act V,Scene I,Lucio,"Marry, sir, I think, if you handled her privately,",2558
Act V,Scene I,Lucio,"she would sooner confess: perchance, publicly,",2559
Act V,Scene I,Lucio,she'll be ashamed.,2560
Act V,Scene I,Escalus,I will go darkly to work with her.,2561
Act V,Scene I,Lucio,That's the way; for women are light at midnight.,2562
Act V,Scene I,[stage direction],Re-enter Officers with ISABELLA; and Provost with the DUKE VINCENTIO in his friar's habit,NA
Act V,Scene I,Escalus,"Come on, mistress: here's a gentlewoman denies all",2563
Act V,Scene I,Escalus,that you have said.,2564
Act V,Scene I,Lucio,"My lord, here comes the rascal I spoke of; here with",2565
Act V,Scene I,Lucio,the provost.,2566
Act V,Scene I,Escalus,In very good time: speak not you to him till we,2567
Act V,Scene I,Escalus,call upon you.,2568
Act V,Scene I,Lucio,Mum.,2569
Act V,Scene I,Escalus,"Come, sir: did you set these women on to slander",2570
Act V,Scene I,Escalus,Lord Angelo? they have confessed you did.,2571
Act V,Scene I,Duke Vincentio,'Tis false.,2572
Act V,Scene I,Escalus,How! know you where you are?,2573
Act V,Scene I,Duke Vincentio,Respect to your great place! and let the devil,2574
Act V,Scene I,Duke Vincentio,Be sometime honour'd for his burning throne!,2575
Act V,Scene I,Duke Vincentio,Where is the duke? 'tis he should hear me speak.,2576
Act V,Scene I,Escalus,The duke's in us; and we will hear you speak:,2577
Act V,Scene I,Escalus,Look you speak justly.,2578
Act V,Scene I,Duke Vincentio,"Boldly, at least. But, O, poor souls,",2579
Act V,Scene I,Duke Vincentio,Come you to seek the lamb here of the fox?,2580
Act V,Scene I,Duke Vincentio,Good night to your redress! Is the duke gone?,2581
Act V,Scene I,Duke Vincentio,"Then is your cause gone too. The duke's unjust,",2582
Act V,Scene I,Duke Vincentio,"Thus to retort your manifest appeal,",2583
Act V,Scene I,Duke Vincentio,And put your trial in the villain's mouth,2584
Act V,Scene I,Duke Vincentio,Which here you come to accuse.,2585
Act V,Scene I,Lucio,This is the rascal; this is he I spoke of.,2586
Act V,Scene I,Escalus,"Why, thou unreverend and unhallow'd friar,",2587
Act V,Scene I,Escalus,Is't not enough thou hast suborn'd these women,2588
Act V,Scene I,Escalus,"To accuse this worthy man, but, in foul mouth",2589
Act V,Scene I,Escalus,"And in the witness of his proper ear,",2590
Act V,Scene I,Escalus,To call him villain? and then to glance from him,2591
Act V,Scene I,Escalus,"To the duke himself, to tax him with injustice?",2592
Act V,Scene I,Escalus,Take him hence; to the rack with him! We'll touse you,2593
Act V,Scene I,Escalus,"Joint by joint, but we will know his purpose.",2594
Act V,Scene I,Escalus,What 'unjust'!,2595
Act V,Scene I,Duke Vincentio,Be not so hot; the duke,2596
Act V,Scene I,Duke Vincentio,Dare no more stretch this finger of mine than he,2597
Act V,Scene I,Duke Vincentio,"Dare rack his own: his subject am I not,",2598
Act V,Scene I,Duke Vincentio,Nor here provincial. My business in this state,2599
Act V,Scene I,Duke Vincentio,"Made me a looker on here in Vienna,",2600
Act V,Scene I,Duke Vincentio,Where I have seen corruption boil and bubble,2601
Act V,Scene I,Duke Vincentio,"Till it o'er-run the stew; laws for all faults,",2602
Act V,Scene I,Duke Vincentio,"But faults so countenanced, that the strong statutes",2603
Act V,Scene I,Duke Vincentio,"Stand like the forfeits in a barber's shop,",2604
Act V,Scene I,Duke Vincentio,As much in mock as mark.,2605
Act V,Scene I,Escalus,Slander to the state! Away with him to prison!,2606
Act V,Scene I,Angelo,"What can you vouch against him, Signior Lucio?",2607
Act V,Scene I,Angelo,Is this the man that you did tell us of?,2608
Act V,Scene I,Lucio,"'Tis he, my lord. Come hither, goodman baldpate:",2609
Act V,Scene I,Lucio,do you know me?,2610
Act V,Scene I,Duke Vincentio,"I remember you, sir, by the sound of your voice: I",2611
Act V,Scene I,Duke Vincentio,"met you at the prison, in the absence of the duke.",2612
Act V,Scene I,Lucio,"O, did you so? And do you remember what you said of the duke?",2613
Act V,Scene I,Duke Vincentio,"Most notedly, sir.",2614
Act V,Scene I,Lucio,"Do you so, sir? And was the duke a fleshmonger, a",2615
Act V,Scene I,Lucio,"fool, and a coward, as you then reported him to be?",2616
Act V,Scene I,Duke Vincentio,"You must, sir, change persons with me, ere you make",2617
Act V,Scene I,Duke Vincentio,"that my report: you, indeed, spoke so of him; and",2618
Act V,Scene I,Duke Vincentio,"much more, much worse.",2619
Act V,Scene I,Lucio,O thou damnable fellow! Did not I pluck thee by the,2620
Act V,Scene I,Lucio,nose for thy speeches?,2621
Act V,Scene I,Duke Vincentio,I protest I love the duke as I love myself.,2622
Act V,Scene I,Angelo,"Hark, how the villain would close now, after his",2623
Act V,Scene I,Angelo,treasonable abuses!,2624
Act V,Scene I,Escalus,Such a fellow is not to be talked withal. Away with,2625
Act V,Scene I,Escalus,him to prison! Where is the provost? Away with him,2626
Act V,Scene I,Escalus,to prison! lay bolts enough upon him: let him,2627
Act V,Scene I,Escalus,"speak no more. Away with those giglots too, and",2628
Act V,Scene I,Escalus,with the other confederate companion!,2629
Act V,Scene I,Duke Vincentio,"[To Provost]  Stay, sir; stay awhile.",2630
Act V,Scene I,Angelo,"What, resists he? Help him, Lucio.",2631
Act V,Scene I,Lucio,"Come, sir; come, sir; come, sir; foh, sir! Why, you",2632
Act V,Scene I,Lucio,"bald-pated, lying rascal, you must be hooded, must",2633
Act V,Scene I,Lucio,"you? Show your knave's visage, with a pox to you!",2634
Act V,Scene I,Lucio,"show your sheep-biting face, and be hanged an hour!",2635
Act V,Scene I,Lucio,Will't not off?,2636
Act V,Scene I,[stage direction],"Pulls off the friar's hood, and discovers DUKE VINCENTIO",NA
Act V,Scene I,Duke Vincentio,Thou art the first knave that e'er madest a duke.,2637
Act V,Scene I,Duke Vincentio,"First, provost, let me bail these gentle three.",2638
Act V,Scene I,[stage direction],To LUCIO,NA
Act V,Scene I,Duke Vincentio,"Sneak not away, sir; for the friar and you",2639
Act V,Scene I,Duke Vincentio,Must have a word anon. Lay hold on him.,2640
Act V,Scene I,Lucio,This may prove worse than hanging.,2641
Act V,Scene I,Duke Vincentio,[To ESCALUS]  What you have spoke I pardon: sit you down:,2642
Act V,Scene I,Duke Vincentio,We'll borrow place of him.,2643
Act V,Scene I,[stage direction],To ANGELO,NA
Act V,Scene I,Duke Vincentio,"Sir, by your leave.",2644
Act V,Scene I,Duke Vincentio,"Hast thou or word, or wit, or impudence,",2645
Act V,Scene I,Duke Vincentio,"That yet can do thee office? If thou hast,",2646
Act V,Scene I,Duke Vincentio,"Rely upon it till my tale be heard,",2647
Act V,Scene I,Duke Vincentio,And hold no longer out.,2648
Act V,Scene I,Angelo,"O my dread lord,",2649
Act V,Scene I,Angelo,"I should be guiltier than my guiltiness,",2650
Act V,Scene I,Angelo,"To think I can be undiscernible,",2651
Act V,Scene I,Angelo,"When I perceive your grace, like power divine,",2652
Act V,Scene I,Angelo,"Hath look'd upon my passes. Then, good prince,",2653
Act V,Scene I,Angelo,"No longer session hold upon my shame,",2654
Act V,Scene I,Angelo,But let my trial be mine own confession:,2655
Act V,Scene I,Angelo,Immediate sentence then and sequent death,2656
Act V,Scene I,Angelo,Is all the grace I beg.,2657
Act V,Scene I,Duke Vincentio,"Come hither, Mariana.",2658
Act V,Scene I,Duke Vincentio,"Say, wast thou e'er contracted to this woman?",2659
Act V,Scene I,Angelo,"I was, my lord.",2660
Act V,Scene I,Duke Vincentio,"Go take her hence, and marry her instantly.",2661
Act V,Scene I,Duke Vincentio,"Do you the office, friar; which consummate,",2662
Act V,Scene I,Duke Vincentio,"Return him here again. Go with him, provost.",2663
Act V,Scene I,[stage direction],"Exeunt ANGELO, MARIANA, FRIAR PETER and Provost",NA
Act V,Scene I,Escalus,"My lord, I am more amazed at his dishonour",2664
Act V,Scene I,Escalus,Than at the strangeness of it.,2665
Act V,Scene I,Duke Vincentio,"Come hither, Isabel.",2666
Act V,Scene I,Duke Vincentio,Your friar is now your prince: as I was then,2667
Act V,Scene I,Duke Vincentio,"Advertising and holy to your business,",2668
Act V,Scene I,Duke Vincentio,"Not changing heart with habit, I am still",2669
Act V,Scene I,Duke Vincentio,Attorney'd at your service.,2670
Act V,Scene I,Isabella,"O, give me pardon,",2671
Act V,Scene I,Isabella,"That I, your vassal, have employ'd and pain'd",2672
Act V,Scene I,Isabella,Your unknown sovereignty!,2673
Act V,Scene I,Duke Vincentio,"You are pardon'd, Isabel:",2674
Act V,Scene I,Duke Vincentio,"And now, dear maid, be you as free to us.",2675
Act V,Scene I,Duke Vincentio,"Your brother's death, I know, sits at your heart;",2676
Act V,Scene I,Duke Vincentio,"And you may marvel why I obscured myself,",2677
Act V,Scene I,Duke Vincentio,"Labouring to save his life, and would not rather",2678
Act V,Scene I,Duke Vincentio,Make rash remonstrance of my hidden power,2679
Act V,Scene I,Duke Vincentio,"Than let him so be lost. O most kind maid,",2680
Act V,Scene I,Duke Vincentio,"It was the swift celerity of his death,",2681
Act V,Scene I,Duke Vincentio,"Which I did think with slower foot came on,",2682
Act V,Scene I,Duke Vincentio,"That brain'd my purpose. But, peace be with him!",2683
Act V,Scene I,Duke Vincentio,"That life is better life, past fearing death,",2684
Act V,Scene I,Duke Vincentio,"Than that which lives to fear: make it your comfort,",2685
Act V,Scene I,Duke Vincentio,So happy is your brother.,2686
Act V,Scene I,Isabella,"I do, my lord.",2687
Act V,Scene I,[stage direction],"Re-enter ANGELO, MARIANA, FRIAR PETER, and Provost",NA
Act V,Scene I,Duke Vincentio,"For this new-married man approaching here,",2688
Act V,Scene I,Duke Vincentio,Whose salt imagination yet hath wrong'd,2689
Act V,Scene I,Duke Vincentio,"Your well defended honour, you must pardon",2690
Act V,Scene I,Duke Vincentio,"For Mariana's sake: but as he adjudged your brother,--",2691
Act V,Scene I,Duke Vincentio,"Being criminal, in double violation",2692
Act V,Scene I,Duke Vincentio,Of sacred chastity and of promise-breach,2693
Act V,Scene I,Duke Vincentio,"Thereon dependent, for your brother's life,--",2694
Act V,Scene I,Duke Vincentio,The very mercy of the law cries out,2695
Act V,Scene I,Duke Vincentio,"Most audible, even from his proper tongue,",2696
Act V,Scene I,Duke Vincentio,"'An Angelo for Claudio, death for death!'",2697
Act V,Scene I,Duke Vincentio,"Haste still pays haste, and leisure answers leisure;",2698
Act V,Scene I,Duke Vincentio,"Like doth quit like, and MEASURE still FOR MEASURE.",2699
Act V,Scene I,Duke Vincentio,"Then, Angelo, thy fault's thus manifested;",2700
Act V,Scene I,Duke Vincentio,"Which, though thou wouldst deny, denies thee vantage.",2701
Act V,Scene I,Duke Vincentio,We do condemn thee to the very block,2702
Act V,Scene I,Duke Vincentio,"Where Claudio stoop'd to death, and with like haste.",2703
Act V,Scene I,Duke Vincentio,Away with him!,2704
Act V,Scene I,Mariana,"O my most gracious lord,",2705
Act V,Scene I,Mariana,I hope you will not mock me with a husband.,2706
Act V,Scene I,Duke Vincentio,It is your husband mock'd you with a husband.,2707
Act V,Scene I,Duke Vincentio,"Consenting to the safeguard of your honour,",2708
Act V,Scene I,Duke Vincentio,"I thought your marriage fit; else imputation,",2709
Act V,Scene I,Duke Vincentio,"For that he knew you, might reproach your life",2710
Act V,Scene I,Duke Vincentio,"And choke your good to come; for his possessions,",2711
Act V,Scene I,Duke Vincentio,"Although by confiscation they are ours,",2712
Act V,Scene I,Duke Vincentio,"We do instate and widow you withal,",2713
Act V,Scene I,Duke Vincentio,To buy you a better husband.,2714
Act V,Scene I,Mariana,"O my dear lord,",2715
Act V,Scene I,Mariana,"I crave no other, nor no better man.",2716
Act V,Scene I,Duke Vincentio,Never crave him; we are definitive.,2717
Act V,Scene I,Mariana,"Gentle my liege,--",2718
Act V,Scene I,[stage direction],Kneeling,NA
Act V,Scene I,Duke Vincentio,You do but lose your labour.,2719
Act V,Scene I,Duke Vincentio,Away with him to death!,2720
Act V,Scene I,[stage direction],To LUCIO,NA
Act V,Scene I,Duke Vincentio,"Now, sir, to you.",2721
Act V,Scene I,Mariana,"O my good lord! Sweet Isabel, take my part;",2722
Act V,Scene I,Mariana,"Lend me your knees, and all my life to come",2723
Act V,Scene I,Mariana,I'll lend you all my life to do you service.,2724
Act V,Scene I,Duke Vincentio,Against all sense you do importune her:,2725
Act V,Scene I,Duke Vincentio,"Should she kneel down in mercy of this fact,",2726
Act V,Scene I,Duke Vincentio,"Her brother's ghost his paved bed would break,",2727
Act V,Scene I,Duke Vincentio,And take her hence in horror.,2728
Act V,Scene I,Mariana,"Isabel,",2729
Act V,Scene I,Mariana,"Sweet Isabel, do yet but kneel by me;",2730
Act V,Scene I,Mariana,"Hold up your hands, say nothing; I'll speak all.",2731
Act V,Scene I,Mariana,"They say, best men are moulded out of faults;",2732
Act V,Scene I,Mariana,"And, for the most, become much more the better",2733
Act V,Scene I,Mariana,For being a little bad: so may my husband.,2734
Act V,Scene I,Mariana,"O Isabel, will you not lend a knee?",2735
Act V,Scene I,Duke Vincentio,He dies for Claudio's death.,2736
Act V,Scene I,Isabella,"Most bounteous sir,",2737
Act V,Scene I,[stage direction],Kneeling,NA
Act V,Scene I,Isabella,"Look, if it please you, on this man condemn'd,",2738
Act V,Scene I,Isabella,As if my brother lived: I partly think,2739
Act V,Scene I,Isabella,"A due sincerity govern'd his deeds,",2740
Act V,Scene I,Isabella,"Till he did look on me: since it is so,",2741
Act V,Scene I,Isabella,"Let him not die. My brother had but justice,",2742
Act V,Scene I,Isabella,In that he did the thing for which he died:,2743
Act V,Scene I,Isabella,"For Angelo,",2744
Act V,Scene I,Isabella,"His act did not o'ertake his bad intent,",2745
Act V,Scene I,Isabella,And must be buried but as an intent,2746
Act V,Scene I,Isabella,That perish'd by the way: thoughts are no subjects;,2747
Act V,Scene I,Isabella,Intents but merely thoughts.,2748
Act V,Scene I,Mariana,"Merely, my lord.",2749
Act V,Scene I,Duke Vincentio,"Your suit's unprofitable; stand up, I say.",2750
Act V,Scene I,Duke Vincentio,I have bethought me of another fault.,2751
Act V,Scene I,Duke Vincentio,"Provost, how came it Claudio was beheaded",2752
Act V,Scene I,Duke Vincentio,At an unusual hour?,2753
Act V,Scene I,Provost,It was commanded so.,2754
Act V,Scene I,Duke Vincentio,Had you a special warrant for the deed?,2755
Act V,Scene I,Provost,"No, my good lord; it was by private message.",2756
Act V,Scene I,Duke Vincentio,For which I do discharge you of your office:,2757
Act V,Scene I,Duke Vincentio,Give up your keys.,2758
Act V,Scene I,Provost,"Pardon me, noble lord:",2759
Act V,Scene I,Provost,"I thought it was a fault, but knew it not;",2760
Act V,Scene I,Provost,"Yet did repent me, after more advice;",2761
Act V,Scene I,Provost,"For testimony whereof, one in the prison,",2762
Act V,Scene I,Provost,"That should by private order else have died,",2763
Act V,Scene I,Provost,I have reserved alive.,2764
Act V,Scene I,Duke Vincentio,What's he?,2765
Act V,Scene I,Provost,His name is Barnardine.,2766
Act V,Scene I,Duke Vincentio,I would thou hadst done so by Claudio.,2767
Act V,Scene I,Duke Vincentio,Go fetch him hither; let me look upon him.,2768
Act V,Scene I,[stage direction],Exit Provost,NA
Act V,Scene I,Escalus,"I am sorry, one so learned and so wise",2769
Act V,Scene I,Escalus,"As you, Lord Angelo, have still appear'd,",2770
Act V,Scene I,Escalus,"Should slip so grossly, both in the heat of blood.",2771
Act V,Scene I,Escalus,And lack of temper'd judgment afterward.,2772
Act V,Scene I,Angelo,I am sorry that such sorrow I procure:,2773
Act V,Scene I,Angelo,And so deep sticks it in my penitent heart,2774
Act V,Scene I,Angelo,That I crave death more willingly than mercy;,2775
Act V,Scene I,Angelo,"'Tis my deserving, and I do entreat it.",2776
Act V,Scene I,[stage direction],"Re-enter Provost, with BARNARDINE, CLAUDIO muffled, and JULIET",NA
Act V,Scene I,Duke Vincentio,Which is that Barnardine?,2777
Act V,Scene I,Provost,"This, my lord.",2778
Act V,Scene I,Duke Vincentio,There was a friar told me of this man.,2779
Act V,Scene I,Duke Vincentio,"Sirrah, thou art said to have a stubborn soul.",2780
Act V,Scene I,Duke Vincentio,"That apprehends no further than this world,",2781
Act V,Scene I,Duke Vincentio,And squarest thy life according. Thou'rt condemn'd:,2782
Act V,Scene I,Duke Vincentio,"But, for those earthly faults, I quit them all;",2783
Act V,Scene I,Duke Vincentio,And pray thee take this mercy to provide,2784
Act V,Scene I,Duke Vincentio,"For better times to come. Friar, advise him;",2785
Act V,Scene I,Duke Vincentio,I leave him to your hand. What muffled fellow's that?,2786
Act V,Scene I,Provost,This is another prisoner that I saved.,2787
Act V,Scene I,Provost,Who should have died when Claudio lost his head;,2788
Act V,Scene I,Provost,As like almost to Claudio as himself.,2789
Act V,Scene I,[stage direction],Unmuffles CLAUDIO,NA
Act V,Scene I,Duke Vincentio,"[To ISABELLA]  If he be like your brother, for his sake",2790
Act V,Scene I,Duke Vincentio,"Is he pardon'd; and, for your lovely sake,",2791
Act V,Scene I,Duke Vincentio,Give me your hand and say you will be mine.,2792
Act V,Scene I,Duke Vincentio,He is my brother too: but fitter time for that.,2793
Act V,Scene I,Duke Vincentio,By this Lord Angelo perceives he's safe;,2794
Act V,Scene I,Duke Vincentio,Methinks I see a quickening in his eye.,2795
Act V,Scene I,Duke Vincentio,"Well, Angelo, your evil quits you well:",2796
Act V,Scene I,Duke Vincentio,Look that you love your wife; her worth worth yours.,2797
Act V,Scene I,Duke Vincentio,I find an apt remission in myself;,2798
Act V,Scene I,Duke Vincentio,And yet here's one in place I cannot pardon.,2799
Act V,Scene I,[stage direction],To LUCIO,NA
Act V,Scene I,Duke Vincentio,"You, sirrah, that knew me for a fool, a coward,",2800
Act V,Scene I,Duke Vincentio,"One all of luxury, an ass, a madman;",2801
Act V,Scene I,Duke Vincentio,"Wherein have I so deserved of you,",2802
Act V,Scene I,Duke Vincentio,That you extol me thus?,2803
Act V,Scene I,Lucio,"'Faith, my lord. I spoke it but according to the",2804
Act V,Scene I,Lucio,"trick. If you will hang me for it, you may; but I",2805
Act V,Scene I,Lucio,had rather it would please you I might be whipt.,2806
Act V,Scene I,Duke Vincentio,"Whipt first, sir, and hanged after.",2807
Act V,Scene I,Duke Vincentio,"Proclaim it, provost, round about the city.",2808
Act V,Scene I,Duke Vincentio,"Is any woman wrong'd by this lewd fellow,",2809
Act V,Scene I,Duke Vincentio,As I have heard him swear himself there's one,2810
Act V,Scene I,Duke Vincentio,"Whom he begot with child, let her appear,",2811
Act V,Scene I,Duke Vincentio,"And he shall marry her: the nuptial finish'd,",2812
Act V,Scene I,Duke Vincentio,Let him be whipt and hang'd.,2813
Act V,Scene I,Lucio,"I beseech your highness, do not marry me to a whore.",2814
Act V,Scene I,Lucio,"Your highness said even now, I made you a duke:",2815
Act V,Scene I,Lucio,"good my lord, do not recompense me in making me a cuckold.",2816
Act V,Scene I,Duke Vincentio,"Upon mine honour, thou shalt marry her.",2817
Act V,Scene I,Duke Vincentio,Thy slanders I forgive; and therewithal,2818
Act V,Scene I,Duke Vincentio,Remit thy other forfeits. Take him to prison;,2819
Act V,Scene I,Duke Vincentio,And see our pleasure herein executed.,2820
Act V,Scene I,Lucio,"Marrying a punk, my lord, is pressing to death,",2821
Act V,Scene I,Lucio,"whipping, and hanging.",2822
Act V,Scene I,Duke Vincentio,Slandering a prince deserves it.,2823
Act V,Scene I,[stage direction],Exit Officers with LUCIO,NA
Act V,Scene I,Duke Vincentio,"She, Claudio, that you wrong'd, look you restore.",2824
Act V,Scene I,Duke Vincentio,"Joy to you, Mariana! Love her, Angelo:",2825
Act V,Scene I,Duke Vincentio,I have confess'd her and I know her virtue.,2826
Act V,Scene I,Duke Vincentio,"Thanks, good friend Escalus, for thy much goodness:",2827
Act V,Scene I,Duke Vincentio,There's more behind that is more gratulate.,2828
Act V,Scene I,Duke Vincentio,"Thanks, provost, for thy care and secrecy:",2829
Act V,Scene I,Duke Vincentio,We shill employ thee in a worthier place.,2830
Act V,Scene I,Duke Vincentio,"Forgive him, Angelo, that brought you home",2831
Act V,Scene I,Duke Vincentio,The head of Ragozine for Claudio's:,2832
Act V,Scene I,Duke Vincentio,"The offence pardons itself. Dear Isabel,",2833
Act V,Scene I,Duke Vincentio,I have a motion much imports your good;,2834
Act V,Scene I,Duke Vincentio,"Whereto if you'll a willing ear incline,",2835
Act V,Scene I,Duke Vincentio,What's mine is yours and what is yours is mine.,2836
Act V,Scene I,Duke Vincentio,"So, bring us to our palace; where we'll show",2837
Act V,Scene I,Duke Vincentio,"What's yet behind, that's meet you all should know.",2838
Act V,Scene I,[stage direction],Exeunt,NA
