act,scene,character,dialogue,line_number
Act I,Scene I,[stage direction],"Enter SHALLOW, SLENDER, and SIR HUGH EVANS",NA
Act I,Scene I,Shallow,"Sir Hugh, persuade me not; I will make a Star-",1
Act I,Scene I,Shallow,chamber matter of it: if he were twenty Sir John,2
Act I,Scene I,Shallow,"Falstaffs, he shall not abuse Robert Shallow, esquire.",3
Act I,Scene I,Slender,"In the county of Gloucester, justice of peace and",4
Act I,Scene I,Slender,'Coram.',5
Act I,Scene I,Shallow,"Ay, cousin Slender, and 'Custalourum.",6
Act I,Scene I,Slender,"Ay, and 'Rato-lorum' too; and a gentleman born,",7
Act I,Scene I,Slender,"master parson; who writes himself 'Armigero,' in any",8
Act I,Scene I,Slender,"bill, warrant, quittance, or obligation, 'Armigero.'",9
Act I,Scene I,Shallow,"Ay, that I do; and have done any time these three",10
Act I,Scene I,Shallow,hundred years.,11
Act I,Scene I,Slender,All his successors gone before him hath done't; and,12
Act I,Scene I,Slender,all his ancestors that come after him may: they may,13
Act I,Scene I,Slender,give the dozen white luces in their coat.,14
Act I,Scene I,Shallow,It is an old coat.,15
Act I,Scene I,Sir Hugh Evans,The dozen white louses do become an old coat well;,16
Act I,Scene I,Sir Hugh Evans,"it agrees well, passant; it is a familiar beast to",17
Act I,Scene I,Sir Hugh Evans,"man, and signifies love.",18
Act I,Scene I,Shallow,The luce is the fresh fish; the salt fish is an old coat.,19
Act I,Scene I,Slender,"I may quarter, coz.",20
Act I,Scene I,Shallow,"You may, by marrying.",21
Act I,Scene I,Sir Hugh Evans,"It is marring indeed, if he quarter it.",22
Act I,Scene I,Shallow,Not a whit.,23
Act I,Scene I,Sir Hugh Evans,"Yes, py'r lady; if he has a quarter of your coat,",24
Act I,Scene I,Sir Hugh Evans,"there is but three skirts for yourself, in my",25
Act I,Scene I,Sir Hugh Evans,simple conjectures: but that is all one. If Sir,26
Act I,Scene I,Sir Hugh Evans,John Falstaff have committed disparagements unto,27
Act I,Scene I,Sir Hugh Evans,"you, I am of the church, and will be glad to do my",28
Act I,Scene I,Sir Hugh Evans,benevolence to make atonements and compremises,29
Act I,Scene I,Sir Hugh Evans,between you.,30
Act I,Scene I,Shallow,The council shall bear it; it is a riot.,31
Act I,Scene I,Sir Hugh Evans,It is not meet the council hear a riot; there is no,32
Act I,Scene I,Sir Hugh Evans,"fear of Got in a riot: the council, look you, shall",33
Act I,Scene I,Sir Hugh Evans,"desire to hear the fear of Got, and not to hear a",34
Act I,Scene I,Sir Hugh Evans,riot; take your vizaments in that.,35
Act I,Scene I,Shallow,"Ha! o' my life, if I were young again, the sword",36
Act I,Scene I,Shallow,should end it.,37
Act I,Scene I,Sir Hugh Evans,"It is petter that friends is the sword, and end it:",38
Act I,Scene I,Sir Hugh Evans,"and there is also another device in my prain, which",39
Act I,Scene I,Sir Hugh Evans,peradventure prings goot discretions with it: there,40
Act I,Scene I,Sir Hugh Evans,"is Anne Page, which is daughter to Master Thomas",41
Act I,Scene I,Sir Hugh Evans,"Page, which is pretty virginity.",42
Act I,Scene I,Slender,"Mistress Anne Page? She has brown hair, and speaks",43
Act I,Scene I,Slender,small like a woman.,44
Act I,Scene I,Sir Hugh Evans,"It is that fery person for all the orld, as just as",45
Act I,Scene I,Sir Hugh Evans,"you will desire; and seven hundred pounds of moneys,",46
Act I,Scene I,Sir Hugh Evans,"and gold and silver, is her grandsire upon his",47
Act I,Scene I,Sir Hugh Evans,death's-bed--Got deliver to a joyful resurrections!,48
Act I,Scene I,Sir Hugh Evans,"--give, when she is able to overtake seventeen years",49
Act I,Scene I,Sir Hugh Evans,old: it were a goot motion if we leave our pribbles,50
Act I,Scene I,Sir Hugh Evans,"and prabbles, and desire a marriage between Master",51
Act I,Scene I,Sir Hugh Evans,Abraham and Mistress Anne Page.,52
Act I,Scene I,Slender,Did her grandsire leave her seven hundred pound?,53
Act I,Scene I,Sir Hugh Evans,"Ay, and her father is make her a petter penny.",54
Act I,Scene I,Slender,I know the young gentlewoman; she has good gifts.,55
Act I,Scene I,Sir Hugh Evans,Seven hundred pounds and possibilities is goot gifts.,56
Act I,Scene I,Shallow,"Well, let us see honest Master Page. Is Falstaff there?",57
Act I,Scene I,Sir Hugh Evans,Shall I tell you a lie? I do despise a liar as I do,58
Act I,Scene I,Sir Hugh Evans,"despise one that is false, or as I despise one that",59
Act I,Scene I,Sir Hugh Evans,"is not true. The knight, Sir John, is there; and, I",60
Act I,Scene I,Sir Hugh Evans,"beseech you, be ruled by your well-willers. I will",61
Act I,Scene I,Sir Hugh Evans,peat the door for Master Page.,62
Act I,Scene I,[stage direction],Knocks,NA
Act I,Scene I,Sir Hugh Evans,"What, hoa! Got pless your house here!",63
Act I,Scene I,Page,[Within]  Who's there?,64
Act I,Scene I,[stage direction],Enter PAGE,NA
Act I,Scene I,Sir Hugh Evans,"Here is Got's plessing, and your friend, and Justice",65
Act I,Scene I,Sir Hugh Evans,"Shallow; and here young Master Slender, that",66
Act I,Scene I,Sir Hugh Evans,"peradventures shall tell you another tale, if",67
Act I,Scene I,Sir Hugh Evans,matters grow to your likings.,68
Act I,Scene I,Page,I am glad to see your worships well.,69
Act I,Scene I,Page,"I thank you for my venison, Master Shallow.",70
Act I,Scene I,Shallow,"Master Page, I am glad to see you: much good do it",71
Act I,Scene I,Shallow,your good heart! I wished your venison better; it,72
Act I,Scene I,Shallow,was ill killed. How doth good Mistress Page?--and I,73
Act I,Scene I,Shallow,"thank you always with my heart, la! with my heart.",74
Act I,Scene I,Page,"Sir, I thank you.",75
Act I,Scene I,Shallow,"Sir, I thank you; by yea and no, I do.",76
Act I,Scene I,Page,"I am glad to see you, good Master Slender.",77
Act I,Scene I,Slender,"How does your fallow greyhound, sir? I heard say he",78
Act I,Scene I,Slender,was outrun on Cotsall.,79
Act I,Scene I,Page,"It could not be judged, sir.",80
Act I,Scene I,Slender,"You'll not confess, you'll not confess.",81
Act I,Scene I,Shallow,"That he will not. 'Tis your fault, 'tis your fault;",82
Act I,Scene I,Shallow,'tis a good dog.,83
Act I,Scene I,Page,"A cur, sir.",84
Act I,Scene I,Shallow,"Sir, he's a good dog, and a fair dog: can there be",85
Act I,Scene I,Shallow,more said? he is good and fair. Is Sir John,86
Act I,Scene I,Shallow,Falstaff here?,87
Act I,Scene I,Page,"Sir, he is within; and I would I could do a good",88
Act I,Scene I,Page,office between you.,89
Act I,Scene I,Sir Hugh Evans,It is spoke as a Christians ought to speak.,90
Act I,Scene I,Shallow,"He hath wronged me, Master Page.",91
Act I,Scene I,Page,"Sir, he doth in some sort confess it.",92
Act I,Scene I,Shallow,"If it be confessed, it is not redress'd: is not that",93
Act I,Scene I,Shallow,"so, Master Page? He hath wronged me; indeed he",94
Act I,Scene I,Shallow,"hath, at a word, he hath, believe me: Robert",95
Act I,Scene I,Shallow,"Shallow, esquire, saith, he is wronged.",96
Act I,Scene I,Page,Here comes Sir John.,97
Act I,Scene I,[stage direction],"Enter FALSTAFF, BARDOLPH, NYM, and PISTOL",NA
Act I,Scene I,Falstaff,"Now, Master Shallow, you'll complain of me to the king?",98
Act I,Scene I,Shallow,"Knight, you have beaten my men, killed my deer, and",99
Act I,Scene I,Shallow,broke open my lodge.,100
Act I,Scene I,Falstaff,But not kissed your keeper's daughter?,101
Act I,Scene I,Shallow,"Tut, a pin! this shall be answered.",102
Act I,Scene I,Falstaff,I will answer it straight; I have done all this.,103
Act I,Scene I,Falstaff,That is now answered.,104
Act I,Scene I,Shallow,The council shall know this.,105
Act I,Scene I,Falstaff,'Twere better for you if it were known in counsel:,106
Act I,Scene I,Falstaff,you'll be laughed at.,107
Act I,Scene I,Sir Hugh Evans,"Pauca verba, Sir John; goot worts.",108
Act I,Scene I,Falstaff,"Good worts! good cabbage. Slender, I broke your",109
Act I,Scene I,Falstaff,head: what matter have you against me?,110
Act I,Scene I,Slender,"Marry, sir, I have matter in my head against you;",111
Act I,Scene I,Slender,"and against your cony-catching rascals, Bardolph,",112
Act I,Scene I,Slender,"Nym, and Pistol.",113
Act I,Scene I,Bardolph,You Banbury cheese!,114
Act I,Scene I,Slender,"Ay, it is no matter.",115
Act I,Scene I,Pistol,"How now, Mephostophilus!",116
Act I,Scene I,Slender,"Ay, it is no matter.",117
Act I,Scene I,Nym,"Slice, I say! pauca, pauca: slice! that's my humour.",118
Act I,Scene I,Slender,"Where's Simple, my man? Can you tell, cousin?",119
Act I,Scene I,Sir Hugh Evans,"Peace, I pray you. Now let us understand. There is",120
Act I,Scene I,Sir Hugh Evans,"three umpires in this matter, as I understand; that",121
Act I,Scene I,Sir Hugh Evans,"is, Master Page, fidelicet Master Page; and there is",122
Act I,Scene I,Sir Hugh Evans,"myself, fidelicet myself; and the three party is,",123
Act I,Scene I,Sir Hugh Evans,"lastly and finally, mine host of the Garter.",124
Act I,Scene I,Page,"We three, to hear it and end it between them.",125
Act I,Scene I,Sir Hugh Evans,Fery goot: I will make a prief of it in my note-,126
Act I,Scene I,Sir Hugh Evans,book; and we will afterwards ork upon the cause with,127
Act I,Scene I,Sir Hugh Evans,as great discreetly as we can.,128
Act I,Scene I,Falstaff,Pistol!,129
Act I,Scene I,Pistol,He hears with ears.,130
Act I,Scene I,Sir Hugh Evans,"The tevil and his tam! what phrase is this, 'He",131
Act I,Scene I,Sir Hugh Evans,"hears with ear'? why, it is affectations.",132
Act I,Scene I,Falstaff,"Pistol, did you pick Master Slender's purse?",133
Act I,Scene I,Slender,"Ay, by these gloves, did he, or I would I might",134
Act I,Scene I,Slender,"never come in mine own great chamber again else, of",135
Act I,Scene I,Slender,"seven groats in mill-sixpences, and two Edward",136
Act I,Scene I,Slender,"shovel-boards, that cost me two shilling and two",137
Act I,Scene I,Slender,"pence apiece of Yead Miller, by these gloves.",138
Act I,Scene I,Falstaff,"Is this true, Pistol?",139
Act I,Scene I,Sir Hugh Evans,"No; it is false, if it is a pick-purse.",140
Act I,Scene I,Pistol,"Ha, thou mountain-foreigner! Sir John and Master mine,",141
Act I,Scene I,Pistol,I combat challenge of this latten bilbo.,142
Act I,Scene I,Pistol,Word of denial in thy labras here!,143
Act I,Scene I,Pistol,"Word of denial: froth and scum, thou liest!",144
Act I,Scene I,Slender,"By these gloves, then, 'twas he.",145
Act I,Scene I,Nym,"Be avised, sir, and pass good humours: I will say",146
Act I,Scene I,Nym,"'marry trap' with you, if you run the nuthook's",147
Act I,Scene I,Nym,humour on me; that is the very note of it.,148
Act I,Scene I,Slender,"By this hat, then, he in the red face had it; for",149
Act I,Scene I,Slender,though I cannot remember what I did when you made me,150
Act I,Scene I,Slender,"drunk, yet I am not altogether an ass.",151
Act I,Scene I,Falstaff,"What say you, Scarlet and John?",152
Act I,Scene I,Bardolph,"Why, sir, for my part I say the gentleman had drunk",153
Act I,Scene I,Bardolph,himself out of his five sentences.,154
Act I,Scene I,Sir Hugh Evans,"It is his five senses: fie, what the ignorance is!",155
Act I,Scene I,Bardolph,"And being fap, sir, was, as they say, cashiered; and",156
Act I,Scene I,Bardolph,so conclusions passed the careires.,157
Act I,Scene I,Slender,"Ay, you spake in Latin then too; but 'tis no",158
Act I,Scene I,Slender,"matter: I'll ne'er be drunk whilst I live again,",159
Act I,Scene I,Slender,"but in honest, civil, godly company, for this trick:",160
Act I,Scene I,Slender,"if I be drunk, I'll be drunk with those that have",161
Act I,Scene I,Slender,"the fear of God, and not with drunken knaves.",162
Act I,Scene I,Sir Hugh Evans,"So Got udge me, that is a virtuous mind.",163
Act I,Scene I,Falstaff,"You hear all these matters denied, gentlemen; you hear it.",164
Act I,Scene I,[stage direction],"Enter ANNE PAGE, with wine; MISTRESS FORD and MISTRESS PAGE, following",NA
Act I,Scene I,Page,"Nay, daughter, carry the wine in; we'll drink within.",165
Act I,Scene I,[stage direction],Exit ANNE PAGE,NA
Act I,Scene I,Slender,O heaven! this is Mistress Anne Page.,166
Act I,Scene I,Page,"How now, Mistress Ford!",167
Act I,Scene I,Falstaff,"Mistress Ford, by my troth, you are very well met:",168
Act I,Scene I,Falstaff,"by your leave, good mistress.",169
Act I,Scene I,[stage direction],Kisses her,NA
Act I,Scene I,Page,"Wife, bid these gentlemen welcome. Come, we have a",170
Act I,Scene I,Page,"hot venison pasty to dinner: come, gentlemen, I hope",171
Act I,Scene I,Page,we shall drink down all unkindness.,172
Act I,Scene I,[stage direction],"Exeunt all except SHALLOW, SLENDER, and SIR HUGH EVANS",NA
Act I,Scene I,Slender,I had rather than forty shillings I had my Book of,173
Act I,Scene I,Slender,Songs and Sonnets here.,174
Act I,Scene I,[stage direction],Enter SIMPLE,NA
Act I,Scene I,Slender,"How now, Simple! where have you been? I must wait",175
Act I,Scene I,Slender,"on myself, must I? You have not the Book of Riddles",176
Act I,Scene I,Slender,"about you, have you?",177
Act I,Scene I,Simple,"Book of Riddles! why, did you not lend it to Alice",178
Act I,Scene I,Simple,"Shortcake upon All-hallowmas last, a fortnight",179
Act I,Scene I,Simple,afore Michaelmas?,180
Act I,Scene I,Shallow,"Come, coz; come, coz; we stay for you. A word with",181
Act I,Scene I,Shallow,"you, coz; marry, this, coz: there is, as 'twere, a",182
Act I,Scene I,Shallow,"tender, a kind of tender, made afar off by Sir Hugh",183
Act I,Scene I,Shallow,here. Do you understand me?,184
Act I,Scene I,Slender,"Ay, sir, you shall find me reasonable; if it be so,",185
Act I,Scene I,Slender,I shall do that that is reason.,186
Act I,Scene I,Shallow,"Nay, but understand me.",187
Act I,Scene I,Slender,"So I do, sir.",188
Act I,Scene I,Sir Hugh Evans,"Give ear to his motions, Master Slender: I will",189
Act I,Scene I,Sir Hugh Evans,"description the matter to you, if you be capacity of it.",190
Act I,Scene I,Slender,"Nay, I will do as my cousin Shallow says: I pray",191
Act I,Scene I,Slender,"you, pardon me; he's a justice of peace in his",192
Act I,Scene I,Slender,"country, simple though I stand here.",193
Act I,Scene I,Sir Hugh Evans,But that is not the question: the question is,194
Act I,Scene I,Sir Hugh Evans,concerning your marriage.,195
Act I,Scene I,Shallow,"Ay, there's the point, sir.",196
Act I,Scene I,Sir Hugh Evans,"Marry, is it; the very point of it; to Mistress Anne Page.",197
Act I,Scene I,Slender,"Why, if it be so, I will marry her upon any",198
Act I,Scene I,Slender,reasonable demands.,199
Act I,Scene I,Sir Hugh Evans,But can you affection the 'oman? Let us command to,200
Act I,Scene I,Sir Hugh Evans,know that of your mouth or of your lips; for divers,201
Act I,Scene I,Sir Hugh Evans,philosophers hold that the lips is parcel of the,202
Act I,Scene I,Sir Hugh Evans,"mouth. Therefore, precisely, can you carry your",203
Act I,Scene I,Sir Hugh Evans,good will to the maid?,204
Act I,Scene I,Shallow,"Cousin Abraham Slender, can you love her?",205
Act I,Scene I,Slender,"I hope, sir, I will do as it shall become one that",206
Act I,Scene I,Slender,would do reason.,207
Act I,Scene I,Sir Hugh Evans,"Nay, Got's lords and his ladies! you must speak",208
Act I,Scene I,Sir Hugh Evans,"possitable, if you can carry her your desires",209
Act I,Scene I,Sir Hugh Evans,towards her.,210
Act I,Scene I,Shallow,"That you must. Will you, upon good dowry, marry her?",211
Act I,Scene I,Slender,"I will do a greater thing than that, upon your",212
Act I,Scene I,Slender,"request, cousin, in any reason.",213
Act I,Scene I,Shallow,"Nay, conceive me, conceive me, sweet coz: what I do",214
Act I,Scene I,Shallow,"is to pleasure you, coz. Can you love the maid?",215
Act I,Scene I,Slender,"I will marry her, sir, at your request: but if there",216
Act I,Scene I,Slender,"be no great love in the beginning, yet heaven may",217
Act I,Scene I,Slender,"decrease it upon better acquaintance, when we are",218
Act I,Scene I,Slender,married and have more occasion to know one another;,219
Act I,Scene I,Slender,"I hope, upon familiarity will grow more contempt:",220
Act I,Scene I,Slender,"but if you say, 'Marry her,' I will marry her; that",221
Act I,Scene I,Slender,"I am freely dissolved, and dissolutely.",222
Act I,Scene I,Sir Hugh Evans,It is a fery discretion answer; save the fall is in,223
Act I,Scene I,Sir Hugh Evans,"the ort 'dissolutely:' the ort is, according to our",224
Act I,Scene I,Sir Hugh Evans,"meaning, 'resolutely:' his meaning is good.",225
Act I,Scene I,Shallow,"Ay, I think my cousin meant well.",226
Act I,Scene I,Slender,"Ay, or else I would I might be hanged, la!",227
Act I,Scene I,Shallow,Here comes fair Mistress Anne.,228
Act I,Scene I,[stage direction],Re-enter ANNE PAGE,NA
Act I,Scene I,Shallow,"Would I were young for your sake, Mistress Anne!",229
Act I,Scene I,Anne Page,The dinner is on the table; my father desires your,230
Act I,Scene I,Anne Page,worships' company.,231
Act I,Scene I,Shallow,"I will wait on him, fair Mistress Anne.",232
Act I,Scene I,Sir Hugh Evans,Od's plessed will! I will not be absence at the grace.,233
Act I,Scene I,[stage direction],Exeunt SHALLOW and SIR HUGH EVANS,NA
Act I,Scene I,Anne Page,"Will't please your worship to come in, sir?",234
Act I,Scene I,Slender,"No, I thank you, forsooth, heartily; I am very well.",235
Act I,Scene I,Anne Page,"The dinner attends you, sir.",236
Act I,Scene I,Slender,"I am not a-hungry, I thank you, forsooth. Go,",237
Act I,Scene I,Slender,"sirrah, for all you are my man, go wait upon my",238
Act I,Scene I,Slender,cousin Shallow.,239
Act I,Scene I,[stage direction],Exit SIMPLE,NA
Act I,Scene I,Slender,A justice of peace sometimes may be beholding to his,240
Act I,Scene I,Slender,friend for a man. I keep but three men and a boy,241
Act I,Scene I,Slender,"yet, till my mother be dead: but what though? Yet I",242
Act I,Scene I,Slender,live like a poor gentleman born.,243
Act I,Scene I,Anne Page,I may not go in without your worship: they will not,244
Act I,Scene I,Anne Page,sit till you come.,245
Act I,Scene I,Slender,"I' faith, I'll eat nothing; I thank you as much as",246
Act I,Scene I,Slender,though I did.,247
Act I,Scene I,Anne Page,"I pray you, sir, walk in.",248
Act I,Scene I,Slender,"I had rather walk here, I thank you. I bruised",249
Act I,Scene I,Slender,my shin th' other day with playing at sword and,250
Act I,Scene I,Slender,dagger with a master of fence; three veneys for a,251
Act I,Scene I,Slender,"dish of stewed prunes; and, by my troth, I cannot",252
Act I,Scene I,Slender,abide the smell of hot meat since. Why do your,253
Act I,Scene I,Slender,dogs bark so? be there bears i' the town?,254
Act I,Scene I,Anne Page,"I think there are, sir; I heard them talked of.",255
Act I,Scene I,Slender,I love the sport well but I shall as soon quarrel at,256
Act I,Scene I,Slender,"it as any man in England. You are afraid, if you see",257
Act I,Scene I,Slender,"the bear loose, are you not?",258
Act I,Scene I,Anne Page,"Ay, indeed, sir.",259
Act I,Scene I,Slender,"That's meat and drink to me, now. I have seen",260
Act I,Scene I,Slender,"Sackerson loose twenty times, and have taken him by",261
Act I,Scene I,Slender,"the chain; but, I warrant you, the women have so",262
Act I,Scene I,Slender,"cried and shrieked at it, that it passed: but women,",263
Act I,Scene I,Slender,"indeed, cannot abide 'em; they are very ill-favored",264
Act I,Scene I,Slender,rough things.,265
Act I,Scene I,[stage direction],Re-enter PAGE,NA
Act I,Scene I,Page,"Come, gentle Master Slender, come; we stay for you.",266
Act I,Scene I,Slender,"I'll eat nothing, I thank you, sir.",267
Act I,Scene I,Page,"By cock and pie, you shall not choose, sir! come, come.",268
Act I,Scene I,Slender,"Nay, pray you, lead the way.",269
Act I,Scene I,Page,"Come on, sir.",270
Act I,Scene I,Slender,"Mistress Anne, yourself shall go first.",271
Act I,Scene I,Anne Page,"Not I, sir; pray you, keep on.",272
Act I,Scene I,Slender,I'll rather be unmannerly than troublesome.,273
Act I,Scene I,Slender,"You do yourself wrong, indeed, la!",274
Act I,Scene I,[stage direction],Exeunt,NA
Act I,Scene II,[stage direction],Enter SIR HUGH EVANS and SIMPLE,NA
Act I,Scene II,Sir Hugh Evans,"Go your ways, and ask of Doctor Caius' house which",275
Act I,Scene II,Sir Hugh Evans,"is the way: and there dwells one Mistress Quickly,",276
Act I,Scene II,Sir Hugh Evans,"which is in the manner of his nurse, or his dry",277
Act I,Scene II,Sir Hugh Evans,"nurse, or his cook, or his laundry, his washer, and",278
Act I,Scene II,Sir Hugh Evans,his wringer.,279
Act I,Scene II,Simple,"Well, sir.",280
Act I,Scene II,Sir Hugh Evans,"Nay, it is petter yet. Give her this letter; for it",281
Act I,Scene II,Sir Hugh Evans,is a 'oman that altogether's acquaintance with,282
Act I,Scene II,Sir Hugh Evans,"Mistress Anne Page: and the letter is, to desire",283
Act I,Scene II,Sir Hugh Evans,and require her to solicit your master's desires to,284
Act I,Scene II,Sir Hugh Evans,"Mistress Anne Page. I pray you, be gone: I will",285
Act I,Scene II,Sir Hugh Evans,make an end of my dinner; there's pippins and cheese to come.,286
Act I,Scene II,[stage direction],Exeunt,NA
Act I,Scene III,[stage direction],"Enter FALSTAFF, Host, BARDOLPH, NYM, PISTOL, and ROBIN",NA
Act I,Scene III,Falstaff,Mine host of the Garter!,287
Act I,Scene III,Host,What says my bully-rook? speak scholarly and wisely.,288
Act I,Scene III,Falstaff,"Truly, mine host, I must turn away some of my",289
Act I,Scene III,Falstaff,followers.,290
Act I,Scene III,Host,"Discard, bully Hercules; cashier: let them wag; trot, trot.",291
Act I,Scene III,Falstaff,I sit at ten pounds a week.,292
Act I,Scene III,Host,"Thou'rt an emperor, Caesar, Keisar, and Pheezar. I",293
Act I,Scene III,Host,"will entertain Bardolph; he shall draw, he shall",294
Act I,Scene III,Host,"tap: said I well, bully Hector?",295
Act I,Scene III,Falstaff,"Do so, good mine host.",296
Act I,Scene III,Host,I have spoke; let him follow.,297
Act I,Scene III,[stage direction],To BARDOLPH,NA
Act I,Scene III,Host,Let me see thee froth and lime: I am at a word; follow.,298
Act I,Scene III,[stage direction],Exit,NA
Act I,Scene III,Falstaff,"Bardolph, follow him. A tapster is a good trade:",299
Act I,Scene III,Falstaff,an old cloak makes a new jerkin; a withered,300
Act I,Scene III,Falstaff,serving-man a fresh tapster. Go; adieu.,301
Act I,Scene III,Bardolph,It is a life that I have desired: I will thrive.,302
Act I,Scene III,Pistol,O base Hungarian wight! wilt thou the spigot wield?,303
Act I,Scene III,[stage direction],Exit BARDOLPH,NA
Act I,Scene III,Nym,He was gotten in drink: is not the humour conceited?,304
Act I,Scene III,Falstaff,I am glad I am so acquit of this tinderbox: his,305
Act I,Scene III,Falstaff,thefts were too open; his filching was like an,306
Act I,Scene III,Falstaff,unskilful singer; he kept not time.,307
Act I,Scene III,Nym,The good humour is to steal at a minute's rest.,308
Act I,Scene III,Pistol,"'Convey,' the wise it call. 'Steal!' foh! a fico",309
Act I,Scene III,Pistol,for the phrase!,310
Act I,Scene III,Falstaff,"Well, sirs, I am almost out at heels.",311
Act I,Scene III,Pistol,"Why, then, let kibes ensue.",312
Act I,Scene III,Falstaff,There is no remedy; I must cony-catch; I must shift.,313
Act I,Scene III,Pistol,Young ravens must have food.,314
Act I,Scene III,Falstaff,Which of you know Ford of this town?,315
Act I,Scene III,Pistol,I ken the wight: he is of substance good.,316
Act I,Scene III,Falstaff,"My honest lads, I will tell you what I am about.",317
Act I,Scene III,Pistol,"Two yards, and more.",318
Act I,Scene III,Falstaff,"No quips now, Pistol! Indeed, I am in the waist two",319
Act I,Scene III,Falstaff,yards about; but I am now about no waste; I am about,320
Act I,Scene III,Falstaff,"thrift. Briefly, I do mean to make love to Ford's",321
Act I,Scene III,Falstaff,"wife: I spy entertainment in her; she discourses,",322
Act I,Scene III,Falstaff,"she carves, she gives the leer of invitation: I",323
Act I,Scene III,Falstaff,can construe the action of her familiar style; and,324
Act I,Scene III,Falstaff,"the hardest voice of her behavior, to be Englished",325
Act I,Scene III,Falstaff,"rightly, is, 'I am Sir John Falstaff's.'",326
Act I,Scene III,Pistol,"He hath studied her will, and translated her will,",327
Act I,Scene III,Pistol,out of honesty into English.,328
Act I,Scene III,Nym,The anchor is deep: will that humour pass?,329
Act I,Scene III,Falstaff,"Now, the report goes she has all the rule of her",330
Act I,Scene III,Falstaff,husband's purse: he hath a legion of angels.,331
Act I,Scene III,Pistol,"As many devils entertain; and 'To her, boy,' say I.",332
Act I,Scene III,Nym,The humour rises; it is good: humour me the angels.,333
Act I,Scene III,Falstaff,I have writ me here a letter to her: and here,334
Act I,Scene III,Falstaff,"another to Page's wife, who even now gave me good",335
Act I,Scene III,Falstaff,"eyes too, examined my parts with most judicious",336
Act I,Scene III,Falstaff,oeillades; sometimes the beam of her view gilded my,337
Act I,Scene III,Falstaff,"foot, sometimes my portly belly.",338
Act I,Scene III,Pistol,Then did the sun on dunghill shine.,339
Act I,Scene III,Nym,I thank thee for that humour.,340
Act I,Scene III,Falstaff,"O, she did so course o'er my exteriors with such a",341
Act I,Scene III,Falstaff,"greedy intention, that the appetite of her eye did",342
Act I,Scene III,Falstaff,seem to scorch me up like a burning-glass! Here's,343
Act I,Scene III,Falstaff,another letter to her: she bears the purse too; she,344
Act I,Scene III,Falstaff,"is a region in Guiana, all gold and bounty. I will",345
Act I,Scene III,Falstaff,"be cheater to them both, and they shall be",346
Act I,Scene III,Falstaff,exchequers to me; they shall be my East and West,347
Act I,Scene III,Falstaff,"Indies, and I will trade to them both. Go bear thou",348
Act I,Scene III,Falstaff,this letter to Mistress Page; and thou this to,349
Act I,Scene III,Falstaff,"Mistress Ford: we will thrive, lads, we will thrive.",350
Act I,Scene III,Pistol,"Shall I Sir Pandarus of Troy become,",351
Act I,Scene III,Pistol,"And by my side wear steel? then, Lucifer take all!",352
Act I,Scene III,Nym,"I will run no base humour: here, take the",353
Act I,Scene III,Nym,humour-letter: I will keep the havior of reputation.,354
Act I,Scene III,Falstaff,"[To ROBIN]  Hold, sirrah, bear you these letters tightly;",355
Act I,Scene III,Falstaff,Sail like my pinnace to these golden shores.,356
Act I,Scene III,Falstaff,"Rogues, hence, avaunt! vanish like hailstones, go;",357
Act I,Scene III,Falstaff,"Trudge, plod away o' the hoof; seek shelter, pack!",358
Act I,Scene III,Falstaff,"Falstaff will learn the humour of the age,",359
Act I,Scene III,Falstaff,"French thrift, you rogues; myself and skirted page.",360
Act I,Scene III,[stage direction],Exeunt FALSTAFF and ROBIN,NA
Act I,Scene III,Pistol,"Let vultures gripe thy guts! for gourd and fullam holds,",361
Act I,Scene III,Pistol,And high and low beguiles the rich and poor:,362
Act I,Scene III,Pistol,"Tester I'll have in pouch when thou shalt lack,",363
Act I,Scene III,Pistol,Base Phrygian Turk!,364
Act I,Scene III,Nym,I have operations which be humours of revenge.,365
Act I,Scene III,Pistol,Wilt thou revenge?,366
Act I,Scene III,Nym,By welkin and her star!,367
Act I,Scene III,Pistol,With wit or steel?,368
Act I,Scene III,Nym,"With both the humours, I:",369
Act I,Scene III,Nym,I will discuss the humour of this love to Page.,370
Act I,Scene III,Pistol,And I to Ford shall eke unfold,371
Act I,Scene III,Pistol,"How Falstaff, varlet vile,",372
Act I,Scene III,Pistol,"His dove will prove, his gold will hold,",373
Act I,Scene III,Pistol,And his soft couch defile.,374
Act I,Scene III,Nym,My humour shall not cool: I will incense Page to,375
Act I,Scene III,Nym,deal with poison; I will possess him with,376
Act I,Scene III,Nym,"yellowness, for the revolt of mine is dangerous:",377
Act I,Scene III,Nym,that is my true humour.,378
Act I,Scene III,Pistol,Thou art the Mars of malecontents: I second thee; troop on.,379
Act I,Scene III,[stage direction],Exeunt,NA
Act I,Scene IV,[stage direction],"Enter MISTRESS QUICKLY, SIMPLE, and RUGBY",NA
Act I,Scene IV,Mistress Quickly,"What, John Rugby! I pray thee, go to the casement,",380
Act I,Scene IV,Mistress Quickly,"and see if you can see my master, Master Doctor",381
Act I,Scene IV,Mistress Quickly,"Caius, coming. If he do, i' faith, and find any",382
Act I,Scene IV,Mistress Quickly,"body in the house, here will be an old abusing of",383
Act I,Scene IV,Mistress Quickly,God's patience and the king's English.,384
Act I,Scene IV,Rugby,I'll go watch.,385
Act I,Scene IV,Mistress Quickly,"Go; and we'll have a posset for't soon at night, in",386
Act I,Scene IV,Mistress Quickly,"faith, at the latter end of a sea-coal fire.",387
Act I,Scene IV,[stage direction],Exit RUGBY,NA
Act I,Scene IV,Mistress Quickly,"An honest, willing, kind fellow, as ever servant",388
Act I,Scene IV,Mistress Quickly,"shall come in house withal, and, I warrant you, no",389
Act I,Scene IV,Mistress Quickly,"tell-tale nor no breed-bate: his worst fault is,",390
Act I,Scene IV,Mistress Quickly,that he is given to prayer; he is something peevish,391
Act I,Scene IV,Mistress Quickly,that way: but nobody but has his fault; but let,392
Act I,Scene IV,Mistress Quickly,"that pass. Peter Simple, you say your name is?",393
Act I,Scene IV,Simple,"Ay, for fault of a better.",394
Act I,Scene IV,Mistress Quickly,And Master Slender's your master?,395
Act I,Scene IV,Simple,"Ay, forsooth.",396
Act I,Scene IV,Mistress Quickly,"Does he not wear a great round beard, like a",397
Act I,Scene IV,Mistress Quickly,glover's paring-knife?,398
Act I,Scene IV,Simple,"No, forsooth: he hath but a little wee face, with a",399
Act I,Scene IV,Simple,"little yellow beard, a Cain-coloured beard.",400
Act I,Scene IV,Mistress Quickly,"A softly-sprighted man, is he not?",401
Act I,Scene IV,Simple,"Ay, forsooth: but he is as tall a man of his hands",402
Act I,Scene IV,Simple,as any is between this and his head; he hath fought,403
Act I,Scene IV,Simple,with a warrener.,404
Act I,Scene IV,Mistress Quickly,"How say you? O, I should remember him: does he not",405
Act I,Scene IV,Mistress Quickly,"hold up his head, as it were, and strut in his gait?",406
Act I,Scene IV,Simple,"Yes, indeed, does he.",407
Act I,Scene IV,Mistress Quickly,"Well, heaven send Anne Page no worse fortune! Tell",408
Act I,Scene IV,Mistress Quickly,Master Parson Evans I will do what I can for your,409
Act I,Scene IV,Mistress Quickly,"master: Anne is a good girl, and I wish--",410
Act I,Scene IV,[stage direction],Re-enter RUGBY,NA
Act I,Scene IV,Rugby,"Out, alas! here comes my master.",411
Act I,Scene IV,Mistress Quickly,"We shall all be shent. Run in here, good young man;",412
Act I,Scene IV,Mistress Quickly,go into this closet: he will not stay long.,413
Act I,Scene IV,[stage direction],Shuts SIMPLE in the closet,NA
Act I,Scene IV,Mistress Quickly,"What, John Rugby! John! what, John, I say!",414
Act I,Scene IV,Mistress Quickly,"Go, John, go inquire for my master; I doubt",415
Act I,Scene IV,Mistress Quickly,"he be not well, that he comes not home.",416
Act I,Scene IV,[stage direction],Singing,NA
Act I,Scene IV,Mistress Quickly,"And down, down, adown-a,  &amp; c.",417
Act I,Scene IV,[stage direction],Enter DOCTOR CAIUS,NA
Act I,Scene IV,Doctor Caius,"Vat is you sing? I do not like des toys. Pray you,",418
Act I,Scene IV,Doctor Caius,"go and vetch me in my closet un boitier vert, a box,",419
Act I,Scene IV,Doctor Caius,a green-a box: do intend vat I speak? a green-a box.,420
Act I,Scene IV,Mistress Quickly,"Ay, forsooth; I'll fetch it you.",421
Act I,Scene IV,[stage direction],Aside,NA
Act I,Scene IV,Mistress Quickly,I am glad he went not in himself: if he had found,422
Act I,Scene IV,Mistress Quickly,"the young man, he would have been horn-mad.",423
Act I,Scene IV,Doctor Caius,"Fe, fe, fe, fe! ma foi, il fait fort chaud. Je",424
Act I,Scene IV,Doctor Caius,m'en vais a la cour--la grande affaire.,425
Act I,Scene IV,Mistress Quickly,"Is it this, sir?",426
Act I,Scene IV,Doctor Caius,"Oui; mette le au mon pocket: depeche, quickly. Vere",427
Act I,Scene IV,Doctor Caius,is dat knave Rugby?,428
Act I,Scene IV,Mistress Quickly,"What, John Rugby! John!",429
Act I,Scene IV,Rugby,"Here, sir!",430
Act I,Scene IV,Doctor Caius,"You are John Rugby, and you are Jack Rugby. Come,",431
Act I,Scene IV,Doctor Caius,"take-a your rapier, and come after my heel to the court.",432
Act I,Scene IV,Rugby,"'Tis ready, sir, here in the porch.",433
Act I,Scene IV,Doctor Caius,"By my trot, I tarry too long. Od's me!",434
Act I,Scene IV,Doctor Caius,"Qu'ai-j'oublie! dere is some simples in my closet,",435
Act I,Scene IV,Doctor Caius,dat I vill not for the varld I shall leave behind.,436
Act I,Scene IV,Mistress Quickly,"Ay me, he'll find the young man here, and be mad!",437
Act I,Scene IV,Doctor Caius,"O diable, diable! vat is in my closet? Villain! larron!",438
Act I,Scene IV,[stage direction],Pulling SIMPLE out,NA
Act I,Scene IV,Doctor Caius,"Rugby, my rapier!",439
Act I,Scene IV,Mistress Quickly,"Good master, be content.",440
Act I,Scene IV,Doctor Caius,Wherefore shall I be content-a?,441
Act I,Scene IV,Mistress Quickly,The young man is an honest man.,442
Act I,Scene IV,Doctor Caius,What shall de honest man do in my closet? dere is,443
Act I,Scene IV,Doctor Caius,no honest man dat shall come in my closet.,444
Act I,Scene IV,Mistress Quickly,"I beseech you, be not so phlegmatic. Hear the truth",445
Act I,Scene IV,Mistress Quickly,of it: he came of an errand to me from Parson Hugh.,446
Act I,Scene IV,Doctor Caius,Vell.,447
Act I,Scene IV,Simple,"Ay, forsooth; to desire her to--",448
Act I,Scene IV,Mistress Quickly,"Peace, I pray you.",449
Act I,Scene IV,Doctor Caius,Peace-a your tongue. Speak-a your tale.,450
Act I,Scene IV,Simple,"To desire this honest gentlewoman, your maid, to",451
Act I,Scene IV,Simple,speak a good word to Mistress Anne Page for my,452
Act I,Scene IV,Simple,master in the way of marriage.,453
Act I,Scene IV,Mistress Quickly,"This is all, indeed, la! but I'll ne'er put my",454
Act I,Scene IV,Mistress Quickly,"finger in the fire, and need not.",455
Act I,Scene IV,Doctor Caius,"Sir Hugh send-a you? Rugby, baille me some paper.",456
Act I,Scene IV,Doctor Caius,Tarry you a little-a while.,457
Act I,Scene IV,[stage direction],Writes,NA
Act I,Scene IV,Mistress Quickly,[Aside to SIMPLE]  I am glad he is so quiet: if he,458
Act I,Scene IV,Mistress Quickly,"had been thoroughly moved, you should have heard him",459
Act I,Scene IV,Mistress Quickly,"so loud and so melancholy. But notwithstanding,",460
Act I,Scene IV,Mistress Quickly,"man, I'll do you your master what good I can: and",461
Act I,Scene IV,Mistress Quickly,"the very yea and the no is, the French doctor, my",462
Act I,Scene IV,Mistress Quickly,"master,--I may call him my master, look you, for I",463
Act I,Scene IV,Mistress Quickly,"keep his house; and I wash, wring, brew, bake,",464
Act I,Scene IV,Mistress Quickly,"scour, dress meat and drink, make the beds and do",465
Act I,Scene IV,Mistress Quickly,"all myself,--",466
Act I,Scene IV,Simple,[Aside to MISTRESS QUICKLY]  'Tis a great charge to,467
Act I,Scene IV,Simple,come under one body's hand.,468
Act I,Scene IV,Mistress Quickly,[Aside to SIMPLE]  Are you avised o' that? you,469
Act I,Scene IV,Mistress Quickly,shall find it a great charge: and to be up early,470
Act I,Scene IV,Mistress Quickly,"and down late; but notwithstanding,--to tell you in",471
Act I,Scene IV,Mistress Quickly,"your ear; I would have no words of it,--my master",472
Act I,Scene IV,Mistress Quickly,himself is in love with Mistress Anne Page: but,473
Act I,Scene IV,Mistress Quickly,"notwithstanding that, I know Anne's mind,--that's",474
Act I,Scene IV,Mistress Quickly,neither here nor there.,475
Act I,Scene IV,Doctor Caius,"You jack'nape, give-a this letter to Sir Hugh; by",476
Act I,Scene IV,Doctor Caius,"gar, it is a shallenge: I will cut his troat in dee",477
Act I,Scene IV,Doctor Caius,park; and I will teach a scurvy jack-a-nape priest,478
Act I,Scene IV,Doctor Caius,to meddle or make. You may be gone; it is not good,479
Act I,Scene IV,Doctor Caius,"you tarry here. By gar, I will cut all his two",480
Act I,Scene IV,Doctor Caius,"stones; by gar, he shall not have a stone to throw",481
Act I,Scene IV,Doctor Caius,at his dog:,482
Act I,Scene IV,[stage direction],Exit SIMPLE,NA
Act I,Scene IV,Mistress Quickly,"Alas, he speaks but for his friend.",483
Act I,Scene IV,Doctor Caius,It is no matter-a ver dat: do not you tell-a me,484
Act I,Scene IV,Doctor Caius,"dat I shall have Anne Page for myself? By gar, I",485
Act I,Scene IV,Doctor Caius,vill kill de Jack priest; and I have appointed mine,486
Act I,Scene IV,Doctor Caius,"host of de Jarteer to measure our weapon. By gar, I",487
Act I,Scene IV,Doctor Caius,will myself have Anne Page.,488
Act I,Scene IV,Mistress Quickly,"Sir, the maid loves you, and all shall be well. We",489
Act I,Scene IV,Mistress Quickly,"must give folks leave to prate: what, the good-jer!",490
Act I,Scene IV,Doctor Caius,"Rugby, come to the court with me. By gar, if I have",491
Act I,Scene IV,Doctor Caius,"not Anne Page, I shall turn your head out of my",492
Act I,Scene IV,Doctor Caius,"door. Follow my heels, Rugby.",493
Act I,Scene IV,[stage direction],Exeunt DOCTOR CAIUS and RUGBY,NA
Act I,Scene IV,Mistress Quickly,"You shall have An fool's-head of your own. No, I",494
Act I,Scene IV,Mistress Quickly,know Anne's mind for that: never a woman in Windsor,495
Act I,Scene IV,Mistress Quickly,knows more of Anne's mind than I do; nor can do more,496
Act I,Scene IV,Mistress Quickly,"than I do with her, I thank heaven.",497
Act I,Scene IV,Fenton,[Within]  Who's within there? ho!,498
Act I,Scene IV,Mistress Quickly,"Who's there, I trow! Come near the house, I pray you.",499
Act I,Scene IV,[stage direction],Enter FENTON,NA
Act I,Scene IV,Fenton,"How now, good woman? how dost thou?",500
Act I,Scene IV,Mistress Quickly,The better that it pleases your good worship to ask.,501
Act I,Scene IV,Fenton,What news? how does pretty Mistress Anne?,502
Act I,Scene IV,Mistress Quickly,"In truth, sir, and she is pretty, and honest, and",503
Act I,Scene IV,Mistress Quickly,"gentle; and one that is your friend, I can tell you",504
Act I,Scene IV,Mistress Quickly,that by the way; I praise heaven for it.,505
Act I,Scene IV,Fenton,"Shall I do any good, thinkest thou? shall I not lose my suit?",506
Act I,Scene IV,Mistress Quickly,"Troth, sir, all is in his hands above: but",507
Act I,Scene IV,Mistress Quickly,"notwithstanding, Master Fenton, I'll be sworn on a",508
Act I,Scene IV,Mistress Quickly,"book, she loves you. Have not your worship a wart",509
Act I,Scene IV,Mistress Quickly,above your eye?,510
Act I,Scene IV,Fenton,"Yes, marry, have I; what of that?",511
Act I,Scene IV,Mistress Quickly,"Well, thereby hangs a tale: good faith, it is such",512
Act I,Scene IV,Mistress Quickly,"another Nan; but, I detest, an honest maid as ever",513
Act I,Scene IV,Mistress Quickly,broke bread: we had an hour's talk of that wart. I,514
Act I,Scene IV,Mistress Quickly,shall never laugh but in that maid's company! But,515
Act I,Scene IV,Mistress Quickly,indeed she is given too much to allicholy and,516
Act I,Scene IV,Mistress Quickly,"musing: but for you--well, go to.",517
Act I,Scene IV,Fenton,"Well, I shall see her to-day. Hold, there's money",518
Act I,Scene IV,Fenton,for thee; let me have thy voice in my behalf: if,519
Act I,Scene IV,Fenton,"thou seest her before me, commend me.",520
Act I,Scene IV,Mistress Quickly,"Will I? i'faith, that we will; and I will tell your",521
Act I,Scene IV,Mistress Quickly,worship more of the wart the next time we have,522
Act I,Scene IV,Mistress Quickly,confidence; and of other wooers.,523
Act I,Scene IV,Fenton,"Well, farewell; I am in great haste now.",524
Act I,Scene IV,Mistress Quickly,Farewell to your worship.,525
Act I,Scene IV,[stage direction],Exit FENTON,NA
Act I,Scene IV,Mistress Quickly,"Truly, an honest gentleman: but Anne loves him not;",526
Act I,Scene IV,Mistress Quickly,for I know Anne's mind as well as another does. Out,527
Act I,Scene IV,Mistress Quickly,upon't! what have I forgot?,528
Act I,Scene IV,[stage direction],Exit,NA
Act II,Scene I,[stage direction],"Enter MISTRESS PAGE, with a letter",NA
Act II,Scene I,Mistress Page,"What, have I scaped love-letters in the holiday-",529
Act II,Scene I,Mistress Page,"time of my beauty, and am I now a subject for them?",530
Act II,Scene I,Mistress Page,Let me see.,531
Act II,Scene I,[stage direction],Reads,NA
Act II,Scene I,Mistress Page,'Ask me no reason why I love you; for though,532
Act II,Scene I,Mistress Page,"Love use Reason for his physician, he admits him",533
Act II,Scene I,Mistress Page,"not for his counsellor. You are not young, no more",534
Act II,Scene I,Mistress Page,"am I; go to then, there's sympathy: you are merry,",535
Act II,Scene I,Mistress Page,"so am I; ha, ha! then there's more sympathy: you",536
Act II,Scene I,Mistress Page,"love sack, and so do I; would you desire better",537
Act II,Scene I,Mistress Page,"sympathy? Let it suffice thee, Mistress Page,--at",538
Act II,Scene I,Mistress Page,"the least, if the love of soldier can suffice,--",539
Act II,Scene I,Mistress Page,"that I love thee. I will not say, pity me; 'tis",540
Act II,Scene I,Mistress Page,"not a soldier-like phrase: but I say, love me. By me,",541
Act II,Scene I,Mistress Page,"Thine own true knight,",542
Act II,Scene I,Mistress Page,"By day or night,",543
Act II,Scene I,Mistress Page,"Or any kind of light,",544
Act II,Scene I,Mistress Page,With all his might,545
Act II,Scene I,Mistress Page,"For thee to fight,    JOHN FALSTAFF'",546
Act II,Scene I,Mistress Page,What a Herod of Jewry is this! O wicked,547
Act II,Scene I,Mistress Page,world! One that is well-nigh worn to pieces with,548
Act II,Scene I,Mistress Page,age to show himself a young gallant! What an,549
Act II,Scene I,Mistress Page,unweighed behavior hath this Flemish drunkard,550
Act II,Scene I,Mistress Page,picked--with the devil's name!--out of my,551
Act II,Scene I,Mistress Page,"conversation, that he dares in this manner assay me?",552
Act II,Scene I,Mistress Page,"Why, he hath not been thrice in my company! What",553
Act II,Scene I,Mistress Page,should I say to him? I was then frugal of my,554
Act II,Scene I,Mistress Page,"mirth: Heaven forgive me! Why, I'll exhibit a bill",555
Act II,Scene I,Mistress Page,in the parliament for the putting down of men. How,556
Act II,Scene I,Mistress Page,"shall I be revenged on him? for revenged I will be,",557
Act II,Scene I,Mistress Page,as sure as his guts are made of puddings.,558
Act II,Scene I,[stage direction],Enter MISTRESS FORD,NA
Act II,Scene I,Mistress Ford,"Mistress Page! trust me, I was going to your house.",559
Act II,Scene I,Mistress Page,"And, trust me, I was coming to you. You look very",560
Act II,Scene I,Mistress Page,ill.,561
Act II,Scene I,Mistress Ford,"Nay, I'll ne'er believe that; I have to show to the contrary.",562
Act II,Scene I,Mistress Page,"Faith, but you do, in my mind.",563
Act II,Scene I,Mistress Ford,"Well, I do then; yet I say I could show you to the",564
Act II,Scene I,Mistress Ford,"contrary. O Mistress Page, give me some counsel!",565
Act II,Scene I,Mistress Page,"What's the matter, woman?",566
Act II,Scene I,Mistress Ford,"O woman, if it were not for one trifling respect, I",567
Act II,Scene I,Mistress Ford,could come to such honour!,568
Act II,Scene I,Mistress Page,"Hang the trifle, woman! take the honour. What is",569
Act II,Scene I,Mistress Page,it? dispense with trifles; what is it?,570
Act II,Scene I,Mistress Ford,"If I would but go to hell for an eternal moment or so,",571
Act II,Scene I,Mistress Ford,I could be knighted.,572
Act II,Scene I,Mistress Page,What? thou liest! Sir Alice Ford! These knights,573
Act II,Scene I,Mistress Page,will hack; and so thou shouldst not alter the,574
Act II,Scene I,Mistress Page,article of thy gentry.,575
Act II,Scene I,Mistress Ford,"We burn daylight: here, read, read; perceive how I",576
Act II,Scene I,Mistress Ford,might be knighted. I shall think the worse of fat,577
Act II,Scene I,Mistress Ford,"men, as long as I have an eye to make difference of",578
Act II,Scene I,Mistress Ford,men's liking: and yet he would not swear; praised,579
Act II,Scene I,Mistress Ford,women's modesty; and gave such orderly and,580
Act II,Scene I,Mistress Ford,"well-behaved reproof to all uncomeliness, that I",581
Act II,Scene I,Mistress Ford,would have sworn his disposition would have gone to,582
Act II,Scene I,Mistress Ford,the truth of his words; but they do no more adhere,583
Act II,Scene I,Mistress Ford,and keep place together than the Hundredth Psalm to,584
Act II,Scene I,Mistress Ford,"the tune of 'Green Sleeves.' What tempest, I trow,",585
Act II,Scene I,Mistress Ford,"threw this whale, with so many tuns of oil in his",586
Act II,Scene I,Mistress Ford,"belly, ashore at Windsor? How shall I be revenged",587
Act II,Scene I,Mistress Ford,on him? I think the best way were to entertain him,588
Act II,Scene I,Mistress Ford,"with hope, till the wicked fire of lust have melted",589
Act II,Scene I,Mistress Ford,him in his own grease. Did you ever hear the like?,590
Act II,Scene I,Mistress Page,"Letter for letter, but that the name of Page and",591
Act II,Scene I,Mistress Page,Ford differs! To thy great comfort in this mystery,592
Act II,Scene I,Mistress Page,"of ill opinions, here's the twin-brother of thy",593
Act II,Scene I,Mistress Page,"letter: but let thine inherit first; for, I",594
Act II,Scene I,Mistress Page,"protest, mine never shall. I warrant he hath a",595
Act II,Scene I,Mistress Page,"thousand of these letters, writ with blank space for",596
Act II,Scene I,Mistress Page,"different names--sure, more,--and these are of the",597
Act II,Scene I,Mistress Page,"second edition: he will print them, out of doubt;",598
Act II,Scene I,Mistress Page,"for he cares not what he puts into the press, when",599
Act II,Scene I,Mistress Page,"he would put us two. I had rather be a giantess,",600
Act II,Scene I,Mistress Page,"and lie under Mount Pelion. Well, I will find you",601
Act II,Scene I,Mistress Page,twenty lascivious turtles ere one chaste man.,602
Act II,Scene I,Mistress Ford,"Why, this is the very same; the very hand, the very",603
Act II,Scene I,Mistress Ford,words. What doth he think of us?,604
Act II,Scene I,Mistress Page,"Nay, I know not: it makes me almost ready to",605
Act II,Scene I,Mistress Page,wrangle with mine own honesty. I'll entertain,606
Act II,Scene I,Mistress Page,myself like one that I am not acquainted withal;,607
Act II,Scene I,Mistress Page,"for, sure, unless he know some strain in me, that I",608
Act II,Scene I,Mistress Page,"know not myself, he would never have boarded me in this fury.",609
Act II,Scene I,Mistress Ford,"'Boarding,' call you it? I'll be sure to keep him",610
Act II,Scene I,Mistress Ford,above deck.,611
Act II,Scene I,Mistress Page,"So will I	if he come under my hatches, I'll never",612
Act II,Scene I,Mistress Page,to sea again. Let's be revenged on him: let's,613
Act II,Scene I,Mistress Page,appoint him a meeting; give him a show of comfort in,614
Act II,Scene I,Mistress Page,"his suit and lead him on with a fine-baited delay,",615
Act II,Scene I,Mistress Page,till he hath pawned his horses to mine host of the Garter.,616
Act II,Scene I,Mistress Ford,"Nay, I will consent to act any villany against him,",617
Act II,Scene I,Mistress Ford,"that may not sully the chariness of our honesty. O,",618
Act II,Scene I,Mistress Ford,that my husband saw this letter! it would give,619
Act II,Scene I,Mistress Ford,eternal food to his jealousy.,620
Act II,Scene I,Mistress Page,"Why, look where he comes; and my good man too: he's",621
Act II,Scene I,Mistress Page,as far from jealousy as I am from giving him cause;,622
Act II,Scene I,Mistress Page,and that I hope is an unmeasurable distance.,623
Act II,Scene I,Mistress Ford,You are the happier woman.,624
Act II,Scene I,Mistress Page,Let's consult together against this greasy knight.,625
Act II,Scene I,Mistress Page,Come hither.,626
Act II,Scene I,[stage direction],They retire,NA
Act II,Scene I,[stage direction],"Enter FORD with PISTOL, and PAGE with NYM",NA
Act II,Scene I,Ford,"Well, I hope it be not so.",627
Act II,Scene I,Pistol,Hope is a curtal dog in some affairs:,628
Act II,Scene I,Pistol,Sir John affects thy wife.,629
Act II,Scene I,Ford,"Why, sir, my wife is not young.",630
Act II,Scene I,Pistol,"He wooes both high and low, both rich and poor,",631
Act II,Scene I,Pistol,"Both young and old, one with another, Ford;",632
Act II,Scene I,Pistol,"He loves the gallimaufry: Ford, perpend.",633
Act II,Scene I,Ford,Love my wife!,634
Act II,Scene I,Pistol,"With liver burning hot. Prevent, or go thou,",635
Act II,Scene I,Pistol,"Like Sir Actaeon he, with Ringwood at thy heels:",636
Act II,Scene I,Pistol,"O, odious is the name!",637
Act II,Scene I,Ford,"What name, sir?",638
Act II,Scene I,Pistol,"The horn, I say. Farewell.",639
Act II,Scene I,Pistol,"Take heed, have open eye, for thieves do foot by night:",640
Act II,Scene I,Pistol,"Take heed, ere summer comes or cuckoo-birds do sing.",641
Act II,Scene I,Pistol,"Away, Sir Corporal Nym!",642
Act II,Scene I,Pistol,"Believe it, Page; he speaks sense.",643
Act II,Scene I,[stage direction],Exit,NA
Act II,Scene I,Ford,[Aside]  I will be patient; I will find out this.,644
Act II,Scene I,Nym,[To PAGE]  And this is true; I like not the humour,645
Act II,Scene I,Nym,of lying. He hath wronged me in some humours: I,646
Act II,Scene I,Nym,should have borne the humoured letter to her; but I,647
Act II,Scene I,Nym,have a sword and it shall bite upon my necessity.,648
Act II,Scene I,Nym,He loves your wife; there's the short and the long.,649
Act II,Scene I,Nym,My name is Corporal Nym; I speak and I avouch; 'tis,650
Act II,Scene I,Nym,true: my name is Nym and Falstaff loves your wife.,651
Act II,Scene I,Nym,"Adieu. I love not the humour of bread and cheese,",652
Act II,Scene I,Nym,and there's the humour of it. Adieu.,653
Act II,Scene I,[stage direction],Exit,NA
Act II,Scene I,Page,"'The humour of it,' quoth a'! here's a fellow",654
Act II,Scene I,Page,frights English out of his wits.,655
Act II,Scene I,Ford,I will seek out Falstaff.,656
Act II,Scene I,Page,"I never heard such a drawling, affecting rogue.",657
Act II,Scene I,Ford,If I do find it: well.,658
Act II,Scene I,Page,"I will not believe such a Cataian, though the priest",659
Act II,Scene I,Page,o' the town commended him for a true man.,660
Act II,Scene I,Ford,'Twas a good sensible fellow: well.,661
Act II,Scene I,Page,"How now, Meg!",662
Act II,Scene I,[stage direction],MISTRESS PAGE and MISTRESS FORD come forward,NA
Act II,Scene I,Mistress Page,"Whither go you, George? Hark you.",663
Act II,Scene I,Mistress Ford,"How now, sweet Frank! why art thou melancholy?",664
Act II,Scene I,Ford,"I melancholy! I am not melancholy. Get you home, go.",665
Act II,Scene I,Mistress Ford,"Faith, thou hast some crotchets in thy head. Now,",666
Act II,Scene I,Mistress Ford,"will you go, Mistress Page?",667
Act II,Scene I,Mistress Page,"Have with you. You'll come to dinner, George.",668
Act II,Scene I,[stage direction],Aside to MISTRESS FORD,NA
Act II,Scene I,Mistress Page,Look who comes yonder: she shall be our messenger,669
Act II,Scene I,Mistress Page,to this paltry knight.,670
Act II,Scene I,Mistress Ford,"[Aside to MISTRESS PAGE]  Trust me, I thought on her:",671
Act II,Scene I,Mistress Ford,she'll fit it.,672
Act II,Scene I,[stage direction],Enter MISTRESS QUICKLY,NA
Act II,Scene I,Mistress Page,You are come to see my daughter Anne?,673
Act II,Scene I,Mistress Quickly,"Ay, forsooth; and, I pray, how does good Mistress Anne?",674
Act II,Scene I,Mistress Page,Go in with us and see: we have an hour's talk with,675
Act II,Scene I,Mistress Page,you.,676
Act II,Scene I,[stage direction],"Exeunt MISTRESS PAGE, MISTRESS FORD, and MISTRESS QUICKLY",NA
Act II,Scene I,Page,"How now, Master Ford!",677
Act II,Scene I,Ford,"You heard what this knave told me, did you not?",678
Act II,Scene I,Page,Yes: and you heard what the other told me?,679
Act II,Scene I,Ford,Do you think there is truth in them?,680
Act II,Scene I,Page,"Hang 'em, slaves! I do not think the knight would",681
Act II,Scene I,Page,offer it: but these that accuse him in his intent,682
Act II,Scene I,Page,towards our wives are a yoke of his discarded men;,683
Act II,Scene I,Page,"very rogues, now they be out of service.",684
Act II,Scene I,Ford,Were they his men?,685
Act II,Scene I,Page,"Marry, were they.",686
Act II,Scene I,Ford,I like it never the better for that. Does he lie at,687
Act II,Scene I,Ford,the Garter?,688
Act II,Scene I,Page,"Ay, marry, does he. If he should intend this voyage",689
Act II,Scene I,Page,"towards my wife, I would turn her loose to him; and",690
Act II,Scene I,Page,"what he gets more of her than sharp words, let it",691
Act II,Scene I,Page,lie on my head.,692
Act II,Scene I,Ford,I do not misdoubt my wife; but I would be loath to,693
Act II,Scene I,Ford,turn them together. A man may be too confident: I,694
Act II,Scene I,Ford,would have nothing lie on my head: I cannot be thus satisfied.,695
Act II,Scene I,Page,Look where my ranting host of the Garter comes:,696
Act II,Scene I,Page,there is either liquor in his pate or money in his,697
Act II,Scene I,Page,purse when he looks so merrily.,698
Act II,Scene I,[stage direction],Enter Host,NA
Act II,Scene I,Page,"How now, mine host!",699
Act II,Scene I,Host,"How now, bully-rook! thou'rt a gentleman.",700
Act II,Scene I,Host,"Cavaleiro-justice, I say!",701
Act II,Scene I,[stage direction],Enter SHALLOW,NA
Act II,Scene I,Shallow,"I follow, mine host, I follow. Good even and",702
Act II,Scene I,Shallow,"twenty, good Master Page! Master Page, will you go",703
Act II,Scene I,Shallow,with us? we have sport in hand.,704
Act II,Scene I,Host,"Tell him, cavaleiro-justice; tell him, bully-rook.",705
Act II,Scene I,Shallow,"Sir, there is a fray to be fought between Sir Hugh",706
Act II,Scene I,Shallow,the Welsh priest and Caius the French doctor.,707
Act II,Scene I,Ford,"Good mine host o' the Garter, a word with you.",708
Act II,Scene I,[stage direction],Drawing him aside,NA
Act II,Scene I,Host,"What sayest thou, my bully-rook?",709
Act II,Scene I,Shallow,[To PAGE]  Will you go with us to behold it? My,710
Act II,Scene I,Shallow,merry host hath had the measuring of their weapons;,711
Act II,Scene I,Shallow,"and, I think, hath appointed them contrary places;",712
Act II,Scene I,Shallow,"for, believe me, I hear the parson is no jester.",713
Act II,Scene I,Shallow,"Hark, I will tell you what our sport shall be.",714
Act II,Scene I,[stage direction],They converse apart,NA
Act II,Scene I,Host,"Hast thou no suit against my knight, my",715
Act II,Scene I,Host,guest-cavaleire?,716
Act II,Scene I,Ford,"None, I protest: but I'll give you a pottle of",717
Act II,Scene I,Ford,burnt sack to give me recourse to him and tell him,718
Act II,Scene I,Ford,my name is Brook; only for a jest.,719
Act II,Scene I,Host,"My hand, bully; thou shalt have egress and regress;",720
Act II,Scene I,Host,--said I well?--and thy name shall be Brook. It is,721
Act II,Scene I,Host,"a merry knight. Will you go, An-heires?",722
Act II,Scene I,Shallow,"Have with you, mine host.",723
Act II,Scene I,Page,I have heard the Frenchman hath good skill in,724
Act II,Scene I,Page,his rapier.,725
Act II,Scene I,Shallow,"Tut, sir, I could have told you more. In these times",726
Act II,Scene I,Shallow,"you stand on distance, your passes, stoccadoes, and",727
Act II,Scene I,Shallow,"I know not what: 'tis the heart, Master Page; 'tis",728
Act II,Scene I,Shallow,"here, 'tis here. I have seen the time, with my long",729
Act II,Scene I,Shallow,sword I would have made you four tall fellows skip like rats.,730
Act II,Scene I,Host,"Here, boys, here, here! shall we wag?",731
Act II,Scene I,Page,Have with you. I would rather hear them scold than fight.,732
Act II,Scene I,[stage direction],"Exeunt Host, SHALLOW, and PAGE",NA
Act II,Scene I,Ford,"Though Page be a secure fool, an stands so firmly",733
Act II,Scene I,Ford,"on his wife's frailty, yet I cannot put off my",734
Act II,Scene I,Ford,opinion so easily: she was in his company at Page's,735
Act II,Scene I,Ford,"house; and what they made there, I know not. Well,",736
Act II,Scene I,Ford,I will look further into't: and I have a disguise,737
Act II,Scene I,Ford,"to sound Falstaff. If I find her honest, I lose not",738
Act II,Scene I,Ford,"my labour; if she be otherwise, 'tis labour well bestowed.",739
Act II,Scene I,[stage direction],Exit,NA
Act II,Scene II,[stage direction],Enter FALSTAFF and PISTOL,NA
Act II,Scene II,Falstaff,I will not lend thee a penny.,740
Act II,Scene II,Pistol,"Why, then the world's mine oyster.",741
Act II,Scene II,Pistol,Which I with sword will open.,742
Act II,Scene II,Falstaff,"Not a penny. I have been content, sir, you should",743
Act II,Scene II,Falstaff,lay my countenance to pawn; I have grated upon my,744
Act II,Scene II,Falstaff,good friends for three reprieves for you and your,745
Act II,Scene II,Falstaff,coach-fellow Nym; or else you had looked through,746
Act II,Scene II,Falstaff,"the grate, like a geminy of baboons. I am damned in",747
Act II,Scene II,Falstaff,"hell for swearing to gentlemen my friends, you were",748
Act II,Scene II,Falstaff,good soldiers and tall fellows; and when Mistress,749
Act II,Scene II,Falstaff,"Bridget lost the handle of her fan, I took't upon",750
Act II,Scene II,Falstaff,mine honour thou hadst it not.,751
Act II,Scene II,Pistol,Didst not thou share? hadst thou not fifteen pence?,752
Act II,Scene II,Falstaff,"Reason, you rogue, reason: thinkest thou I'll",753
Act II,Scene II,Falstaff,"endanger my soul gratis? At a word, hang no more",754
Act II,Scene II,Falstaff,"about me, I am no gibbet for you. Go. A short knife",755
Act II,Scene II,Falstaff,and a throng! To your manor of Pickt-hatch! Go.,756
Act II,Scene II,Falstaff,"You'll not bear a letter for me, you rogue! you",757
Act II,Scene II,Falstaff,"stand upon your honour! Why, thou unconfinable",758
Act II,Scene II,Falstaff,"baseness, it is as much as I can do to keep the",759
Act II,Scene II,Falstaff,"terms of my honour precise: I, I, I myself",760
Act II,Scene II,Falstaff,"sometimes, leaving the fear of God on the left hand",761
Act II,Scene II,Falstaff,"and hiding mine honour in my necessity, am fain to",762
Act II,Scene II,Falstaff,"shuffle, to hedge and to lurch; and yet you, rogue,",763
Act II,Scene II,Falstaff,"will ensconce your rags, your cat-a-mountain",764
Act II,Scene II,Falstaff,"looks, your red-lattice phrases, and your",765
Act II,Scene II,Falstaff,"bold-beating oaths, under the shelter of your",766
Act II,Scene II,Falstaff,"honour! You will not do it, you!",767
Act II,Scene II,Pistol,I do relent: what would thou more of man?,768
Act II,Scene II,[stage direction],Enter ROBIN,NA
Act II,Scene II,Robin,"Sir, here's a woman would speak with you.",769
Act II,Scene II,Falstaff,Let her approach.,770
Act II,Scene II,[stage direction],Enter MISTRESS QUICKLY,NA
Act II,Scene II,Mistress Quickly,Give your worship good morrow.,771
Act II,Scene II,Falstaff,"Good morrow, good wife.",772
Act II,Scene II,Mistress Quickly,"Not so, an't please your worship.",773
Act II,Scene II,Falstaff,"Good maid, then.",774
Act II,Scene II,Mistress Quickly,"I'll be sworn,",775
Act II,Scene II,Mistress Quickly,"As my mother was, the first hour I was born.",776
Act II,Scene II,Falstaff,I do believe the swearer. What with me?,777
Act II,Scene II,Mistress Quickly,Shall I vouchsafe your worship a word or two?,778
Act II,Scene II,Falstaff,"Two thousand, fair woman: and I'll vouchsafe thee",779
Act II,Scene II,Falstaff,the hearing.,780
Act II,Scene II,Mistress Quickly,"There is one Mistress Ford, sir:--I pray, come a",781
Act II,Scene II,Mistress Quickly,little nearer this ways:--I myself dwell with master,782
Act II,Scene II,Mistress Quickly,"Doctor Caius,--",783
Act II,Scene II,Falstaff,"Well, on: Mistress Ford, you say,--",784
Act II,Scene II,Mistress Quickly,"Your worship says very true: I pray your worship,",785
Act II,Scene II,Mistress Quickly,come a little nearer this ways.,786
Act II,Scene II,Falstaff,"I warrant thee, nobody hears; mine own people, mine",787
Act II,Scene II,Falstaff,own people.,788
Act II,Scene II,Mistress Quickly,Are they so? God bless them and make them his servants!,789
Act II,Scene II,Falstaff,"Well, Mistress Ford; what of her?",790
Act II,Scene II,Mistress Quickly,"Why, sir, she's a good creature. Lord Lord! your",791
Act II,Scene II,Mistress Quickly,"worship's a wanton! Well, heaven forgive you and all",792
Act II,Scene II,Mistress Quickly,"of us, I pray!",793
Act II,Scene II,Falstaff,"Mistress Ford; come, Mistress Ford,--",794
Act II,Scene II,Mistress Quickly,"Marry, this is the short and the long of it; you",795
Act II,Scene II,Mistress Quickly,have brought her into such a canaries as 'tis,796
Act II,Scene II,Mistress Quickly,"wonderful. The best courtier of them all, when the",797
Act II,Scene II,Mistress Quickly,"court lay at Windsor, could never have brought her",798
Act II,Scene II,Mistress Quickly,"to such a canary. Yet there has been knights, and",799
Act II,Scene II,Mistress Quickly,"lords, and gentlemen, with their coaches, I warrant",800
Act II,Scene II,Mistress Quickly,"you, coach after coach, letter after letter, gift",801
Act II,Scene II,Mistress Quickly,"after gift; smelling so sweetly, all musk, and so",802
Act II,Scene II,Mistress Quickly,"rushling, I warrant you, in silk and gold; and in",803
Act II,Scene II,Mistress Quickly,such alligant terms; and in such wine and sugar of,804
Act II,Scene II,Mistress Quickly,"the best and the fairest, that would have won any",805
Act II,Scene II,Mistress Quickly,"woman's heart; and, I warrant you, they could never",806
Act II,Scene II,Mistress Quickly,get an eye-wink of her: I had myself twenty angels,807
Act II,Scene II,Mistress Quickly,"given me this morning; but I defy all angels, in",808
Act II,Scene II,Mistress Quickly,"any such sort, as they say, but in the way of",809
Act II,Scene II,Mistress Quickly,"honesty: and, I warrant you, they could never get",810
Act II,Scene II,Mistress Quickly,her so much as sip on a cup with the proudest of,811
Act II,Scene II,Mistress Quickly,"them all: and yet there has been earls, nay, which",812
Act II,Scene II,Mistress Quickly,"is more, pensioners; but, I warrant you, all is one with her.",813
Act II,Scene II,Falstaff,"But what says she to me? be brief, my good",814
Act II,Scene II,Falstaff,she-Mercury.,815
Act II,Scene II,Mistress Quickly,"Marry, she hath received your letter, for the which",816
Act II,Scene II,Mistress Quickly,she thanks you a thousand times; and she gives you,817
Act II,Scene II,Mistress Quickly,to notify that her husband will be absence from his,818
Act II,Scene II,Mistress Quickly,house between ten and eleven.,819
Act II,Scene II,Falstaff,Ten and eleven?,820
Act II,Scene II,Mistress Quickly,"Ay, forsooth; and then you may come and see the",821
Act II,Scene II,Mistress Quickly,"picture, she says, that you wot of: Master Ford,",822
Act II,Scene II,Mistress Quickly,"her husband, will be from home. Alas! the sweet",823
Act II,Scene II,Mistress Quickly,woman leads an ill life with him: he's a very,824
Act II,Scene II,Mistress Quickly,jealousy man: she leads a very frampold life with,825
Act II,Scene II,Mistress Quickly,"him, good heart.",826
Act II,Scene II,Falstaff,"Ten and eleven. Woman, commend me to her; I will",827
Act II,Scene II,Falstaff,not fail her.,828
Act II,Scene II,Mistress Quickly,"Why, you say well. But I have another messenger to",829
Act II,Scene II,Mistress Quickly,your worship. Mistress Page hath her hearty,830
Act II,Scene II,Mistress Quickly,commendations to you too: and let me tell you in,831
Act II,Scene II,Mistress Quickly,"your ear, she's as fartuous a civil modest wife, and",832
Act II,Scene II,Mistress Quickly,"one, I tell you, that will not miss you morning nor",833
Act II,Scene II,Mistress Quickly,"evening prayer, as any is in Windsor, whoe'er be the",834
Act II,Scene II,Mistress Quickly,other: and she bade me tell your worship that her,835
Act II,Scene II,Mistress Quickly,husband is seldom from home; but she hopes there,836
Act II,Scene II,Mistress Quickly,will come a time. I never knew a woman so dote upon,837
Act II,Scene II,Mistress Quickly,"a man: surely I think you have charms, la; yes, in truth.",838
Act II,Scene II,Falstaff,"Not I, I assure thee: setting the attractions of my",839
Act II,Scene II,Falstaff,good parts aside I have no other charms.,840
Act II,Scene II,Mistress Quickly,Blessing on your heart for't!,841
Act II,Scene II,Falstaff,"But, I pray thee, tell me this: has Ford's wife and",842
Act II,Scene II,Falstaff,Page's wife acquainted each other how they love me?,843
Act II,Scene II,Mistress Quickly,That were a jest indeed! they have not so little,844
Act II,Scene II,Mistress Quickly,"grace, I hope: that were a trick indeed! but",845
Act II,Scene II,Mistress Quickly,Mistress Page would desire you to send her your,846
Act II,Scene II,Mistress Quickly,"little page, of all loves: her husband has a",847
Act II,Scene II,Mistress Quickly,marvellous infection to the little page; and truly,848
Act II,Scene II,Mistress Quickly,Master Page is an honest man. Never a wife in,849
Act II,Scene II,Mistress Quickly,Windsor leads a better life than she does: do what,850
Act II,Scene II,Mistress Quickly,"she will, say what she will, take all, pay all, go",851
Act II,Scene II,Mistress Quickly,"to bed when she list, rise when she list, all is as",852
Act II,Scene II,Mistress Quickly,she will: and truly she deserves it; for if there,853
Act II,Scene II,Mistress Quickly,"be a kind woman in Windsor, she is one. You must",854
Act II,Scene II,Mistress Quickly,send her your page; no remedy.,855
Act II,Scene II,Falstaff,"Why, I will.",856
Act II,Scene II,Mistress Quickly,"Nay, but do so, then: and, look you, he may come and",857
Act II,Scene II,Mistress Quickly,go between you both; and in any case have a,858
Act II,Scene II,Mistress Quickly,"nay-word, that you may know one another's mind, and",859
Act II,Scene II,Mistress Quickly,the boy never need to understand any thing; for,860
Act II,Scene II,Mistress Quickly,'tis not good that children should know any,861
Act II,Scene II,Mistress Quickly,"wickedness: old folks, you know, have discretion,",862
Act II,Scene II,Mistress Quickly,"as they say, and know the world.",863
Act II,Scene II,Falstaff,Fare thee well: commend me to them both: there's,864
Act II,Scene II,Falstaff,"my purse; I am yet thy debtor. Boy, go along with",865
Act II,Scene II,Falstaff,this woman.,866
Act II,Scene II,[stage direction],Exeunt MISTRESS QUICKLY and ROBIN,NA
Act II,Scene II,Falstaff,This news distracts me!,867
Act II,Scene II,Pistol,This punk is one of Cupid's carriers:,868
Act II,Scene II,Pistol,Clap on more sails; pursue; up with your fights:,869
Act II,Scene II,Pistol,"Give fire: she is my prize, or ocean whelm them all!",870
Act II,Scene II,[stage direction],Exit,NA
Act II,Scene II,Falstaff,"Sayest thou so, old Jack? go thy ways; I'll make",871
Act II,Scene II,Falstaff,more of thy old body than I have done. Will they,872
Act II,Scene II,Falstaff,"yet look after thee? Wilt thou, after the expense",873
Act II,Scene II,Falstaff,"of so much money, be now a gainer? Good body, I",874
Act II,Scene II,Falstaff,thank thee. Let them say 'tis grossly done; so it be,875
Act II,Scene II,Falstaff,"fairly done, no matter.",876
Act II,Scene II,[stage direction],Enter BARDOLPH,NA
Act II,Scene II,Bardolph,"Sir John, there's one Master Brook below would fain",877
Act II,Scene II,Bardolph,"speak with you, and be acquainted with you; and hath",878
Act II,Scene II,Bardolph,sent your worship a morning's draught of sack.,879
Act II,Scene II,Falstaff,Brook is his name?,880
Act II,Scene II,Bardolph,"Ay, sir.",881
Act II,Scene II,Falstaff,Call him in.,882
Act II,Scene II,[stage direction],Exit BARDOLPH,NA
Act II,Scene II,Falstaff,"Such Brooks are welcome to me, that o'erflow such",883
Act II,Scene II,Falstaff,"liquor. Ah, ha! Mistress Ford and Mistress Page",884
Act II,Scene II,Falstaff,have I encompassed you? go to; via!,885
Act II,Scene II,[stage direction],"Re-enter BARDOLPH, with FORD disguised",NA
Act II,Scene II,Ford,"Bless you, sir!",886
Act II,Scene II,Falstaff,"And you, sir! Would you speak with me?",887
Act II,Scene II,Ford,I make bold to press with so little preparation upon,888
Act II,Scene II,Ford,you.,889
Act II,Scene II,Falstaff,"You're welcome. What's your will? Give us leave, drawer.",890
Act II,Scene II,[stage direction],Exit BARDOLPH,NA
Act II,Scene II,Ford,"Sir, I am a gentleman that have spent much; my name is Brook.",891
Act II,Scene II,Falstaff,"Good Master Brook, I desire more acquaintance of you.",892
Act II,Scene II,Ford,"Good Sir John, I sue for yours: not to charge you;",893
Act II,Scene II,Ford,for I must let you understand I think myself in,894
Act II,Scene II,Ford,better plight for a lender than you are: the which,895
Act II,Scene II,Ford,hath something embolden'd me to this unseasoned,896
Act II,Scene II,Ford,"intrusion; for they say, if money go before, all",897
Act II,Scene II,Ford,ways do lie open.,898
Act II,Scene II,Falstaff,"Money is a good soldier, sir, and will on.",899
Act II,Scene II,Ford,"Troth, and I have a bag of money here troubles me:",900
Act II,Scene II,Ford,"if you will help to bear it, Sir John, take all, or",901
Act II,Scene II,Ford,"half, for easing me of the carriage.",902
Act II,Scene II,Falstaff,"Sir, I know not how I may deserve to be your porter.",903
Act II,Scene II,Ford,"I will tell you, sir, if you will give me the hearing.",904
Act II,Scene II,Falstaff,"Speak, good Master Brook: I shall be glad to be",905
Act II,Scene II,Falstaff,your servant.,906
Act II,Scene II,Ford,"Sir, I hear you are a scholar,--I will be brief",907
Act II,Scene II,Ford,"with you,--and you have been a man long known to me,",908
Act II,Scene II,Ford,"though I had never so good means, as desire, to make",909
Act II,Scene II,Ford,myself acquainted with you. I shall discover a,910
Act II,Scene II,Ford,"thing to you, wherein I must very much lay open mine",911
Act II,Scene II,Ford,"own imperfection: but, good Sir John, as you have",912
Act II,Scene II,Ford,"one eye upon my follies, as you hear them unfolded,",913
Act II,Scene II,Ford,turn another into the register of your own; that I,914
Act II,Scene II,Ford,"may pass with a reproof the easier, sith you",915
Act II,Scene II,Ford,yourself know how easy it is to be such an offender.,916
Act II,Scene II,Falstaff,"Very well, sir; proceed.",917
Act II,Scene II,Ford,There is a gentlewoman in this town; her husband's,918
Act II,Scene II,Ford,name is Ford.,919
Act II,Scene II,Falstaff,"Well, sir.",920
Act II,Scene II,Ford,"I have long loved her, and, I protest to you,",921
Act II,Scene II,Ford,bestowed much on her; followed her with a doting,922
Act II,Scene II,Ford,observance; engrossed opportunities to meet her;,923
Act II,Scene II,Ford,fee'd every slight occasion that could but niggardly,924
Act II,Scene II,Ford,give me sight of her; not only bought many presents,925
Act II,Scene II,Ford,"to give her, but have given largely to many to know",926
Act II,Scene II,Ford,"what she would have given; briefly, I have pursued",927
Act II,Scene II,Ford,her as love hath pursued me; which hath been on the,928
Act II,Scene II,Ford,wing of all occasions. But whatsoever I have,929
Act II,Scene II,Ford,"merited, either in my mind or, in my means, meed,",930
Act II,Scene II,Ford,"I am sure, I have received none; unless experience",931
Act II,Scene II,Ford,be a jewel that I have purchased at an infinite,932
Act II,Scene II,Ford,"rate, and that hath taught me to say this:",933
Act II,Scene II,Ford,'Love like a shadow flies when substance love pursues;,934
Act II,Scene II,Ford,"Pursuing that that flies, and flying what pursues.'",935
Act II,Scene II,Falstaff,Have you received no promise of satisfaction at her hands?,936
Act II,Scene II,Ford,Never.,937
Act II,Scene II,Falstaff,Have you importuned her to such a purpose?,938
Act II,Scene II,Ford,Never.,939
Act II,Scene II,Falstaff,"Of what quality was your love, then?",940
Act II,Scene II,Ford,Like a fair house built on another man's ground; so,941
Act II,Scene II,Ford,that I have lost my edifice by mistaking the place,942
Act II,Scene II,Ford,where I erected it.,943
Act II,Scene II,Falstaff,To what purpose have you unfolded this to me?,944
Act II,Scene II,Ford,"When I have told you that, I have told you all.",945
Act II,Scene II,Ford,"Some say, that though she appear honest to me, yet in",946
Act II,Scene II,Ford,other places she enlargeth her mirth so far that,947
Act II,Scene II,Ford,"there is shrewd construction made of her. Now, Sir",948
Act II,Scene II,Ford,"John, here is the heart of my purpose: you are a",949
Act II,Scene II,Ford,"gentleman of excellent breeding, admirable",950
Act II,Scene II,Ford,"discourse, of great admittance, authentic in your",951
Act II,Scene II,Ford,"place and person, generally allowed for your many",952
Act II,Scene II,Ford,"war-like, court-like, and learned preparations.",953
Act II,Scene II,Falstaff,"O, sir!",954
Act II,Scene II,Ford,"Believe it, for you know it. There is money; spend",955
Act II,Scene II,Ford,"it, spend it; spend more; spend all I have; only",956
Act II,Scene II,Ford,"give me so much of your time in exchange of it, as",957
Act II,Scene II,Ford,to lay an amiable siege to the honesty of this,958
Act II,Scene II,Ford,Ford's wife: use your art of wooing; win her to,959
Act II,Scene II,Ford,"consent to you: if any man may, you may as soon as",960
Act II,Scene II,Ford,any.,961
Act II,Scene II,Falstaff,Would it apply well to the vehemency of your,962
Act II,Scene II,Falstaff,"affection, that I should win what you would enjoy?",963
Act II,Scene II,Falstaff,Methinks you prescribe to yourself very preposterously.,964
Act II,Scene II,Ford,"O, understand my drift. She dwells so securely on",965
Act II,Scene II,Ford,"the excellency of her honour, that the folly of my",966
Act II,Scene II,Ford,soul dares not present itself: she is too bright to,967
Act II,Scene II,Ford,"be looked against. Now, could I could come to her",968
Act II,Scene II,Ford,"with any detection in my hand, my desires had",969
Act II,Scene II,Ford,instance and argument to commend themselves: I,970
Act II,Scene II,Ford,"could drive her then from the ward of her purity,",971
Act II,Scene II,Ford,"her reputation, her marriage-vow, and a thousand",972
Act II,Scene II,Ford,"other her defences, which now are too too strongly",973
Act II,Scene II,Ford,"embattled against me. What say you to't, Sir John?",974
Act II,Scene II,Falstaff,"Master Brook, I will first make bold with your",975
Act II,Scene II,Falstaff,"money; next, give me your hand; and last, as I am a",976
Act II,Scene II,Falstaff,"gentleman, you shall, if you will, enjoy Ford's wife.",977
Act II,Scene II,Ford,O good sir!,978
Act II,Scene II,Falstaff,I say you shall.,979
Act II,Scene II,Ford,"Want no money, Sir John; you shall want none.",980
Act II,Scene II,Falstaff,"Want no Mistress Ford, Master Brook; you shall want",981
Act II,Scene II,Falstaff,"none. I shall be with her, I may tell you, by her",982
Act II,Scene II,Falstaff,"own appointment; even as you came in to me, her",983
Act II,Scene II,Falstaff,assistant or go-between parted from me: I say I,984
Act II,Scene II,Falstaff,shall be with her between ten and eleven; for at,985
Act II,Scene II,Falstaff,that time the jealous rascally knave her husband,986
Act II,Scene II,Falstaff,will be forth. Come you to me at night; you shall,987
Act II,Scene II,Falstaff,know how I speed.,988
Act II,Scene II,Ford,"I am blest in your acquaintance. Do you know Ford,",989
Act II,Scene II,Ford,sir?,990
Act II,Scene II,Falstaff,"Hang him, poor cuckoldly knave! I know him not:",991
Act II,Scene II,Falstaff,yet I wrong him to call him poor; they say the,992
Act II,Scene II,Falstaff,jealous wittolly knave hath masses of money; for the,993
Act II,Scene II,Falstaff,which his wife seems to me well-favored. I will,994
Act II,Scene II,Falstaff,use her as the key of the cuckoldly rogue's coffer;,995
Act II,Scene II,Falstaff,and there's my harvest-home.,996
Act II,Scene II,Ford,"I would you knew Ford, sir, that you might avoid him",997
Act II,Scene II,Ford,if you saw him.,998
Act II,Scene II,Falstaff,"Hang him, mechanical salt-butter rogue! I will",999
Act II,Scene II,Falstaff,stare him out of his wits; I will awe him with my,1000
Act II,Scene II,Falstaff,cudgel: it shall hang like a meteor o'er the,1001
Act II,Scene II,Falstaff,"cuckold's horns. Master Brook, thou shalt know I",1002
Act II,Scene II,Falstaff,"will predominate over the peasant, and thou shalt",1003
Act II,Scene II,Falstaff,lie with his wife. Come to me soon at night.,1004
Act II,Scene II,Falstaff,"Ford's a knave, and I will aggravate his style;",1005
Act II,Scene II,Falstaff,"thou, Master Brook, shalt know him for knave and",1006
Act II,Scene II,Falstaff,cuckold. Come to me soon at night.,1007
Act II,Scene II,[stage direction],Exit,NA
Act II,Scene II,Ford,What a damned Epicurean rascal is this! My heart is,1008
Act II,Scene II,Ford,ready to crack with impatience. Who says this is,1009
Act II,Scene II,Ford,improvident jealousy? my wife hath sent to him; the,1010
Act II,Scene II,Ford,hour is fixed; the match is made. Would any man,1011
Act II,Scene II,Ford,have thought this? See the hell of having a false,1012
Act II,Scene II,Ford,"woman! My bed shall be abused, my coffers",1013
Act II,Scene II,Ford,"ransacked, my reputation gnawn at; and I shall not",1014
Act II,Scene II,Ford,"only receive this villanous wrong, but stand under",1015
Act II,Scene II,Ford,"the adoption of abominable terms, and by him that",1016
Act II,Scene II,Ford,does me this wrong. Terms! names! Amaimon sounds,1017
Act II,Scene II,Ford,"well; Lucifer, well; Barbason, well; yet they are",1018
Act II,Scene II,Ford,"devils' additions, the names of fiends: but",1019
Act II,Scene II,Ford,Cuckold! Wittol!--Cuckold! the devil himself hath,1020
Act II,Scene II,Ford,"not such a name. Page is an ass, a secure ass: he",1021
Act II,Scene II,Ford,will trust his wife; he will not be jealous. I will,1022
Act II,Scene II,Ford,"rather trust a Fleming with my butter, Parson Hugh",1023
Act II,Scene II,Ford,"the Welshman with my cheese, an Irishman with my",1024
Act II,Scene II,Ford,"aqua-vitae bottle, or a thief to walk my ambling",1025
Act II,Scene II,Ford,"gelding, than my wife with herself; then she plots,",1026
Act II,Scene II,Ford,"then she ruminates, then she devises; and what they",1027
Act II,Scene II,Ford,"think in their hearts they may effect, they will",1028
Act II,Scene II,Ford,break their hearts but they will effect. God be,1029
Act II,Scene II,Ford,praised for my jealousy! Eleven o'clock the hour.,1030
Act II,Scene II,Ford,"I will prevent this, detect my wife, be revenged on",1031
Act II,Scene II,Ford,"Falstaff, and laugh at Page. I will about it;",1032
Act II,Scene II,Ford,better three hours too soon than a minute too late.,1033
Act II,Scene II,Ford,"Fie, fie, fie! cuckold! cuckold! cuckold!",1034
Act II,Scene II,[stage direction],Exit,NA
Act II,Scene III,[stage direction],Enter DOCTOR CAIUS and RUGBY,NA
Act II,Scene III,Doctor Caius,Jack Rugby!,1035
Act II,Scene III,Rugby,Sir?,1036
Act II,Scene III,Doctor Caius,"Vat is de clock, Jack?",1037
Act II,Scene III,Rugby,"'Tis past the hour, sir, that Sir Hugh promised to meet.",1038
Act II,Scene III,Doctor Caius,"By gar, he has save his soul, dat he is no come; he",1039
Act II,Scene III,Doctor Caius,"has pray his Pible well, dat he is no come: by gar,",1040
Act II,Scene III,Doctor Caius,"Jack Rugby, he is dead already, if he be come.",1041
Act II,Scene III,Rugby,"He is wise, sir; he knew your worship would kill",1042
Act II,Scene III,Rugby,"him, if he came.",1043
Act II,Scene III,Doctor Caius,"By gar, de herring is no dead so as I vill kill him.",1044
Act II,Scene III,Doctor Caius,"Take your rapier, Jack; I vill tell you how I vill kill him.",1045
Act II,Scene III,Rugby,"Alas, sir, I cannot fence.",1046
Act II,Scene III,Doctor Caius,"Villany, take your rapier.",1047
Act II,Scene III,Rugby,Forbear; here's company.,1048
Act II,Scene III,[stage direction],"Enter Host, SHALLOW, SLENDER, and PAGE",NA
Act II,Scene III,Host,"Bless thee, bully doctor!",1049
Act II,Scene III,Shallow,"Save you, Master Doctor Caius!",1050
Act II,Scene III,Page,"Now, good master doctor!",1051
Act II,Scene III,Slender,"Give you good morrow, sir.",1052
Act II,Scene III,Doctor Caius,"Vat be all you, one, two, tree, four, come for?",1053
Act II,Scene III,Host,"To see thee fight, to see thee foin, to see thee",1054
Act II,Scene III,Host,"traverse; to see thee here, to see thee there; to",1055
Act II,Scene III,Host,"see thee pass thy punto, thy stock, thy reverse, thy",1056
Act II,Scene III,Host,"distance, thy montant. Is he dead, my Ethiopian? is",1057
Act II,Scene III,Host,"he dead, my Francisco? ha, bully! What says my",1058
Act II,Scene III,Host,AEsculapius? my Galen? my heart of elder? ha! is,1059
Act II,Scene III,Host,"he dead, bully stale? is he dead?",1060
Act II,Scene III,Doctor Caius,"By gar, he is de coward Jack priest of de vorld; he",1061
Act II,Scene III,Doctor Caius,is not show his face.,1062
Act II,Scene III,Host,"Thou art a Castalion-King-Urinal. Hector of Greece, my boy!",1063
Act II,Scene III,Doctor Caius,"I pray you, bear vitness that me have stay six or",1064
Act II,Scene III,Doctor Caius,"seven, two, tree hours for him, and he is no come.",1065
Act II,Scene III,Shallow,"He is the wiser man, master doctor: he is a curer of",1066
Act II,Scene III,Shallow,"souls, and you a curer of bodies; if you should",1067
Act II,Scene III,Shallow,"fight, you go against the hair of your professions.",1068
Act II,Scene III,Shallow,"Is it not true, Master Page?",1069
Act II,Scene III,Page,"Master Shallow, you have yourself been a great",1070
Act II,Scene III,Page,"fighter, though now a man of peace.",1071
Act II,Scene III,Shallow,"Bodykins, Master Page, though I now be old and of",1072
Act II,Scene III,Shallow,"the peace, if I see a sword out, my finger itches to",1073
Act II,Scene III,Shallow,make one. Though we are justices and doctors and,1074
Act II,Scene III,Shallow,"churchmen, Master Page, we have some salt of our",1075
Act II,Scene III,Shallow,"youth in us; we are the sons of women, Master Page.",1076
Act II,Scene III,Page,"'Tis true, Master Shallow.",1077
Act II,Scene III,Shallow,"It will be found so, Master Page. Master Doctor",1078
Act II,Scene III,Shallow,"Caius, I am come to fetch you home. I am sworn of",1079
Act II,Scene III,Shallow,the peace: you have showed yourself a wise,1080
Act II,Scene III,Shallow,"physician, and Sir Hugh hath shown himself a wise",1081
Act II,Scene III,Shallow,"and patient churchman. You must go with me, master doctor.",1082
Act II,Scene III,Host,"Pardon, guest-justice. A word, Mounseur Mockwater.",1083
Act II,Scene III,Doctor Caius,Mock-vater! vat is dat?,1084
Act II,Scene III,Host,"Mock-water, in our English tongue, is valour, bully.",1085
Act II,Scene III,Doctor Caius,"By gar, den, I have as mush mock-vater as de",1086
Act II,Scene III,Doctor Caius,"Englishman. Scurvy jack-dog priest! by gar, me",1087
Act II,Scene III,Doctor Caius,vill cut his ears.,1088
Act II,Scene III,Host,"He will clapper-claw thee tightly, bully.",1089
Act II,Scene III,Doctor Caius,Clapper-de-claw! vat is dat?,1090
Act II,Scene III,Host,"That is, he will make thee amends.",1091
Act II,Scene III,Doctor Caius,"By gar, me do look he shall clapper-de-claw me;",1092
Act II,Scene III,Doctor Caius,"for, by gar, me vill have it.",1093
Act II,Scene III,Host,"And I will provoke him to't, or let him wag.",1094
Act II,Scene III,Doctor Caius,Me tank you for dat.,1095
Act II,Scene III,Host,"And, moreover, bully,--but first, master guest, and",1096
Act II,Scene III,Host,"Master Page, and eke Cavaleiro Slender, go you",1097
Act II,Scene III,Host,through the town to Frogmore.,1098
Act II,Scene III,[stage direction],Aside to them,NA
Act II,Scene III,Page,"Sir Hugh is there, is he?",1099
Act II,Scene III,Host,He is there: see what humour he is in; and I will,1100
Act II,Scene III,Host,bring the doctor about by the fields. Will it do well?,1101
Act II,Scene III,Shallow,We will do it.,1102
Act II,Scene III,Slender,"Adieu, good master doctor.",1103
Act II,Scene III,[stage direction],"Exeunt PAGE, SHALLOW, and SLENDER",NA
Act II,Scene III,Doctor Caius,"By gar, me vill kill de priest; for he speak for a",1104
Act II,Scene III,Doctor Caius,jack-an-ape to Anne Page.,1105
Act II,Scene III,Host,"Let him die: sheathe thy impatience, throw cold",1106
Act II,Scene III,Host,water on thy choler: go about the fields with me,1107
Act II,Scene III,Host,through Frogmore: I will bring thee where Mistress,1108
Act II,Scene III,Host,"Anne Page is, at a farm-house a-feasting; and thou",1109
Act II,Scene III,Host,shalt woo her. Cried I aim? said I well?,1110
Act II,Scene III,Doctor Caius,"By gar, me dank you for dat: by gar, I love you;",1111
Act II,Scene III,Doctor Caius,"and I shall procure-a you de good guest, de earl,",1112
Act II,Scene III,Doctor Caius,"de knight, de lords, de gentlemen, my patients.",1113
Act II,Scene III,Host,For the which I will be thy adversary toward Anne,1114
Act II,Scene III,Host,Page. Said I well?,1115
Act II,Scene III,Doctor Caius,"By gar, 'tis good; vell said.",1116
Act II,Scene III,Host,"Let us wag, then.",1117
Act II,Scene III,Doctor Caius,"Come at my heels, Jack Rugby.",1118
Act II,Scene III,[stage direction],Exeunt,NA
Act III,Scene I,[stage direction],Enter SIR HUGH EVANS and SIMPLE,NA
Act III,Scene I,Sir Hugh Evans,"I pray you now, good master Slender's serving-man,",1119
Act III,Scene I,Sir Hugh Evans,"and friend Simple by your name, which way have you",1120
Act III,Scene I,Sir Hugh Evans,"looked for Master Caius, that calls himself doctor of physic?",1121
Act III,Scene I,Simple,"Marry, sir, the pittie-ward, the park-ward, every",1122
Act III,Scene I,Simple,"way; old Windsor way, and every way but the town",1123
Act III,Scene I,Simple,way.,1124
Act III,Scene I,Sir Hugh Evans,I most fehemently desire you you will also look that,1125
Act III,Scene I,Sir Hugh Evans,way.,1126
Act III,Scene I,Simple,"I will, sir.",1127
Act III,Scene I,[stage direction],Exit,NA
Act III,Scene I,Sir Hugh Evans,"'Pless my soul, how full of chollors I am, and",1128
Act III,Scene I,Sir Hugh Evans,trempling of mind! I shall be glad if he have,1129
Act III,Scene I,Sir Hugh Evans,deceived me. How melancholies I am! I will knog,1130
Act III,Scene I,Sir Hugh Evans,his urinals about his knave's costard when I have,1131
Act III,Scene I,Sir Hugh Evans,good opportunities for the ork. 'Pless my soul!,1132
Act III,Scene I,[stage direction],Sings,NA
Act III,Scene I,Sir Hugh Evans,"To shallow rivers, to whose falls",1133
Act III,Scene I,Sir Hugh Evans,Melodious birds sings madrigals;,1134
Act III,Scene I,Sir Hugh Evans,"There will we make our peds of roses,",1135
Act III,Scene I,Sir Hugh Evans,And a thousand fragrant posies.,1136
Act III,Scene I,Sir Hugh Evans,To shallow--,1137
Act III,Scene I,Sir Hugh Evans,Mercy on me! I have a great dispositions to cry.,1138
Act III,Scene I,[stage direction],Sings,NA
Act III,Scene I,Sir Hugh Evans,Melodious birds sing madrigals--,1139
Act III,Scene I,Sir Hugh Evans,When as I sat in Pabylon--,1140
Act III,Scene I,Sir Hugh Evans,And a thousand vagram posies.,1141
Act III,Scene I,Sir Hugh Evans,To shallow  &amp; c.,1142
Act III,Scene I,[stage direction],Re-enter SIMPLE,NA
Act III,Scene I,Simple,"Yonder he is coming, this way, Sir Hugh.",1143
Act III,Scene I,Sir Hugh Evans,He's welcome.,1144
Act III,Scene I,[stage direction],Sings,NA
Act III,Scene I,Sir Hugh Evans,"To shallow rivers, to whose falls-",1145
Act III,Scene I,Sir Hugh Evans,Heaven prosper the right! What weapons is he?,1146
Act III,Scene I,Simple,"No weapons, sir. There comes my master, Master",1147
Act III,Scene I,Simple,"Shallow, and another gentleman, from Frogmore, over",1148
Act III,Scene I,Simple,"the stile, this way.",1149
Act III,Scene I,Sir Hugh Evans,"Pray you, give me my gown; or else keep it in your arms.",1150
Act III,Scene I,[stage direction],"Enter PAGE, SHALLOW, and SLENDER",NA
Act III,Scene I,Shallow,"How now, master Parson! Good morrow, good Sir Hugh.",1151
Act III,Scene I,Shallow,"Keep a gamester from the dice, and a good student",1152
Act III,Scene I,Shallow,"from his book, and it is wonderful.",1153
Act III,Scene I,Slender,"[Aside]  Ah, sweet Anne Page!",1154
Act III,Scene I,Page,"'Save you, good Sir Hugh!",1155
Act III,Scene I,Sir Hugh Evans,"'Pless you from his mercy sake, all of you!",1156
Act III,Scene I,Shallow,"What, the sword and the word! do you study them",1157
Act III,Scene I,Shallow,"both, master parson?",1158
Act III,Scene I,Page,And youthful still! in your doublet and hose this,1159
Act III,Scene I,Page,raw rheumatic day!,1160
Act III,Scene I,Sir Hugh Evans,There is reasons and causes for it.,1161
Act III,Scene I,Page,"We are come to you to do a good office, master parson.",1162
Act III,Scene I,Sir Hugh Evans,Fery well: what is it?,1163
Act III,Scene I,Page,"Yonder is a most reverend gentleman, who, belike",1164
Act III,Scene I,Page,"having received wrong by some person, is at most",1165
Act III,Scene I,Page,odds with his own gravity and patience that ever you,1166
Act III,Scene I,Page,saw.,1167
Act III,Scene I,Shallow,I have lived fourscore years and upward; I never,1168
Act III,Scene I,Shallow,"heard a man of his place, gravity and learning, so",1169
Act III,Scene I,Shallow,wide of his own respect.,1170
Act III,Scene I,Sir Hugh Evans,What is he?,1171
Act III,Scene I,Page,"I think you know him; Master Doctor Caius, the",1172
Act III,Scene I,Page,renowned French physician.,1173
Act III,Scene I,Sir Hugh Evans,"Got's will, and his passion of my heart! I had as",1174
Act III,Scene I,Sir Hugh Evans,lief you would tell me of a mess of porridge.,1175
Act III,Scene I,Page,Why?,1176
Act III,Scene I,Sir Hugh Evans,"He has no more knowledge in Hibocrates and Galen,",1177
Act III,Scene I,Sir Hugh Evans,--and he is a knave besides; a cowardly knave as you,1178
Act III,Scene I,Sir Hugh Evans,would desires to be acquainted withal.,1179
Act III,Scene I,Page,"I warrant you, he's the man should fight with him.",1180
Act III,Scene I,Shallow,[Aside]  O sweet Anne Page!,1181
Act III,Scene I,Shallow,It appears so by his weapons. Keep them asunder:,1182
Act III,Scene I,Shallow,here comes Doctor Caius.,1183
Act III,Scene I,[stage direction],"Enter Host, DOCTOR CAIUS, and RUGBY",NA
Act III,Scene I,Page,"Nay, good master parson, keep in your weapon.",1184
Act III,Scene I,Shallow,"So do you, good master doctor.",1185
Act III,Scene I,Host,"Disarm them, and let them question: let them keep",1186
Act III,Scene I,Host,their limbs whole and hack our English.,1187
Act III,Scene I,Doctor Caius,"I pray you, let-a me speak a word with your ear.",1188
Act III,Scene I,Doctor Caius,Vherefore vill you not meet-a me?,1189
Act III,Scene I,Sir Hugh Evans,"[Aside to DOCTOR CAIUS]  Pray you, use your patience:",1190
Act III,Scene I,Sir Hugh Evans,in good time.,1191
Act III,Scene I,Doctor Caius,"By gar, you are de coward, de Jack dog, John ape.",1192
Act III,Scene I,Sir Hugh Evans,[Aside to DOCTOR CAIUS]  Pray you let us not be,1193
Act III,Scene I,Sir Hugh Evans,laughing-stocks to other men's humours; I desire you,1194
Act III,Scene I,Sir Hugh Evans,"in friendship, and I will one way or other make you amends.",1195
Act III,Scene I,[stage direction],Aloud,NA
Act III,Scene I,Sir Hugh Evans,I will knog your urinals about your knave's cockscomb,1196
Act III,Scene I,Sir Hugh Evans,for missing your meetings and appointments.,1197
Act III,Scene I,Doctor Caius,"Diable! Jack Rugby,--mine host de Jarteer,--have I",1198
Act III,Scene I,Doctor Caius,"not stay for him to kill him? have I not, at de place",1199
Act III,Scene I,Doctor Caius,I did appoint?,1200
Act III,Scene I,Sir Hugh Evans,"As I am a Christians soul now, look you, this is the",1201
Act III,Scene I,Sir Hugh Evans,place appointed: I'll be judgement by mine host of,1202
Act III,Scene I,Sir Hugh Evans,the Garter.,1203
Act III,Scene I,Host,"Peace, I say, Gallia and Gaul, French and Welsh,",1204
Act III,Scene I,Host,soul-curer and body-curer!,1205
Act III,Scene I,Doctor Caius,"Ay, dat is very good; excellent.",1206
Act III,Scene I,Host,"Peace, I say! hear mine host of the Garter. Am I",1207
Act III,Scene I,Host,politic? am I subtle? am I a Machiavel? Shall I,1208
Act III,Scene I,Host,lose my doctor? no; he gives me the potions and the,1209
Act III,Scene I,Host,"motions. Shall I lose my parson, my priest, my Sir",1210
Act III,Scene I,Host,Hugh? no; he gives me the proverbs and the,1211
Act III,Scene I,Host,"no-verbs. Give me thy hand, terrestrial; so. Give me",1212
Act III,Scene I,Host,"thy hand, celestial; so. Boys of art, I have",1213
Act III,Scene I,Host,deceived you both; I have directed you to wrong,1214
Act III,Scene I,Host,"places: your hearts are mighty, your skins are",1215
Act III,Scene I,Host,"whole, and let burnt sack be the issue. Come, lay",1216
Act III,Scene I,Host,"their swords to pawn. Follow me, lads of peace;",1217
Act III,Scene I,Host,"follow, follow, follow.",1218
Act III,Scene I,Shallow,"Trust me, a mad host. Follow, gentlemen, follow.",1219
Act III,Scene I,Slender,[Aside]  O sweet Anne Page!,1220
Act III,Scene I,[stage direction],"Exeunt SHALLOW, SLENDER, PAGE, and Host",NA
Act III,Scene I,Doctor Caius,"Ha, do I perceive dat? have you make-a de sot of",1221
Act III,Scene I,Doctor Caius,"us, ha, ha?",1222
Act III,Scene I,Sir Hugh Evans,This is well; he has made us his vlouting-stog. I,1223
Act III,Scene I,Sir Hugh Evans,desire you that we may be friends; and let us knog,1224
Act III,Scene I,Sir Hugh Evans,our prains together to be revenge on this same,1225
Act III,Scene I,Sir Hugh Evans,"scall, scurvy cogging companion, the host of the Garter.",1226
Act III,Scene I,Doctor Caius,"By gar, with all my heart. He promise to bring me",1227
Act III,Scene I,Doctor Caius,"where is Anne Page; by gar, he deceive me too.",1228
Act III,Scene I,Sir Hugh Evans,"Well, I will smite his noddles. Pray you, follow.",1229
Act III,Scene I,[stage direction],Exeunt,NA
Act III,Scene II,[stage direction],Enter MISTRESS PAGE and ROBIN,NA
Act III,Scene II,Mistress Page,"Nay, keep your way, little gallant; you were wont to",1230
Act III,Scene II,Mistress Page,"be a follower, but now you are a leader. Whether",1231
Act III,Scene II,Mistress Page,"had you rather lead mine eyes, or eye your master's heels?",1232
Act III,Scene II,Robin,"I had rather, forsooth, go before you like a man",1233
Act III,Scene II,Robin,than follow him like a dwarf.,1234
Act III,Scene II,Mistress Page,"O, you are a flattering boy: now I see you'll be a courtier.",1235
Act III,Scene II,[stage direction],Enter FORD,NA
Act III,Scene II,Ford,"Well met, Mistress Page. Whither go you?",1236
Act III,Scene II,Mistress Page,"Truly, sir, to see your wife. Is she at home?",1237
Act III,Scene II,Ford,"Ay; and as idle as she may hang together, for want",1238
Act III,Scene II,Ford,"of company. I think, if your husbands were dead,",1239
Act III,Scene II,Ford,you two would marry.,1240
Act III,Scene II,Mistress Page,"Be sure of that,--two other husbands.",1241
Act III,Scene II,Ford,Where had you this pretty weather-cock?,1242
Act III,Scene II,Mistress Page,I cannot tell what the dickens his name is my,1243
Act III,Scene II,Mistress Page,husband had him of. What do you call your knight's,1244
Act III,Scene II,Mistress Page,"name, sirrah?",1245
Act III,Scene II,Robin,Sir John Falstaff.,1246
Act III,Scene II,Ford,Sir John Falstaff!,1247
Act III,Scene II,Mistress Page,"He, he; I can never hit on's name. There is such a",1248
Act III,Scene II,Mistress Page,league between my good man and he! Is your wife at,1249
Act III,Scene II,Mistress Page,home indeed?,1250
Act III,Scene II,Ford,Indeed she is.,1251
Act III,Scene II,Mistress Page,"By your leave, sir: I am sick till I see her.",1252
Act III,Scene II,[stage direction],Exeunt MISTRESS PAGE and ROBIN,NA
Act III,Scene II,Ford,Has Page any brains? hath he any eyes? hath he any,1253
Act III,Scene II,Ford,"thinking? Sure, they sleep; he hath no use of them.",1254
Act III,Scene II,Ford,"Why, this boy will carry a letter twenty mile, as",1255
Act III,Scene II,Ford,easy as a cannon will shoot point-blank twelve,1256
Act III,Scene II,Ford,score. He pieces out his wife's inclination; he,1257
Act III,Scene II,Ford,gives her folly motion and advantage: and now she's,1258
Act III,Scene II,Ford,"going to my wife, and Falstaff's boy with her. A",1259
Act III,Scene II,Ford,man may hear this shower sing in the wind. And,1260
Act III,Scene II,Ford,"Falstaff's boy with her! Good plots, they are laid;",1261
Act III,Scene II,Ford,and our revolted wives share damnation together.,1262
Act III,Scene II,Ford,"Well; I will take him, then torture my wife, pluck",1263
Act III,Scene II,Ford,the borrowed veil of modesty from the so seeming,1264
Act III,Scene II,Ford,"Mistress Page, divulge Page himself for a secure and",1265
Act III,Scene II,Ford,wilful Actaeon; and to these violent proceedings all,1266
Act III,Scene II,Ford,my neighbours shall cry aim.,1267
Act III,Scene II,[stage direction],Clock heard,NA
Act III,Scene II,Ford,"The clock gives me my cue, and my assurance bids me",1268
Act III,Scene II,Ford,search: there I shall find Falstaff: I shall be,1269
Act III,Scene II,Ford,rather praised for this than mocked; for it is as,1270
Act III,Scene II,Ford,positive as the earth is firm that Falstaff is,1271
Act III,Scene II,Ford,there: I will go.,1272
Act III,Scene II,[stage direction],"Enter PAGE, SHALLOW, SLENDER, Host, SIR HUGH EVANS, DOCTOR CAIUS, and RUGBY",NA
Act III,Scene II,&Amp; C,"Well met, Master Ford.",1273
Act III,Scene II,Ford,"Trust me, a good knot: I have good cheer at home;",1274
Act III,Scene II,Ford,and I pray you all go with me.,1275
Act III,Scene II,Shallow,"I must excuse myself, Master Ford.",1276
Act III,Scene II,Slender,"And so must I, sir: we have appointed to dine with",1277
Act III,Scene II,Slender,"Mistress Anne, and I would not break with her for",1278
Act III,Scene II,Slender,more money than I'll speak of.,1279
Act III,Scene II,Shallow,We have lingered about a match between Anne Page and,1280
Act III,Scene II,Shallow,"my cousin Slender, and this day we shall have our answer.",1281
Act III,Scene II,Slender,"I hope I have your good will, father Page.",1282
Act III,Scene II,Page,"You have, Master Slender; I stand wholly for you:",1283
Act III,Scene II,Page,"but my wife, master doctor, is for you altogether.",1284
Act III,Scene II,Doctor Caius,"Ay, be-gar; and de maid is love-a me: my nursh-a",1285
Act III,Scene II,Doctor Caius,Quickly tell me so mush.,1286
Act III,Scene II,Host,"What say you to young Master Fenton? he capers, he",1287
Act III,Scene II,Host,"dances, he has eyes of youth, he writes verses, he",1288
Act III,Scene II,Host,"speaks holiday, he smells April and May: he will",1289
Act III,Scene II,Host,"carry't, he will carry't; 'tis in his buttons; he",1290
Act III,Scene II,Host,will carry't.,1291
Act III,Scene II,Page,"Not by my consent, I promise you. The gentleman is",1292
Act III,Scene II,Page,of no having: he kept company with the wild prince,1293
Act III,Scene II,Page,and Poins; he is of too high a region; he knows too,1294
Act III,Scene II,Page,"much. No, he shall not knit a knot in his fortunes",1295
Act III,Scene II,Page,"with the finger of my substance: if he take her,",1296
Act III,Scene II,Page,let him take her simply; the wealth I have waits on,1297
Act III,Scene II,Page,"my consent, and my consent goes not that way.",1298
Act III,Scene II,Ford,"I beseech you heartily, some of you go home with me",1299
Act III,Scene II,Ford,"to dinner: besides your cheer, you shall have",1300
Act III,Scene II,Ford,"sport; I will show you a monster. Master doctor,",1301
Act III,Scene II,Ford,"you shall go; so shall you, Master Page; and you, Sir Hugh.",1302
Act III,Scene II,Shallow,"Well, fare you well: we shall have the freer wooing",1303
Act III,Scene II,Shallow,at Master Page's.,1304
Act III,Scene II,[stage direction],"Exeunt SHALLOW, and SLENDER",NA
Act III,Scene II,Doctor Caius,"Go home, John Rugby; I come anon.",1305
Act III,Scene II,[stage direction],Exit RUGBY,NA
Act III,Scene II,Host,"Farewell, my hearts: I will to my honest knight",1306
Act III,Scene II,Host,"Falstaff, and drink canary with him.",1307
Act III,Scene II,[stage direction],Exit,NA
Act III,Scene II,Ford,[Aside]  I think I shall drink in pipe wine first,1308
Act III,Scene II,Ford,"with him; I'll make him dance. Will you go, gentles?",1309
Act III,Scene II,All,Have with you to see this monster.,1310
Act III,Scene II,[stage direction],Exeunt,NA
Act III,Scene III,[stage direction],Enter MISTRESS FORD and MISTRESS PAGE,NA
Act III,Scene III,Mistress Ford,"What, John! What, Robert!",1311
Act III,Scene III,Mistress Page,"Quickly, quickly! is the buck-basket--",1312
Act III,Scene III,Mistress Ford,"I warrant. What, Robin, I say!",1313
Act III,Scene III,[stage direction],Enter Servants with a basket,NA
Act III,Scene III,Mistress Page,"Come, come, come.",1314
Act III,Scene III,Mistress Ford,"Here, set it down.",1315
Act III,Scene III,Mistress Page,Give your men the charge; we must be brief.,1316
Act III,Scene III,Mistress Ford,"Marry, as I told you before, John and Robert, be",1317
Act III,Scene III,Mistress Ford,ready here hard by in the brew-house: and when I,1318
Act III,Scene III,Mistress Ford,"suddenly call you, come forth, and without any pause",1319
Act III,Scene III,Mistress Ford,or staggering take this basket on your shoulders:,1320
Act III,Scene III,Mistress Ford,"that done, trudge with it in all haste, and carry",1321
Act III,Scene III,Mistress Ford,"it among the whitsters in Datchet-mead, and there",1322
Act III,Scene III,Mistress Ford,empty it in the muddy ditch close by the Thames side.,1323
Act III,Scene III,Mistress Page,You will do it?,1324
Act III,Scene III,Mistress Ford,I ha' told them over and over; they lack no,1325
Act III,Scene III,Mistress Ford,"direction. Be gone, and come when you are called.",1326
Act III,Scene III,[stage direction],Exeunt Servants,NA
Act III,Scene III,Mistress Page,Here comes little Robin.,1327
Act III,Scene III,[stage direction],Enter ROBIN,NA
Act III,Scene III,Mistress Ford,"How now, my eyas-musket! what news with you?",1328
Act III,Scene III,Robin,"My master, Sir John, is come in at your back-door,",1329
Act III,Scene III,Robin,"Mistress Ford, and requests your company.",1330
Act III,Scene III,Mistress Page,"You little Jack-a-Lent, have you been true to us?",1331
Act III,Scene III,Robin,"Ay, I'll be sworn. My master knows not of your",1332
Act III,Scene III,Robin,being here and hath threatened to put me into,1333
Act III,Scene III,Robin,everlasting liberty if I tell you of it; for he,1334
Act III,Scene III,Robin,swears he'll turn me away.,1335
Act III,Scene III,Mistress Page,Thou'rt a good boy: this secrecy of thine shall be,1336
Act III,Scene III,Mistress Page,a tailor to thee and shall make thee a new doublet,1337
Act III,Scene III,Mistress Page,and hose. I'll go hide me.,1338
Act III,Scene III,Mistress Ford,Do so. Go tell thy master I am alone.,1339
Act III,Scene III,[stage direction],Exit ROBIN,NA
Act III,Scene III,Mistress Ford,"Mistress Page, remember you your cue.",1340
Act III,Scene III,Mistress Page,"I warrant thee; if I do not act it, hiss me.",1341
Act III,Scene III,[stage direction],Exit,NA
Act III,Scene III,Mistress Ford,"Go to, then: we'll use this unwholesome humidity,",1342
Act III,Scene III,Mistress Ford,this gross watery pumpion; we'll teach him to know,1343
Act III,Scene III,Mistress Ford,turtles from jays.,1344
Act III,Scene III,[stage direction],Enter FALSTAFF,NA
Act III,Scene III,Falstaff,"Have I caught thee, my heavenly jewel? Why, now let",1345
Act III,Scene III,Falstaff,"me die, for I have lived long enough: this is the",1346
Act III,Scene III,Falstaff,period of my ambition: O this blessed hour!,1347
Act III,Scene III,Mistress Ford,O sweet Sir John!,1348
Act III,Scene III,Falstaff,"Mistress Ford, I cannot cog, I cannot prate,",1349
Act III,Scene III,Falstaff,Mistress Ford. Now shall I sin in my wish: I would,1350
Act III,Scene III,Falstaff,thy husband were dead: I'll speak it before the,1351
Act III,Scene III,Falstaff,best lord; I would make thee my lady.,1352
Act III,Scene III,Mistress Ford,"I your lady, Sir John! alas, I should be a pitiful lady!",1353
Act III,Scene III,Falstaff,Let the court of France show me such another. I see,1354
Act III,Scene III,Falstaff,how thine eye would emulate the diamond: thou hast,1355
Act III,Scene III,Falstaff,the right arched beauty of the brow that becomes the,1356
Act III,Scene III,Falstaff,"ship-tire, the tire-valiant, or any tire of",1357
Act III,Scene III,Falstaff,Venetian admittance.,1358
Act III,Scene III,Mistress Ford,"A plain kerchief, Sir John: my brows become nothing",1359
Act III,Scene III,Mistress Ford,else; nor that well neither.,1360
Act III,Scene III,Falstaff,"By the Lord, thou art a traitor to say so: thou",1361
Act III,Scene III,Falstaff,wouldst make an absolute courtier; and the firm,1362
Act III,Scene III,Falstaff,fixture of thy foot would give an excellent motion,1363
Act III,Scene III,Falstaff,to thy gait in a semi-circled farthingale. I see,1364
Act III,Scene III,Falstaff,"what thou wert, if Fortune thy foe were not, Nature",1365
Act III,Scene III,Falstaff,"thy friend. Come, thou canst not hide it.",1366
Act III,Scene III,Mistress Ford,"Believe me, there is no such thing in me.",1367
Act III,Scene III,Falstaff,What made me love thee? let that persuade thee,1368
Act III,Scene III,Falstaff,"there's something extraordinary in thee. Come, I",1369
Act III,Scene III,Falstaff,"cannot cog and say thou art this and that, like a",1370
Act III,Scene III,Falstaff,"many of these lisping hawthorn-buds, that come like",1371
Act III,Scene III,Falstaff,"women in men's apparel, and smell like Bucklersbury",1372
Act III,Scene III,Falstaff,in simple time; I cannot: but I love thee; none,1373
Act III,Scene III,Falstaff,but thee; and thou deservest it.,1374
Act III,Scene III,Mistress Ford,"Do not betray me, sir. I fear you love Mistress Page.",1375
Act III,Scene III,Falstaff,Thou mightst as well say I love to walk by the,1376
Act III,Scene III,Falstaff,"Counter-gate, which is as hateful to me as the reek",1377
Act III,Scene III,Falstaff,of a lime-kiln.,1378
Act III,Scene III,Mistress Ford,"Well, heaven knows how I love you; and you shall one",1379
Act III,Scene III,Mistress Ford,day find it.,1380
Act III,Scene III,Falstaff,Keep in that mind; I'll deserve it.,1381
Act III,Scene III,Mistress Ford,"Nay, I must tell you, so you do; or else I could not",1382
Act III,Scene III,Mistress Ford,be in that mind.,1383
Act III,Scene III,Robin,"[Within]  Mistress Ford, Mistress Ford! here's",1384
Act III,Scene III,Robin,"Mistress Page at the door, sweating and blowing and",1385
Act III,Scene III,Robin,"looking wildly, and would needs speak with you presently.",1386
Act III,Scene III,Falstaff,She shall not see me: I will ensconce me behind the arras.,1387
Act III,Scene III,Mistress Ford,"Pray you, do so: she's a very tattling woman.",1388
Act III,Scene III,[stage direction],FALSTAFF hides himself,NA
Act III,Scene III,[stage direction],Re-enter MISTRESS PAGE and ROBIN,NA
Act III,Scene III,Mistress Ford,What's the matter? how now!,1389
Act III,Scene III,Mistress Page,"O Mistress Ford, what have you done? You're shamed,",1390
Act III,Scene III,Mistress Page,"you're overthrown, you're undone for ever!",1391
Act III,Scene III,Mistress Ford,"What's the matter, good Mistress Page?",1392
Act III,Scene III,Mistress Page,"O well-a-day, Mistress Ford! having an honest man",1393
Act III,Scene III,Mistress Page,"to your husband, to give him such cause of suspicion!",1394
Act III,Scene III,Mistress Ford,What cause of suspicion?,1395
Act III,Scene III,Mistress Page,What cause of suspicion! Out pon you! how am I,1396
Act III,Scene III,Mistress Page,mistook in you!,1397
Act III,Scene III,Mistress Ford,"Why, alas, what's the matter?",1398
Act III,Scene III,Mistress Page,"Your husband's coming hither, woman, with all the",1399
Act III,Scene III,Mistress Page,"officers in Windsor, to search for a gentleman that",1400
Act III,Scene III,Mistress Page,"he says is here now in the house by your consent, to",1401
Act III,Scene III,Mistress Page,take an ill advantage of his assence: you are undone.,1402
Act III,Scene III,Mistress Ford,"'Tis not so, I hope.",1403
Act III,Scene III,Mistress Page,"Pray heaven it be not so, that you have such a man",1404
Act III,Scene III,Mistress Page,"here! but 'tis most certain your husband's coming,",1405
Act III,Scene III,Mistress Page,"with half Windsor at his heels, to search for such a",1406
Act III,Scene III,Mistress Page,one. I come before to tell you. If you know,1407
Act III,Scene III,Mistress Page,"yourself clear, why, I am glad of it; but if you",1408
Act III,Scene III,Mistress Page,"have a friend here convey, convey him out. Be not",1409
Act III,Scene III,Mistress Page,amazed; call all your senses to you; defend your,1410
Act III,Scene III,Mistress Page,"reputation, or bid farewell to your good life for ever.",1411
Act III,Scene III,Mistress Ford,What shall I do? There is a gentleman my dear,1412
Act III,Scene III,Mistress Ford,friend; and I fear not mine own shame so much as his,1413
Act III,Scene III,Mistress Ford,peril: I had rather than a thousand pound he were,1414
Act III,Scene III,Mistress Ford,out of the house.,1415
Act III,Scene III,Mistress Page,For shame! never stand 'you had rather' and 'you,1416
Act III,Scene III,Mistress Page,"had rather:' your husband's here at hand, bethink",1417
Act III,Scene III,Mistress Page,you of some conveyance: in the house you cannot,1418
Act III,Scene III,Mistress Page,"hide him. O, how have you deceived me! Look, here",1419
Act III,Scene III,Mistress Page,"is a basket: if he be of any reasonable stature, he",1420
Act III,Scene III,Mistress Page,"may creep in here; and throw foul linen upon him, as",1421
Act III,Scene III,Mistress Page,if it were going to bucking: or--it is whiting-time,1422
Act III,Scene III,Mistress Page,--send him by your two men to Datchet-mead.,1423
Act III,Scene III,Mistress Ford,He's too big to go in there. What shall I do?,1424
Act III,Scene III,Falstaff,"[Coming forward]  Let me see't, let me see't, O, let",1425
Act III,Scene III,Falstaff,"me see't! I'll in, I'll in. Follow your friend's",1426
Act III,Scene III,Falstaff,counsel. I'll in.,1427
Act III,Scene III,Mistress Page,"What, Sir John Falstaff! Are these your letters, knight?",1428
Act III,Scene III,Falstaff,I love thee. Help me away. Let me creep in here.,1429
Act III,Scene III,Falstaff,I'll never--,1430
Act III,Scene III,[stage direction],Gets into the basket; they cover him with foul linen,NA
Act III,Scene III,Mistress Page,"Help to cover your master, boy. Call your men,",1431
Act III,Scene III,Mistress Page,Mistress Ford. You dissembling knight!,1432
Act III,Scene III,Mistress Ford,"What, John! Robert! John!",1433
Act III,Scene III,[stage direction],Exit ROBIN,NA
Act III,Scene III,[stage direction],Re-enter Servants,NA
Act III,Scene III,Mistress Ford,Go take up these clothes here quickly. Where's the,1434
Act III,Scene III,Mistress Ford,"cowl-staff? look, how you drumble! Carry them to",1435
Act III,Scene III,Mistress Ford,"the laundress in Datchet-meat; quickly, come.",1436
Act III,Scene III,[stage direction],"Enter FORD, PAGE, DOCTOR CAIUS, and SIR HUGH EVANS",NA
Act III,Scene III,Ford,"Pray you, come near: if I suspect without cause,",1437
Act III,Scene III,Ford,why then make sport at me; then let me be your jest;,1438
Act III,Scene III,Ford,I deserve it. How now! whither bear you this?,1439
Act III,Scene III,Servant,"To the laundress, forsooth.",1440
Act III,Scene III,Mistress Ford,"Why, what have you to do whither they bear it? You",1441
Act III,Scene III,Mistress Ford,were best meddle with buck-washing.,1442
Act III,Scene III,Ford,Buck! I would I could wash myself of the buck!,1443
Act III,Scene III,Ford,"Buck, buck, buck! Ay, buck; I warrant you, buck;",1444
Act III,Scene III,Ford,"and of the season too, it shall appear.",1445
Act III,Scene III,[stage direction],Exeunt Servants with the basket,NA
Act III,Scene III,Ford,"Gentlemen, I have dreamed to-night; I'll tell you my",1446
Act III,Scene III,Ford,"dream. Here, here, here be my keys: ascend my",1447
Act III,Scene III,Ford,"chambers; search, seek, find out: I'll warrant",1448
Act III,Scene III,Ford,we'll unkennel the fox. Let me stop this way first.,1449
Act III,Scene III,[stage direction],Locking the door,NA
Act III,Scene III,Ford,"So, now uncape.",1450
Act III,Scene III,Page,"Good Master Ford, be contented: you wrong yourself too much.",1451
Act III,Scene III,Ford,"True, Master Page. Up, gentlemen: you shall see",1452
Act III,Scene III,Ford,"sport anon: follow me, gentlemen.",1453
Act III,Scene III,[stage direction],Exit,NA
Act III,Scene III,Sir Hugh Evans,This is fery fantastical humours and jealousies.,1454
Act III,Scene III,Doctor Caius,"By gar, 'tis no the fashion of France; it is not",1455
Act III,Scene III,Doctor Caius,jealous in France.,1456
Act III,Scene III,Page,"Nay, follow him, gentlemen; see the issue of his search.",1457
Act III,Scene III,[stage direction],"Exeunt PAGE, DOCTOR CAIUS, and SIR HUGH EVANS",NA
Act III,Scene III,Mistress Page,Is there not a double excellency in this?,1458
Act III,Scene III,Mistress Ford,"I know not which pleases me better, that my husband",1459
Act III,Scene III,Mistress Ford,"is deceived, or Sir John.",1460
Act III,Scene III,Mistress Page,What a taking was he in when your husband asked who,1461
Act III,Scene III,Mistress Page,was in the basket!,1462
Act III,Scene III,Mistress Ford,I am half afraid he will have need of washing; so,1463
Act III,Scene III,Mistress Ford,throwing him into the water will do him a benefit.,1464
Act III,Scene III,Mistress Page,"Hang him, dishonest rascal! I would all of the same",1465
Act III,Scene III,Mistress Page,strain were in the same distress.,1466
Act III,Scene III,Mistress Ford,I think my husband hath some special suspicion of,1467
Act III,Scene III,Mistress Ford,Falstaff's being here; for I never saw him so gross,1468
Act III,Scene III,Mistress Ford,in his jealousy till now.,1469
Act III,Scene III,Mistress Page,I will lay a plot to try that; and we will yet have,1470
Act III,Scene III,Mistress Page,more tricks with Falstaff: his dissolute disease will,1471
Act III,Scene III,Mistress Page,scarce obey this medicine.,1472
Act III,Scene III,Mistress Ford,"Shall we send that foolish carrion, Mistress",1473
Act III,Scene III,Mistress Ford,"Quickly, to him, and excuse his throwing into the",1474
Act III,Scene III,Mistress Ford,"water; and give him another hope, to betray him to",1475
Act III,Scene III,Mistress Ford,another punishment?,1476
Act III,Scene III,Mistress Page,"We will do it: let him be sent for to-morrow,",1477
Act III,Scene III,Mistress Page,"eight o'clock, to have amends.",1478
Act III,Scene III,[stage direction],"Re-enter FORD, PAGE, DOCTOR CAIUS, and SIR HUGH EVANS",NA
Act III,Scene III,Ford,I cannot find him: may be the knave bragged of that,1479
Act III,Scene III,Ford,he could not compass.,1480
Act III,Scene III,Mistress Page,[Aside to MISTRESS FORD]  Heard you that?,1481
Act III,Scene III,Mistress Ford,"You use me well, Master Ford, do you?",1482
Act III,Scene III,Ford,"Ay, I do so.",1483
Act III,Scene III,Mistress Ford,Heaven make you better than your thoughts!,1484
Act III,Scene III,Ford,Amen!,1485
Act III,Scene III,Mistress Page,"You do yourself mighty wrong, Master Ford.",1486
Act III,Scene III,Ford,"Ay, ay; I must bear it.",1487
Act III,Scene III,Sir Hugh Evans,"If there be any pody in the house, and in the",1488
Act III,Scene III,Sir Hugh Evans,"chambers, and in the coffers, and in the presses,",1489
Act III,Scene III,Sir Hugh Evans,heaven forgive my sins at the day of judgment!,1490
Act III,Scene III,Doctor Caius,"By gar, nor I too: there is no bodies.",1491
Act III,Scene III,Page,"Fie, fie, Master Ford! are you not ashamed? What",1492
Act III,Scene III,Page,"spirit, what devil suggests this imagination? I",1493
Act III,Scene III,Page,would not ha' your distemper in this kind for the,1494
Act III,Scene III,Page,wealth of Windsor Castle.,1495
Act III,Scene III,Ford,"'Tis my fault, Master Page: I suffer for it.",1496
Act III,Scene III,Sir Hugh Evans,You suffer for a pad conscience: your wife is as,1497
Act III,Scene III,Sir Hugh Evans,honest a 'omans as I will desires among five,1498
Act III,Scene III,Sir Hugh Evans,"thousand, and five hundred too.",1499
Act III,Scene III,Doctor Caius,"By gar, I see 'tis an honest woman.",1500
Act III,Scene III,Ford,"Well, I promised you a dinner. Come, come, walk in",1501
Act III,Scene III,Ford,"the Park: I pray you, pardon me; I will hereafter",1502
Act III,Scene III,Ford,"make known to you why I have done this. Come,",1503
Act III,Scene III,Ford,"wife; come, Mistress Page. I pray you, pardon me;",1504
Act III,Scene III,Ford,"pray heartily, pardon me.",1505
Act III,Scene III,Page,"Let's go in, gentlemen; but, trust me, we'll mock",1506
Act III,Scene III,Page,him. I do invite you to-morrow morning to my house,1507
Act III,Scene III,Page,"to breakfast: after, we'll a-birding together; I",1508
Act III,Scene III,Page,have a fine hawk for the bush. Shall it be so?,1509
Act III,Scene III,Ford,Any thing.,1510
Act III,Scene III,Sir Hugh Evans,"If there is one, I shall make two in the company.",1511
Act III,Scene III,Doctor Caius,"If dere be one or two, I shall make-a the turd.",1512
Act III,Scene III,Ford,"Pray you, go, Master Page.",1513
Act III,Scene III,Sir Hugh Evans,"I pray you now, remembrance tomorrow on the lousy",1514
Act III,Scene III,Sir Hugh Evans,"knave, mine host.",1515
Act III,Scene III,Doctor Caius,"Dat is good; by gar, with all my heart!",1516
Act III,Scene III,Sir Hugh Evans,"A lousy knave, to have his gibes and his mockeries!",1517
Act III,Scene III,[stage direction],Exeunt,NA
Act III,Scene IV,[stage direction],Enter FENTON and ANNE PAGE,NA
Act III,Scene IV,Fenton,I see I cannot get thy father's love;,1518
Act III,Scene IV,Fenton,"Therefore no more turn me to him, sweet Nan.",1519
Act III,Scene IV,Anne Page,"Alas, how then?",1520
Act III,Scene IV,Fenton,"Why, thou must be thyself.",1521
Act III,Scene IV,Fenton,"He doth object I am too great of birth--,",1522
Act III,Scene IV,Fenton,"And that, my state being gall'd with my expense,",1523
Act III,Scene IV,Fenton,I seek to heal it only by his wealth:,1524
Act III,Scene IV,Fenton,"Besides these, other bars he lays before me,",1525
Act III,Scene IV,Fenton,"My riots past, my wild societies;",1526
Act III,Scene IV,Fenton,And tells me 'tis a thing impossible,1527
Act III,Scene IV,Fenton,I should love thee but as a property.,1528
Act III,Scene IV,Anne Page,May be he tells you true.,1529
Act III,Scene IV,Fenton,"No, heaven so speed me in my time to come!",1530
Act III,Scene IV,Fenton,Albeit I will confess thy father's wealth,1531
Act III,Scene IV,Fenton,"Was the first motive that I woo'd thee, Anne:",1532
Act III,Scene IV,Fenton,"Yet, wooing thee, I found thee of more value",1533
Act III,Scene IV,Fenton,Than stamps in gold or sums in sealed bags;,1534
Act III,Scene IV,Fenton,And 'tis the very riches of thyself,1535
Act III,Scene IV,Fenton,That now I aim at.,1536
Act III,Scene IV,Anne Page,"Gentle Master Fenton,",1537
Act III,Scene IV,Anne Page,"Yet seek my father's love; still seek it, sir:",1538
Act III,Scene IV,Anne Page,If opportunity and humblest suit,1539
Act III,Scene IV,Anne Page,"Cannot attain it, why, then,--hark you hither!",1540
Act III,Scene IV,[stage direction],They converse apart,NA
Act III,Scene IV,[stage direction],"Enter SHALLOW, SLENDER, and MISTRESS QUICKLY",NA
Act III,Scene IV,Shallow,"Break their talk, Mistress Quickly: my kinsman shall",1541
Act III,Scene IV,Shallow,speak for himself.,1542
Act III,Scene IV,Slender,"I'll make a shaft or a bolt on't: 'slid, 'tis but",1543
Act III,Scene IV,Slender,venturing.,1544
Act III,Scene IV,Shallow,Be not dismayed.,1545
Act III,Scene IV,Slender,"No, she shall not dismay me: I care not for that,",1546
Act III,Scene IV,Slender,but that I am afeard.,1547
Act III,Scene IV,Mistress Quickly,Hark ye; Master Slender would speak a word with you.,1548
Act III,Scene IV,Anne Page,I come to him.,1549
Act III,Scene IV,[stage direction],Aside,NA
Act III,Scene IV,Anne Page,This is my father's choice.,1550
Act III,Scene IV,Anne Page,"O, what a world of vile ill-favor'd faults",1551
Act III,Scene IV,Anne Page,Looks handsome in three hundred pounds a-year!,1552
Act III,Scene IV,Mistress Quickly,"And how does good Master Fenton? Pray you, a word with you.",1553
Act III,Scene IV,Shallow,"She's coming; to her, coz. O boy, thou hadst a father!",1554
Act III,Scene IV,Slender,"I had a father, Mistress Anne; my uncle can tell you",1555
Act III,Scene IV,Slender,"good jests of him. Pray you, uncle, tell Mistress",1556
Act III,Scene IV,Slender,"Anne the jest, how my father stole two geese out of",1557
Act III,Scene IV,Slender,"a pen, good uncle.",1558
Act III,Scene IV,Shallow,"Mistress Anne, my cousin loves you.",1559
Act III,Scene IV,Slender,"Ay, that I do; as well as I love any woman in",1560
Act III,Scene IV,Slender,Gloucestershire.,1561
Act III,Scene IV,Shallow,He will maintain you like a gentlewoman.,1562
Act III,Scene IV,Slender,"Ay, that I will, come cut and long-tail, under the",1563
Act III,Scene IV,Slender,degree of a squire.,1564
Act III,Scene IV,Shallow,He will make you a hundred and fifty pounds jointure.,1565
Act III,Scene IV,Anne Page,"Good Master Shallow, let him woo for himself.",1566
Act III,Scene IV,Shallow,"Marry, I thank you for it; I thank you for that good",1567
Act III,Scene IV,Shallow,"comfort. She calls you, coz: I'll leave you.",1568
Act III,Scene IV,Anne Page,"Now, Master Slender,--",1569
Act III,Scene IV,Slender,"Now, good Mistress Anne,--",1570
Act III,Scene IV,Anne Page,What is your will?,1571
Act III,Scene IV,Slender,"My will! 'od's heartlings, that's a pretty jest",1572
Act III,Scene IV,Slender,"indeed! I ne'er made my will yet, I thank heaven; I",1573
Act III,Scene IV,Slender,"am not such a sickly creature, I give heaven praise.",1574
Act III,Scene IV,Anne Page,"I mean, Master Slender, what would you with me?",1575
Act III,Scene IV,Slender,"Truly, for mine own part, I would little or nothing",1576
Act III,Scene IV,Slender,with you. Your father and my uncle hath made,1577
Act III,Scene IV,Slender,"motions: if it be my luck, so; if not, happy man be",1578
Act III,Scene IV,Slender,his dole! They can tell you how things go better,1579
Act III,Scene IV,Slender,than I can: you may ask your father; here he comes.,1580
Act III,Scene IV,[stage direction],Enter PAGE and MISTRESS PAGE,NA
Act III,Scene IV,Page,"Now, Master Slender: love him, daughter Anne.",1581
Act III,Scene IV,Page,"Why, how now! what does Master Fenton here?",1582
Act III,Scene IV,Page,"You wrong me, sir, thus still to haunt my house:",1583
Act III,Scene IV,Page,"I told you, sir, my daughter is disposed of.",1584
Act III,Scene IV,Fenton,"Nay, Master Page, be not impatient.",1585
Act III,Scene IV,Mistress Page,"Good Master Fenton, come not to my child.",1586
Act III,Scene IV,Page,She is no match for you.,1587
Act III,Scene IV,Fenton,"Sir, will you hear me?",1588
Act III,Scene IV,Page,"No, good Master Fenton.",1589
Act III,Scene IV,Page,"Come, Master Shallow; come, son Slender, in.",1590
Act III,Scene IV,Page,"Knowing my mind, you wrong me, Master Fenton.",1591
Act III,Scene IV,[stage direction],"Exeunt PAGE, SHALLOW, and SLENDER",NA
Act III,Scene IV,Mistress Quickly,Speak to Mistress Page.,1592
Act III,Scene IV,Fenton,"Good Mistress Page, for that I love your daughter",1593
Act III,Scene IV,Fenton,"In such a righteous fashion as I do,",1594
Act III,Scene IV,Fenton,"Perforce, against all cheques, rebukes and manners,",1595
Act III,Scene IV,Fenton,I must advance the colours of my love,1596
Act III,Scene IV,Fenton,And not retire: let me have your good will.,1597
Act III,Scene IV,Anne Page,"Good mother, do not marry me to yond fool.",1598
Act III,Scene IV,Mistress Page,I mean it not; I seek you a better husband.,1599
Act III,Scene IV,Mistress Quickly,"That's my master, master doctor.",1600
Act III,Scene IV,Anne Page,"Alas, I had rather be set quick i' the earth",1601
Act III,Scene IV,Anne Page,And bowl'd to death with turnips!,1602
Act III,Scene IV,Mistress Page,"Come, trouble not yourself. Good Master Fenton,",1603
Act III,Scene IV,Mistress Page,I will not be your friend nor enemy:,1604
Act III,Scene IV,Mistress Page,"My daughter will I question how she loves you,",1605
Act III,Scene IV,Mistress Page,"And as I find her, so am I affected.",1606
Act III,Scene IV,Mistress Page,"Till then farewell, sir: she must needs go in;",1607
Act III,Scene IV,Mistress Page,Her father will be angry.,1608
Act III,Scene IV,Fenton,"Farewell, gentle mistress: farewell, Nan.",1609
Act III,Scene IV,[stage direction],Exeunt MISTRESS PAGE and ANNE PAGE,NA
Act III,Scene IV,Mistress Quickly,"This is my doing, now: 'Nay,' said I, 'will you cast",1610
Act III,Scene IV,Mistress Quickly,"away your child on a fool, and a physician? Look on",1611
Act III,Scene IV,Mistress Quickly,Master Fenton:' this is my doing.,1612
Act III,Scene IV,Fenton,"I thank thee; and I pray thee, once to-night",1613
Act III,Scene IV,Fenton,Give my sweet Nan this ring: there's for thy pains.,1614
Act III,Scene IV,Mistress Quickly,Now heaven send thee good fortune!,1615
Act III,Scene IV,[stage direction],Exit FENTON,NA
Act III,Scene IV,Mistress Quickly,A kind heart he hath: a woman would run through,1616
Act III,Scene IV,Mistress Quickly,fire and water for such a kind heart. But yet I,1617
Act III,Scene IV,Mistress Quickly,would my master had Mistress Anne; or I would,1618
Act III,Scene IV,Mistress Quickly,"Master Slender had her; or, in sooth, I would Master",1619
Act III,Scene IV,Mistress Quickly,Fenton had her; I will do what I can for them all,1620
Act III,Scene IV,Mistress Quickly,"three; for so I have promised, and I'll be as good",1621
Act III,Scene IV,Mistress Quickly,"as my word; but speciously for Master Fenton. Well,",1622
Act III,Scene IV,Mistress Quickly,I must of another errand to Sir John Falstaff from,1623
Act III,Scene IV,Mistress Quickly,my two mistresses: what a beast am I to slack it!,1624
Act III,Scene IV,[stage direction],Exit,NA
Act III,Scene V,[stage direction],Enter FALSTAFF and BARDOLPH,NA
Act III,Scene V,Falstaff,"Bardolph, I say,--",1625
Act III,Scene V,Bardolph,"Here, sir.",1626
Act III,Scene V,Falstaff,Go fetch me a quart of sack; put a toast in't.,1627
Act III,Scene V,[stage direction],Exit BARDOLPH,NA
Act III,Scene V,Falstaff,"Have I lived to be carried in a basket, like a",1628
Act III,Scene V,Falstaff,"barrow of butcher's offal, and to be thrown in the",1629
Act III,Scene V,Falstaff,"Thames? Well, if I be served such another trick,",1630
Act III,Scene V,Falstaff,"I'll have my brains ta'en out and buttered, and give",1631
Act III,Scene V,Falstaff,them to a dog for a new-year's gift. The rogues,1632
Act III,Scene V,Falstaff,slighted me into the river with as little remorse as,1633
Act III,Scene V,Falstaff,"they would have drowned a blind bitch's puppies,",1634
Act III,Scene V,Falstaff,fifteen i' the litter: and you may know by my size,1635
Act III,Scene V,Falstaff,that I have a kind of alacrity in sinking; if the,1636
Act III,Scene V,Falstaff,"bottom were as deep as hell, I should down. I had",1637
Act III,Scene V,Falstaff,"been drowned, but that the shore was shelvy and",1638
Act III,Scene V,Falstaff,"shallow,--a death that I abhor; for the water swells",1639
Act III,Scene V,Falstaff,a man; and what a thing should I have been when I,1640
Act III,Scene V,Falstaff,had been swelled! I should have been a mountain of mummy.,1641
Act III,Scene V,[stage direction],Re-enter BARDOLPH with sack,NA
Act III,Scene V,Bardolph,"Here's Mistress Quickly, sir, to speak with you.",1642
Act III,Scene V,Falstaff,Let me pour in some sack to the Thames water; for my,1643
Act III,Scene V,Falstaff,belly's as cold as if I had swallowed snowballs for,1644
Act III,Scene V,Falstaff,pills to cool the reins. Call her in.,1645
Act III,Scene V,Bardolph,"Come in, woman!",1646
Act III,Scene V,[stage direction],Enter MISTRESS QUICKLY,NA
Act III,Scene V,Mistress Quickly,By your leave; I cry you mercy: give your worship,1647
Act III,Scene V,Mistress Quickly,good morrow.,1648
Act III,Scene V,Falstaff,Take away these chalices. Go brew me a pottle of,1649
Act III,Scene V,Falstaff,sack finely.,1650
Act III,Scene V,Bardolph,"With eggs, sir?",1651
Act III,Scene V,Falstaff,Simple of itself; I'll no pullet-sperm in my brewage.,1652
Act III,Scene V,[stage direction],Exit BARDOLPH,NA
Act III,Scene V,Falstaff,How now!,1653
Act III,Scene V,Mistress Quickly,"Marry, sir, I come to your worship from Mistress Ford.",1654
Act III,Scene V,Falstaff,Mistress Ford! I have had ford enough; I was thrown,1655
Act III,Scene V,Falstaff,into the ford; I have my belly full of ford.,1656
Act III,Scene V,Mistress Quickly,"Alas the day! good heart, that was not her fault:",1657
Act III,Scene V,Mistress Quickly,she does so take on with her men; they mistook their erection.,1658
Act III,Scene V,Falstaff,"So did I mine, to build upon a foolish woman's promise.",1659
Act III,Scene V,Mistress Quickly,"Well, she laments, sir, for it, that it would yearn",1660
Act III,Scene V,Mistress Quickly,your heart to see it. Her husband goes this morning,1661
Act III,Scene V,Mistress Quickly,a-birding; she desires you once more to come to her,1662
Act III,Scene V,Mistress Quickly,between eight and nine: I must carry her word,1663
Act III,Scene V,Mistress Quickly,"quickly: she'll make you amends, I warrant you.",1664
Act III,Scene V,Falstaff,"Well, I will visit her: tell her so; and bid her",1665
Act III,Scene V,Falstaff,"think what a man is: let her consider his frailty,",1666
Act III,Scene V,Falstaff,and then judge of my merit.,1667
Act III,Scene V,Mistress Quickly,I will tell her.,1668
Act III,Scene V,Falstaff,"Do so. Between nine and ten, sayest thou?",1669
Act III,Scene V,Mistress Quickly,"Eight and nine, sir.",1670
Act III,Scene V,Falstaff,"Well, be gone: I will not miss her.",1671
Act III,Scene V,Mistress Quickly,"Peace be with you, sir.",1672
Act III,Scene V,[stage direction],Exit,NA
Act III,Scene V,Falstaff,I marvel I hear not of Master Brook; he sent me word,1673
Act III,Scene V,Falstaff,"to stay within: I like his money well. O, here he comes.",1674
Act III,Scene V,[stage direction],Enter FORD,NA
Act III,Scene V,Ford,"Bless you, sir!",1675
Act III,Scene V,Falstaff,"Now, master Brook, you come to know what hath passed",1676
Act III,Scene V,Falstaff,between me and Ford's wife?,1677
Act III,Scene V,Ford,"That, indeed, Sir John, is my business.",1678
Act III,Scene V,Falstaff,"Master Brook, I will not lie to you: I was at her",1679
Act III,Scene V,Falstaff,house the hour she appointed me.,1680
Act III,Scene V,Ford,"And sped you, sir?",1681
Act III,Scene V,Falstaff,"Very ill-favoredly, Master Brook.",1682
Act III,Scene V,Ford,"How so, sir? Did she change her determination?",1683
Act III,Scene V,Falstaff,"No, Master Brook; but the peaking Cornuto her",1684
Act III,Scene V,Falstaff,"husband, Master Brook, dwelling in a continual",1685
Act III,Scene V,Falstaff,"'larum of jealousy, comes me in the instant of our",1686
Act III,Scene V,Falstaff,"encounter, after we had embraced, kissed, protested,",1687
Act III,Scene V,Falstaff,"and, as it were, spoke the prologue of our comedy;",1688
Act III,Scene V,Falstaff,"and at his heels a rabble of his companions, thither",1689
Act III,Scene V,Falstaff,"provoked and instigated by his distemper, and,",1690
Act III,Scene V,Falstaff,"forsooth, to search his house for his wife's love.",1691
Act III,Scene V,Ford,"What, while you were there?",1692
Act III,Scene V,Falstaff,While I was there.,1693
Act III,Scene V,Ford,"And did he search for you, and could not find you?",1694
Act III,Scene V,Falstaff,"You shall hear. As good luck would have it, comes",1695
Act III,Scene V,Falstaff,in one Mistress Page; gives intelligence of Ford's,1696
Act III,Scene V,Falstaff,"approach; and, in her invention and Ford's wife's",1697
Act III,Scene V,Falstaff,"distraction, they conveyed me into a buck-basket.",1698
Act III,Scene V,Ford,A buck-basket!,1699
Act III,Scene V,Falstaff,"By the Lord, a buck-basket! rammed me in with foul",1700
Act III,Scene V,Falstaff,"shirts and smocks, socks, foul stockings, greasy",1701
Act III,Scene V,Falstaff,"napkins; that, Master Brook, there was the rankest",1702
Act III,Scene V,Falstaff,compound of villanous smell that ever offended nostril.,1703
Act III,Scene V,Ford,And how long lay you there?,1704
Act III,Scene V,Falstaff,"Nay, you shall hear, Master Brook, what I have",1705
Act III,Scene V,Falstaff,suffered to bring this woman to evil for your good.,1706
Act III,Scene V,Falstaff,"Being thus crammed in the basket, a couple of Ford's",1707
Act III,Scene V,Falstaff,"knaves, his hinds, were called forth by their",1708
Act III,Scene V,Falstaff,mistress to carry me in the name of foul clothes to,1709
Act III,Scene V,Falstaff,Datchet-lane: they took me on their shoulders; met,1710
Act III,Scene V,Falstaff,"the jealous knave their master in the door, who",1711
Act III,Scene V,Falstaff,asked them once or twice what they had in their,1712
Act III,Scene V,Falstaff,"basket: I quaked for fear, lest the lunatic knave",1713
Act III,Scene V,Falstaff,"would have searched it; but fate, ordaining he",1714
Act III,Scene V,Falstaff,"should be a cuckold, held his hand. Well: on went he",1715
Act III,Scene V,Falstaff,"for a search, and away went I for foul clothes. But",1716
Act III,Scene V,Falstaff,"mark the sequel, Master Brook: I suffered the pangs",1717
Act III,Scene V,Falstaff,"of three several deaths; first, an intolerable",1718
Act III,Scene V,Falstaff,"fright, to be detected with a jealous rotten",1719
Act III,Scene V,Falstaff,"bell-wether; next, to be compassed, like a good",1720
Act III,Scene V,Falstaff,"bilbo, in the circumference of a peck, hilt to",1721
Act III,Scene V,Falstaff,"point, heel to head; and then, to be stopped in,",1722
Act III,Scene V,Falstaff,"like a strong distillation, with stinking clothes",1723
Act III,Scene V,Falstaff,"that fretted in their own grease: think of that,--a",1724
Act III,Scene V,Falstaff,"man of my kidney,--think of that,--that am as subject",1725
Act III,Scene V,Falstaff,to heat as butter; a man of continual dissolution,1726
Act III,Scene V,Falstaff,and thaw: it was a miracle to scape suffocation.,1727
Act III,Scene V,Falstaff,"And in the height of this bath, when I was more than",1728
Act III,Scene V,Falstaff,"half stewed in grease, like a Dutch dish, to be",1729
Act III,Scene V,Falstaff,"thrown into the Thames, and cooled, glowing hot,",1730
Act III,Scene V,Falstaff,"in that surge, like a horse-shoe; think of",1731
Act III,Scene V,Falstaff,"that,--hissing hot,--think of that, Master Brook.",1732
Act III,Scene V,Ford,"In good sadness, I am sorry that for my sake you",1733
Act III,Scene V,Ford,have sufferd all this. My suit then is desperate;,1734
Act III,Scene V,Ford,you'll undertake her no more?,1735
Act III,Scene V,Falstaff,"Master Brook, I will be thrown into Etna, as I have",1736
Act III,Scene V,Falstaff,"been into Thames, ere I will leave her thus. Her",1737
Act III,Scene V,Falstaff,husband is this morning gone a-birding: I have,1738
Act III,Scene V,Falstaff,received from her another embassy of meeting; 'twixt,1739
Act III,Scene V,Falstaff,"eight and nine is the hour, Master Brook.",1740
Act III,Scene V,Ford,"'Tis past eight already, sir.",1741
Act III,Scene V,Falstaff,Is it? I will then address me to my appointment.,1742
Act III,Scene V,Falstaff,"Come to me at your convenient leisure, and you shall",1743
Act III,Scene V,Falstaff,know how I speed; and the conclusion shall be,1744
Act III,Scene V,Falstaff,crowned with your enjoying her. Adieu. You shall,1745
Act III,Scene V,Falstaff,"have her, Master Brook; Master Brook, you shall",1746
Act III,Scene V,Falstaff,cuckold Ford.,1747
Act III,Scene V,[stage direction],Exit,NA
Act III,Scene V,Ford,Hum! ha! is this a vision? is this a dream? do I,1748
Act III,Scene V,Ford,"sleep? Master Ford awake! awake, Master Ford!",1749
Act III,Scene V,Ford,"there's a hole made in your best coat, Master Ford.",1750
Act III,Scene V,Ford,This 'tis to be married! this 'tis to have linen,1751
Act III,Scene V,Ford,"and buck-baskets! Well, I will proclaim myself",1752
Act III,Scene V,Ford,what I am: I will now take the lecher; he is at my,1753
Act III,Scene V,Ford,house; he cannot 'scape me; 'tis impossible he,1754
Act III,Scene V,Ford,"should; he cannot creep into a halfpenny purse,",1755
Act III,Scene V,Ford,"nor into a pepper-box: but, lest the devil that",1756
Act III,Scene V,Ford,"guides him should aid him, I will search",1757
Act III,Scene V,Ford,"impossible places. Though what I am I cannot avoid,",1758
Act III,Scene V,Ford,yet to be what I would not shall not make me tame:,1759
Act III,Scene V,Ford,"if I have horns to make one mad, let the proverb go",1760
Act III,Scene V,Ford,with me: I'll be horn-mad.,1761
Act III,Scene V,[stage direction],Exit,NA
Act IV,Scene I,[stage direction],"Enter MISTRESS PAGE, MISTRESS QUICKLY, and WILLIAM PAGE",NA
Act IV,Scene I,Mistress Page,"Is he at Master Ford's already, think'st thou?",1762
Act IV,Scene I,Mistress Quickly,"Sure he is by this, or will be presently: but,",1763
Act IV,Scene I,Mistress Quickly,"truly, he is very courageous mad about his throwing",1764
Act IV,Scene I,Mistress Quickly,into the water. Mistress Ford desires you to come suddenly.,1765
Act IV,Scene I,Mistress Page,I'll be with her by and by; I'll but bring my young,1766
Act IV,Scene I,Mistress Page,"man here to school. Look, where his master comes;",1767
Act IV,Scene I,Mistress Page,"'tis a playing-day, I see.",1768
Act IV,Scene I,[stage direction],Enter SIR HUGH EVANS,NA
Act IV,Scene I,Mistress Page,"How now, Sir Hugh! no school to-day?",1769
Act IV,Scene I,Sir Hugh Evans,No; Master Slender is let the boys leave to play.,1770
Act IV,Scene I,Mistress Quickly,Blessing of his heart!,1771
Act IV,Scene I,Mistress Page,"Sir Hugh, my husband says my son profits nothing in",1772
Act IV,Scene I,Mistress Page,"the world at his book. I pray you, ask him some",1773
Act IV,Scene I,Mistress Page,questions in his accidence.,1774
Act IV,Scene I,Sir Hugh Evans,"Come hither, William; hold up your head; come.",1775
Act IV,Scene I,Mistress Page,"Come on, sirrah; hold up your head; answer your",1776
Act IV,Scene I,Mistress Page,"master, be not afraid.",1777
Act IV,Scene I,Sir Hugh Evans,"William, how many numbers is in nouns?",1778
Act IV,Scene I,William Page,Two.,1779
Act IV,Scene I,Mistress Quickly,"Truly, I thought there had been one number more,",1780
Act IV,Scene I,Mistress Quickly,"because they say, ''Od's nouns.'",1781
Act IV,Scene I,Sir Hugh Evans,"Peace your tattlings! What is 'fair,' William?",1782
Act IV,Scene I,William Page,Pulcher.,1783
Act IV,Scene I,Mistress Quickly,"Polecats! there are fairer things than polecats, sure.",1784
Act IV,Scene I,Sir Hugh Evans,You are a very simplicity 'oman: I pray you peace.,1785
Act IV,Scene I,Sir Hugh Evans,"What is 'lapis,' William?",1786
Act IV,Scene I,William Page,A stone.,1787
Act IV,Scene I,Sir Hugh Evans,"And what is 'a stone,' William?",1788
Act IV,Scene I,William Page,A pebble.,1789
Act IV,Scene I,Sir Hugh Evans,"No, it is 'lapis:' I pray you, remember in your prain.",1790
Act IV,Scene I,William Page,Lapis.,1791
Act IV,Scene I,Sir Hugh Evans,"That is a good William. What is he, William, that",1792
Act IV,Scene I,Sir Hugh Evans,does lend articles?,1793
Act IV,Scene I,William Page,"Articles are borrowed of the pronoun, and be thus",1794
Act IV,Scene I,William Page,"declined, Singulariter, nominativo, hic, haec, hoc.",1795
Act IV,Scene I,Sir Hugh Evans,"Nominativo, hig, hag, hog; pray you, mark:",1796
Act IV,Scene I,Sir Hugh Evans,"genitivo, hujus. Well, what is your accusative case?",1797
Act IV,Scene I,William Page,"Accusativo, hinc.",1798
Act IV,Scene I,Sir Hugh Evans,"I pray you, have your remembrance, child,",1799
Act IV,Scene I,Sir Hugh Evans,"accusative, hung, hang, hog.",1800
Act IV,Scene I,Mistress Quickly,"'Hang-hog' is Latin for bacon, I warrant you.",1801
Act IV,Scene I,Sir Hugh Evans,"Leave your prabbles, 'oman. What is the focative",1802
Act IV,Scene I,Sir Hugh Evans,"case, William?",1803
Act IV,Scene I,William Page,"O,--vocativo, O.",1804
Act IV,Scene I,Sir Hugh Evans,"Remember, William; focative is caret.",1805
Act IV,Scene I,Mistress Quickly,And that's a good root.,1806
Act IV,Scene I,Sir Hugh Evans,"'Oman, forbear.",1807
Act IV,Scene I,Mistress Page,Peace!,1808
Act IV,Scene I,Sir Hugh Evans,"What is your genitive case plural, William?",1809
Act IV,Scene I,William Page,Genitive case!,1810
Act IV,Scene I,Sir Hugh Evans,Ay.,1811
Act IV,Scene I,William Page,"Genitive,--horum, harum, horum.",1812
Act IV,Scene I,Mistress Quickly,Vengeance of Jenny's case! fie on her! never name,1813
Act IV,Scene I,Mistress Quickly,"her, child, if she be a whore.",1814
Act IV,Scene I,Sir Hugh Evans,"For shame, 'oman.",1815
Act IV,Scene I,Mistress Quickly,You do ill to teach the child such words: he,1816
Act IV,Scene I,Mistress Quickly,"teaches him to hick and to hack, which they'll do",1817
Act IV,Scene I,Mistress Quickly,"fast enough of themselves, and to call 'horum:' fie upon you!",1818
Act IV,Scene I,Sir Hugh Evans,"'Oman, art thou lunatics? hast thou no",1819
Act IV,Scene I,Sir Hugh Evans,understandings for thy cases and the numbers of the,1820
Act IV,Scene I,Sir Hugh Evans,genders? Thou art as foolish Christian creatures as,1821
Act IV,Scene I,Sir Hugh Evans,I would desires.,1822
Act IV,Scene I,Mistress Page,"Prithee, hold thy peace.",1823
Act IV,Scene I,Sir Hugh Evans,"Show me now, William, some declensions of your pronouns.",1824
Act IV,Scene I,William Page,"Forsooth, I have forgot.",1825
Act IV,Scene I,Sir Hugh Evans,"It is qui, quae, quod: if you forget your 'quies,'",1826
Act IV,Scene I,Sir Hugh Evans,"your 'quaes,' and your 'quods,' you must be",1827
Act IV,Scene I,Sir Hugh Evans,"preeches. Go your ways, and play; go.",1828
Act IV,Scene I,Mistress Page,He is a better scholar than I thought he was.,1829
Act IV,Scene I,Sir Hugh Evans,"He is a good sprag memory. Farewell, Mistress Page.",1830
Act IV,Scene I,Mistress Page,"Adieu, good Sir Hugh.",1831
Act IV,Scene I,[stage direction],Exit SIR HUGH EVANS,NA
Act IV,Scene I,Mistress Page,"Get you home, boy. Come, we stay too long.",1832
Act IV,Scene I,[stage direction],Exeunt,NA
Act IV,Scene II,[stage direction],Enter FALSTAFF and MISTRESS FORD,NA
Act IV,Scene II,Falstaff,"Mistress Ford, your sorrow hath eaten up my",1833
Act IV,Scene II,Falstaff,"sufferance. I see you are obsequious in your love,",1834
Act IV,Scene II,Falstaff,and I profess requital to a hair's breadth; not,1835
Act IV,Scene II,Falstaff,"only, Mistress Ford, in the simple",1836
Act IV,Scene II,Falstaff,"office of love, but in all the accoutrement,",1837
Act IV,Scene II,Falstaff,complement and ceremony of it. But are you,1838
Act IV,Scene II,Falstaff,sure of your husband now?,1839
Act IV,Scene II,Mistress Ford,"He's a-birding, sweet Sir John.",1840
Act IV,Scene II,Mistress Page,"[Within]  What, ho, gossip Ford! what, ho!",1841
Act IV,Scene II,Mistress Ford,"Step into the chamber, Sir John.",1842
Act IV,Scene II,[stage direction],Exit FALSTAFF,NA
Act IV,Scene II,[stage direction],Enter MISTRESS PAGE,NA
Act IV,Scene II,Mistress Page,"How now, sweetheart! who's at home besides yourself?",1843
Act IV,Scene II,Mistress Ford,"Why, none but mine own people.",1844
Act IV,Scene II,Mistress Page,Indeed!,1845
Act IV,Scene II,Mistress Ford,"No, certainly.",1846
Act IV,Scene II,[stage direction],Aside to her,NA
Act IV,Scene II,Mistress Ford,Speak louder.,1847
Act IV,Scene II,Mistress Page,"Truly, I am so glad you have nobody here.",1848
Act IV,Scene II,Mistress Ford,Why?,1849
Act IV,Scene II,Mistress Page,"Why, woman, your husband is in his old lunes again:",1850
Act IV,Scene II,Mistress Page,he so takes on yonder with my husband; so rails,1851
Act IV,Scene II,Mistress Page,against all married mankind; so curses all Eve's,1852
Act IV,Scene II,Mistress Page,"daughters, of what complexion soever; and so buffets",1853
Act IV,Scene II,Mistress Page,"himself on the forehead, crying, 'Peer out, peer",1854
Act IV,Scene II,Mistress Page,out!' that any madness I ever yet beheld seemed but,1855
Act IV,Scene II,Mistress Page,"tameness, civility and patience, to this his",1856
Act IV,Scene II,Mistress Page,distemper he is in now: I am glad the fat knight is not here.,1857
Act IV,Scene II,Mistress Ford,"Why, does he talk of him?",1858
Act IV,Scene II,Mistress Page,"Of none but him; and swears he was carried out, the",1859
Act IV,Scene II,Mistress Page,"last time he searched for him, in a basket; protests",1860
Act IV,Scene II,Mistress Page,"to my husband he is now here, and hath drawn him and",1861
Act IV,Scene II,Mistress Page,"the rest of their company from their sport, to make",1862
Act IV,Scene II,Mistress Page,another experiment of his suspicion: but I am glad,1863
Act IV,Scene II,Mistress Page,the knight is not here; now he shall see his own foolery.,1864
Act IV,Scene II,Mistress Ford,"How near is he, Mistress Page?",1865
Act IV,Scene II,Mistress Page,Hard by; at street end; he will be here anon.,1866
Act IV,Scene II,Mistress Ford,I am undone! The knight is here.,1867
Act IV,Scene II,Mistress Page,"Why then you are utterly shamed, and he's but a dead",1868
Act IV,Scene II,Mistress Page,"man. What a woman are you!--Away with him, away",1869
Act IV,Scene II,Mistress Page,with him! better shame than murder.,1870
Act IV,Scene II,Ford,Which way should be go? how should I bestow him?,1871
Act IV,Scene II,Ford,Shall I put him into the basket again?,1872
Act IV,Scene II,[stage direction],Re-enter FALSTAFF,NA
Act IV,Scene II,Falstaff,"No, I'll come no more i' the basket. May I not go",1873
Act IV,Scene II,Falstaff,out ere he come?,1874
Act IV,Scene II,Mistress Page,"Alas, three of Master Ford's brothers watch the door",1875
Act IV,Scene II,Mistress Page,"with pistols, that none shall issue out; otherwise",1876
Act IV,Scene II,Mistress Page,you might slip away ere he came. But what make you here?,1877
Act IV,Scene II,Falstaff,What shall I do? I'll creep up into the chimney.,1878
Act IV,Scene II,Mistress Ford,There they always use to discharge their,1879
Act IV,Scene II,Mistress Ford,birding-pieces. Creep into the kiln-hole.,1880
Act IV,Scene II,Falstaff,Where is it?,1881
Act IV,Scene II,Mistress Ford,"He will seek there, on my word. Neither press,",1882
Act IV,Scene II,Mistress Ford,"coffer, chest, trunk, well, vault, but he hath an",1883
Act IV,Scene II,Mistress Ford,"abstract for the remembrance of such places, and",1884
Act IV,Scene II,Mistress Ford,goes to them by his note: there is no hiding you in the house.,1885
Act IV,Scene II,Falstaff,I'll go out then.,1886
Act IV,Scene II,Mistress Page,"If you go out in your own semblance, you die, Sir",1887
Act IV,Scene II,Mistress Page,John. Unless you go out disguised--,1888
Act IV,Scene II,Mistress Ford,How might we disguise him?,1889
Act IV,Scene II,Mistress Page,"Alas the day, I know not! There is no woman's gown",1890
Act IV,Scene II,Mistress Page,"big enough for him otherwise he might put on a hat,",1891
Act IV,Scene II,Mistress Page,"a muffler and a kerchief, and so escape.",1892
Act IV,Scene II,Falstaff,"Good hearts, devise something: any extremity rather",1893
Act IV,Scene II,Falstaff,than a mischief.,1894
Act IV,Scene II,Mistress Ford,"My maid's aunt, the fat woman of Brentford, has a",1895
Act IV,Scene II,Mistress Ford,gown above.,1896
Act IV,Scene II,Mistress Page,"On my word, it will serve him; she's as big as he",1897
Act IV,Scene II,Mistress Page,is: and there's her thrummed hat and her muffler,1898
Act IV,Scene II,Mistress Page,"too. Run up, Sir John.",1899
Act IV,Scene II,Mistress Ford,"Go, go, sweet Sir John: Mistress Page and I will",1900
Act IV,Scene II,Mistress Ford,look some linen for your head.,1901
Act IV,Scene II,Mistress Page,"Quick, quick! we'll come dress you straight: put",1902
Act IV,Scene II,Mistress Page,on the gown the while.,1903
Act IV,Scene II,[stage direction],Exit FALSTAFF,NA
Act IV,Scene II,Mistress Ford,I would my husband would meet him in this shape: he,1904
Act IV,Scene II,Mistress Ford,cannot abide the old woman of Brentford; he swears,1905
Act IV,Scene II,Mistress Ford,she's a witch; forbade her my house and hath,1906
Act IV,Scene II,Mistress Ford,threatened to beat her.,1907
Act IV,Scene II,Mistress Page,"Heaven guide him to thy husband's cudgel, and the",1908
Act IV,Scene II,Mistress Page,devil guide his cudgel afterwards!,1909
Act IV,Scene II,Mistress Ford,But is my husband coming?,1910
Act IV,Scene II,Mistress Page,"Ah, in good sadness, is he; and talks of the basket",1911
Act IV,Scene II,Mistress Page,"too, howsoever he hath had intelligence.",1912
Act IV,Scene II,Mistress Ford,We'll try that; for I'll appoint my men to carry the,1913
Act IV,Scene II,Mistress Ford,"basket again, to meet him at the door with it, as",1914
Act IV,Scene II,Mistress Ford,they did last time.,1915
Act IV,Scene II,Mistress Page,"Nay, but he'll be here presently: let's go dress him",1916
Act IV,Scene II,Mistress Page,like the witch of Brentford.,1917
Act IV,Scene II,Mistress Ford,I'll first direct my men what they shall do with the,1918
Act IV,Scene II,Mistress Ford,basket. Go up; I'll bring linen for him straight.,1919
Act IV,Scene II,[stage direction],Exit,NA
Act IV,Scene II,Mistress Page,"Hang him, dishonest varlet! we cannot misuse him enough.",1920
Act IV,Scene II,Mistress Page,"We'll leave a proof, by that which we will do,",1921
Act IV,Scene II,Mistress Page,"Wives may be merry, and yet honest too:",1922
Act IV,Scene II,Mistress Page,We do not act that often jest and laugh;,1923
Act IV,Scene II,Mistress Page,"'Tis old, but true, Still swine eat all the draff.",1924
Act IV,Scene II,[stage direction],Exit,NA
Act IV,Scene II,[stage direction],Re-enter MISTRESS FORD with two Servants,NA
Act IV,Scene II,Mistress Ford,"Go, sirs, take the basket again on your shoulders:",1925
Act IV,Scene II,Mistress Ford,your master is hard at door; if he bid you set it,1926
Act IV,Scene II,Mistress Ford,"down, obey him: quickly, dispatch.",1927
Act IV,Scene II,[stage direction],Exit,NA
Act IV,Scene II,First Servant,"Come, come, take it up.",1928
Act IV,Scene II,Second Servant,Pray heaven it be not full of knight again.,1929
Act IV,Scene II,First Servant,I hope not; I had as lief bear so much lead.,1930
Act IV,Scene II,[stage direction],"Enter FORD, PAGE, SHALLOW, DOCTOR CAIUS, and SIR HUGH EVANS",NA
Act IV,Scene II,Ford,"Ay, but if it prove true, Master Page, have you any",1931
Act IV,Scene II,Ford,"way then to unfool me again? Set down the basket,",1932
Act IV,Scene II,Ford,villain! Somebody call my wife. Youth in a basket!,1933
Act IV,Scene II,Ford,"O you panderly rascals! there's a knot, a ging, a",1934
Act IV,Scene II,Ford,"pack, a conspiracy against me: now shall the devil",1935
Act IV,Scene II,Ford,"be shamed. What, wife, I say! Come, come forth!",1936
Act IV,Scene II,Ford,Behold what honest clothes you send forth to bleaching!,1937
Act IV,Scene II,Page,"Why, this passes, Master Ford; you are not to go",1938
Act IV,Scene II,Page,loose any longer; you must be pinioned.,1939
Act IV,Scene II,Sir Hugh Evans,"Why, this is lunatics! this is mad as a mad dog!",1940
Act IV,Scene II,Shallow,"Indeed, Master Ford, this is not well, indeed.",1941
Act IV,Scene II,Ford,"So say I too, sir.",1942
Act IV,Scene II,[stage direction],Re-enter MISTRESS FORD,NA
Act IV,Scene II,Ford,"Come hither, Mistress Ford; Mistress Ford the honest",1943
Act IV,Scene II,Ford,"woman, the modest wife, the virtuous creature, that",1944
Act IV,Scene II,Ford,hath the jealous fool to her husband! I suspect,1945
Act IV,Scene II,Ford,"without cause, mistress, do I?",1946
Act IV,Scene II,Mistress Ford,"Heaven be my witness you do, if you suspect me in",1947
Act IV,Scene II,Mistress Ford,any dishonesty.,1948
Act IV,Scene II,Ford,"Well said, brazen-face! hold it out. Come forth, sirrah!",1949
Act IV,Scene II,[stage direction],Pulling clothes out of the basket,NA
Act IV,Scene II,Page,This passes!,1950
Act IV,Scene II,Mistress Ford,Are you not ashamed? let the clothes alone.,1951
Act IV,Scene II,Ford,I shall find you anon.,1952
Act IV,Scene II,Sir Hugh Evans,'Tis unreasonable! Will you take up your wife's,1953
Act IV,Scene II,Sir Hugh Evans,clothes? Come away.,1954
Act IV,Scene II,Ford,"Empty the basket, I say!",1955
Act IV,Scene II,Mistress Ford,"Why, man, why?",1956
Act IV,Scene II,Ford,"Master Page, as I am a man, there was one conveyed",1957
Act IV,Scene II,Ford,out of my house yesterday in this basket: why may,1958
Act IV,Scene II,Ford,not he be there again? In my house I am sure he is:,1959
Act IV,Scene II,Ford,my intelligence is true; my jealousy is reasonable.,1960
Act IV,Scene II,Ford,Pluck me out all the linen.,1961
Act IV,Scene II,Mistress Ford,"If you find a man there, he shall die a flea's death.",1962
Act IV,Scene II,Page,Here's no man.,1963
Act IV,Scene II,Shallow,"By my fidelity, this is not well, Master Ford; this",1964
Act IV,Scene II,Shallow,wrongs you.,1965
Act IV,Scene II,Sir Hugh Evans,"Master Ford, you must pray, and not follow the",1966
Act IV,Scene II,Sir Hugh Evans,imaginations of your own heart: this is jealousies.,1967
Act IV,Scene II,Ford,"Well, he's not here I seek for.",1968
Act IV,Scene II,Page,"No, nor nowhere else but in your brain.",1969
Act IV,Scene II,Ford,Help to search my house this one time. If I find,1970
Act IV,Scene II,Ford,"not what I seek, show no colour for my extremity; let",1971
Act IV,Scene II,Ford,me for ever be your table-sport; let them say of,1972
Act IV,Scene II,Ford,"me, 'As jealous as Ford, Chat searched a hollow",1973
Act IV,Scene II,Ford,walnut for his wife's leman.' Satisfy me once more;,1974
Act IV,Scene II,Ford,once more search with me.,1975
Act IV,Scene II,Mistress Ford,"What, ho, Mistress Page! come you and the old woman",1976
Act IV,Scene II,Mistress Ford,down; my husband will come into the chamber.,1977
Act IV,Scene II,Ford,Old woman! what old woman's that?,1978
Act IV,Scene II,Mistress Ford,"Nay, it is my maid's aunt of Brentford.",1979
Act IV,Scene II,Ford,"A witch, a quean, an old cozening quean! Have I not",1980
Act IV,Scene II,Ford,"forbid her my house? She comes of errands, does",1981
Act IV,Scene II,Ford,she? We are simple men; we do not know what's,1982
Act IV,Scene II,Ford,brought to pass under the profession of,1983
Act IV,Scene II,Ford,"fortune-telling. She works by charms, by spells,",1984
Act IV,Scene II,Ford,"by the figure, and such daubery as this is, beyond",1985
Act IV,Scene II,Ford,"our element we know nothing. Come down, you witch,",1986
Act IV,Scene II,Ford,"you hag, you; come down, I say!",1987
Act IV,Scene II,Mistress Ford,"Nay, good, sweet husband! Good gentlemen, let him",1988
Act IV,Scene II,Mistress Ford,not strike the old woman.,1989
Act IV,Scene II,[stage direction],"Re-enter FALSTAFF in woman's clothes, and MISTRESS PAGE",NA
Act IV,Scene II,Mistress Page,"Come, Mother Prat; come, give me your hand.",1990
Act IV,Scene II,Ford,I'll prat her.,1991
Act IV,Scene II,[stage direction],Beating him,NA
Act IV,Scene II,Ford,"Out of my door, you witch, you hag, you baggage, you",1992
Act IV,Scene II,Ford,"polecat, you runyon! out, out! I'll conjure you,",1993
Act IV,Scene II,Ford,I'll fortune-tell you.,1994
Act IV,Scene II,[stage direction],Exit FALSTAFF,NA
Act IV,Scene II,Mistress Page,Are you not ashamed? I think you have killed the,1995
Act IV,Scene II,Mistress Page,poor woman.,1996
Act IV,Scene II,Mistress Ford,"Nay, he will do it. 'Tis a goodly credit for you.",1997
Act IV,Scene II,Ford,"Hang her, witch!",1998
Act IV,Scene II,Sir Hugh Evans,"By the yea and no, I think the 'oman is a witch",1999
Act IV,Scene II,Sir Hugh Evans,indeed: I like not when a 'oman has a great peard;,2000
Act IV,Scene II,Sir Hugh Evans,I spy a great peard under his muffler.,2001
Act IV,Scene II,Ford,"Will you follow, gentlemen? I beseech you, follow;",2002
Act IV,Scene II,Ford,see but the issue of my jealousy: if I cry out thus,2003
Act IV,Scene II,Ford,"upon no trail, never trust me when I open again.",2004
Act IV,Scene II,Page,"Let's obey his humour a little further: come,",2005
Act IV,Scene II,Page,gentlemen.,2006
Act IV,Scene II,[stage direction],"Exeunt FORD, PAGE, SHALLOW, DOCTOR CAIUS, and SIR HUGH EVANS",NA
Act IV,Scene II,Mistress Page,"Trust me, he beat him most pitifully.",2007
Act IV,Scene II,Mistress Ford,"Nay, by the mass, that he did not; he beat him most",2008
Act IV,Scene II,Mistress Ford,"unpitifully, methought.",2009
Act IV,Scene II,Mistress Page,I'll have the cudgel hallowed and hung o'er the,2010
Act IV,Scene II,Mistress Page,altar; it hath done meritorious service.,2011
Act IV,Scene II,Mistress Ford,"What think you? may we, with the warrant of",2012
Act IV,Scene II,Mistress Ford,"womanhood and the witness of a good conscience,",2013
Act IV,Scene II,Mistress Ford,pursue him with any further revenge?,2014
Act IV,Scene II,Mistress Page,"The spirit of wantonness is, sure, scared out of",2015
Act IV,Scene II,Mistress Page,"him: if the devil have him not in fee-simple, with",2016
Act IV,Scene II,Mistress Page,"fine and recovery, he will never, I think, in the",2017
Act IV,Scene II,Mistress Page,"way of waste, attempt us again.",2018
Act IV,Scene II,Mistress Ford,Shall we tell our husbands how we have served him?,2019
Act IV,Scene II,Mistress Page,"Yes, by all means; if it be but to scrape the",2020
Act IV,Scene II,Mistress Page,figures out of your husband's brains. If they can,2021
Act IV,Scene II,Mistress Page,find in their hearts the poor unvirtuous fat knight,2022
Act IV,Scene II,Mistress Page,"shall be any further afflicted, we two will still be",2023
Act IV,Scene II,Mistress Page,the ministers.,2024
Act IV,Scene II,Mistress Ford,I'll warrant they'll have him publicly shamed: and,2025
Act IV,Scene II,Mistress Ford,"methinks there would be no period to the jest,",2026
Act IV,Scene II,Mistress Ford,should he not be publicly shamed.,2027
Act IV,Scene II,Mistress Page,"Come, to the forge with it then; shape it: I would",2028
Act IV,Scene II,Mistress Page,not have things cool.,2029
Act IV,Scene II,[stage direction],Exeunt,NA
Act IV,Scene III,[stage direction],Enter Host and BARDOLPH,NA
Act IV,Scene III,Bardolph,"Sir, the Germans desire to have three of your",2030
Act IV,Scene III,Bardolph,horses: the duke himself will be to-morrow at,2031
Act IV,Scene III,Bardolph,"court, and they are going to meet him.",2032
Act IV,Scene III,Host,What duke should that be comes so secretly? I hear,2033
Act IV,Scene III,Host,not of him in the court. Let me speak with the,2034
Act IV,Scene III,Host,gentlemen: they speak English?,2035
Act IV,Scene III,Bardolph,"Ay, sir; I'll call them to you.",2036
Act IV,Scene III,Host,They shall have my horses; but I'll make them pay;,2037
Act IV,Scene III,Host,I'll sauce them: they have had my house a week at,2038
Act IV,Scene III,Host,command; I have turned away my other guests: they,2039
Act IV,Scene III,Host,must come off; I'll sauce them. Come.,2040
Act IV,Scene III,[stage direction],Exeunt,NA
Act IV,Scene IV,[stage direction],"Enter PAGE, FORD, MISTRESS PAGE, MISTRESS FORD, and SIR HUGH EVANS",NA
Act IV,Scene IV,Sir Hugh Evans,'Tis one of the best discretions of a 'oman as ever,2041
Act IV,Scene IV,Sir Hugh Evans,I did look upon.,2042
Act IV,Scene IV,Page,And did he send you both these letters at an instant?,2043
Act IV,Scene IV,Mistress Page,Within a quarter of an hour.,2044
Act IV,Scene IV,Ford,"Pardon me, wife. Henceforth do what thou wilt;",2045
Act IV,Scene IV,Ford,I rather will suspect the sun with cold,2046
Act IV,Scene IV,Ford,Than thee with wantonness: now doth thy honour stand,2047
Act IV,Scene IV,Ford,"In him that was of late an heretic,",2048
Act IV,Scene IV,Ford,As firm as faith.,2049
Act IV,Scene IV,Page,"'Tis well, 'tis well; no more:",2050
Act IV,Scene IV,Page,Be not as extreme in submission,2051
Act IV,Scene IV,Page,As in offence.,2052
Act IV,Scene IV,Page,But let our plot go forward: let our wives,2053
Act IV,Scene IV,Page,"Yet once again, to make us public sport,",2054
Act IV,Scene IV,Page,"Appoint a meeting with this old fat fellow,",2055
Act IV,Scene IV,Page,Where we may take him and disgrace him for it.,2056
Act IV,Scene IV,Ford,There is no better way than that they spoke of.,2057
Act IV,Scene IV,Page,How? to send him word they'll meet him in the park,2058
Act IV,Scene IV,Page,"at midnight? Fie, fie! he'll never come.",2059
Act IV,Scene IV,Sir Hugh Evans,You say he has been thrown in the rivers and has,2060
Act IV,Scene IV,Sir Hugh Evans,been grievously peaten as an old 'oman: methinks,2061
Act IV,Scene IV,Sir Hugh Evans,there should be terrors in him that he should not,2062
Act IV,Scene IV,Sir Hugh Evans,"come; methinks his flesh is punished, he shall have",2063
Act IV,Scene IV,Sir Hugh Evans,no desires.,2064
Act IV,Scene IV,Page,So think I too.,2065
Act IV,Scene IV,Mistress Ford,"Devise but how you'll use him when he comes,",2066
Act IV,Scene IV,Mistress Ford,And let us two devise to bring him thither.,2067
Act IV,Scene IV,Mistress Page,"There is an old tale goes that Herne the hunter,",2068
Act IV,Scene IV,Mistress Page,"Sometime a keeper here in Windsor forest,",2069
Act IV,Scene IV,Mistress Page,"Doth all the winter-time, at still midnight,",2070
Act IV,Scene IV,Mistress Page,"Walk round about an oak, with great ragg'd horns;",2071
Act IV,Scene IV,Mistress Page,And there he blasts the tree and takes the cattle,2072
Act IV,Scene IV,Mistress Page,And makes milch-kine yield blood and shakes a chain,2073
Act IV,Scene IV,Mistress Page,In a most hideous and dreadful manner:,2074
Act IV,Scene IV,Mistress Page,"You have heard of such a spirit, and well you know",2075
Act IV,Scene IV,Mistress Page,The superstitious idle-headed eld,2076
Act IV,Scene IV,Mistress Page,Received and did deliver to our age,2077
Act IV,Scene IV,Mistress Page,This tale of Herne the hunter for a truth.,2078
Act IV,Scene IV,Page,"Why, yet there want not many that do fear",2079
Act IV,Scene IV,Page,In deep of night to walk by this Herne's oak:,2080
Act IV,Scene IV,Page,But what of this?,2081
Act IV,Scene IV,Mistress Ford,"Marry, this is our device;",2082
Act IV,Scene IV,Mistress Ford,That Falstaff at that oak shall meet with us.,2083
Act IV,Scene IV,Page,"Well, let it not be doubted but he'll come:",2084
Act IV,Scene IV,Page,"And in this shape when you have brought him thither,",2085
Act IV,Scene IV,Page,What shall be done with him? what is your plot?,2086
Act IV,Scene IV,Mistress Page,"That likewise have we thought upon, and thus:",2087
Act IV,Scene IV,Mistress Page,Nan Page my daughter and my little son,2088
Act IV,Scene IV,Mistress Page,And three or four more of their growth we'll dress,2089
Act IV,Scene IV,Mistress Page,"Like urchins, ouphes and fairies, green and white,",2090
Act IV,Scene IV,Mistress Page,"With rounds of waxen tapers on their heads,",2091
Act IV,Scene IV,Mistress Page,"And rattles in their hands: upon a sudden,",2092
Act IV,Scene IV,Mistress Page,"As Falstaff, she and I, are newly met,",2093
Act IV,Scene IV,Mistress Page,Let them from forth a sawpit rush at once,2094
Act IV,Scene IV,Mistress Page,"With some diffused song: upon their sight,",2095
Act IV,Scene IV,Mistress Page,We two in great amazedness will fly:,2096
Act IV,Scene IV,Mistress Page,Then let them all encircle him about,2097
Act IV,Scene IV,Mistress Page,"And, fairy-like, to-pinch the unclean knight,",2098
Act IV,Scene IV,Mistress Page,"And ask him why, that hour of fairy revel,",2099
Act IV,Scene IV,Mistress Page,In their so sacred paths he dares to tread,2100
Act IV,Scene IV,Mistress Page,In shape profane.,2101
Act IV,Scene IV,Mistress Ford,"And till he tell the truth,",2102
Act IV,Scene IV,Mistress Ford,Let the supposed fairies pinch him sound,2103
Act IV,Scene IV,Mistress Ford,And burn him with their tapers.,2104
Act IV,Scene IV,Mistress Page,"The truth being known,",2105
Act IV,Scene IV,Mistress Page,"We'll all present ourselves, dis-horn the spirit,",2106
Act IV,Scene IV,Mistress Page,And mock him home to Windsor.,2107
Act IV,Scene IV,Ford,The children must,2108
Act IV,Scene IV,Ford,"Be practised well to this, or they'll ne'er do't.",2109
Act IV,Scene IV,Sir Hugh Evans,I will teach the children their behaviors; and I,2110
Act IV,Scene IV,Sir Hugh Evans,"will be like a jack-an-apes also, to burn the",2111
Act IV,Scene IV,Sir Hugh Evans,knight with my taber.,2112
Act IV,Scene IV,Ford,That will be excellent. I'll go and buy them vizards.,2113
Act IV,Scene IV,Mistress Page,"My Nan shall be the queen of all the fairies,",2114
Act IV,Scene IV,Mistress Page,Finely attired in a robe of white.,2115
Act IV,Scene IV,Page,That silk will I go buy.,2116
Act IV,Scene IV,[stage direction],Aside,NA
Act IV,Scene IV,Page,And in that time,2117
Act IV,Scene IV,Page,Shall Master Slender steal my Nan away,2118
Act IV,Scene IV,Page,And marry her at Eton. Go send to Falstaff straight.,2119
Act IV,Scene IV,Ford,Nay I'll to him again in name of Brook,2120
Act IV,Scene IV,Ford,"He'll tell me all his purpose: sure, he'll come.",2121
Act IV,Scene IV,Mistress Page,Fear not you that. Go get us properties,2122
Act IV,Scene IV,Mistress Page,And tricking for our fairies.,2123
Act IV,Scene IV,Sir Hugh Evans,Let us about it: it is admirable pleasures and fery,2124
Act IV,Scene IV,Sir Hugh Evans,honest knaveries.,2125
Act IV,Scene IV,[stage direction],"Exeunt PAGE, FORD, and SIR HUGH EVANS",NA
Act IV,Scene IV,Mistress Page,"Go, Mistress Ford,",2126
Act IV,Scene IV,Mistress Page,"Send quickly to Sir John, to know his mind.",2127
Act IV,Scene IV,[stage direction],Exit MISTRESS FORD,NA
Act IV,Scene IV,Mistress Page,"I'll to the doctor: he hath my good will,",2128
Act IV,Scene IV,Mistress Page,"And none but he, to marry with Nan Page.",2129
Act IV,Scene IV,Mistress Page,"That Slender, though well landed, is an idiot;",2130
Act IV,Scene IV,Mistress Page,And he my husband best of all affects.,2131
Act IV,Scene IV,Mistress Page,"The doctor is well money'd, and his friends",2132
Act IV,Scene IV,Mistress Page,"Potent at court: he, none but he, shall have her,",2133
Act IV,Scene IV,Mistress Page,Though twenty thousand worthier come to crave her.,2134
Act IV,Scene IV,[stage direction],Exit,NA
Act IV,Scene V,[stage direction],Enter Host and SIMPLE,NA
Act IV,Scene V,Host,"What wouldst thou have, boor? what: thick-skin?",2135
Act IV,Scene V,Host,"speak, breathe, discuss; brief, short, quick, snap.",2136
Act IV,Scene V,Simple,"Marry, sir, I come to speak with Sir John Falstaff",2137
Act IV,Scene V,Simple,from Master Slender.,2138
Act IV,Scene V,Host,"There's his chamber, his house, his castle, his",2139
Act IV,Scene V,Host,standing-bed and truckle-bed; 'tis painted about,2140
Act IV,Scene V,Host,"with the story of the Prodigal, fresh and new. Go",2141
Act IV,Scene V,Host,knock and call; hell speak like an Anthropophaginian,2142
Act IV,Scene V,Host,"unto thee: knock, I say.",2143
Act IV,Scene V,Simple,"There's an old woman, a fat woman, gone up into his",2144
Act IV,Scene V,Simple,"chamber: I'll be so bold as stay, sir, till she come",2145
Act IV,Scene V,Simple,"down; I come to speak with her, indeed.",2146
Act IV,Scene V,Host,Ha! a fat woman! the knight may be robbed: I'll,2147
Act IV,Scene V,Host,call. Bully knight! bully Sir John! speak from,2148
Act IV,Scene V,Host,thy lungs military: art thou there? it is thine,2149
Act IV,Scene V,Host,"host, thine Ephesian, calls.",2150
Act IV,Scene V,Falstaff,"[Above]  How now, mine host!",2151
Act IV,Scene V,Host,Here's a Bohemian-Tartar tarries the coming down of,2152
Act IV,Scene V,Host,"thy fat woman. Let her descend, bully, let her",2153
Act IV,Scene V,Host,descend; my chambers are honourable: fie! privacy?,2154
Act IV,Scene V,Host,fie!,2155
Act IV,Scene V,[stage direction],Enter FALSTAFF,NA
Act IV,Scene V,Falstaff,"There was, mine host, an old fat woman even now with",2156
Act IV,Scene V,Falstaff,me;  but she's gone.,2157
Act IV,Scene V,Simple,"Pray you, sir, was't not the wise woman of",2158
Act IV,Scene V,Simple,Brentford?,2159
Act IV,Scene V,Falstaff,"Ay, marry, was it, mussel-shell: what would you with her?",2160
Act IV,Scene V,Simple,"My master, sir, Master Slender, sent to her, seeing",2161
Act IV,Scene V,Simple,"her go through the streets, to know, sir, whether",2162
Act IV,Scene V,Simple,"one Nym, sir, that beguiled him of a chain, had the",2163
Act IV,Scene V,Simple,chain or no.,2164
Act IV,Scene V,Falstaff,I spake with the old woman about it.,2165
Act IV,Scene V,Simple,"And what says she, I pray, sir?",2166
Act IV,Scene V,Falstaff,"Marry, she says that the very same man that",2167
Act IV,Scene V,Falstaff,beguiled Master Slender of his chain cozened him of,2168
Act IV,Scene V,Falstaff,it.,2169
Act IV,Scene V,Simple,I would I could have spoken with the woman herself;,2170
Act IV,Scene V,Simple,I had other things to have spoken with her too from,2171
Act IV,Scene V,Simple,him.,2172
Act IV,Scene V,Falstaff,What are they? let us know.,2173
Act IV,Scene V,Host,"Ay, come; quick.",2174
Act IV,Scene V,Simple,"I may not conceal them, sir.",2175
Act IV,Scene V,Host,"Conceal them, or thou diest.",2176
Act IV,Scene V,Simple,"Why, sir, they were nothing but about Mistress Anne",2177
Act IV,Scene V,Simple,Page; to know if it were my master's fortune to,2178
Act IV,Scene V,Simple,have her or no.,2179
Act IV,Scene V,Falstaff,"'Tis, 'tis his fortune.",2180
Act IV,Scene V,Simple,"What, sir?",2181
Act IV,Scene V,Falstaff,"To have her, or no. Go; say the woman told me so.",2182
Act IV,Scene V,Simple,"May I be bold to say so, sir?",2183
Act IV,Scene V,Falstaff,"Ay, sir; like who more bold.",2184
Act IV,Scene V,Simple,I thank your worship: I shall make my master glad,2185
Act IV,Scene V,Simple,with these tidings.,2186
Act IV,Scene V,[stage direction],Exit,NA
Act IV,Scene V,Host,"Thou art clerkly, thou art clerkly, Sir John. Was",2187
Act IV,Scene V,Host,there a wise woman with thee?,2188
Act IV,Scene V,Falstaff,"Ay, that there was, mine host; one that hath taught",2189
Act IV,Scene V,Falstaff,me more wit than ever I learned before in my life;,2190
Act IV,Scene V,Falstaff,"and I paid nothing for it neither, but was paid for",2191
Act IV,Scene V,Falstaff,my learning.,2192
Act IV,Scene V,[stage direction],Enter BARDOLPH,NA
Act IV,Scene V,Bardolph,"Out, alas, sir! cozenage, mere cozenage!",2193
Act IV,Scene V,Host,"Where be my horses? speak well of them, varletto.",2194
Act IV,Scene V,Bardolph,Run away with the cozeners; for so soon as I came,2195
Act IV,Scene V,Bardolph,"beyond Eton, they threw me off from behind one of",2196
Act IV,Scene V,Bardolph,"them, in a slough of mire; and set spurs and away,",2197
Act IV,Scene V,Bardolph,"like three German devils, three Doctor Faustuses.",2198
Act IV,Scene V,Host,"They are gone but to meet the duke, villain: do not",2199
Act IV,Scene V,Host,say they be fled; Germans are honest men.,2200
Act IV,Scene V,[stage direction],Enter SIR HUGH EVANS,NA
Act IV,Scene V,Sir Hugh Evans,Where is mine host?,2201
Act IV,Scene V,Host,"What is the matter, sir?",2202
Act IV,Scene V,Sir Hugh Evans,Have a care of your entertainments: there is a,2203
Act IV,Scene V,Sir Hugh Evans,friend of mine come to town tells me there is three,2204
Act IV,Scene V,Sir Hugh Evans,cozen-germans that has cozened all the hosts of,2205
Act IV,Scene V,Sir Hugh Evans,"Readins, of Maidenhead, of Colebrook, of horses and",2206
Act IV,Scene V,Sir Hugh Evans,"money. I tell you for good will, look you: you",2207
Act IV,Scene V,Sir Hugh Evans,"are wise and full of gibes and vlouting-stocks, and",2208
Act IV,Scene V,Sir Hugh Evans,'tis not convenient you should be cozened. Fare you well.,2209
Act IV,Scene V,[stage direction],Exit,NA
Act IV,Scene V,[stage direction],Enter DOCTOR CAIUS,NA
Act IV,Scene V,Doctor Caius,Vere is mine host de Jarteer?,2210
Act IV,Scene V,Host,"Here, master doctor, in perplexity and doubtful dilemma.",2211
Act IV,Scene V,Doctor Caius,I cannot tell vat is dat: but it is tell-a me dat,2212
Act IV,Scene V,Doctor Caius,you make grand preparation for a duke de Jamany: by,2213
Act IV,Scene V,Doctor Caius,"my trot, dere is no duke dat the court is know to",2214
Act IV,Scene V,Doctor Caius,come. I tell you for good vill: adieu.,2215
Act IV,Scene V,[stage direction],Exit,NA
Act IV,Scene V,Host,"Hue and cry, villain, go! Assist me, knight. I am",2216
Act IV,Scene V,Host,"undone! Fly, run, hue and cry, villain! I am undone!",2217
Act IV,Scene V,[stage direction],Exeunt Host and BARDOLPH,NA
Act IV,Scene V,Falstaff,I would all the world might be cozened; for I have,2218
Act IV,Scene V,Falstaff,been cozened and beaten too. If it should come to,2219
Act IV,Scene V,Falstaff,"the ear of the court, how I have been transformed",2220
Act IV,Scene V,Falstaff,and how my transformation hath been washed and,2221
Act IV,Scene V,Falstaff,"cudgelled, they would melt me out of my fat drop by",2222
Act IV,Scene V,Falstaff,drop and liquor fishermen's boots with me; I warrant,2223
Act IV,Scene V,Falstaff,they would whip me with their fine wits till I were,2224
Act IV,Scene V,Falstaff,as crest-fallen as a dried pear. I never prospered,2225
Act IV,Scene V,Falstaff,"since I forswore myself at primero. Well, if my",2226
Act IV,Scene V,Falstaff,"wind were but long enough to say my prayers, I would repent.",2227
Act IV,Scene V,[stage direction],Enter MISTRESS QUICKLY,NA
Act IV,Scene V,Falstaff,"Now, whence come you?",2228
Act IV,Scene V,Mistress Quickly,"From the two parties, forsooth.",2229
Act IV,Scene V,Falstaff,The devil take one party and his dam the other! and,2230
Act IV,Scene V,Falstaff,so they shall be both bestowed. I have suffered more,2231
Act IV,Scene V,Falstaff,"for their sakes, more than the villanous inconstancy",2232
Act IV,Scene V,Falstaff,of man's disposition is able to bear.,2233
Act IV,Scene V,Mistress Quickly,"And have not they suffered? Yes, I warrant;",2234
Act IV,Scene V,Mistress Quickly,"speciously one of them; Mistress Ford, good heart,",2235
Act IV,Scene V,Mistress Quickly,"is beaten black and blue, that you cannot see a",2236
Act IV,Scene V,Mistress Quickly,white spot about her.,2237
Act IV,Scene V,Falstaff,What tellest thou me of black and blue? I was,2238
Act IV,Scene V,Falstaff,beaten myself into all the colours of the rainbow;,2239
Act IV,Scene V,Falstaff,and I was like to be apprehended for the witch of,2240
Act IV,Scene V,Falstaff,"Brentford: but that my admirable dexterity of wit,",2241
Act IV,Scene V,Falstaff,"my counterfeiting the action of an old woman,",2242
Act IV,Scene V,Falstaff,"delivered me, the knave constable had set me i' the",2243
Act IV,Scene V,Falstaff,"stocks, i' the common stocks, for a witch.",2244
Act IV,Scene V,Mistress Quickly,"Sir, let me speak with you in your chamber: you",2245
Act IV,Scene V,Mistress Quickly,"shall hear how things go; and, I warrant, to your",2246
Act IV,Scene V,Mistress Quickly,content. Here is a letter will say somewhat. Good,2247
Act IV,Scene V,Mistress Quickly,"hearts, what ado here is to bring you together!",2248
Act IV,Scene V,Mistress Quickly,"Sure, one of you does not serve heaven well, that",2249
Act IV,Scene V,Mistress Quickly,you are so crossed.,2250
Act IV,Scene V,Falstaff,Come up into my chamber.,2251
Act IV,Scene V,[stage direction],Exeunt,NA
Act IV,Scene VI,[stage direction],Enter FENTON and Host,NA
Act IV,Scene VI,Host,"Master Fenton, talk not to me; my mind is heavy: I",2252
Act IV,Scene VI,Host,will give over all.,2253
Act IV,Scene VI,Fenton,"Yet hear me speak. Assist me in my purpose,",2254
Act IV,Scene VI,Fenton,"And, as I am a gentleman, I'll give thee",2255
Act IV,Scene VI,Fenton,A hundred pound in gold more than your loss.,2256
Act IV,Scene VI,Host,"I will hear you, Master Fenton; and I will at the",2257
Act IV,Scene VI,Host,least keep your counsel.,2258
Act IV,Scene VI,Fenton,From time to time I have acquainted you,2259
Act IV,Scene VI,Fenton,With the dear love I bear to fair Anne Page;,2260
Act IV,Scene VI,Fenton,"Who mutually hath answer'd my affection,",2261
Act IV,Scene VI,Fenton,"So far forth as herself might be her chooser,",2262
Act IV,Scene VI,Fenton,Even to my wish: I have a letter from her,2263
Act IV,Scene VI,Fenton,Of such contents as you will wonder at;,2264
Act IV,Scene VI,Fenton,"The mirth whereof so larded with my matter,",2265
Act IV,Scene VI,Fenton,"That neither singly can be manifested,",2266
Act IV,Scene VI,Fenton,Without the show of both; fat Falstaff,2267
Act IV,Scene VI,Fenton,Hath a great scene: the image of the jest,2268
Act IV,Scene VI,Fenton,"I'll show you here at large. Hark, good mine host.",2269
Act IV,Scene VI,Fenton,"To-night at Herne's oak, just 'twixt twelve and one,",2270
Act IV,Scene VI,Fenton,Must my sweet Nan present the Fairy Queen;,2271
Act IV,Scene VI,Fenton,"The purpose why, is here: in which disguise,",2272
Act IV,Scene VI,Fenton,"While other jests are something rank on foot,",2273
Act IV,Scene VI,Fenton,Her father hath commanded her to slip,2274
Act IV,Scene VI,Fenton,Away with Slender and with him at Eton,2275
Act IV,Scene VI,Fenton,"Immediately to marry: she hath consented: Now, sir,",2276
Act IV,Scene VI,Fenton,"Her mother, ever strong against that match",2277
Act IV,Scene VI,Fenton,"And firm for Doctor Caius, hath appointed",2278
Act IV,Scene VI,Fenton,"That he shall likewise shuffle her away,",2279
Act IV,Scene VI,Fenton,"While other sports are tasking of their minds,",2280
Act IV,Scene VI,Fenton,"And at the deanery, where a priest attends,",2281
Act IV,Scene VI,Fenton,Straight marry her: to this her mother's plot,2282
Act IV,Scene VI,Fenton,She seemingly obedient likewise hath,2283
Act IV,Scene VI,Fenton,"Made promise to the doctor. Now, thus it rests:",2284
Act IV,Scene VI,Fenton,"Her father means she shall be all in white,",2285
Act IV,Scene VI,Fenton,"And in that habit, when Slender sees his time",2286
Act IV,Scene VI,Fenton,"To take her by the hand and bid her go,",2287
Act IV,Scene VI,Fenton,"She shall go with him: her mother hath intended,",2288
Act IV,Scene VI,Fenton,"The better to denote her to the doctor,",2289
Act IV,Scene VI,Fenton,"For they must all be mask'd and vizarded,",2290
Act IV,Scene VI,Fenton,"That quaint in green she shall be loose enrobed,",2291
Act IV,Scene VI,Fenton,"With ribands pendent, flaring 'bout her head;",2292
Act IV,Scene VI,Fenton,"And when the doctor spies his vantage ripe,",2293
Act IV,Scene VI,Fenton,"To pinch her by the hand, and, on that token,",2294
Act IV,Scene VI,Fenton,The maid hath given consent to go with him.,2295
Act IV,Scene VI,Host,"Which means she to deceive, father or mother?",2296
Act IV,Scene VI,Fenton,"Both, my good host, to go along with me:",2297
Act IV,Scene VI,Fenton,"And here it rests, that you'll procure the vicar",2298
Act IV,Scene VI,Fenton,"To stay for me at church 'twixt twelve and one,",2299
Act IV,Scene VI,Fenton,"And, in the lawful name of marrying,",2300
Act IV,Scene VI,Fenton,To give our hearts united ceremony.,2301
Act IV,Scene VI,Host,"Well, husband your device; I'll to the vicar:",2302
Act IV,Scene VI,Host,"Bring you the maid, you shall not lack a priest.",2303
Act IV,Scene VI,Fenton,So shall I evermore be bound to thee;,2304
Act IV,Scene VI,Fenton,"Besides, I'll make a present recompense.",2305
Act IV,Scene VI,[stage direction],Exeunt,NA
Act V,Scene I,[stage direction],Enter FALSTAFF and MISTRESS QUICKLY,NA
Act V,Scene I,Falstaff,"Prithee, no more prattling; go. I'll hold. This is",2306
Act V,Scene I,Falstaff,the third time; I hope good luck lies in odd,2307
Act V,Scene I,Falstaff,numbers. Away I go. They say there is divinity in,2308
Act V,Scene I,Falstaff,"odd numbers, either in nativity, chance, or death. Away!",2309
Act V,Scene I,Mistress Quickly,I'll provide you a chain; and I'll do what I can to,2310
Act V,Scene I,Mistress Quickly,get you a pair of horns.,2311
Act V,Scene I,Falstaff,"Away, I say; time wears: hold up your head, and mince.",2312
Act V,Scene I,[stage direction],Exit MISTRESS QUICKLY,NA
Act V,Scene I,[stage direction],Enter FORD,NA
Act V,Scene I,Falstaff,"How now, Master Brook! Master Brook, the matter",2313
Act V,Scene I,Falstaff,"will be known to-night, or never. Be you in the",2314
Act V,Scene I,Falstaff,"Park about midnight, at Herne's oak, and you shall",2315
Act V,Scene I,Falstaff,see wonders.,2316
Act V,Scene I,Ford,"Went you not to her yesterday, sir, as you told me",2317
Act V,Scene I,Ford,you had appointed?,2318
Act V,Scene I,Falstaff,"I went to her, Master Brook, as you see, like a poor",2319
Act V,Scene I,Falstaff,"old man: but I came from her, Master Brook, like a",2320
Act V,Scene I,Falstaff,"poor old woman. That same knave Ford, her husband,",2321
Act V,Scene I,Falstaff,"hath the finest mad devil of jealousy in him,",2322
Act V,Scene I,Falstaff,"Master Brook, that ever governed frenzy. I will tell",2323
Act V,Scene I,Falstaff,"you: he beat me grievously, in the shape of a",2324
Act V,Scene I,Falstaff,"woman; for in the shape of man, Master Brook, I fear",2325
Act V,Scene I,Falstaff,not Goliath with a weaver's beam; because I know,2326
Act V,Scene I,Falstaff,also life is a shuttle. I am in haste; go along,2327
Act V,Scene I,Falstaff,"with me: I'll tell you all, Master Brook. Since I",2328
Act V,Scene I,Falstaff,"plucked geese, played truant and whipped top, I knew",2329
Act V,Scene I,Falstaff,not what 'twas to be beaten till lately. Follow,2330
Act V,Scene I,Falstaff,me: I'll tell you strange things of this knave,2331
Act V,Scene I,Falstaff,"Ford, on whom to-night I will be revenged, and I",2332
Act V,Scene I,Falstaff,will deliver his wife into your hand. Follow.,2333
Act V,Scene I,Falstaff,"Strange things in hand, Master Brook! Follow.",2334
Act V,Scene I,[stage direction],Exeunt,NA
Act V,Scene II,[stage direction],"Enter PAGE, SHALLOW, and SLENDER",NA
Act V,Scene II,Page,"Come, come; we'll couch i' the castle-ditch till we",2335
Act V,Scene II,Page,"see the light of our fairies. Remember, son Slender,",2336
Act V,Scene II,Page,my daughter.,2337
Act V,Scene II,Slender,"Ay, forsooth; I have spoke with her and we have a",2338
Act V,Scene II,Slender,nay-word how to know one another: I come to her in,2339
Act V,Scene II,Slender,"white, and cry 'mum;' she cries 'budget;' and by",2340
Act V,Scene II,Slender,that we know one another.,2341
Act V,Scene II,Shallow,That's good too: but what needs either your 'mum',2342
Act V,Scene II,Shallow,or her 'budget?' the white will decipher her well,2343
Act V,Scene II,Shallow,enough. It hath struck ten o'clock.,2344
Act V,Scene II,Page,The night is dark; light and spirits will become it,2345
Act V,Scene II,Page,well. Heaven prosper our sport! No man means evil,2346
Act V,Scene II,Page,"but the devil, and we shall know him by his horns.",2347
Act V,Scene II,Page,Let's away; follow me.,2348
Act V,Scene II,[stage direction],Exeunt,NA
Act V,Scene III,[stage direction],"Enter MISTRESS PAGE, MISTRESS FORD, and DOCTOR CAIUS",NA
Act V,Scene III,Mistress Page,"Master doctor, my daughter is in green: when you",2349
Act V,Scene III,Mistress Page,"see your time, take her by the band, away with her",2350
Act V,Scene III,Mistress Page,"to the deanery, and dispatch it quickly. Go before",2351
Act V,Scene III,Mistress Page,into the Park: we two must go together.,2352
Act V,Scene III,Doctor Caius,I know vat I have to do. Adieu.,2353
Act V,Scene III,Mistress Page,"Fare you well, sir.",2354
Act V,Scene III,[stage direction],Exit DOCTOR CAIUS,NA
Act V,Scene III,Mistress Page,My husband will not rejoice so much at the abuse of,2355
Act V,Scene III,Mistress Page,Falstaff as he will chafe at the doctor's marrying,2356
Act V,Scene III,Mistress Page,my daughter: but 'tis no matter; better a little,2357
Act V,Scene III,Mistress Page,chiding than a great deal of heart-break.,2358
Act V,Scene III,Mistress Ford,"Where is Nan now and her troop of fairies, and the",2359
Act V,Scene III,Mistress Ford,Welsh devil Hugh?,2360
Act V,Scene III,Mistress Page,"They are all couched in a pit hard by Herne's oak,",2361
Act V,Scene III,Mistress Page,"with obscured lights; which, at the very instant of",2362
Act V,Scene III,Mistress Page,"Falstaff's and our meeting, they will at once",2363
Act V,Scene III,Mistress Page,display to the night.,2364
Act V,Scene III,Mistress Ford,That cannot choose but amaze him.,2365
Act V,Scene III,Mistress Page,"If he be not amazed, he will be mocked; if he be",2366
Act V,Scene III,Mistress Page,"amazed, he will every way be mocked.",2367
Act V,Scene III,Mistress Ford,We'll betray him finely.,2368
Act V,Scene III,Mistress Page,Against such lewdsters and their lechery,2369
Act V,Scene III,Mistress Page,Those that betray them do no treachery.,2370
Act V,Scene III,Mistress Ford,"The hour draws on. To the oak, to the oak!",2371
Act V,Scene III,[stage direction],Exeunt,NA
Act V,Scene IV,[stage direction],"Enter SIR HUGH EVANS, disguised, with others as Fairies",NA
Act V,Scene IV,Sir Hugh Evans,"Trib, trib, fairies; come; and remember your parts:",2372
Act V,Scene IV,Sir Hugh Evans,"be pold, I pray you; follow me into the pit; and",2373
Act V,Scene IV,Sir Hugh Evans,"when I give the watch-'ords, do as I pid you:",2374
Act V,Scene IV,Sir Hugh Evans,"come, come; trib, trib.",2375
Act V,Scene IV,[stage direction],Exeunt,NA
Act V,Scene V,[stage direction],Enter FALSTAFF disguised as Herne,NA
Act V,Scene V,Falstaff,The Windsor bell hath struck twelve; the minute,2376
Act V,Scene V,Falstaff,"draws on. Now, the hot-blooded gods assist me!",2377
Act V,Scene V,Falstaff,"Remember, Jove, thou wast a bull for thy Europa; love",2378
Act V,Scene V,Falstaff,"set on thy horns. O powerful love! that, in some",2379
Act V,Scene V,Falstaff,"respects, makes a beast a man, in some other, a man",2380
Act V,Scene V,Falstaff,"a beast. You were also, Jupiter, a swan for the love",2381
Act V,Scene V,Falstaff,of Leda. O omnipotent Love! how near the god drew,2382
Act V,Scene V,Falstaff,to the complexion of a goose! A fault done first in,2383
Act V,Scene V,Falstaff,"the form of a beast. O Jove, a beastly fault! And",2384
Act V,Scene V,Falstaff,then another fault in the semblance of a fowl; think,2385
Act V,Scene V,Falstaff,"on 't, Jove; a foul fault! When gods have hot",2386
Act V,Scene V,Falstaff,"backs, what shall poor men do? For me, I am here a",2387
Act V,Scene V,Falstaff,"Windsor stag; and the fattest, I think, i' the",2388
Act V,Scene V,Falstaff,"forest. Send me a cool rut-time, Jove, or who can",2389
Act V,Scene V,Falstaff,blame me to piss my tallow? Who comes here? my,2390
Act V,Scene V,Falstaff,doe?,2391
Act V,Scene V,[stage direction],Enter MISTRESS FORD and MISTRESS PAGE,NA
Act V,Scene V,Mistress Ford,"Sir John! art thou there, my deer? my male deer?",2392
Act V,Scene V,Falstaff,My doe with the black scut! Let the sky rain,2393
Act V,Scene V,Falstaff,potatoes; let it thunder to the tune of Green,2394
Act V,Scene V,Falstaff,"Sleeves, hail kissing-comfits and snow eringoes; let",2395
Act V,Scene V,Falstaff,"there come a tempest of provocation, I will shelter me here.",2396
Act V,Scene V,Mistress Ford,"Mistress Page is come with me, sweetheart.",2397
Act V,Scene V,Falstaff,"Divide me like a bribe buck, each a haunch: I will",2398
Act V,Scene V,Falstaff,"keep my sides to myself, my shoulders for the fellow",2399
Act V,Scene V,Falstaff,"of this walk, and my horns I bequeath your husbands.",2400
Act V,Scene V,Falstaff,"Am I a woodman, ha? Speak I like Herne the hunter?",2401
Act V,Scene V,Falstaff,"Why, now is Cupid a child of conscience; he makes",2402
Act V,Scene V,Falstaff,"restitution. As I am a true spirit, welcome!",2403
Act V,Scene V,[stage direction],Noise within,NA
Act V,Scene V,Mistress Page,"Alas, what noise?",2404
Act V,Scene V,Mistress Ford,Heaven forgive our sins,2405
Act V,Scene V,Falstaff,What should this be?,2406
Act V,Scene V,Mistress Page,"Away, away!",2407
Act V,Scene V,[stage direction],They run off,NA
Act V,Scene V,Falstaff,"I think the devil will not have me damned, lest the",2408
Act V,Scene V,Falstaff,oil that's in me should set hell on fire; he would,2409
Act V,Scene V,Falstaff,never else cross me thus.,2410
Act V,Scene V,[stage direction],"Enter SIR HUGH EVANS, disguised as before; PISTOL,  as Hobgoblin; MISTRESS QUICKLY, ANNE PAGE, and others, as Fairies, with tapers",NA
Act V,Scene V,Mistress Quickly,"Fairies, black, grey, green, and white,",2411
Act V,Scene V,Mistress Quickly,"You moonshine revellers and shades of night,",2412
Act V,Scene V,Mistress Quickly,"You orphan heirs of fixed destiny,",2413
Act V,Scene V,Mistress Quickly,Attend your office and your quality.,2414
Act V,Scene V,Mistress Quickly,"Crier Hobgoblin, make the fairy oyes.",2415
Act V,Scene V,Pistol,"Elves, list your names; silence, you airy toys.",2416
Act V,Scene V,Pistol,"Cricket, to Windsor chimneys shalt thou leap:",2417
Act V,Scene V,Pistol,"Where fires thou find'st unraked and hearths unswept,",2418
Act V,Scene V,Pistol,There pinch the maids as blue as bilberry:,2419
Act V,Scene V,Pistol,Our radiant queen hates sluts and sluttery.,2420
Act V,Scene V,Falstaff,They are fairies; he that speaks to them shall die:,2421
Act V,Scene V,Falstaff,I'll wink and couch: no man their works must eye.,2422
Act V,Scene V,[stage direction],Lies down upon his face,NA
Act V,Scene V,Sir Hugh Evans,"Where's Bede? Go you, and where you find a maid",2423
Act V,Scene V,Sir Hugh Evans,"That, ere she sleep, has thrice her prayers said,",2424
Act V,Scene V,Sir Hugh Evans,Raise up the organs of her fantasy;,2425
Act V,Scene V,Sir Hugh Evans,Sleep she as sound as careless infancy:,2426
Act V,Scene V,Sir Hugh Evans,"But those as sleep and think not on their sins,",2427
Act V,Scene V,Sir Hugh Evans,"Pinch them, arms, legs, backs, shoulders, sides and shins.",2428
Act V,Scene V,Mistress Quickly,"About, about;",2429
Act V,Scene V,Mistress Quickly,"Search Windsor Castle, elves, within and out:",2430
Act V,Scene V,Mistress Quickly,"Strew good luck, ouphes, on every sacred room:",2431
Act V,Scene V,Mistress Quickly,"That it may stand till the perpetual doom,",2432
Act V,Scene V,Mistress Quickly,"In state as wholesome as in state 'tis fit,",2433
Act V,Scene V,Mistress Quickly,"Worthy the owner, and the owner it.",2434
Act V,Scene V,Mistress Quickly,The several chairs of order look you scour,2435
Act V,Scene V,Mistress Quickly,With juice of balm and every precious flower:,2436
Act V,Scene V,Mistress Quickly,"Each fair instalment, coat, and several crest,",2437
Act V,Scene V,Mistress Quickly,"With loyal blazon, evermore be blest!",2438
Act V,Scene V,Mistress Quickly,"And nightly, meadow-fairies, look you sing,",2439
Act V,Scene V,Mistress Quickly,"Like to the Garter's compass, in a ring:",2440
Act V,Scene V,Mistress Quickly,"The expressure that it bears, green let it be,",2441
Act V,Scene V,Mistress Quickly,More fertile-fresh than all the field to see;,2442
Act V,Scene V,Mistress Quickly,And 'Honi soit qui mal y pense' write,2443
Act V,Scene V,Mistress Quickly,"In emerald tufts, flowers purple, blue and white;",2444
Act V,Scene V,Mistress Quickly,"Let sapphire, pearl and rich embroidery,",2445
Act V,Scene V,Mistress Quickly,Buckled below fair knighthood's bending knee:,2446
Act V,Scene V,Mistress Quickly,Fairies use flowers for their charactery.,2447
Act V,Scene V,Mistress Quickly,"Away; disperse: but till 'tis one o'clock,",2448
Act V,Scene V,Mistress Quickly,Our dance of custom round about the oak,2449
Act V,Scene V,Mistress Quickly,"Of Herne the hunter, let us not forget.",2450
Act V,Scene V,Sir Hugh Evans,"Pray you, lock hand in hand; yourselves in order set",2451
Act V,Scene V,Sir Hugh Evans,"And twenty glow-worms shall our lanterns be,",2452
Act V,Scene V,Sir Hugh Evans,To guide our measure round about the tree.,2453
Act V,Scene V,Sir Hugh Evans,"But, stay; I smell a man of middle-earth.",2454
Act V,Scene V,Falstaff,"Heavens defend me from that Welsh fairy, lest he",2455
Act V,Scene V,Falstaff,transform me to a piece of cheese!,2456
Act V,Scene V,Pistol,"Vile worm, thou wast o'erlook'd even in thy birth.",2457
Act V,Scene V,Mistress Quickly,With trial-fire touch me his finger-end:,2458
Act V,Scene V,Mistress Quickly,"If he be chaste, the flame will back descend",2459
Act V,Scene V,Mistress Quickly,"And turn him to no pain; but if he start,",2460
Act V,Scene V,Mistress Quickly,It is the flesh of a corrupted heart.,2461
Act V,Scene V,Pistol,"A trial, come.",2462
Act V,Scene V,Sir Hugh Evans,"Come, will this wood take fire?",2463
Act V,Scene V,[stage direction],They burn him with their tapers,NA
Act V,Scene V,Falstaff,"Oh, Oh, Oh!",2464
Act V,Scene V,Mistress Quickly,"Corrupt, corrupt, and tainted in desire!",2465
Act V,Scene V,Mistress Quickly,"About him, fairies; sing a scornful rhyme;",2466
Act V,Scene V,Mistress Quickly,"And, as you trip, still pinch him to your time.",2467
Act V,Scene V,Mistress Quickly,SONG.,2468
Act V,Scene V,Mistress Quickly,Fie on sinful fantasy!,2469
Act V,Scene V,Mistress Quickly,Fie on lust and luxury!,2470
Act V,Scene V,Mistress Quickly,"Lust is but a bloody fire,",2471
Act V,Scene V,Mistress Quickly,"Kindled with unchaste desire,",2472
Act V,Scene V,Mistress Quickly,"Fed in heart, whose flames aspire",2473
Act V,Scene V,Mistress Quickly,"As thoughts do blow them, higher and higher.",2474
Act V,Scene V,Mistress Quickly,"Pinch him, fairies, mutually;",2475
Act V,Scene V,Mistress Quickly,Pinch him for his villany;,2476
Act V,Scene V,Mistress Quickly,"Pinch him, and burn him, and turn him about,",2477
Act V,Scene V,Mistress Quickly,Till candles and starlight and moonshine be out.,2478
Act V,Scene V,[stage direction],"During this song they pinch FALSTAFF. DOCTOR CAIUS  comes one way, and steals away a boy in green;  SLENDER another way, and takes off a boy in white;  and FENTON comes and steals away ANN PAGE.  A noise of hunting is heard within. All the  Fairies run away. FALSTAFF pulls off his buck's head, and rises",NA
Act V,Scene V,[stage direction],"Enter PAGE, FORD, MISTRESS PAGE, and MISTRESS FORD",NA
Act V,Scene V,Page,"Nay, do not fly; I think we have watch'd you now",2479
Act V,Scene V,Page,Will none but Herne the hunter serve your turn?,2480
Act V,Scene V,Mistress Page,"I pray you, come, hold up the jest no higher",2481
Act V,Scene V,Mistress Page,"Now, good Sir John, how like you Windsor wives?",2482
Act V,Scene V,Mistress Page,"See you these, husband? do not these fair yokes",2483
Act V,Scene V,Mistress Page,Become the forest better than the town?,2484
Act V,Scene V,Ford,"Now, sir, who's a cuckold now? Master Brook,",2485
Act V,Scene V,Ford,"Falstaff's a knave, a cuckoldly knave; here are his",2486
Act V,Scene V,Ford,"horns, Master Brook: and, Master Brook, he hath",2487
Act V,Scene V,Ford,"enjoyed nothing of Ford's but his buck-basket, his",2488
Act V,Scene V,Ford,"cudgel, and twenty pounds of money, which must be",2489
Act V,Scene V,Ford,paid to Master Brook; his horses are arrested for,2490
Act V,Scene V,Ford,"it, Master Brook.",2491
Act V,Scene V,Mistress Ford,"Sir John, we have had ill luck; we could never meet.",2492
Act V,Scene V,Mistress Ford,I will never take you for my love again; but I will,2493
Act V,Scene V,Mistress Ford,always count you my deer.,2494
Act V,Scene V,Falstaff,I do begin to perceive that I am made an ass.,2495
Act V,Scene V,Ford,"Ay, and an ox too: both the proofs are extant.",2496
Act V,Scene V,Falstaff,And these are not fairies? I was three or four,2497
Act V,Scene V,Falstaff,times in the thought they were not fairies: and yet,2498
Act V,Scene V,Falstaff,"the guiltiness of my mind, the sudden surprise of my",2499
Act V,Scene V,Falstaff,"powers, drove the grossness of the foppery into a",2500
Act V,Scene V,Falstaff,"received belief, in despite of the teeth of all",2501
Act V,Scene V,Falstaff,"rhyme and reason, that they were fairies. See now",2502
Act V,Scene V,Falstaff,"how wit may be made a Jack-a-Lent, when 'tis upon",2503
Act V,Scene V,Falstaff,ill employment!,2504
Act V,Scene V,Sir Hugh Evans,"Sir John Falstaff, serve Got, and leave your",2505
Act V,Scene V,Sir Hugh Evans,"desires, and fairies will not pinse you.",2506
Act V,Scene V,Ford,"Well said, fairy Hugh.",2507
Act V,Scene V,Sir Hugh Evans,"And leave your jealousies too, I pray you.",2508
Act V,Scene V,Ford,I will never mistrust my wife again till thou art,2509
Act V,Scene V,Ford,able to woo her in good English.,2510
Act V,Scene V,Falstaff,"Have I laid my brain in the sun and dried it, that",2511
Act V,Scene V,Falstaff,it wants matter to prevent so gross o'erreaching as,2512
Act V,Scene V,Falstaff,this? Am I ridden with a Welsh goat too? shall I,2513
Act V,Scene V,Falstaff,have a coxcomb of frize? 'Tis time I were choked,2514
Act V,Scene V,Falstaff,with a piece of toasted cheese.,2515
Act V,Scene V,Sir Hugh Evans,Seese is not good to give putter; your belly is all putter.,2516
Act V,Scene V,Falstaff,'Seese' and 'putter'! have I lived to stand at the,2517
Act V,Scene V,Falstaff,taunt of one that makes fritters of English? This,2518
Act V,Scene V,Falstaff,is enough to be the decay of lust and late-walking,2519
Act V,Scene V,Falstaff,through the realm.,2520
Act V,Scene V,Mistress Page,"Why Sir John, do you think, though we would have the",2521
Act V,Scene V,Mistress Page,virtue out of our hearts by the head and shoulders,2522
Act V,Scene V,Mistress Page,"and have given ourselves without scruple to hell,",2523
Act V,Scene V,Mistress Page,that ever the devil could have made you our delight?,2524
Act V,Scene V,Ford,"What, a hodge-pudding? a bag of flax?",2525
Act V,Scene V,Mistress Page,A puffed man?,2526
Act V,Scene V,Page,"Old, cold, withered and of intolerable entrails?",2527
Act V,Scene V,Ford,And one that is as slanderous as Satan?,2528
Act V,Scene V,Page,And as poor as Job?,2529
Act V,Scene V,Ford,And as wicked as his wife?,2530
Act V,Scene V,Sir Hugh Evans,"And given to fornications, and to taverns and sack",2531
Act V,Scene V,Sir Hugh Evans,"and wine and metheglins, and to drinkings and",2532
Act V,Scene V,Sir Hugh Evans,"swearings and starings, pribbles and prabbles?",2533
Act V,Scene V,Falstaff,"Well, I am your theme: you have the start of me; I",2534
Act V,Scene V,Falstaff,am dejected; I am not able to answer the Welsh,2535
Act V,Scene V,Falstaff,flannel; ignorance itself is a plummet o'er me: use,2536
Act V,Scene V,Falstaff,me as you will.,2537
Act V,Scene V,Ford,"Marry, sir, we'll bring you to Windsor, to one",2538
Act V,Scene V,Ford,"Master Brook, that you have cozened of money, to",2539
Act V,Scene V,Ford,whom you should have been a pander: over and above,2540
Act V,Scene V,Ford,"that you have suffered, I think to repay that money",2541
Act V,Scene V,Ford,will be a biting affliction.,2542
Act V,Scene V,Page,"Yet be cheerful, knight: thou shalt eat a posset",2543
Act V,Scene V,Page,to-night at my house; where I will desire thee to,2544
Act V,Scene V,Page,"laugh at my wife, that now laughs at thee: tell her",2545
Act V,Scene V,Page,Master Slender hath married her daughter.,2546
Act V,Scene V,Mistress Page,[Aside]  Doctors doubt that: if Anne Page be my,2547
Act V,Scene V,Mistress Page,"daughter, she is, by this, Doctor Caius' wife.",2548
Act V,Scene V,[stage direction],Enter SLENDER,NA
Act V,Scene V,Slender,"Whoa ho! ho, father Page!",2549
Act V,Scene V,Page,"Son, how now! how now, son! have you dispatched?",2550
Act V,Scene V,Slender,Dispatched! I'll make the best in Gloucestershire,2551
Act V,Scene V,Slender,"know on't; would I were hanged, la, else.",2552
Act V,Scene V,Page,"Of what, son?",2553
Act V,Scene V,Slender,"I came yonder at Eton to marry Mistress Anne Page,",2554
Act V,Scene V,Slender,and she's a great lubberly boy. If it had not been,2555
Act V,Scene V,Slender,"i' the church, I would have swinged him, or he",2556
Act V,Scene V,Slender,should have swinged me. If I did not think it had,2557
Act V,Scene V,Slender,"been Anne Page, would I might never stir!--and 'tis",2558
Act V,Scene V,Slender,a postmaster's boy.,2559
Act V,Scene V,Page,"Upon my life, then, you took the wrong.",2560
Act V,Scene V,Slender,"What need you tell me that? I think so, when I took",2561
Act V,Scene V,Slender,"a boy for a girl. If I had been married to him, for",2562
Act V,Scene V,Slender,"all he was in woman's apparel, I would not have had",2563
Act V,Scene V,Slender,him.,2564
Act V,Scene V,Page,"Why, this is your own folly. Did not I tell you how",2565
Act V,Scene V,Page,you should know my daughter by her garments?,2566
Act V,Scene V,Slender,"I went to her in white, and cried 'mum,' and she",2567
Act V,Scene V,Slender,"cried 'budget,' as Anne and I had appointed; and yet",2568
Act V,Scene V,Slender,"it was not Anne, but a postmaster's boy.",2569
Act V,Scene V,Mistress Page,"Good George, be not angry: I knew of your purpose;",2570
Act V,Scene V,Mistress Page,"turned my daughter into green; and, indeed, she is",2571
Act V,Scene V,Mistress Page,"now with the doctor at the deanery, and there married.",2572
Act V,Scene V,[stage direction],Enter DOCTOR CAIUS,NA
Act V,Scene V,Doctor Caius,"Vere is Mistress Page? By gar, I am cozened: I ha'",2573
Act V,Scene V,Doctor Caius,"married un garcon, a boy; un paysan, by gar, a boy;",2574
Act V,Scene V,Doctor Caius,"it is not Anne Page: by gar, I am cozened.",2575
Act V,Scene V,Mistress Page,"Why, did you take her in green?",2576
Act V,Scene V,Doctor Caius,"Ay, by gar, and 'tis a boy: by gar, I'll raise all Windsor.",2577
Act V,Scene V,[stage direction],Exit,NA
Act V,Scene V,Ford,This is strange. Who hath got the right Anne?,2578
Act V,Scene V,Page,My heart misgives me: here comes Master Fenton.,2579
Act V,Scene V,[stage direction],Enter FENTON and ANNE PAGE,NA
Act V,Scene V,Page,"How now, Master Fenton!",2580
Act V,Scene V,Anne Page,"Pardon, good father! good my mother, pardon!",2581
Act V,Scene V,Page,"Now, mistress, how chance you went not with Master Slender?",2582
Act V,Scene V,Mistress Page,"Why went you not with master doctor, maid?",2583
Act V,Scene V,Fenton,You do amaze her: hear the truth of it.,2584
Act V,Scene V,Fenton,"You would have married her most shamefully,",2585
Act V,Scene V,Fenton,Where there was no proportion held in love.,2586
Act V,Scene V,Fenton,"The truth is, she and I, long since contracted,",2587
Act V,Scene V,Fenton,Are now so sure that nothing can dissolve us.,2588
Act V,Scene V,Fenton,The offence is holy that she hath committed;,2589
Act V,Scene V,Fenton,"And this deceit loses the name of craft,",2590
Act V,Scene V,Fenton,"Of disobedience, or unduteous title,",2591
Act V,Scene V,Fenton,Since therein she doth evitate and shun,2592
Act V,Scene V,Fenton,"A thousand irreligious cursed hours,",2593
Act V,Scene V,Fenton,Which forced marriage would have brought upon her.,2594
Act V,Scene V,Ford,Stand not amazed; here is no remedy:,2595
Act V,Scene V,Ford,In love the heavens themselves do guide the state;,2596
Act V,Scene V,Ford,"Money buys lands, and wives are sold by fate.",2597
Act V,Scene V,Falstaff,"I am glad, though you have ta'en a special stand to",2598
Act V,Scene V,Falstaff,"strike at me, that your arrow hath glanced.",2599
Act V,Scene V,Page,"Well, what remedy? Fenton, heaven give thee joy!",2600
Act V,Scene V,Page,What cannot be eschew'd must be embraced.,2601
Act V,Scene V,Falstaff,"When night-dogs run, all sorts of deer are chased.",2602
Act V,Scene V,Mistress Page,"Well, I will muse no further. Master Fenton,",2603
Act V,Scene V,Mistress Page,"Heaven give you many, many merry days!",2604
Act V,Scene V,Mistress Page,"Good husband, let us every one go home,",2605
Act V,Scene V,Mistress Page,And laugh this sport o'er by a country fire;,2606
Act V,Scene V,Mistress Page,Sir John and all.,2607
Act V,Scene V,Ford,"Let it be so. Sir John,",2608
Act V,Scene V,Ford,To Master Brook you yet shall hold your word,2609
Act V,Scene V,Ford,For he tonight shall lie with Mistress Ford.,2610
Act V,Scene V,[stage direction],Exeunt,NA
