act,scene,character,dialogue,line_number
Act I,Scene I,[stage direction],"Enter LEONATO, HERO, and BEATRICE, with a Messenger",NA
Act I,Scene I,Leonato,I learn in this letter that Don Peter of Arragon,1
Act I,Scene I,Leonato,comes this night to Messina.,2
Act I,Scene I,Messenger,He is very near by this: he was not three leagues off,3
Act I,Scene I,Messenger,when I left him.,4
Act I,Scene I,Leonato,How many gentlemen have you lost in this action?,5
Act I,Scene I,Messenger,"But few of any sort, and none of name.",6
Act I,Scene I,Leonato,A victory is twice itself when the achiever brings,7
Act I,Scene I,Leonato,home full numbers. I find here that Don Peter hath,8
Act I,Scene I,Leonato,bestowed much honour on a young Florentine called Claudio.,9
Act I,Scene I,Messenger,Much deserved on his part and equally remembered by,10
Act I,Scene I,Messenger,Don Pedro: he hath borne himself beyond the,11
Act I,Scene I,Messenger,"promise of his age, doing, in the figure of a lamb,",12
Act I,Scene I,Messenger,the feats of a lion: he hath indeed better,13
Act I,Scene I,Messenger,bettered expectation than you must expect of me to,14
Act I,Scene I,Messenger,tell you how.,15
Act I,Scene I,Leonato,He hath an uncle here in Messina will be very much,16
Act I,Scene I,Leonato,glad of it.,17
Act I,Scene I,Messenger,"I have already delivered him letters, and there",18
Act I,Scene I,Messenger,appears much joy in him; even so much that joy could,19
Act I,Scene I,Messenger,not show itself modest enough without a badge of,20
Act I,Scene I,Messenger,bitterness.,21
Act I,Scene I,Leonato,Did he break out into tears?,22
Act I,Scene I,Messenger,In great measure.,23
Act I,Scene I,Leonato,A kind overflow of kindness: there are no faces,24
Act I,Scene I,Leonato,truer than those that are so washed. How much,25
Act I,Scene I,Leonato,better is it to weep at joy than to joy at weeping!,26
Act I,Scene I,Beatrice,"I pray you, is Signior Mountanto returned from the",27
Act I,Scene I,Beatrice,wars or no?,28
Act I,Scene I,Messenger,"I know none of that name, lady: there was none such",29
Act I,Scene I,Messenger,in the army of any sort.,30
Act I,Scene I,Leonato,"What is he that you ask for, niece?",31
Act I,Scene I,Hero,My cousin means Signior Benedick of Padua.,32
Act I,Scene I,Messenger,"O, he's returned; and as pleasant as ever he was.",33
Act I,Scene I,Beatrice,He set up his bills here in Messina and challenged,34
Act I,Scene I,Beatrice,"Cupid at the flight; and my uncle's fool, reading",35
Act I,Scene I,Beatrice,"the challenge, subscribed for Cupid, and challenged",36
Act I,Scene I,Beatrice,"him at the bird-bolt. I pray you, how many hath he",37
Act I,Scene I,Beatrice,killed and eaten in these wars? But how many hath,38
Act I,Scene I,Beatrice,he killed? for indeed I promised to eat all of his killing.,39
Act I,Scene I,Leonato,"Faith, niece, you tax Signior Benedick too much;",40
Act I,Scene I,Leonato,"but he'll be meet with you, I doubt it not.",41
Act I,Scene I,Messenger,"He hath done good service, lady, in these wars.",42
Act I,Scene I,Beatrice,"You had musty victual, and he hath holp to eat it:",43
Act I,Scene I,Beatrice,he is a very valiant trencherman; he hath an,44
Act I,Scene I,Beatrice,excellent stomach.,45
Act I,Scene I,Messenger,"And a good soldier too, lady.",46
Act I,Scene I,Beatrice,And a good soldier to a lady: but what is he to a lord?,47
Act I,Scene I,Messenger,"A lord to a lord, a man to a man; stuffed with all",48
Act I,Scene I,Messenger,honourable virtues.,49
Act I,Scene I,Beatrice,"It is so, indeed; he is no less than a stuffed man:",50
Act I,Scene I,Beatrice,"but for the stuffing,--well, we are all mortal.",51
Act I,Scene I,Leonato,"You must not, sir, mistake my niece. There is a",52
Act I,Scene I,Leonato,kind of merry war betwixt Signior Benedick and her:,53
Act I,Scene I,Leonato,they never meet but there's a skirmish of wit,54
Act I,Scene I,Leonato,between them.,55
Act I,Scene I,Beatrice,Alas! he gets nothing by that. In our last,56
Act I,Scene I,Beatrice,"conflict four of his five wits went halting off, and",57
Act I,Scene I,Beatrice,now is the whole man governed with one: so that if,58
Act I,Scene I,Beatrice,"he have wit enough to keep himself warm, let him",59
Act I,Scene I,Beatrice,bear it for a difference between himself and his,60
Act I,Scene I,Beatrice,"horse; for it is all the wealth that he hath left,",61
Act I,Scene I,Beatrice,to be known a reasonable creature. Who is his,62
Act I,Scene I,Beatrice,companion now? He hath every month a new sworn brother.,63
Act I,Scene I,Messenger,Is't possible?,64
Act I,Scene I,Beatrice,Very easily possible: he wears his faith but as,65
Act I,Scene I,Beatrice,the fashion of his hat; it ever changes with the,66
Act I,Scene I,Beatrice,next block.,67
Act I,Scene I,Messenger,"I see, lady, the gentleman is not in your books.",68
Act I,Scene I,Beatrice,"No; an he were, I would burn my study. But, I pray",69
Act I,Scene I,Beatrice,"you, who is his companion? Is there no young",70
Act I,Scene I,Beatrice,squarer now that will make a voyage with him to the devil?,71
Act I,Scene I,Messenger,He is most in the company of the right noble Claudio.,72
Act I,Scene I,Beatrice,"O Lord, he will hang upon him like a disease: he",73
Act I,Scene I,Beatrice,"is sooner caught than the pestilence, and the taker",74
Act I,Scene I,Beatrice,runs presently mad. God help the noble Claudio! if,75
Act I,Scene I,Beatrice,"he have caught the Benedick, it will cost him a",76
Act I,Scene I,Beatrice,thousand pound ere a' be cured.,77
Act I,Scene I,Messenger,"I will hold friends with you, lady.",78
Act I,Scene I,Beatrice,"Do, good friend.",79
Act I,Scene I,Leonato,"You will never run mad, niece.",80
Act I,Scene I,Beatrice,"No, not till a hot January.",81
Act I,Scene I,Messenger,Don Pedro is approached.,82
Act I,Scene I,[stage direction],"Enter DON PEDRO, DON JOHN, CLAUDIO, BENEDICK, and BALTHASAR",NA
Act I,Scene I,Don Pedro,"Good Signior Leonato, you are come to meet your",83
Act I,Scene I,Don Pedro,trouble: the fashion of the world is to avoid,84
Act I,Scene I,Don Pedro,"cost, and you encounter it.",85
Act I,Scene I,Leonato,Never came trouble to my house in the likeness of,86
Act I,Scene I,Leonato,"your grace: for trouble being gone, comfort should",87
Act I,Scene I,Leonato,"remain; but when you depart from me, sorrow abides",88
Act I,Scene I,Leonato,and happiness takes his leave.,89
Act I,Scene I,Don Pedro,You embrace your charge too willingly. I think this,90
Act I,Scene I,Don Pedro,is your daughter.,91
Act I,Scene I,Leonato,Her mother hath many times told me so.,92
Act I,Scene I,Benedick,"Were you in doubt, sir, that you asked her?",93
Act I,Scene I,Leonato,"Signior Benedick, no; for then were you a child.",94
Act I,Scene I,Don Pedro,"You have it full, Benedick: we may guess by this",95
Act I,Scene I,Don Pedro,"what you are, being a man. Truly, the lady fathers",96
Act I,Scene I,Don Pedro,"herself. Be happy, lady; for you are like an",97
Act I,Scene I,Don Pedro,honourable father.,98
Act I,Scene I,Benedick,"If Signior Leonato be her father, she would not",99
Act I,Scene I,Benedick,"have his head on her shoulders for all Messina, as",100
Act I,Scene I,Benedick,like him as she is.,101
Act I,Scene I,Beatrice,"I wonder that you will still be talking, Signior",102
Act I,Scene I,Beatrice,Benedick: nobody marks you.,103
Act I,Scene I,Benedick,"What, my dear Lady Disdain! are you yet living?",104
Act I,Scene I,Beatrice,Is it possible disdain should die while she hath,105
Act I,Scene I,Beatrice,such meet food to feed it as Signior Benedick?,106
Act I,Scene I,Beatrice,"Courtesy itself must convert to disdain, if you come",107
Act I,Scene I,Beatrice,in her presence.,108
Act I,Scene I,Benedick,Then is courtesy a turncoat. But it is certain I,109
Act I,Scene I,Benedick,"am loved of all ladies, only you excepted: and I",110
Act I,Scene I,Benedick,would I could find in my heart that I had not a hard,111
Act I,Scene I,Benedick,"heart; for, truly, I love none.",112
Act I,Scene I,Beatrice,A dear happiness to women: they would else have,113
Act I,Scene I,Beatrice,been troubled with a pernicious suitor. I thank God,114
Act I,Scene I,Beatrice,"and my cold blood, I am of your humour for that: I",115
Act I,Scene I,Beatrice,had rather hear my dog bark at a crow than a man,116
Act I,Scene I,Beatrice,swear he loves me.,117
Act I,Scene I,Benedick,God keep your ladyship still in that mind! so some,118
Act I,Scene I,Benedick,gentleman or other shall 'scape a predestinate,119
Act I,Scene I,Benedick,scratched face.,120
Act I,Scene I,Beatrice,"Scratching could not make it worse, an 'twere such",121
Act I,Scene I,Beatrice,a face as yours were.,122
Act I,Scene I,Benedick,"Well, you are a rare parrot-teacher.",123
Act I,Scene I,Beatrice,A bird of my tongue is better than a beast of yours.,124
Act I,Scene I,Benedick,"I would my horse had the speed of your tongue, and",125
Act I,Scene I,Benedick,"so good a continuer. But keep your way, i' God's",126
Act I,Scene I,Benedick,name; I have done.,127
Act I,Scene I,Beatrice,You always end with a jade's trick: I know you of old.,128
Act I,Scene I,Don Pedro,"That is the sum of all, Leonato. Signior Claudio",129
Act I,Scene I,Don Pedro,"and Signior Benedick, my dear friend Leonato hath",130
Act I,Scene I,Don Pedro,invited you all. I tell him we shall stay here at,131
Act I,Scene I,Don Pedro,the least a month; and he heartily prays some,132
Act I,Scene I,Don Pedro,occasion may detain us longer. I dare swear he is no,133
Act I,Scene I,Don Pedro,"hypocrite, but prays from his heart.",134
Act I,Scene I,Leonato,"If you swear, my lord, you shall not be forsworn.",135
Act I,Scene I,[stage direction],To DON JOHN,NA
Act I,Scene I,Leonato,"Let me bid you welcome, my lord: being reconciled to",136
Act I,Scene I,Leonato,"the prince your brother, I owe you all duty.",137
Act I,Scene I,Don John,"I thank you: I am not of many words, but I thank",138
Act I,Scene I,Don John,you.,139
Act I,Scene I,Leonato,Please it your grace lead on?,140
Act I,Scene I,Don Pedro,"Your hand, Leonato; we will go together.",141
Act I,Scene I,[stage direction],Exeunt all except BENEDICK and CLAUDIO,NA
Act I,Scene I,Claudio,"Benedick, didst thou note the daughter of Signior Leonato?",142
Act I,Scene I,Benedick,I noted her not; but I looked on her.,143
Act I,Scene I,Claudio,Is she not a modest young lady?,144
Act I,Scene I,Benedick,"Do you question me, as an honest man should do, for",145
Act I,Scene I,Benedick,my simple true judgment; or would you have me speak,146
Act I,Scene I,Benedick,"after my custom, as being a professed tyrant to their sex?",147
Act I,Scene I,Claudio,No; I pray thee speak in sober judgment.,148
Act I,Scene I,Benedick,"Why, i' faith, methinks she's too low for a high",149
Act I,Scene I,Benedick,"praise, too brown for a fair praise and too little",150
Act I,Scene I,Benedick,for a great praise: only this commendation I can,151
Act I,Scene I,Benedick,"afford her, that were she other than she is, she",152
Act I,Scene I,Benedick,"were unhandsome; and being no other but as she is, I",153
Act I,Scene I,Benedick,do not like her.,154
Act I,Scene I,Claudio,Thou thinkest I am in sport: I pray thee tell me,155
Act I,Scene I,Claudio,truly how thou likest her.,156
Act I,Scene I,Benedick,"Would you buy her, that you inquire after her?",157
Act I,Scene I,Claudio,Can the world buy such a jewel?,158
Act I,Scene I,Benedick,"Yea, and a case to put it into. But speak you this",159
Act I,Scene I,Benedick,"with a sad brow? or do you play the flouting Jack,",160
Act I,Scene I,Benedick,to tell us Cupid is a good hare-finder and Vulcan a,161
Act I,Scene I,Benedick,"rare carpenter? Come, in what key shall a man take",162
Act I,Scene I,Benedick,"you, to go in the song?",163
Act I,Scene I,Claudio,In mine eye she is the sweetest lady that ever I,164
Act I,Scene I,Claudio,looked on.,165
Act I,Scene I,Benedick,I can see yet without spectacles and I see no such,166
Act I,Scene I,Benedick,"matter: there's her cousin, an she were not",167
Act I,Scene I,Benedick,"possessed with a fury, exceeds her as much in beauty",168
Act I,Scene I,Benedick,as the first of May doth the last of December. But I,169
Act I,Scene I,Benedick,"hope you have no intent to turn husband, have you?",170
Act I,Scene I,Claudio,"I would scarce trust myself, though I had sworn the",171
Act I,Scene I,Claudio,"contrary, if Hero would be my wife.",172
Act I,Scene I,Benedick,"Is't come to this? In faith, hath not the world",173
Act I,Scene I,Benedick,one man but he will wear his cap with suspicion?,174
Act I,Scene I,Benedick,Shall I never see a bachelor of three-score again?,175
Act I,Scene I,Benedick,"Go to, i' faith; an thou wilt needs thrust thy neck",176
Act I,Scene I,Benedick,"into a yoke, wear the print of it and sigh away",177
Act I,Scene I,Benedick,Sundays. Look Don Pedro is returned to seek you.,178
Act I,Scene I,[stage direction],Re-enter DON PEDRO,NA
Act I,Scene I,Don Pedro,"What secret hath held you here, that you followed",179
Act I,Scene I,Don Pedro,not to Leonato's?,180
Act I,Scene I,Benedick,I would your grace would constrain me to tell.,181
Act I,Scene I,Don Pedro,I charge thee on thy allegiance.,182
Act I,Scene I,Benedick,"You hear, Count Claudio: I can be secret as a dumb",183
Act I,Scene I,Benedick,"man; I would have you think so; but, on my",184
Act I,Scene I,Benedick,"allegiance, mark you this, on my allegiance. He is",185
Act I,Scene I,Benedick,in love. With who? now that is your grace's part.,186
Act I,Scene I,Benedick,"Mark how short his answer is;--With Hero, Leonato's",187
Act I,Scene I,Benedick,short daughter.,188
Act I,Scene I,Claudio,"If this were so, so were it uttered.",189
Act I,Scene I,Benedick,"Like the old tale, my lord: 'it is not so, nor",190
Act I,Scene I,Benedick,"'twas not so, but, indeed, God forbid it should be",191
Act I,Scene I,Benedick,so.',192
Act I,Scene I,Claudio,"If my passion change not shortly, God forbid it",193
Act I,Scene I,Claudio,should be otherwise.,194
Act I,Scene I,Don Pedro,"Amen, if you love her; for the lady is very well worthy.",195
Act I,Scene I,Claudio,"You speak this to fetch me in, my lord.",196
Act I,Scene I,Don Pedro,"By my troth, I speak my thought.",197
Act I,Scene I,Claudio,"And, in faith, my lord, I spoke mine.",198
Act I,Scene I,Benedick,"And, by my two faiths and troths, my lord, I spoke mine.",199
Act I,Scene I,Claudio,"That I love her, I feel.",200
Act I,Scene I,Don Pedro,"That she is worthy, I know.",201
Act I,Scene I,Benedick,That I neither feel how she should be loved nor,202
Act I,Scene I,Benedick,"know how she should be worthy, is the opinion that",203
Act I,Scene I,Benedick,fire cannot melt out of me: I will die in it at the stake.,204
Act I,Scene I,Don Pedro,Thou wast ever an obstinate heretic in the despite,205
Act I,Scene I,Don Pedro,of beauty.,206
Act I,Scene I,Claudio,And never could maintain his part but in the force,207
Act I,Scene I,Claudio,of his will.,208
Act I,Scene I,Benedick,"That a woman conceived me, I thank her; that she",209
Act I,Scene I,Benedick,"brought me up, I likewise give her most humble",210
Act I,Scene I,Benedick,thanks: but that I will have a recheat winded in my,211
Act I,Scene I,Benedick,"forehead, or hang my bugle in an invisible baldrick,",212
Act I,Scene I,Benedick,all women shall pardon me. Because I will not do,213
Act I,Scene I,Benedick,"them the wrong to mistrust any, I will do myself the",214
Act I,Scene I,Benedick,"right to trust none; and the fine is, for the which",215
Act I,Scene I,Benedick,"I may go the finer, I will live a bachelor.",216
Act I,Scene I,Don Pedro,"I shall see thee, ere I die, look pale with love.",217
Act I,Scene I,Benedick,"With anger, with sickness, or with hunger, my lord,",218
Act I,Scene I,Benedick,not with love: prove that ever I lose more blood,219
Act I,Scene I,Benedick,"with love than I will get again with drinking, pick",220
Act I,Scene I,Benedick,out mine eyes with a ballad-maker's pen and hang me,221
Act I,Scene I,Benedick,up at the door of a brothel-house for the sign of,222
Act I,Scene I,Benedick,blind Cupid.,223
Act I,Scene I,Don Pedro,"Well, if ever thou dost fall from this faith, thou",224
Act I,Scene I,Don Pedro,wilt prove a notable argument.,225
Act I,Scene I,Benedick,"If I do, hang me in a bottle like a cat and shoot",226
Act I,Scene I,Benedick,"at me; and he that hits me, let him be clapped on",227
Act I,Scene I,Benedick,"the shoulder, and called Adam.",228
Act I,Scene I,Don Pedro,"Well, as time shall try: 'In time the savage bull",229
Act I,Scene I,Don Pedro,doth bear the yoke.',230
Act I,Scene I,Benedick,The savage bull may; but if ever the sensible,231
Act I,Scene I,Benedick,"Benedick bear it, pluck off the bull's horns and set",232
Act I,Scene I,Benedick,"them in my forehead: and let me be vilely painted,",233
Act I,Scene I,Benedick,and in such great letters as they write 'Here is,234
Act I,Scene I,Benedick,"good horse to hire,' let them signify under my sign",235
Act I,Scene I,Benedick,'Here you may see Benedick the married man.',236
Act I,Scene I,Claudio,"If this should ever happen, thou wouldst be horn-mad.",237
Act I,Scene I,Don Pedro,"Nay, if Cupid have not spent all his quiver in",238
Act I,Scene I,Don Pedro,"Venice, thou wilt quake for this shortly.",239
Act I,Scene I,Benedick,"I look for an earthquake too, then.",240
Act I,Scene I,Don Pedro,"Well, you temporize with the hours. In the",241
Act I,Scene I,Don Pedro,"meantime, good Signior Benedick, repair to",242
Act I,Scene I,Don Pedro,Leonato's: commend me to him and tell him I will,243
Act I,Scene I,Don Pedro,not fail him at supper; for indeed he hath made,244
Act I,Scene I,Don Pedro,great preparation.,245
Act I,Scene I,Benedick,I have almost matter enough in me for such an,246
Act I,Scene I,Benedick,embassage; and so I commit you--,247
Act I,Scene I,Claudio,"To the tuition of God: From my house, if I had it,--",248
Act I,Scene I,Don Pedro,"The sixth of July: Your loving friend, Benedick.",249
Act I,Scene I,Benedick,"Nay, mock not, mock not. The body of your",250
Act I,Scene I,Benedick,"discourse is sometime guarded with fragments, and",251
Act I,Scene I,Benedick,the guards are but slightly basted on neither: ere,252
Act I,Scene I,Benedick,"you flout old ends any further, examine your",253
Act I,Scene I,Benedick,conscience: and so I leave you.,254
Act I,Scene I,[stage direction],Exit,NA
Act I,Scene I,Claudio,"My liege, your highness now may do me good.",255
Act I,Scene I,Don Pedro,"My love is thine to teach: teach it but how,",256
Act I,Scene I,Don Pedro,And thou shalt see how apt it is to learn,257
Act I,Scene I,Don Pedro,Any hard lesson that may do thee good.,258
Act I,Scene I,Claudio,"Hath Leonato any son, my lord?",259
Act I,Scene I,Don Pedro,No child but Hero; she's his only heir.,260
Act I,Scene I,Don Pedro,"Dost thou affect her, Claudio?",261
Act I,Scene I,Claudio,"O, my lord,",262
Act I,Scene I,Claudio,"When you went onward on this ended action,",263
Act I,Scene I,Claudio,"I look'd upon her with a soldier's eye,",264
Act I,Scene I,Claudio,"That liked, but had a rougher task in hand",265
Act I,Scene I,Claudio,Than to drive liking to the name of love:,266
Act I,Scene I,Claudio,But now I am return'd and that war-thoughts,267
Act I,Scene I,Claudio,"Have left their places vacant, in their rooms",268
Act I,Scene I,Claudio,"Come thronging soft and delicate desires,",269
Act I,Scene I,Claudio,"All prompting me how fair young Hero is,",270
Act I,Scene I,Claudio,"Saying, I liked her ere I went to wars.",271
Act I,Scene I,Don Pedro,Thou wilt be like a lover presently,272
Act I,Scene I,Don Pedro,And tire the hearer with a book of words.,273
Act I,Scene I,Don Pedro,"If thou dost love fair Hero, cherish it,",274
Act I,Scene I,Don Pedro,"And I will break with her and with her father,",275
Act I,Scene I,Don Pedro,And thou shalt have her. Was't not to this end,276
Act I,Scene I,Don Pedro,That thou began'st to twist so fine a story?,277
Act I,Scene I,Claudio,"How sweetly you do minister to love,",278
Act I,Scene I,Claudio,That know love's grief by his complexion!,279
Act I,Scene I,Claudio,"But lest my liking might too sudden seem,",280
Act I,Scene I,Claudio,I would have salved it with a longer treatise.,281
Act I,Scene I,Don Pedro,What need the bridge much broader than the flood?,282
Act I,Scene I,Don Pedro,The fairest grant is the necessity.,283
Act I,Scene I,Don Pedro,"Look, what will serve is fit: 'tis once, thou lovest,",284
Act I,Scene I,Don Pedro,And I will fit thee with the remedy.,285
Act I,Scene I,Don Pedro,I know we shall have revelling to-night:,286
Act I,Scene I,Don Pedro,I will assume thy part in some disguise,287
Act I,Scene I,Don Pedro,"And tell fair Hero I am Claudio,",288
Act I,Scene I,Don Pedro,And in her bosom I'll unclasp my heart,289
Act I,Scene I,Don Pedro,And take her hearing prisoner with the force,290
Act I,Scene I,Don Pedro,And strong encounter of my amorous tale:,291
Act I,Scene I,Don Pedro,Then after to her father will I break;,292
Act I,Scene I,Don Pedro,"And the conclusion is, she shall be thine.",293
Act I,Scene I,Don Pedro,In practise let us put it presently.,294
Act I,Scene I,[stage direction],Exeunt,NA
Act I,Scene II,[stage direction],"Enter LEONATO and ANTONIO, meeting",NA
Act I,Scene II,Leonato,"How now, brother! Where is my cousin, your son?",295
Act I,Scene II,Leonato,hath he provided this music?,296
Act I,Scene II,Antonio,"He is very busy about it. But, brother, I can tell",297
Act I,Scene II,Antonio,you strange news that you yet dreamt not of.,298
Act I,Scene II,Leonato,Are they good?,299
Act I,Scene II,Antonio,As the event stamps them: but they have a good,300
Act I,Scene II,Antonio,cover; they show well outward. The prince and Count,301
Act I,Scene II,Antonio,"Claudio, walking in a thick-pleached alley in mine",302
Act I,Scene II,Antonio,"orchard, were thus much overheard by a man of mine:",303
Act I,Scene II,Antonio,the prince discovered to Claudio that he loved my,304
Act I,Scene II,Antonio,niece your daughter and meant to acknowledge it,305
Act I,Scene II,Antonio,this night in a dance: and if he found her,306
Act I,Scene II,Antonio,"accordant, he meant to take the present time by the",307
Act I,Scene II,Antonio,top and instantly break with you of it.,308
Act I,Scene II,Leonato,Hath the fellow any wit that told you this?,309
Act I,Scene II,Antonio,A good sharp fellow: I will send for him; and,310
Act I,Scene II,Antonio,question him yourself.,311
Act I,Scene II,Leonato,"No, no; we will hold it as a dream till it appear",312
Act I,Scene II,Leonato,"itself: but I will acquaint my daughter withal,",313
Act I,Scene II,Leonato,"that she may be the better prepared for an answer,",314
Act I,Scene II,Leonato,if peradventure this be true. Go you and tell her of it.,315
Act I,Scene II,[stage direction],Enter Attendants,NA
Act I,Scene II,Leonato,"Cousins, you know what you have to do. O, I cry you",316
Act I,Scene II,Leonato,"mercy, friend; go you with me, and I will use your",317
Act I,Scene II,Leonato,"skill. Good cousin, have a care this busy time.",318
Act I,Scene II,[stage direction],Exeunt,NA
Act I,Scene III,[stage direction],Enter DON JOHN and CONRADE,NA
Act I,Scene III,Conrade,"What the good-year, my lord! why are you thus out",319
Act I,Scene III,Conrade,of measure sad?,320
Act I,Scene III,Don John,There is no measure in the occasion that breeds;,321
Act I,Scene III,Don John,therefore the sadness is without limit.,322
Act I,Scene III,Conrade,You should hear reason.,323
Act I,Scene III,Don John,"And when I have heard it, what blessing brings it?",324
Act I,Scene III,Conrade,"If not a present remedy, at least a patient",325
Act I,Scene III,Conrade,sufferance.,326
Act I,Scene III,Don John,"I wonder that thou, being, as thou sayest thou art,",327
Act I,Scene III,Don John,"born under Saturn, goest about to apply a moral",328
Act I,Scene III,Don John,medicine to a mortifying mischief. I cannot hide,329
Act I,Scene III,Don John,what I am: I must be sad when I have cause and smile,330
Act I,Scene III,Don John,"at no man's jests, eat when I have stomach and wait",331
Act I,Scene III,Don John,"for no man's leisure, sleep when I am drowsy and",332
Act I,Scene III,Don John,"tend on no man's business, laugh when I am merry and",333
Act I,Scene III,Don John,claw no man in his humour.,334
Act I,Scene III,Conrade,"Yea, but you must not make the full show of this",335
Act I,Scene III,Conrade,till you may do it without controlment. You have of,336
Act I,Scene III,Conrade,"late stood out against your brother, and he hath",337
Act I,Scene III,Conrade,ta'en you newly into his grace; where it is,338
Act I,Scene III,Conrade,impossible you should take true root but by the,339
Act I,Scene III,Conrade,fair weather that you make yourself: it is needful,340
Act I,Scene III,Conrade,that you frame the season for your own harvest.,341
Act I,Scene III,Don John,I had rather be a canker in a hedge than a rose in,342
Act I,Scene III,Don John,"his grace, and it better fits my blood to be",343
Act I,Scene III,Don John,disdained of all than to fashion a carriage to rob,344
Act I,Scene III,Don John,"love from any: in this, though I cannot be said to",345
Act I,Scene III,Don John,"be a flattering honest man, it must not be denied",346
Act I,Scene III,Don John,but I am a plain-dealing villain. I am trusted with,347
Act I,Scene III,Don John,a muzzle and enfranchised with a clog; therefore I,348
Act I,Scene III,Don John,have decreed not to sing in my cage. If I had my,349
Act I,Scene III,Don John,"mouth, I would bite; if I had my liberty, I would do",350
Act I,Scene III,Don John,my liking: in the meantime let me be that I am and,351
Act I,Scene III,Don John,seek not to alter me.,352
Act I,Scene III,Conrade,Can you make no use of your discontent?,353
Act I,Scene III,Don John,"I make all use of it, for I use it only.",354
Act I,Scene III,Don John,Who comes here?,355
Act I,Scene III,[stage direction],Enter BORACHIO,NA
Act I,Scene III,Don John,"What news, Borachio?",356
Act I,Scene III,Borachio,I came yonder from a great supper: the prince your,357
Act I,Scene III,Borachio,brother is royally entertained by Leonato: and I,358
Act I,Scene III,Borachio,can give you intelligence of an intended marriage.,359
Act I,Scene III,Don John,Will it serve for any model to build mischief on?,360
Act I,Scene III,Don John,What is he for a fool that betroths himself to,361
Act I,Scene III,Don John,unquietness?,362
Act I,Scene III,Borachio,"Marry, it is your brother's right hand.",363
Act I,Scene III,Don John,Who? the most exquisite Claudio?,364
Act I,Scene III,Borachio,Even he.,365
Act I,Scene III,Don John,"A proper squire! And who, and who? which way looks",366
Act I,Scene III,Don John,he?,367
Act I,Scene III,Borachio,"Marry, on Hero, the daughter and heir of Leonato.",368
Act I,Scene III,Don John,A very forward March-chick! How came you to this?,369
Act I,Scene III,Borachio,"Being entertained for a perfumer, as I was smoking a",370
Act I,Scene III,Borachio,"musty room, comes me the prince and Claudio, hand",371
Act I,Scene III,Borachio,in hand in sad conference: I whipt me behind the,372
Act I,Scene III,Borachio,arras; and there heard it agreed upon that the,373
Act I,Scene III,Borachio,"prince should woo Hero for himself, and having",374
Act I,Scene III,Borachio,"obtained her, give her to Count Claudio.",375
Act I,Scene III,Don John,"Come, come, let us thither: this may prove food to",376
Act I,Scene III,Don John,my displeasure. That young start-up hath all the,377
Act I,Scene III,Don John,"glory of my overthrow: if I can cross him any way, I",378
Act I,Scene III,Don John,"bless myself every way. You are both sure, and will assist me?",379
Act I,Scene III,Conrade,"To the death, my lord.",380
Act I,Scene III,Don John,Let us to the great supper: their cheer is the,381
Act I,Scene III,Don John,greater that I am subdued. Would the cook were of,382
Act I,Scene III,Don John,my mind! Shall we go prove what's to be done?,383
Act I,Scene III,Borachio,We'll wait upon your lordship.,384
Act I,Scene III,[stage direction],Exeunt,NA
Act II,Scene I,[stage direction],"Enter LEONATO, ANTONIO, HERO, BEATRICE, and others",NA
Act II,Scene I,Leonato,Was not Count John here at supper?,385
Act II,Scene I,Antonio,I saw him not.,386
Act II,Scene I,Beatrice,How tartly that gentleman looks! I never can see,387
Act II,Scene I,Beatrice,him but I am heart-burned an hour after.,388
Act II,Scene I,Hero,He is of a very melancholy disposition.,389
Act II,Scene I,Beatrice,He were an excellent man that were made just in the,390
Act II,Scene I,Beatrice,midway between him and Benedick: the one is too,391
Act II,Scene I,Beatrice,"like an image and says nothing, and the other too",392
Act II,Scene I,Beatrice,"like my lady's eldest son, evermore tattling.",393
Act II,Scene I,Leonato,Then half Signior Benedick's tongue in Count John's,394
Act II,Scene I,Leonato,"mouth, and half Count John's melancholy in Signior",395
Act II,Scene I,Leonato,"Benedick's face,--",396
Act II,Scene I,Beatrice,"With a good leg and a good foot, uncle, and money",397
Act II,Scene I,Beatrice,"enough in his purse, such a man would win any woman",398
Act II,Scene I,Beatrice,"in the world, if a' could get her good-will.",399
Act II,Scene I,Leonato,"By my troth, niece, thou wilt never get thee a",400
Act II,Scene I,Leonato,"husband, if thou be so shrewd of thy tongue.",401
Act II,Scene I,Antonio,"In faith, she's too curst.",402
Act II,Scene I,Beatrice,Too curst is more than curst: I shall lessen God's,403
Act II,Scene I,Beatrice,"sending that way; for it is said, 'God sends a curst",404
Act II,Scene I,Beatrice,cow short horns;' but to a cow too curst he sends none.,405
Act II,Scene I,Leonato,"So, by being too curst, God will send you no horns.",406
Act II,Scene I,Beatrice,"Just, if he send me no husband; for the which",407
Act II,Scene I,Beatrice,blessing I am at him upon my knees every morning and,408
Act II,Scene I,Beatrice,"evening. Lord, I could not endure a husband with a",409
Act II,Scene I,Beatrice,beard on his face: I had rather lie in the woollen.,410
Act II,Scene I,Leonato,You may light on a husband that hath no beard.,411
Act II,Scene I,Beatrice,What should I do with him? dress him in my apparel,412
Act II,Scene I,Beatrice,and make him my waiting-gentlewoman? He that hath a,413
Act II,Scene I,Beatrice,"beard is more than a youth, and he that hath no",414
Act II,Scene I,Beatrice,beard is less than a man: and he that is more than,415
Act II,Scene I,Beatrice,"a youth is not for me, and he that is less than a",416
Act II,Scene I,Beatrice,"man, I am not for him: therefore, I will even take",417
Act II,Scene I,Beatrice,"sixpence in earnest of the bear-ward, and lead his",418
Act II,Scene I,Beatrice,apes into hell.,419
Act II,Scene I,Leonato,"Well, then, go you into hell?",420
Act II,Scene I,Beatrice,"No, but to the gate; and there will the devil meet",421
Act II,Scene I,Beatrice,"me, like an old cuckold, with horns on his head, and",422
Act II,Scene I,Beatrice,"say 'Get you to heaven, Beatrice, get you to",423
Act II,Scene I,Beatrice,heaven; here's no place for you maids:' so deliver,424
Act II,Scene I,Beatrice,"I up my apes, and away to Saint Peter for the",425
Act II,Scene I,Beatrice,"heavens; he shows me where the bachelors sit, and",426
Act II,Scene I,Beatrice,there live we as merry as the day is long.,427
Act II,Scene I,Antonio,"[To HERO]  Well, niece, I trust you will be ruled",428
Act II,Scene I,Antonio,by your father.,429
Act II,Scene I,Beatrice,"Yes, faith; it is my cousin's duty to make curtsy",430
Act II,Scene I,Beatrice,"and say 'Father, as it please you.' But yet for all",431
Act II,Scene I,Beatrice,"that, cousin, let him be a handsome fellow, or else",432
Act II,Scene I,Beatrice,"make another curtsy and say 'Father, as it please",433
Act II,Scene I,Beatrice,me.',434
Act II,Scene I,Leonato,"Well, niece, I hope to see you one day fitted with a husband.",435
Act II,Scene I,Beatrice,Not till God make men of some other metal than,436
Act II,Scene I,Beatrice,earth. Would it not grieve a woman to be,437
Act II,Scene I,Beatrice,overmastered with a pierce of valiant dust? to make,438
Act II,Scene I,Beatrice,an account of her life to a clod of wayward marl?,439
Act II,Scene I,Beatrice,"No, uncle, I'll none: Adam's sons are my brethren;",440
Act II,Scene I,Beatrice,"and, truly, I hold it a sin to match in my kindred.",441
Act II,Scene I,Leonato,"Daughter, remember what I told you: if the prince",442
Act II,Scene I,Leonato,"do solicit you in that kind, you know your answer.",443
Act II,Scene I,Beatrice,"The fault will be in the music, cousin, if you be",444
Act II,Scene I,Beatrice,not wooed in good time: if the prince be too,445
Act II,Scene I,Beatrice,"important, tell him there is measure in every thing",446
Act II,Scene I,Beatrice,"and so dance out the answer. For, hear me, Hero:",447
Act II,Scene I,Beatrice,"wooing, wedding, and repenting, is as a Scotch jig,",448
Act II,Scene I,Beatrice,"a measure, and a cinque pace: the first suit is hot",449
Act II,Scene I,Beatrice,"and hasty, like a Scotch jig, and full as",450
Act II,Scene I,Beatrice,"fantastical; the wedding, mannerly-modest, as a",451
Act II,Scene I,Beatrice,"measure, full of state and ancientry; and then comes",452
Act II,Scene I,Beatrice,"repentance and, with his bad legs, falls into the",453
Act II,Scene I,Beatrice,"cinque pace faster and faster, till he sink into his grave.",454
Act II,Scene I,Leonato,"Cousin, you apprehend passing shrewdly.",455
Act II,Scene I,Beatrice,"I have a good eye, uncle; I can see a church by daylight.",456
Act II,Scene I,Leonato,"The revellers are entering, brother: make good room.",457
Act II,Scene I,[stage direction],All put on their masks,NA
Act II,Scene I,[stage direction],"Enter DON PEDRO, CLAUDIO, BENEDICK, BALTHASAR, DON JOHN, BORACHIO, MARGARET, URSULA and others, masked",NA
Act II,Scene I,Don Pedro,"Lady, will you walk about with your friend?",458
Act II,Scene I,Hero,"So you walk softly and look sweetly and say nothing,",459
Act II,Scene I,Hero,I am yours for the walk; and especially when I walk away.,460
Act II,Scene I,Don Pedro,With me in your company?,461
Act II,Scene I,Hero,"I may say so, when I please.",462
Act II,Scene I,Don Pedro,And when please you to say so?,463
Act II,Scene I,Hero,When I like your favour; for God defend the lute,464
Act II,Scene I,Hero,should be like the case!,465
Act II,Scene I,Don Pedro,My visor is Philemon's roof; within the house is Jove.,466
Act II,Scene I,Hero,"Why, then, your visor should be thatched.",467
Act II,Scene I,Don Pedro,"Speak low, if you speak love.",468
Act II,Scene I,[stage direction],Drawing her aside,NA
Act II,Scene I,Balthasar,"Well, I would you did like me.",469
Act II,Scene I,Margaret,"So would not I, for your own sake; for I have many",470
Act II,Scene I,Margaret,ill-qualities.,471
Act II,Scene I,Balthasar,Which is one?,472
Act II,Scene I,Margaret,I say my prayers aloud.,473
Act II,Scene I,Balthasar,"I love you the better: the hearers may cry, Amen.",474
Act II,Scene I,Margaret,God match me with a good dancer!,475
Act II,Scene I,Balthasar,Amen.,476
Act II,Scene I,Margaret,And God keep him out of my sight when the dance is,477
Act II,Scene I,Margaret,"done! Answer, clerk.",478
Act II,Scene I,Balthasar,No more words: the clerk is answered.,479
Act II,Scene I,Ursula,I know you well enough; you are Signior Antonio.,480
Act II,Scene I,Antonio,"At a word, I am not.",481
Act II,Scene I,Ursula,I know you by the waggling of your head.,482
Act II,Scene I,Antonio,"To tell you true, I counterfeit him.",483
Act II,Scene I,Ursula,"You could never do him so ill-well, unless you were",484
Act II,Scene I,Ursula,the very man. Here's his dry hand up and down: you,485
Act II,Scene I,Ursula,"are he, you are he.",486
Act II,Scene I,Antonio,"At a word, I am not.",487
Act II,Scene I,Ursula,"Come, come, do you think I do not know you by your",488
Act II,Scene I,Ursula,"excellent wit? can virtue hide itself? Go to,",489
Act II,Scene I,Ursula,"mum, you are he: graces will appear, and there's an",490
Act II,Scene I,Ursula,end.,491
Act II,Scene I,Beatrice,Will you not tell me who told you so?,492
Act II,Scene I,Benedick,"No, you shall pardon me.",493
Act II,Scene I,Beatrice,Nor will you not tell me who you are?,494
Act II,Scene I,Benedick,Not now.,495
Act II,Scene I,Beatrice,"That I was disdainful, and that I had my good wit",496
Act II,Scene I,Beatrice,out of the 'Hundred Merry Tales:'--well this was,497
Act II,Scene I,Beatrice,Signior Benedick that said so.,498
Act II,Scene I,Benedick,What's he?,499
Act II,Scene I,Beatrice,I am sure you know him well enough.,500
Act II,Scene I,Benedick,"Not I, believe me.",501
Act II,Scene I,Beatrice,Did he never make you laugh?,502
Act II,Scene I,Benedick,"I pray you, what is he?",503
Act II,Scene I,Beatrice,"Why, he is the prince's jester: a very dull fool;",504
Act II,Scene I,Beatrice,only his gift is in devising impossible slanders:,505
Act II,Scene I,Beatrice,none but libertines delight in him; and the,506
Act II,Scene I,Beatrice,"commendation is not in his wit, but in his villany;",507
Act II,Scene I,Beatrice,"for he both pleases men and angers them, and then",508
Act II,Scene I,Beatrice,they laugh at him and beat him. I am sure he is in,509
Act II,Scene I,Beatrice,the fleet: I would he had boarded me.,510
Act II,Scene I,Benedick,"When I know the gentleman, I'll tell him what you say.",511
Act II,Scene I,Beatrice,"Do, do: he'll but break a comparison or two on me;",512
Act II,Scene I,Beatrice,"which, peradventure not marked or not laughed at,",513
Act II,Scene I,Beatrice,strikes him into melancholy; and then there's a,514
Act II,Scene I,Beatrice,"partridge wing saved, for the fool will eat no",515
Act II,Scene I,Beatrice,supper that night.,516
Act II,Scene I,[stage direction],Music,NA
Act II,Scene I,Beatrice,We must follow the leaders.,517
Act II,Scene I,Benedick,In every good thing.,518
Act II,Scene I,Beatrice,"Nay, if they lead to any ill, I will leave them at",519
Act II,Scene I,Beatrice,the next turning.,520
Act II,Scene I,[stage direction],"Dance. Then exeunt all except DON JOHN, BORACHIO, and CLAUDIO",NA
Act II,Scene I,Don John,Sure my brother is amorous on Hero and hath,521
Act II,Scene I,Don John,withdrawn her father to break with him about it.,522
Act II,Scene I,Don John,The ladies follow her and but one visor remains.,523
Act II,Scene I,Borachio,And that is Claudio: I know him by his bearing.,524
Act II,Scene I,Don John,Are not you Signior Benedick?,525
Act II,Scene I,Claudio,You know me well; I am he.,526
Act II,Scene I,Don John,"Signior, you are very near my brother in his love:",527
Act II,Scene I,Don John,"he is enamoured on Hero; I pray you, dissuade him",528
Act II,Scene I,Don John,from her: she is no equal for his birth: you may,529
Act II,Scene I,Don John,do the part of an honest man in it.,530
Act II,Scene I,Claudio,How know you he loves her?,531
Act II,Scene I,Don John,I heard him swear his affection.,532
Act II,Scene I,Borachio,So did I too; and he swore he would marry her to-night.,533
Act II,Scene I,Don John,"Come, let us to the banquet.",534
Act II,Scene I,[stage direction],Exeunt DON JOHN and BORACHIO,NA
Act II,Scene I,Claudio,"Thus answer I in the name of Benedick,",535
Act II,Scene I,Claudio,But hear these ill news with the ears of Claudio.,536
Act II,Scene I,Claudio,'Tis certain so; the prince wooes for himself.,537
Act II,Scene I,Claudio,Friendship is constant in all other things,538
Act II,Scene I,Claudio,Save in the office and affairs of love:,539
Act II,Scene I,Claudio,"Therefore, all hearts in love use their own tongues;",540
Act II,Scene I,Claudio,Let every eye negotiate for itself,541
Act II,Scene I,Claudio,And trust no agent; for beauty is a witch,542
Act II,Scene I,Claudio,Against whose charms faith melteth into blood.,543
Act II,Scene I,Claudio,"This is an accident of hourly proof,",544
Act II,Scene I,Claudio,"Which I mistrusted not. Farewell, therefore, Hero!",545
Act II,Scene I,[stage direction],Re-enter BENEDICK,NA
Act II,Scene I,Benedick,Count Claudio?,546
Act II,Scene I,Claudio,"Yea, the same.",547
Act II,Scene I,Benedick,"Come, will you go with me?",548
Act II,Scene I,Claudio,Whither?,549
Act II,Scene I,Benedick,"Even to the next willow, about your own business,",550
Act II,Scene I,Benedick,county. What fashion will you wear the garland of?,551
Act II,Scene I,Benedick,"about your neck, like an usurer's chain? or under",552
Act II,Scene I,Benedick,"your arm, like a lieutenant's scarf? You must wear",553
Act II,Scene I,Benedick,"it one way, for the prince hath got your Hero.",554
Act II,Scene I,Claudio,I wish him joy of her.,555
Act II,Scene I,Benedick,"Why, that's spoken like an honest drovier: so they",556
Act II,Scene I,Benedick,sell bullocks. But did you think the prince would,557
Act II,Scene I,Benedick,have served you thus?,558
Act II,Scene I,Claudio,"I pray you, leave me.",559
Act II,Scene I,Benedick,Ho! now you strike like the blind man: 'twas the,560
Act II,Scene I,Benedick,"boy that stole your meat, and you'll beat the post.",561
Act II,Scene I,Claudio,"If it will not be, I'll leave you.",562
Act II,Scene I,[stage direction],Exit,NA
Act II,Scene I,Benedick,"Alas, poor hurt fowl! now will he creep into sedges.",563
Act II,Scene I,Benedick,"But that my Lady Beatrice should know me, and not",564
Act II,Scene I,Benedick,know me! The prince's fool! Ha? It may be I go,565
Act II,Scene I,Benedick,"under that title because I am merry. Yea, but so I",566
Act II,Scene I,Benedick,am apt to do myself wrong; I am not so reputed: it,567
Act II,Scene I,Benedick,"is the base, though bitter, disposition of Beatrice",568
Act II,Scene I,Benedick,that puts the world into her person and so gives me,569
Act II,Scene I,Benedick,"out. Well, I'll be revenged as I may.",570
Act II,Scene I,[stage direction],Re-enter DON PEDRO,NA
Act II,Scene I,Don Pedro,"Now, signior, where's the count? did you see him?",571
Act II,Scene I,Benedick,"Troth, my lord, I have played the part of Lady Fame.",572
Act II,Scene I,Benedick,I found him here as melancholy as a lodge in a,573
Act II,Scene I,Benedick,"warren: I told him, and I think I told him true,",574
Act II,Scene I,Benedick,that your grace had got the good will of this young,575
Act II,Scene I,Benedick,"lady; and I offered him my company to a willow-tree,",576
Act II,Scene I,Benedick,"either to make him a garland, as being forsaken, or",577
Act II,Scene I,Benedick,"to bind him up a rod, as being worthy to be whipped.",578
Act II,Scene I,Don Pedro,To be whipped! What's his fault?,579
Act II,Scene I,Benedick,"The flat transgression of a schoolboy, who, being",580
Act II,Scene I,Benedick,"overjoyed with finding a birds' nest, shows it his",581
Act II,Scene I,Benedick,"companion, and he steals it.",582
Act II,Scene I,Don Pedro,Wilt thou make a trust a transgression? The,583
Act II,Scene I,Don Pedro,transgression is in the stealer.,584
Act II,Scene I,Benedick,"Yet it had not been amiss the rod had been made,",585
Act II,Scene I,Benedick,and the garland too; for the garland he might have,586
Act II,Scene I,Benedick,"worn himself, and the rod he might have bestowed on",587
Act II,Scene I,Benedick,"you, who, as I take it, have stolen his birds' nest.",588
Act II,Scene I,Don Pedro,"I will but teach them to sing, and restore them to",589
Act II,Scene I,Don Pedro,the owner.,590
Act II,Scene I,Benedick,"If their singing answer your saying, by my faith,",591
Act II,Scene I,Benedick,you say honestly.,592
Act II,Scene I,Don Pedro,The Lady Beatrice hath a quarrel to you: the,593
Act II,Scene I,Don Pedro,gentleman that danced with her told her she is much,594
Act II,Scene I,Don Pedro,wronged by you.,595
Act II,Scene I,Benedick,"O, she misused me past the endurance of a block!",596
Act II,Scene I,Benedick,an oak but with one green leaf on it would have,597
Act II,Scene I,Benedick,answered her; my very visor began to assume life and,598
Act II,Scene I,Benedick,"scold with her. She told me, not thinking I had been",599
Act II,Scene I,Benedick,"myself, that I was the prince's jester, that I was",600
Act II,Scene I,Benedick,duller than a great thaw; huddling jest upon jest,601
Act II,Scene I,Benedick,with such impossible conveyance upon me that I stood,602
Act II,Scene I,Benedick,"like a man at a mark, with a whole army shooting at",603
Act II,Scene I,Benedick,"me. She speaks poniards, and every word stabs:",604
Act II,Scene I,Benedick,"if her breath were as terrible as her terminations,",605
Act II,Scene I,Benedick,there were no living near her; she would infect to,606
Act II,Scene I,Benedick,"the north star. I would not marry her, though she",607
Act II,Scene I,Benedick,were endowed with all that Adam bad left him before,608
Act II,Scene I,Benedick,he transgressed: she would have made Hercules have,609
Act II,Scene I,Benedick,"turned spit, yea, and have cleft his club to make",610
Act II,Scene I,Benedick,"the fire too. Come, talk not of her: you shall find",611
Act II,Scene I,Benedick,her the infernal Ate in good apparel. I would to God,612
Act II,Scene I,Benedick,"some scholar would conjure her; for certainly, while",613
Act II,Scene I,Benedick,"she is here, a man may live as quiet in hell as in a",614
Act II,Scene I,Benedick,"sanctuary; and people sin upon purpose, because they",615
Act II,Scene I,Benedick,"would go thither; so, indeed, all disquiet, horror",616
Act II,Scene I,Benedick,and perturbation follows her.,617
Act II,Scene I,Don Pedro,"Look, here she comes.",618
Act II,Scene I,[stage direction],"Enter CLAUDIO, BEATRICE, HERO, and LEONATO",NA
Act II,Scene I,Benedick,Will your grace command me any service to the,619
Act II,Scene I,Benedick,world's end? I will go on the slightest errand now,620
Act II,Scene I,Benedick,to the Antipodes that you can devise to send me on;,621
Act II,Scene I,Benedick,I will fetch you a tooth-picker now from the,622
Act II,Scene I,Benedick,"furthest inch of Asia, bring you the length of",623
Act II,Scene I,Benedick,"Prester John's foot, fetch you a hair off the great",624
Act II,Scene I,Benedick,"Cham's beard, do you any embassage to the Pigmies,",625
Act II,Scene I,Benedick,rather than hold three words' conference with this,626
Act II,Scene I,Benedick,harpy. You have no employment for me?,627
Act II,Scene I,Don Pedro,"None, but to desire your good company.",628
Act II,Scene I,Benedick,"O God, sir, here's a dish I love not: I cannot",629
Act II,Scene I,Benedick,endure my Lady Tongue.,630
Act II,Scene I,[stage direction],Exit,NA
Act II,Scene I,Don Pedro,"Come, lady, come; you have lost the heart of",631
Act II,Scene I,Don Pedro,Signior Benedick.,632
Act II,Scene I,Beatrice,"Indeed, my lord, he lent it me awhile; and I gave",633
Act II,Scene I,Beatrice,"him use for it, a double heart for his single one:",634
Act II,Scene I,Beatrice,"marry, once before he won it of me with false dice,",635
Act II,Scene I,Beatrice,therefore your grace may well say I have lost it.,636
Act II,Scene I,Don Pedro,"You have put him down, lady, you have put him down.",637
Act II,Scene I,Beatrice,"So I would not he should do me, my lord, lest I",638
Act II,Scene I,Beatrice,should prove the mother of fools. I have brought,639
Act II,Scene I,Beatrice,"Count Claudio, whom you sent me to seek.",640
Act II,Scene I,Don Pedro,"Why, how now, count! wherefore are you sad?",641
Act II,Scene I,Claudio,"Not sad, my lord.",642
Act II,Scene I,Don Pedro,How then? sick?,643
Act II,Scene I,Claudio,"Neither, my lord.",644
Act II,Scene I,Beatrice,"The count is neither sad, nor sick, nor merry, nor",645
Act II,Scene I,Beatrice,"well; but civil count, civil as an orange, and",646
Act II,Scene I,Beatrice,something of that jealous complexion.,647
Act II,Scene I,Don Pedro,"I' faith, lady, I think your blazon to be true;",648
Act II,Scene I,Don Pedro,"though, I'll be sworn, if he be so, his conceit is",649
Act II,Scene I,Don Pedro,"false. Here, Claudio, I have wooed in thy name, and",650
Act II,Scene I,Don Pedro,"fair Hero is won: I have broke with her father,",651
Act II,Scene I,Don Pedro,and his good will obtained: name the day of,652
Act II,Scene I,Don Pedro,"marriage, and God give thee joy!",653
Act II,Scene I,Leonato,"Count, take of me my daughter, and with her my",654
Act II,Scene I,Leonato,"fortunes: his grace hath made the match, and an",655
Act II,Scene I,Leonato,grace say Amen to it.,656
Act II,Scene I,Beatrice,"Speak, count, 'tis your cue.",657
Act II,Scene I,Claudio,Silence is the perfectest herald of joy: I were,658
Act II,Scene I,Claudio,"but little happy, if I could say how much. Lady, as",659
Act II,Scene I,Claudio,"you are mine, I am yours: I give away myself for",660
Act II,Scene I,Claudio,you and dote upon the exchange.,661
Act II,Scene I,Beatrice,"Speak, cousin; or, if you cannot, stop his mouth",662
Act II,Scene I,Beatrice,"with a kiss, and let not him speak neither.",663
Act II,Scene I,Don Pedro,"In faith, lady, you have a merry heart.",664
Act II,Scene I,Beatrice,"Yea, my lord; I thank it, poor fool, it keeps on",665
Act II,Scene I,Beatrice,the windy side of care. My cousin tells him in his,666
Act II,Scene I,Beatrice,ear that he is in her heart.,667
Act II,Scene I,Claudio,"And so she doth, cousin.",668
Act II,Scene I,Beatrice,"Good Lord, for alliance! Thus goes every one to the",669
Act II,Scene I,Beatrice,"world but I, and I am sunburnt; I may sit in a",670
Act II,Scene I,Beatrice,corner and cry heigh-ho for a husband!,671
Act II,Scene I,Don Pedro,"Lady Beatrice, I will get you one.",672
Act II,Scene I,Beatrice,I would rather have one of your father's getting.,673
Act II,Scene I,Beatrice,Hath your grace ne'er a brother like you? Your,674
Act II,Scene I,Beatrice,"father got excellent husbands, if a maid could come by them.",675
Act II,Scene I,Don Pedro,"Will you have me, lady?",676
Act II,Scene I,Beatrice,"No, my lord, unless I might have another for",677
Act II,Scene I,Beatrice,working-days: your grace is too costly to wear,678
Act II,Scene I,Beatrice,"every day. But, I beseech your grace, pardon me: I",679
Act II,Scene I,Beatrice,was born to speak all mirth and no matter.,680
Act II,Scene I,Don Pedro,"Your silence most offends me, and to be merry best",681
Act II,Scene I,Don Pedro,"becomes you; for, out of question, you were born in",682
Act II,Scene I,Don Pedro,a merry hour.,683
Act II,Scene I,Beatrice,"No, sure, my lord, my mother cried; but then there",684
Act II,Scene I,Beatrice,"was a star danced, and under that was I born.",685
Act II,Scene I,Beatrice,"Cousins, God give you joy!",686
Act II,Scene I,Leonato,"Niece, will you look to those things I told you of?",687
Act II,Scene I,Beatrice,"I cry you mercy, uncle. By your grace's pardon.",688
Act II,Scene I,[stage direction],Exit,NA
Act II,Scene I,Don Pedro,"By my troth, a pleasant-spirited lady.",689
Act II,Scene I,Leonato,"There's little of the melancholy element in her, my",690
Act II,Scene I,Leonato,"lord: she is never sad but when she sleeps, and",691
Act II,Scene I,Leonato,"not ever sad then; for I have heard my daughter say,",692
Act II,Scene I,Leonato,she hath often dreamed of unhappiness and waked,693
Act II,Scene I,Leonato,herself with laughing.,694
Act II,Scene I,Don Pedro,She cannot endure to hear tell of a husband.,695
Act II,Scene I,Leonato,"O, by no means: she mocks all her wooers out of suit.",696
Act II,Scene I,Don Pedro,She were an excellent wife for Benedict.,697
Act II,Scene I,Leonato,"O Lord, my lord, if they were but a week married,",698
Act II,Scene I,Leonato,they would talk themselves mad.,699
Act II,Scene I,Don Pedro,"County Claudio, when mean you to go to church?",700
Act II,Scene I,Claudio,"To-morrow, my lord: time goes on crutches till love",701
Act II,Scene I,Claudio,have all his rites.,702
Act II,Scene I,Leonato,"Not till Monday, my dear son, which is hence a just",703
Act II,Scene I,Leonato,"seven-night; and a time too brief, too, to have all",704
Act II,Scene I,Leonato,things answer my mind.,705
Act II,Scene I,Don Pedro,"Come, you shake the head at so long a breathing:",706
Act II,Scene I,Don Pedro,"but, I warrant thee, Claudio, the time shall not go",707
Act II,Scene I,Don Pedro,dully by us. I will in the interim undertake one of,708
Act II,Scene I,Don Pedro,"Hercules' labours; which is, to bring Signior",709
Act II,Scene I,Don Pedro,Benedick and the Lady Beatrice into a mountain of,710
Act II,Scene I,Don Pedro,affection the one with the other. I would fain have,711
Act II,Scene I,Don Pedro,"it a match, and I doubt not but to fashion it, if",712
Act II,Scene I,Don Pedro,you three will but minister such assistance as I,713
Act II,Scene I,Don Pedro,shall give you direction.,714
Act II,Scene I,Leonato,"My lord, I am for you, though it cost me ten",715
Act II,Scene I,Leonato,nights' watchings.,716
Act II,Scene I,Claudio,"And I, my lord.",717
Act II,Scene I,Don Pedro,"And you too, gentle Hero?",718
Act II,Scene I,Hero,"I will do any modest office, my lord, to help my",719
Act II,Scene I,Hero,cousin to a good husband.,720
Act II,Scene I,Don Pedro,And Benedick is not the unhopefullest husband that,721
Act II,Scene I,Don Pedro,I know. Thus far can I praise him; he is of a noble,722
Act II,Scene I,Don Pedro,"strain, of approved valour and confirmed honesty. I",723
Act II,Scene I,Don Pedro,"will teach you how to humour your cousin, that she",724
Act II,Scene I,Don Pedro,"shall fall in love with Benedick; and I, with your",725
Act II,Scene I,Don Pedro,"two helps, will so practise on Benedick that, in",726
Act II,Scene I,Don Pedro,"despite of his quick wit and his queasy stomach, he",727
Act II,Scene I,Don Pedro,"shall fall in love with Beatrice. If we can do this,",728
Act II,Scene I,Don Pedro,Cupid is no longer an archer: hi s glory shall be,729
Act II,Scene I,Don Pedro,"ours, for we are the only love-gods. Go in with me,",730
Act II,Scene I,Don Pedro,and I will tell you my drift.,731
Act II,Scene I,[stage direction],Exeunt,NA
Act II,Scene II,[stage direction],Enter DON JOHN and BORACHIO,NA
Act II,Scene II,Don John,It is so; the Count Claudio shall marry the,732
Act II,Scene II,Don John,daughter of Leonato.,733
Act II,Scene II,Borachio,"Yea, my lord; but I can cross it.",734
Act II,Scene II,Don John,"Any bar, any cross, any impediment will be",735
Act II,Scene II,Don John,"medicinable to me: I am sick in displeasure to him,",736
Act II,Scene II,Don John,and whatsoever comes athwart his affection ranges,737
Act II,Scene II,Don John,evenly with mine. How canst thou cross this marriage?,738
Act II,Scene II,Borachio,"Not honestly, my lord; but so covertly that no",739
Act II,Scene II,Borachio,dishonesty shall appear in me.,740
Act II,Scene II,Don John,Show me briefly how.,741
Act II,Scene II,Borachio,"I think I told your lordship a year since, how much",742
Act II,Scene II,Borachio,"I am in the favour of Margaret, the waiting",743
Act II,Scene II,Borachio,gentlewoman to Hero.,744
Act II,Scene II,Don John,I remember.,745
Act II,Scene II,Borachio,"I can, at any unseasonable instant of the night,",746
Act II,Scene II,Borachio,appoint her to look out at her lady's chamber window.,747
Act II,Scene II,Don John,"What life is in that, to be the death of this marriage?",748
Act II,Scene II,Borachio,The poison of that lies in you to temper. Go you to,749
Act II,Scene II,Borachio,the prince your brother; spare not to tell him that,750
Act II,Scene II,Borachio,he hath wronged his honour in marrying the renowned,751
Act II,Scene II,Borachio,Claudio--whose estimation do you mightily hold,752
Act II,Scene II,Borachio,"up--to a contaminated stale, such a one as Hero.",753
Act II,Scene II,Don John,What proof shall I make of that?,754
Act II,Scene II,Borachio,"Proof enough to misuse the prince, to vex Claudio,",755
Act II,Scene II,Borachio,to undo Hero and kill Leonato. Look you for any,756
Act II,Scene II,Borachio,other issue?,757
Act II,Scene II,Don John,"Only to despite them, I will endeavour any thing.",758
Act II,Scene II,Borachio,"Go, then; find me a meet hour to draw Don Pedro and",759
Act II,Scene II,Borachio,the Count Claudio alone: tell them that you know,760
Act II,Scene II,Borachio,that Hero loves me; intend a kind of zeal both to the,761
Act II,Scene II,Borachio,"prince and Claudio, as,--in love of your brother's",762
Act II,Scene II,Borachio,"honour, who hath made this match, and his friend's",763
Act II,Scene II,Borachio,"reputation, who is thus like to be cozened with the",764
Act II,Scene II,Borachio,"semblance of a maid,--that you have discovered",765
Act II,Scene II,Borachio,thus. They will scarcely believe this without trial:,766
Act II,Scene II,Borachio,offer them instances; which shall bear no less,767
Act II,Scene II,Borachio,"likelihood than to see me at her chamber-window,",768
Act II,Scene II,Borachio,"hear me call Margaret Hero, hear Margaret term me",769
Act II,Scene II,Borachio,Claudio; and bring them to see this the very night,770
Act II,Scene II,Borachio,"before the intended wedding,--for in the meantime I",771
Act II,Scene II,Borachio,will so fashion the matter that Hero shall be,772
Act II,Scene II,Borachio,"absent,--and there shall appear such seeming truth",773
Act II,Scene II,Borachio,of Hero's disloyalty that jealousy shall be called,774
Act II,Scene II,Borachio,assurance and all the preparation overthrown.,775
Act II,Scene II,Don John,"Grow this to what adverse issue it can, I will put",776
Act II,Scene II,Don John,"it in practise. Be cunning in the working this, and",777
Act II,Scene II,Don John,thy fee is a thousand ducats.,778
Act II,Scene II,Borachio,"Be you constant in the accusation, and my cunning",779
Act II,Scene II,Borachio,shall not shame me.,780
Act II,Scene II,Don John,I will presently go learn their day of marriage.,781
Act II,Scene II,[stage direction],Exeunt,NA
Act II,Scene III,[stage direction],Enter BENEDICK,NA
Act II,Scene III,Benedick,Boy!,782
Act II,Scene III,[stage direction],Enter Boy,NA
Act II,Scene III,Boy,Signior?,783
Act II,Scene III,Benedick,In my chamber-window lies a book: bring it hither,784
Act II,Scene III,Benedick,to me in the orchard.,785
Act II,Scene III,Boy,"I am here already, sir.",786
Act II,Scene III,Benedick,"I know that; but I would have thee hence, and here again.",787
Act II,Scene III,[stage direction],Exit Boy,NA
Act II,Scene III,Benedick,"I do much wonder that one man, seeing how much",788
Act II,Scene III,Benedick,another man is a fool when he dedicates his,789
Act II,Scene III,Benedick,"behaviors to love, will, after he hath laughed at",790
Act II,Scene III,Benedick,"such shallow follies in others, become the argument",791
Act II,Scene III,Benedick,of his own scorn by failing in love: and such a man,792
Act II,Scene III,Benedick,is Claudio. I have known when there was no music,793
Act II,Scene III,Benedick,with him but the drum and the fife; and now had he,794
Act II,Scene III,Benedick,rather hear the tabour and the pipe: I have known,795
Act II,Scene III,Benedick,when he would have walked ten mile a-foot to see a,796
Act II,Scene III,Benedick,"good armour; and now will he lie ten nights awake,",797
Act II,Scene III,Benedick,carving the fashion of a new doublet. He was wont to,798
Act II,Scene III,Benedick,"speak plain and to the purpose, like an honest man",799
Act II,Scene III,Benedick,and a soldier; and now is he turned orthography; his,800
Act II,Scene III,Benedick,"words are a very fantastical banquet, just so many",801
Act II,Scene III,Benedick,strange dishes. May I be so converted and see with,802
Act II,Scene III,Benedick,these eyes? I cannot tell; I think not: I will not,803
Act II,Scene III,Benedick,"be sworn, but love may transform me to an oyster; but",804
Act II,Scene III,Benedick,"I'll take my oath on it, till he have made an oyster",805
Act II,Scene III,Benedick,"of me, he shall never make me such a fool. One woman",806
Act II,Scene III,Benedick,"is fair, yet I am well; another is wise, yet I am",807
Act II,Scene III,Benedick,"well; another virtuous, yet I am well; but till all",808
Act II,Scene III,Benedick,"graces be in one woman, one woman shall not come in",809
Act II,Scene III,Benedick,"my grace. Rich she shall be, that's certain; wise,",810
Act II,Scene III,Benedick,"or I'll none; virtuous, or I'll never cheapen her;",811
Act II,Scene III,Benedick,"fair, or I'll   never look on her; mild, or come not",812
Act II,Scene III,Benedick,"near me; noble, or not I for an angel; of good",813
Act II,Scene III,Benedick,"discourse, an excellent musician, and her hair shall",814
Act II,Scene III,Benedick,be of what colour it please God. Ha! the prince and,815
Act II,Scene III,Benedick,Monsieur Love! I will hide me in the arbour.,816
Act II,Scene III,[stage direction],Withdraws,NA
Act II,Scene III,[stage direction],"Enter DON PEDRO, CLAUDIO, and LEONATO",NA
Act II,Scene III,Don Pedro,"Come, shall we hear this music?",817
Act II,Scene III,Claudio,"Yea, my good lord. How still the evening is,",818
Act II,Scene III,Claudio,As hush'd on purpose to grace harmony!,819
Act II,Scene III,Don Pedro,See you where Benedick hath hid himself?,820
Act II,Scene III,Claudio,"O, very well, my lord: the music ended,",821
Act II,Scene III,Claudio,We'll fit the kid-fox with a pennyworth.,822
Act II,Scene III,[stage direction],Enter BALTHASAR with Music,NA
Act II,Scene III,Don Pedro,"Come, Balthasar, we'll hear that song again.",823
Act II,Scene III,Balthasar,"O, good my lord, tax not so bad a voice",824
Act II,Scene III,Balthasar,To slander music any more than once.,825
Act II,Scene III,Don Pedro,It is the witness still of excellency,826
Act II,Scene III,Don Pedro,To put a strange face on his own perfection.,827
Act II,Scene III,Don Pedro,"I pray thee, sing, and let me woo no more.",828
Act II,Scene III,Balthasar,"Because you talk of wooing, I will sing;",829
Act II,Scene III,Balthasar,Since many a wooer doth commence his suit,830
Act II,Scene III,Balthasar,"To her he thinks not worthy, yet he wooes,",831
Act II,Scene III,Balthasar,Yet will he swear he loves.,832
Act II,Scene III,Don Pedro,"Now, pray thee, come;",833
Act II,Scene III,Don Pedro,"Or, if thou wilt hold longer argument,",834
Act II,Scene III,Don Pedro,Do it in notes.,835
Act II,Scene III,Balthasar,Note this before my notes;,836
Act II,Scene III,Balthasar,There's not a note of mine that's worth the noting.,837
Act II,Scene III,Don Pedro,"Why, these are very crotchets that he speaks;",838
Act II,Scene III,Don Pedro,"Note, notes, forsooth, and nothing.",839
Act II,Scene III,[stage direction],Air,NA
Act II,Scene III,Benedick,"Now, divine air! now is his soul ravished! Is it",840
Act II,Scene III,Benedick,not strange that sheeps' guts should hale souls out,841
Act II,Scene III,Benedick,"of men's bodies? Well, a horn for my money, when",842
Act II,Scene III,Benedick,all's done.,843
Act II,Scene III,[stage direction],The Song,NA
Act II,Scene III,Balthasar,"Sigh no more, ladies, sigh no more,",844
Act II,Scene III,Balthasar,"Men were deceivers ever,",845
Act II,Scene III,Balthasar,"One foot in sea and one on shore,",846
Act II,Scene III,Balthasar,To one thing constant never:,847
Act II,Scene III,Balthasar,"Then sigh not so, but let them go,",848
Act II,Scene III,Balthasar,"And be you blithe and bonny,",849
Act II,Scene III,Balthasar,Converting all your sounds of woe,850
Act II,Scene III,Balthasar,"Into Hey nonny, nonny.",851
Act II,Scene III,Balthasar,"Sing no more ditties, sing no moe,",852
Act II,Scene III,Balthasar,Of dumps so dull and heavy;,853
Act II,Scene III,Balthasar,"The fraud of men was ever so,",854
Act II,Scene III,Balthasar,Since summer first was leafy:,855
Act II,Scene III,Balthasar,"Then sigh not so,  &amp; c.",856
Act II,Scene III,Don Pedro,"By my troth, a good song.",857
Act II,Scene III,Balthasar,"And an ill singer, my lord.",858
Act II,Scene III,Don Pedro,"Ha, no, no, faith; thou singest well enough for a shift.",859
Act II,Scene III,Benedick,"An he had been a dog that should have howled thus,",860
Act II,Scene III,Benedick,they would have hanged him: and I pray God his bad,861
Act II,Scene III,Benedick,voice bode no mischief. I had as lief have heard the,862
Act II,Scene III,Benedick,"night-raven, come what plague could have come after",863
Act II,Scene III,Benedick,it.,864
Act II,Scene III,Don Pedro,"Yea, marry, dost thou hear, Balthasar? I pray thee,",865
Act II,Scene III,Don Pedro,get us some excellent music; for to-morrow night we,866
Act II,Scene III,Don Pedro,would have it at the Lady Hero's chamber-window.,867
Act II,Scene III,Balthasar,"The best I can, my lord.",868
Act II,Scene III,Don Pedro,Do so: farewell.,869
Act II,Scene III,[stage direction],Exit BALTHASAR,NA
Act II,Scene III,Don Pedro,"Come hither, Leonato. What was it you told me of",870
Act II,Scene III,Don Pedro,"to-day, that your niece Beatrice was in love with",871
Act II,Scene III,Don Pedro,Signior Benedick?,872
Act II,Scene III,Claudio,"O, ay: stalk on. stalk on; the fowl sits. I did",873
Act II,Scene III,Claudio,never think that lady would have loved any man.,874
Act II,Scene III,Leonato,"No, nor I neither; but most wonderful that she",875
Act II,Scene III,Leonato,"should so dote on Signior Benedick, whom she hath in",876
Act II,Scene III,Leonato,all outward behaviors seemed ever to abhor.,877
Act II,Scene III,Benedick,Is't possible? Sits the wind in that corner?,878
Act II,Scene III,Leonato,"By my troth, my lord, I cannot tell what to think",879
Act II,Scene III,Leonato,of it but that she loves him with an enraged,880
Act II,Scene III,Leonato,affection: it is past the infinite of thought.,881
Act II,Scene III,Don Pedro,May be she doth but counterfeit.,882
Act II,Scene III,Claudio,"Faith, like enough.",883
Act II,Scene III,Leonato,"O God, counterfeit! There was never counterfeit of",884
Act II,Scene III,Leonato,passion came so near the life of passion as she,885
Act II,Scene III,Leonato,discovers it.,886
Act II,Scene III,Don Pedro,"Why, what effects of passion shows she?",887
Act II,Scene III,Claudio,Bait the hook well; this fish will bite.,888
Act II,Scene III,Leonato,"What effects, my lord? She will sit you, you heard",889
Act II,Scene III,Leonato,my daughter tell you how.,890
Act II,Scene III,Claudio,"She did, indeed.",891
Act II,Scene III,Don Pedro,"How, how, pray you? You amaze me: I would have I",892
Act II,Scene III,Don Pedro,thought her spirit had been invincible against all,893
Act II,Scene III,Don Pedro,assaults of affection.,894
Act II,Scene III,Leonato,"I would have sworn it had, my lord; especially",895
Act II,Scene III,Leonato,against Benedick.,896
Act II,Scene III,Benedick,"I should think this a gull, but that the",897
Act II,Scene III,Benedick,"white-bearded fellow speaks it: knavery cannot,",898
Act II,Scene III,Benedick,"sure, hide himself in such reverence.",899
Act II,Scene III,Claudio,He hath ta'en the infection: hold it up.,900
Act II,Scene III,Don Pedro,Hath she made her affection known to Benedick?,901
Act II,Scene III,Leonato,No; and swears she never will: that's her torment.,902
Act II,Scene III,Claudio,"'Tis true, indeed; so your daughter says: 'Shall",903
Act II,Scene III,Claudio,"I,' says she, 'that have so oft encountered him",904
Act II,Scene III,Claudio,"with scorn, write to him that I love him?'",905
Act II,Scene III,Leonato,This says she now when she is beginning to write to,906
Act II,Scene III,Leonato,"him; for she'll be up twenty times a night, and",907
Act II,Scene III,Leonato,there will she sit in her smock till she have writ a,908
Act II,Scene III,Leonato,sheet of paper: my daughter tells us all.,909
Act II,Scene III,Claudio,"Now you talk of a sheet of paper, I remember a",910
Act II,Scene III,Claudio,pretty jest your daughter told us of.,911
Act II,Scene III,Leonato,"O, when she had writ it and was reading it over, she",912
Act II,Scene III,Leonato,found Benedick and Beatrice between the sheet?,913
Act II,Scene III,Claudio,That.,914
Act II,Scene III,Leonato,"O, she tore the letter into a thousand halfpence;",915
Act II,Scene III,Leonato,"railed at herself, that she should be so immodest",916
Act II,Scene III,Leonato,to write to one that she knew would flout her; 'I,917
Act II,Scene III,Leonato,"measure him,' says she, 'by my own spirit; for I",918
Act II,Scene III,Leonato,"should flout him, if he writ to me; yea, though I",919
Act II,Scene III,Leonato,"love him, I should.'",920
Act II,Scene III,Claudio,"Then down upon her knees she falls, weeps, sobs,",921
Act II,Scene III,Claudio,"beats her heart, tears her hair, prays, curses; 'O",922
Act II,Scene III,Claudio,sweet Benedick! God give me patience!',923
Act II,Scene III,Leonato,She doth indeed; my daughter says so: and the,924
Act II,Scene III,Leonato,ecstasy hath so much overborne her that my daughter,925
Act II,Scene III,Leonato,is sometime afeared she will do a desperate outrage,926
Act II,Scene III,Leonato,to herself: it is very true.,927
Act II,Scene III,Don Pedro,It were good that Benedick knew of it by some,928
Act II,Scene III,Don Pedro,"other, if she will not discover it.",929
Act II,Scene III,Claudio,To what end? He would make but a sport of it and,930
Act II,Scene III,Claudio,torment the poor lady worse.,931
Act II,Scene III,Don Pedro,"An he should, it were an alms to hang him. She's an",932
Act II,Scene III,Don Pedro,"excellent sweet lady; and, out of all suspicion,",933
Act II,Scene III,Don Pedro,she is virtuous.,934
Act II,Scene III,Claudio,And she is exceeding wise.,935
Act II,Scene III,Don Pedro,In every thing but in loving Benedick.,936
Act II,Scene III,Leonato,"O, my lord, wisdom and blood combating in so tender",937
Act II,Scene III,Leonato,"a body, we have ten proofs to one that blood hath",938
Act II,Scene III,Leonato,"the victory. I am sorry for her, as I have just",939
Act II,Scene III,Leonato,"cause, being her uncle and her guardian.",940
Act II,Scene III,Don Pedro,I would she had bestowed this dotage on me: I would,941
Act II,Scene III,Don Pedro,have daffed all other respects and made her half,942
Act II,Scene III,Don Pedro,"myself. I pray you, tell Benedick of it, and hear",943
Act II,Scene III,Don Pedro,what a' will say.,944
Act II,Scene III,Leonato,"Were it good, think you?",945
Act II,Scene III,Claudio,Hero thinks surely she will die; for she says she,946
Act II,Scene III,Claudio,"will die, if he love her not, and she will die, ere",947
Act II,Scene III,Claudio,"she make her love known, and she will die, if he woo",948
Act II,Scene III,Claudio,"her, rather than she will bate one breath of her",949
Act II,Scene III,Claudio,accustomed crossness.,950
Act II,Scene III,Don Pedro,She doth well: if she should make tender of her,951
Act II,Scene III,Don Pedro,"love, 'tis very possible he'll scorn it; for the",952
Act II,Scene III,Don Pedro,"man, as you know all, hath a contemptible spirit.",953
Act II,Scene III,Claudio,He is a very proper man.,954
Act II,Scene III,Don Pedro,He hath indeed a good outward happiness.,955
Act II,Scene III,Claudio,"Before God! and, in my mind, very wise.",956
Act II,Scene III,Don Pedro,He doth indeed show some sparks that are like wit.,957
Act II,Scene III,Claudio,And I take him to be valiant.,958
Act II,Scene III,Don Pedro,"As Hector, I assure you: and in the managing of",959
Act II,Scene III,Don Pedro,quarrels you may say he is wise; for either he,960
Act II,Scene III,Don Pedro,"avoids them with great discretion, or undertakes",961
Act II,Scene III,Don Pedro,them with a most Christian-like fear.,962
Act II,Scene III,Leonato,"If he do fear God, a' must necessarily keep peace:",963
Act II,Scene III,Leonato,"if he break the peace, he ought to enter into a",964
Act II,Scene III,Leonato,quarrel with fear and trembling.,965
Act II,Scene III,Don Pedro,"And so will he do; for the man doth fear God,",966
Act II,Scene III,Don Pedro,howsoever it seems not in him by some large jests,967
Act II,Scene III,Don Pedro,he will make. Well I am sorry for your niece. Shall,968
Act II,Scene III,Don Pedro,"we go seek Benedick, and tell him of her love?",969
Act II,Scene III,Claudio,"Never tell him, my lord: let her wear it out with",970
Act II,Scene III,Claudio,good counsel.,971
Act II,Scene III,Leonato,"Nay, that's impossible: she may wear her heart out first.",972
Act II,Scene III,Don Pedro,"Well, we will hear further of it by your daughter:",973
Act II,Scene III,Don Pedro,let it cool the while. I love Benedick well; and I,974
Act II,Scene III,Don Pedro,"could wish he would modestly examine himself, to see",975
Act II,Scene III,Don Pedro,how much he is unworthy so good a lady.,976
Act II,Scene III,Leonato,"My lord, will you walk? dinner is ready.",977
Act II,Scene III,Claudio,"If he do not dote on her upon this, I will never",978
Act II,Scene III,Claudio,trust my expectation.,979
Act II,Scene III,Don Pedro,Let there be the same net spread for her; and that,980
Act II,Scene III,Don Pedro,must your daughter and her gentlewomen carry. The,981
Act II,Scene III,Don Pedro,"sport will be, when they hold one an opinion of",982
Act II,Scene III,Don Pedro,"another's dotage, and no such matter: that's the",983
Act II,Scene III,Don Pedro,"scene that I would see, which will be merely a",984
Act II,Scene III,Don Pedro,dumb-show. Let us send her to call him in to dinner.,985
Act II,Scene III,[stage direction],"Exeunt DON PEDRO, CLAUDIO, and LEONATO",NA
Act II,Scene III,Benedick,[Coming forward]  This can be no trick: the,986
Act II,Scene III,Benedick,conference was sadly borne. They have the truth of,987
Act II,Scene III,Benedick,this from Hero. They seem to pity the lady: it,988
Act II,Scene III,Benedick,seems her affections have their full bent. Love me!,989
Act II,Scene III,Benedick,"why, it must be requited. I hear how I am censured:",990
Act II,Scene III,Benedick,"they say I will bear myself proudly, if I perceive",991
Act II,Scene III,Benedick,the love come from her; they say too that she will,992
Act II,Scene III,Benedick,rather die than give any sign of affection. I did,993
Act II,Scene III,Benedick,never think to marry: I must not seem proud: happy,994
Act II,Scene III,Benedick,are they that hear their detractions and can put,995
Act II,Scene III,Benedick,them to mending. They say the lady is fair; 'tis a,996
Act II,Scene III,Benedick,"truth, I can bear them witness; and virtuous; 'tis",997
Act II,Scene III,Benedick,"so, I cannot reprove it; and wise, but for loving",998
Act II,Scene III,Benedick,"me; by my troth, it is no addition to her wit, nor",999
Act II,Scene III,Benedick,"no great argument of her folly, for I will be",1000
Act II,Scene III,Benedick,horribly in love with her. I may chance have some,1001
Act II,Scene III,Benedick,"odd quirks and remnants of wit broken on me,",1002
Act II,Scene III,Benedick,because I have railed so long against marriage: but,1003
Act II,Scene III,Benedick,doth not the appetite alter? a man loves the meat,1004
Act II,Scene III,Benedick,in his youth that he cannot endure in his age.,1005
Act II,Scene III,Benedick,Shall quips and sentences and these paper bullets of,1006
Act II,Scene III,Benedick,the brain awe a man from the career of his humour?,1007
Act II,Scene III,Benedick,"No, the world must be peopled. When I said I would",1008
Act II,Scene III,Benedick,"die a bachelor, I did not think I should live till I",1009
Act II,Scene III,Benedick,were married. Here comes Beatrice. By this day!,1010
Act II,Scene III,Benedick,she's a fair lady: I do spy some marks of love in,1011
Act II,Scene III,Benedick,her.,1012
Act II,Scene III,[stage direction],Enter BEATRICE,NA
Act II,Scene III,Beatrice,Against my will I am sent to bid you come in to dinner.,1013
Act II,Scene III,Benedick,"Fair Beatrice, I thank you for your pains.",1014
Act II,Scene III,Beatrice,I took no more pains for those thanks than you take,1015
Act II,Scene III,Beatrice,"pains to thank me: if it had been painful, I would",1016
Act II,Scene III,Beatrice,not have come.,1017
Act II,Scene III,Benedick,You take pleasure then in the message?,1018
Act II,Scene III,Beatrice,"Yea, just so much as you may take upon a knife's",1019
Act II,Scene III,Beatrice,"point and choke a daw withal. You have no stomach,",1020
Act II,Scene III,Beatrice,signior: fare you well.,1021
Act II,Scene III,[stage direction],Exit,NA
Act II,Scene III,Benedick,Ha! 'Against my will I am sent to bid you come in,1022
Act II,Scene III,Benedick,to dinner;' there's a double meaning in that 'I took,1023
Act II,Scene III,Benedick,no more pains for those thanks than you took pains,1024
Act II,Scene III,Benedick,"to thank me.' that's as much as to say, Any pains",1025
Act II,Scene III,Benedick,that I take for you is as easy as thanks. If I do,1026
Act II,Scene III,Benedick,"not take pity of her, I am a villain; if I do not",1027
Act II,Scene III,Benedick,"love her, I am a Jew. I will go get her picture.",1028
Act II,Scene III,[stage direction],Exit,NA
Act III,Scene I,[stage direction],"Enter HERO, MARGARET, and URSULA",NA
Act III,Scene I,Hero,"Good Margaret, run thee to the parlor;",1029
Act III,Scene I,Hero,There shalt thou find my cousin Beatrice,1030
Act III,Scene I,Hero,Proposing with the prince and Claudio:,1031
Act III,Scene I,Hero,"Whisper her ear and tell her, I and Ursula",1032
Act III,Scene I,Hero,Walk in the orchard and our whole discourse,1033
Act III,Scene I,Hero,Is all of her; say that thou overheard'st us;,1034
Act III,Scene I,Hero,"And bid her steal into the pleached bower,",1035
Act III,Scene I,Hero,"Where honeysuckles, ripen'd by the sun,",1036
Act III,Scene I,Hero,"Forbid the sun to enter, like favourites,",1037
Act III,Scene I,Hero,"Made proud by princes, that advance their pride",1038
Act III,Scene I,Hero,"Against that power that bred it: there will she hide her,",1039
Act III,Scene I,Hero,To listen our purpose.  This is thy office;,1040
Act III,Scene I,Hero,Bear thee well in it and leave us alone.,1041
Act III,Scene I,Margaret,"I'll make her come, I warrant you, presently.",1042
Act III,Scene I,[stage direction],Exit,NA
Act III,Scene I,Hero,"Now, Ursula, when Beatrice doth come,",1043
Act III,Scene I,Hero,"As we do trace this alley up and down,",1044
Act III,Scene I,Hero,Our talk must only be of Benedick.,1045
Act III,Scene I,Hero,"When I do name him, let it be thy part",1046
Act III,Scene I,Hero,To praise him more than ever man did merit:,1047
Act III,Scene I,Hero,My talk to thee must be how Benedick,1048
Act III,Scene I,Hero,Is sick in love with Beatrice. Of this matter,1049
Act III,Scene I,Hero,"Is little Cupid's crafty arrow made,",1050
Act III,Scene I,Hero,That only wounds by hearsay.,1051
Act III,Scene I,[stage direction],"Enter BEATRICE, behind",NA
Act III,Scene I,Hero,Now begin;,1052
Act III,Scene I,Hero,"For look where Beatrice, like a lapwing, runs",1053
Act III,Scene I,Hero,"Close by the ground, to hear our conference.",1054
Act III,Scene I,Ursula,The pleasant'st angling is to see the fish,1055
Act III,Scene I,Ursula,"Cut with her golden oars the silver stream,",1056
Act III,Scene I,Ursula,And greedily devour the treacherous bait:,1057
Act III,Scene I,Ursula,So angle we for Beatrice; who even now,1058
Act III,Scene I,Ursula,Is couched in the woodbine coverture.,1059
Act III,Scene I,Ursula,Fear you not my part of the dialogue.,1060
Act III,Scene I,Hero,"Then go we near her, that her ear lose nothing",1061
Act III,Scene I,Hero,Of the false sweet bait that we lay for it.,1062
Act III,Scene I,[stage direction],Approaching the bower,NA
Act III,Scene I,Hero,"No, truly, Ursula, she is too disdainful;",1063
Act III,Scene I,Hero,I know her spirits are as coy and wild,1064
Act III,Scene I,Hero,As haggerds of the rock.,1065
Act III,Scene I,Ursula,But are you sure,1066
Act III,Scene I,Ursula,That Benedick loves Beatrice so entirely?,1067
Act III,Scene I,Hero,So says the prince and my new-trothed lord.,1068
Act III,Scene I,Ursula,"And did they bid you tell her of it, madam?",1069
Act III,Scene I,Hero,They did entreat me to acquaint her of it;,1070
Act III,Scene I,Hero,"But I persuaded them, if they loved Benedick,",1071
Act III,Scene I,Hero,"To wish him wrestle with affection,",1072
Act III,Scene I,Hero,And never to let Beatrice know of it.,1073
Act III,Scene I,Ursula,Why did you so? Doth not the gentleman,1074
Act III,Scene I,Ursula,Deserve as full as fortunate a bed,1075
Act III,Scene I,Ursula,As ever Beatrice shall couch upon?,1076
Act III,Scene I,Hero,O god of love! I know he doth deserve,1077
Act III,Scene I,Hero,As much as may be yielded to a man:,1078
Act III,Scene I,Hero,But Nature never framed a woman's heart,1079
Act III,Scene I,Hero,Of prouder stuff than that of Beatrice;,1080
Act III,Scene I,Hero,"Disdain and scorn ride sparkling in her eyes,",1081
Act III,Scene I,Hero,"Misprising what they look on, and her wit",1082
Act III,Scene I,Hero,Values itself so highly that to her,1083
Act III,Scene I,Hero,"All matter else seems weak: she cannot love,",1084
Act III,Scene I,Hero,"Nor take no shape nor project of affection,",1085
Act III,Scene I,Hero,She is so self-endeared.,1086
Act III,Scene I,Ursula,"Sure, I think so;",1087
Act III,Scene I,Ursula,And therefore certainly it were not good,1088
Act III,Scene I,Ursula,"She knew his love, lest she make sport at it.",1089
Act III,Scene I,Hero,"Why, you speak truth. I never yet saw man,",1090
Act III,Scene I,Hero,"How wise, how noble, young, how rarely featured,",1091
Act III,Scene I,Hero,"But she would spell him backward: if fair-faced,",1092
Act III,Scene I,Hero,She would swear the gentleman should be her sister;,1093
Act III,Scene I,Hero,"If black, why, Nature, drawing of an antique,",1094
Act III,Scene I,Hero,"Made a foul blot; if tall, a lance ill-headed;",1095
Act III,Scene I,Hero,"If low, an agate very vilely cut;",1096
Act III,Scene I,Hero,"If speaking, why, a vane blown with all winds;",1097
Act III,Scene I,Hero,"If silent, why, a block moved with none.",1098
Act III,Scene I,Hero,So turns she every man the wrong side out,1099
Act III,Scene I,Hero,And never gives to truth and virtue that,1100
Act III,Scene I,Hero,Which simpleness and merit purchaseth.,1101
Act III,Scene I,Ursula,"Sure, sure, such carping is not commendable.",1102
Act III,Scene I,Hero,"No, not to be so odd and from all fashions",1103
Act III,Scene I,Hero,"As Beatrice is, cannot be commendable:",1104
Act III,Scene I,Hero,"But who dare tell her so? If I should speak,",1105
Act III,Scene I,Hero,"She would mock me into air; O, she would laugh me",1106
Act III,Scene I,Hero,"Out of myself, press me to death with wit.",1107
Act III,Scene I,Hero,"Therefore let Benedick, like cover'd fire,",1108
Act III,Scene I,Hero,"Consume away in sighs, waste inwardly:",1109
Act III,Scene I,Hero,"It were a better death than die with mocks,",1110
Act III,Scene I,Hero,Which is as bad as die with tickling.,1111
Act III,Scene I,Ursula,Yet tell her of it: hear what she will say.,1112
Act III,Scene I,Hero,No; rather I will go to Benedick,1113
Act III,Scene I,Hero,And counsel him to fight against his passion.,1114
Act III,Scene I,Hero,"And, truly, I'll devise some honest slanders",1115
Act III,Scene I,Hero,To stain my cousin with: one doth not know,1116
Act III,Scene I,Hero,How much an ill word may empoison liking.,1117
Act III,Scene I,Ursula,"O, do not do your cousin such a wrong.",1118
Act III,Scene I,Ursula,She cannot be so much without true judgment--,1119
Act III,Scene I,Ursula,Having so swift and excellent a wit,1120
Act III,Scene I,Ursula,As she is prized to have--as to refuse,1121
Act III,Scene I,Ursula,So rare a gentleman as Signior Benedick.,1122
Act III,Scene I,Hero,He is the only man of Italy.,1123
Act III,Scene I,Hero,Always excepted my dear Claudio.,1124
Act III,Scene I,Ursula,"I pray you, be not angry with me, madam,",1125
Act III,Scene I,Ursula,"Speaking my fancy: Signior Benedick,",1126
Act III,Scene I,Ursula,"For shape, for bearing, argument and valour,",1127
Act III,Scene I,Ursula,Goes foremost in report through Italy.,1128
Act III,Scene I,Hero,"Indeed, he hath an excellent good name.",1129
Act III,Scene I,Ursula,"His excellence did earn it, ere he had it.",1130
Act III,Scene I,Ursula,"When are you married, madam?",1131
Act III,Scene I,Hero,"Why, every day, to-morrow. Come, go in:",1132
Act III,Scene I,Hero,"I'll show thee some attires, and have thy counsel",1133
Act III,Scene I,Hero,Which is the best to furnish me to-morrow.,1134
Act III,Scene I,Ursula,"She's limed, I warrant you: we have caught her, madam.",1135
Act III,Scene I,Hero,"If it proves so, then loving goes by haps:",1136
Act III,Scene I,Hero,"Some Cupid kills with arrows, some with traps.",1137
Act III,Scene I,[stage direction],Exeunt HERO and URSULA,NA
Act III,Scene I,Beatrice,[Coming forward],1138
Act III,Scene I,Beatrice,What fire is in mine ears? Can this be true?,1139
Act III,Scene I,Beatrice,Stand I condemn'd for pride and scorn so much?,1140
Act III,Scene I,Beatrice,"Contempt, farewell! and maiden pride, adieu!",1141
Act III,Scene I,Beatrice,No glory lives behind the back of such.,1142
Act III,Scene I,Beatrice,"And, Benedick, love on; I will requite thee,",1143
Act III,Scene I,Beatrice,Taming my wild heart to thy loving hand:,1144
Act III,Scene I,Beatrice,"If thou dost love, my kindness shall incite thee",1145
Act III,Scene I,Beatrice,To bind our loves up in a holy band;,1146
Act III,Scene I,Beatrice,"For others say thou dost deserve, and I",1147
Act III,Scene I,Beatrice,Believe it better than reportingly.,1148
Act III,Scene I,[stage direction],Exit,NA
Act III,Scene II,[stage direction],"Enter DON PEDRO, CLAUDIO, BENEDICK, and LEONATO",NA
Act III,Scene II,Don Pedro,"I do but stay till your marriage be consummate, and",1149
Act III,Scene II,Don Pedro,then go I toward Arragon.,1150
Act III,Scene II,Claudio,"I'll bring you thither, my lord, if you'll",1151
Act III,Scene II,Claudio,vouchsafe me.,1152
Act III,Scene II,Don Pedro,"Nay, that would be as great a soil in the new gloss",1153
Act III,Scene II,Don Pedro,of your marriage as to show a child his new coat,1154
Act III,Scene II,Don Pedro,and forbid him to wear it. I will only be bold,1155
Act III,Scene II,Don Pedro,"with Benedick for his company; for, from the crown",1156
Act III,Scene II,Don Pedro,"of his head to the sole of his foot, he is all",1157
Act III,Scene II,Don Pedro,mirth: he hath twice or thrice cut Cupid's,1158
Act III,Scene II,Don Pedro,bow-string and the little hangman dare not shoot at,1159
Act III,Scene II,Don Pedro,him; he hath a heart as sound as a bell and his,1160
Act III,Scene II,Don Pedro,"tongue is the clapper, for what his heart thinks his",1161
Act III,Scene II,Don Pedro,tongue speaks.,1162
Act III,Scene II,Benedick,"Gallants, I am not as I have been.",1163
Act III,Scene II,Leonato,So say I	methinks you are sadder.,1164
Act III,Scene II,Claudio,I hope he be in love.,1165
Act III,Scene II,Don Pedro,"Hang him, truant! there's no true drop of blood in",1166
Act III,Scene II,Don Pedro,"him, to be truly touched with love: if he be sad,",1167
Act III,Scene II,Don Pedro,he wants money.,1168
Act III,Scene II,Benedick,I have the toothache.,1169
Act III,Scene II,Don Pedro,Draw it.,1170
Act III,Scene II,Benedick,Hang it!,1171
Act III,Scene II,Claudio,"You must hang it first, and draw it afterwards.",1172
Act III,Scene II,Don Pedro,What! sigh for the toothache?,1173
Act III,Scene II,Leonato,Where is but a humour or a worm.,1174
Act III,Scene II,Benedick,"Well, every one can master a grief but he that has",1175
Act III,Scene II,Benedick,it.,1176
Act III,Scene II,Claudio,"Yet say I, he is in love.",1177
Act III,Scene II,Don Pedro,"There is no appearance of fancy in him, unless it be",1178
Act III,Scene II,Don Pedro,"a fancy that he hath to strange disguises; as, to be",1179
Act III,Scene II,Don Pedro,"a Dutchman today, a Frenchman to-morrow, or in the",1180
Act III,Scene II,Don Pedro,"shape of two countries at once, as, a German from",1181
Act III,Scene II,Don Pedro,"the waist downward, all slops, and a Spaniard from",1182
Act III,Scene II,Don Pedro,"the hip upward, no doublet. Unless he have a fancy",1183
Act III,Scene II,Don Pedro,"to this foolery, as it appears he hath, he is no",1184
Act III,Scene II,Don Pedro,"fool for fancy, as you would have it appear he is.",1185
Act III,Scene II,Claudio,"If he be not in love with some woman, there is no",1186
Act III,Scene II,Claudio,believing old signs: a' brushes his hat o',1187
Act III,Scene II,Claudio,mornings; what should that bode?,1188
Act III,Scene II,Don Pedro,Hath any man seen him at the barber's?,1189
Act III,Scene II,Claudio,"No, but the barber's man hath been seen with him,",1190
Act III,Scene II,Claudio,and the old ornament of his cheek hath already,1191
Act III,Scene II,Claudio,stuffed tennis-balls.,1192
Act III,Scene II,Leonato,"Indeed, he looks younger than he did, by the loss of a beard.",1193
Act III,Scene II,Don Pedro,"Nay, a' rubs himself with civet: can you smell him",1194
Act III,Scene II,Don Pedro,out by that?,1195
Act III,Scene II,Claudio,"That's as much as to say, the sweet youth's in love.",1196
Act III,Scene II,Don Pedro,The greatest note of it is his melancholy.,1197
Act III,Scene II,Claudio,And when was he wont to wash his face?,1198
Act III,Scene II,Don Pedro,"Yea, or to paint himself? for the which, I hear",1199
Act III,Scene II,Don Pedro,what they say of him.,1200
Act III,Scene II,Claudio,"Nay, but his jesting spirit; which is now crept into",1201
Act III,Scene II,Claudio,a lute-string and now governed by stops.,1202
Act III,Scene II,Don Pedro,"Indeed, that tells a heavy tale for him: conclude,",1203
Act III,Scene II,Don Pedro,conclude he is in love.,1204
Act III,Scene II,Claudio,"Nay, but I know who loves him.",1205
Act III,Scene II,Don Pedro,"That would I know too: I warrant, one that knows him not.",1206
Act III,Scene II,Claudio,"Yes, and his ill conditions; and, in despite of",1207
Act III,Scene II,Claudio,"all, dies for him.",1208
Act III,Scene II,Don Pedro,She shall be buried with her face upwards.,1209
Act III,Scene II,Benedick,Yet is this no charm for the toothache. Old,1210
Act III,Scene II,Benedick,"signior, walk aside with me: I have studied eight",1211
Act III,Scene II,Benedick,"or nine wise words to speak to you, which these",1212
Act III,Scene II,Benedick,hobby-horses must not hear.,1213
Act III,Scene II,[stage direction],Exeunt BENEDICK and LEONATO,NA
Act III,Scene II,Don Pedro,"For my life, to break with him about Beatrice.",1214
Act III,Scene II,Claudio,'Tis even so. Hero and Margaret have by this,1215
Act III,Scene II,Claudio,played their parts with Beatrice; and then the two,1216
Act III,Scene II,Claudio,bears will not bite one another when they meet.,1217
Act III,Scene II,[stage direction],Enter DON JOHN,NA
Act III,Scene II,Don John,"My lord and brother, God save you!",1218
Act III,Scene II,Don Pedro,"Good den, brother.",1219
Act III,Scene II,Don John,"If your leisure served, I would speak with you.",1220
Act III,Scene II,Don Pedro,In private?,1221
Act III,Scene II,Don John,If it please you: yet Count Claudio may hear; for,1222
Act III,Scene II,Don John,what I would speak of concerns him.,1223
Act III,Scene II,Don Pedro,What's the matter?,1224
Act III,Scene II,Don John,[To CLAUDIO]  Means your lordship to be married,1225
Act III,Scene II,Don John,to-morrow?,1226
Act III,Scene II,Don Pedro,You know he does.,1227
Act III,Scene II,Don John,"I know not that, when he knows what I know.",1228
Act III,Scene II,Claudio,"If there be any impediment, I pray you discover it.",1229
Act III,Scene II,Don John,You may think I love you not: let that appear,1230
Act III,Scene II,Don John,"hereafter, and aim better at me by that I now will",1231
Act III,Scene II,Don John,"manifest. For my brother, I think he holds you",1232
Act III,Scene II,Don John,"well, and in dearness of heart hath holp to effect",1233
Act III,Scene II,Don John,your ensuing marriage;--surely suit ill spent and,1234
Act III,Scene II,Don John,labour ill bestowed.,1235
Act III,Scene II,Don Pedro,"Why, what's the matter?",1236
Act III,Scene II,Don John,"I came hither to tell you; and, circumstances",1237
Act III,Scene II,Don John,"shortened, for she has been too long a talking of,",1238
Act III,Scene II,Don John,the lady is disloyal.,1239
Act III,Scene II,Claudio,"Who, Hero?",1240
Act III,Scene II,Don Pedro,"Even she; Leonato's Hero, your Hero, every man's Hero:",1241
Act III,Scene II,Claudio,Disloyal?,1242
Act III,Scene II,Don John,The word is too good to paint out her wickedness; I,1243
Act III,Scene II,Don John,could say she were worse: think you of a worse,1244
Act III,Scene II,Don John,"title, and I will fit her to it. Wonder not till",1245
Act III,Scene II,Don John,"further warrant: go but with me to-night, you shall",1246
Act III,Scene II,Don John,"see her chamber-window entered, even the night",1247
Act III,Scene II,Don John,"before her wedding-day: if you love her then,",1248
Act III,Scene II,Don John,to-morrow wed her; but it would better fit your honour,1249
Act III,Scene II,Don John,to change your mind.,1250
Act III,Scene II,Claudio,May this be so?,1251
Act III,Scene II,Don Pedro,I will not think it.,1252
Act III,Scene II,Don John,"If you dare not trust that you see, confess not",1253
Act III,Scene II,Don John,"that you know: if you will follow me, I will show",1254
Act III,Scene II,Don John,you enough; and when you have seen more and heard,1255
Act III,Scene II,Don John,"more, proceed accordingly.",1256
Act III,Scene II,Claudio,If I see any thing to-night why I should not marry,1257
Act III,Scene II,Claudio,"her to-morrow in the congregation, where I should",1258
Act III,Scene II,Claudio,"wed, there will I shame her.",1259
Act III,Scene II,Don Pedro,"And, as I wooed for thee to obtain her, I will join",1260
Act III,Scene II,Don Pedro,with thee to disgrace her.,1261
Act III,Scene II,Don John,I will disparage her no farther till you are my,1262
Act III,Scene II,Don John,"witnesses: bear it coldly but till midnight, and",1263
Act III,Scene II,Don John,let the issue show itself.,1264
Act III,Scene II,Don Pedro,O day untowardly turned!,1265
Act III,Scene II,Claudio,O mischief strangely thwarting!,1266
Act III,Scene II,Don John,O plague right well prevented! so will you say when,1267
Act III,Scene II,Don John,you have seen the sequel.,1268
Act III,Scene II,[stage direction],Exeunt,NA
Act III,Scene III,[stage direction],Enter DOGBERRY and VERGES with the Watch,NA
Act III,Scene III,Dogberry,Are you good men and true?,1269
Act III,Scene III,Verges,"Yea, or else it were pity but they should suffer",1270
Act III,Scene III,Verges,"salvation, body and soul.",1271
Act III,Scene III,Dogberry,"Nay, that were a punishment too good for them, if",1272
Act III,Scene III,Dogberry,"they should have any allegiance in them, being",1273
Act III,Scene III,Dogberry,chosen for the prince's watch.,1274
Act III,Scene III,Verges,"Well, give them their charge, neighbour Dogberry.",1275
Act III,Scene III,Dogberry,"First, who think you the most desertless man to be",1276
Act III,Scene III,Dogberry,constable?,1277
Act III,Scene III,First Watchman,"Hugh Otecake, sir, or George Seacole; for they can",1278
Act III,Scene III,First Watchman,write and read.,1279
Act III,Scene III,Dogberry,"Come hither, neighbour Seacole. God hath blessed",1280
Act III,Scene III,Dogberry,you with a good name: to be a well-favoured man is,1281
Act III,Scene III,Dogberry,the gift of fortune; but to write and read comes by nature.,1282
Act III,Scene III,Second Watchman,"Both which, master constable,--",1283
Act III,Scene III,Dogberry,"You have: I knew it would be your answer. Well,",1284
Act III,Scene III,Dogberry,"for your favour, sir, why, give God thanks, and make",1285
Act III,Scene III,Dogberry,"no boast of it; and for your writing and reading,",1286
Act III,Scene III,Dogberry,let that appear when there is no need of such,1287
Act III,Scene III,Dogberry,vanity. You are thought here to be the most,1288
Act III,Scene III,Dogberry,senseless and fit man for the constable of the,1289
Act III,Scene III,Dogberry,watch; therefore bear you the lantern. This is your,1290
Act III,Scene III,Dogberry,charge: you shall comprehend all vagrom men; you are,1291
Act III,Scene III,Dogberry,"to bid any man stand, in the prince's name.",1292
Act III,Scene III,Second Watchman,How if a' will not stand?,1293
Act III,Scene III,Dogberry,"Why, then, take no note of him, but let him go; and",1294
Act III,Scene III,Dogberry,presently call the rest of the watch together and,1295
Act III,Scene III,Dogberry,thank God you are rid of a knave.,1296
Act III,Scene III,Verges,"If he will not stand when he is bidden, he is none",1297
Act III,Scene III,Verges,of the prince's subjects.,1298
Act III,Scene III,Dogberry,"True, and they are to meddle with none but the",1299
Act III,Scene III,Dogberry,prince's subjects. You shall also make no noise in,1300
Act III,Scene III,Dogberry,"the streets; for, for the watch to babble and to",1301
Act III,Scene III,Dogberry,talk is most tolerable and not to be endured.,1302
Act III,Scene III,Watchman,We will rather sleep than talk: we know what,1303
Act III,Scene III,Watchman,belongs to a watch.,1304
Act III,Scene III,Dogberry,"Why, you speak like an ancient and most quiet",1305
Act III,Scene III,Dogberry,watchman; for I cannot see how sleeping should,1306
Act III,Scene III,Dogberry,"offend: only, have a care that your bills be not",1307
Act III,Scene III,Dogberry,"stolen. Well, you are to call at all the",1308
Act III,Scene III,Dogberry,"ale-houses, and bid those that are drunk get them to bed.",1309
Act III,Scene III,Watchman,How if they will not?,1310
Act III,Scene III,Dogberry,"Why, then, let them alone till they are sober: if",1311
Act III,Scene III,Dogberry,"they make you not then the better answer, you may",1312
Act III,Scene III,Dogberry,say they are not the men you took them for.,1313
Act III,Scene III,Watchman,"Well, sir.",1314
Act III,Scene III,Dogberry,"If you meet a thief, you may suspect him, by virtue",1315
Act III,Scene III,Dogberry,"of your office, to be no true man; and, for such",1316
Act III,Scene III,Dogberry,"kind of men, the less you meddle or make with them,",1317
Act III,Scene III,Dogberry,why the more is for your honesty.,1318
Act III,Scene III,Watchman,"If we know him to be a thief, shall we not lay",1319
Act III,Scene III,Watchman,hands on him?,1320
Act III,Scene III,Dogberry,"Truly, by your office, you may; but I think they",1321
Act III,Scene III,Dogberry,that touch pitch will be defiled: the most peaceable,1322
Act III,Scene III,Dogberry,"way for you, if you do take a thief, is to let him",1323
Act III,Scene III,Dogberry,show himself what he is and steal out of your company.,1324
Act III,Scene III,Verges,"You have been always called a merciful man, partner.",1325
Act III,Scene III,Dogberry,"Truly, I would not hang a dog by my will, much more",1326
Act III,Scene III,Dogberry,a man who hath any honesty in him.,1327
Act III,Scene III,Verges,"If you hear a child cry in the night, you must call",1328
Act III,Scene III,Verges,to the nurse and bid her still it.,1329
Act III,Scene III,Watchman,How if the nurse be asleep and will not hear us?,1330
Act III,Scene III,Dogberry,"Why, then, depart in peace, and let the child wake",1331
Act III,Scene III,Dogberry,her with crying; for the ewe that will not hear her,1332
Act III,Scene III,Dogberry,lamb when it baes will never answer a calf when he bleats.,1333
Act III,Scene III,Verges,'Tis very true.,1334
Act III,Scene III,Dogberry,"This is the end of the charge:--you, constable, are",1335
Act III,Scene III,Dogberry,to present the prince's own person: if you meet the,1336
Act III,Scene III,Dogberry,"prince in the night, you may stay him.",1337
Act III,Scene III,Verges,"Nay, by'r our lady, that I think a' cannot.",1338
Act III,Scene III,Dogberry,"Five shillings to one on't, with any man that knows",1339
Act III,Scene III,Dogberry,"the statutes, he may stay him: marry, not without",1340
Act III,Scene III,Dogberry,"the prince be willing; for, indeed, the watch ought",1341
Act III,Scene III,Dogberry,to offend no man; and it is an offence to stay a,1342
Act III,Scene III,Dogberry,man against his will.,1343
Act III,Scene III,Verges,"By'r lady, I think it be so.",1344
Act III,Scene III,Dogberry,"Ha, ha, ha! Well, masters, good night: an there be",1345
Act III,Scene III,Dogberry,"any matter of weight chances, call up me: keep your",1346
Act III,Scene III,Dogberry,fellows' counsels and your own; and good night.,1347
Act III,Scene III,Dogberry,"Come, neighbour.",1348
Act III,Scene III,Watchman,"Well, masters, we hear our charge: let us go sit here",1349
Act III,Scene III,Watchman,"upon the church-bench till two, and then all to bed.",1350
Act III,Scene III,Dogberry,"One word more, honest neighbours. I pray you watch",1351
Act III,Scene III,Dogberry,about Signior Leonato's door; for the wedding being,1352
Act III,Scene III,Dogberry,"there to-morrow, there is a great coil to-night.",1353
Act III,Scene III,Dogberry,"Adieu: be vigitant, I beseech you.",1354
Act III,Scene III,[stage direction],Exeunt DOGBERRY and VERGES,NA
Act III,Scene III,[stage direction],Enter BORACHIO and CONRADE,NA
Act III,Scene III,Borachio,What Conrade!,1355
Act III,Scene III,Watchman,[Aside]  Peace! stir not.,1356
Act III,Scene III,Borachio,"Conrade, I say!",1357
Act III,Scene III,Conrade,"Here, man; I am at thy elbow.",1358
Act III,Scene III,Borachio,"Mass, and my elbow itched; I thought there would a",1359
Act III,Scene III,Borachio,scab follow.,1360
Act III,Scene III,Conrade,I will owe thee an answer for that: and now forward,1361
Act III,Scene III,Conrade,with thy tale.,1362
Act III,Scene III,Borachio,"Stand thee close, then, under this pent-house, for",1363
Act III,Scene III,Borachio,"it drizzles rain; and I will, like a true drunkard,",1364
Act III,Scene III,Borachio,utter all to thee.,1365
Act III,Scene III,Watchman,"[Aside]  Some treason, masters: yet stand close.",1366
Act III,Scene III,Borachio,Therefore know I have earned of Don John a thousand ducats.,1367
Act III,Scene III,Conrade,Is it possible that any villany should be so dear?,1368
Act III,Scene III,Borachio,Thou shouldst rather ask if it were possible any,1369
Act III,Scene III,Borachio,villany should be so rich; for when rich villains,1370
Act III,Scene III,Borachio,"have need of poor ones, poor ones may make what",1371
Act III,Scene III,Borachio,price they will.,1372
Act III,Scene III,Conrade,I wonder at it.,1373
Act III,Scene III,Borachio,That shows thou art unconfirmed. Thou knowest that,1374
Act III,Scene III,Borachio,"the fashion of a doublet, or a hat, or a cloak, is",1375
Act III,Scene III,Borachio,nothing to a man.,1376
Act III,Scene III,Conrade,"Yes, it is apparel.",1377
Act III,Scene III,Borachio,"I mean, the fashion.",1378
Act III,Scene III,Conrade,"Yes, the fashion is the fashion.",1379
Act III,Scene III,Borachio,Tush! I may as well say the fool's the fool. But,1380
Act III,Scene III,Borachio,seest thou not what a deformed thief this fashion,1381
Act III,Scene III,Borachio,is?,1382
Act III,Scene III,Watchman,[Aside]  I know that Deformed; a' has been a vile,1383
Act III,Scene III,Watchman,thief this seven year; a' goes up and down like a,1384
Act III,Scene III,Watchman,gentleman: I remember his name.,1385
Act III,Scene III,Borachio,Didst thou not hear somebody?,1386
Act III,Scene III,Conrade,No; 'twas the vane on the house.,1387
Act III,Scene III,Borachio,"Seest thou not, I say, what a deformed thief this",1388
Act III,Scene III,Borachio,fashion is? how giddily a' turns about all the hot,1389
Act III,Scene III,Borachio,bloods between fourteen and five-and-thirty?,1390
Act III,Scene III,Borachio,sometimes fashioning them like Pharaoh's soldiers,1391
Act III,Scene III,Borachio,"in the reeky painting, sometime like god Bel's",1392
Act III,Scene III,Borachio,"priests in the old church-window, sometime like the",1393
Act III,Scene III,Borachio,"shaven Hercules in the smirched worm-eaten tapestry,",1394
Act III,Scene III,Borachio,where his codpiece seems as massy as his club?,1395
Act III,Scene III,Conrade,All this I see; and I see that the fashion wears,1396
Act III,Scene III,Conrade,out more apparel than the man. But art not thou,1397
Act III,Scene III,Conrade,"thyself giddy with the fashion too, that thou hast",1398
Act III,Scene III,Conrade,shifted out of thy tale into telling me of the fashion?,1399
Act III,Scene III,Borachio,"Not so, neither: but know that I have to-night",1400
Act III,Scene III,Borachio,"wooed Margaret, the Lady Hero's gentlewoman, by the",1401
Act III,Scene III,Borachio,name of Hero: she leans me out at her mistress',1402
Act III,Scene III,Borachio,"chamber-window, bids me a thousand times good",1403
Act III,Scene III,Borachio,"night,--I tell this tale vilely:--I should first",1404
Act III,Scene III,Borachio,"tell thee how the prince, Claudio and my master,",1405
Act III,Scene III,Borachio,planted and placed and possessed by my master Don,1406
Act III,Scene III,Borachio,"John, saw afar off in the orchard this amiable encounter.",1407
Act III,Scene III,Conrade,And thought they Margaret was Hero?,1408
Act III,Scene III,Borachio,"Two of them did, the prince and Claudio; but the",1409
Act III,Scene III,Borachio,devil my master knew she was Margaret; and partly,1410
Act III,Scene III,Borachio,"by his oaths, which first possessed them, partly by",1411
Act III,Scene III,Borachio,"the dark night, which did deceive them, but chiefly",1412
Act III,Scene III,Borachio,"by my villany, which did confirm any slander that",1413
Act III,Scene III,Borachio,"Don John had made, away went Claudio enraged; swore",1414
Act III,Scene III,Borachio,"he would meet her, as he was appointed, next morning",1415
Act III,Scene III,Borachio,"at the temple, and there, before the whole",1416
Act III,Scene III,Borachio,"congregation, shame her with what he saw o'er night",1417
Act III,Scene III,Borachio,and send her home again without a husband.,1418
Act III,Scene III,First Watchman,"We charge you, in the prince's name, stand!",1419
Act III,Scene III,Second Watchman,Call up the right master constable. We have here,1420
Act III,Scene III,Second Watchman,recovered the most dangerous piece of lechery that,1421
Act III,Scene III,Second Watchman,ever was known in the commonwealth.,1422
Act III,Scene III,First Watchman,And one Deformed is one of them: I know him; a',1423
Act III,Scene III,First Watchman,wears a lock.,1424
Act III,Scene III,Conrade,"Masters, masters,--",1425
Act III,Scene III,Second Watchman,"You'll be made bring Deformed forth, I warrant you.",1426
Act III,Scene III,Conrade,"Masters,--",1427
Act III,Scene III,First Watchman,Never speak: we charge you let us obey you to go with us.,1428
Act III,Scene III,Borachio,"We are like to prove a goodly commodity, being taken",1429
Act III,Scene III,Borachio,up of these men's bills.,1430
Act III,Scene III,Conrade,"A commodity in question, I warrant you. Come, we'll obey you.",1431
Act III,Scene III,[stage direction],Exeunt,NA
Act III,Scene IV,[stage direction],"Enter HERO, MARGARET, and URSULA",NA
Act III,Scene IV,Hero,"Good Ursula, wake my cousin Beatrice, and desire",1432
Act III,Scene IV,Hero,her to rise.,1433
Act III,Scene IV,Ursula,"I will, lady.",1434
Act III,Scene IV,Hero,And bid her come hither.,1435
Act III,Scene IV,Ursula,Well.,1436
Act III,Scene IV,[stage direction],Exit,NA
Act III,Scene IV,Margaret,"Troth, I think your other rabato were better.",1437
Act III,Scene IV,Hero,"No, pray thee, good Meg, I'll wear this.",1438
Act III,Scene IV,Margaret,"By my troth, 's not so good; and I warrant your",1439
Act III,Scene IV,Margaret,cousin will say so.,1440
Act III,Scene IV,Hero,"My cousin's a fool, and thou art another: I'll wear",1441
Act III,Scene IV,Hero,none but this.,1442
Act III,Scene IV,Margaret,"I like the new tire within excellently, if the hair",1443
Act III,Scene IV,Margaret,were a thought browner; and your gown's a most rare,1444
Act III,Scene IV,Margaret,"fashion, i' faith. I saw the Duchess of Milan's",1445
Act III,Scene IV,Margaret,gown that they praise so.,1446
Act III,Scene IV,Hero,"O, that exceeds, they say.",1447
Act III,Scene IV,Margaret,"By my troth, 's but a night-gown in respect of",1448
Act III,Scene IV,Margaret,"yours: cloth o' gold, and cuts, and laced with",1449
Act III,Scene IV,Margaret,"silver, set with pearls, down sleeves, side sleeves,",1450
Act III,Scene IV,Margaret,"and skirts, round underborne with a bluish tinsel:",1451
Act III,Scene IV,Margaret,"but for a fine, quaint, graceful and excellent",1452
Act III,Scene IV,Margaret,"fashion, yours is worth ten on 't.",1453
Act III,Scene IV,Hero,God give me joy to wear it! for my heart is,1454
Act III,Scene IV,Hero,exceeding heavy.,1455
Act III,Scene IV,Margaret,'Twill be heavier soon by the weight of a man.,1456
Act III,Scene IV,Hero,Fie upon thee! art not ashamed?,1457
Act III,Scene IV,Margaret,"Of what, lady? of speaking honourably? Is not",1458
Act III,Scene IV,Margaret,marriage honourable in a beggar? Is not your lord,1459
Act III,Scene IV,Margaret,honourable without marriage? I think you would have,1460
Act III,Scene IV,Margaret,"me say, 'saving your reverence, a husband:' and bad",1461
Act III,Scene IV,Margaret,"thinking do not wrest true speaking, I'll offend",1462
Act III,Scene IV,Margaret,nobody: is there any harm in 'the heavier for a,1463
Act III,Scene IV,Margaret,"husband'? None, I think, and it be the right husband",1464
Act III,Scene IV,Margaret,"and the right wife; otherwise 'tis light, and not",1465
Act III,Scene IV,Margaret,heavy: ask my Lady Beatrice else; here she comes.,1466
Act III,Scene IV,[stage direction],Enter BEATRICE,NA
Act III,Scene IV,Hero,"Good morrow, coz.",1467
Act III,Scene IV,Beatrice,"Good morrow, sweet Hero.",1468
Act III,Scene IV,Hero,Why how now? do you speak in the sick tune?,1469
Act III,Scene IV,Beatrice,"I am out of all other tune, methinks.",1470
Act III,Scene IV,Margaret,Clap's into 'Light o' love;' that goes without a,1471
Act III,Scene IV,Margaret,"burden: do you sing it, and I'll dance it.",1472
Act III,Scene IV,Beatrice,"Ye light o' love, with your heels! then, if your",1473
Act III,Scene IV,Beatrice,"husband have stables enough, you'll see he shall",1474
Act III,Scene IV,Beatrice,lack no barns.,1475
Act III,Scene IV,Margaret,O illegitimate construction! I scorn that with my heels.,1476
Act III,Scene IV,Beatrice,"'Tis almost five o'clock, cousin; tis time you were",1477
Act III,Scene IV,Beatrice,"ready. By my troth, I am exceeding ill: heigh-ho!",1478
Act III,Scene IV,Margaret,"For a hawk, a horse, or a husband?",1479
Act III,Scene IV,Beatrice,"For the letter that begins them all, H.",1480
Act III,Scene IV,Margaret,"Well, and you be not turned Turk, there's no more",1481
Act III,Scene IV,Margaret,sailing by the star.,1482
Act III,Scene IV,Beatrice,"What means the fool, trow?",1483
Act III,Scene IV,Margaret,Nothing I; but God send every one their heart's desire!,1484
Act III,Scene IV,Hero,These gloves the count sent me; they are an,1485
Act III,Scene IV,Hero,excellent perfume.,1486
Act III,Scene IV,Beatrice,"I am stuffed, cousin; I cannot smell.",1487
Act III,Scene IV,Margaret,"A maid, and stuffed! there's goodly catching of cold.",1488
Act III,Scene IV,Beatrice,"O, God help me! God help me! how long have you",1489
Act III,Scene IV,Beatrice,professed apprehension?,1490
Act III,Scene IV,Margaret,Even since you left it. Doth not my wit become me rarely?,1491
Act III,Scene IV,Beatrice,"It is not seen enough, you should wear it in your",1492
Act III,Scene IV,Beatrice,"cap. By my troth, I am sick.",1493
Act III,Scene IV,Margaret,"Get you some of this distilled Carduus Benedictus,",1494
Act III,Scene IV,Margaret,and lay it to your heart: it is the only thing for a qualm.,1495
Act III,Scene IV,Hero,There thou prickest her with a thistle.,1496
Act III,Scene IV,Beatrice,Benedictus! why Benedictus? you have some moral in,1497
Act III,Scene IV,Beatrice,this Benedictus.,1498
Act III,Scene IV,Margaret,"Moral! no, by my troth, I have no moral meaning; I",1499
Act III,Scene IV,Margaret,"meant, plain holy-thistle. You may think perchance",1500
Act III,Scene IV,Margaret,"that I think you are in love: nay, by'r lady, I am",1501
Act III,Scene IV,Margaret,"not such a fool to think what I list, nor I list",1502
Act III,Scene IV,Margaret,"not to think what I can, nor indeed I cannot think,",1503
Act III,Scene IV,Margaret,"if I would think my heart out of thinking, that you",1504
Act III,Scene IV,Margaret,are in love or that you will be in love or that you,1505
Act III,Scene IV,Margaret,"can be in love. Yet Benedick was such another, and",1506
Act III,Scene IV,Margaret,now is he become a man: he swore he would never,1507
Act III,Scene IV,Margaret,"marry, and yet now, in despite of his heart, he eats",1508
Act III,Scene IV,Margaret,his meat without grudging: and how you may be,1509
Act III,Scene IV,Margaret,"converted I know not, but methinks you look with",1510
Act III,Scene IV,Margaret,your eyes as other women do.,1511
Act III,Scene IV,Beatrice,What pace is this that thy tongue keeps?,1512
Act III,Scene IV,Margaret,Not a false gallop.,1513
Act III,Scene IV,[stage direction],Re-enter URSULA,NA
Act III,Scene IV,Ursula,"Madam, withdraw: the prince, the count, Signior",1514
Act III,Scene IV,Ursula,"Benedick, Don John, and all the gallants of the",1515
Act III,Scene IV,Ursula,"town, are come to fetch you to church.",1516
Act III,Scene IV,Hero,"Help to dress me, good coz, good Meg, good Ursula.",1517
Act III,Scene IV,[stage direction],Exeunt,NA
Act III,Scene V,[stage direction],"Enter LEONATO, with DOGBERRY and VERGES",NA
Act III,Scene V,Leonato,"What would you with me, honest neighbour?",1518
Act III,Scene V,Dogberry,"Marry, sir, I would have some confidence with you",1519
Act III,Scene V,Dogberry,that decerns you nearly.,1520
Act III,Scene V,Leonato,"Brief, I pray you; for you see it is a busy time with me.",1521
Act III,Scene V,Dogberry,"Marry, this it is, sir.",1522
Act III,Scene V,Verges,"Yes, in truth it is, sir.",1523
Act III,Scene V,Leonato,"What is it, my good friends?",1524
Act III,Scene V,Dogberry,"Goodman Verges, sir, speaks a little off the",1525
Act III,Scene V,Dogberry,"matter: an old man, sir, and his wits are not so",1526
Act III,Scene V,Dogberry,"blunt as, God help, I would desire they were; but,",1527
Act III,Scene V,Dogberry,"in faith, honest as the skin between his brows.",1528
Act III,Scene V,Verges,"Yes, I thank God I am as honest as any man living",1529
Act III,Scene V,Verges,that is an old man and no honester than I.,1530
Act III,Scene V,Dogberry,"Comparisons are odorous: palabras, neighbour Verges.",1531
Act III,Scene V,Leonato,"Neighbours, you are tedious.",1532
Act III,Scene V,Dogberry,"It pleases your worship to say so, but we are the",1533
Act III,Scene V,Dogberry,"poor duke's officers; but truly, for mine own part,",1534
Act III,Scene V,Dogberry,"if I were as tedious as a king, I could find it in",1535
Act III,Scene V,Dogberry,my heart to bestow it all of your worship.,1536
Act III,Scene V,Leonato,"All thy tediousness on me, ah?",1537
Act III,Scene V,Dogberry,"Yea, an 'twere a thousand pound more than 'tis; for",1538
Act III,Scene V,Dogberry,I hear as good exclamation on your worship as of any,1539
Act III,Scene V,Dogberry,"man in the city; and though I be but a poor man, I",1540
Act III,Scene V,Dogberry,am glad to hear it.,1541
Act III,Scene V,Verges,And so am I.,1542
Act III,Scene V,Leonato,I would fain know what you have to say.,1543
Act III,Scene V,Verges,"Marry, sir, our watch to-night, excepting your",1544
Act III,Scene V,Verges,"worship's presence, ha' ta'en a couple of as arrant",1545
Act III,Scene V,Verges,knaves as any in Messina.,1546
Act III,Scene V,Dogberry,"A good old man, sir; he will be talking: as they",1547
Act III,Scene V,Dogberry,"say, when the age is in, the wit is out: God help",1548
Act III,Scene V,Dogberry,"us! it is a world to see. Well said, i' faith,",1549
Act III,Scene V,Dogberry,"neighbour Verges: well, God's a good man; an two men",1550
Act III,Scene V,Dogberry,"ride of a horse, one must ride behind. An honest",1551
Act III,Scene V,Dogberry,"soul, i' faith, sir; by my troth he is, as ever",1552
Act III,Scene V,Dogberry,broke bread; but God is to be worshipped; all men,1553
Act III,Scene V,Dogberry,"are not alike; alas, good neighbour!",1554
Act III,Scene V,Leonato,"Indeed, neighbour, he comes too short of you.",1555
Act III,Scene V,Dogberry,Gifts that God gives.,1556
Act III,Scene V,Leonato,I must leave you.,1557
Act III,Scene V,Dogberry,"One word, sir: our watch, sir, have indeed",1558
Act III,Scene V,Dogberry,"comprehended two aspicious persons, and we would",1559
Act III,Scene V,Dogberry,have them this morning examined before your worship.,1560
Act III,Scene V,Leonato,Take their examination yourself and bring it me: I,1561
Act III,Scene V,Leonato,"am now in great haste, as it may appear unto you.",1562
Act III,Scene V,Dogberry,It shall be suffigance.,1563
Act III,Scene V,Leonato,Drink some wine ere you go: fare you well.,1564
Act III,Scene V,[stage direction],Enter a Messenger,NA
Act III,Scene V,Messenger,"My lord, they stay for you to give your daughter to",1565
Act III,Scene V,Messenger,her husband.,1566
Act III,Scene V,Leonato,I'll wait upon them: I am ready.,1567
Act III,Scene V,[stage direction],Exeunt LEONATO and Messenger,NA
Act III,Scene V,Dogberry,"Go, good partner, go, get you to Francis Seacole;",1568
Act III,Scene V,Dogberry,bid him bring his pen and inkhorn to the gaol: we,1569
Act III,Scene V,Dogberry,are now to examination these men.,1570
Act III,Scene V,Verges,And we must do it wisely.,1571
Act III,Scene V,Dogberry,"We will spare for no wit, I warrant you; here's",1572
Act III,Scene V,Dogberry,that shall drive some of them to a non-come: only,1573
Act III,Scene V,Dogberry,get the learned writer to set down our,1574
Act III,Scene V,Dogberry,excommunication and meet me at the gaol.,1575
Act III,Scene V,[stage direction],Exeunt,NA
Act IV,Scene I,[stage direction],"Enter DON PEDRO, DON JOHN, LEONATO, FRIAR FRANCIS, CLAUDIO, BENEDICK, HERO, BEATRICE, and Attendants",NA
Act IV,Scene I,Leonato,"Come, Friar Francis, be brief; only to the plain",1576
Act IV,Scene I,Leonato,"form of marriage, and you shall recount their",1577
Act IV,Scene I,Leonato,particular duties afterwards.,1578
Act IV,Scene I,Friar Francis,"You come hither, my lord, to marry this lady.",1579
Act IV,Scene I,Claudio,No.,1580
Act IV,Scene I,Leonato,"To be married to her: friar, you come to marry her.",1581
Act IV,Scene I,Friar Francis,"Lady, you come hither to be married to this count.",1582
Act IV,Scene I,Hero,I do.,1583
Act IV,Scene I,Friar Francis,If either of you know any inward impediment why you,1584
Act IV,Scene I,Friar Francis,"should not be conjoined, charge you, on your souls,",1585
Act IV,Scene I,Friar Francis,to utter it.,1586
Act IV,Scene I,Claudio,"Know you any, Hero?",1587
Act IV,Scene I,Hero,"None, my lord.",1588
Act IV,Scene I,Friar Francis,"Know you any, count?",1589
Act IV,Scene I,Leonato,"I dare make his answer, none.",1590
Act IV,Scene I,Claudio,"O, what men dare do! what men may do! what men daily",1591
Act IV,Scene I,Claudio,"do, not knowing what they do!",1592
Act IV,Scene I,Benedick,"How now! interjections? Why, then, some be of",1593
Act IV,Scene I,Benedick,"laughing, as, ah, ha, he!",1594
Act IV,Scene I,Claudio,"Stand thee by, friar. Father, by your leave:",1595
Act IV,Scene I,Claudio,Will you with free and unconstrained soul,1596
Act IV,Scene I,Claudio,"Give me this maid, your daughter?",1597
Act IV,Scene I,Leonato,"As freely, son, as God did give her me.",1598
Act IV,Scene I,Claudio,"And what have I to give you back, whose worth",1599
Act IV,Scene I,Claudio,May counterpoise this rich and precious gift?,1600
Act IV,Scene I,Don Pedro,"Nothing, unless you render her again.",1601
Act IV,Scene I,Claudio,"Sweet prince, you learn me noble thankfulness.",1602
Act IV,Scene I,Claudio,"There, Leonato, take her back again:",1603
Act IV,Scene I,Claudio,Give not this rotten orange to your friend;,1604
Act IV,Scene I,Claudio,She's but the sign and semblance of her honour.,1605
Act IV,Scene I,Claudio,Behold how like a maid she blushes here!,1606
Act IV,Scene I,Claudio,"O, what authority and show of truth",1607
Act IV,Scene I,Claudio,Can cunning sin cover itself withal!,1608
Act IV,Scene I,Claudio,Comes not that blood as modest evidence,1609
Act IV,Scene I,Claudio,"To witness simple virtue? Would you not swear,",1610
Act IV,Scene I,Claudio,"All you that see her, that she were a maid,",1611
Act IV,Scene I,Claudio,By these exterior shows? But she is none:,1612
Act IV,Scene I,Claudio,She knows the heat of a luxurious bed;,1613
Act IV,Scene I,Claudio,"Her blush is guiltiness, not modesty.",1614
Act IV,Scene I,Leonato,"What do you mean, my lord?",1615
Act IV,Scene I,Claudio,"Not to be married,",1616
Act IV,Scene I,Claudio,Not to knit my soul to an approved wanton.,1617
Act IV,Scene I,Leonato,"Dear my lord, if you, in your own proof,",1618
Act IV,Scene I,Leonato,"Have vanquish'd the resistance of her youth,",1619
Act IV,Scene I,Leonato,"And made defeat of her virginity,--",1620
Act IV,Scene I,Claudio,"I know what you would say: if I have known her,",1621
Act IV,Scene I,Claudio,"You will say she did embrace me as a husband,",1622
Act IV,Scene I,Claudio,And so extenuate the 'forehand sin:,1623
Act IV,Scene I,Claudio,"No, Leonato,",1624
Act IV,Scene I,Claudio,I never tempted her with word too large;,1625
Act IV,Scene I,Claudio,"But, as a brother to his sister, show'd",1626
Act IV,Scene I,Claudio,Bashful sincerity and comely love.,1627
Act IV,Scene I,Hero,And seem'd I ever otherwise to you?,1628
Act IV,Scene I,Claudio,Out on thee! Seeming! I will write against it:,1629
Act IV,Scene I,Claudio,"You seem to me as Dian in her orb,",1630
Act IV,Scene I,Claudio,As chaste as is the bud ere it be blown;,1631
Act IV,Scene I,Claudio,But you are more intemperate in your blood,1632
Act IV,Scene I,Claudio,"Than Venus, or those pamper'd animals",1633
Act IV,Scene I,Claudio,That rage in savage sensuality.,1634
Act IV,Scene I,Hero,"Is my lord well, that he doth speak so wide?",1635
Act IV,Scene I,Leonato,"Sweet prince, why speak not you?",1636
Act IV,Scene I,Don Pedro,What should I speak?,1637
Act IV,Scene I,Don Pedro,"I stand dishonour'd, that have gone about",1638
Act IV,Scene I,Don Pedro,To link my dear friend to a common stale.,1639
Act IV,Scene I,Leonato,"Are these things spoken, or do I but dream?",1640
Act IV,Scene I,Don John,"Sir, they are spoken, and these things are true.",1641
Act IV,Scene I,Benedick,This looks not like a nuptial.,1642
Act IV,Scene I,Hero,True! O God!,1643
Act IV,Scene I,Claudio,"Leonato, stand I here?",1644
Act IV,Scene I,Claudio,Is this the prince? is this the prince's brother?,1645
Act IV,Scene I,Claudio,Is this face Hero's? are our eyes our own?,1646
Act IV,Scene I,Leonato,"All this is so: but what of this, my lord?",1647
Act IV,Scene I,Claudio,Let me but move one question to your daughter;,1648
Act IV,Scene I,Claudio,"And, by that fatherly and kindly power",1649
Act IV,Scene I,Claudio,"That you have in her, bid her answer truly.",1650
Act IV,Scene I,Leonato,"I charge thee do so, as thou art my child.",1651
Act IV,Scene I,Hero,"O, God defend me! how am I beset!",1652
Act IV,Scene I,Hero,What kind of catechising call you this?,1653
Act IV,Scene I,Claudio,To make you answer truly to your name.,1654
Act IV,Scene I,Hero,Is it not Hero? Who can blot that name,1655
Act IV,Scene I,Hero,With any just reproach?,1656
Act IV,Scene I,Claudio,"Marry, that can Hero;",1657
Act IV,Scene I,Claudio,Hero itself can blot out Hero's virtue.,1658
Act IV,Scene I,Claudio,What man was he talk'd with you yesternight,1659
Act IV,Scene I,Claudio,Out at your window betwixt twelve and one?,1660
Act IV,Scene I,Claudio,"Now, if you are a maid, answer to this.",1661
Act IV,Scene I,Hero,"I talk'd with no man at that hour, my lord.",1662
Act IV,Scene I,Don Pedro,"Why, then are you no maiden. Leonato,",1663
Act IV,Scene I,Don Pedro,"I am sorry you must hear: upon mine honour,",1664
Act IV,Scene I,Don Pedro,"Myself, my brother and this grieved count",1665
Act IV,Scene I,Don Pedro,"Did see her, hear her, at that hour last night",1666
Act IV,Scene I,Don Pedro,Talk with a ruffian at her chamber-window,1667
Act IV,Scene I,Don Pedro,"Who hath indeed, most like a liberal villain,",1668
Act IV,Scene I,Don Pedro,Confess'd the vile encounters they have had,1669
Act IV,Scene I,Don Pedro,A thousand times in secret.,1670
Act IV,Scene I,Don John,"Fie, fie! they are not to be named, my lord,",1671
Act IV,Scene I,Don John,Not to be spoke of;,1672
Act IV,Scene I,Don John,There is not chastity enough in language,1673
Act IV,Scene I,Don John,"Without offence to utter them. Thus, pretty lady,",1674
Act IV,Scene I,Don John,I am sorry for thy much misgovernment.,1675
Act IV,Scene I,Claudio,"O Hero, what a Hero hadst thou been,",1676
Act IV,Scene I,Claudio,If half thy outward graces had been placed,1677
Act IV,Scene I,Claudio,About thy thoughts and counsels of thy heart!,1678
Act IV,Scene I,Claudio,"But fare thee well, most foul, most fair! farewell,",1679
Act IV,Scene I,Claudio,Thou pure impiety and impious purity!,1680
Act IV,Scene I,Claudio,"For thee I'll lock up all the gates of love,",1681
Act IV,Scene I,Claudio,"And on my eyelids shall conjecture hang,",1682
Act IV,Scene I,Claudio,"To turn all beauty into thoughts of harm,",1683
Act IV,Scene I,Claudio,And never shall it more be gracious.,1684
Act IV,Scene I,Leonato,Hath no man's dagger here a point for me?,1685
Act IV,Scene I,[stage direction],HERO swoons,NA
Act IV,Scene I,Beatrice,"Why, how now, cousin! wherefore sink you down?",1686
Act IV,Scene I,Don John,"Come, let us go. These things, come thus to light,",1687
Act IV,Scene I,Don John,Smother her spirits up.,1688
Act IV,Scene I,[stage direction],"Exeunt DON PEDRO, DON JOHN, and CLAUDIO",NA
Act IV,Scene I,Benedick,How doth the lady?,1689
Act IV,Scene I,Beatrice,"Dead, I think. Help, uncle!",1690
Act IV,Scene I,Beatrice,"Hero! why, Hero! Uncle! Signior Benedick! Friar!",1691
Act IV,Scene I,Leonato,O Fate! take not away thy heavy hand.,1692
Act IV,Scene I,Leonato,Death is the fairest cover for her shame,1693
Act IV,Scene I,Leonato,That may be wish'd for.,1694
Act IV,Scene I,Beatrice,"How now, cousin Hero!",1695
Act IV,Scene I,Friar Francis,"Have comfort, lady.",1696
Act IV,Scene I,Leonato,Dost thou look up?,1697
Act IV,Scene I,Friar Francis,"Yea, wherefore should she not?",1698
Act IV,Scene I,Leonato,"Wherefore! Why, doth not every earthly thing",1699
Act IV,Scene I,Leonato,Cry shame upon her? Could she here deny,1700
Act IV,Scene I,Leonato,The story that is printed in her blood?,1701
Act IV,Scene I,Leonato,"Do not live, Hero; do not ope thine eyes:",1702
Act IV,Scene I,Leonato,"For, did I think thou wouldst not quickly die,",1703
Act IV,Scene I,Leonato,"Thought I thy spirits were stronger than thy shames,",1704
Act IV,Scene I,Leonato,"Myself would, on the rearward of reproaches,",1705
Act IV,Scene I,Leonato,"Strike at thy life. Grieved I, I had but one?",1706
Act IV,Scene I,Leonato,Chid I for that at frugal nature's frame?,1707
Act IV,Scene I,Leonato,"O, one too much by thee! Why had I one?",1708
Act IV,Scene I,Leonato,Why ever wast thou lovely in my eyes?,1709
Act IV,Scene I,Leonato,Why had I not with charitable hand,1710
Act IV,Scene I,Leonato,"Took up a beggar's issue at my gates,",1711
Act IV,Scene I,Leonato,"Who smirch'd thus and mired with infamy,",1712
Act IV,Scene I,Leonato,I might have said 'No part of it is mine;,1713
Act IV,Scene I,Leonato,This shame derives itself from unknown loins'?,1714
Act IV,Scene I,Leonato,But mine and mine I loved and mine I praised,1715
Act IV,Scene I,Leonato,"And mine that I was proud on, mine so much",1716
Act IV,Scene I,Leonato,"That I myself was to myself not mine,",1717
Act IV,Scene I,Leonato,"Valuing of her,--why, she, O, she is fallen",1718
Act IV,Scene I,Leonato,"Into a pit of ink, that the wide sea",1719
Act IV,Scene I,Leonato,Hath drops too few to wash her clean again,1720
Act IV,Scene I,Leonato,And salt too little which may season give,1721
Act IV,Scene I,Leonato,To her foul-tainted flesh!,1722
Act IV,Scene I,Benedick,"Sir, sir, be patient.",1723
Act IV,Scene I,Benedick,"For my part, I am so attired in wonder,",1724
Act IV,Scene I,Benedick,I know not what to say.,1725
Act IV,Scene I,Beatrice,"O, on my soul, my cousin is belied!",1726
Act IV,Scene I,Benedick,"Lady, were you her bedfellow last night?",1727
Act IV,Scene I,Beatrice,"No, truly not; although, until last night,",1728
Act IV,Scene I,Beatrice,I have this twelvemonth been her bedfellow.,1729
Act IV,Scene I,Leonato,"Confirm'd, confirm'd! O, that is stronger made",1730
Act IV,Scene I,Leonato,Which was before barr'd up with ribs of iron!,1731
Act IV,Scene I,Leonato,"Would the two princes lie, and Claudio lie,",1732
Act IV,Scene I,Leonato,"Who loved her so, that, speaking of her foulness,",1733
Act IV,Scene I,Leonato,Wash'd it with tears? Hence from her! let her die.,1734
Act IV,Scene I,Friar Francis,Hear me a little;,1735
Act IV,Scene I,Friar Francis,For I have only been silent so long,1736
Act IV,Scene I,Friar Francis,And given way unto this course of fortune.,1737
Act IV,Scene I,Friar Francis,...,1738
Act IV,Scene I,Friar Francis,By noting of the lady I have mark'd,1739
Act IV,Scene I,Friar Francis,A thousand blushing apparitions,1740
Act IV,Scene I,Friar Francis,"To start into her face, a thousand innocent shames",1741
Act IV,Scene I,Friar Francis,In angel whiteness beat away those blushes;,1742
Act IV,Scene I,Friar Francis,"And in her eye there hath appear'd a fire,",1743
Act IV,Scene I,Friar Francis,To burn the errors that these princes hold,1744
Act IV,Scene I,Friar Francis,Against her maiden truth. Call me a fool;,1745
Act IV,Scene I,Friar Francis,"Trust not my reading nor my observations,",1746
Act IV,Scene I,Friar Francis,Which with experimental seal doth warrant,1747
Act IV,Scene I,Friar Francis,"The tenor of my book; trust not my age,",1748
Act IV,Scene I,Friar Francis,"My reverence, calling, nor divinity,",1749
Act IV,Scene I,Friar Francis,If this sweet lady lie not guiltless here,1750
Act IV,Scene I,Friar Francis,Under some biting error.,1751
Act IV,Scene I,Leonato,"Friar, it cannot be.",1752
Act IV,Scene I,Leonato,Thou seest that all the grace that she hath left,1753
Act IV,Scene I,Leonato,Is that she will not add to her damnation,1754
Act IV,Scene I,Leonato,A sin of perjury; she not denies it:,1755
Act IV,Scene I,Leonato,Why seek'st thou then to cover with excuse,1756
Act IV,Scene I,Leonato,That which appears in proper nakedness?,1757
Act IV,Scene I,Friar Francis,"Lady, what man is he you are accused of?",1758
Act IV,Scene I,Hero,They know that do accuse me; I know none:,1759
Act IV,Scene I,Hero,If I know more of any man alive,1760
Act IV,Scene I,Hero,"Than that which maiden modesty doth warrant,",1761
Act IV,Scene I,Hero,"Let all my sins lack mercy! O my father,",1762
Act IV,Scene I,Hero,Prove you that any man with me conversed,1763
Act IV,Scene I,Hero,"At hours unmeet, or that I yesternight",1764
Act IV,Scene I,Hero,"Maintain'd the change of words with any creature,",1765
Act IV,Scene I,Hero,"Refuse me, hate me, torture me to death!",1766
Act IV,Scene I,Friar Francis,There is some strange misprision in the princes.,1767
Act IV,Scene I,Benedick,Two of them have the very bent of honour;,1768
Act IV,Scene I,Benedick,"And if their wisdoms be misled in this,",1769
Act IV,Scene I,Benedick,"The practise of it lives in John the bastard,",1770
Act IV,Scene I,Benedick,Whose spirits toil in frame of villanies.,1771
Act IV,Scene I,Leonato,"I know not. If they speak but truth of her,",1772
Act IV,Scene I,Leonato,"These hands shall tear her; if they wrong her honour,",1773
Act IV,Scene I,Leonato,The proudest of them shall well hear of it.,1774
Act IV,Scene I,Leonato,"Time hath not yet so dried this blood of mine,",1775
Act IV,Scene I,Leonato,"Nor age so eat up my invention,",1776
Act IV,Scene I,Leonato,"Nor fortune made such havoc of my means,",1777
Act IV,Scene I,Leonato,"Nor my bad life reft me so much of friends,",1778
Act IV,Scene I,Leonato,"But they shall find, awaked in such a kind,",1779
Act IV,Scene I,Leonato,"Both strength of limb and policy of mind,",1780
Act IV,Scene I,Leonato,"Ability in means and choice of friends,",1781
Act IV,Scene I,Leonato,To quit me of them throughly.,1782
Act IV,Scene I,Friar Francis,"Pause awhile,",1783
Act IV,Scene I,Friar Francis,And let my counsel sway you in this case.,1784
Act IV,Scene I,Friar Francis,Your daughter here the princes left for dead:,1785
Act IV,Scene I,Friar Francis,"Let her awhile be secretly kept in,",1786
Act IV,Scene I,Friar Francis,And publish it that she is dead indeed;,1787
Act IV,Scene I,Friar Francis,Maintain a mourning ostentation,1788
Act IV,Scene I,Friar Francis,And on your family's old monument,1789
Act IV,Scene I,Friar Francis,Hang mournful epitaphs and do all rites,1790
Act IV,Scene I,Friar Francis,That appertain unto a burial.,1791
Act IV,Scene I,Leonato,What shall become of this? what will this do?,1792
Act IV,Scene I,Friar Francis,"Marry, this well carried shall on her behalf",1793
Act IV,Scene I,Friar Francis,Change slander to remorse; that is some good:,1794
Act IV,Scene I,Friar Francis,"But not for that dream I on this strange course,",1795
Act IV,Scene I,Friar Francis,But on this travail look for greater birth.,1796
Act IV,Scene I,Friar Francis,"She dying, as it must so be maintain'd,",1797
Act IV,Scene I,Friar Francis,"Upon the instant that she was accused,",1798
Act IV,Scene I,Friar Francis,"Shall be lamented, pitied and excused",1799
Act IV,Scene I,Friar Francis,Of every hearer: for it so falls out,1800
Act IV,Scene I,Friar Francis,That what we have we prize not to the worth,1801
Act IV,Scene I,Friar Francis,"Whiles we enjoy it, but being lack'd and lost,",1802
Act IV,Scene I,Friar Francis,"Why, then we rack the value, then we find",1803
Act IV,Scene I,Friar Francis,The virtue that possession would not show us,1804
Act IV,Scene I,Friar Francis,Whiles it was ours. So will it fare with Claudio:,1805
Act IV,Scene I,Friar Francis,"When he shall hear she died upon his words,",1806
Act IV,Scene I,Friar Francis,The idea of her life shall sweetly creep,1807
Act IV,Scene I,Friar Francis,"Into his study of imagination,",1808
Act IV,Scene I,Friar Francis,And every lovely organ of her life,1809
Act IV,Scene I,Friar Francis,"Shall come apparell'd in more precious habit,",1810
Act IV,Scene I,Friar Francis,"More moving-delicate and full of life,",1811
Act IV,Scene I,Friar Francis,"Into the eye and prospect of his soul,",1812
Act IV,Scene I,Friar Francis,"Than when she lived indeed; then shall he mourn,",1813
Act IV,Scene I,Friar Francis,"If ever love had interest in his liver,",1814
Act IV,Scene I,Friar Francis,"And wish he had not so accused her,",1815
Act IV,Scene I,Friar Francis,"No, though he thought his accusation true.",1816
Act IV,Scene I,Friar Francis,"Let this be so, and doubt not but success",1817
Act IV,Scene I,Friar Francis,Will fashion the event in better shape,1818
Act IV,Scene I,Friar Francis,Than I can lay it down in likelihood.,1819
Act IV,Scene I,Friar Francis,"But if all aim but this be levell'd false,",1820
Act IV,Scene I,Friar Francis,The supposition of the lady's death,1821
Act IV,Scene I,Friar Francis,Will quench the wonder of her infamy:,1822
Act IV,Scene I,Friar Francis,"And if it sort not well, you may conceal her,",1823
Act IV,Scene I,Friar Francis,"As best befits her wounded reputation,",1824
Act IV,Scene I,Friar Francis,"In some reclusive and religious life,",1825
Act IV,Scene I,Friar Francis,"Out of all eyes, tongues, minds and injuries.",1826
Act IV,Scene I,Benedick,"Signior Leonato, let the friar advise you:",1827
Act IV,Scene I,Benedick,And though you know my inwardness and love,1828
Act IV,Scene I,Benedick,"Is very much unto the prince and Claudio,",1829
Act IV,Scene I,Benedick,"Yet, by mine honour, I will deal in this",1830
Act IV,Scene I,Benedick,As secretly and justly as your soul,1831
Act IV,Scene I,Benedick,Should with your body.,1832
Act IV,Scene I,Leonato,"Being that I flow in grief,",1833
Act IV,Scene I,Leonato,The smallest twine may lead me.,1834
Act IV,Scene I,Friar Francis,'Tis well consented: presently away;,1835
Act IV,Scene I,Friar Francis,For to strange sores strangely they strain the cure.,1836
Act IV,Scene I,Friar Francis,"Come, lady, die to live: this wedding-day",1837
Act IV,Scene I,Friar Francis,Perhaps is but prolong'd: have patience and endure.,1838
Act IV,Scene I,[stage direction],Exeunt all but BENEDICK and BEATRICE,NA
Act IV,Scene I,Benedick,"Lady Beatrice, have you wept all this while?",1839
Act IV,Scene I,Beatrice,"Yea, and I will weep a while longer.",1840
Act IV,Scene I,Benedick,I will not desire that.,1841
Act IV,Scene I,Beatrice,You have no reason; I do it freely.,1842
Act IV,Scene I,Benedick,Surely I do believe your fair cousin is wronged.,1843
Act IV,Scene I,Beatrice,"Ah, how much might the man deserve of me that would right her!",1844
Act IV,Scene I,Benedick,Is there any way to show such friendship?,1845
Act IV,Scene I,Beatrice,"A very even way, but no such friend.",1846
Act IV,Scene I,Benedick,May a man do it?,1847
Act IV,Scene I,Beatrice,"It is a man's office, but not yours.",1848
Act IV,Scene I,Benedick,I do love nothing in the world so well as you: is,1849
Act IV,Scene I,Benedick,not that strange?,1850
Act IV,Scene I,Beatrice,As strange as the thing I know not. It were as,1851
Act IV,Scene I,Beatrice,possible for me to say I loved nothing so well as,1852
Act IV,Scene I,Beatrice,you: but believe me not; and yet I lie not; I,1853
Act IV,Scene I,Beatrice,"confess nothing, nor I deny nothing. I am sorry for my cousin.",1854
Act IV,Scene I,Benedick,"By my sword, Beatrice, thou lovest me.",1855
Act IV,Scene I,Beatrice,"Do not swear, and eat it.",1856
Act IV,Scene I,Benedick,I will swear by it that you love me; and I will make,1857
Act IV,Scene I,Benedick,him eat it that says I love not you.,1858
Act IV,Scene I,Beatrice,Will you not eat your word?,1859
Act IV,Scene I,Benedick,With no sauce that can be devised to it. I protest,1860
Act IV,Scene I,Benedick,I love thee.,1861
Act IV,Scene I,Beatrice,"Why, then, God forgive me!",1862
Act IV,Scene I,Benedick,"What offence, sweet Beatrice?",1863
Act IV,Scene I,Beatrice,You have stayed me in a happy hour: I was about to,1864
Act IV,Scene I,Beatrice,protest I loved you.,1865
Act IV,Scene I,Benedick,And do it with all thy heart.,1866
Act IV,Scene I,Beatrice,I love you with so much of my heart that none is,1867
Act IV,Scene I,Beatrice,left to protest.,1868
Act IV,Scene I,Benedick,"Come, bid me do any thing for thee.",1869
Act IV,Scene I,Beatrice,Kill Claudio.,1870
Act IV,Scene I,Benedick,Ha! not for the wide world.,1871
Act IV,Scene I,Beatrice,You kill me to deny it. Farewell.,1872
Act IV,Scene I,Benedick,"Tarry, sweet Beatrice.",1873
Act IV,Scene I,Beatrice,"I am gone, though I am here: there is no love in",1874
Act IV,Scene I,Beatrice,"you: nay, I pray you, let me go.",1875
Act IV,Scene I,Benedick,"Beatrice,--",1876
Act IV,Scene I,Beatrice,"In faith, I will go.",1877
Act IV,Scene I,Benedick,We'll be friends first.,1878
Act IV,Scene I,Beatrice,You dare easier be friends with me than fight with mine enemy.,1879
Act IV,Scene I,Benedick,Is Claudio thine enemy?,1880
Act IV,Scene I,Beatrice,"Is he not approved in the height a villain, that",1881
Act IV,Scene I,Beatrice,"hath slandered, scorned, dishonoured my kinswoman? O",1882
Act IV,Scene I,Beatrice,"that I were a man! What, bear her in hand until they",1883
Act IV,Scene I,Beatrice,"come to take hands; and then, with public",1884
Act IV,Scene I,Beatrice,"accusation, uncovered slander, unmitigated rancour,",1885
Act IV,Scene I,Beatrice,"--O God, that I were a man! I would eat his heart",1886
Act IV,Scene I,Beatrice,in the market-place.,1887
Act IV,Scene I,Benedick,"Hear me, Beatrice,--",1888
Act IV,Scene I,Beatrice,Talk with a man out at a window! A proper saying!,1889
Act IV,Scene I,Benedick,"Nay, but, Beatrice,--",1890
Act IV,Scene I,Beatrice,"Sweet Hero! She is wronged, she is slandered, she is undone.",1891
Act IV,Scene I,Benedick,Beat--,1892
Act IV,Scene I,Beatrice,"Princes and counties! Surely, a princely testimony,",1893
Act IV,Scene I,Beatrice,"a goodly count, Count Comfect; a sweet gallant,",1894
Act IV,Scene I,Beatrice,surely! O that I were a man for his sake! or that I,1895
Act IV,Scene I,Beatrice,had any friend would be a man for my sake! But,1896
Act IV,Scene I,Beatrice,"manhood is melted into courtesies, valour into",1897
Act IV,Scene I,Beatrice,"compliment, and men are only turned into tongue, and",1898
Act IV,Scene I,Beatrice,trim ones too: he is now as valiant as Hercules,1899
Act IV,Scene I,Beatrice,that only tells a lie and swears it. I cannot be a,1900
Act IV,Scene I,Beatrice,"man with wishing, therefore I will die a woman with grieving.",1901
Act IV,Scene I,Benedick,"Tarry, good Beatrice. By this hand, I love thee.",1902
Act IV,Scene I,Beatrice,Use it for my love some other way than swearing by it.,1903
Act IV,Scene I,Benedick,Think you in your soul the Count Claudio hath wronged Hero?,1904
Act IV,Scene I,Beatrice,"Yea, as sure as I have a thought or a soul.",1905
Act IV,Scene I,Benedick,"Enough, I am engaged; I will challenge him. I will",1906
Act IV,Scene I,Benedick,"kiss your hand, and so I leave you. By this hand,",1907
Act IV,Scene I,Benedick,Claudio shall render me a dear account. As you,1908
Act IV,Scene I,Benedick,"hear of me, so think of me. Go, comfort your",1909
Act IV,Scene I,Benedick,"cousin: I must say she is dead: and so, farewell.",1910
Act IV,Scene I,[stage direction],Exeunt,NA
Act IV,Scene II,[stage direction],"Enter DOGBERRY, VERGES, and Sexton, in gowns; and the Watch, with CONRADE and BORACHIO",NA
Act IV,Scene II,Dogberry,Is our whole dissembly appeared?,1911
Act IV,Scene II,Verges,"O, a stool and a cushion for the sexton.",1912
Act IV,Scene II,Sexton,Which be the malefactors?,1913
Act IV,Scene II,Dogberry,"Marry, that am I and my partner.",1914
Act IV,Scene II,Verges,"Nay, that's certain; we have the exhibition to examine.",1915
Act IV,Scene II,Sexton,But which are the offenders that are to be,1916
Act IV,Scene II,Sexton,examined? let them come before master constable.,1917
Act IV,Scene II,Dogberry,"Yea, marry, let them come before me. What is your",1918
Act IV,Scene II,Dogberry,"name, friend?",1919
Act IV,Scene II,Borachio,Borachio.,1920
Act IV,Scene II,Dogberry,"Pray, write down, Borachio. Yours, sirrah?",1921
Act IV,Scene II,Conrade,"I am a gentleman, sir, and my name is Conrade.",1922
Act IV,Scene II,Dogberry,"Write down, master gentleman Conrade. Masters, do",1923
Act IV,Scene II,Dogberry,you serve God?,1924
Act IV,Scene II,Borachio,"Yea, sir, we hope.",1925
Act IV,Scene II,Dogberry,"Write down, that they hope they serve God: and",1926
Act IV,Scene II,Dogberry,write God first; for God defend but God should go,1927
Act IV,Scene II,Dogberry,"before such villains! Masters, it is proved already",1928
Act IV,Scene II,Dogberry,that you are little better than false knaves; and it,1929
Act IV,Scene II,Dogberry,will go near to be thought so shortly. How answer,1930
Act IV,Scene II,Dogberry,you for yourselves?,1931
Act IV,Scene II,Conrade,"Marry, sir, we say we are none.",1932
Act IV,Scene II,Dogberry,"A marvellous witty fellow, I assure you: but I",1933
Act IV,Scene II,Dogberry,"will go about with him. Come you hither, sirrah; a",1934
Act IV,Scene II,Dogberry,"word in your ear: sir, I say to you, it is thought",1935
Act IV,Scene II,Dogberry,you are false knaves.,1936
Act IV,Scene II,Borachio,"Sir, I say to you we are none.",1937
Act IV,Scene II,Dogberry,"Well, stand aside. 'Fore God, they are both in a",1938
Act IV,Scene II,Dogberry,"tale. Have you writ down, that they are none?",1939
Act IV,Scene II,Sexton,"Master constable, you go not the way to examine:",1940
Act IV,Scene II,Sexton,you must call forth the watch that are their accusers.,1941
Act IV,Scene II,Dogberry,"Yea, marry, that's the eftest way. Let the watch",1942
Act IV,Scene II,Dogberry,"come forth. Masters, I charge you, in the prince's",1943
Act IV,Scene II,Dogberry,"name, accuse these men.",1944
Act IV,Scene II,First Watchman,"This man said, sir, that Don John, the prince's",1945
Act IV,Scene II,First Watchman,"brother, was a villain.",1946
Act IV,Scene II,Dogberry,"Write down Prince John a villain. Why, this is flat",1947
Act IV,Scene II,Dogberry,"perjury, to call a prince's brother villain.",1948
Act IV,Scene II,Borachio,"Master constable,--",1949
Act IV,Scene II,Dogberry,"Pray thee, fellow, peace: I do not like thy look,",1950
Act IV,Scene II,Dogberry,I promise thee.,1951
Act IV,Scene II,Sexton,What heard you him say else?,1952
Act IV,Scene II,Second Watchman,"Marry, that he had received a thousand ducats of",1953
Act IV,Scene II,Second Watchman,Don John for accusing the Lady Hero wrongfully.,1954
Act IV,Scene II,Dogberry,Flat burglary as ever was committed.,1955
Act IV,Scene II,Verges,"Yea, by mass, that it is.",1956
Act IV,Scene II,Sexton,"What else, fellow?",1957
Act IV,Scene II,First Watchman,"And that Count Claudio did mean, upon his words, to",1958
Act IV,Scene II,First Watchman,disgrace Hero before the whole assembly. and not marry her.,1959
Act IV,Scene II,Dogberry,O villain! thou wilt be condemned into everlasting,1960
Act IV,Scene II,Dogberry,redemption for this.,1961
Act IV,Scene II,Sexton,What else?,1962
Act IV,Scene II,Watchman,This is all.,1963
Act IV,Scene II,Sexton,"And this is more, masters, than you can deny.",1964
Act IV,Scene II,Sexton,Prince John is this morning secretly stolen away;,1965
Act IV,Scene II,Sexton,"Hero was in this manner accused, in this very manner",1966
Act IV,Scene II,Sexton,"refused, and upon the grief of this suddenly died.",1967
Act IV,Scene II,Sexton,"Master constable, let these men be bound, and",1968
Act IV,Scene II,Sexton,brought to Leonato's: I will go before and show,1969
Act IV,Scene II,Sexton,him their examination.,1970
Act IV,Scene II,[stage direction],Exit,NA
Act IV,Scene II,Dogberry,"Come, let them be opinioned.",1971
Act IV,Scene II,Verges,Let them be in the hands--,1972
Act IV,Scene II,Conrade,"Off, coxcomb!",1973
Act IV,Scene II,Dogberry,"God's my life, where's the sexton? let him write",1974
Act IV,Scene II,Dogberry,"down the prince's officer coxcomb. Come, bind them.",1975
Act IV,Scene II,Dogberry,Thou naughty varlet!,1976
Act IV,Scene II,Conrade,"Away! you are an ass, you are an ass.",1977
Act IV,Scene II,Dogberry,Dost thou not suspect my place? dost thou not,1978
Act IV,Scene II,Dogberry,suspect my years? O that he were here to write me,1979
Act IV,Scene II,Dogberry,"down an ass! But, masters, remember that I am an",1980
Act IV,Scene II,Dogberry,"ass; though it be not written down, yet forget not",1981
Act IV,Scene II,Dogberry,"that I am an ass. No, thou villain, thou art full of",1982
Act IV,Scene II,Dogberry,"piety, as shall be proved upon thee by good witness.",1983
Act IV,Scene II,Dogberry,"I am a wise fellow, and, which is more, an officer,",1984
Act IV,Scene II,Dogberry,"and, which is more, a householder, and, which is",1985
Act IV,Scene II,Dogberry,"more, as pretty a piece of flesh as any is in",1986
Act IV,Scene II,Dogberry,"Messina, and one that knows the law, go to; and a",1987
Act IV,Scene II,Dogberry,"rich fellow enough, go to; and a fellow that hath",1988
Act IV,Scene II,Dogberry,"had losses, and one that hath two gowns and every",1989
Act IV,Scene II,Dogberry,thing handsome about him. Bring him away. O that,1990
Act IV,Scene II,Dogberry,I had been writ down an ass!,1991
Act IV,Scene II,[stage direction],Exeunt,NA
Act V,Scene I,[stage direction],Enter LEONATO and ANTONIO,NA
Act V,Scene I,Antonio,"If you go on thus, you will kill yourself:",1992
Act V,Scene I,Antonio,And 'tis not wisdom thus to second grief,1993
Act V,Scene I,Antonio,Against yourself.,1994
Act V,Scene I,Leonato,"I pray thee, cease thy counsel,",1995
Act V,Scene I,Leonato,Which falls into mine ears as profitless,1996
Act V,Scene I,Leonato,As water in a sieve: give not me counsel;,1997
Act V,Scene I,Leonato,Nor let no comforter delight mine ear,1998
Act V,Scene I,Leonato,But such a one whose wrongs do suit with mine.,1999
Act V,Scene I,Leonato,"Bring me a father that so loved his child,",2000
Act V,Scene I,Leonato,"Whose joy of her is overwhelm'd like mine,",2001
Act V,Scene I,Leonato,And bid him speak of patience;,2002
Act V,Scene I,Leonato,Measure his woe the length and breadth of mine,2003
Act V,Scene I,Leonato,"And let it answer every strain for strain,",2004
Act V,Scene I,Leonato,"As thus for thus and such a grief for such,",2005
Act V,Scene I,Leonato,"In every lineament, branch, shape, and form:",2006
Act V,Scene I,Leonato,"If such a one will smile and stroke his beard,",2007
Act V,Scene I,Leonato,"Bid sorrow wag, cry 'hem!' when he should groan,",2008
Act V,Scene I,Leonato,"Patch grief with proverbs, make misfortune drunk",2009
Act V,Scene I,Leonato,"With candle-wasters; bring him yet to me,",2010
Act V,Scene I,Leonato,And I of him will gather patience.,2011
Act V,Scene I,Leonato,"But there is no such man: for, brother, men",2012
Act V,Scene I,Leonato,Can counsel and speak comfort to that grief,2013
Act V,Scene I,Leonato,"Which they themselves not feel; but, tasting it,",2014
Act V,Scene I,Leonato,"Their counsel turns to passion, which before",2015
Act V,Scene I,Leonato,"Would give preceptial medicine to rage,",2016
Act V,Scene I,Leonato,"Fetter strong madness in a silken thread,",2017
Act V,Scene I,Leonato,Charm ache with air and agony with words:,2018
Act V,Scene I,Leonato,"No, no; 'tis all men's office to speak patience",2019
Act V,Scene I,Leonato,"To those that wring under the load of sorrow,",2020
Act V,Scene I,Leonato,But no man's virtue nor sufficiency,2021
Act V,Scene I,Leonato,To be so moral when he shall endure,2022
Act V,Scene I,Leonato,The like himself. Therefore give me no counsel:,2023
Act V,Scene I,Leonato,My griefs cry louder than advertisement.,2024
Act V,Scene I,Antonio,Therein do men from children nothing differ.,2025
Act V,Scene I,Leonato,"I pray thee, peace. I will be flesh and blood;",2026
Act V,Scene I,Leonato,For there was never yet philosopher,2027
Act V,Scene I,Leonato,"That could endure the toothache patiently,",2028
Act V,Scene I,Leonato,However they have writ the style of gods,2029
Act V,Scene I,Leonato,And made a push at chance and sufferance.,2030
Act V,Scene I,Antonio,Yet bend not all the harm upon yourself;,2031
Act V,Scene I,Antonio,Make those that do offend you suffer too.,2032
Act V,Scene I,Leonato,"There thou speak'st reason: nay, I will do so.",2033
Act V,Scene I,Leonato,My soul doth tell me Hero is belied;,2034
Act V,Scene I,Leonato,And that shall Claudio know; so shall the prince,2035
Act V,Scene I,Leonato,And all of them that thus dishonour her.,2036
Act V,Scene I,Antonio,Here comes the prince and Claudio hastily.,2037
Act V,Scene I,[stage direction],Enter DON PEDRO and CLAUDIO,NA
Act V,Scene I,Don Pedro,"Good den, good den.",2038
Act V,Scene I,Claudio,Good day to both of you.,2039
Act V,Scene I,Leonato,"Hear you. my lords,--",2040
Act V,Scene I,Don Pedro,"We have some haste, Leonato.",2041
Act V,Scene I,Leonato,"Some haste, my lord! well, fare you well, my lord:",2042
Act V,Scene I,Leonato,"Are you so hasty now? well, all is one.",2043
Act V,Scene I,Don Pedro,"Nay, do not quarrel with us, good old man.",2044
Act V,Scene I,Antonio,"If he could right himself with quarreling,",2045
Act V,Scene I,Antonio,Some of us would lie low.,2046
Act V,Scene I,Claudio,Who wrongs him?,2047
Act V,Scene I,Leonato,"Marry, thou dost wrong me; thou dissembler, thou:--",2048
Act V,Scene I,Leonato,"Nay, never lay thy hand upon thy sword;",2049
Act V,Scene I,Leonato,I fear thee not.,2050
Act V,Scene I,Claudio,"Marry, beshrew my hand,",2051
Act V,Scene I,Claudio,If it should give your age such cause of fear:,2052
Act V,Scene I,Claudio,"In faith, my hand meant nothing to my sword.",2053
Act V,Scene I,Leonato,"Tush, tush, man; never fleer and jest at me:",2054
Act V,Scene I,Leonato,"I speak not like a dotard nor a fool,",2055
Act V,Scene I,Leonato,As under privilege of age to brag,2056
Act V,Scene I,Leonato,"What I have done being young, or what would do",2057
Act V,Scene I,Leonato,"Were I not old. Know, Claudio, to thy head,",2058
Act V,Scene I,Leonato,Thou hast so wrong'd mine innocent child and me,2059
Act V,Scene I,Leonato,That I am forced to lay my reverence by,2060
Act V,Scene I,Leonato,"And, with grey hairs and bruise of many days,",2061
Act V,Scene I,Leonato,Do challenge thee to trial of a man.,2062
Act V,Scene I,Leonato,I say thou hast belied mine innocent child;,2063
Act V,Scene I,Leonato,"Thy slander hath gone through and through her heart,",2064
Act V,Scene I,Leonato,And she lies buried with her ancestors;,2065
Act V,Scene I,Leonato,"O, in a tomb where never scandal slept,",2066
Act V,Scene I,Leonato,"Save this of hers, framed by thy villany!",2067
Act V,Scene I,Claudio,My villany?,2068
Act V,Scene I,Leonato,"Thine, Claudio; thine, I say.",2069
Act V,Scene I,Don Pedro,"You say not right, old man.",2070
Act V,Scene I,Leonato,"My lord, my lord,",2071
Act V,Scene I,Leonato,"I'll prove it on his body, if he dare,",2072
Act V,Scene I,Leonato,"Despite his nice fence and his active practise,",2073
Act V,Scene I,Leonato,His May of youth and bloom of lustihood.,2074
Act V,Scene I,Claudio,Away! I will not have to do with you.,2075
Act V,Scene I,Leonato,Canst thou so daff me? Thou hast kill'd my child:,2076
Act V,Scene I,Leonato,"If thou kill'st me, boy, thou shalt kill a man.",2077
Act V,Scene I,Antonio,"He shall kill two of us, and men indeed:",2078
Act V,Scene I,Antonio,But that's no matter; let him kill one first;,2079
Act V,Scene I,Antonio,Win me and wear me; let him answer me.,2080
Act V,Scene I,Antonio,"Come, follow me, boy; come, sir boy, come, follow me:",2081
Act V,Scene I,Antonio,"Sir boy, I'll whip you from your foining fence;",2082
Act V,Scene I,Antonio,"Nay, as I am a gentleman, I will.",2083
Act V,Scene I,Leonato,"Brother,--",2084
Act V,Scene I,Antonio,Content yourself. God knows I loved my niece;,2085
Act V,Scene I,Antonio,"And she is dead, slander'd to death by villains,",2086
Act V,Scene I,Antonio,That dare as well answer a man indeed,2087
Act V,Scene I,Antonio,As I dare take a serpent by the tongue:,2088
Act V,Scene I,Antonio,"Boys, apes, braggarts, Jacks, milksops!",2089
Act V,Scene I,Leonato,"Brother Antony,--",2090
Act V,Scene I,Antonio,"Hold you content. What, man! I know them, yea,",2091
Act V,Scene I,Antonio,"And what they weigh, even to the utmost scruple,--",2092
Act V,Scene I,Antonio,"Scrambling, out-facing, fashion-monging boys,",2093
Act V,Scene I,Antonio,"That lie and cog and flout, deprave and slander,",2094
Act V,Scene I,Antonio,"Go anticly, show outward hideousness,",2095
Act V,Scene I,Antonio,"And speak off half a dozen dangerous words,",2096
Act V,Scene I,Antonio,"How they might hurt their enemies, if they durst;",2097
Act V,Scene I,Antonio,And this is all.,2098
Act V,Scene I,Leonato,"But, brother Antony,--",2099
Act V,Scene I,Antonio,"Come, 'tis no matter:",2100
Act V,Scene I,Antonio,Do not you meddle; let me deal in this.,2101
Act V,Scene I,Don Pedro,"Gentlemen both, we will not wake your patience.",2102
Act V,Scene I,Don Pedro,My heart is sorry for your daughter's death:,2103
Act V,Scene I,Don Pedro,"But, on my honour, she was charged with nothing",2104
Act V,Scene I,Don Pedro,But what was true and very full of proof.,2105
Act V,Scene I,Leonato,"My lord, my lord,--",2106
Act V,Scene I,Don Pedro,I will not hear you.,2107
Act V,Scene I,Leonato,"No? Come, brother; away! I will be heard.",2108
Act V,Scene I,Antonio,"And shall, or some of us will smart for it.",2109
Act V,Scene I,[stage direction],Exeunt LEONATO and ANTONIO,NA
Act V,Scene I,Don Pedro,"See, see; here comes the man we went to seek.",2110
Act V,Scene I,[stage direction],Enter BENEDICK,NA
Act V,Scene I,Claudio,"Now, signior, what news?",2111
Act V,Scene I,Benedick,"Good day, my lord.",2112
Act V,Scene I,Don Pedro,"Welcome, signior: you are almost come to part",2113
Act V,Scene I,Don Pedro,almost a fray.,2114
Act V,Scene I,Claudio,We had like to have had our two noses snapped off,2115
Act V,Scene I,Claudio,with two old men without teeth.,2116
Act V,Scene I,Don Pedro,Leonato and his brother. What thinkest thou? Had,2117
Act V,Scene I,Don Pedro,"we fought, I doubt we should have been too young for them.",2118
Act V,Scene I,Benedick,In a false quarrel there is no true valour. I came,2119
Act V,Scene I,Benedick,to seek you both.,2120
Act V,Scene I,Claudio,We have been up and down to seek thee; for we are,2121
Act V,Scene I,Claudio,high-proof melancholy and would fain have it beaten,2122
Act V,Scene I,Claudio,away. Wilt thou use thy wit?,2123
Act V,Scene I,Benedick,It is in my scabbard: shall I draw it?,2124
Act V,Scene I,Don Pedro,Dost thou wear thy wit by thy side?,2125
Act V,Scene I,Claudio,"Never any did so, though very many have been beside",2126
Act V,Scene I,Claudio,"their wit. I will bid thee draw, as we do the",2127
Act V,Scene I,Claudio,"minstrels; draw, to pleasure us.",2128
Act V,Scene I,Don Pedro,"As I am an honest man, he looks pale. Art thou",2129
Act V,Scene I,Don Pedro,"sick, or angry?",2130
Act V,Scene I,Claudio,"What, courage, man! What though care killed a cat,",2131
Act V,Scene I,Claudio,thou hast mettle enough in thee to kill care.,2132
Act V,Scene I,Benedick,"Sir, I shall meet your wit in the career, and you",2133
Act V,Scene I,Benedick,charge it against me. I pray you choose another subject.,2134
Act V,Scene I,Claudio,"Nay, then, give him another staff: this last was",2135
Act V,Scene I,Claudio,broke cross.,2136
Act V,Scene I,Don Pedro,"By this light, he changes more and more: I think",2137
Act V,Scene I,Don Pedro,he be angry indeed.,2138
Act V,Scene I,Claudio,"If he be, he knows how to turn his girdle.",2139
Act V,Scene I,Benedick,Shall I speak a word in your ear?,2140
Act V,Scene I,Claudio,God bless me from a challenge!,2141
Act V,Scene I,Benedick,[Aside to CLAUDIO]  You are a villain; I jest not:,2142
Act V,Scene I,Benedick,"I will make it good how you dare, with what you",2143
Act V,Scene I,Benedick,"dare, and when you dare. Do me right, or I will",2144
Act V,Scene I,Benedick,protest your cowardice. You have killed a sweet,2145
Act V,Scene I,Benedick,"lady, and her death shall fall heavy on you. Let me",2146
Act V,Scene I,Benedick,hear from you.,2147
Act V,Scene I,Claudio,"Well, I will meet you, so I may have good cheer.",2148
Act V,Scene I,Don Pedro,"What, a feast, a feast?",2149
Act V,Scene I,Claudio,"I' faith, I thank him; he hath bid me to a calf's",2150
Act V,Scene I,Claudio,head and a capon; the which if I do not carve most,2151
Act V,Scene I,Claudio,"curiously, say my knife's naught. Shall I not find",2152
Act V,Scene I,Claudio,a woodcock too?,2153
Act V,Scene I,Benedick,"Sir, your wit ambles well; it goes easily.",2154
Act V,Scene I,Don Pedro,I'll tell thee how Beatrice praised thy wit the,2155
Act V,Scene I,Don Pedro,"other day. I said, thou hadst a fine wit: 'True,'",2156
Act V,Scene I,Don Pedro,"said she, 'a fine little one.' 'No,' said I, 'a",2157
Act V,Scene I,Don Pedro,"great wit:' 'Right,' says she, 'a great gross one.'",2158
Act V,Scene I,Don Pedro,"'Nay,' said I, 'a good wit:' 'Just,' said she, 'it",2159
Act V,Scene I,Don Pedro,"hurts nobody.' 'Nay,' said I, 'the gentleman",2160
Act V,Scene I,Don Pedro,"is wise:' 'Certain,' said she, 'a wise gentleman.'",2161
Act V,Scene I,Don Pedro,"'Nay,' said I, 'he hath the tongues:' 'That I",2162
Act V,Scene I,Don Pedro,"believe,' said she, 'for he swore a thing to me on",2163
Act V,Scene I,Don Pedro,"Monday night, which he forswore on Tuesday morning;",2164
Act V,Scene I,Don Pedro,there's a double tongue; there's two tongues.' Thus,2165
Act V,Scene I,Don Pedro,"did she, an hour together, transshape thy particular",2166
Act V,Scene I,Don Pedro,"virtues: yet at last she concluded with a sigh, thou",2167
Act V,Scene I,Don Pedro,wast the properest man in Italy.,2168
Act V,Scene I,Claudio,For the which she wept heartily and said she cared,2169
Act V,Scene I,Claudio,not.,2170
Act V,Scene I,Don Pedro,"Yea, that she did: but yet, for all that, an if she",2171
Act V,Scene I,Don Pedro,"did not hate him deadly, she would love him dearly:",2172
Act V,Scene I,Don Pedro,the old man's daughter told us all.,2173
Act V,Scene I,Claudio,"All, all; and, moreover, God saw him when he was",2174
Act V,Scene I,Claudio,hid in the garden.,2175
Act V,Scene I,Don Pedro,But when shall we set the savage bull's horns on,2176
Act V,Scene I,Don Pedro,the sensible Benedick's head?,2177
Act V,Scene I,Claudio,"Yea, and text underneath, 'Here dwells Benedick the",2178
Act V,Scene I,Claudio,married man'?,2179
Act V,Scene I,Benedick,"Fare you well, boy: you know my mind. I will leave",2180
Act V,Scene I,Benedick,you now to your gossip-like humour: you break jests,2181
Act V,Scene I,Benedick,"as braggarts do their blades, which God be thanked,",2182
Act V,Scene I,Benedick,"hurt not. My lord, for your many courtesies I thank",2183
Act V,Scene I,Benedick,you: I must discontinue your company: your brother,2184
Act V,Scene I,Benedick,the bastard is fled from Messina: you have among,2185
Act V,Scene I,Benedick,you killed a sweet and innocent lady. For my Lord,2186
Act V,Scene I,Benedick,"Lackbeard there, he and I shall meet: and, till",2187
Act V,Scene I,Benedick,"then, peace be with him.",2188
Act V,Scene I,[stage direction],Exit,NA
Act V,Scene I,Don Pedro,He is in earnest.,2189
Act V,Scene I,Claudio,"In most profound earnest; and, I'll warrant you, for",2190
Act V,Scene I,Claudio,the love of Beatrice.,2191
Act V,Scene I,Don Pedro,And hath challenged thee.,2192
Act V,Scene I,Claudio,Most sincerely.,2193
Act V,Scene I,Don Pedro,What a pretty thing man is when he goes in his,2194
Act V,Scene I,Don Pedro,doublet and hose and leaves off his wit!,2195
Act V,Scene I,Claudio,He is then a giant to an ape; but then is an ape a,2196
Act V,Scene I,Claudio,doctor to such a man.,2197
Act V,Scene I,Don Pedro,"But, soft you, let me be: pluck up, my heart, and",2198
Act V,Scene I,Don Pedro,"be sad. Did he not say, my brother was fled?",2199
Act V,Scene I,[stage direction],"Enter DOGBERRY, VERGES, and the Watch, with CONRADE and BORACHIO",NA
Act V,Scene I,Dogberry,"Come you, sir: if justice cannot tame you, she",2200
Act V,Scene I,Dogberry,"shall ne'er weigh more reasons in her balance: nay,",2201
Act V,Scene I,Dogberry,"an you be a cursing hypocrite once, you must be looked to.",2202
Act V,Scene I,Don Pedro,How now? two of my brother's men bound! Borachio,2203
Act V,Scene I,Don Pedro,one!,2204
Act V,Scene I,Claudio,"Hearken after their offence, my lord.",2205
Act V,Scene I,Don Pedro,"Officers, what offence have these men done?",2206
Act V,Scene I,Dogberry,"Marry, sir, they have committed false report;",2207
Act V,Scene I,Dogberry,"moreover, they have spoken untruths; secondarily,",2208
Act V,Scene I,Dogberry,"they are slanders; sixth and lastly, they have",2209
Act V,Scene I,Dogberry,"belied a lady; thirdly, they have verified unjust",2210
Act V,Scene I,Dogberry,"things; and, to conclude, they are lying knaves.",2211
Act V,Scene I,Don Pedro,"First, I ask thee what they have done; thirdly, I",2212
Act V,Scene I,Don Pedro,"ask thee what's their offence; sixth and lastly, why",2213
Act V,Scene I,Don Pedro,"they are committed; and, to conclude, what you lay",2214
Act V,Scene I,Don Pedro,to their charge.,2215
Act V,Scene I,Claudio,"Rightly reasoned, and in his own division: and, by",2216
Act V,Scene I,Claudio,"my troth, there's one meaning well suited.",2217
Act V,Scene I,Don Pedro,"Who have you offended, masters, that you are thus",2218
Act V,Scene I,Don Pedro,bound to your answer? this learned constable is,2219
Act V,Scene I,Don Pedro,too cunning to be understood: what's your offence?,2220
Act V,Scene I,Borachio,"Sweet prince, let me go no farther to mine answer:",2221
Act V,Scene I,Borachio,"do you hear me, and let this count kill me. I have",2222
Act V,Scene I,Borachio,deceived even your very eyes: what your wisdoms,2223
Act V,Scene I,Borachio,"could not discover, these shallow fools have brought",2224
Act V,Scene I,Borachio,to light: who in the night overheard me confessing,2225
Act V,Scene I,Borachio,to this man how Don John your brother incensed me,2226
Act V,Scene I,Borachio,"to slander the Lady Hero, how you were brought into",2227
Act V,Scene I,Borachio,the orchard and saw me court Margaret in Hero's,2228
Act V,Scene I,Borachio,"garments, how you disgraced her, when you should",2229
Act V,Scene I,Borachio,marry her: my villany they have upon record; which,2230
Act V,Scene I,Borachio,I had rather seal with my death than repeat over,2231
Act V,Scene I,Borachio,to my shame. The lady is dead upon mine and my,2232
Act V,Scene I,Borachio,"master's false accusation; and, briefly, I desire",2233
Act V,Scene I,Borachio,nothing but the reward of a villain.,2234
Act V,Scene I,Don Pedro,Runs not this speech like iron through your blood?,2235
Act V,Scene I,Claudio,I have drunk poison whiles he utter'd it.,2236
Act V,Scene I,Don Pedro,But did my brother set thee on to this?,2237
Act V,Scene I,Borachio,"Yea, and paid me richly for the practise of it.",2238
Act V,Scene I,Don Pedro,He is composed and framed of treachery:,2239
Act V,Scene I,Don Pedro,And fled he is upon this villany.,2240
Act V,Scene I,Claudio,Sweet Hero! now thy image doth appear,2241
Act V,Scene I,Claudio,In the rare semblance that I loved it first.,2242
Act V,Scene I,Dogberry,"Come, bring away the plaintiffs: by this time our",2243
Act V,Scene I,Dogberry,sexton hath reformed Signior Leonato of the matter:,2244
Act V,Scene I,Dogberry,"and, masters, do not forget to specify, when time",2245
Act V,Scene I,Dogberry,"and place shall serve, that I am an ass.",2246
Act V,Scene I,Verges,"Here, here comes master Signior Leonato, and the",2247
Act V,Scene I,Verges,Sexton too.,2248
Act V,Scene I,[stage direction],"Re-enter LEONATO and ANTONIO, with the Sexton",NA
Act V,Scene I,Leonato,"Which is the villain? let me see his eyes,",2249
Act V,Scene I,Leonato,"That, when I note another man like him,",2250
Act V,Scene I,Leonato,I may avoid him: which of these is he?,2251
Act V,Scene I,Borachio,"If you would know your wronger, look on me.",2252
Act V,Scene I,Leonato,Art thou the slave that with thy breath hast kill'd,2253
Act V,Scene I,Leonato,Mine innocent child?,2254
Act V,Scene I,Borachio,"Yea, even I alone.",2255
Act V,Scene I,Leonato,"No, not so, villain; thou beliest thyself:",2256
Act V,Scene I,Leonato,Here stand a pair of honourable men;,2257
Act V,Scene I,Leonato,"A third is fled, that had a hand in it.",2258
Act V,Scene I,Leonato,"I thank you, princes, for my daughter's death:",2259
Act V,Scene I,Leonato,Record it with your high and worthy deeds:,2260
Act V,Scene I,Leonato,"'Twas bravely done, if you bethink you of it.",2261
Act V,Scene I,Claudio,I know not how to pray your patience;,2262
Act V,Scene I,Claudio,Yet I must speak. Choose your revenge yourself;,2263
Act V,Scene I,Claudio,Impose me to what penance your invention,2264
Act V,Scene I,Claudio,Can lay upon my sin: yet sinn'd I not,2265
Act V,Scene I,Claudio,But in mistaking.,2266
Act V,Scene I,Don Pedro,"By my soul, nor I:",2267
Act V,Scene I,Don Pedro,"And yet, to satisfy this good old man,",2268
Act V,Scene I,Don Pedro,I would bend under any heavy weight,2269
Act V,Scene I,Don Pedro,That he'll enjoin me to.,2270
Act V,Scene I,Leonato,I cannot bid you bid my daughter live;,2271
Act V,Scene I,Leonato,"That were impossible: but, I pray you both,",2272
Act V,Scene I,Leonato,Possess the people in Messina here,2273
Act V,Scene I,Leonato,How innocent she died; and if your love,2274
Act V,Scene I,Leonato,"Can labour ought in sad invention,",2275
Act V,Scene I,Leonato,Hang her an epitaph upon her tomb,2276
Act V,Scene I,Leonato,"And sing it to her bones, sing it to-night:",2277
Act V,Scene I,Leonato,"To-morrow morning come you to my house,",2278
Act V,Scene I,Leonato,"And since you could not be my son-in-law,",2279
Act V,Scene I,Leonato,"Be yet my nephew: my brother hath a daughter,",2280
Act V,Scene I,Leonato,"Almost the copy of my child that's dead,",2281
Act V,Scene I,Leonato,And she alone is heir to both of us:,2282
Act V,Scene I,Leonato,"Give her the right you should have given her cousin,",2283
Act V,Scene I,Leonato,And so dies my revenge.,2284
Act V,Scene I,Claudio,"O noble sir,",2285
Act V,Scene I,Claudio,Your over-kindness doth wring tears from me!,2286
Act V,Scene I,Claudio,I do embrace your offer; and dispose,2287
Act V,Scene I,Claudio,For henceforth of poor Claudio.,2288
Act V,Scene I,Leonato,To-morrow then I will expect your coming;,2289
Act V,Scene I,Leonato,To-night I take my leave. This naughty man,2290
Act V,Scene I,Leonato,"Shall face to face be brought to Margaret,",2291
Act V,Scene I,Leonato,"Who I believe was pack'd in all this wrong,",2292
Act V,Scene I,Leonato,Hired to it by your brother.,2293
Act V,Scene I,Borachio,"No, by my soul, she was not,",2294
Act V,Scene I,Borachio,"Nor knew not what she did when she spoke to me,",2295
Act V,Scene I,Borachio,But always hath been just and virtuous,2296
Act V,Scene I,Borachio,In any thing that I do know by her.,2297
Act V,Scene I,Dogberry,"Moreover, sir, which indeed is not under white and",2298
Act V,Scene I,Dogberry,"black, this plaintiff here, the offender, did call",2299
Act V,Scene I,Dogberry,"me ass: I beseech you, let it be remembered in his",2300
Act V,Scene I,Dogberry,"punishment. And also, the watch heard them talk of",2301
Act V,Scene I,Dogberry,one Deformed: they say be wears a key in his ear and,2302
Act V,Scene I,Dogberry,"a lock hanging by it, and borrows money in God's",2303
Act V,Scene I,Dogberry,"name, the which he hath used so long and never paid",2304
Act V,Scene I,Dogberry,that now men grow hard-hearted and will lend nothing,2305
Act V,Scene I,Dogberry,"for God's sake: pray you, examine him upon that point.",2306
Act V,Scene I,Leonato,I thank thee for thy care and honest pains.,2307
Act V,Scene I,Dogberry,Your worship speaks like a most thankful and,2308
Act V,Scene I,Dogberry,reverend youth; and I praise God for you.,2309
Act V,Scene I,Leonato,There's for thy pains.,2310
Act V,Scene I,Dogberry,God save the foundation!,2311
Act V,Scene I,Leonato,"Go, I discharge thee of thy prisoner, and I thank thee.",2312
Act V,Scene I,Dogberry,I leave an arrant knave with your worship; which I,2313
Act V,Scene I,Dogberry,"beseech your worship to correct yourself, for the",2314
Act V,Scene I,Dogberry,example of others. God keep your worship! I wish,2315
Act V,Scene I,Dogberry,your worship well; God restore you to health! I,2316
Act V,Scene I,Dogberry,humbly give you leave to depart; and if a merry,2317
Act V,Scene I,Dogberry,"meeting may be wished, God prohibit it! Come, neighbour.",2318
Act V,Scene I,[stage direction],Exeunt DOGBERRY and VERGES,NA
Act V,Scene I,Leonato,"Until to-morrow morning, lords, farewell.",2319
Act V,Scene I,Antonio,"Farewell, my lords: we look for you to-morrow.",2320
Act V,Scene I,Don Pedro,We will not fail.,2321
Act V,Scene I,Claudio,To-night I'll mourn with Hero.,2322
Act V,Scene I,Leonato,[To the Watch]  Bring you these fellows on. We'll,2323
Act V,Scene I,Leonato,"talk with Margaret,",2324
Act V,Scene I,Leonato,How her acquaintance grew with this lewd fellow.,2325
Act V,Scene I,[stage direction],"Exeunt, severally",NA
Act V,Scene II,[stage direction],"Enter BENEDICK and MARGARET, meeting",NA
Act V,Scene II,Benedick,"Pray thee, sweet Mistress Margaret, deserve well at",2326
Act V,Scene II,Benedick,my hands by helping me to the speech of Beatrice.,2327
Act V,Scene II,Margaret,Will you then write me a sonnet in praise of my beauty?,2328
Act V,Scene II,Benedick,"In so high a style, Margaret, that no man living",2329
Act V,Scene II,Benedick,"shall come over it; for, in most comely truth, thou",2330
Act V,Scene II,Benedick,deservest it.,2331
Act V,Scene II,Margaret,"To have no man come over me! why, shall I always",2332
Act V,Scene II,Margaret,keep below stairs?,2333
Act V,Scene II,Benedick,Thy wit is as quick as the greyhound's mouth; it catches.,2334
Act V,Scene II,Margaret,"And yours as blunt as the fencer's foils, which hit,",2335
Act V,Scene II,Margaret,but hurt not.,2336
Act V,Scene II,Benedick,"A most manly wit, Margaret; it will not hurt a",2337
Act V,Scene II,Benedick,"woman: and so, I pray thee, call Beatrice: I give",2338
Act V,Scene II,Benedick,thee the bucklers.,2339
Act V,Scene II,Margaret,Give us the swords; we have bucklers of our own.,2340
Act V,Scene II,Benedick,"If you use them, Margaret, you must put in the",2341
Act V,Scene II,Benedick,pikes with a vice; and they are dangerous weapons for maids.,2342
Act V,Scene II,Margaret,"Well, I will call Beatrice to you, who I think hath legs.",2343
Act V,Scene II,Benedick,And therefore will come.,2344
Act V,Scene II,[stage direction],Exit MARGARET,NA
Act V,Scene II,[stage direction],Sings,NA
Act V,Scene II,Benedick,"The god of love,",2345
Act V,Scene II,Benedick,"That sits above,",2346
Act V,Scene II,Benedick,"And knows me, and knows me,",2347
Act V,Scene II,Benedick,"How pitiful I deserve,--",2348
Act V,Scene II,Benedick,"I mean in singing; but in loving, Leander the good",2349
Act V,Scene II,Benedick,"swimmer, Troilus the first employer of panders, and",2350
Act V,Scene II,Benedick,"a whole bookful of these quondam carpet-mangers,",2351
Act V,Scene II,Benedick,whose names yet run smoothly in the even road of a,2352
Act V,Scene II,Benedick,"blank verse, why, they were never so truly turned",2353
Act V,Scene II,Benedick,"over and over as my poor self in love. Marry, I",2354
Act V,Scene II,Benedick,cannot show it in rhyme; I have tried: I can find,2355
Act V,Scene II,Benedick,"out no rhyme to 'lady' but 'baby,' an innocent",2356
Act V,Scene II,Benedick,"rhyme; for 'scorn,' 'horn,' a hard rhyme; for,",2357
Act V,Scene II,Benedick,"'school,' 'fool,' a babbling rhyme; very ominous",2358
Act V,Scene II,Benedick,"endings: no, I was not born under a rhyming planet,",2359
Act V,Scene II,Benedick,nor I cannot woo in festival terms.,2360
Act V,Scene II,[stage direction],Enter BEATRICE,NA
Act V,Scene II,Benedick,"Sweet Beatrice, wouldst thou come when I called thee?",2361
Act V,Scene II,Beatrice,"Yea, signior, and depart when you bid me.",2362
Act V,Scene II,Benedick,"O, stay but till then!",2363
Act V,Scene II,Beatrice,"'Then' is spoken; fare you well now: and yet, ere",2364
Act V,Scene II,Beatrice,"I go, let me go with that I came; which is, with",2365
Act V,Scene II,Beatrice,knowing what hath passed between you and Claudio.,2366
Act V,Scene II,Benedick,Only foul words; and thereupon I will kiss thee.,2367
Act V,Scene II,Beatrice,"Foul words is but foul wind, and foul wind is but",2368
Act V,Scene II,Beatrice,"foul breath, and foul breath is noisome; therefore I",2369
Act V,Scene II,Beatrice,will depart unkissed.,2370
Act V,Scene II,Benedick,"Thou hast frighted the word out of his right sense,",2371
Act V,Scene II,Benedick,so forcible is thy wit. But I must tell thee,2372
Act V,Scene II,Benedick,"plainly, Claudio undergoes my challenge; and either",2373
Act V,Scene II,Benedick,"I must shortly hear from him, or I will subscribe",2374
Act V,Scene II,Benedick,"him a coward. And, I pray thee now, tell me for",2375
Act V,Scene II,Benedick,which of my bad parts didst thou first fall in love with me?,2376
Act V,Scene II,Beatrice,For them all together; which maintained so politic,2377
Act V,Scene II,Beatrice,a state of evil that they will not admit any good,2378
Act V,Scene II,Beatrice,part to intermingle with them. But for which of my,2379
Act V,Scene II,Beatrice,good parts did you first suffer love for me?,2380
Act V,Scene II,Benedick,Suffer love! a good epithet! I do suffer love,2381
Act V,Scene II,Benedick,"indeed, for I love thee against my will.",2382
Act V,Scene II,Beatrice,"In spite of your heart, I think; alas, poor heart!",2383
Act V,Scene II,Beatrice,"If you spite it for my sake, I will spite it for",2384
Act V,Scene II,Beatrice,yours; for I will never love that which my friend hates.,2385
Act V,Scene II,Benedick,Thou and I are too wise to woo peaceably.,2386
Act V,Scene II,Beatrice,It appears not in this confession: there's not one,2387
Act V,Scene II,Beatrice,wise man among twenty that will praise himself.,2388
Act V,Scene II,Benedick,"An old, an old instance, Beatrice, that lived in",2389
Act V,Scene II,Benedick,the lime of good neighbours. If a man do not erect,2390
Act V,Scene II,Benedick,"in this age his own tomb ere he dies, he shall live",2391
Act V,Scene II,Benedick,no longer in monument than the bell rings and the,2392
Act V,Scene II,Benedick,widow weeps.,2393
Act V,Scene II,Beatrice,"And how long is that, think you?",2394
Act V,Scene II,Benedick,"Question: why, an hour in clamour and a quarter in",2395
Act V,Scene II,Benedick,rheum: therefore is it most expedient for the,2396
Act V,Scene II,Benedick,"wise, if Don Worm, his conscience, find no",2397
Act V,Scene II,Benedick,"impediment to the contrary, to be the trumpet of his",2398
Act V,Scene II,Benedick,"own virtues, as I am to myself. So much for",2399
Act V,Scene II,Benedick,"praising myself, who, I myself will bear witness, is",2400
Act V,Scene II,Benedick,"praiseworthy: and now tell me, how doth your cousin?",2401
Act V,Scene II,Beatrice,Very ill.,2402
Act V,Scene II,Benedick,And how do you?,2403
Act V,Scene II,Beatrice,Very ill too.,2404
Act V,Scene II,Benedick,"Serve God, love me and mend. There will I leave",2405
Act V,Scene II,Benedick,"you too, for here comes one in haste.",2406
Act V,Scene II,[stage direction],Enter URSULA,NA
Act V,Scene II,Ursula,"Madam, you must come to your uncle. Yonder's old",2407
Act V,Scene II,Ursula,coil at home: it is proved my Lady Hero hath been,2408
Act V,Scene II,Ursula,"falsely accused, the prince and Claudio mightily",2409
Act V,Scene II,Ursula,"abused; and Don John is the author of all, who is",2410
Act V,Scene II,Ursula,fed and gone. Will you come presently?,2411
Act V,Scene II,Beatrice,"Will you go hear this news, signior?",2412
Act V,Scene II,Benedick,"I will live in thy heart, die in thy lap, and be",2413
Act V,Scene II,Benedick,buried in thy eyes; and moreover I will go with,2414
Act V,Scene II,Benedick,thee to thy uncle's.,2415
Act V,Scene II,[stage direction],Exeunt,NA
Act V,Scene III,[stage direction],"Enter DON PEDRO, CLAUDIO, and three or four with tapers",NA
Act V,Scene III,Claudio,Is this the monument of Leonato?,2416
Act V,Scene III,Lord,"It is, my lord.",2417
Act V,Scene III,Claudio,[Reading out of a scroll],2418
Act V,Scene III,Claudio,Done to death by slanderous tongues,2419
Act V,Scene III,Claudio,Was the Hero that here lies:,2420
Act V,Scene III,Claudio,"Death, in guerdon of her wrongs,",2421
Act V,Scene III,Claudio,Gives her fame which never dies.,2422
Act V,Scene III,Claudio,So the life that died with shame,2423
Act V,Scene III,Claudio,Lives in death with glorious fame.,2424
Act V,Scene III,Claudio,"Hang thou there upon the tomb,",2425
Act V,Scene III,Claudio,Praising her when I am dumb.,2426
Act V,Scene III,Claudio,"Now, music, sound, and sing your solemn hymn.",2427
Act V,Scene III,Claudio,SONG.,2428
Act V,Scene III,Claudio,"Pardon, goddess of the night,",2429
Act V,Scene III,Claudio,Those that slew thy virgin knight;,2430
Act V,Scene III,Claudio,"For the which, with songs of woe,",2431
Act V,Scene III,Claudio,Round about her tomb they go.,2432
Act V,Scene III,Claudio,"Midnight, assist our moan;",2433
Act V,Scene III,Claudio,"Help us to sigh and groan,",2434
Act V,Scene III,Claudio,"Heavily, heavily:",2435
Act V,Scene III,Claudio,"Graves, yawn and yield your dead,",2436
Act V,Scene III,Claudio,"Till death be uttered,",2437
Act V,Scene III,Claudio,"Heavily, heavily.",2438
Act V,Scene III,Claudio,"Now, unto thy bones good night!",2439
Act V,Scene III,Claudio,Yearly will I do this rite.,2440
Act V,Scene III,Don Pedro,"Good morrow, masters; put your torches out:",2441
Act V,Scene III,Don Pedro,"The wolves have prey'd; and look, the gentle day,",2442
Act V,Scene III,Don Pedro,"Before the wheels of Phoebus, round about",2443
Act V,Scene III,Don Pedro,Dapples the drowsy east with spots of grey.,2444
Act V,Scene III,Don Pedro,"Thanks to you all, and leave us: fare you well.",2445
Act V,Scene III,Claudio,"Good morrow, masters: each his several way.",2446
Act V,Scene III,Don Pedro,"Come, let us hence, and put on other weeds;",2447
Act V,Scene III,Don Pedro,And then to Leonato's we will go.,2448
Act V,Scene III,Claudio,And Hymen now with luckier issue speed's,2449
Act V,Scene III,Claudio,Than this for whom we render'd up this woe.,2450
Act V,Scene III,[stage direction],Exeunt,NA
Act V,Scene IV,[stage direction],"Enter LEONATO, ANTONIO, BENEDICK, BEATRICE, MARGARET, URSULA, FRIAR FRANCIS, and HERO",NA
Act V,Scene IV,Friar Francis,Did I not tell you she was innocent?,2451
Act V,Scene IV,Leonato,"So are the prince and Claudio, who accused her",2452
Act V,Scene IV,Leonato,Upon the error that you heard debated:,2453
Act V,Scene IV,Leonato,"But Margaret was in some fault for this,",2454
Act V,Scene IV,Leonato,"Although against her will, as it appears",2455
Act V,Scene IV,Leonato,In the true course of all the question.,2456
Act V,Scene IV,Antonio,"Well, I am glad that all things sort so well.",2457
Act V,Scene IV,Benedick,"And so am I, being else by faith enforced",2458
Act V,Scene IV,Benedick,To call young Claudio to a reckoning for it.,2459
Act V,Scene IV,Leonato,"Well, daughter, and you gentle-women all,",2460
Act V,Scene IV,Leonato,"Withdraw into a chamber by yourselves,",2461
Act V,Scene IV,Leonato,"And when I send for you, come hither mask'd.",2462
Act V,Scene IV,[stage direction],Exeunt Ladies,NA
Act V,Scene IV,Leonato,The prince and Claudio promised by this hour,2463
Act V,Scene IV,Leonato,"To visit me. You know your office, brother:",2464
Act V,Scene IV,Leonato,You must be father to your brother's daughter,2465
Act V,Scene IV,Leonato,And give her to young Claudio.,2466
Act V,Scene IV,Antonio,Which I will do with confirm'd countenance.,2467
Act V,Scene IV,Benedick,"Friar, I must entreat your pains, I think.",2468
Act V,Scene IV,Friar Francis,"To do what, signior?",2469
Act V,Scene IV,Benedick,"To bind me, or undo me; one of them.",2470
Act V,Scene IV,Benedick,"Signior Leonato, truth it is, good signior,",2471
Act V,Scene IV,Benedick,Your niece regards me with an eye of favour.,2472
Act V,Scene IV,Leonato,That eye my daughter lent her: 'tis most true.,2473
Act V,Scene IV,Benedick,And I do with an eye of love requite her.,2474
Act V,Scene IV,Leonato,"The sight whereof I think you had from me,",2475
Act V,Scene IV,Leonato,From Claudio and the prince: but what's your will?,2476
Act V,Scene IV,Benedick,"Your answer, sir, is enigmatical:",2477
Act V,Scene IV,Benedick,"But, for my will, my will is your good will",2478
Act V,Scene IV,Benedick,"May stand with ours, this day to be conjoin'd",2479
Act V,Scene IV,Benedick,In the state of honourable marriage:,2480
Act V,Scene IV,Benedick,"In which, good friar, I shall desire your help.",2481
Act V,Scene IV,Leonato,My heart is with your liking.,2482
Act V,Scene IV,Friar Francis,And my help.,2483
Act V,Scene IV,Friar Francis,Here comes the prince and Claudio.,2484
Act V,Scene IV,[stage direction],"Enter DON PEDRO and CLAUDIO, and two or three others",NA
Act V,Scene IV,Don Pedro,Good morrow to this fair assembly.,2485
Act V,Scene IV,Leonato,"Good morrow, prince; good morrow, Claudio:",2486
Act V,Scene IV,Leonato,We here attend you. Are you yet determined,2487
Act V,Scene IV,Leonato,To-day to marry with my brother's daughter?,2488
Act V,Scene IV,Claudio,"I'll hold my mind, were she an Ethiope.",2489
Act V,Scene IV,Leonato,"Call her forth, brother; here's the friar ready.",2490
Act V,Scene IV,[stage direction],Exit ANTONIO,NA
Act V,Scene IV,Don Pedro,"Good morrow, Benedick. Why, what's the matter,",2491
Act V,Scene IV,Don Pedro,"That you have such a February face,",2492
Act V,Scene IV,Don Pedro,"So full of frost, of storm and cloudiness?",2493
Act V,Scene IV,Claudio,I think he thinks upon the savage bull.,2494
Act V,Scene IV,Claudio,"Tush, fear not, man; we'll tip thy horns with gold",2495
Act V,Scene IV,Claudio,"And all Europa shall rejoice at thee,",2496
Act V,Scene IV,Claudio,"As once Europa did at lusty Jove,",2497
Act V,Scene IV,Claudio,When he would play the noble beast in love.,2498
Act V,Scene IV,Benedick,"Bull Jove, sir, had an amiable low;",2499
Act V,Scene IV,Benedick,"And some such strange bull leap'd your father's cow,",2500
Act V,Scene IV,Benedick,And got a calf in that same noble feat,2501
Act V,Scene IV,Benedick,"Much like to you, for you have just his bleat.",2502
Act V,Scene IV,Claudio,For this I owe you: here comes other reckonings.,2503
Act V,Scene IV,[stage direction],"Re-enter ANTONIO, with the Ladies masked",NA
Act V,Scene IV,Claudio,Which is the lady I must seize upon?,2504
Act V,Scene IV,Antonio,"This same is she, and I do give you her.",2505
Act V,Scene IV,Claudio,"Why, then she's mine. Sweet, let me see your face.",2506
Act V,Scene IV,Leonato,"No, that you shall not, till you take her hand",2507
Act V,Scene IV,Leonato,Before this friar and swear to marry her.,2508
Act V,Scene IV,Claudio,"Give me your hand: before this holy friar,",2509
Act V,Scene IV,Claudio,"I am your husband, if you like of me.",2510
Act V,Scene IV,Hero,"And when I lived, I was your other wife:",2511
Act V,Scene IV,[stage direction],Unmasking,NA
Act V,Scene IV,Hero,"And when you loved, you were my other husband.",2512
Act V,Scene IV,Claudio,Another Hero!,2513
Act V,Scene IV,Hero,Nothing certainer:,2514
Act V,Scene IV,Hero,"One Hero died defiled, but I do live,",2515
Act V,Scene IV,Hero,"And surely as I live, I am a maid.",2516
Act V,Scene IV,Don Pedro,The former Hero! Hero that is dead!,2517
Act V,Scene IV,Leonato,"She died, my lord, but whiles her slander lived.",2518
Act V,Scene IV,Friar Francis,All this amazement can I qualify:,2519
Act V,Scene IV,Friar Francis,"When after that the holy rites are ended,",2520
Act V,Scene IV,Friar Francis,I'll tell you largely of fair Hero's death:,2521
Act V,Scene IV,Friar Francis,"Meantime let wonder seem familiar,",2522
Act V,Scene IV,Friar Francis,And to the chapel let us presently.,2523
Act V,Scene IV,Benedick,"Soft and fair, friar. Which is Beatrice?",2524
Act V,Scene IV,Beatrice,[Unmasking]  I answer to that name. What is your will?,2525
Act V,Scene IV,Benedick,Do not you love me?,2526
Act V,Scene IV,Beatrice,"Why, no; no more than reason.",2527
Act V,Scene IV,Benedick,"Why, then your uncle and the prince and Claudio",2528
Act V,Scene IV,Benedick,Have been deceived; they swore you did.,2529
Act V,Scene IV,Beatrice,Do not you love me?,2530
Act V,Scene IV,Benedick,"Troth, no; no more than reason.",2531
Act V,Scene IV,Beatrice,"Why, then my cousin Margaret and Ursula",2532
Act V,Scene IV,Beatrice,Are much deceived; for they did swear you did.,2533
Act V,Scene IV,Benedick,They swore that you were almost sick for me.,2534
Act V,Scene IV,Beatrice,They swore that you were well-nigh dead for me.,2535
Act V,Scene IV,Benedick,'Tis no such matter. Then you do not love me?,2536
Act V,Scene IV,Beatrice,"No, truly, but in friendly recompense.",2537
Act V,Scene IV,Leonato,"Come, cousin, I am sure you love the gentleman.",2538
Act V,Scene IV,Claudio,And I'll be sworn upon't that he loves her;,2539
Act V,Scene IV,Claudio,"For here's a paper written in his hand,",2540
Act V,Scene IV,Claudio,"A halting sonnet of his own pure brain,",2541
Act V,Scene IV,Claudio,Fashion'd to Beatrice.,2542
Act V,Scene IV,Hero,And here's another,2543
Act V,Scene IV,Hero,"Writ in my cousin's hand, stolen from her pocket,",2544
Act V,Scene IV,Hero,Containing her affection unto Benedick.,2545
Act V,Scene IV,Benedick,A miracle! here's our own hands against our hearts.,2546
Act V,Scene IV,Benedick,"Come, I will have thee; but, by this light, I take",2547
Act V,Scene IV,Benedick,thee for pity.,2548
Act V,Scene IV,Beatrice,"I would not deny you; but, by this good day, I yield",2549
Act V,Scene IV,Beatrice,"upon great persuasion; and partly to save your life,",2550
Act V,Scene IV,Beatrice,for I was told you were in a consumption.,2551
Act V,Scene IV,Benedick,Peace! I will stop your mouth.,2552
Act V,Scene IV,[stage direction],Kissing her,NA
Act V,Scene IV,Don Pedro,"How dost thou, Benedick, the married man?",2553
Act V,Scene IV,Benedick,"I'll tell thee what, prince; a college of",2554
Act V,Scene IV,Benedick,wit-crackers cannot flout me out of my humour. Dost,2555
Act V,Scene IV,Benedick,thou think I  care for a satire or an epigram? No:,2556
Act V,Scene IV,Benedick,"if a man will be beaten with brains, a' shall wear",2557
Act V,Scene IV,Benedick,"nothing handsome about him. In brief, since I do",2558
Act V,Scene IV,Benedick,"purpose to marry, I will think nothing to any",2559
Act V,Scene IV,Benedick,purpose that the world can say against it; and,2560
Act V,Scene IV,Benedick,therefore never flout at me for what I have said,2561
Act V,Scene IV,Benedick,"against it; for man is a giddy thing, and this is my",2562
Act V,Scene IV,Benedick,"conclusion. For thy part, Claudio, I did think to",2563
Act V,Scene IV,Benedick,"have beaten thee, but in that thou art like to be my",2564
Act V,Scene IV,Benedick,"kinsman, live unbruised and love my cousin.",2565
Act V,Scene IV,Claudio,"I had well hoped thou wouldst have denied Beatrice,",2566
Act V,Scene IV,Claudio,that I might have cudgelled thee out of thy single,2567
Act V,Scene IV,Claudio,"life, to make thee a double-dealer; which, out of",2568
Act V,Scene IV,Claudio,"question, thou wilt be, if my cousin do not look",2569
Act V,Scene IV,Claudio,exceedingly narrowly to thee.,2570
Act V,Scene IV,Benedick,"Come, come, we are friends: let's have a dance ere",2571
Act V,Scene IV,Benedick,"we are married, that we may lighten our own hearts",2572
Act V,Scene IV,Benedick,and our wives' heels.,2573
Act V,Scene IV,Leonato,We'll have dancing afterward.,2574
Act V,Scene IV,Benedick,"First, of my word; therefore play, music. Prince,",2575
Act V,Scene IV,Benedick,"thou art sad; get thee a wife, get thee a wife:",2576
Act V,Scene IV,Benedick,there is no staff more reverend than one tipped with horn.,2577
Act V,Scene IV,[stage direction],Enter a Messenger,NA
Act V,Scene IV,Messenger,"My lord, your brother John is ta'en in flight,",2578
Act V,Scene IV,Messenger,And brought with armed men back to Messina.,2579
Act V,Scene IV,Benedick,Think not on him till to-morrow:,2580
Act V,Scene IV,Benedick,I'll devise thee brave punishments for him.,2581
Act V,Scene IV,Benedick,"Strike up, pipers.",2582
Act V,Scene IV,[stage direction],Dance,NA
Act V,Scene IV,[stage direction],Exeunt,NA
