act,scene,character,dialogue,line_number
Act I,Prologue,[stage direction],Enter GOWER,NA
Act I,Prologue,[stage direction],Before the palace of Antioch,NA
Act I,Prologue,Chorus,"To sing a song that old was sung,",1
Act I,Prologue,Chorus,From ashes ancient Gower is come;,2
Act I,Prologue,Chorus,"Assuming man's infirmities,",3
Act I,Prologue,Chorus,"To glad your ear, and please your eyes.",4
Act I,Prologue,Chorus,"It hath been sung at festivals,",5
Act I,Prologue,Chorus,On ember-eves and holy-ales;,6
Act I,Prologue,Chorus,And lords and ladies in their lives,7
Act I,Prologue,Chorus,Have read it for restoratives:,8
Act I,Prologue,Chorus,The purchase is to make men glorious;,9
Act I,Prologue,Chorus,"Et bonum quo antiquius, eo melius.",10
Act I,Prologue,Chorus,"If you, born in these latter times,",11
Act I,Prologue,Chorus,"When wit's more ripe, accept my rhymes.",12
Act I,Prologue,Chorus,And that to hear an old man sing,13
Act I,Prologue,Chorus,May to your wishes pleasure bring,14
Act I,Prologue,Chorus,"I life would wish, and that I might",15
Act I,Prologue,Chorus,"Waste it for you, like taper-light.",16
Act I,Prologue,Chorus,"This Antioch, then, Antiochus the Great",17
Act I,Prologue,Chorus,"Built up, this city, for his chiefest seat:",18
Act I,Prologue,Chorus,"The fairest in all Syria,",19
Act I,Prologue,Chorus,I tell you what mine authors say:,20
Act I,Prologue,Chorus,"This king unto him took a fere,",21
Act I,Prologue,Chorus,"Who died and left a female heir,",22
Act I,Prologue,Chorus,"So buxom, blithe, and full of face,",23
Act I,Prologue,Chorus,As heaven had lent her all his grace;,24
Act I,Prologue,Chorus,"With whom the father liking took,",25
Act I,Prologue,Chorus,And her to incest did provoke:,26
Act I,Prologue,Chorus,Bad child; worse father! to entice his own,27
Act I,Prologue,Chorus,To evil should be done by none:,28
Act I,Prologue,Chorus,But custom what they did begin,29
Act I,Prologue,Chorus,Was with long use account no sin.,30
Act I,Prologue,Chorus,The beauty of this sinful dame,31
Act I,Prologue,Chorus,"Made many princes thither frame,",32
Act I,Prologue,Chorus,"To seek her as a bed-fellow,",33
Act I,Prologue,Chorus,In marriage-pleasures play-fellow:,34
Act I,Prologue,Chorus,"Which to prevent he made a law,",35
Act I,Prologue,Chorus,"To keep her still, and men in awe,",36
Act I,Prologue,Chorus,"That whoso ask'd her for his wife,",37
Act I,Prologue,Chorus,"His riddle told not, lost his life:",38
Act I,Prologue,Chorus,"So for her many a wight did die,",39
Act I,Prologue,Chorus,As yon grim looks do testify.,40
Act I,Prologue,Chorus,"What now ensues, to the judgment of your eye",41
Act I,Prologue,Chorus,"I give, my cause who best can justify.",42
Act I,Prologue,[stage direction],Exit,NA
Act I,Scene I,[stage direction],"Enter ANTIOCHUS, Prince PERICLES, and followers",NA
Act I,Scene I,Antiochus,"Young prince of Tyre, you have at large received",43
Act I,Scene I,Antiochus,The danger of the task you undertake.,44
Act I,Scene I,Pericles,"I have, Antiochus, and, with a soul",45
Act I,Scene I,Pericles,"Embolden'd with the glory of her praise,",46
Act I,Scene I,Pericles,Think death no hazard in this enterprise.,47
Act I,Scene I,Antiochus,"Bring in our daughter, clothed like a bride,",48
Act I,Scene I,Antiochus,For the embracements even of Jove himself;,49
Act I,Scene I,Antiochus,"At whose conception, till Lucina reign'd,",50
Act I,Scene I,Antiochus,"Nature this dowry gave, to glad her presence,",51
Act I,Scene I,Antiochus,"The senate-house of planets all did sit,",52
Act I,Scene I,Antiochus,To knit in her their best perfections.,53
Act I,Scene I,[stage direction],Music. Enter the Daughter of ANTIOCHUS,NA
Act I,Scene I,Pericles,"See where she comes, apparell'd like the spring,",54
Act I,Scene I,Pericles,"Graces her subjects, and her thoughts the king",55
Act I,Scene I,Pericles,Of every virtue gives renown to men!,56
Act I,Scene I,Pericles,"Her face the book of praises, where is read",57
Act I,Scene I,Pericles,"Nothing but curious pleasures, as from thence",58
Act I,Scene I,Pericles,Sorrow were ever razed and testy wrath,59
Act I,Scene I,Pericles,Could never be her mild companion.,60
Act I,Scene I,Pericles,"You gods that made me man, and sway in love,",61
Act I,Scene I,Pericles,That have inflamed desire in my breast,62
Act I,Scene I,Pericles,"To taste the fruit of yon celestial tree,",63
Act I,Scene I,Pericles,"Or die in the adventure, be my helps,",64
Act I,Scene I,Pericles,"As I am son and servant to your will,",65
Act I,Scene I,Pericles,To compass such a boundless happiness!,66
Act I,Scene I,Antiochus,"Prince Pericles,--",67
Act I,Scene I,Pericles,That would be son to great Antiochus.,68
Act I,Scene I,Antiochus,"Before thee stands this fair Hesperides,",69
Act I,Scene I,Antiochus,"With golden fruit, but dangerous to be touch'd;",70
Act I,Scene I,Antiochus,For death-like dragons here affright thee hard:,71
Act I,Scene I,Antiochus,"Her face, like heaven, enticeth thee to view",72
Act I,Scene I,Antiochus,"Her countless glory, which desert must gain;",73
Act I,Scene I,Antiochus,"And which, without desert, because thine eye",74
Act I,Scene I,Antiochus,"Presumes to reach, all thy whole heap must die.",75
Act I,Scene I,Antiochus,"Yon sometimes famous princes, like thyself,",76
Act I,Scene I,Antiochus,"Drawn by report, adventurous by desire,",77
Act I,Scene I,Antiochus,"Tell thee, with speechless tongues and semblance pale,",78
Act I,Scene I,Antiochus,"That without covering, save yon field of stars,",79
Act I,Scene I,Antiochus,"Here they stand martyrs, slain in Cupid's wars;",80
Act I,Scene I,Antiochus,And with dead cheeks advise thee to desist,81
Act I,Scene I,Antiochus,"For going on death's net, whom none resist.",82
Act I,Scene I,Pericles,"Antiochus, I thank thee, who hath taught",83
Act I,Scene I,Pericles,"My frail mortality to know itself,",84
Act I,Scene I,Pericles,And by those fearful objects to prepare,85
Act I,Scene I,Pericles,"This body, like to them, to what I must;",86
Act I,Scene I,Pericles,"For death remember'd should be like a mirror,",87
Act I,Scene I,Pericles,"Who tells us life's but breath, to trust it error.",88
Act I,Scene I,Pericles,"I'll make my will then, and, as sick men do",89
Act I,Scene I,Pericles,"Who know the world, see heaven, but, feeling woe,",90
Act I,Scene I,Pericles,Gripe not at earthly joys as erst they did;,91
Act I,Scene I,Pericles,So I bequeath a happy peace to you,92
Act I,Scene I,Pericles,"And all good men, as every prince should do;",93
Act I,Scene I,Pericles,My riches to the earth from whence they came;,94
Act I,Scene I,Pericles,But my unspotted fire of love to you.,95
Act I,Scene I,[stage direction],To the Daughter of ANTIOCHUS,NA
Act I,Scene I,Pericles,"Thus ready for the way of life or death,",96
Act I,Scene I,Pericles,"I wait the sharpest blow, Antiochus.",97
Act I,Scene I,Antiochus,"Scorning advice, read the conclusion then:",98
Act I,Scene I,Antiochus,"Which read and not expounded, 'tis decreed,",99
Act I,Scene I,Antiochus,As these before thee thou thyself shalt bleed.,100
Act I,Scene I,Daughter,"Of all say'd yet, mayst thou prove prosperous!",101
Act I,Scene I,Daughter,"Of all say'd yet, I wish thee happiness!",102
Act I,Scene I,Pericles,"Like a bold champion, I assume the lists,",103
Act I,Scene I,Pericles,Nor ask advice of any other thought,104
Act I,Scene I,Pericles,But faithfulness and courage.,105
Act I,Scene I,[stage direction],He reads the riddle,NA
Act I,Scene I,Pericles,"I am no viper, yet I feed",106
Act I,Scene I,Pericles,On mother's flesh which did me breed.,107
Act I,Scene I,Pericles,"I sought a husband, in which labour",108
Act I,Scene I,Pericles,I found that kindness in a father:,109
Act I,Scene I,Pericles,"He's father, son, and husband mild;",110
Act I,Scene I,Pericles,"I mother, wife, and yet his child.",111
Act I,Scene I,Pericles,"How they may be, and yet in two,",112
Act I,Scene I,Pericles,"As you will live, resolve it you.",113
Act I,Scene I,Pericles,"Sharp physic is the last: but, O you powers",114
Act I,Scene I,Pericles,"That give heaven countless eyes to view men's acts,",115
Act I,Scene I,Pericles,"Why cloud they not their sights perpetually,",116
Act I,Scene I,Pericles,"If this be true, which makes me pale to read it?",117
Act I,Scene I,Pericles,"Fair glass of light, I loved you, and could still,",118
Act I,Scene I,[stage direction],Takes hold of the hand of the Daughter of ANTIOCHUS,NA
Act I,Scene I,Pericles,Were not this glorious casket stored with ill:,119
Act I,Scene I,Pericles,"But I must tell you, now my thoughts revolt",120
Act I,Scene I,Pericles,For he's no man on whom perfections wait,121
Act I,Scene I,Pericles,"That, knowing sin within, will touch the gate.",122
Act I,Scene I,Pericles,"You are a fair viol, and your sense the strings;",123
Act I,Scene I,Pericles,"Who, finger'd to make man his lawful music,",124
Act I,Scene I,Pericles,"Would draw heaven down, and all the gods, to hearken:",125
Act I,Scene I,Pericles,"But being play'd upon before your time,",126
Act I,Scene I,Pericles,Hell only danceth at so harsh a chime.,127
Act I,Scene I,Pericles,"Good sooth, I care not for you.",128
Act I,Scene I,Antiochus,"Prince Pericles, touch not, upon thy life.",129
Act I,Scene I,Antiochus,"For that's an article within our law,",130
Act I,Scene I,Antiochus,As dangerous as the rest. Your time's expired:,131
Act I,Scene I,Antiochus,"Either expound now, or receive your sentence.",132
Act I,Scene I,Pericles,"Great king,",133
Act I,Scene I,Pericles,Few love to hear the sins they love to act;,134
Act I,Scene I,Pericles,'Twould braid yourself too near for me to tell it.,135
Act I,Scene I,Pericles,"Who has a book of all that monarchs do,",136
Act I,Scene I,Pericles,He's more secure to keep it shut than shown:,137
Act I,Scene I,Pericles,For vice repeated is like the wandering wind.,138
Act I,Scene I,Pericles,"Blows dust in other's eyes, to spread itself;",139
Act I,Scene I,Pericles,"And yet the end of all is bought thus dear,",140
Act I,Scene I,Pericles,"The breath is gone, and the sore eyes see clear:",141
Act I,Scene I,Pericles,To stop the air would hurt them. The blind mole casts,142
Act I,Scene I,Pericles,"Copp'd hills towards heaven, to tell the earth is throng'd",143
Act I,Scene I,Pericles,By man's oppression; and the poor worm doth die for't.,144
Act I,Scene I,Pericles,Kings are earth's gods; in vice their law's,145
Act I,Scene I,Pericles,their will;,146
Act I,Scene I,Pericles,"And if Jove stray, who dares say Jove doth ill?",147
Act I,Scene I,Pericles,"It is enough you know; and it is fit,",148
Act I,Scene I,Pericles,"What being more known grows worse, to smother it.",149
Act I,Scene I,Pericles,"All love the womb that their first being bred,",150
Act I,Scene I,Pericles,Then give my tongue like leave to love my head.,151
Act I,Scene I,Antiochus,"[Aside]  Heaven, that I had thy head! he has found",152
Act I,Scene I,Antiochus,the meaning:,153
Act I,Scene I,Antiochus,"But I will gloze with him.--Young prince of Tyre,",154
Act I,Scene I,Antiochus,"Though by the tenor of our strict edict,",155
Act I,Scene I,Antiochus,"Your exposition misinterpreting,",156
Act I,Scene I,Antiochus,We might proceed to cancel of your days;,157
Act I,Scene I,Antiochus,"Yet hope, succeeding from so fair a tree",158
Act I,Scene I,Antiochus,"As your fair self, doth tune us otherwise:",159
Act I,Scene I,Antiochus,Forty days longer we do respite you;,160
Act I,Scene I,Antiochus,"If by which time our secret be undone,",161
Act I,Scene I,Antiochus,This mercy shows we'll joy in such a son:,162
Act I,Scene I,Antiochus,And until then your entertain shall be,163
Act I,Scene I,Antiochus,As doth befit our honour and your worth.,164
Act I,Scene I,[stage direction],Exeunt all but PERICLES,NA
Act I,Scene I,Pericles,"How courtesy would seem to cover sin,",165
Act I,Scene I,Pericles,"When what is done is like an hypocrite,",166
Act I,Scene I,Pericles,The which is good in nothing but in sight!,167
Act I,Scene I,Pericles,"If it be true that I interpret false,",168
Act I,Scene I,Pericles,Then were it certain you were not so bad,169
Act I,Scene I,Pericles,As with foul incest to abuse your soul;,170
Act I,Scene I,Pericles,"Where now you're both a father and a son,",171
Act I,Scene I,Pericles,"By your untimely claspings with your child,",172
Act I,Scene I,Pericles,"Which pleasure fits an husband, not a father;",173
Act I,Scene I,Pericles,"And she an eater of her mother's flesh,",174
Act I,Scene I,Pericles,By the defiling of her parent's bed;,175
Act I,Scene I,Pericles,"And both like serpents are, who though they feed",176
Act I,Scene I,Pericles,"On sweetest flowers, yet they poison breed.",177
Act I,Scene I,Pericles,"Antioch, farewell! for wisdom sees, those men",178
Act I,Scene I,Pericles,"Blush not in actions blacker than the night,",179
Act I,Scene I,Pericles,Will shun no course to keep them from the light.,180
Act I,Scene I,Pericles,"One sin, I know, another doth provoke;",181
Act I,Scene I,Pericles,Murder's as near to lust as flame to smoke:,182
Act I,Scene I,Pericles,"Poison and treason are the hands of sin,",183
Act I,Scene I,Pericles,"Ay, and the targets, to put off the shame:",184
Act I,Scene I,Pericles,"Then, lest my lie be cropp'd to keep you clear,",185
Act I,Scene I,Pericles,By flight I'll shun the danger which I fear.,186
Act I,Scene I,[stage direction],Exit,NA
Act I,Scene I,[stage direction],Re-enter ANTIOCHUS,NA
Act I,Scene I,Antiochus,"He hath found the meaning, for which we mean",187
Act I,Scene I,Antiochus,To have his head.,188
Act I,Scene I,Antiochus,"He must not live to trumpet forth my infamy,",189
Act I,Scene I,Antiochus,Nor tell the world Antiochus doth sin,190
Act I,Scene I,Antiochus,In such a loathed manner;,191
Act I,Scene I,Antiochus,And therefore instantly this prince must die:,192
Act I,Scene I,Antiochus,For by his fall my honour must keep high.,193
Act I,Scene I,Antiochus,Who attends us there?,194
Act I,Scene I,[stage direction],Enter THALIARD,NA
Act I,Scene I,Thaliard,Doth your highness call?,195
Act I,Scene I,Antiochus,"Thaliard,",196
Act I,Scene I,Antiochus,"You are of our chamber, and our mind partakes",197
Act I,Scene I,Antiochus,Her private actions to your secrecy;,198
Act I,Scene I,Antiochus,And for your faithfulness we will advance you.,199
Act I,Scene I,Antiochus,"Thaliard, behold, here's poison, and here's gold;",200
Act I,Scene I,Antiochus,"We hate the prince of Tyre, and thou must kill him:",201
Act I,Scene I,Antiochus,"It fits thee not to ask the reason why,",202
Act I,Scene I,Antiochus,"Because we bid it. Say, is it done?",203
Act I,Scene I,Thaliard,"My lord,",204
Act I,Scene I,Thaliard,'Tis done.,205
Act I,Scene I,Antiochus,Enough.,206
Act I,Scene I,[stage direction],Enter a Messenger,NA
Act I,Scene I,Antiochus,"Let your breath cool yourself, telling your haste.",207
Act I,Scene I,Messenger,"My lord, prince Pericles is fled.",208
Act I,Scene I,[stage direction],Exit,NA
Act I,Scene I,Antiochus,As thou,209
Act I,Scene I,Antiochus,"Wilt live, fly after: and like an arrow shot",210
Act I,Scene I,Antiochus,From a well-experienced archer hits the mark,211
Act I,Scene I,Antiochus,"His eye doth level at, so thou ne'er return",212
Act I,Scene I,Antiochus,Unless thou say 'Prince Pericles is dead.',213
Act I,Scene I,Thaliard,"My lord,",214
Act I,Scene I,Thaliard,"If I can get him within my pistol's length,",215
Act I,Scene I,Thaliard,"I'll make him sure enough: so, farewell to your highness.",216
Act I,Scene I,Antiochus,"Thaliard, adieu!",217
Act I,Scene I,[stage direction],Exit THALIARD,NA
Act I,Scene I,Antiochus,"Till Pericles be dead,",218
Act I,Scene I,Antiochus,My heart can lend no succor to my head.,219
Act I,Scene I,[stage direction],Exit,NA
Act I,Scene II,[stage direction],Enter PERICLES,NA
Act I,Scene II,Pericles,[To Lords without]  Let none disturb us.--Why should,220
Act I,Scene II,Pericles,"this change of thoughts,",221
Act I,Scene II,Pericles,"The sad companion, dull-eyed melancholy,",222
Act I,Scene II,Pericles,"Be my so used a guest as not an hour,",223
Act I,Scene II,Pericles,"In the day's glorious walk, or peaceful night,",224
Act I,Scene II,Pericles,"The tomb where grief should sleep, can breed me quiet?",225
Act I,Scene II,Pericles,"Here pleasures court mine eyes, and mine eyes shun them,",226
Act I,Scene II,Pericles,"And danger, which I fear'd, is at Antioch,",227
Act I,Scene II,Pericles,Whose aim seems far too short to hit me here:,228
Act I,Scene II,Pericles,"Yet neither pleasure's art can joy my spirits,",229
Act I,Scene II,Pericles,Nor yet the other's distance comfort me.,230
Act I,Scene II,Pericles,"Then it is thus: the passions of the mind,",231
Act I,Scene II,Pericles,"That have their first conception by mis-dread,",232
Act I,Scene II,Pericles,Have after-nourishment and life by care;,233
Act I,Scene II,Pericles,"And what was first but fear what might be done,",234
Act I,Scene II,Pericles,Grows elder now and cares it be not done.,235
Act I,Scene II,Pericles,"And so with me: the great Antiochus,",236
Act I,Scene II,Pericles,"'Gainst whom I am too little to contend,",237
Act I,Scene II,Pericles,"Since he's so great can make his will his act,",238
Act I,Scene II,Pericles,"Will think me speaking, though I swear to silence;",239
Act I,Scene II,Pericles,Nor boots it me to say I honour him.,240
Act I,Scene II,Pericles,If he suspect I may dishonour him:,241
Act I,Scene II,Pericles,"And what may make him blush in being known,",242
Act I,Scene II,Pericles,He'll stop the course by which it might be known;,243
Act I,Scene II,Pericles,"With hostile forces he'll o'erspread the land,",244
Act I,Scene II,Pericles,"And with the ostent of war will look so huge,",245
Act I,Scene II,Pericles,Amazement shall drive courage from the state;,246
Act I,Scene II,Pericles,"Our men be vanquish'd ere they do resist,",247
Act I,Scene II,Pericles,And subjects punish'd that ne'er thought offence:,248
Act I,Scene II,Pericles,"Which care of them, not pity of myself,",249
Act I,Scene II,Pericles,"Who am no more but as the tops of trees,",250
Act I,Scene II,Pericles,"Which fence the roots they grow by and defend them,",251
Act I,Scene II,Pericles,"Makes both my body pine and soul to languish,",252
Act I,Scene II,Pericles,And punish that before that he would punish.,253
Act I,Scene II,[stage direction],"Enter HELICANUS, with other Lords",NA
Act I,Scene II,First Lord,Joy and all comfort in your sacred breast!,254
Act I,Scene II,Second Lord,"And keep your mind, till you return to us,",255
Act I,Scene II,Second Lord,Peaceful and comfortable!,256
Act I,Scene II,Helicanus,"Peace, peace, and give experience tongue.",257
Act I,Scene II,Helicanus,They do abuse the king that flatter him:,258
Act I,Scene II,Helicanus,For flattery is the bellows blows up sin;,259
Act I,Scene II,Helicanus,"The thing which is flatter'd, but a spark,",260
Act I,Scene II,Helicanus,To which that blast gives heat and stronger glowing;,261
Act I,Scene II,Helicanus,"Whereas reproof, obedient and in order,",262
Act I,Scene II,Helicanus,"Fits kings, as they are men, for they may err.",263
Act I,Scene II,Helicanus,"When Signior Sooth here does proclaim a peace,",264
Act I,Scene II,Helicanus,"He flatters you, makes war upon your life.",265
Act I,Scene II,Helicanus,"Prince, pardon me, or strike me, if you please;",266
Act I,Scene II,Helicanus,I cannot be much lower than my knees.,267
Act I,Scene II,Pericles,All leave us else; but let your cares o'erlook,268
Act I,Scene II,Pericles,"What shipping and what lading's in our haven,",269
Act I,Scene II,Pericles,And then return to us.,270
Act I,Scene II,[stage direction],Exeunt Lords,NA
Act I,Scene II,Pericles,"Helicanus, thou",271
Act I,Scene II,Pericles,Hast moved us: what seest thou in our looks?,272
Act I,Scene II,Helicanus,"An angry brow, dread lord.",273
Act I,Scene II,Pericles,"If there be such a dart in princes' frowns,",274
Act I,Scene II,Pericles,How durst thy tongue move anger to our face?,275
Act I,Scene II,Helicanus,"How dare the plants look up to heaven, from whence",276
Act I,Scene II,Helicanus,They have their nourishment?,277
Act I,Scene II,Pericles,Thou know'st I have power,278
Act I,Scene II,Pericles,To take thy life from thee.,279
Act I,Scene II,Helicanus,[Kneeling],280
Act I,Scene II,Helicanus,I have ground the axe myself;,281
Act I,Scene II,Helicanus,Do you but strike the blow.,282
Act I,Scene II,Pericles,"Rise, prithee, rise.",283
Act I,Scene II,Pericles,Sit down: thou art no flatterer:,284
Act I,Scene II,Pericles,I thank thee for it; and heaven forbid,285
Act I,Scene II,Pericles,That kings should let their ears hear their,286
Act I,Scene II,Pericles,faults hid!,287
Act I,Scene II,Pericles,"Fit counsellor and servant for a prince,",288
Act I,Scene II,Pericles,"Who by thy wisdom makest a prince thy servant,",289
Act I,Scene II,Pericles,What wouldst thou have me do?,290
Act I,Scene II,Helicanus,To bear with patience,291
Act I,Scene II,Helicanus,Such griefs as you yourself do lay upon yourself.,292
Act I,Scene II,Pericles,"Thou speak'st like a physician, Helicanus,",293
Act I,Scene II,Pericles,That minister'st a potion unto me,294
Act I,Scene II,Pericles,That thou wouldst tremble to receive thyself.,295
Act I,Scene II,Pericles,"Attend me, then: I went to Antioch,",296
Act I,Scene II,Pericles,"Where as thou know'st, against the face of death,",297
Act I,Scene II,Pericles,I sought the purchase of a glorious beauty.,298
Act I,Scene II,Pericles,"From whence an issue I might propagate,",299
Act I,Scene II,Pericles,"Are arms to princes, and bring joys to subjects.",300
Act I,Scene II,Pericles,Her face was to mine eye beyond all wonder;,301
Act I,Scene II,Pericles,The rest--hark in thine ear--as black as incest:,302
Act I,Scene II,Pericles,"Which by my knowledge found, the sinful father",303
Act I,Scene II,Pericles,"Seem'd not to strike, but smooth: but thou",304
Act I,Scene II,Pericles,"know'st this,",305
Act I,Scene II,Pericles,'Tis time to fear when tyrants seem to kiss.,306
Act I,Scene II,Pericles,"Such fear so grew in me, I hither fled,",307
Act I,Scene II,Pericles,"Under the covering of a careful night,",308
Act I,Scene II,Pericles,"Who seem'd my good protector; and, being here,",309
Act I,Scene II,Pericles,"Bethought me what was past, what might succeed.",310
Act I,Scene II,Pericles,I knew him tyrannous; and tyrants' fears,311
Act I,Scene II,Pericles,"Decrease not, but grow faster than the years:",312
Act I,Scene II,Pericles,"And should he doubt it, as no doubt he doth,",313
Act I,Scene II,Pericles,That I should open to the listening air,314
Act I,Scene II,Pericles,"How many worthy princes' bloods were shed,",315
Act I,Scene II,Pericles,"To keep his bed of blackness unlaid ope,",316
Act I,Scene II,Pericles,"To lop that doubt, he'll fill this land with arms,",317
Act I,Scene II,Pericles,And make pretence of wrong that I have done him:,318
Act I,Scene II,Pericles,"When all, for mine, if I may call offence,",319
Act I,Scene II,Pericles,"Must feel war's blow, who spares not innocence:",320
Act I,Scene II,Pericles,"Which love to all, of which thyself art one,",321
Act I,Scene II,Pericles,"Who now reprovest me for it,--",322
Act I,Scene II,Helicanus,"Alas, sir!",323
Act I,Scene II,Pericles,"Drew sleep out of mine eyes, blood from my cheeks,",324
Act I,Scene II,Pericles,"Musings into my mind, with thousand doubts",325
Act I,Scene II,Pericles,How I might stop this tempest ere it came;,326
Act I,Scene II,Pericles,"And finding little comfort to relieve them,",327
Act I,Scene II,Pericles,I thought it princely charity to grieve them.,328
Act I,Scene II,Helicanus,"Well, my lord, since you have given me leave to speak.",329
Act I,Scene II,Helicanus,"Freely will I speak. Antiochus you fear,",330
Act I,Scene II,Helicanus,"And justly too, I think, you fear the tyrant,",331
Act I,Scene II,Helicanus,Who either by public war or private treason,332
Act I,Scene II,Helicanus,Will take away your life.,333
Act I,Scene II,Helicanus,"Therefore, my lord, go travel for a while,",334
Act I,Scene II,Helicanus,"Till that his rage and anger be forgot,",335
Act I,Scene II,Helicanus,Or till the Destinies do cut his thread of life.,336
Act I,Scene II,Helicanus,Your rule direct to any; if to me.,337
Act I,Scene II,Helicanus,Day serves not light more faithful than I'll be.,338
Act I,Scene II,Pericles,I do not doubt thy faith;,339
Act I,Scene II,Pericles,But should he wrong my liberties in my absence?,340
Act I,Scene II,Helicanus,"We'll mingle our bloods together in the earth,",341
Act I,Scene II,Helicanus,From whence we had our being and our birth.,342
Act I,Scene II,Pericles,"Tyre, I now look from thee then, and to Tarsus",343
Act I,Scene II,Pericles,"Intend my travel, where I'll hear from thee;",344
Act I,Scene II,Pericles,And by whose letters I'll dispose myself.,345
Act I,Scene II,Pericles,The care I had and have of subjects' good,346
Act I,Scene II,Pericles,On thee I lay whose wisdom's strength can bear it.,347
Act I,Scene II,Pericles,"I'll take thy word for faith, not ask thine oath:",348
Act I,Scene II,Pericles,Who shuns not to break one will sure crack both:,349
Act I,Scene II,Pericles,"But in our orbs we'll live so round and safe,",350
Act I,Scene II,Pericles,"That time of both this truth shall ne'er convince,",351
Act I,Scene II,Pericles,"Thou show'dst a subject's shine, I a true prince.",352
Act I,Scene II,[stage direction],Exeunt,NA
Act I,Scene III,[stage direction],Enter THALIARD,NA
Act I,Scene III,Thaliard,"So, this is Tyre, and this the court. Here must I",353
Act I,Scene III,Thaliard,"kill King Pericles; and if I do it not, I am sure to",354
Act I,Scene III,Thaliard,"be hanged at home: 'tis dangerous. Well, I perceive",355
Act I,Scene III,Thaliard,"he was a wise fellow, and had good discretion, that,",356
Act I,Scene III,Thaliard,"being bid to ask what he would of the king, desired",357
Act I,Scene III,Thaliard,he might know none of his secrets: now do I see he,358
Act I,Scene III,Thaliard,had some reason for't; for if a king bid a man be a,359
Act I,Scene III,Thaliard,"villain, he's bound by the indenture of his oath to",360
Act I,Scene III,Thaliard,be one! Hush! here come the lords of Tyre.,361
Act I,Scene III,[stage direction],"Enter HELICANUS and ESCANES, with other Lords of Tyre",NA
Act I,Scene III,Helicanus,"You shall not need, my fellow peers of Tyre,",362
Act I,Scene III,Helicanus,Further to question me of your king's departure:,363
Act I,Scene III,Helicanus,"His seal'd commission, left in trust with me,",364
Act I,Scene III,Helicanus,Doth speak sufficiently he's gone to travel.,365
Act I,Scene III,Thaliard,[Aside]  How! the king gone!,366
Act I,Scene III,Helicanus,"If further yet you will be satisfied,",367
Act I,Scene III,Helicanus,"Why, as it were unlicensed of your loves,",368
Act I,Scene III,Helicanus,"He would depart, I'll give some light unto you.",369
Act I,Scene III,Helicanus,Being at Antioch--,370
Act I,Scene III,Thaliard,[Aside]          What from Antioch?,371
Act I,Scene III,Helicanus,Royal Antiochus--on what cause I know not--,372
Act I,Scene III,Helicanus,Took some displeasure at him; at least he judged so:,373
Act I,Scene III,Helicanus,"And doubting lest that he had err'd or sinn'd,",374
Act I,Scene III,Helicanus,"To show his sorrow, he'ld correct himself;",375
Act I,Scene III,Helicanus,"So puts himself unto the shipman's toil,",376
Act I,Scene III,Helicanus,With whom each minute threatens life or death.,377
Act I,Scene III,Thaliard,"[Aside]  Well, I perceive",378
Act I,Scene III,Thaliard,"I shall not be hang'd now, although I would;",379
Act I,Scene III,Thaliard,"But since he's gone, the king's seas must please:",380
Act I,Scene III,Thaliard,"He 'scaped the land, to perish at the sea.",381
Act I,Scene III,Thaliard,I'll present myself. Peace to the lords of Tyre!,382
Act I,Scene III,Helicanus,Lord Thaliard from Antiochus is welcome.,383
Act I,Scene III,Thaliard,From him I come,384
Act I,Scene III,Thaliard,With message unto princely Pericles;,385
Act I,Scene III,Thaliard,But since my landing I have understood,386
Act I,Scene III,Thaliard,"Your lord has betook himself to unknown travels,",387
Act I,Scene III,Thaliard,My message must return from whence it came.,388
Act I,Scene III,Helicanus,"We have no reason to desire it,",389
Act I,Scene III,Helicanus,"Commended to our master, not to us:",390
Act I,Scene III,Helicanus,"Yet, ere you shall depart, this we desire,",391
Act I,Scene III,Helicanus,"As friends to Antioch, we may feast in Tyre.",392
Act I,Scene III,[stage direction],Exeunt,NA
Act I,Scene IV,[stage direction],"Enter CLEON, the governor of Tarsus, with DIONYZA, and others",NA
Act I,Scene IV,Cleon,"My Dionyza, shall we rest us here,",393
Act I,Scene IV,Cleon,"And by relating tales of others' griefs,",394
Act I,Scene IV,Cleon,See if 'twill teach us to forget our own?,395
Act I,Scene IV,Dionyza,That were to blow at fire in hope to quench it;,396
Act I,Scene IV,Dionyza,For who digs hills because they do aspire,397
Act I,Scene IV,Dionyza,Throws down one mountain to cast up a higher.,398
Act I,Scene IV,Dionyza,"O my distressed lord, even such our griefs are;",399
Act I,Scene IV,Dionyza,"Here they're but felt, and seen with mischief's eyes,",400
Act I,Scene IV,Dionyza,"But like to groves, being topp'd, they higher rise.",401
Act I,Scene IV,Cleon,"O Dionyza,",402
Act I,Scene IV,Cleon,"Who wanteth food, and will not say he wants it,",403
Act I,Scene IV,Cleon,Or can conceal his hunger till he famish?,404
Act I,Scene IV,Cleon,Our tongues and sorrows do sound deep,405
Act I,Scene IV,Cleon,"Our woes into the air; our eyes do weep,",406
Act I,Scene IV,Cleon,Till tongues fetch breath that may proclaim them louder;,407
Act I,Scene IV,Cleon,"That, if heaven slumber while their creatures want,",408
Act I,Scene IV,Cleon,They may awake their helps to comfort them.,409
Act I,Scene IV,Cleon,"I'll then discourse our woes, felt several years,",410
Act I,Scene IV,Cleon,And wanting breath to speak help me with tears.,411
Act I,Scene IV,Dionyza,"I'll do my best, sir.",412
Act I,Scene IV,Cleon,"This Tarsus, o'er which I have the government,",413
Act I,Scene IV,Cleon,"A city on whom plenty held full hand,",414
Act I,Scene IV,Cleon,For riches strew'd herself even in the streets;,415
Act I,Scene IV,Cleon,"Whose towers bore heads so high they kiss'd the clouds,",416
Act I,Scene IV,Cleon,And strangers ne'er beheld but wondered at;,417
Act I,Scene IV,Cleon,"Whose men and dames so jetted and adorn'd,",418
Act I,Scene IV,Cleon,Like one another's glass to trim them by:,419
Act I,Scene IV,Cleon,"Their tables were stored full, to glad the sight,",420
Act I,Scene IV,Cleon,And not so much to feed on as delight;,421
Act I,Scene IV,Cleon,"All poverty was scorn'd, and pride so great,",422
Act I,Scene IV,Cleon,The name of help grew odious to repeat.,423
Act I,Scene IV,Dionyza,"O, 'tis too true.",424
Act I,Scene IV,Cleon,"But see what heaven can do! By this our change,",425
Act I,Scene IV,Cleon,"These mouths, who but of late, earth, sea, and air,",426
Act I,Scene IV,Cleon,"Were all too little to content and please,",427
Act I,Scene IV,Cleon,"Although they gave their creatures in abundance,",428
Act I,Scene IV,Cleon,"As houses are defiled for want of use,",429
Act I,Scene IV,Cleon,They are now starved for want of exercise:,430
Act I,Scene IV,Cleon,"Those palates who, not yet two summers younger,",431
Act I,Scene IV,Cleon,"Must have inventions to delight the taste,",432
Act I,Scene IV,Cleon,"Would now be glad of bread, and beg for it:",433
Act I,Scene IV,Cleon,"Those mothers who, to nousle up their babes,",434
Act I,Scene IV,Cleon,"Thought nought too curious, are ready now",435
Act I,Scene IV,Cleon,To eat those little darlings whom they loved.,436
Act I,Scene IV,Cleon,"So sharp are hunger's teeth, that man and wife",437
Act I,Scene IV,Cleon,Draw lots who first shall die to lengthen life:,438
Act I,Scene IV,Cleon,"Here stands a lord, and there a lady weeping;",439
Act I,Scene IV,Cleon,"Here many sink, yet those which see them fall",440
Act I,Scene IV,Cleon,Have scarce strength left to give them burial.,441
Act I,Scene IV,Cleon,Is not this true?,442
Act I,Scene IV,Dionyza,Our cheeks and hollow eyes do witness it.,443
Act I,Scene IV,Cleon,"O, let those cities that of plenty's cup",444
Act I,Scene IV,Cleon,"And her prosperities so largely taste,",445
Act I,Scene IV,Cleon,"With their superfluous riots, hear these tears!",446
Act I,Scene IV,Cleon,The misery of Tarsus may be theirs.,447
Act I,Scene IV,[stage direction],Enter a Lord,NA
Act I,Scene IV,Lord,Where's the lord governor?,448
Act I,Scene IV,Cleon,Here.,449
Act I,Scene IV,Cleon,"Speak out thy sorrows which thou bring'st in haste,",450
Act I,Scene IV,Cleon,For comfort is too far for us to expect.,451
Act I,Scene IV,Lord,"We have descried, upon our neighbouring shore,",452
Act I,Scene IV,Lord,A portly sail of ships make hitherward.,453
Act I,Scene IV,Cleon,I thought as much.,454
Act I,Scene IV,Cleon,"One sorrow never comes but brings an heir,",455
Act I,Scene IV,Cleon,That may succeed as his inheritor;,456
Act I,Scene IV,Cleon,"And so in ours: some neighbouring nation,",457
Act I,Scene IV,Cleon,"Taking advantage of our misery,",458
Act I,Scene IV,Cleon,"Hath stuff'd these hollow vessels with their power,",459
Act I,Scene IV,Cleon,"To beat us down, the which are down already;",460
Act I,Scene IV,Cleon,"And make a conquest of unhappy me,",461
Act I,Scene IV,Cleon,Whereas no glory's got to overcome.,462
Act I,Scene IV,Lord,"That's the least fear; for, by the semblance",463
Act I,Scene IV,Lord,"Of their white flags display'd, they bring us peace,",464
Act I,Scene IV,Lord,"And come to us as favourers, not as foes.",465
Act I,Scene IV,Cleon,Thou speak'st like him's untutor'd to repeat:,466
Act I,Scene IV,Cleon,Who makes the fairest show means most deceit.,467
Act I,Scene IV,Cleon,"But bring they what they will and what they can,",468
Act I,Scene IV,Cleon,What need we fear?,469
Act I,Scene IV,Cleon,"The ground's the lowest, and we are half way there.",470
Act I,Scene IV,Cleon,"Go tell their general we attend him here,",471
Act I,Scene IV,Cleon,"To know for what he comes, and whence he comes,",472
Act I,Scene IV,Cleon,And what he craves.,473
Act I,Scene IV,Lord,"I go, my lord.",474
Act I,Scene IV,[stage direction],Exit,NA
Act I,Scene IV,Cleon,"Welcome is peace, if he on peace consist;",475
Act I,Scene IV,Cleon,"If wars, we are unable to resist.",476
Act I,Scene IV,[stage direction],Enter PERICLES with Attendants,NA
Act I,Scene IV,Pericles,"Lord governor, for so we hear you are,",477
Act I,Scene IV,Pericles,Let not our ships and number of our men,478
Act I,Scene IV,Pericles,Be like a beacon fired to amaze your eyes.,479
Act I,Scene IV,Pericles,"We have heard your miseries as far as Tyre,",480
Act I,Scene IV,Pericles,And seen the desolation of your streets:,481
Act I,Scene IV,Pericles,"Nor come we to add sorrow to your tears,",482
Act I,Scene IV,Pericles,But to relieve them of their heavy load;,483
Act I,Scene IV,Pericles,"And these our ships, you happily may think",484
Act I,Scene IV,Pericles,Are like the Trojan horse was stuff'd within,485
Act I,Scene IV,Pericles,"With bloody veins, expecting overthrow,",486
Act I,Scene IV,Pericles,"Are stored with corn to make your needy bread,",487
Act I,Scene IV,Pericles,And give them life whom hunger starved half dead.,488
Act I,Scene IV,All,The gods of Greece protect you!,489
Act I,Scene IV,All,And we'll pray for you.,490
Act I,Scene IV,Pericles,"Arise, I pray you, rise:",491
Act I,Scene IV,Pericles,"We do not look for reverence, but to love,",492
Act I,Scene IV,Pericles,"And harbourage for ourself, our ships, and men.",493
Act I,Scene IV,Cleon,"The which when any shall not gratify,",494
Act I,Scene IV,Cleon,"Or pay you with unthankfulness in thought,",495
Act I,Scene IV,Cleon,"Be it our wives, our children, or ourselves,",496
Act I,Scene IV,Cleon,The curse of heaven and men succeed their evils!,497
Act I,Scene IV,Cleon,"Till when,--the which I hope shall ne'er be seen,--",498
Act I,Scene IV,Cleon,Your grace is welcome to our town and us.,499
Act I,Scene IV,Pericles,"Which welcome we'll accept; feast here awhile,",500
Act I,Scene IV,Pericles,Until our stars that frown lend us a smile.,501
Act I,Scene IV,[stage direction],Exeunt,NA
Act II,Scene IV,[stage direction],Enter GOWER,NA
Act II,Scene IV,Gower,Here have you seen a mighty king,502
Act II,Scene IV,Gower,"His child, I wis, to incest bring;",503
Act II,Scene IV,Gower,"A better prince and benign lord,",504
Act II,Scene IV,Gower,That will prove awful both in deed and word.,505
Act II,Scene IV,Gower,"Be quiet then as men should be,",506
Act II,Scene IV,Gower,Till he hath pass'd necessity.,507
Act II,Scene IV,Gower,"I'll show you those in troubles reign,",508
Act II,Scene IV,Gower,"Losing a mite, a mountain gain.",509
Act II,Scene IV,Gower,"The good in conversation,",510
Act II,Scene IV,Gower,"To whom I give my benison,",511
Act II,Scene IV,Gower,"Is still at Tarsus, where each man",512
Act II,Scene IV,Gower,Thinks all is writ he speken can;,513
Act II,Scene IV,Gower,"And, to remember what he does,",514
Act II,Scene IV,Gower,Build his statue to make him glorious:,515
Act II,Scene IV,Gower,But tidings to the contrary,516
Act II,Scene IV,Gower,Are brought your eyes; what need speak I?,517
Act II,Scene IV,Gower,DUMB SHOW.,518
Act II,Scene IV,[stage direction],"Enter at one door PERICLES talking with CLEON; all  the train with them. Enter at another door a  Gentleman, with a letter to PERICLES; PERICLES  shows the letter to CLEON; gives the Messenger a  reward, and knights him. Exit PERICLES at one door, and CLEON at another",NA
Act II,Scene IV,Gower,"Good Helicane, that stay'd at home,",519
Act II,Scene IV,Gower,Not to eat honey like a drone,520
Act II,Scene IV,Gower,From others' labours; for though he strive,521
Act II,Scene IV,Gower,"To killen bad, keep good alive;",522
Act II,Scene IV,Gower,"And to fulfil his prince' desire,",523
Act II,Scene IV,Gower,Sends word of all that haps in Tyre:,524
Act II,Scene IV,Gower,How Thaliard came full bent with sin,525
Act II,Scene IV,Gower,And had intent to murder him;,526
Act II,Scene IV,Gower,And that in Tarsus was not best,527
Act II,Scene IV,Gower,Longer for him to make his rest.,528
Act II,Scene IV,Gower,"He, doing so, put forth to seas,",529
Act II,Scene IV,Gower,"Where when men been, there's seldom ease;",530
Act II,Scene IV,Gower,For now the wind begins to blow;,531
Act II,Scene IV,Gower,Thunder above and deeps below,532
Act II,Scene IV,Gower,"Make such unquiet, that the ship",533
Act II,Scene IV,Gower,Should house him safe is wreck'd and split;,534
Act II,Scene IV,Gower,"And he, good prince, having all lost,",535
Act II,Scene IV,Gower,By waves from coast to coast is tost:,536
Act II,Scene IV,Gower,"All perishen of man, of pelf,",537
Act II,Scene IV,Gower,Ne aught escapen but himself;,538
Act II,Scene IV,Gower,"Till fortune, tired with doing bad,",539
Act II,Scene IV,Gower,"Threw him ashore, to give him glad:",540
Act II,Scene IV,Gower,"And here he comes. What shall be next,",541
Act II,Scene IV,Gower,"Pardon old Gower,--this longs the text.",542
Act II,Scene IV,[stage direction],Exit,NA
Act II,Scene I,[stage direction],"Enter PERICLES, wet",NA
Act II,Scene I,Pericles,"Yet cease your ire, you angry stars of heaven!",543
Act II,Scene I,Pericles,"Wind, rain, and thunder, remember, earthly man",544
Act II,Scene I,Pericles,Is but a substance that must yield to you;,545
Act II,Scene I,Pericles,"And I, as fits my nature, do obey you:",546
Act II,Scene I,Pericles,"Alas, the sea hath cast me on the rocks,",547
Act II,Scene I,Pericles,"Wash'd me from shore to shore, and left me breath",548
Act II,Scene I,Pericles,Nothing to think on but ensuing death:,549
Act II,Scene I,Pericles,Let it suffice the greatness of your powers,550
Act II,Scene I,Pericles,To have bereft a prince of all his fortunes;,551
Act II,Scene I,Pericles,"And having thrown him from your watery grave,",552
Act II,Scene I,Pericles,Here to have death in peace is all he'll crave.,553
Act II,Scene I,[stage direction],Enter three FISHERMEN,NA
Act II,Scene I,First Fisherman,"What, ho, Pilch!",554
Act II,Scene I,Second Fisherman,"Ha, come and bring away the nets!",555
Act II,Scene I,First Fisherman,"What, Patch-breech, I say!",556
Act II,Scene I,Third Fisherman,"What say you, master?",557
Act II,Scene I,First Fisherman,"Look how thou stirrest now! come away, or I'll",558
Act II,Scene I,First Fisherman,fetch thee with a wanion.,559
Act II,Scene I,Third Fisherman,"Faith, master, I am thinking of the poor men that",560
Act II,Scene I,Third Fisherman,were cast away before us even now.,561
Act II,Scene I,First Fisherman,"Alas, poor souls, it grieved my heart to hear what",562
Act II,Scene I,First Fisherman,"pitiful cries they made to us to help them, when,",563
Act II,Scene I,First Fisherman,"well-a-day, we could scarce help ourselves.",564
Act II,Scene I,Third Fisherman,"Nay, master, said not I as much when I saw the",565
Act II,Scene I,Third Fisherman,porpus how he bounced and tumbled? they say,566
Act II,Scene I,Third Fisherman,"they're half fish, half flesh: a plague on them,",567
Act II,Scene I,Third Fisherman,"they ne'er come but I look to be washed. Master, I",568
Act II,Scene I,Third Fisherman,marvel how the fishes live in the sea.,569
Act II,Scene I,First Fisherman,"Why, as men do a-land; the great ones eat up the",570
Act II,Scene I,First Fisherman,little ones: I can compare our rich misers to,571
Act II,Scene I,First Fisherman,nothing so fitly as to a whale; a' plays and,572
Act II,Scene I,First Fisherman,"tumbles, driving the poor fry before him, and at",573
Act II,Scene I,First Fisherman,last devours them all at a mouthful: such whales,574
Act II,Scene I,First Fisherman,"have I heard on o' the land, who never leave gaping",575
Act II,Scene I,First Fisherman,"till they've swallowed the whole parish, church,",576
Act II,Scene I,First Fisherman,"steeple, bells, and all.",577
Act II,Scene I,Pericles,[Aside]  A pretty moral.,578
Act II,Scene I,Third Fisherman,"But, master, if I had been the sexton, I would have",579
Act II,Scene I,Third Fisherman,been that day in the belfry.,580
Act II,Scene I,Second Fisherman,"Why, man?",581
Act II,Scene I,Third Fisherman,Because he should have swallowed me too: and when I,582
Act II,Scene I,Third Fisherman,"had been in his belly, I would have kept such a",583
Act II,Scene I,Third Fisherman,"jangling of the bells, that he should never have",584
Act II,Scene I,Third Fisherman,"left, till he cast bells, steeple, church, and",585
Act II,Scene I,Third Fisherman,parish up again. But if the good King Simonides,586
Act II,Scene I,Third Fisherman,"were of my mind,--",587
Act II,Scene I,Pericles,[Aside]  Simonides!,588
Act II,Scene I,Third Fisherman,"We would purge the land of these drones, that rob",589
Act II,Scene I,Third Fisherman,the bee of her honey.,590
Act II,Scene I,Pericles,[Aside]  How from the finny subject of the sea,591
Act II,Scene I,Pericles,These fishers tell the infirmities of men;,592
Act II,Scene I,Pericles,And from their watery empire recollect,593
Act II,Scene I,Pericles,All that may men approve or men detect!,594
Act II,Scene I,Pericles,"Peace be at your labour, honest fishermen.",595
Act II,Scene I,Second Fisherman,"Honest! good fellow, what's that? If it be a day",596
Act II,Scene I,Second Fisherman,"fits you, search out of the calendar, and nobody",597
Act II,Scene I,Second Fisherman,look after it.,598
Act II,Scene I,Pericles,May see the sea hath cast upon your coast.,599
Act II,Scene I,Second Fisherman,What a drunken knave was the sea to cast thee in our,600
Act II,Scene I,Second Fisherman,way!,601
Act II,Scene I,Pericles,"A man whom both the waters and the wind,",602
Act II,Scene I,Pericles,"In that vast tennis-court, have made the ball",603
Act II,Scene I,Pericles,"For them to play upon, entreats you pity him:",604
Act II,Scene I,Pericles,"He asks of you, that never used to beg.",605
Act II,Scene I,First Fisherman,"No, friend, cannot you beg? Here's them in our",606
Act II,Scene I,First Fisherman,country Greece gets more with begging than we can do,607
Act II,Scene I,First Fisherman,with working.,608
Act II,Scene I,Second Fisherman,"Canst thou catch any fishes, then?",609
Act II,Scene I,Pericles,I never practised it.,610
Act II,Scene I,Second Fisherman,"Nay, then thou wilt starve, sure; for here's nothing",611
Act II,Scene I,Second Fisherman,"to be got now-a-days, unless thou canst fish for't.",612
Act II,Scene I,Pericles,What I have been I have forgot to know;,613
Act II,Scene I,Pericles,"But what I am, want teaches me to think on:",614
Act II,Scene I,Pericles,"A man throng'd up with cold: my veins are chill,",615
Act II,Scene I,Pericles,And have no more of life than may suffice,616
Act II,Scene I,Pericles,To give my tongue that heat to ask your help;,617
Act II,Scene I,Pericles,"Which if you shall refuse, when I am dead,",618
Act II,Scene I,Pericles,"For that I am a man, pray see me buried.",619
Act II,Scene I,First Fisherman,Die quoth-a? Now gods forbid! I have a gown here;,620
Act II,Scene I,First Fisherman,"come, put it on; keep thee warm. Now, afore me, a",621
Act II,Scene I,First Fisherman,"handsome fellow! Come, thou shalt go home, and",622
Act II,Scene I,First Fisherman,"we'll have flesh for holidays, fish for",623
Act II,Scene I,First Fisherman,"fasting-days, and moreo'er puddings and flap-jacks,",624
Act II,Scene I,First Fisherman,and thou shalt be welcome.,625
Act II,Scene I,Pericles,"I thank you, sir.",626
Act II,Scene I,Second Fisherman,"Hark you, my friend; you said you could not beg.",627
Act II,Scene I,Pericles,I did but crave.,628
Act II,Scene I,Second Fisherman,"But crave! Then I'll turn craver too, and so I",629
Act II,Scene I,Second Fisherman,shall 'scape whipping.,630
Act II,Scene I,Pericles,"Why, are all your beggars whipped, then?",631
Act II,Scene I,Second Fisherman,"O, not all, my friend, not all; for if all your",632
Act II,Scene I,Second Fisherman,"beggars were whipped, I would wish no better office",633
Act II,Scene I,Second Fisherman,"than to be beadle. But, master, I'll go draw up the",634
Act II,Scene I,Second Fisherman,net.,635
Act II,Scene I,[stage direction],Exit with Third Fisherman,NA
Act II,Scene I,Pericles,[Aside]  How well this honest mirth becomes their labour!,636
Act II,Scene I,First Fisherman,"Hark you, sir, do you know where ye are?",637
Act II,Scene I,Pericles,Not well.,638
Act II,Scene I,First Fisherman,"Why, I'll tell you: this is called Pentapolis, and",639
Act II,Scene I,First Fisherman,our king the good Simonides.,640
Act II,Scene I,Pericles,"The good King Simonides, do you call him.",641
Act II,Scene I,First Fisherman,"Ay, sir; and he deserves so to be called for his",642
Act II,Scene I,First Fisherman,peaceable reign and good government.,643
Act II,Scene I,Pericles,"He is a happy king, since he gains from his subjects",644
Act II,Scene I,Pericles,the name of good by his government. How far is his,645
Act II,Scene I,Pericles,court distant from this shore?,646
Act II,Scene I,First Fisherman,"Marry, sir, half a day's journey: and I'll tell",647
Act II,Scene I,First Fisherman,"you, he hath a fair daughter, and to-morrow is her",648
Act II,Scene I,First Fisherman,birth-day; and there are princes and knights come,649
Act II,Scene I,First Fisherman,from all parts of the world to just and tourney for her love.,650
Act II,Scene I,Pericles,"Were my fortunes equal to my desires, I could wish",651
Act II,Scene I,Pericles,to make one there.,652
Act II,Scene I,First Fisherman,"O, sir, things must be as they may; and what a man",653
Act II,Scene I,First Fisherman,"cannot get, he may lawfully deal for--his wife's soul.",654
Act II,Scene I,[stage direction],"Re-enter Second and Third Fishermen, drawing up a net",NA
Act II,Scene I,Second Fisherman,"Help, master, help! here's a fish hangs in the net,",655
Act II,Scene I,Second Fisherman,like a poor man's right in the law; 'twill hardly,656
Act II,Scene I,Second Fisherman,"come out. Ha! bots on't, 'tis come at last, and",657
Act II,Scene I,Second Fisherman,'tis turned to a rusty armour.,658
Act II,Scene I,Pericles,"An armour, friends! I pray you, let me see it.",659
Act II,Scene I,Pericles,"Thanks, fortune, yet, that, after all my crosses,",660
Act II,Scene I,Pericles,Thou givest me somewhat to repair myself;,661
Act II,Scene I,Pericles,"And though it was mine own, part of my heritage,",662
Act II,Scene I,Pericles,Which my dead father did bequeath to me.,663
Act II,Scene I,Pericles,"With this strict charge, even as he left his life,",664
Act II,Scene I,Pericles,"'Keep it, my Pericles; it hath been a shield",665
Act II,Scene I,Pericles,Twixt me and death;'--and pointed to this brace;--,666
Act II,Scene I,Pericles,"'For that it saved me, keep it; in like necessity--",667
Act II,Scene I,Pericles,The which the gods protect thee from!--may,668
Act II,Scene I,Pericles,defend thee.',669
Act II,Scene I,Pericles,"It kept where I kept, I so dearly loved it;",670
Act II,Scene I,Pericles,"Till the rough seas, that spare not any man,",671
Act II,Scene I,Pericles,"Took it in rage, though calm'd have given't again:",672
Act II,Scene I,Pericles,"I thank thee for't: my shipwreck now's no ill,",673
Act II,Scene I,Pericles,Since I have here my father's gift in's will.,674
Act II,Scene I,First Fisherman,"What mean you, sir?",675
Act II,Scene I,Pericles,"To beg of you, kind friends, this coat of worth,",676
Act II,Scene I,Pericles,For it was sometime target to a king;,677
Act II,Scene I,Pericles,"I know it by this mark. He loved me dearly,",678
Act II,Scene I,Pericles,And for his sake I wish the having of it;,679
Act II,Scene I,Pericles,"And that you'ld guide me to your sovereign's court,",680
Act II,Scene I,Pericles,Where with it I may appear a gentleman;,681
Act II,Scene I,Pericles,"And if that ever my low fortune's better,",682
Act II,Scene I,Pericles,I'll pay your bounties; till then rest your debtor.,683
Act II,Scene I,First Fisherman,"Why, wilt thou tourney for the lady?",684
Act II,Scene I,Pericles,I'll show the virtue I have borne in arms.,685
Act II,Scene I,First Fisherman,"Why, do 'e take it, and the gods give thee good on't!",686
Act II,Scene I,Second Fisherman,"Ay, but hark you, my friend; 'twas we that made up",687
Act II,Scene I,Second Fisherman,this garment through the rough seams of the waters:,688
Act II,Scene I,Second Fisherman,"there are certain condolements, certain vails. I",689
Act II,Scene I,Second Fisherman,"hope, sir, if you thrive, you'll remember from",690
Act II,Scene I,Second Fisherman,whence you had it.,691
Act II,Scene I,Pericles,"Believe 't, I will.",692
Act II,Scene I,Pericles,By your furtherance I am clothed in steel;,693
Act II,Scene I,Pericles,"And, spite of all the rapture of the sea,",694
Act II,Scene I,Pericles,This jewel holds his building on my arm:,695
Act II,Scene I,Pericles,Unto thy value I will mount myself,696
Act II,Scene I,Pericles,"Upon a courser, whose delightful steps",697
Act II,Scene I,Pericles,Shall make the gazer joy to see him tread.,698
Act II,Scene I,Pericles,"Only, my friend, I yet am unprovided",699
Act II,Scene I,Pericles,Of a pair of bases.,700
Act II,Scene I,Second Fisherman,We'll sure provide: thou shalt have my best gown to,701
Act II,Scene I,Second Fisherman,make thee a pair; and I'll bring thee to the court myself.,702
Act II,Scene I,Pericles,"Then honour be but a goal to my will,",703
Act II,Scene I,Pericles,"This day I'll rise, or else add ill to ill.",704
Act II,Scene I,[stage direction],Exeunt,NA
Act II,Scene II,Pericles,lists. A pavilion by the side of it for the,705
Act II,Scene II,Pericles,"reception of King, Princess, Lords,  &amp; c.",706
Act II,Scene II,[stage direction],"Enter SIMONIDES, THAISA, Lords, and Attendants",NA
Act II,Scene II,Simonides,Are the knights ready to begin the triumph?,707
Act II,Scene II,First Lord,"They are, my liege;",708
Act II,Scene II,First Lord,And stay your coming to present themselves.,709
Act II,Scene II,Simonides,"Return them, we are ready; and our daughter,",710
Act II,Scene II,Simonides,"In honour of whose birth these triumphs are,",711
Act II,Scene II,Simonides,"Sits here, like beauty's child, whom nature gat",712
Act II,Scene II,Simonides,"For men to see, and seeing wonder at.",713
Act II,Scene II,[stage direction],Exit a Lord,NA
Act II,Scene II,Thaisa,"It pleaseth you, my royal father, to express",714
Act II,Scene II,Thaisa,"My commendations great, whose merit's less.",715
Act II,Scene II,Simonides,It's fit it should be so; for princes are,716
Act II,Scene II,Simonides,A model which heaven makes like to itself:,717
Act II,Scene II,Simonides,"As jewels lose their glory if neglected,",718
Act II,Scene II,Simonides,So princes their renowns if not respected.,719
Act II,Scene II,Simonides,"'Tis now your honour, daughter, to explain",720
Act II,Scene II,Simonides,The labour of each knight in his device.,721
Act II,Scene II,Thaisa,"Which, to preserve mine honour, I'll perform.",722
Act II,Scene II,[stage direction],"Enter a Knight; he passes over, and his Squire presents his shield to the Princess",NA
Act II,Scene II,Simonides,Who is the first that doth prefer himself?,723
Act II,Scene II,Thaisa,"A knight of Sparta, my renowned father;",724
Act II,Scene II,Thaisa,And the device he bears upon his shield,725
Act II,Scene II,Thaisa,Is a black Ethiope reaching at the sun,726
Act II,Scene II,Thaisa,"The word, 'Lux tua vita mihi.'",727
Act II,Scene II,Simonides,He loves you well that holds his life of you.,728
Act II,Scene II,[stage direction],The Second Knight passes over,NA
Act II,Scene II,Simonides,Who is the second that presents himself?,729
Act II,Scene II,Thaisa,"A prince of Macedon, my royal father;",730
Act II,Scene II,Thaisa,And the device he bears upon his shield,731
Act II,Scene II,Thaisa,Is an arm'd knight that's conquer'd by a lady;,732
Act II,Scene II,Thaisa,"The motto thus, in Spanish, 'Piu por dulzura que por fuerza.'",733
Act II,Scene II,[stage direction],The Third Knight passes over,NA
Act II,Scene II,Simonides,And what's the third?,734
Act II,Scene II,Thaisa,The third of Antioch;,735
Act II,Scene II,Thaisa,"And his device, a wreath of chivalry;",736
Act II,Scene II,Thaisa,"The word, 'Me pompae provexit apex.'",737
Act II,Scene II,[stage direction],The Fourth Knight passes over,NA
Act II,Scene II,Simonides,What is the fourth?,738
Act II,Scene II,Thaisa,A burning torch that's turned upside down;,739
Act II,Scene II,Thaisa,"The word, 'Quod me alit, me extinguit.'",740
Act II,Scene II,Simonides,"Which shows that beauty hath his power and will,",741
Act II,Scene II,Simonides,Which can as well inflame as it can kill.,742
Act II,Scene II,[stage direction],The Fifth Knight passes over,NA
Act II,Scene II,Thaisa,"The fifth, an hand environed with clouds,",743
Act II,Scene II,Thaisa,Holding out gold that's by the touchstone tried;,744
Act II,Scene II,Thaisa,"The motto thus, 'Sic spectanda fides.'",745
Act II,Scene II,[stage direction],"The Sixth Knight, PERICLES, passes over",NA
Act II,Scene II,Simonides,And what's,746
Act II,Scene II,Simonides,"The sixth and last, the which the knight himself",747
Act II,Scene II,Simonides,With such a graceful courtesy deliver'd?,748
Act II,Scene II,Thaisa,He seems to be a stranger; but his present is,749
Act II,Scene II,Thaisa,"A wither'd branch, that's only green at top;",750
Act II,Scene II,Thaisa,"The motto, 'In hac spe vivo.'",751
Act II,Scene II,Simonides,A pretty moral;,752
Act II,Scene II,Simonides,"From the dejected state wherein he is,",753
Act II,Scene II,Simonides,He hopes by you his fortunes yet may flourish.,754
Act II,Scene II,First Lord,He had need mean better than his outward show,755
Act II,Scene II,First Lord,Can any way speak in his just commend;,756
Act II,Scene II,First Lord,For by his rusty outside he appears,757
Act II,Scene II,First Lord,To have practised more the whipstock than the lance.,758
Act II,Scene II,Second Lord,"He well may be a stranger, for he comes",759
Act II,Scene II,Second Lord,To an honour'd triumph strangely furnished.,760
Act II,Scene II,Third Lord,And on set purpose let his armour rust,761
Act II,Scene II,Third Lord,"Until this day, to scour it in the dust.",762
Act II,Scene II,Simonides,"Opinion's but a fool, that makes us scan",763
Act II,Scene II,Simonides,The outward habit by the inward man.,764
Act II,Scene II,Simonides,"But stay, the knights are coming: we will withdraw",765
Act II,Scene II,Simonides,Into the gallery.,766
Act II,Scene II,[stage direction],Exeunt,NA
Act II,Scene II,[stage direction],Great shouts within and all cry 'The mean knight!',NA
Act II,Scene III,[stage direction],"Enter SIMONIDES, THAISA, Lords, Attendants, and Knights, from tilting",NA
Act II,Scene III,Simonides,"Knights,",767
Act II,Scene III,Simonides,To say you're welcome were superfluous.,768
Act II,Scene III,Simonides,"To place upon the volume of your deeds,",769
Act II,Scene III,Simonides,"As in a title-page, your worth in arms,",770
Act II,Scene III,Simonides,"Were more than you expect, or more than's fit,",771
Act II,Scene III,Simonides,Since every worth in show commends itself.,772
Act II,Scene III,Simonides,"Prepare for mirth, for mirth becomes a feast:",773
Act II,Scene III,Simonides,You are princes and my guests.,774
Act II,Scene III,Thaisa,"But you, my knight and guest;",775
Act II,Scene III,Thaisa,"To whom this wreath of victory I give,",776
Act II,Scene III,Thaisa,And crown you king of this day's happiness.,777
Act II,Scene III,Pericles,"'Tis more by fortune, lady, than by merit.",778
Act II,Scene III,Simonides,"Call it by what you will, the day is yours;",779
Act II,Scene III,Simonides,"And here, I hope, is none that envies it.",780
Act II,Scene III,Simonides,"In framing an artist, art hath thus decreed,",781
Act II,Scene III,Simonides,"To make some good, but others to exceed;",782
Act II,Scene III,Simonides,"And you are her labour'd scholar. Come, queen o'",783
Act II,Scene III,Simonides,"the feast,--",784
Act II,Scene III,Simonides,"For, daughter, so you are,--here take your place:",785
Act II,Scene III,Simonides,"Marshal the rest, as they deserve their grace.",786
Act II,Scene III,Knights,We are honour'd much by good Simonides.,787
Act II,Scene III,Simonides,Your presence glads our days: honour we love;,788
Act II,Scene III,Simonides,For who hates honour hates the gods above.,789
Act II,Scene III,Marshal,"Sir, yonder is your place.",790
Act II,Scene III,Pericles,Some other is more fit.,791
Act II,Scene III,First Knight,"Contend not, sir; for we are gentlemen",792
Act II,Scene III,First Knight,That neither in our hearts nor outward eyes,793
Act II,Scene III,First Knight,Envy the great nor do the low despise.,794
Act II,Scene III,Pericles,You are right courteous knights.,795
Act II,Scene III,Simonides,"Sit, sir, sit.",796
Act II,Scene III,Pericles,"By Jove, I wonder, that is king of thoughts,",797
Act II,Scene III,Pericles,"These cates resist me, she but thought upon.",798
Act II,Scene III,Thaisa,"By Juno, that is queen of marriage,",799
Act II,Scene III,Thaisa,All viands that I eat do seem unsavoury.,800
Act II,Scene III,Thaisa,"Wishing him my meat. Sure, he's a gallant gentleman.",801
Act II,Scene III,Simonides,He's but a country gentleman;,802
Act II,Scene III,Simonides,Has done no more than other knights have done;,803
Act II,Scene III,Simonides,Has broken a staff or so; so let it pass.,804
Act II,Scene III,Thaisa,To me he seems like diamond to glass.,805
Act II,Scene III,Pericles,"Yon king's to me like to my father's picture,",806
Act II,Scene III,Pericles,Which tells me in that glory once he was;,807
Act II,Scene III,Pericles,"Had princes sit, like stars, about his throne,",808
Act II,Scene III,Pericles,"And he the sun, for them to reverence;",809
Act II,Scene III,Pericles,"None that beheld him, but, like lesser lights,",810
Act II,Scene III,Pericles,Did vail their crowns to his supremacy:,811
Act II,Scene III,Pericles,"Where now his son's like a glow-worm in the night,",812
Act II,Scene III,Pericles,"The which hath fire in darkness, none in light:",813
Act II,Scene III,Pericles,"Whereby I see that Time's the king of men,",814
Act II,Scene III,Pericles,"He's both their parent, and he is their grave,",815
Act II,Scene III,Pericles,"And gives them what he will, not what they crave.",816
Act II,Scene III,Simonides,"What, are you merry, knights?",817
Act II,Scene III,Knights,Who can be other in this royal presence?,818
Act II,Scene III,Simonides,"Here, with a cup that's stored unto the brim,--",819
Act II,Scene III,Simonides,"As you do love, fill to your mistress' lips,--",820
Act II,Scene III,Simonides,We drink this health to you.,821
Act II,Scene III,Knights,We thank your grace.,822
Act II,Scene III,Simonides,Yet pause awhile:,823
Act II,Scene III,Simonides,"Yon knight doth sit too melancholy,",824
Act II,Scene III,Simonides,As if the entertainment in our court,825
Act II,Scene III,Simonides,Had not a show might countervail his worth.,826
Act II,Scene III,Simonides,"Note it not you, Thaisa?",827
Act II,Scene III,Thaisa,What is it,828
Act II,Scene III,Thaisa,"To me, my father?",829
Act II,Scene III,Simonides,"O, attend, my daughter:",830
Act II,Scene III,Simonides,"Princes in this should live like gods above,",831
Act II,Scene III,Simonides,Who freely give to every one that comes,832
Act II,Scene III,Simonides,To honour them:,833
Act II,Scene III,Simonides,"And princes not doin g so are like to gnats,",834
Act II,Scene III,Simonides,"Which make a sound, but kill'd are wonder'd at.",835
Act II,Scene III,Simonides,"Therefore to make his entrance more sweet,",836
Act II,Scene III,Simonides,"Here, say we drink this standing-bowl of wine to him.",837
Act II,Scene III,Thaisa,"Alas, my father, it befits not me",838
Act II,Scene III,Thaisa,Unto a stranger knight to be so bold:,839
Act II,Scene III,Thaisa,"He may my proffer take for an offence,",840
Act II,Scene III,Thaisa,Since men take women's gifts for impudence.,841
Act II,Scene III,Simonides,How!,842
Act II,Scene III,Simonides,"Do as I bid you, or you'll move me else.",843
Act II,Scene III,Thaisa,"[Aside]  Now, by the gods, he could not please me better.",844
Act II,Scene III,Simonides,"And furthermore tell him, we desire to know of him,",845
Act II,Scene III,Simonides,"Of whence he is, his name and parentage.",846
Act II,Scene III,Thaisa,"The king my father, sir, has drunk to you.",847
Act II,Scene III,Pericles,I thank him.,848
Act II,Scene III,Thaisa,Wishing it so much blood unto your life.,849
Act II,Scene III,Pericles,"I thank both him and you, and pledge him freely.",850
Act II,Scene III,Thaisa,"And further he desires to know of you,",851
Act II,Scene III,Thaisa,"Of whence you are, your name and parentage.",852
Act II,Scene III,Pericles,"A gentleman of Tyre; my name, Pericles;",853
Act II,Scene III,Pericles,My education been in arts and arms;,854
Act II,Scene III,Pericles,"Who, looking for adventures in the world,",855
Act II,Scene III,Pericles,"Was by the rough seas reft of ships and men,",856
Act II,Scene III,Pericles,And after shipwreck driven upon this shore.,857
Act II,Scene III,Thaisa,"He thanks your grace; names himself Pericles,",858
Act II,Scene III,Thaisa,"A gentleman of Tyre,",859
Act II,Scene III,Thaisa,Who only by misfortune of the seas,860
Act II,Scene III,Thaisa,"Bereft of ships and men, cast on this shore.",861
Act II,Scene III,Simonides,"Now, by the gods, I pity his misfortune,",862
Act II,Scene III,Simonides,And will awake him from his melancholy.,863
Act II,Scene III,Simonides,"Come, gentlemen, we sit too long on trifles,",864
Act II,Scene III,Simonides,"And waste the time, which looks for other revels.",865
Act II,Scene III,Simonides,"Even in your armours, as you are address'd,",866
Act II,Scene III,Simonides,Will very well become a soldier's dance.,867
Act II,Scene III,Simonides,"I will not have excuse, with saying this",868
Act II,Scene III,Simonides,"Loud music is too harsh for ladies' heads,",869
Act II,Scene III,Simonides,Since they love men in arms as well as beds.,870
Act II,Scene III,[stage direction],The Knights dance,NA
Act II,Scene III,Simonides,"So, this was well ask'd,'twas so well perform'd.",871
Act II,Scene III,Simonides,"Come, sir;",872
Act II,Scene III,Simonides,Here is a lady that wants breathing too:,873
Act II,Scene III,Simonides,"And I have heard, you knights of Tyre",874
Act II,Scene III,Simonides,Are excellent in making ladies trip;,875
Act II,Scene III,Simonides,And that their measures are as excellent.,876
Act II,Scene III,Pericles,"In those that practise them they are, my lord.",877
Act II,Scene III,Simonides,"O, that's as much as you would be denied",878
Act II,Scene III,Simonides,Of your fair courtesy.,879
Act II,Scene III,[stage direction],The Knights and Ladies dance,NA
Act II,Scene III,Simonides,"Unclasp, unclasp:",880
Act II,Scene III,Simonides,"Thanks, gentlemen, to all; all have done well.",881
Act II,Scene III,[stage direction],To PERICLES,NA
Act II,Scene III,Simonides,"But you the best. Pages and lights, to conduct",882
Act II,Scene III,Simonides,These knights unto their several lodgings!,883
Act II,Scene III,[stage direction],To PERICLES,NA
Act II,Scene III,Simonides,"Yours, sir,",884
Act II,Scene III,Simonides,We have given order to be next our own.,885
Act II,Scene III,Pericles,I am at your grace's pleasure.,886
Act II,Scene III,Simonides,"Princes, it is too late to talk of love;",887
Act II,Scene III,Simonides,And that's the mark I know you level at:,888
Act II,Scene III,Simonides,Therefore each one betake him to his rest;,889
Act II,Scene III,Simonides,To-morrow all for speeding do their best.,890
Act II,Scene III,[stage direction],Exeunt,NA
Act II,Scene IV,[stage direction],Enter HELICANUS and ESCANES,NA
Act II,Scene IV,Helicanus,"No, Escanes, know this of me,",891
Act II,Scene IV,Helicanus,Antiochus from incest lived not free:,892
Act II,Scene IV,Helicanus,"For which, the most high gods not minding longer",893
Act II,Scene IV,Helicanus,"To withhold the vengeance that they had in store,",894
Act II,Scene IV,Helicanus,"Due to this heinous capital offence,",895
Act II,Scene IV,Helicanus,"Even in the height and pride of all his glory,",896
Act II,Scene IV,Helicanus,When he was seated in a chariot,897
Act II,Scene IV,Helicanus,"Of an inestimable value, and his daughter with him,",898
Act II,Scene IV,Helicanus,A fire from heaven came and shrivell'd up,899
Act II,Scene IV,Helicanus,"Their bodies, even to loathing; for they so stunk,",900
Act II,Scene IV,Helicanus,That all those eyes adored them ere their fall,901
Act II,Scene IV,Helicanus,Scorn now their hand should give them burial.,902
Act II,Scene IV,Escanes,'Twas very strange.,903
Act II,Scene IV,Helicanus,And yet but justice; for though,904
Act II,Scene IV,Helicanus,"This king were great, his greatness was no guard",905
Act II,Scene IV,Helicanus,"To bar heaven's shaft, but sin had his reward.",906
Act II,Scene IV,Escanes,'Tis very true.,907
Act II,Scene IV,[stage direction],Enter two or three Lords,NA
Act II,Scene IV,First Lord,"See, not a man in private conference",908
Act II,Scene IV,First Lord,Or council has respect with him but he.,909
Act II,Scene IV,Second Lord,It shall no longer grieve without reproof.,910
Act II,Scene IV,Third Lord,And cursed be he that will not second it.,911
Act II,Scene IV,First Lord,"Follow me, then. Lord Helicane, a word.",912
Act II,Scene IV,Helicanus,"With me? and welcome: happy day, my lords.",913
Act II,Scene IV,First Lord,"Know that our griefs are risen to the top,",914
Act II,Scene IV,First Lord,And now at length they overflow their banks.,915
Act II,Scene IV,Helicanus,Your griefs! for what? wrong not your prince you love.,916
Act II,Scene IV,First Lord,"Wrong not yourself, then, noble Helicane;",917
Act II,Scene IV,First Lord,"But if the prince do live, let us salute him,",918
Act II,Scene IV,First Lord,Or know what ground's made happy by his breath.,919
Act II,Scene IV,First Lord,"If in the world he live, we'll seek him out;",920
Act II,Scene IV,First Lord,"If in his grave he rest, we'll find him there;",921
Act II,Scene IV,First Lord,"And be resolved he lives to govern us,",922
Act II,Scene IV,First Lord,"Or dead, give's cause to mourn his funeral,",923
Act II,Scene IV,First Lord,And leave us to our free election.,924
Act II,Scene IV,Second Lord,Whose death indeed's the strongest in our censure:,925
Act II,Scene IV,Second Lord,"And knowing this kingdom is without a head,--",926
Act II,Scene IV,Second Lord,Like goodly buildings left without a roof,927
Act II,Scene IV,Second Lord,"Soon fall to ruin,--your noble self,",928
Act II,Scene IV,Second Lord,"That best know how to rule and how to reign,",929
Act II,Scene IV,Second Lord,"We thus submit unto,--our sovereign.",930
Act II,Scene IV,All,"Live, noble Helicane!",931
Act II,Scene IV,Helicanus,"For honour's cause, forbear your suffrages:",932
Act II,Scene IV,Helicanus,"If that you love Prince Pericles, forbear.",933
Act II,Scene IV,Helicanus,"Take I your wish, I leap into the seas,",934
Act II,Scene IV,Helicanus,Where's hourly trouble for a minute's ease.,935
Act II,Scene IV,Helicanus,"A twelvemonth longer, let me entreat you to",936
Act II,Scene IV,Helicanus,Forbear the absence of your king:,937
Act II,Scene IV,Helicanus,"If in which time expired, he not return,",938
Act II,Scene IV,Helicanus,I shall with aged patience bear your yoke.,939
Act II,Scene IV,Helicanus,"But if I cannot win you to this love,",940
Act II,Scene IV,Helicanus,"Go search like nobles, like noble subjects,",941
Act II,Scene IV,Helicanus,And in your search spend your adventurous worth;,942
Act II,Scene IV,Helicanus,"Whom if you find, and win unto return,",943
Act II,Scene IV,Helicanus,You shall like diamonds sit about his crown.,944
Act II,Scene IV,First Lord,To wisdom he's a fool that will not yield;,945
Act II,Scene IV,First Lord,"And since Lord Helicane enjoineth us,",946
Act II,Scene IV,First Lord,We with our travels will endeavour us.,947
Act II,Scene IV,Helicanus,"Then you love us, we you, and we'll clasp hands:",948
Act II,Scene IV,Helicanus,"When peers thus knit, a kingdom ever stands.",949
Act II,Scene IV,[stage direction],Exeunt,NA
Act II,Scene V,[stage direction],"Enter SIMONIDES, reading a letter, at one door: the Knights meet him",NA
Act II,Scene V,First Knight,Good morrow to the good Simonides.,950
Act II,Scene V,Simonides,"Knights, from my daughter this I let you know,",951
Act II,Scene V,Simonides,That for this twelvemonth she'll not undertake,952
Act II,Scene V,Simonides,A married life.,953
Act II,Scene V,Simonides,"Her reason to herself is only known,",954
Act II,Scene V,Simonides,Which yet from her by no means can I get.,955
Act II,Scene V,Second Knight,"May we not get access to her, my lord?",956
Act II,Scene V,Simonides,"'Faith, by no means; she has so strictly tied",957
Act II,Scene V,Simonides,"Her to her chamber, that 'tis impossible.",958
Act II,Scene V,Simonides,One twelve moons more she'll wear Diana's livery;,959
Act II,Scene V,Simonides,This by the eye of Cynthia hath she vow'd,960
Act II,Scene V,Simonides,And on her virgin honour will not break it.,961
Act II,Scene V,Third Knight,"Loath to bid farewell, we take our leaves.",962
Act II,Scene V,[stage direction],Exeunt Knights,NA
Act II,Scene V,Simonides,"So,",963
Act II,Scene V,Simonides,They are well dispatch'd; now to my daughter's letter:,964
Act II,Scene V,Simonides,"She tells me here, she'd wed the stranger knight,",965
Act II,Scene V,Simonides,Or never more to view nor day nor light.,966
Act II,Scene V,Simonides,"'Tis well, mistress; your choice agrees with mine;",967
Act II,Scene V,Simonides,"I like that well: nay, how absolute she's in't,",968
Act II,Scene V,Simonides,Not minding whether I dislike or no!,969
Act II,Scene V,Simonides,"Well, I do commend her choice;",970
Act II,Scene V,Simonides,And will no longer have it be delay'd.,971
Act II,Scene V,Simonides,Soft! here he comes: I must dissemble it.,972
Act II,Scene V,[stage direction],Enter PERICLES,NA
Act II,Scene V,Pericles,All fortune to the good Simonides!,973
Act II,Scene V,Simonides,"To you as much, sir! I am beholding to you",974
Act II,Scene V,Simonides,For your sweet music this last night: I do,975
Act II,Scene V,Simonides,Protest my ears were never better fed,976
Act II,Scene V,Simonides,With such delightful pleasing harmony.,977
Act II,Scene V,Pericles,It is your grace's pleasure to commend;,978
Act II,Scene V,Pericles,Not my desert.,979
Act II,Scene V,Simonides,"Sir, you are music's master.",980
Act II,Scene V,Pericles,"The worst of all her scholars, my good lord.",981
Act II,Scene V,Simonides,Let me ask you one thing:,982
Act II,Scene V,Simonides,"What do you think of my daughter, sir?",983
Act II,Scene V,Pericles,A most virtuous princess.,984
Act II,Scene V,Simonides,"And she is fair too, is she not?",985
Act II,Scene V,Pericles,"As a fair day in summer, wondrous fair.",986
Act II,Scene V,Simonides,"Sir, my daughter thinks very well of you;",987
Act II,Scene V,Simonides,"Ay, so well, that you must be her master,",988
Act II,Scene V,Simonides,And she will be your scholar: therefore look to it.,989
Act II,Scene V,Pericles,I am unworthy for her schoolmaster.,990
Act II,Scene V,Simonides,She thinks not so; peruse this writing else.,991
Act II,Scene V,Pericles,[Aside]  What's here?,992
Act II,Scene V,Pericles,"A letter, that she loves the knight of Tyre!",993
Act II,Scene V,Pericles,'Tis the king's subtlety to have my life.,994
Act II,Scene V,Pericles,"O, seek not to entrap me, gracious lord,",995
Act II,Scene V,Pericles,"A stranger and distressed gentleman,",996
Act II,Scene V,Pericles,"That never aim'd so high to love your daughter,",997
Act II,Scene V,Pericles,But bent all offices to honour her.,998
Act II,Scene V,Simonides,"Thou hast bewitch'd my daughter, and thou art",999
Act II,Scene V,Simonides,A villain.,1000
Act II,Scene V,Pericles,"By the gods, I have not:",1001
Act II,Scene V,Pericles,Never did thought of mine levy offence;,1002
Act II,Scene V,Pericles,Nor never did my actions yet commence,1003
Act II,Scene V,Pericles,A deed might gain her love or your displeasure.,1004
Act II,Scene V,Simonides,"Traitor, thou liest.",1005
Act II,Scene V,Pericles,Traitor!,1006
Act II,Scene V,Simonides,"Ay, traitor.",1007
Act II,Scene V,Pericles,Even in his throat--unless it be the king--,1008
Act II,Scene V,Pericles,"That calls me traitor, I return the lie.",1009
Act II,Scene V,Simonides,"[Aside]  Now, by the gods, I do applaud his courage.",1010
Act II,Scene V,Pericles,"My actions are as noble as my thoughts,",1011
Act II,Scene V,Pericles,That never relish'd of a base descent.,1012
Act II,Scene V,Pericles,"I came unto your court for honour's cause,",1013
Act II,Scene V,Pericles,And not to be a rebel to her state;,1014
Act II,Scene V,Pericles,"And he that otherwise accounts of me,",1015
Act II,Scene V,Pericles,This sword shall prove he's honour's enemy.,1016
Act II,Scene V,Simonides,No?,1017
Act II,Scene V,Simonides,"Here comes my daughter, she can witness it.",1018
Act II,Scene V,[stage direction],Enter THAISA,NA
Act II,Scene V,Pericles,"Then, as you are as virtuous as fair,",1019
Act II,Scene V,Pericles,"Resolve your angry father, if my tongue",1020
Act II,Scene V,Pericles,"Did ere solicit, or my hand subscribe",1021
Act II,Scene V,Pericles,To any syllable that made love to you.,1022
Act II,Scene V,Thaisa,"Why, sir, say if you had,",1023
Act II,Scene V,Thaisa,Who takes offence at that would make me glad?,1024
Act II,Scene V,Simonides,"Yea, mistress, are you so peremptory?",1025
Act II,Scene V,[stage direction],Aside,NA
Act II,Scene V,Simonides,I am glad on't with all my heart.--,1026
Act II,Scene V,Simonides,I'll tame you; I'll bring you in subjection.,1027
Act II,Scene V,Simonides,"Will you, not having my consent,",1028
Act II,Scene V,Simonides,Bestow your love and your affections,1029
Act II,Scene V,Simonides,Upon a stranger?,1030
Act II,Scene V,[stage direction],Aside,NA
Act II,Scene V,Simonides,"who, for aught I know,",1031
Act II,Scene V,Simonides,"May be, nor can I think the contrary,",1032
Act II,Scene V,Simonides,As great in blood as I myself.--,1033
Act II,Scene V,Simonides,"Therefore hear you, mistress; either frame",1034
Act II,Scene V,Simonides,"Your will to mine,--and you, sir, hear you,",1035
Act II,Scene V,Simonides,"Either be ruled by me, or I will make you--",1036
Act II,Scene V,Simonides,Man and wife:,1037
Act II,Scene V,Simonides,"Nay, come, your hands and lips must seal it too:",1038
Act II,Scene V,Simonides,"And being join'd, I'll thus your hopes destroy;",1039
Act II,Scene V,Simonides,"And for a further grief,--God give you joy!--",1040
Act II,Scene V,Simonides,"What, are you both pleased?",1041
Act II,Scene V,Thaisa,"Yes, if you love me, sir.",1042
Act II,Scene V,Pericles,"Even as my life, or blood that fosters it.",1043
Act II,Scene V,Simonides,"What, are you both agreed?",1044
Act II,Scene V,Both,"Yes, if it please your majesty.",1045
Act II,Scene V,Simonides,"It pleaseth me so well, that I will see you wed;",1046
Act II,Scene V,Simonides,And then with what haste you can get you to bed.,1047
Act II,Scene V,[stage direction],Exeunt,NA
Act III,Scene V,[stage direction],Enter GOWER,NA
Act III,Scene V,Gower,Now sleep y-slaked hath the rout;,1048
Act III,Scene V,Gower,"No din but snores the house about,",1049
Act III,Scene V,Gower,Made louder by the o'er-fed breast,1050
Act III,Scene V,Gower,Of this most pompous marriage-feast.,1051
Act III,Scene V,Gower,"The cat, with eyne of burning coal,",1052
Act III,Scene V,Gower,Now crouches fore the mouse's hole;,1053
Act III,Scene V,Gower,"And crickets sing at the oven's mouth,",1054
Act III,Scene V,Gower,E'er the blither for their drouth.,1055
Act III,Scene V,Gower,Hymen hath brought the bride to bed.,1056
Act III,Scene V,Gower,"Where, by the loss of maidenhead,",1057
Act III,Scene V,Gower,"A babe is moulded. Be attent,",1058
Act III,Scene V,Gower,And time that is so briefly spent,1059
Act III,Scene V,Gower,With your fine fancies quaintly eche:,1060
Act III,Scene V,Gower,What's dumb in show I'll plain with speech.,1061
Act III,Scene V,Gower,DUMB SHOW.,1062
Act III,Scene V,[stage direction],"Enter, PERICLES and SIMONIDES at one door, with  Attendants; a Messenger meets them, kneels, and  gives PERICLES a letter: PERICLES shows it  SIMONIDES; the Lords kneel to him. Then enter  THAISA with child, with LYCHORIDA a nurse. The  KING shows her the letter; she rejoices: she and  PERICLES takes leave of her father, and depart with  LYCHORIDA and their Attendants. Then exeunt SIMONIDES and the rest",NA
Act III,Scene V,Gower,By many a dern and painful perch,1063
Act III,Scene V,Gower,"Of Pericles the careful search,",1064
Act III,Scene V,Gower,By the four opposing coigns,1065
Act III,Scene V,Gower,"Which the world together joins,",1066
Act III,Scene V,Gower,Is made with all due diligence,1067
Act III,Scene V,Gower,That horse and sail and high expense,1068
Act III,Scene V,Gower,"Can stead the quest. At last from Tyre,",1069
Act III,Scene V,Gower,"Fame answering the most strange inquire,",1070
Act III,Scene V,Gower,To the court of King Simonides,1071
Act III,Scene V,Gower,"Are letters brought, the tenor these:",1072
Act III,Scene V,Gower,Antiochus and his daughter dead;,1073
Act III,Scene V,Gower,The men of Tyrus on the head,1074
Act III,Scene V,Gower,Of Helicanus would set on,1075
Act III,Scene V,Gower,"The crown of Tyre, but he will none:",1076
Act III,Scene V,Gower,The mutiny he there hastes t' oppress;,1077
Act III,Scene V,Gower,"Says to 'em, if King Pericles",1078
Act III,Scene V,Gower,"Come not home in twice six moons,",1079
Act III,Scene V,Gower,"He, obedient to their dooms,",1080
Act III,Scene V,Gower,"Will take the crown. The sum of this,",1081
Act III,Scene V,Gower,"Brought hither to Pentapolis,",1082
Act III,Scene V,Gower,"Y-ravished the regions round,",1083
Act III,Scene V,Gower,"And every one with claps can sound,",1084
Act III,Scene V,Gower,'Our heir-apparent is a king!,1085
Act III,Scene V,Gower,"Who dream'd, who thought of such a thing?'",1086
Act III,Scene V,Gower,"Brief, he must hence depart to Tyre:",1087
Act III,Scene V,Gower,His queen with child makes her desire--,1088
Act III,Scene V,Gower,Which who shall cross?--along to go:,1089
Act III,Scene V,Gower,Omit we all their dole and woe:,1090
Act III,Scene V,Gower,"Lychorida, her nurse, she takes,",1091
Act III,Scene V,Gower,And so to sea. Their vessel shakes,1092
Act III,Scene V,Gower,On Neptune's billow; half the flood,1093
Act III,Scene V,Gower,Hath their keel cut: but fortune's mood,1094
Act III,Scene V,Gower,Varies again; the grisly north,1095
Act III,Scene V,Gower,"Disgorges such a tempest forth,",1096
Act III,Scene V,Gower,"That, as a duck for life that dives,",1097
Act III,Scene V,Gower,So up and down the poor ship drives:,1098
Act III,Scene V,Gower,"The lady shrieks, and well-a-near",1099
Act III,Scene V,Gower,Does fall in travail with her fear:,1100
Act III,Scene V,Gower,And what ensues in this fell storm,1101
Act III,Scene V,Gower,Shall for itself itself perform.,1102
Act III,Scene V,Gower,"I nill relate, action may",1103
Act III,Scene V,Gower,Conveniently the rest convey;,1104
Act III,Scene V,Gower,Which might not what by me is told.,1105
Act III,Scene V,Gower,In your imagination hold,1106
Act III,Scene V,Gower,"This stage the ship, upon whose deck",1107
Act III,Scene V,Gower,The sea-tost Pericles appears to speak.,1108
Act III,Scene V,[stage direction],Exit,NA
Act III,Scene V,[stage direction],"Enter PERICLES, on shipboard",NA
Act III,Scene V,Pericles,"Thou god of this great vast, rebuke these surges,",1109
Act III,Scene V,Pericles,"Which wash both heaven and hell; and thou, that hast",1110
Act III,Scene V,Pericles,"Upon the winds command, bind them in brass,",1111
Act III,Scene V,Pericles,"Having call'd them from the deep! O, still",1112
Act III,Scene V,Pericles,"Thy deafening, dreadful thunders; gently quench",1113
Act III,Scene V,Pericles,"Thy nimble, sulphurous flashes! O, how, Lychorida,",1114
Act III,Scene V,Pericles,How does my queen? Thou stormest venomously;,1115
Act III,Scene V,Pericles,Wilt thou spit all thyself? The seaman's whistle,1116
Act III,Scene V,Pericles,"Is as a whisper in the ears of death,",1117
Act III,Scene V,Pericles,"Unheard. Lychorida!--Lucina, O",1118
Act III,Scene V,Pericles,"Divinest patroness, and midwife gentle",1119
Act III,Scene V,Pericles,"To those that cry by night, convey thy deity",1120
Act III,Scene V,Pericles,Aboard our dancing boat; make swift the pangs,1121
Act III,Scene V,Pericles,Of my queen's travails!,1122
Act III,Scene V,[stage direction],"Enter LYCHORIDA, with an Infant",NA
Act III,Scene V,Pericles,"Now, Lychorida!",1123
Act III,Scene V,Lychorida,"Here is a thing too young for such a place,",1124
Act III,Scene V,Lychorida,"Who, if it had conceit, would die, as I",1125
Act III,Scene V,Lychorida,Am like to do: take in your arms this piece,1126
Act III,Scene V,Lychorida,Of your dead queen.,1127
Act III,Scene V,Pericles,"How, how, Lychorida!",1128
Act III,Scene V,Lychorida,"Patience, good sir; do not assist the storm.",1129
Act III,Scene V,Lychorida,"Here's all that is left living of your queen,",1130
Act III,Scene V,Lychorida,"A little daughter: for the sake of it,",1131
Act III,Scene V,Lychorida,"Be manly, and take comfort.",1132
Act III,Scene V,Pericles,O you gods!,1133
Act III,Scene V,Pericles,"Why do you make us love your goodly gifts,",1134
Act III,Scene V,Pericles,And snatch them straight away? We here below,1135
Act III,Scene V,Pericles,"Recall not what we give, and therein may",1136
Act III,Scene V,Pericles,Use honour with you.,1137
Act III,Scene V,Lychorida,"Patience, good sir,",1138
Act III,Scene V,Lychorida,Even for this charge.,1139
Act III,Scene V,Pericles,"Now, mild may be thy life!",1140
Act III,Scene V,Pericles,For a more blustrous birth had never babe:,1141
Act III,Scene V,Pericles,Quiet and gentle thy conditions! for,1142
Act III,Scene V,Pericles,Thou art the rudeliest welcome to this world,1143
Act III,Scene V,Pericles,That ever was prince's child. Happy what follows!,1144
Act III,Scene V,Pericles,Thou hast as chiding a nativity,1145
Act III,Scene V,Pericles,"As fire, air, water, earth, and heaven can make,",1146
Act III,Scene V,Pericles,To herald thee from the womb: even at the first,1147
Act III,Scene V,Pericles,"Thy loss is more than can thy portage quit,",1148
Act III,Scene V,Pericles,"With all thou canst find here. Now, the good gods",1149
Act III,Scene V,Pericles,Throw their best eyes upon't!,1150
Act III,Scene V,[stage direction],Enter two Sailors,NA
Act III,Scene V,First Sailor,"What courage, sir? God save you!",1151
Act III,Scene V,Pericles,Courage enough: I do not fear the flaw;,1152
Act III,Scene V,Pericles,"It hath done to me the worst. Yet, for the love",1153
Act III,Scene V,Pericles,"Of this poor infant, this fresh-new sea-farer,",1154
Act III,Scene V,Pericles,I would it would be quiet.,1155
Act III,Scene V,First Sailor,"Slack the bolins there! Thou wilt not, wilt thou?",1156
Act III,Scene V,First Sailor,"Blow, and split thyself.",1157
Act III,Scene V,Second Sailor,"But sea-room, an the brine and cloudy billow kiss",1158
Act III,Scene V,Second Sailor,"the moon, I care not.",1159
Act III,Scene V,First Sailor,"Sir, your queen must overboard: the sea works high,",1160
Act III,Scene V,First Sailor,"the wind is loud, and will not lie till the ship be",1161
Act III,Scene V,First Sailor,cleared of the dead.,1162
Act III,Scene V,Pericles,That's your superstition.,1163
Act III,Scene V,First Sailor,"Pardon us, sir; with us at sea it hath been still",1164
Act III,Scene V,First Sailor,observed: and we are strong in custom. Therefore,1165
Act III,Scene V,First Sailor,briefly yield her; for she must overboard straight.,1166
Act III,Scene V,Pericles,As you think meet. Most wretched queen!,1167
Act III,Scene V,Lychorida,"Here she lies, sir.",1168
Act III,Scene V,Pericles,"A terrible childbed hast thou had, my dear;",1169
Act III,Scene V,Pericles,"No light, no fire: the unfriendly elements",1170
Act III,Scene V,Pericles,Forgot thee utterly: nor have I time,1171
Act III,Scene V,Pericles,"To give thee hallow'd to thy grave, but straight",1172
Act III,Scene V,Pericles,"Must cast thee, scarcely coffin'd, in the ooze;",1173
Act III,Scene V,Pericles,"Where, for a monument upon thy bones,",1174
Act III,Scene V,Pericles,"And e'er-remaining lamps, the belching whale",1175
Act III,Scene V,Pericles,"And humming water must o'erwhelm thy corpse,",1176
Act III,Scene V,Pericles,"Lying with simple shells. O Lychorida,",1177
Act III,Scene V,Pericles,"Bid Nestor bring me spices, ink and paper,",1178
Act III,Scene V,Pericles,My casket and my jewels; and bid Nicander,1179
Act III,Scene V,Pericles,Bring me the satin coffer: lay the babe,1180
Act III,Scene V,Pericles,"Upon the pillow: hie thee, whiles I say",1181
Act III,Scene V,Pericles,"A priestly farewell to her: suddenly, woman.",1182
Act III,Scene V,[stage direction],Exit LYCHORIDA,NA
Act III,Scene V,Second Sailor,"Sir, we have a chest beneath the hatches, caulked",1183
Act III,Scene V,Second Sailor,and bitumed ready.,1184
Act III,Scene V,Pericles,"I thank thee. Mariner, say what coast is this?",1185
Act III,Scene V,Second Sailor,We are near Tarsus.,1186
Act III,Scene V,Pericles,"Thither, gentle mariner.",1187
Act III,Scene V,Pericles,Alter thy course for Tyre. When canst thou reach it?,1188
Act III,Scene V,Second Sailor,"By break of day, if the wind cease.",1189
Act III,Scene V,Pericles,"O, make for Tarsus!",1190
Act III,Scene V,Pericles,"There will I visit Cleon, for the babe",1191
Act III,Scene V,Pericles,Cannot hold out to Tyrus: there I'll leave it,1192
Act III,Scene V,Pericles,"At careful nursing. Go thy ways, good mariner:",1193
Act III,Scene V,Pericles,I'll bring the body presently.,1194
Act III,Scene V,[stage direction],Exeunt,NA
Act III,Scene II,[stage direction],"Enter CERIMON, with a Servant, and some Persons who have been shipwrecked",NA
Act III,Scene II,Cerimon,"Philemon, ho!",1195
Act III,Scene II,[stage direction],Enter PHILEMON,NA
Act III,Scene II,Philemon,Doth my lord call?,1196
Act III,Scene II,Cerimon,Get fire and meat for these poor men:,1197
Act III,Scene II,Cerimon,'T has been a turbulent and stormy night.,1198
Act III,Scene II,Servant,"I have been in many; but such a night as this,",1199
Act III,Scene II,Servant,"Till now, I ne'er endured.",1200
Act III,Scene II,Cerimon,Your master will be dead ere you return;,1201
Act III,Scene II,Cerimon,There's nothing can be minister'd to nature,1202
Act III,Scene II,Cerimon,That can recover him.,1203
Act III,Scene II,[stage direction],To PHILEMON,NA
Act III,Scene II,Cerimon,"Give this to the 'pothecary,",1204
Act III,Scene II,Cerimon,And tell me how it works.,1205
Act III,Scene II,[stage direction],Exeunt all but CERIMON,NA
Act III,Scene II,[stage direction],Enter two Gentlemen,NA
Act III,Scene II,First Gentleman,Good morrow.,1206
Act III,Scene II,Second Gentleman,Good morrow to your lordship.,1207
Act III,Scene II,Cerimon,"Gentlemen,",1208
Act III,Scene II,Cerimon,Why do you stir so early?,1209
Act III,Scene II,First Gentleman,"Sir,",1210
Act III,Scene II,First Gentleman,"Our lodgings, standing bleak upon the sea,",1211
Act III,Scene II,First Gentleman,Shook as the earth did quake;,1212
Act III,Scene II,First Gentleman,"The very principals did seem to rend,",1213
Act III,Scene II,First Gentleman,And all-to topple: pure surprise and fear,1214
Act III,Scene II,First Gentleman,Made me to quit the house.,1215
Act III,Scene II,Second Gentleman,That is the cause we trouble you so early;,1216
Act III,Scene II,Second Gentleman,'Tis not our husbandry.,1217
Act III,Scene II,Cerimon,"O, you say well.",1218
Act III,Scene II,First Gentleman,"But I much marvel that your lordship, having",1219
Act III,Scene II,First Gentleman,"Rich tire about you, should at these early hours",1220
Act III,Scene II,First Gentleman,Shake off the golden slumber of repose.,1221
Act III,Scene II,First Gentleman,"'Tis most strange,",1222
Act III,Scene II,First Gentleman,"Nature should be so conversant with pain,",1223
Act III,Scene II,First Gentleman,Being thereto not compell'd.,1224
Act III,Scene II,Cerimon,"I hold it ever,",1225
Act III,Scene II,Cerimon,Virtue and cunning were endowments greater,1226
Act III,Scene II,Cerimon,Than nobleness and riches: careless heirs,1227
Act III,Scene II,Cerimon,May the two latter darken and expend;,1228
Act III,Scene II,Cerimon,But immortality attends the former.,1229
Act III,Scene II,Cerimon,"Making a man a god. 'Tis known, I ever",1230
Act III,Scene II,Cerimon,"Have studied physic, through which secret art,",1231
Act III,Scene II,Cerimon,"By turning o'er authorities, I have,",1232
Act III,Scene II,Cerimon,"Together with my practise, made familiar",1233
Act III,Scene II,Cerimon,To me and to my aid the blest infusions,1234
Act III,Scene II,Cerimon,"That dwell in vegetives, in metals, stones;",1235
Act III,Scene II,Cerimon,And I can speak of the disturbances,1236
Act III,Scene II,Cerimon,"That nature works, and of her cures; which doth give me",1237
Act III,Scene II,Cerimon,A more content in course of true delight,1238
Act III,Scene II,Cerimon,"Than to be thirsty after tottering honour,",1239
Act III,Scene II,Cerimon,"Or tie my treasure up in silken bags,",1240
Act III,Scene II,Cerimon,To please the fool and death.,1241
Act III,Scene II,Second Gentleman,Your honour has through Ephesus pour'd forth,1242
Act III,Scene II,Second Gentleman,"Your charity, and hundreds call themselves",1243
Act III,Scene II,Second Gentleman,"Your creatures, who by you have been restored:",1244
Act III,Scene II,Second Gentleman,"And not your knowledge, your personal pain, but even",1245
Act III,Scene II,Second Gentleman,"Your purse, still open, hath built Lord Cerimon",1246
Act III,Scene II,Second Gentleman,Such strong renown as time shall ne'er decay.,1247
Act III,Scene II,[stage direction],Enter two or three Servants with a chest,NA
Act III,Scene II,First Servant,So; lift there.,1248
Act III,Scene II,Cerimon,What is that?,1249
Act III,Scene II,First Servant,"Sir, even now",1250
Act III,Scene II,First Servant,Did the sea toss upon our shore this chest:,1251
Act III,Scene II,First Servant,'Tis of some wreck.,1252
Act III,Scene II,Cerimon,"Set 't down, let's look upon't.",1253
Act III,Scene II,Second Gentleman,"'Tis like a coffin, sir.",1254
Act III,Scene II,Cerimon,"Whate'er it be,",1255
Act III,Scene II,Cerimon,'Tis wondrous heavy. Wrench it open straight:,1256
Act III,Scene II,Cerimon,"If the sea's stomach be o'ercharged with gold,",1257
Act III,Scene II,Cerimon,'Tis a good constraint of fortune it belches upon us.,1258
Act III,Scene II,Second Gentleman,"'Tis so, my lord.",1259
Act III,Scene II,Cerimon,How close 'tis caulk'd and bitumed!,1260
Act III,Scene II,Cerimon,Did the sea cast it up?,1261
Act III,Scene II,First Servant,"I never saw so huge a billow, sir,",1262
Act III,Scene II,First Servant,As toss'd it upon shore.,1263
Act III,Scene II,Cerimon,Wrench it open;,1264
Act III,Scene II,Cerimon,Soft! it smells most sweetly in my sense.,1265
Act III,Scene II,Second Gentleman,A delicate odour.,1266
Act III,Scene II,Cerimon,"As ever hit my nostril. So, up with it.",1267
Act III,Scene II,Cerimon,O you most potent gods! what's here? a corse!,1268
Act III,Scene II,First Gentleman,Most strange!,1269
Act III,Scene II,Cerimon,Shrouded in cloth of state; balm'd and entreasured,1270
Act III,Scene II,Cerimon,With full bags of spices! A passport too!,1271
Act III,Scene II,Cerimon,"Apollo, perfect me in the characters!",1272
Act III,Scene II,[stage direction],Reads from a scroll,NA
Act III,Scene II,Cerimon,"'Here I give to understand,",1273
Act III,Scene II,Cerimon,"If e'er this coffin drive a-land,",1274
Act III,Scene II,Cerimon,"I, King Pericles, have lost",1275
Act III,Scene II,Cerimon,"This queen, worth all our mundane cost.",1276
Act III,Scene II,Cerimon,"Who finds her, give her burying;",1277
Act III,Scene II,Cerimon,She was the daughter of a king:,1278
Act III,Scene II,Cerimon,"Besides this treasure for a fee,",1279
Act III,Scene II,Cerimon,The gods requite his charity!',1280
Act III,Scene II,Cerimon,"If thou livest, Pericles, thou hast a heart",1281
Act III,Scene II,Cerimon,That even cracks for woe! This chanced tonight.,1282
Act III,Scene II,Second Gentleman,"Most likely, sir.",1283
Act III,Scene II,Cerimon,"Nay, certainly to-night;",1284
Act III,Scene II,Cerimon,For look how fresh she looks! They were too rough,1285
Act III,Scene II,Cerimon,That threw her in the sea. Make a fire within:,1286
Act III,Scene II,Cerimon,Fetch hither all my boxes in my closet.,1287
Act III,Scene II,[stage direction],Exit a Servant,NA
Act III,Scene II,Cerimon,"Death may usurp on nature many hours,",1288
Act III,Scene II,Cerimon,And yet the fire of life kindle again,1289
Act III,Scene II,Cerimon,The o'erpress'd spirits. I heard of an Egyptian,1290
Act III,Scene II,Cerimon,"That had nine hours lien dead,",1291
Act III,Scene II,Cerimon,Who was by good appliance recovered.,1292
Act III,Scene II,[stage direction],"Re-enter a Servant, with boxes, napkins, and fire",NA
Act III,Scene II,Cerimon,"Well said, well said; the fire and cloths.",1293
Act III,Scene II,Cerimon,"The rough and woeful music that we have,",1294
Act III,Scene II,Cerimon,"Cause it to sound, beseech you.",1295
Act III,Scene II,Cerimon,"The viol once more: how thou stirr'st, thou block!",1296
Act III,Scene II,Cerimon,"The music there!--I pray you, give her air.",1297
Act III,Scene II,Cerimon,Gentlemen.,1298
Act III,Scene II,Cerimon,This queen will live: nature awakes; a warmth,1299
Act III,Scene II,Cerimon,Breathes out of her: she hath not been entranced,1300
Act III,Scene II,Cerimon,Above five hours: see how she gins to blow,1301
Act III,Scene II,Cerimon,Into life's flower again!,1302
Act III,Scene II,First Gentleman,"The heavens,",1303
Act III,Scene II,First Gentleman,"Through you, increase our wonder and set up",1304
Act III,Scene II,First Gentleman,Your fame forever.,1305
Act III,Scene II,Cerimon,"She is alive; behold,",1306
Act III,Scene II,Cerimon,"Her eyelids, cases to those heavenly jewels",1307
Act III,Scene II,Cerimon,"Which Pericles hath lost,",1308
Act III,Scene II,Cerimon,Begin to part their fringes of bright gold;,1309
Act III,Scene II,Cerimon,The diamonds of a most praised water,1310
Act III,Scene II,Cerimon,"Do appear, to make the world twice rich. Live,",1311
Act III,Scene II,Cerimon,"And make us weep to hear your fate, fair creature,",1312
Act III,Scene II,Cerimon,Rare as you seem to be.,1313
Act III,Scene II,[stage direction],She moves,NA
Act III,Scene II,Thaisa,"O dear Diana,",1314
Act III,Scene II,Thaisa,Where am I? Where's my lord? What world is this?,1315
Act III,Scene II,Second Gentleman,Is not this strange?,1316
Act III,Scene II,First Gentleman,Most rare.,1317
Act III,Scene II,Cerimon,"Hush, my gentle neighbours!",1318
Act III,Scene II,Cerimon,Lend me your hands; to the next chamber bear her.,1319
Act III,Scene II,Cerimon,"Get linen: now this matter must be look'd to,",1320
Act III,Scene II,Cerimon,"For her relapse is mortal. Come, come;",1321
Act III,Scene II,Cerimon,And AEsculapius guide us!,1322
Act III,Scene II,[stage direction],"Exeunt, carrying her away",NA
Act III,Scene III,[stage direction],"Enter PERICLES, CLEON, DIONYZA, and LYCHORIDA with MARINA in her arms",NA
Act III,Scene III,Pericles,"Most honour'd Cleon, I must needs be gone;",1323
Act III,Scene III,Pericles,"My twelve months are expired, and Tyrus stands",1324
Act III,Scene III,Pericles,"In a litigious peace. You, and your lady,",1325
Act III,Scene III,Pericles,Take from my heart all thankfulness! The gods,1326
Act III,Scene III,Pericles,Make up the rest upon you!,1327
Act III,Scene III,Cleon,"Your shafts of fortune, though they hurt you mortally,",1328
Act III,Scene III,Cleon,Yet glance full wanderingly on us.,1329
Act III,Scene III,Dionyza,O your sweet queen!,1330
Act III,Scene III,Dionyza,"That the strict fates had pleased you had brought her hither,",1331
Act III,Scene III,Dionyza,To have bless'd mine eyes with her!,1332
Act III,Scene III,Pericles,We cannot but obey,1333
Act III,Scene III,Pericles,The powers above us. Could I rage and roar,1334
Act III,Scene III,Pericles,"As doth the sea she lies in, yet the end",1335
Act III,Scene III,Pericles,"Must be as 'tis. My gentle babe Marina, whom,",1336
Act III,Scene III,Pericles,"For she was born at sea, I have named so, here",1337
Act III,Scene III,Pericles,"I charge your charity withal, leaving her",1338
Act III,Scene III,Pericles,The infant of your care; beseeching you,1339
Act III,Scene III,Pericles,"To give her princely training, that she may be",1340
Act III,Scene III,Pericles,Manner'd as she is born.,1341
Act III,Scene III,Cleon,"Fear not, my lord, but think",1342
Act III,Scene III,Cleon,"Your grace, that fed my country with your corn,",1343
Act III,Scene III,Cleon,"For which the people's prayers still fall upon you,",1344
Act III,Scene III,Cleon,Must in your child be thought on. If neglection,1345
Act III,Scene III,Cleon,"Should therein make me vile, the common body,",1346
Act III,Scene III,Cleon,"By you relieved, would force me to my duty:",1347
Act III,Scene III,Cleon,"But if to that my nature need a spur,",1348
Act III,Scene III,Cleon,"The gods revenge it upon me and mine,",1349
Act III,Scene III,Cleon,To the end of generation!,1350
Act III,Scene III,Pericles,I believe you;,1351
Act III,Scene III,Pericles,"Your honour and your goodness teach me to't,",1352
Act III,Scene III,Pericles,"Without your vows. Till she be married, madam,",1353
Act III,Scene III,Pericles,"By bright Diana, whom we honour, all",1354
Act III,Scene III,Pericles,"Unscissor'd shall this hair of mine remain,",1355
Act III,Scene III,Pericles,Though I show ill in't. So I take my leave.,1356
Act III,Scene III,Pericles,"Good madam, make me blessed in your care",1357
Act III,Scene III,Pericles,In bringing up my child.,1358
Act III,Scene III,Dionyza,"I have one myself,",1359
Act III,Scene III,Dionyza,Who shall not be more dear to my respect,1360
Act III,Scene III,Dionyza,"Than yours, my lord.",1361
Act III,Scene III,Pericles,"Madam, my thanks and prayers.",1362
Act III,Scene III,Cleon,"We'll bring your grace e'en to the edge o' the shore,",1363
Act III,Scene III,Cleon,Then give you up to the mask'd Neptune and,1364
Act III,Scene III,Cleon,The gentlest winds of heaven.,1365
Act III,Scene III,Pericles,I will embrace,1366
Act III,Scene III,Pericles,"Your offer. Come, dearest madam. O, no tears,",1367
Act III,Scene III,Pericles,"Lychorida, no tears:",1368
Act III,Scene III,Pericles,"Look to your little mistress, on whose grace",1369
Act III,Scene III,Pericles,"You may depend hereafter. Come, my lord.",1370
Act III,Scene III,[stage direction],Exeunt,NA
Act III,Scene IV,[stage direction],Enter CERIMON and THAISA,NA
Act III,Scene IV,Cerimon,"Madam, this letter, and some certain jewels,",1371
Act III,Scene IV,Cerimon,Lay with you in your coffer: which are now,1372
Act III,Scene IV,Cerimon,At your command. Know you the character?,1373
Act III,Scene IV,Thaisa,It is my lord's.,1374
Act III,Scene IV,Thaisa,"That I was shipp'd at sea, I well remember,",1375
Act III,Scene IV,Thaisa,Even on my eaning time; but whether there,1376
Act III,Scene IV,Thaisa,"Deliver'd, by the holy gods,",1377
Act III,Scene IV,Thaisa,"I cannot rightly say. But since King Pericles,",1378
Act III,Scene IV,Thaisa,"My wedded lord, I ne'er shall see again,",1379
Act III,Scene IV,Thaisa,"A vestal livery will I take me to,",1380
Act III,Scene IV,Thaisa,And never more have joy.,1381
Act III,Scene IV,Cerimon,"Madam, if this you purpose as ye speak,",1382
Act III,Scene IV,Cerimon,"Diana's temple is not distant far,",1383
Act III,Scene IV,Cerimon,Where you may abide till your date expire.,1384
Act III,Scene IV,Cerimon,"Moreover, if you please, a niece of mine",1385
Act III,Scene IV,Cerimon,Shall there attend you.,1386
Act III,Scene IV,Thaisa,"My recompense is thanks, that's all;",1387
Act III,Scene IV,Thaisa,"Yet my good will is great, though the gift small.",1388
Act III,Scene IV,[stage direction],Exeunt,NA
Act IV,Scene IV,[stage direction],Enter GOWER,NA
Act IV,Scene IV,Gower,"Imagine Pericles arrived at Tyre,",1389
Act IV,Scene IV,Gower,Welcomed and settled to his own desire.,1390
Act IV,Scene IV,Gower,"His woeful queen we leave at Ephesus,",1391
Act IV,Scene IV,Gower,Unto Diana there a votaress.,1392
Act IV,Scene IV,Gower,"Now to Marina bend your mind,",1393
Act IV,Scene IV,Gower,Whom our fast-growing scene must find,1394
Act IV,Scene IV,Gower,"At Tarsus, and by Cleon train'd",1395
Act IV,Scene IV,Gower,"In music, letters; who hath gain'd",1396
Act IV,Scene IV,Gower,"Of education all the grace,",1397
Act IV,Scene IV,Gower,Which makes her both the heart and place,1398
Act IV,Scene IV,Gower,"Of general wonder. But, alack,",1399
Act IV,Scene IV,Gower,"That monster envy, oft the wrack",1400
Act IV,Scene IV,Gower,"Of earned praise, Marina's life",1401
Act IV,Scene IV,Gower,Seeks to take off by treason's knife.,1402
Act IV,Scene IV,Gower,And in this kind hath our Cleon,1403
Act IV,Scene IV,Gower,"One daughter, and a wench full grown,",1404
Act IV,Scene IV,Gower,Even ripe for marriage-rite; this maid,1405
Act IV,Scene IV,Gower,Hight Philoten: and it is said,1406
Act IV,Scene IV,Gower,"For certain in our story, she",1407
Act IV,Scene IV,Gower,Would ever with Marina be:,1408
Act IV,Scene IV,Gower,Be't when she weaved the sleided silk,1409
Act IV,Scene IV,Gower,"With fingers long, small, white as milk;",1410
Act IV,Scene IV,Gower,Or when she would with sharp needle wound,1411
Act IV,Scene IV,Gower,"The cambric, which she made more sound",1412
Act IV,Scene IV,Gower,By hurting it; or when to the lute,1413
Act IV,Scene IV,Gower,"She sung, and made the night-bird mute,",1414
Act IV,Scene IV,Gower,That still records with moan; or when,1415
Act IV,Scene IV,Gower,She would with rich and constant pen,1416
Act IV,Scene IV,Gower,Vail to her mistress Dian; still,1417
Act IV,Scene IV,Gower,This Philoten contends in skill,1418
Act IV,Scene IV,Gower,With absolute Marina: so,1419
Act IV,Scene IV,Gower,With the dove of Paphos might the crow,1420
Act IV,Scene IV,Gower,Vie feathers white. Marina gets,1421
Act IV,Scene IV,Gower,"All praises, which are paid as debts,",1422
Act IV,Scene IV,Gower,And not as given. This so darks,1423
Act IV,Scene IV,Gower,"In Philoten all graceful marks,",1424
Act IV,Scene IV,Gower,"That Cleon's wife, with envy rare,",1425
Act IV,Scene IV,Gower,A present murderer does prepare,1426
Act IV,Scene IV,Gower,"For good Marina, that her daughter",1427
Act IV,Scene IV,Gower,Might stand peerless by this slaughter.,1428
Act IV,Scene IV,Gower,"The sooner her vile thoughts to stead,",1429
Act IV,Scene IV,Gower,"Lychorida, our nurse, is dead:",1430
Act IV,Scene IV,Gower,And cursed Dionyza hath,1431
Act IV,Scene IV,Gower,The pregnant instrument of wrath,1432
Act IV,Scene IV,Gower,Prest for this blow. The unborn event,1433
Act IV,Scene IV,Gower,I do commend to your content:,1434
Act IV,Scene IV,Gower,Only I carry winged time,1435
Act IV,Scene IV,Gower,Post on the lame feet of my rhyme;,1436
Act IV,Scene IV,Gower,"Which never could I so convey,",1437
Act IV,Scene IV,Gower,Unless your thoughts went on my way.,1438
Act IV,Scene IV,Gower,"Dionyza does appear,",1439
Act IV,Scene IV,Gower,"With Leonine, a murderer.",1440
Act IV,Scene IV,[stage direction],Exit,NA
Act IV,Scene I,[stage direction],Enter DIONYZA and LEONINE,NA
Act IV,Scene I,Dionyza,Thy oath remember; thou hast sworn to do't:,1441
Act IV,Scene I,Dionyza,"'Tis but a blow, which never shall be known.",1442
Act IV,Scene I,Dionyza,"Thou canst not do a thing in the world so soon,",1443
Act IV,Scene I,Dionyza,"To yield thee so much profit. Let not conscience,",1444
Act IV,Scene I,Dionyza,"Which is but cold, inflaming love i' thy bosom,",1445
Act IV,Scene I,Dionyza,"Inflame too nicely; nor let pity, which",1446
Act IV,Scene I,Dionyza,"Even women have cast off, melt thee, but be",1447
Act IV,Scene I,Dionyza,A soldier to thy purpose.,1448
Act IV,Scene I,Leonine,I will do't; but yet she is a goodly creature.,1449
Act IV,Scene I,Dionyza,"The fitter, then, the gods should have her. Here",1450
Act IV,Scene I,Dionyza,she comes weeping for her only mistress' death.,1451
Act IV,Scene I,Dionyza,Thou art resolved?,1452
Act IV,Scene I,Leonine,I am resolved.,1453
Act IV,Scene I,[stage direction],"Enter MARINA, with a basket of flowers",NA
Act IV,Scene I,Marina,"No, I will rob Tellus of her weed,",1454
Act IV,Scene I,Marina,"To strew thy green with flowers: the yellows, blues,",1455
Act IV,Scene I,Marina,"The purple violets, and marigolds,",1456
Act IV,Scene I,Marina,"Shall as a carpet hang upon thy grave,",1457
Act IV,Scene I,Marina,"While summer-days do last. Ay me! poor maid,",1458
Act IV,Scene I,Marina,"Born in a tempest, when my mother died,",1459
Act IV,Scene I,Marina,"This world to me is like a lasting storm,",1460
Act IV,Scene I,Marina,Whirring me from my friends.,1461
Act IV,Scene I,Dionyza,"How now, Marina! why do you keep alone?",1462
Act IV,Scene I,Dionyza,How chance my daughter is not with you? Do not,1463
Act IV,Scene I,Dionyza,Consume your blood with sorrowing: you have,1464
Act IV,Scene I,Dionyza,"A nurse of me. Lord, how your favour's changed",1465
Act IV,Scene I,Dionyza,With this unprofitable woe!,1466
Act IV,Scene I,Dionyza,"Come, give me your flowers, ere the sea mar it.",1467
Act IV,Scene I,Dionyza,"Walk with Leonine; the air is quick there,",1468
Act IV,Scene I,Dionyza,"And it pierces and sharpens the stomach. Come,",1469
Act IV,Scene I,Dionyza,"Leonine, take her by the arm, walk with her.",1470
Act IV,Scene I,Marina,"No, I pray you;",1471
Act IV,Scene I,Marina,I'll not bereave you of your servant.,1472
Act IV,Scene I,Dionyza,"Come, come;",1473
Act IV,Scene I,Dionyza,"I love the king your father, and yourself,",1474
Act IV,Scene I,Dionyza,With more than foreign heart. We every day,1475
Act IV,Scene I,Dionyza,Expect him here: when he shall come and find,1476
Act IV,Scene I,Dionyza,"Our paragon to all reports thus blasted,",1477
Act IV,Scene I,Dionyza,He will repent the breadth of his great voyage;,1478
Act IV,Scene I,Dionyza,"Blame both my lord and me, that we have taken",1479
Act IV,Scene I,Dionyza,"No care to your best courses. Go, I pray you,",1480
Act IV,Scene I,Dionyza,"Walk, and be cheerful once again; reserve",1481
Act IV,Scene I,Dionyza,"That excellent complexion, which did steal",1482
Act IV,Scene I,Dionyza,The eyes of young and old. Care not for me,1483
Act IV,Scene I,Dionyza,I can go home alone.,1484
Act IV,Scene I,Marina,"Well, I will go;",1485
Act IV,Scene I,Marina,But yet I have no desire to it.,1486
Act IV,Scene I,Dionyza,"Come, come, I know 'tis good for you.",1487
Act IV,Scene I,Dionyza,"Walk half an hour, Leonine, at the least:",1488
Act IV,Scene I,Dionyza,Remember what I have said.,1489
Act IV,Scene I,Leonine,"I warrant you, madam.",1490
Act IV,Scene I,Dionyza,"I'll leave you, my sweet lady, for a while:",1491
Act IV,Scene I,Dionyza,"Pray, walk softly, do not heat your blood:",1492
Act IV,Scene I,Dionyza,What! I must have a care of you.,1493
Act IV,Scene I,Marina,"My thanks, sweet madam.",1494
Act IV,Scene I,[stage direction],Exit DIONYZA,NA
Act IV,Scene I,Marina,Is this wind westerly that blows?,1495
Act IV,Scene I,Leonine,South-west.,1496
Act IV,Scene I,Marina,"When I was born, the wind was north.",1497
Act IV,Scene I,Leonine,Was't so?,1498
Act IV,Scene I,Marina,"My father, as nurse said, did never fear,",1499
Act IV,Scene I,Marina,"But cried 'Good seaman!' to the sailors, galling",1500
Act IV,Scene I,Marina,"His kingly hands, haling ropes;",1501
Act IV,Scene I,Marina,"And, clasping to the mast, endured a sea",1502
Act IV,Scene I,Marina,That almost burst the deck.,1503
Act IV,Scene I,Leonine,When was this?,1504
Act IV,Scene I,Marina,When I was born:,1505
Act IV,Scene I,Marina,Never was waves nor wind more violent;,1506
Act IV,Scene I,Marina,And from the ladder-tackle washes off,1507
Act IV,Scene I,Marina,"A canvas-climber. 'Ha!' says one, 'wilt out?'",1508
Act IV,Scene I,Marina,And with a dropping industry they skip,1509
Act IV,Scene I,Marina,"From stem to stern: the boatswain whistles, and",1510
Act IV,Scene I,Marina,"The master calls, and trebles their confusion.",1511
Act IV,Scene I,Leonine,"Come, say your prayers.",1512
Act IV,Scene I,Marina,What mean you?,1513
Act IV,Scene I,Leonine,"If you require a little space for prayer,",1514
Act IV,Scene I,Leonine,"I grant it: pray; but be not tedious,",1515
Act IV,Scene I,Leonine,"For the gods are quick of ear, and I am sworn",1516
Act IV,Scene I,Leonine,To do my work with haste.,1517
Act IV,Scene I,Marina,Why will you kill me?,1518
Act IV,Scene I,Leonine,To satisfy my lady.,1519
Act IV,Scene I,Marina,Why would she have me kill'd?,1520
Act IV,Scene I,Marina,"Now, as I can remember, by my troth,",1521
Act IV,Scene I,Marina,I never did her hurt in all my life:,1522
Act IV,Scene I,Marina,"I never spake bad word, nor did ill turn",1523
Act IV,Scene I,Marina,"To any living creature: believe me, la,",1524
Act IV,Scene I,Marina,"I never kill'd a mouse, nor hurt a fly:",1525
Act IV,Scene I,Marina,"I trod upon a worm against my will,",1526
Act IV,Scene I,Marina,"But I wept for it. How have I offended,",1527
Act IV,Scene I,Marina,"Wherein my death might yield her any profit,",1528
Act IV,Scene I,Marina,Or my life imply her any danger?,1529
Act IV,Scene I,Leonine,My commission,1530
Act IV,Scene I,Leonine,"Is not to reason of the deed, but do it.",1531
Act IV,Scene I,Marina,"You will not do't for all the world, I hope.",1532
Act IV,Scene I,Marina,"You are well favour'd, and your looks foreshow",1533
Act IV,Scene I,Marina,"You have a gentle heart. I saw you lately,",1534
Act IV,Scene I,Marina,When you caught hurt in parting two that fought:,1535
Act IV,Scene I,Marina,"Good sooth, it show'd well in you: do so now:",1536
Act IV,Scene I,Marina,"Your lady seeks my life; come you between,",1537
Act IV,Scene I,Marina,"And save poor me, the weaker.",1538
Act IV,Scene I,Leonine,"I am sworn,",1539
Act IV,Scene I,Leonine,And will dispatch.,1540
Act IV,Scene I,[stage direction],He seizes her,NA
Act IV,Scene I,[stage direction],Enter Pirates,NA
Act IV,Scene I,First Pirate,"Hold, villain!",1541
Act IV,Scene I,[stage direction],LEONINE runs away,NA
Act IV,Scene I,Second Pirate,A prize! a prize!,1542
Act IV,Scene I,Third Pirate,"Half-part, mates, half-part.",1543
Act IV,Scene I,Third Pirate,"Come, let's have her aboard suddenly.",1544
Act IV,Scene I,[stage direction],Exeunt Pirates with MARINA,NA
Act IV,Scene I,[stage direction],Re-enter LEONINE,NA
Act IV,Scene I,Leonine,These roguing thieves serve the great pirate Valdes;,1545
Act IV,Scene I,Leonine,And they have seized Marina. Let her go:,1546
Act IV,Scene I,Leonine,There's no hope she will return. I'll swear,1547
Act IV,Scene I,Leonine,"she's dead,",1548
Act IV,Scene I,Leonine,And thrown into the sea. But I'll see further:,1549
Act IV,Scene I,Leonine,"Perhaps they will but please themselves upon her,",1550
Act IV,Scene I,Leonine,"Not carry her aboard. If she remain,",1551
Act IV,Scene I,Leonine,Whom they have ravish'd must by me be slain.,1552
Act IV,Scene I,[stage direction],Exit,NA
Act IV,Scene II,[stage direction],"Enter Pandar, Bawd, and BOULT",NA
Act IV,Scene II,Pandar,Boult!,1553
Act IV,Scene II,Boult,Sir?,1554
Act IV,Scene II,Pandar,Search the market narrowly; Mytilene is full of,1555
Act IV,Scene II,Pandar,gallants. We lost too much money this mart by being,1556
Act IV,Scene II,Pandar,too wenchless.,1557
Act IV,Scene II,Bawd,We were never so much out of creatures. We have but,1558
Act IV,Scene II,Bawd,"poor three, and they can do no more than they can",1559
Act IV,Scene II,Bawd,do; and they with continual action are even as good as rotten.,1560
Act IV,Scene II,Pandar,"Therefore let's have fresh ones, whate'er we pay for",1561
Act IV,Scene II,Pandar,them. If there be not a conscience to be used in,1562
Act IV,Scene II,Pandar,"every trade, we shall never prosper.",1563
Act IV,Scene II,Bawd,Thou sayest true: 'tis not our bringing up of poor,1564
Act IV,Scene II,Bawd,"bastards,--as, I think, I have brought up some eleven--",1565
Act IV,Scene II,Boult,"Ay, to eleven; and brought them down again. But",1566
Act IV,Scene II,Boult,shall I search the market?,1567
Act IV,Scene II,Bawd,"What else, man? The stuff we have, a strong wind",1568
Act IV,Scene II,Bawd,"will blow it to pieces, they are so pitifully sodden.",1569
Act IV,Scene II,Pandar,"Thou sayest true; they're too unwholesome, o'",1570
Act IV,Scene II,Pandar,"conscience. The poor Transylvanian is dead, that",1571
Act IV,Scene II,Pandar,lay with the little baggage.,1572
Act IV,Scene II,Boult,"Ay, she quickly pooped him; she made him roast-meat",1573
Act IV,Scene II,Boult,for worms. But I'll go search the market.,1574
Act IV,Scene II,[stage direction],Exit,NA
Act IV,Scene II,Pandar,Three or four thousand chequins were as pretty a,1575
Act IV,Scene II,Pandar,"proportion to live quietly, and so give over.",1576
Act IV,Scene II,Bawd,"Why to give over, I pray you? is it a shame to get",1577
Act IV,Scene II,Bawd,when we are old?,1578
Act IV,Scene II,Pandar,"O, our credit comes not in like the commodity, nor",1579
Act IV,Scene II,Pandar,"the commodity wages not with the danger: therefore,",1580
Act IV,Scene II,Pandar,if in our youths we could pick up some pretty,1581
Act IV,Scene II,Pandar,"estate, 'twere not amiss to keep our door hatched.",1582
Act IV,Scene II,Pandar,"Besides, the sore terms we stand upon with the gods",1583
Act IV,Scene II,Pandar,will be strong with us for giving over.,1584
Act IV,Scene II,Bawd,"Come, other sorts offend as well as we.",1585
Act IV,Scene II,Pandar,"As well as we! ay, and better too; we offend worse.",1586
Act IV,Scene II,Pandar,Neither is our profession any trade; it's no,1587
Act IV,Scene II,Pandar,calling. But here comes Boult.,1588
Act IV,Scene II,[stage direction],"Re-enter BOULT, with the Pirates and MARINA",NA
Act IV,Scene II,Boult,"[To MARINA]  Come your ways. My masters, you say",1589
Act IV,Scene II,Boult,she's a virgin?,1590
Act IV,Scene II,First Pirate,"O, sir, we doubt it not.",1591
Act IV,Scene II,Boult,"Master, I have gone through for this piece, you see:",1592
Act IV,Scene II,Boult,"if you like her, so; if not, I have lost my earnest.",1593
Act IV,Scene II,Bawd,"Boult, has she any qualities?",1594
Act IV,Scene II,Boult,"She has a good face, speaks well, and has excellent",1595
Act IV,Scene II,Boult,good clothes: there's no further necessity of,1596
Act IV,Scene II,Boult,qualities can make her be refused.,1597
Act IV,Scene II,Bawd,"What's her price, Boult?",1598
Act IV,Scene II,Boult,I cannot be bated one doit of a thousand pieces.,1599
Act IV,Scene II,Pandar,"Well, follow me, my masters, you shall have your",1600
Act IV,Scene II,Pandar,"money presently. Wife, take her in; instruct her",1601
Act IV,Scene II,Pandar,"what she has to do, that she may not be raw in her",1602
Act IV,Scene II,Pandar,entertainment.,1603
Act IV,Scene II,[stage direction],Exeunt Pandar and Pirates,NA
Act IV,Scene II,Bawd,"Boult, take you the marks of her, the colour of her",1604
Act IV,Scene II,Bawd,"hair, complexion, height, age, with warrant of her",1605
Act IV,Scene II,Bawd,virginity; and cry 'He that will give most shall,1606
Act IV,Scene II,Bawd,have her first.' Such a maidenhead were no cheap,1607
Act IV,Scene II,Bawd,"thing, if men were as they have been. Get this done",1608
Act IV,Scene II,Bawd,as I command you.,1609
Act IV,Scene II,Boult,Performance shall follow.,1610
Act IV,Scene II,[stage direction],Exit,NA
Act IV,Scene II,Marina,"Alack that Leonine was so slack, so slow!",1611
Act IV,Scene II,Marina,"He should have struck, not spoke; or that these pirates,",1612
Act IV,Scene II,Marina,"Not enough barbarous, had not o'erboard thrown me",1613
Act IV,Scene II,Marina,For to seek my mother!,1614
Act IV,Scene II,Bawd,"Why lament you, pretty one?",1615
Act IV,Scene II,Marina,That I am pretty.,1616
Act IV,Scene II,Bawd,"Come, the gods have done their part in you.",1617
Act IV,Scene II,Marina,I accuse them not.,1618
Act IV,Scene II,Bawd,"You are light into my hands, where you are like to live.",1619
Act IV,Scene II,Marina,The more my fault,1620
Act IV,Scene II,Marina,To scape his hands where I was like to die.,1621
Act IV,Scene II,Bawd,"Ay, and you shall live in pleasure.",1622
Act IV,Scene II,Marina,No.,1623
Act IV,Scene II,Bawd,"Yes, indeed shall you, and taste gentlemen of all",1624
Act IV,Scene II,Bawd,fashions: you shall fare well; you shall have the,1625
Act IV,Scene II,Bawd,difference of all complexions. What! do you stop your ears?,1626
Act IV,Scene II,Marina,Are you a woman?,1627
Act IV,Scene II,Bawd,"What would you have me be, an I be not a woman?",1628
Act IV,Scene II,Marina,"An honest woman, or not a woman.",1629
Act IV,Scene II,Bawd,"Marry, whip thee, gosling: I think I shall have",1630
Act IV,Scene II,Bawd,"something to do with you. Come, you're a young",1631
Act IV,Scene II,Bawd,"foolish sapling, and must be bowed as I would have",1632
Act IV,Scene II,Bawd,you.,1633
Act IV,Scene II,Marina,The gods defend me!,1634
Act IV,Scene II,Bawd,"If it please the gods to defend you by men, then men",1635
Act IV,Scene II,Bawd,"must comfort you, men must feed you, men must stir",1636
Act IV,Scene II,Bawd,you up. Boult's returned.,1637
Act IV,Scene II,[stage direction],Re-enter BOULT,NA
Act IV,Scene II,Bawd,"Now, sir, hast thou cried her through the market?",1638
Act IV,Scene II,Boult,I have cried her almost to the number of her hairs;,1639
Act IV,Scene II,Boult,I have drawn her picture with my voice.,1640
Act IV,Scene II,Bawd,"And I prithee tell me, how dost thou find the",1641
Act IV,Scene II,Bawd,"inclination of the people, especially of the younger sort?",1642
Act IV,Scene II,Boult,"'Faith, they listened to me as they would have",1643
Act IV,Scene II,Boult,hearkened to their father's testament. There was a,1644
Act IV,Scene II,Boult,"Spaniard's mouth so watered, that he went to bed to",1645
Act IV,Scene II,Boult,her very description.,1646
Act IV,Scene II,Bawd,We shall have him here to-morrow with his best ruff on.,1647
Act IV,Scene II,Boult,"To-night, to-night. But, mistress, do you know the",1648
Act IV,Scene II,Boult,French knight that cowers i' the hams?,1649
Act IV,Scene II,Bawd,"Who, Monsieur Veroles?",1650
Act IV,Scene II,Boult,"Ay, he: he offered to cut a caper at the",1651
Act IV,Scene II,Boult,"proclamation; but he made a groan at it, and swore",1652
Act IV,Scene II,Boult,he would see her to-morrow.,1653
Act IV,Scene II,Bawd,"Well, well; as for him, he brought his disease",1654
Act IV,Scene II,Bawd,hither: here he does but repair it. I know he will,1655
Act IV,Scene II,Bawd,"come in our shadow, to scatter his crowns in the",1656
Act IV,Scene II,Bawd,sun.,1657
Act IV,Scene II,Boult,"Well, if we had of every nation a traveller, we",1658
Act IV,Scene II,Boult,should lodge them with this sign.,1659
Act IV,Scene II,Bawd,"[To MARINA]  Pray you, come hither awhile. You",1660
Act IV,Scene II,Bawd,have fortunes coming upon you. Mark me: you must,1661
Act IV,Scene II,Bawd,seem to do that fearfully which you commit,1662
Act IV,Scene II,Bawd,"willingly, despise profit where you have most gain.",1663
Act IV,Scene II,Bawd,To weep that you live as ye do makes pity in your,1664
Act IV,Scene II,Bawd,lovers: seldom but that pity begets you a good,1665
Act IV,Scene II,Bawd,"opinion, and that opinion a mere profit.",1666
Act IV,Scene II,Marina,I understand you not.,1667
Act IV,Scene II,Boult,"O, take her home, mistress, take her home: these",1668
Act IV,Scene II,Boult,blushes of hers must be quenched with some present practise.,1669
Act IV,Scene II,Bawd,"Thou sayest true, i' faith, so they must; for your",1670
Act IV,Scene II,Bawd,bride goes to that with shame which is her way to go,1671
Act IV,Scene II,Bawd,with warrant.,1672
Act IV,Scene II,Boult,"'Faith, some do, and some do not. But, mistress, if",1673
Act IV,Scene II,Boult,"I have bargained for the joint,--",1674
Act IV,Scene II,Bawd,Thou mayst cut a morsel off the spit.,1675
Act IV,Scene II,Boult,I may so.,1676
Act IV,Scene II,Bawd,"Who should deny it? Come, young one, I like the",1677
Act IV,Scene II,Bawd,manner of your garments well.,1678
Act IV,Scene II,Boult,"Ay, by my faith, they shall not be changed yet.",1679
Act IV,Scene II,Bawd,"Boult, spend thou that in the town: report what a",1680
Act IV,Scene II,Bawd,sojourner we have; you'll lose nothing by custom.,1681
Act IV,Scene II,Bawd,"When nature flamed this piece, she meant thee a good",1682
Act IV,Scene II,Bawd,"turn; therefore say what a paragon she is, and thou",1683
Act IV,Scene II,Bawd,hast the harvest out of thine own report.,1684
Act IV,Scene II,Boult,"I warrant you, mistress, thunder shall not so awake",1685
Act IV,Scene II,Boult,the beds of eels as my giving out her beauty stir up,1686
Act IV,Scene II,Boult,the lewdly-inclined. I'll bring home some to-night.,1687
Act IV,Scene II,Bawd,Come your ways; follow me.,1688
Act IV,Scene II,Marina,"If fires be hot, knives sharp, or waters deep,",1689
Act IV,Scene II,Marina,Untied I still my virgin knot will keep.,1690
Act IV,Scene II,Marina,"Diana, aid my purpose!",1691
Act IV,Scene II,Bawd,"What have we to do with Diana? Pray you, will you go with us?",1692
Act IV,Scene II,[stage direction],Exeunt,NA
Act IV,Scene III,[stage direction],Enter CLEON and DIONYZA,NA
Act IV,Scene III,Dionyza,"Why, are you foolish? Can it be undone?",1693
Act IV,Scene III,Cleon,"O Dionyza, such a piece of slaughter",1694
Act IV,Scene III,Cleon,The sun and moon ne'er look'd upon!,1695
Act IV,Scene III,Dionyza,I think,1696
Act IV,Scene III,Dionyza,You'll turn a child again.,1697
Act IV,Scene III,Cleon,"Were I chief lord of all this spacious world,",1698
Act IV,Scene III,Cleon,"I'ld give it to undo the deed. O lady,",1699
Act IV,Scene III,Cleon,"Much less in blood than virtue, yet a princess",1700
Act IV,Scene III,Cleon,To equal any single crown o' the earth,1701
Act IV,Scene III,Cleon,I' the justice of compare! O villain Leonine!,1702
Act IV,Scene III,Cleon,Whom thou hast poison'd too:,1703
Act IV,Scene III,Cleon,"If thou hadst drunk to him, 't had been a kindness",1704
Act IV,Scene III,Cleon,Becoming well thy fact: what canst thou say,1705
Act IV,Scene III,Cleon,When noble Pericles shall demand his child?,1706
Act IV,Scene III,Dionyza,"That she is dead. Nurses are not the fates,",1707
Act IV,Scene III,Dionyza,"To foster it, nor ever to preserve.",1708
Act IV,Scene III,Dionyza,She died at night; I'll say so. Who can cross it?,1709
Act IV,Scene III,Dionyza,"Unless you play the pious innocent,",1710
Act IV,Scene III,Dionyza,And for an honest attribute cry out,1711
Act IV,Scene III,Dionyza,'She died by foul play.',1712
Act IV,Scene III,Cleon,"O, go to. Well, well,",1713
Act IV,Scene III,Cleon,"Of all the faults beneath the heavens, the gods",1714
Act IV,Scene III,Cleon,Do like this worst.,1715
Act IV,Scene III,Dionyza,Be one of those that think,1716
Act IV,Scene III,Dionyza,"The petty wrens of Tarsus will fly hence,",1717
Act IV,Scene III,Dionyza,And open this to Pericles. I do shame,1718
Act IV,Scene III,Dionyza,"To think of what a noble strain you are,",1719
Act IV,Scene III,Dionyza,And of how coward a spirit.,1720
Act IV,Scene III,Cleon,To such proceeding,1721
Act IV,Scene III,Cleon,"Who ever but his approbation added,",1722
Act IV,Scene III,Cleon,"Though not his prime consent, he did not flow",1723
Act IV,Scene III,Cleon,From honourable sources.,1724
Act IV,Scene III,Dionyza,"Be it so, then:",1725
Act IV,Scene III,Dionyza,"Yet none does know, but you, how she came dead,",1726
Act IV,Scene III,Dionyza,"Nor none can know, Leonine being gone.",1727
Act IV,Scene III,Dionyza,"She did disdain my child, and stood between",1728
Act IV,Scene III,Dionyza,"Her and her fortunes: none would look on her,",1729
Act IV,Scene III,Dionyza,But cast their gazes on Marina's face;,1730
Act IV,Scene III,Dionyza,Whilst ours was blurted at and held a malkin,1731
Act IV,Scene III,Dionyza,Not worth the time of day. It pierced me through;,1732
Act IV,Scene III,Dionyza,"And though you call my course unnatural,",1733
Act IV,Scene III,Dionyza,"You not your child well loving, yet I find",1734
Act IV,Scene III,Dionyza,It greets me as an enterprise of kindness,1735
Act IV,Scene III,Dionyza,Perform'd to your sole daughter.,1736
Act IV,Scene III,Cleon,Heavens forgive it!,1737
Act IV,Scene III,Dionyza,"And as for Pericles,",1738
Act IV,Scene III,Dionyza,"What should he say? We wept after her hearse,",1739
Act IV,Scene III,Dionyza,And yet we mourn: her monument,1740
Act IV,Scene III,Dionyza,"Is almost finish'd, and her epitaphs",1741
Act IV,Scene III,Dionyza,In glittering golden characters express,1742
Act IV,Scene III,Dionyza,"A general praise to her, and care in us",1743
Act IV,Scene III,Dionyza,At whose expense 'tis done.,1744
Act IV,Scene III,Cleon,"Thou art like the harpy,",1745
Act IV,Scene III,Cleon,"Which, to betray, dost, with thine angel's face,",1746
Act IV,Scene III,Cleon,Seize with thine eagle's talons.,1747
Act IV,Scene III,Dionyza,You are like one that superstitiously,1748
Act IV,Scene III,Dionyza,Doth swear to the gods that winter kills the flies:,1749
Act IV,Scene III,Dionyza,But yet I know you'll do as I advise.,1750
Act IV,Scene III,[stage direction],Exeunt,NA
Act IV,Scene III,[stage direction],"Enter GOWER, before the monument of MARINA at Tarsus",NA
Act IV,Scene III,Gower,"Thus time we waste, and longest leagues make short;",1751
Act IV,Scene III,Gower,"Sail seas in cockles, have an wish but for't;",1752
Act IV,Scene III,Gower,"Making, to take your imagination,",1753
Act IV,Scene III,Gower,"From bourn to bourn, region to region.",1754
Act IV,Scene III,Gower,"By you being pardon'd, we commit no crime",1755
Act IV,Scene III,Gower,To use one language in each several clime,1756
Act IV,Scene III,Gower,Where our scenes seem to live. I do beseech you,1757
Act IV,Scene III,Gower,"To learn of me, who stand i' the gaps to teach you,",1758
Act IV,Scene III,Gower,The stages of our story. Pericles,1759
Act IV,Scene III,Gower,"Is now again thwarting the wayward seas,",1760
Act IV,Scene III,Gower,Attended on by many a lord and knight.,1761
Act IV,Scene III,Gower,"To see his daughter, all his life's delight.",1762
Act IV,Scene III,Gower,"Old Escanes, whom Helicanus late",1763
Act IV,Scene III,Gower,"Advanced in time to great and high estate,",1764
Act IV,Scene III,Gower,"Is left to govern. Bear you it in mind,",1765
Act IV,Scene III,Gower,Old Helicanus goes along behind.,1766
Act IV,Scene III,Gower,Well-sailing ships and bounteous winds have brought,1767
Act IV,Scene III,Gower,"This king to Tarsus,--think his pilot thought;",1768
Act IV,Scene III,Gower,"So with his steerage shall your thoughts grow on,--",1769
Act IV,Scene III,Gower,"To fetch his daughter home, who first is gone.",1770
Act IV,Scene III,Gower,Like motes and shadows see them move awhile;,1771
Act IV,Scene III,Gower,Your ears unto your eyes I'll reconcile.,1772
Act IV,Scene III,Gower,DUMB SHOW.,1773
Act IV,Scene III,[stage direction],"Enter PERICLES, at one door, with all his train;  CLEON and DIONYZA, at the other. CLEON shows  PERICLES the tomb; whereat PERICLES makes  lamentation, puts on sackcloth, and in a mighty passion departs. Then exeunt CLEON and DIONYZA",NA
Act IV,Scene III,Gower,See how belief may suffer by foul show!,1774
Act IV,Scene III,Gower,This borrow'd passion stands for true old woe;,1775
Act IV,Scene III,Gower,"And Pericles, in sorrow all devour'd,",1776
Act IV,Scene III,Gower,"With sighs shot through, and biggest tears",1777
Act IV,Scene III,Gower,"o'ershower'd,",1778
Act IV,Scene III,Gower,Leaves Tarsus and again embarks. He swears,1779
Act IV,Scene III,Gower,"Never to wash his face, nor cut his hairs:",1780
Act IV,Scene III,Gower,"He puts on sackcloth, and to sea. He bears",1781
Act IV,Scene III,Gower,"A tempest, which his mortal vessel tears,",1782
Act IV,Scene III,Gower,And yet he rides it out. Now please you wit.,1783
Act IV,Scene III,Gower,The epitaph is for Marina writ,1784
Act IV,Scene III,Gower,By wicked Dionyza.,1785
Act IV,Scene III,[stage direction],Reads the inscription on MARINA's monument,NA
Act IV,Scene III,Gower,"'The fairest, sweet'st, and best lies here,",1786
Act IV,Scene III,Gower,Who wither'd in her spring of year.,1787
Act IV,Scene III,Gower,"She was of Tyrus the king's daughter,",1788
Act IV,Scene III,Gower,On whom foul death hath made this slaughter;,1789
Act IV,Scene III,Gower,"Marina was she call'd; and at her birth,",1790
Act IV,Scene III,Gower,"Thetis, being proud, swallow'd some part o' the earth:",1791
Act IV,Scene III,Gower,"Therefore the earth, fearing to be o'erflow'd,",1792
Act IV,Scene III,Gower,Hath Thetis' birth-child on the heavens bestow'd:,1793
Act IV,Scene III,Gower,"Wherefore she does, and swears she'll never stint,",1794
Act IV,Scene III,Gower,Make raging battery upon shores of flint.',1795
Act IV,Scene III,Gower,No visor does become black villany,1796
Act IV,Scene III,Gower,So well as soft and tender flattery.,1797
Act IV,Scene III,Gower,"Let Pericles believe his daughter's dead,",1798
Act IV,Scene III,Gower,And bear his courses to be ordered,1799
Act IV,Scene III,Gower,By Lady Fortune; while our scene must play,1800
Act IV,Scene III,Gower,His daughter's woe and heavy well-a-day,1801
Act IV,Scene III,Gower,"In her unholy service. Patience, then,",1802
Act IV,Scene III,Gower,And think you now are all in Mytilene.,1803
Act IV,Scene III,[stage direction],Exit,NA
Act IV,Scene V,[stage direction],"Enter, from the brothel, two Gentlemen",NA
Act IV,Scene V,First Gentleman,Did you ever hear the like?,1804
Act IV,Scene V,Second Gentleman,"No, nor never shall do in such a place as this, she",1805
Act IV,Scene V,Second Gentleman,being once gone.,1806
Act IV,Scene V,First Gentleman,But to have divinity preached there! did you ever,1807
Act IV,Scene V,First Gentleman,dream of such a thing?,1808
Act IV,Scene V,Second Gentleman,"No, no. Come, I am for no more bawdy-houses:",1809
Act IV,Scene V,Second Gentleman,shall's go hear the vestals sing?,1810
Act IV,Scene V,First Gentleman,I'll do any thing now that is virtuous; but I,1811
Act IV,Scene V,First Gentleman,am out of the road of rutting for ever.,1812
Act IV,Scene V,[stage direction],Exeunt,NA
Act IV,Scene VI,[stage direction],"Enter Pandar, Bawd, and BOULT",NA
Act IV,Scene VI,Pandar,"Well, I had rather than twice the worth of her she",1813
Act IV,Scene VI,Pandar,had ne'er come here.,1814
Act IV,Scene VI,Bawd,"Fie, fie upon her! she's able to freeze the god",1815
Act IV,Scene VI,Bawd,"Priapus, and undo a whole generation. We must",1816
Act IV,Scene VI,Bawd,"either get her ravished, or be rid of her. When she",1817
Act IV,Scene VI,Bawd,"should do for clients her fitment, and do me the",1818
Act IV,Scene VI,Bawd,"kindness of our profession, she has me her quirks,",1819
Act IV,Scene VI,Bawd,"her reasons, her master reasons, her prayers, her",1820
Act IV,Scene VI,Bawd,"knees; that she would make a puritan of the devil,",1821
Act IV,Scene VI,Bawd,if he should cheapen a kiss of her.,1822
Act IV,Scene VI,Boult,"'Faith, I must ravish her, or she'll disfurnish us",1823
Act IV,Scene VI,Boult,"of all our cavaliers, and make our swearers priests.",1824
Act IV,Scene VI,Pandar,"Now, the pox upon her green-sickness for me!",1825
Act IV,Scene VI,Bawd,"'Faith, there's no way to be rid on't but by the",1826
Act IV,Scene VI,Bawd,way to the pox. Here comes the Lord Lysimachus disguised.,1827
Act IV,Scene VI,Boult,"We should have both lord and lown, if the peevish",1828
Act IV,Scene VI,Boult,baggage would but give way to customers.,1829
Act IV,Scene VI,[stage direction],Enter LYSIMACHUS,NA
Act IV,Scene VI,Lysimachus,How now! How a dozen of virginities?,1830
Act IV,Scene VI,Bawd,"Now, the gods to-bless your honour!",1831
Act IV,Scene VI,Boult,I am glad to see your honour in good health.,1832
Act IV,Scene VI,Lysimachus,You may so; 'tis the better for you that your,1833
Act IV,Scene VI,Lysimachus,resorters stand upon sound legs. How now!,1834
Act IV,Scene VI,Lysimachus,wholesome iniquity have you that a man may deal,1835
Act IV,Scene VI,Lysimachus,"withal, and defy the surgeon?",1836
Act IV,Scene VI,Bawd,"We have here one, sir, if she would--but there never",1837
Act IV,Scene VI,Bawd,came her like in Mytilene.,1838
Act IV,Scene VI,Lysimachus,"If she'ld do the deed of darkness, thou wouldst say.",1839
Act IV,Scene VI,Bawd,Your honour knows what 'tis to say well enough.,1840
Act IV,Scene VI,Lysimachus,"Well, call forth, call forth.",1841
Act IV,Scene VI,Boult,"For flesh and blood, sir, white and red, you shall",1842
Act IV,Scene VI,Boult,"see a rose; and she were a rose indeed, if she had but--",1843
Act IV,Scene VI,Lysimachus,"What, prithee?",1844
Act IV,Scene VI,Boult,"O, sir, I can be modest.",1845
Act IV,Scene VI,Lysimachus,"That dignifies the renown of a bawd, no less than it",1846
Act IV,Scene VI,Lysimachus,gives a good report to a number to be chaste.,1847
Act IV,Scene VI,[stage direction],Exit BOULT,NA
Act IV,Scene VI,Bawd,Here comes that which grows to the stalk; never,1848
Act IV,Scene VI,Bawd,"plucked yet, I can assure you.",1849
Act IV,Scene VI,[stage direction],Re-enter BOULT with MARINA,NA
Act IV,Scene VI,Bawd,Is she not a fair creature?,1850
Act IV,Scene VI,Lysimachus,"'Faith, she would serve after a long voyage at sea.",1851
Act IV,Scene VI,Lysimachus,"Well, there's for you: leave us.",1852
Act IV,Scene VI,Bawd,"I beseech your honour, give me leave: a word, and",1853
Act IV,Scene VI,Bawd,I'll have done presently.,1854
Act IV,Scene VI,Lysimachus,"I beseech you, do.",1855
Act IV,Scene VI,Bawd,"[To MARINA]  First, I would have you note, this is",1856
Act IV,Scene VI,Bawd,an honourable man.,1857
Act IV,Scene VI,Marina,"I desire to find him so, that I may worthily note him.",1858
Act IV,Scene VI,Bawd,"Next, he's the governor of this country, and a man",1859
Act IV,Scene VI,Bawd,whom I am bound to.,1860
Act IV,Scene VI,Marina,"If he govern the country, you are bound to him",1861
Act IV,Scene VI,Marina,"indeed; but how honourable he is in that, I know not.",1862
Act IV,Scene VI,Bawd,"Pray you, without any more virginal fencing, will",1863
Act IV,Scene VI,Bawd,you use him kindly? He will line your apron with gold.,1864
Act IV,Scene VI,Marina,"What he will do graciously, I will thankfully receive.",1865
Act IV,Scene VI,Lysimachus,Ha' you done?,1866
Act IV,Scene VI,Bawd,"My lord, she's not paced yet: you must take some",1867
Act IV,Scene VI,Bawd,"pains to work her to your manage. Come, we will",1868
Act IV,Scene VI,Bawd,leave his honour and her together. Go thy ways.,1869
Act IV,Scene VI,[stage direction],"Exeunt Bawd, Pandar, and BOULT",NA
Act IV,Scene VI,Lysimachus,"Now, pretty one, how long have you been at this trade?",1870
Act IV,Scene VI,Marina,"What trade, sir?",1871
Act IV,Scene VI,Lysimachus,"Why, I cannot name't but I shall offend.",1872
Act IV,Scene VI,Marina,I cannot be offended with my trade. Please you to name it.,1873
Act IV,Scene VI,Lysimachus,How long have you been of this profession?,1874
Act IV,Scene VI,Marina,E'er since I can remember.,1875
Act IV,Scene VI,Lysimachus,Did you go to 't so young? Were you a gamester at,1876
Act IV,Scene VI,Lysimachus,five or at seven?,1877
Act IV,Scene VI,Marina,"Earlier too, sir, if now I be one.",1878
Act IV,Scene VI,Lysimachus,"Why, the house you dwell in proclaims you to be a",1879
Act IV,Scene VI,Lysimachus,creature of sale.,1880
Act IV,Scene VI,Marina,"Do you know this house to be a place of such resort,",1881
Act IV,Scene VI,Marina,and will come into 't? I hear say you are of,1882
Act IV,Scene VI,Marina,"honourable parts, and are the governor of this place.",1883
Act IV,Scene VI,Lysimachus,"Why, hath your principal made known unto you who I am?",1884
Act IV,Scene VI,Marina,Who is my principal?,1885
Act IV,Scene VI,Lysimachus,"Why, your herb-woman; she that sets seeds and roots",1886
Act IV,Scene VI,Lysimachus,"of shame and iniquity. O, you have heard something",1887
Act IV,Scene VI,Lysimachus,"of my power, and so stand aloof for more serious",1888
Act IV,Scene VI,Lysimachus,"wooing. But I protest to thee, pretty one, my",1889
Act IV,Scene VI,Lysimachus,"authority shall not see thee, or else look friendly",1890
Act IV,Scene VI,Lysimachus,"upon thee. Come, bring me to some private place:",1891
Act IV,Scene VI,Lysimachus,"come, come.",1892
Act IV,Scene VI,Marina,"If you were born to honour, show it now;",1893
Act IV,Scene VI,Marina,"If put upon you, make the judgment good",1894
Act IV,Scene VI,Marina,That thought you worthy of it.,1895
Act IV,Scene VI,Lysimachus,How's this? how's this? Some more; be sage.,1896
Act IV,Scene VI,Marina,"For me,",1897
Act IV,Scene VI,Marina,"That am a maid, though most ungentle fortune",1898
Act IV,Scene VI,Marina,"Have placed me in this sty, where, since I came,",1899
Act IV,Scene VI,Marina,"Diseases have been sold dearer than physic,",1900
Act IV,Scene VI,Marina,"O, that the gods",1901
Act IV,Scene VI,Marina,"Would set me free from this unhallow'd place,",1902
Act IV,Scene VI,Marina,Though they did change me to the meanest bird,1903
Act IV,Scene VI,Marina,That flies i' the purer air!,1904
Act IV,Scene VI,Lysimachus,I did not think,1905
Act IV,Scene VI,Lysimachus,Thou couldst have spoke so well; ne'er dream'd thou couldst.,1906
Act IV,Scene VI,Lysimachus,"Had I brought hither a corrupted mind,",1907
Act IV,Scene VI,Lysimachus,"Thy speech had alter'd it. Hold, here's gold for thee:",1908
Act IV,Scene VI,Lysimachus,"Persever in that clear way thou goest,",1909
Act IV,Scene VI,Lysimachus,And the gods strengthen thee!,1910
Act IV,Scene VI,Marina,The good gods preserve you!,1911
Act IV,Scene VI,Lysimachus,"For me, be you thoughten",1912
Act IV,Scene VI,Lysimachus,That I came with no ill intent; for to me,1913
Act IV,Scene VI,Lysimachus,The very doors and windows savour vilely.,1914
Act IV,Scene VI,Lysimachus,"Fare thee well. Thou art a piece of virtue, and",1915
Act IV,Scene VI,Lysimachus,I doubt not but thy training hath been noble.,1916
Act IV,Scene VI,Lysimachus,"Hold, here's more gold for thee.",1917
Act IV,Scene VI,Lysimachus,"A curse upon him, die he like a thief,",1918
Act IV,Scene VI,Lysimachus,That robs thee of thy goodness! If thou dost,1919
Act IV,Scene VI,Lysimachus,"Hear from me, it shall be for thy good.",1920
Act IV,Scene VI,[stage direction],Re-enter BOULT,NA
Act IV,Scene VI,Boult,"I beseech your honour, one piece for me.",1921
Act IV,Scene VI,Lysimachus,"Avaunt, thou damned door-keeper!",1922
Act IV,Scene VI,Lysimachus,"Your house, but for this virgin that doth prop it,",1923
Act IV,Scene VI,Lysimachus,Would sink and overwhelm you. Away!,1924
Act IV,Scene VI,[stage direction],Exit,NA
Act IV,Scene VI,Boult,How's this? We must take another course with you.,1925
Act IV,Scene VI,Boult,"If your peevish chastity, which is not worth a",1926
Act IV,Scene VI,Boult,"breakfast in the cheapest country under the cope,",1927
Act IV,Scene VI,Boult,"shall undo a whole household, let me be gelded like",1928
Act IV,Scene VI,Boult,a spaniel. Come your ways.,1929
Act IV,Scene VI,Marina,Whither would you have me?,1930
Act IV,Scene VI,Boult,"I must have your maidenhead taken off, or the common",1931
Act IV,Scene VI,Boult,hangman shall execute it. Come your ways. We'll,1932
Act IV,Scene VI,Boult,"have no more gentlemen driven away. Come your ways, I say.",1933
Act IV,Scene VI,[stage direction],Re-enter Bawd,NA
Act IV,Scene VI,Bawd,How now! what's the matter?,1934
Act IV,Scene VI,Boult,"Worse and worse, mistress; she has here spoken holy",1935
Act IV,Scene VI,Boult,words to the Lord Lysimachus.,1936
Act IV,Scene VI,Bawd,O abominable!,1937
Act IV,Scene VI,Boult,She makes our profession as it were to stink afore,1938
Act IV,Scene VI,Boult,the face of the gods.,1939
Act IV,Scene VI,Bawd,"Marry, hang her up for ever!",1940
Act IV,Scene VI,Boult,The nobleman would have dealt with her like a,1941
Act IV,Scene VI,Boult,"nobleman, and she sent him away as cold as a",1942
Act IV,Scene VI,Boult,snowball; saying his prayers too.,1943
Act IV,Scene VI,Bawd,"Boult, take her away; use her at thy pleasure:",1944
Act IV,Scene VI,Bawd,"crack the glass of her virginity, and make the rest malleable.",1945
Act IV,Scene VI,Boult,An if she were a thornier piece of ground than she,1946
Act IV,Scene VI,Boult,"is, she shall be ploughed.",1947
Act IV,Scene VI,Marina,"Hark, hark, you gods!",1948
Act IV,Scene VI,Bawd,She conjures: away with her! Would she had never,1949
Act IV,Scene VI,Bawd,"come within my doors! Marry, hang you! She's born",1950
Act IV,Scene VI,Bawd,to undo us. Will you not go the way of women-kind?,1951
Act IV,Scene VI,Bawd,"Marry, come up, my dish of chastity with rosemary and bays!",1952
Act IV,Scene VI,[stage direction],Exit,NA
Act IV,Scene VI,Boult,"Come, mistress; come your ways with me.",1953
Act IV,Scene VI,Marina,Whither wilt thou have me?,1954
Act IV,Scene VI,Boult,To take from you the jewel you hold so dear.,1955
Act IV,Scene VI,Marina,"Prithee, tell me one thing first.",1956
Act IV,Scene VI,Boult,"Come now, your one thing.",1957
Act IV,Scene VI,Marina,What canst thou wish thine enemy to be?,1958
Act IV,Scene VI,Boult,"Why, I could wish him to be my master, or rather, my mistress.",1959
Act IV,Scene VI,Marina,"Neither of these are so bad as thou art,",1960
Act IV,Scene VI,Marina,Since they do better thee in their command.,1961
Act IV,Scene VI,Marina,"Thou hold'st a place, for which the pained'st fiend",1962
Act IV,Scene VI,Marina,Of hell would not in reputation change:,1963
Act IV,Scene VI,Marina,Thou art the damned doorkeeper to every,1964
Act IV,Scene VI,Marina,Coistrel that comes inquiring for his Tib;,1965
Act IV,Scene VI,Marina,To the choleric fisting of every rogue,1966
Act IV,Scene VI,Marina,Thy ear is liable; thy food is such,1967
Act IV,Scene VI,Marina,As hath been belch'd on by infected lungs.,1968
Act IV,Scene VI,Boult,"What would you have me do? go to the wars, would",1969
Act IV,Scene VI,Boult,you? where a man may serve seven years for the loss,1970
Act IV,Scene VI,Boult,"of a leg, and have not money enough in the end to",1971
Act IV,Scene VI,Boult,buy him a wooden one?,1972
Act IV,Scene VI,Marina,Do any thing but this thou doest. Empty,1973
Act IV,Scene VI,Marina,"OLD receptacles, or common shores, of filth;",1974
Act IV,Scene VI,Marina,Serve by indenture to the common hangman:,1975
Act IV,Scene VI,Marina,Any of these ways are yet better than this;,1976
Act IV,Scene VI,Marina,"For what thou professest, a baboon, could he speak,",1977
Act IV,Scene VI,Marina,"Would own a name too dear. O, that the gods",1978
Act IV,Scene VI,Marina,Would safely deliver me from this place!,1979
Act IV,Scene VI,Marina,"Here, here's gold for thee.",1980
Act IV,Scene VI,Marina,"If that thy master would gain by thee,",1981
Act IV,Scene VI,Marina,"Proclaim that I can sing, weave, sew, and dance,",1982
Act IV,Scene VI,Marina,"With other virtues, which I'll keep from boast:",1983
Act IV,Scene VI,Marina,And I will undertake all these to teach.,1984
Act IV,Scene VI,Marina,I doubt not but this populous city will,1985
Act IV,Scene VI,Marina,Yield many scholars.,1986
Act IV,Scene VI,Boult,But can you teach all this you speak of?,1987
Act IV,Scene VI,Marina,"Prove that I cannot, take me home again,",1988
Act IV,Scene VI,Marina,And prostitute me to the basest groom,1989
Act IV,Scene VI,Marina,That doth frequent your house.,1990
Act IV,Scene VI,Boult,"Well, I will see what I can do for thee: if I can",1991
Act IV,Scene VI,Boult,"place thee, I will.",1992
Act IV,Scene VI,Marina,But amongst honest women.,1993
Act IV,Scene VI,Boult,"'Faith, my acquaintance lies little amongst them.",1994
Act IV,Scene VI,Boult,"But since my master and mistress have bought you,",1995
Act IV,Scene VI,Boult,there's no going but by their consent: therefore I,1996
Act IV,Scene VI,Boult,"will make them acquainted with your purpose, and I",1997
Act IV,Scene VI,Boult,doubt not but I shall find them tractable enough.,1998
Act IV,Scene VI,Boult,"Come, I'll do for thee what I can; come your ways.",1999
Act IV,Scene VI,[stage direction],Exeunt,NA
Act V,Scene VI,[stage direction],Enter GOWER,NA
Act V,Scene VI,Gower,"Marina thus the brothel 'scapes, and chances",2000
Act V,Scene VI,Gower,"Into an honest house, our story says.",2001
Act V,Scene VI,Gower,"She sings like one immortal, and she dances",2002
Act V,Scene VI,Gower,As goddess-like to her admired lays;,2003
Act V,Scene VI,Gower,Deep clerks she dumbs; and with her needle composes,2004
Act V,Scene VI,Gower,"Nature's own shape, of bud, bird, branch, or berry,",2005
Act V,Scene VI,Gower,That even her art sisters the natural roses;,2006
Act V,Scene VI,Gower,"Her inkle, silk, twin with the rubied cherry:",2007
Act V,Scene VI,Gower,"That pupils lacks she none of noble race,",2008
Act V,Scene VI,Gower,Who pour their bounty on her; and her gain,2009
Act V,Scene VI,Gower,She gives the cursed bawd. Here we her place;,2010
Act V,Scene VI,Gower,"And to her father turn our thoughts again,",2011
Act V,Scene VI,Gower,"Where we left him, on the sea. We there him lost;",2012
Act V,Scene VI,Gower,"Whence, driven before the winds, he is arrived",2013
Act V,Scene VI,Gower,Here where his daughter dwells; and on this coast,2014
Act V,Scene VI,Gower,Suppose him now at anchor. The city strived,2015
Act V,Scene VI,Gower,God Neptune's annual feast to keep: from whence,2016
Act V,Scene VI,Gower,"Lysimachus our Tyrian ship espies,",2017
Act V,Scene VI,Gower,"His banners sable, trimm'd with rich expense;",2018
Act V,Scene VI,Gower,And to him in his barge with fervor hies.,2019
Act V,Scene VI,Gower,In your supposing once more put your sight,2020
Act V,Scene VI,Gower,Of heavy Pericles; think this his bark:,2021
Act V,Scene VI,Gower,"Where what is done in action, more, if might,",2022
Act V,Scene VI,Gower,"Shall be discover'd; please you, sit and hark.",2023
Act V,Scene VI,[stage direction],Exit,NA
Act V,Scene I,Gower,"pavilion on deck, with a curtain before it; PERICLES",2024
Act V,Scene I,Gower,"within it, reclined on a couch. A barge lying",2025
Act V,Scene I,Gower,beside the Tyrian vessel.,2026
Act V,Scene I,[stage direction],"Enter two Sailors, one belonging to the Tyrian vessel, the other to the barge; to them HELICANUS",NA
Act V,Scene I,Tyrian Sailor,[To the Sailor of Mytilene]  Where is lord Helicanus?,2027
Act V,Scene I,Tyrian Sailor,he can resolve you.,2028
Act V,Scene I,Tyrian Sailor,"O, here he is.",2029
Act V,Scene I,Tyrian Sailor,"Sir, there's a barge put off from Mytilene,",2030
Act V,Scene I,Tyrian Sailor,"And in it is Lysimachus the governor,",2031
Act V,Scene I,Tyrian Sailor,Who craves to come aboard. What is your will?,2032
Act V,Scene I,Helicanus,That he have his. Call up some gentlemen.,2033
Act V,Scene I,Tyrian Sailor,"Ho, gentlemen! my lord calls.",2034
Act V,Scene I,[stage direction],Enter two or three Gentlemen,NA
Act V,Scene I,First Gentleman,Doth your lordship call?,2035
Act V,Scene I,Helicanus,"Gentlemen, there's some of worth would come aboard;",2036
Act V,Scene I,Helicanus,"I pray ye, greet them fairly.",2037
Act V,Scene I,[stage direction],"The Gentlemen and the two Sailors descend, and go on board the barge",NA
Act V,Scene I,[stage direction],"Enter, from thence, LYSIMACHUS and Lords; with the Gentlemen and the two Sailors",NA
Act V,Scene I,Tyrian Sailor,"Sir,",2038
Act V,Scene I,Tyrian Sailor,"This is the man that can, in aught you would,",2039
Act V,Scene I,Tyrian Sailor,Resolve you.,2040
Act V,Scene I,Lysimachus,"Hail, reverend sir! the gods preserve you!",2041
Act V,Scene I,Helicanus,"And you, sir, to outlive the age I am,",2042
Act V,Scene I,Helicanus,And die as I would do.,2043
Act V,Scene I,Lysimachus,You wish me well.,2044
Act V,Scene I,Lysimachus,"Being on shore, honouring of Neptune's triumphs,",2045
Act V,Scene I,Lysimachus,"Seeing this goodly vessel ride before us,",2046
Act V,Scene I,Lysimachus,"I made to it, to know of whence you are.",2047
Act V,Scene I,Helicanus,"First, what is your place?",2048
Act V,Scene I,Lysimachus,I am the governor of this place you lie before.,2049
Act V,Scene I,Helicanus,"Sir,",2050
Act V,Scene I,Helicanus,"Our vessel is of Tyre, in it the king;",2051
Act V,Scene I,Helicanus,A man who for this three months hath not spoken,2052
Act V,Scene I,Helicanus,"To any one, nor taken sustenance",2053
Act V,Scene I,Helicanus,But to prorogue his grief.,2054
Act V,Scene I,Lysimachus,Upon what ground is his distemperature?,2055
Act V,Scene I,Helicanus,'Twould be too tedious to repeat;,2056
Act V,Scene I,Helicanus,But the main grief springs from the loss,2057
Act V,Scene I,Helicanus,Of a beloved daughter and a wife.,2058
Act V,Scene I,Lysimachus,May we not see him?,2059
Act V,Scene I,Helicanus,You may;,2060
Act V,Scene I,Helicanus,But bootless is your sight: he will not speak To any.,2061
Act V,Scene I,Lysimachus,Yet let me obtain my wish.,2062
Act V,Scene I,Helicanus,Behold him.,2063
Act V,Scene I,[stage direction],PERICLES discovered,NA
Act V,Scene I,Helicanus,"This was a goodly person,",2064
Act V,Scene I,Helicanus,"Till the disaster that, one mortal night,",2065
Act V,Scene I,Helicanus,Drove him to this.,2066
Act V,Scene I,Lysimachus,"Sir king, all hail! the gods preserve you!",2067
Act V,Scene I,Lysimachus,"Hail, royal sir!",2068
Act V,Scene I,Helicanus,It is in vain; he will not speak to you.,2069
Act V,Scene I,First Lord,"Sir,",2070
Act V,Scene I,First Lord,"We have a maid in Mytilene, I durst wager,",2071
Act V,Scene I,First Lord,Would win some words of him.,2072
Act V,Scene I,Lysimachus,'Tis well bethought.,2073
Act V,Scene I,Lysimachus,She questionless with her sweet harmony,2074
Act V,Scene I,Lysimachus,"And other chosen attractions, would allure,",2075
Act V,Scene I,Lysimachus,"And make a battery through his deafen'd parts,",2076
Act V,Scene I,Lysimachus,Which now are midway stopp'd:,2077
Act V,Scene I,Lysimachus,"She is all happy as the fairest of all,",2078
Act V,Scene I,Lysimachus,"And, with her fellow maids is now upon",2079
Act V,Scene I,Lysimachus,The leafy shelter that abuts against,2080
Act V,Scene I,Lysimachus,The island's side.,2081
Act V,Scene I,[stage direction],"Whispers a Lord, who goes off in the barge of LYSIMACHUS",NA
Act V,Scene I,Helicanus,"Sure, all's effectless; yet nothing we'll omit",2082
Act V,Scene I,Helicanus,"That bears recovery's name. But, since your kindness",2083
Act V,Scene I,Helicanus,"We have stretch'd thus far, let us beseech you",2084
Act V,Scene I,Helicanus,"That for our gold we may provision have,",2085
Act V,Scene I,Helicanus,"Wherein we are not destitute for want,",2086
Act V,Scene I,Helicanus,But weary for the staleness.,2087
Act V,Scene I,Lysimachus,"O, sir, a courtesy",2088
Act V,Scene I,Lysimachus,"Which if we should deny, the most just gods",2089
Act V,Scene I,Lysimachus,"For every graff would send a caterpillar,",2090
Act V,Scene I,Lysimachus,And so afflict our province. Yet once more,2091
Act V,Scene I,Lysimachus,Let me entreat to know at large the cause,2092
Act V,Scene I,Lysimachus,Of your king's sorrow.,2093
Act V,Scene I,Helicanus,"Sit, sir, I will recount it to you:",2094
Act V,Scene I,Helicanus,"But, see, I am prevented.",2095
Act V,Scene I,[stage direction],"Re-enter, from the barge, Lord, with MARINA, and a young Lady",NA
Act V,Scene I,Lysimachus,"O, here is",2096
Act V,Scene I,Lysimachus,"The lady that I sent for. Welcome, fair one!",2097
Act V,Scene I,Lysimachus,Is't not a goodly presence?,2098
Act V,Scene I,Helicanus,She's a gallant lady.,2099
Act V,Scene I,Lysimachus,"She's such a one, that, were I well assured",2100
Act V,Scene I,Lysimachus,"Came of a gentle kind and noble stock,",2101
Act V,Scene I,Lysimachus,"I'ld wish no better choice, and think me rarely wed.",2102
Act V,Scene I,Lysimachus,"Fair one, all goodness that consists in bounty",2103
Act V,Scene I,Lysimachus,"Expect even here, where is a kingly patient:",2104
Act V,Scene I,Lysimachus,If that thy prosperous and artificial feat,2105
Act V,Scene I,Lysimachus,"Can draw him but to answer thee in aught,",2106
Act V,Scene I,Lysimachus,Thy sacred physic shall receive such pay,2107
Act V,Scene I,Lysimachus,As thy desires can wish.,2108
Act V,Scene I,Marina,"Sir, I will use",2109
Act V,Scene I,Marina,"My utmost skill in his recovery, Provided",2110
Act V,Scene I,Marina,That none but I and my companion maid,2111
Act V,Scene I,Marina,Be suffer'd to come near him.,2112
Act V,Scene I,Lysimachus,"Come, let us leave her;",2113
Act V,Scene I,Lysimachus,And the gods make her prosperous!,2114
Act V,Scene I,[stage direction],MARINA sings,NA
Act V,Scene I,Lysimachus,Mark'd he your music?,2115
Act V,Scene I,Marina,"No, nor look'd on us.",2116
Act V,Scene I,Lysimachus,"See, she will speak to him.",2117
Act V,Scene I,Marina,"Hail, sir! my lord, lend ear.",2118
Act V,Scene I,Pericles,"Hum, ha!",2119
Act V,Scene I,Marina,"I am a maid,",2120
Act V,Scene I,Marina,"My lord, that ne'er before invited eyes,",2121
Act V,Scene I,Marina,"But have been gazed on like a comet: she speaks,",2122
Act V,Scene I,Marina,"My lord, that, may be, hath endured a grief",2123
Act V,Scene I,Marina,"Might equal yours, if both were justly weigh'd.",2124
Act V,Scene I,Marina,"Though wayward fortune did malign my state,",2125
Act V,Scene I,Marina,My derivation was from ancestors,2126
Act V,Scene I,Marina,Who stood equivalent with mighty kings:,2127
Act V,Scene I,Marina,"But time hath rooted out my parentage,",2128
Act V,Scene I,Marina,And to the world and awkward casualties,2129
Act V,Scene I,Marina,Bound me in servitude.,2130
Act V,Scene I,[stage direction],Aside,NA
Act V,Scene I,Marina,I will desist;,2131
Act V,Scene I,Marina,"But there is something glows upon my cheek,",2132
Act V,Scene I,Marina,"And whispers in mine ear, 'Go not till he speak.'",2133
Act V,Scene I,Pericles,My fortunes--parentage--good parentage--,2134
Act V,Scene I,Pericles,To equal mine!--was it not thus? what say you?,2135
Act V,Scene I,Marina,"I said, my lord, if you did know my parentage,",2136
Act V,Scene I,Marina,You would not do me violence.,2137
Act V,Scene I,Pericles,"I do think so. Pray you, turn your eyes upon me.",2138
Act V,Scene I,Pericles,You are like something that--What country-woman?,2139
Act V,Scene I,Pericles,Here of these shores?,2140
Act V,Scene I,Marina,"No, nor of any shores:",2141
Act V,Scene I,Marina,"Yet I was mortally brought forth, and am",2142
Act V,Scene I,Marina,No other than I appear.,2143
Act V,Scene I,Pericles,"I am great with woe, and shall deliver weeping.",2144
Act V,Scene I,Pericles,"My dearest wife was like this maid, and such a one",2145
Act V,Scene I,Pericles,My daughter might have been: my queen's square brows;,2146
Act V,Scene I,Pericles,Her stature to an inch; as wand-like straight;,2147
Act V,Scene I,Pericles,As silver-voiced; her eyes as jewel-like,2148
Act V,Scene I,Pericles,And cased as richly; in pace another Juno;,2149
Act V,Scene I,Pericles,"Who starves the ears she feeds, and makes them hungry,",2150
Act V,Scene I,Pericles,The more she gives them speech. Where do you live?,2151
Act V,Scene I,Marina,Where I am but a stranger: from the deck,2152
Act V,Scene I,Marina,You may discern the place.,2153
Act V,Scene I,Pericles,Where were you bred?,2154
Act V,Scene I,Pericles,"And how achieved you these endowments, which",2155
Act V,Scene I,Pericles,You make more rich to owe?,2156
Act V,Scene I,Marina,"If I should tell my history, it would seem",2157
Act V,Scene I,Marina,Like lies disdain'd in the reporting.,2158
Act V,Scene I,Pericles,"Prithee, speak:",2159
Act V,Scene I,Pericles,Falseness cannot come from thee; for thou look'st,2160
Act V,Scene I,Pericles,"Modest as Justice, and thou seem'st a palace",2161
Act V,Scene I,Pericles,For the crown'd Truth to dwell in: I will,2162
Act V,Scene I,Pericles,"believe thee,",2163
Act V,Scene I,Pericles,And make my senses credit thy relation,2164
Act V,Scene I,Pericles,To points that seem impossible; for thou look'st,2165
Act V,Scene I,Pericles,Like one I loved indeed. What were thy friends?,2166
Act V,Scene I,Pericles,"Didst thou not say, when I did push thee back--",2167
Act V,Scene I,Pericles,Which was when I perceived thee--that thou camest,2168
Act V,Scene I,Pericles,From good descending?,2169
Act V,Scene I,Marina,So indeed I did.,2170
Act V,Scene I,Pericles,Report thy parentage. I think thou said'st,2171
Act V,Scene I,Pericles,"Thou hadst been toss'd from wrong to injury,",2172
Act V,Scene I,Pericles,"And that thou thought'st thy griefs might equal mine,",2173
Act V,Scene I,Pericles,If both were open'd.,2174
Act V,Scene I,Marina,Some such thing,2175
Act V,Scene I,Marina,"I said, and said no more but what my thoughts",2176
Act V,Scene I,Marina,Did warrant me was likely.,2177
Act V,Scene I,Pericles,Tell thy story;,2178
Act V,Scene I,Pericles,If thine consider'd prove the thousandth part,2179
Act V,Scene I,Pericles,"Of my endurance, thou art a man, and I",2180
Act V,Scene I,Pericles,Have suffer'd like a girl: yet thou dost look,2181
Act V,Scene I,Pericles,"Like Patience gazing on kings' graves, and smiling",2182
Act V,Scene I,Pericles,Extremity out of act. What were thy friends?,2183
Act V,Scene I,Pericles,"How lost thou them? Thy name, my most kind virgin?",2184
Act V,Scene I,Pericles,"Recount, I do beseech thee: come, sit by me.",2185
Act V,Scene I,Marina,My name is Marina.,2186
Act V,Scene I,Pericles,"O, I am mock'd,",2187
Act V,Scene I,Pericles,And thou by some incensed god sent hither,2188
Act V,Scene I,Pericles,To make the world to laugh at me.,2189
Act V,Scene I,Marina,"Patience, good sir,",2190
Act V,Scene I,Marina,Or here I'll cease.,2191
Act V,Scene I,Pericles,"Nay, I'll be patient.",2192
Act V,Scene I,Pericles,"Thou little know'st how thou dost startle me,",2193
Act V,Scene I,Pericles,To call thyself Marina.,2194
Act V,Scene I,Marina,The name,2195
Act V,Scene I,Marina,"Was given me by one that had some power,",2196
Act V,Scene I,Marina,"My father, and a king.",2197
Act V,Scene I,Pericles,How! a king's daughter?,2198
Act V,Scene I,Pericles,And call'd Marina?,2199
Act V,Scene I,Marina,You said you would believe me;,2200
Act V,Scene I,Marina,"But, not to be a troubler of your peace,",2201
Act V,Scene I,Marina,I will end here.,2202
Act V,Scene I,Pericles,But are you flesh and blood?,2203
Act V,Scene I,Pericles,Have you a working pulse? and are no fairy?,2204
Act V,Scene I,Pericles,Motion! Well; speak on. Where were you born?,2205
Act V,Scene I,Pericles,And wherefore call'd Marina?,2206
Act V,Scene I,Marina,Call'd Marina,2207
Act V,Scene I,Marina,For I was born at sea.,2208
Act V,Scene I,Pericles,At sea! what mother?,2209
Act V,Scene I,Marina,My mother was the daughter of a king;,2210
Act V,Scene I,Marina,"Who died the minute I was born,",2211
Act V,Scene I,Marina,As my good nurse Lychorida hath oft,2212
Act V,Scene I,Marina,Deliver'd weeping.,2213
Act V,Scene I,Pericles,"O, stop there a little!",2214
Act V,Scene I,[stage direction],Aside,NA
Act V,Scene I,Pericles,This is the rarest dream that e'er dull sleep,2215
Act V,Scene I,Pericles,Did mock sad fools withal: this cannot be:,2216
Act V,Scene I,Pericles,My daughter's buried. Well: where were you bred?,2217
Act V,Scene I,Pericles,"I'll hear you more, to the bottom of your story,",2218
Act V,Scene I,Pericles,And never interrupt you.,2219
Act V,Scene I,Marina,"You scorn: believe me, 'twere best I did give o'er.",2220
Act V,Scene I,Pericles,I will believe you by the syllable,2221
Act V,Scene I,Pericles,"Of what you shall deliver. Yet, give me leave:",2222
Act V,Scene I,Pericles,How came you in these parts? where were you bred?,2223
Act V,Scene I,Marina,The king my father did in Tarsus leave me;,2224
Act V,Scene I,Marina,"Till cruel Cleon, with his wicked wife,",2225
Act V,Scene I,Marina,Did seek to murder me: and having woo'd,2226
Act V,Scene I,Marina,"A villain to attempt it, who having drawn to do't,",2227
Act V,Scene I,Marina,A crew of pirates came and rescued me;,2228
Act V,Scene I,Marina,"Brought me to Mytilene. But, good sir,",2229
Act V,Scene I,Marina,Whither will you have me? Why do you weep?,2230
Act V,Scene I,Marina,"It may be,",2231
Act V,Scene I,Marina,"You think me an impostor: no, good faith;",2232
Act V,Scene I,Marina,"I am the daughter to King Pericles,",2233
Act V,Scene I,Marina,If good King Pericles be.,2234
Act V,Scene I,Pericles,"Ho, Helicanus!",2235
Act V,Scene I,Helicanus,Calls my lord?,2236
Act V,Scene I,Pericles,"Thou art a grave and noble counsellor,",2237
Act V,Scene I,Pericles,"Most wise in general: tell me, if thou canst,",2238
Act V,Scene I,Pericles,"What this maid is, or what is like to be,",2239
Act V,Scene I,Pericles,That thus hath made me weep?,2240
Act V,Scene I,Helicanus,I know not; but,2241
Act V,Scene I,Helicanus,"Here is the regent, sir, of Mytilene",2242
Act V,Scene I,Helicanus,Speaks nobly of her.,2243
Act V,Scene I,Lysimachus,She would never tell,2244
Act V,Scene I,Lysimachus,"Her parentage; being demanded that,",2245
Act V,Scene I,Lysimachus,She would sit still and weep.,2246
Act V,Scene I,Pericles,"O Helicanus, strike me, honour'd sir;",2247
Act V,Scene I,Pericles,"Give me a gash, put me to present pain;",2248
Act V,Scene I,Pericles,Lest this great sea of joys rushing upon me,2249
Act V,Scene I,Pericles,"O'erbear the shores of my mortality,",2250
Act V,Scene I,Pericles,"And drown me with their sweetness. O, come hither,",2251
Act V,Scene I,Pericles,Thou that beget'st him that did thee beget;,2252
Act V,Scene I,Pericles,"Thou that wast born at sea, buried at Tarsus,",2253
Act V,Scene I,Pericles,"And found at sea again! O Helicanus,",2254
Act V,Scene I,Pericles,"Down on thy knees, thank the holy gods as loud",2255
Act V,Scene I,Pericles,As thunder threatens us: this is Marina.,2256
Act V,Scene I,Pericles,"What was thy mother's name? tell me but that,",2257
Act V,Scene I,Pericles,"For truth can never be confirm'd enough,",2258
Act V,Scene I,Pericles,Though doubts did ever sleep.,2259
Act V,Scene I,Marina,"First, sir, I pray,",2260
Act V,Scene I,Marina,What is your title?,2261
Act V,Scene I,Pericles,I am Pericles of Tyre: but tell me now,2262
Act V,Scene I,Pericles,"My drown'd queen's name, as in the rest you said",2263
Act V,Scene I,Pericles,"Thou hast been godlike perfect,",2264
Act V,Scene I,Pericles,The heir of kingdoms and another like,2265
Act V,Scene I,Pericles,To Pericles thy father.,2266
Act V,Scene I,Marina,Is it no more to be your daughter than,2267
Act V,Scene I,Marina,To say my mother's name was Thaisa?,2268
Act V,Scene I,Marina,"Thaisa was my mother, who did end",2269
Act V,Scene I,Marina,The minute I began.,2270
Act V,Scene I,Pericles,"Now, blessing on thee! rise; thou art my child.",2271
Act V,Scene I,Pericles,"Give me fresh garments. Mine own, Helicanus;",2272
Act V,Scene I,Pericles,"She is not dead at Tarsus, as she should have been,",2273
Act V,Scene I,Pericles,By savage Cleon: she shall tell thee all;,2274
Act V,Scene I,Pericles,"When thou shalt kneel, and justify in knowledge",2275
Act V,Scene I,Pericles,She is thy very princess. Who is this?,2276
Act V,Scene I,Helicanus,"Sir, 'tis the governor of Mytilene,",2277
Act V,Scene I,Helicanus,"Who, hearing of your melancholy state,",2278
Act V,Scene I,Helicanus,Did come to see you.,2279
Act V,Scene I,Pericles,I embrace you.,2280
Act V,Scene I,Pericles,Give me my robes. I am wild in my beholding.,2281
Act V,Scene I,Pericles,"O heavens bless my girl! But, hark, what music?",2282
Act V,Scene I,Pericles,"Tell Helicanus, my Marina, tell him",2283
Act V,Scene I,Pericles,"O'er, point by point, for yet he seems to doubt,",2284
Act V,Scene I,Pericles,"How sure you are my daughter. But, what music?",2285
Act V,Scene I,Helicanus,"My lord, I hear none.",2286
Act V,Scene I,Pericles,None!,2287
Act V,Scene I,Pericles,"The music of the spheres! List, my Marina.",2288
Act V,Scene I,Lysimachus,It is not good to cross him; give him way.,2289
Act V,Scene I,Pericles,Rarest sounds! Do ye not hear?,2290
Act V,Scene I,Lysimachus,"My lord, I hear.",2291
Act V,Scene I,[stage direction],Music,NA
Act V,Scene I,Pericles,Most heavenly music!,2292
Act V,Scene I,Pericles,"It nips me unto listening, and thick slumber",2293
Act V,Scene I,Pericles,Hangs upon mine eyes: let me rest.,2294
Act V,Scene I,[stage direction],Sleeps,NA
Act V,Scene I,Lysimachus,A pillow for his head:,2295
Act V,Scene I,Lysimachus,"So, leave him all. Well, my companion friends,",2296
Act V,Scene I,Lysimachus,"If this but answer to my just belief,",2297
Act V,Scene I,Lysimachus,I'll well remember you.,2298
Act V,Scene I,[stage direction],Exeunt all but PERICLES,NA
Act V,Scene I,[stage direction],DIANA appears to PERICLES as in a vision,NA
Act V,Scene I,Diana,"My temple stands in Ephesus: hie thee thither,",2299
Act V,Scene I,Diana,And do upon mine altar sacrifice.,2300
Act V,Scene I,Diana,"There, when my maiden priests are met together,",2301
Act V,Scene I,Diana,"Before the people all,",2302
Act V,Scene I,Diana,Reveal how thou at sea didst lose thy wife:,2303
Act V,Scene I,Diana,"To mourn thy crosses, with thy daughter's, call",2304
Act V,Scene I,Diana,And give them repetition to the life.,2305
Act V,Scene I,Diana,"Or perform my bidding, or thou livest in woe;",2306
Act V,Scene I,Diana,"Do it, and happy; by my silver bow!",2307
Act V,Scene I,Diana,"Awake, and tell thy dream.",2308
Act V,Scene I,[stage direction],Disappears,NA
Act V,Scene I,Pericles,"Celestial Dian, goddess argentine,",2309
Act V,Scene I,Pericles,I will obey thee. Helicanus!,2310
Act V,Scene I,[stage direction],"Re-enter HELICANUS, LYSIMACHUS, and MARINA",NA
Act V,Scene I,Helicanus,Sir?,2311
Act V,Scene I,Pericles,"My purpose was for Tarsus, there to strike",2312
Act V,Scene I,Pericles,The inhospitable Cleon; but I am,2313
Act V,Scene I,Pericles,For other service first: toward Ephesus,2314
Act V,Scene I,Pericles,Turn our blown sails; eftsoons I'll tell thee why.,2315
Act V,Scene I,[stage direction],To LYSIMACHUS,NA
Act V,Scene I,Pericles,"Shall we refresh us, sir, upon your shore,",2316
Act V,Scene I,Pericles,And give you gold for such provision,2317
Act V,Scene I,Pericles,As our intents will need?,2318
Act V,Scene I,Lysimachus,"Sir,",2319
Act V,Scene I,Lysimachus,"With all my heart; and, when you come ashore,",2320
Act V,Scene I,Lysimachus,I have another suit.,2321
Act V,Scene I,Pericles,"You shall prevail,",2322
Act V,Scene I,Pericles,Were it to woo my daughter; for it seems,2323
Act V,Scene I,Pericles,You have been noble towards her.,2324
Act V,Scene I,Lysimachus,"Sir, lend me your arm.",2325
Act V,Scene I,Pericles,"Come, my Marina.",2326
Act V,Scene I,[stage direction],Exeunt,NA
Act V,Scene I,[stage direction],"Enter GOWER, before the temple of DIANA at Ephesus",NA
Act V,Scene I,Gower,Now our sands are almost run;,2327
Act V,Scene I,Gower,"More a little, and then dumb.",2328
Act V,Scene I,Gower,"This, my last boon, give me,",2329
Act V,Scene I,Gower,"For such kindness must relieve me,",2330
Act V,Scene I,Gower,That you aptly will suppose,2331
Act V,Scene I,Gower,"What pageantry, what feats, what shows,",2332
Act V,Scene I,Gower,"What minstrelsy, and pretty din,",2333
Act V,Scene I,Gower,The regent made in Mytilene,2334
Act V,Scene I,Gower,"To greet the king. So he thrived,",2335
Act V,Scene I,Gower,That he is promised to be wived,2336
Act V,Scene I,Gower,To fair Marina; but in no wise,2337
Act V,Scene I,Gower,"Till he had done his sacrifice,",2338
Act V,Scene I,Gower,"As Dian bade: whereto being bound,",2339
Act V,Scene I,Gower,"The interim, pray you, all confound.",2340
Act V,Scene I,Gower,"In feather'd briefness sails are fill'd,",2341
Act V,Scene I,Gower,And wishes fall out as they're will'd.,2342
Act V,Scene I,Gower,"At Ephesus, the temple see,",2343
Act V,Scene I,Gower,Our king and all his company.,2344
Act V,Scene I,Gower,"That he can hither come so soon,",2345
Act V,Scene I,Gower,Is by your fancy's thankful doom.,2346
Act V,Scene I,[stage direction],Exit,NA
Act V,Scene III,Gower,"near the altar, as high priestess; a number of",2347
Act V,Scene III,Gower,Virgins on each side; CERIMON and other Inhabitants,2348
Act V,Scene III,Gower,of Ephesus attending.,2349
Act V,Scene III,[stage direction],"Enter PERICLES, with his train; LYSIMACHUS, HELICANUS, MARINA, and a Lady",NA
Act V,Scene III,Pericles,"Hail, Dian! to perform thy just command,",2350
Act V,Scene III,Pericles,I here confess myself the king of Tyre;,2351
Act V,Scene III,Pericles,"Who, frighted from my country, did wed",2352
Act V,Scene III,Pericles,At Pentapolis the fair Thaisa.,2353
Act V,Scene III,Pericles,"At sea in childbed died she, but brought forth",2354
Act V,Scene III,Pericles,"A maid-child call'd Marina; who, O goddess,",2355
Act V,Scene III,Pericles,Wears yet thy silver livery. She at Tarsus,2356
Act V,Scene III,Pericles,Was nursed with Cleon; who at fourteen years,2357
Act V,Scene III,Pericles,He sought to murder: but her better stars,2358
Act V,Scene III,Pericles,Brought her to Mytilene; 'gainst whose shore,2359
Act V,Scene III,Pericles,"Riding, her fortunes brought the maid aboard us,",2360
Act V,Scene III,Pericles,"Where, by her own most clear remembrance, she",2361
Act V,Scene III,Pericles,Made known herself my daughter.,2362
Act V,Scene III,Thaisa,Voice and favour!,2363
Act V,Scene III,Thaisa,"You are, you are--O royal Pericles!",2364
Act V,Scene III,[stage direction],Faints,NA
Act V,Scene III,Pericles,"What means the nun? she dies! help, gentlemen!",2365
Act V,Scene III,Cerimon,"Noble sir,",2366
Act V,Scene III,Cerimon,"If you have told Diana's altar true,",2367
Act V,Scene III,Cerimon,This is your wife.,2368
Act V,Scene III,Pericles,"Reverend appearer, no;",2369
Act V,Scene III,Pericles,I threw her overboard with these very arms.,2370
Act V,Scene III,Cerimon,"Upon this coast, I warrant you.",2371
Act V,Scene III,Pericles,'Tis most certain.,2372
Act V,Scene III,Cerimon,"Look to the lady; O, she's but o'erjoy'd.",2373
Act V,Scene III,Cerimon,Early in blustering morn this lady was,2374
Act V,Scene III,Cerimon,"Thrown upon this shore. I oped the coffin,",2375
Act V,Scene III,Cerimon,"Found there rich jewels; recover'd her, and placed her",2376
Act V,Scene III,Cerimon,Here in Diana's temple.,2377
Act V,Scene III,Pericles,May we see them?,2378
Act V,Scene III,Cerimon,"Great sir, they shall be brought you to my house,",2379
Act V,Scene III,Cerimon,"Whither I invite you. Look, Thaisa is recovered.",2380
Act V,Scene III,Thaisa,"O, let me look!",2381
Act V,Scene III,Thaisa,"If he be none of mine, my sanctity",2382
Act V,Scene III,Thaisa,"Will to my sense bend no licentious ear,",2383
Act V,Scene III,Thaisa,"But curb it, spite of seeing. O, my lord,",2384
Act V,Scene III,Thaisa,"Are you not Pericles? Like him you spake,",2385
Act V,Scene III,Thaisa,"Like him you are: did you not name a tempest,",2386
Act V,Scene III,Thaisa,"A birth, and death?",2387
Act V,Scene III,Pericles,The voice of dead Thaisa!,2388
Act V,Scene III,Thaisa,"That Thaisa am I, supposed dead",2389
Act V,Scene III,Thaisa,And drown'd.,2390
Act V,Scene III,Pericles,Immortal Dian!,2391
Act V,Scene III,Thaisa,Now I know you better.,2392
Act V,Scene III,Thaisa,"When we with tears parted Pentapolis,",2393
Act V,Scene III,Thaisa,The king my father gave you such a ring.,2394
Act V,Scene III,[stage direction],Shows a ring,NA
Act V,Scene III,Pericles,"This, this: no more, you gods! your present kindness",2395
Act V,Scene III,Pericles,"Makes my past miseries sports: you shall do well,",2396
Act V,Scene III,Pericles,That on the touching of her lips I may,2397
Act V,Scene III,Pericles,"Melt and no more be seen. O, come, be buried",2398
Act V,Scene III,Pericles,A second time within these arms.,2399
Act V,Scene III,Marina,My heart,2400
Act V,Scene III,Marina,Leaps to be gone into my mother's bosom.,2401
Act V,Scene III,[stage direction],Kneels to THAISA,NA
Act V,Scene III,Pericles,"Look, who kneels here! Flesh of thy flesh, Thaisa;",2402
Act V,Scene III,Pericles,"Thy burden at the sea, and call'd Marina",2403
Act V,Scene III,Pericles,For she was yielded there.,2404
Act V,Scene III,Thaisa,"Blest, and mine own!",2405
Act V,Scene III,Helicanus,"Hail, madam, and my queen!",2406
Act V,Scene III,Thaisa,I know you not.,2407
Act V,Scene III,Pericles,"You have heard me say, when I did fly from Tyre,",2408
Act V,Scene III,Pericles,I left behind an ancient substitute:,2409
Act V,Scene III,Pericles,Can you remember what I call'd the man?,2410
Act V,Scene III,Pericles,I have named him oft.,2411
Act V,Scene III,Thaisa,'Twas Helicanus then.,2412
Act V,Scene III,Pericles,Still confirmation:,2413
Act V,Scene III,Pericles,"Embrace him, dear Thaisa; this is he.",2414
Act V,Scene III,Pericles,Now do I long to hear how you were found;,2415
Act V,Scene III,Pericles,"How possibly preserved; and who to thank,",2416
Act V,Scene III,Pericles,"Besides the gods, for this great miracle.",2417
Act V,Scene III,Thaisa,"Lord Cerimon, my lord; this man,",2418
Act V,Scene III,Thaisa,Through whom the gods have shown their power; that can,2419
Act V,Scene III,Thaisa,From first to last resolve you.,2420
Act V,Scene III,Pericles,"Reverend sir,",2421
Act V,Scene III,Pericles,The gods can have no mortal officer,2422
Act V,Scene III,Pericles,More like a god than you. Will you deliver,2423
Act V,Scene III,Pericles,How this dead queen re-lives?,2424
Act V,Scene III,Cerimon,"I will, my lord.",2425
Act V,Scene III,Cerimon,"Beseech you, first go with me to my house,",2426
Act V,Scene III,Cerimon,Where shall be shown you all was found with her;,2427
Act V,Scene III,Cerimon,How she came placed here in the temple;,2428
Act V,Scene III,Cerimon,No needful thing omitted.,2429
Act V,Scene III,Pericles,"Pure Dian, bless thee for thy vision! I",2430
Act V,Scene III,Pericles,"Will offer night-oblations to thee. Thaisa,",2431
Act V,Scene III,Pericles,"This prince, the fair-betrothed of your daughter,",2432
Act V,Scene III,Pericles,"Shall marry her at Pentapolis. And now,",2433
Act V,Scene III,Pericles,This ornament,2434
Act V,Scene III,Pericles,Makes me look dismal will I clip to form;,2435
Act V,Scene III,Pericles,"And what this fourteen years no razor touch'd,",2436
Act V,Scene III,Pericles,"To grace thy marriage-day, I'll beautify.",2437
Act V,Scene III,Thaisa,"Lord Cerimon hath letters of good credit, sir,",2438
Act V,Scene III,Thaisa,My father's dead.,2439
Act V,Scene III,Pericles,"Heavens make a star of him! Yet there, my queen,",2440
Act V,Scene III,Pericles,"We'll celebrate their nuptials, and ourselves",2441
Act V,Scene III,Pericles,Will in that kingdom spend our following days:,2442
Act V,Scene III,Pericles,Our son and daughter shall in Tyrus reign.,2443
Act V,Scene III,Pericles,"Lord Cerimon, we do our longing stay",2444
Act V,Scene III,Pericles,"To hear the rest untold: sir, lead's the way.",2445
Act V,Scene III,[stage direction],Exeunt,NA
Act V,Scene III,[stage direction],Enter GOWER,NA
Act V,Scene III,Gower,In Antiochus and his daughter you have heard,2446
Act V,Scene III,Gower,Of monstrous lust the due and just reward:,2447
Act V,Scene III,Gower,"In Pericles, his queen and daughter, seen,",2448
Act V,Scene III,Gower,"Although assail'd with fortune fierce and keen,",2449
Act V,Scene III,Gower,"Virtue preserved from fell destruction's blast,",2450
Act V,Scene III,Gower,"Led on by heaven, and crown'd with joy at last:",2451
Act V,Scene III,Gower,In Helicanus may you well descry,2452
Act V,Scene III,Gower,"A figure of truth, of faith, of loyalty:",2453
Act V,Scene III,Gower,In reverend Cerimon there well appears,2454
Act V,Scene III,Gower,The worth that learned charity aye wears:,2455
Act V,Scene III,Gower,"For wicked Cleon and his wife, when fame",2456
Act V,Scene III,Gower,"Had spread their cursed deed, and honour'd name",2457
Act V,Scene III,Gower,"Of Pericles, to rage the city turn,",2458
Act V,Scene III,Gower,That him and his they in his palace burn;,2459
Act V,Scene III,Gower,The gods for murder seemed so content,2460
Act V,Scene III,Gower,"To punish them; although not done, but meant.",2461
Act V,Scene III,Gower,"So, on your patience evermore attending,",2462
Act V,Scene III,Gower,New joy wait on you! Here our play has ending.,2463
Act V,Scene III,[stage direction],Exit,NA
