act,scene,character,dialogue,line_number
Act I,Scene I,[stage direction],"Enter GLOUCESTER, solus",NA
Act I,Scene I,Gloucester,Now is the winter of our discontent,1
Act I,Scene I,Gloucester,Made glorious summer by this sun of York;,2
Act I,Scene I,Gloucester,And all the clouds that lour'd upon our house,3
Act I,Scene I,Gloucester,In the deep bosom of the ocean buried.,4
Act I,Scene I,Gloucester,Now are our brows bound with victorious wreaths;,5
Act I,Scene I,Gloucester,Our bruised arms hung up for monuments;,6
Act I,Scene I,Gloucester,"Our stern alarums changed to merry meetings,",7
Act I,Scene I,Gloucester,Our dreadful marches to delightful measures.,8
Act I,Scene I,Gloucester,Grim-visaged war hath smooth'd his wrinkled front;,9
Act I,Scene I,Gloucester,"And now, instead of mounting barbed steeds",10
Act I,Scene I,Gloucester,"To fright the souls of fearful adversaries,",11
Act I,Scene I,Gloucester,He capers nimbly in a lady's chamber,12
Act I,Scene I,Gloucester,To the lascivious pleasing of a lute.,13
Act I,Scene I,Gloucester,"But I, that am not shaped for sportive tricks,",14
Act I,Scene I,Gloucester,Nor made to court an amorous looking-glass;,15
Act I,Scene I,Gloucester,"I, that am rudely stamp'd, and want love's majesty",16
Act I,Scene I,Gloucester,To strut before a wanton ambling nymph;,17
Act I,Scene I,Gloucester,"I, that am curtail'd of this fair proportion,",18
Act I,Scene I,Gloucester,"Cheated of feature by dissembling nature,",19
Act I,Scene I,Gloucester,"Deformed, unfinish'd, sent before my time",20
Act I,Scene I,Gloucester,"Into this breathing world, scarce half made up,",21
Act I,Scene I,Gloucester,And that so lamely and unfashionable,22
Act I,Scene I,Gloucester,That dogs bark at me as I halt by them;,23
Act I,Scene I,Gloucester,"Why, I, in this weak piping time of peace,",24
Act I,Scene I,Gloucester,"Have no delight to pass away the time,",25
Act I,Scene I,Gloucester,Unless to spy my shadow in the sun,26
Act I,Scene I,Gloucester,And descant on mine own deformity:,27
Act I,Scene I,Gloucester,"And therefore, since I cannot prove a lover,",28
Act I,Scene I,Gloucester,"To entertain these fair well-spoken days,",29
Act I,Scene I,Gloucester,I am determined to prove a villain,30
Act I,Scene I,Gloucester,And hate the idle pleasures of these days.,31
Act I,Scene I,Gloucester,"Plots have I laid, inductions dangerous,",32
Act I,Scene I,Gloucester,"By drunken prophecies, libels and dreams,",33
Act I,Scene I,Gloucester,To set my brother Clarence and the king,34
Act I,Scene I,Gloucester,In deadly hate the one against the other:,35
Act I,Scene I,Gloucester,And if King Edward be as true and just,36
Act I,Scene I,Gloucester,"As I am subtle, false and treacherous,",37
Act I,Scene I,Gloucester,"This day should Clarence closely be mew'd up,",38
Act I,Scene I,Gloucester,"About a prophecy, which says that 'G'",39
Act I,Scene I,Gloucester,Of Edward's heirs the murderer shall be.,40
Act I,Scene I,Gloucester,"Dive, thoughts, down to my soul: here",41
Act I,Scene I,Gloucester,Clarence comes.,42
Act I,Scene I,[stage direction],"Enter CLARENCE, guarded, and BRAKENBURY",NA
Act I,Scene I,Gloucester,"Brother, good day; what means this armed guard",43
Act I,Scene I,Gloucester,That waits upon your grace?,44
Act I,Scene I,Clarence,His majesty,45
Act I,Scene I,Clarence,"Tendering my person's safety, hath appointed",46
Act I,Scene I,Clarence,This conduct to convey me to the Tower.,47
Act I,Scene I,Gloucester,Upon what cause?,48
Act I,Scene I,Clarence,Because my name is George.,49
Act I,Scene I,Gloucester,"Alack, my lord, that fault is none of yours;",50
Act I,Scene I,Gloucester,"He should, for that, commit your godfathers:",51
Act I,Scene I,Gloucester,"O, belike his majesty hath some intent",52
Act I,Scene I,Gloucester,That you shall be new-christen'd in the Tower.,53
Act I,Scene I,Gloucester,"But what's the matter, Clarence?  may I know?",54
Act I,Scene I,Clarence,"Yea, Richard, when I know; for I protest",55
Act I,Scene I,Clarence,"As yet I do not: but, as I can learn,",56
Act I,Scene I,Clarence,He hearkens after prophecies and dreams;,57
Act I,Scene I,Clarence,And from the cross-row plucks the letter G.,58
Act I,Scene I,Clarence,And says a wizard told him that by G,59
Act I,Scene I,Clarence,His issue disinherited should be;,60
Act I,Scene I,Clarence,"And, for my name of George begins with G,",61
Act I,Scene I,Clarence,It follows in his thought that I am he.,62
Act I,Scene I,Clarence,"These, as I learn, and such like toys as these",63
Act I,Scene I,Clarence,Have moved his highness to commit me now.,64
Act I,Scene I,Gloucester,"Why, this it is, when men are ruled by women:",65
Act I,Scene I,Gloucester,'Tis not the king that sends you to the Tower:,66
Act I,Scene I,Gloucester,"My Lady Grey his wife, Clarence, 'tis she",67
Act I,Scene I,Gloucester,That tempers him to this extremity.,68
Act I,Scene I,Gloucester,"Was it not she and that good man of worship,",69
Act I,Scene I,Gloucester,"Anthony Woodville, her brother there,",70
Act I,Scene I,Gloucester,"That made him send Lord Hastings to the Tower,",71
Act I,Scene I,Gloucester,From whence this present day he is deliver'd?,72
Act I,Scene I,Gloucester,"We are not safe, Clarence; we are not safe.",73
Act I,Scene I,Clarence,"By heaven, I think there's no man is secure",74
Act I,Scene I,Clarence,But the queen's kindred and night-walking heralds,75
Act I,Scene I,Clarence,That trudge betwixt the king and Mistress Shore.,76
Act I,Scene I,Clarence,Heard ye not what an humble suppliant,77
Act I,Scene I,Clarence,Lord hastings was to her for his delivery?,78
Act I,Scene I,Gloucester,Humbly complaining to her deity,79
Act I,Scene I,Gloucester,Got my lord chamberlain his liberty.,80
Act I,Scene I,Gloucester,"I'll tell you what; I think it is our way,",81
Act I,Scene I,Gloucester,"If we will keep in favour with the king,",82
Act I,Scene I,Gloucester,To be her men and wear her livery:,83
Act I,Scene I,Gloucester,"The jealous o'erworn widow and herself,",84
Act I,Scene I,Gloucester,Since that our brother dubb'd them gentlewomen.,85
Act I,Scene I,Gloucester,Are mighty gossips in this monarchy.,86
Act I,Scene I,Brakenbury,I beseech your graces both to pardon me;,87
Act I,Scene I,Brakenbury,His majesty hath straitly given in charge,88
Act I,Scene I,Brakenbury,"That no man shall have private conference,",89
Act I,Scene I,Brakenbury,"Of what degree soever, with his brother.",90
Act I,Scene I,Gloucester,"Even so; an't please your worship, Brakenbury,",91
Act I,Scene I,Gloucester,You may partake of any thing we say:,92
Act I,Scene I,Gloucester,"We speak no treason, man: we say the king",93
Act I,Scene I,Gloucester,"Is wise and virtuous, and his noble queen",94
Act I,Scene I,Gloucester,"Well struck in years, fair, and not jealous;",95
Act I,Scene I,Gloucester,"We say that Shore's wife hath a pretty foot,",96
Act I,Scene I,Gloucester,"A cherry lip, a bonny eye, a passing pleasing tongue;",97
Act I,Scene I,Gloucester,And that the queen's kindred are made gentle-folks:,98
Act I,Scene I,Gloucester,How say you sir? Can you deny all this?,99
Act I,Scene I,Brakenbury,"With this, my lord, myself have nought to do.",100
Act I,Scene I,Gloucester,"Naught to do with mistress Shore! I tell thee, fellow,",101
Act I,Scene I,Gloucester,"He that doth naught with her, excepting one,",102
Act I,Scene I,Gloucester,"Were best he do it secretly, alone.",103
Act I,Scene I,Brakenbury,"What one, my lord?",104
Act I,Scene I,Gloucester,"Her husband, knave: wouldst thou betray me?",105
Act I,Scene I,Brakenbury,"I beseech your grace to pardon me, and withal",106
Act I,Scene I,Brakenbury,Forbear your conference with the noble duke.,107
Act I,Scene I,Clarence,"We know thy charge, Brakenbury, and will obey.",108
Act I,Scene I,Gloucester,"We are the queen's abjects, and must obey.",109
Act I,Scene I,Gloucester,"Brother, farewell: I will unto the king;",110
Act I,Scene I,Gloucester,"And whatsoever you will employ me in,",111
Act I,Scene I,Gloucester,"Were it to call King Edward's widow sister,",112
Act I,Scene I,Gloucester,I will perform it to enfranchise you.,113
Act I,Scene I,Gloucester,"Meantime, this deep disgrace in brotherhood",114
Act I,Scene I,Gloucester,Touches me deeper than you can imagine.,115
Act I,Scene I,Clarence,I know it pleaseth neither of us well.,116
Act I,Scene I,Gloucester,"Well, your imprisonment shall not be long;",117
Act I,Scene I,Gloucester,"Meantime, have patience.",118
Act I,Scene I,Clarence,I must perforce. Farewell.,119
Act I,Scene I,[stage direction],"Exeunt CLARENCE, BRAKENBURY, and Guard",NA
Act I,Scene I,Gloucester,"Go, tread the path that thou shalt ne'er return.",120
Act I,Scene I,Gloucester,"Simple, plain Clarence! I do love thee so,",121
Act I,Scene I,Gloucester,"That I will shortly send thy soul to heaven,",122
Act I,Scene I,Gloucester,If heaven will take the present at our hands.,123
Act I,Scene I,Gloucester,But who comes here? the new-deliver'd Hastings?,124
Act I,Scene I,[stage direction],Enter HASTINGS,NA
Act I,Scene I,Hastings,Good time of day unto my gracious lord!,125
Act I,Scene I,Gloucester,As much unto my good lord chamberlain!,126
Act I,Scene I,Gloucester,Well are you welcome to the open air.,127
Act I,Scene I,Gloucester,How hath your lordship brook'd imprisonment?,128
Act I,Scene I,Hastings,"With patience, noble lord, as prisoners must:",129
Act I,Scene I,Hastings,"But I shall live, my lord, to give them thanks",130
Act I,Scene I,Hastings,That were the cause of my imprisonment.,131
Act I,Scene I,Gloucester,"No doubt, no doubt; and so shall Clarence too;",132
Act I,Scene I,Gloucester,"For they that were your enemies are his,",133
Act I,Scene I,Gloucester,And have prevail'd as much on him as you.,134
Act I,Scene I,Hastings,"More pity that the eagle should be mew'd,",135
Act I,Scene I,Hastings,While kites and buzzards prey at liberty.,136
Act I,Scene I,Gloucester,What news abroad?,137
Act I,Scene I,Hastings,No news so bad abroad as this at home;,138
Act I,Scene I,Hastings,"The King is sickly, weak and melancholy,",139
Act I,Scene I,Hastings,And his physicians fear him mightily.,140
Act I,Scene I,Gloucester,"Now, by Saint Paul, this news is bad indeed.",141
Act I,Scene I,Gloucester,"O, he hath kept an evil diet long,",142
Act I,Scene I,Gloucester,And overmuch consumed his royal person:,143
Act I,Scene I,Gloucester,'Tis very grievous to be thought upon.,144
Act I,Scene I,Gloucester,"What, is he in his bed?",145
Act I,Scene I,Hastings,He is.,146
Act I,Scene I,Gloucester,"Go you before, and I will follow you.",147
Act I,Scene I,[stage direction],Exit HASTINGS,NA
Act I,Scene I,Gloucester,"He cannot live, I hope; and must not die",148
Act I,Scene I,Gloucester,Till George be pack'd with post-horse up to heaven.,149
Act I,Scene I,Gloucester,"I'll in, to urge his hatred more to Clarence,",150
Act I,Scene I,Gloucester,With lies well steel'd with weighty arguments;,151
Act I,Scene I,Gloucester,"And, if I fall not in my deep intent,",152
Act I,Scene I,Gloucester,Clarence hath not another day to live:,153
Act I,Scene I,Gloucester,"Which done, God take King Edward to his mercy,",154
Act I,Scene I,Gloucester,And leave the world for me to bustle in!,155
Act I,Scene I,Gloucester,For then I'll marry Warwick's youngest daughter.,156
Act I,Scene I,Gloucester,What though I kill'd her husband and her father?,157
Act I,Scene I,Gloucester,The readiest way to make the wench amends,158
Act I,Scene I,Gloucester,Is to become her husband and her father:,159
Act I,Scene I,Gloucester,The which will I; not all so much for love,160
Act I,Scene I,Gloucester,"As for another secret close intent,",161
Act I,Scene I,Gloucester,By marrying her which I must reach unto.,162
Act I,Scene I,Gloucester,But yet I run before my horse to market:,163
Act I,Scene I,Gloucester,Clarence still breathes; Edward still lives and reigns:,164
Act I,Scene I,Gloucester,"When they are gone, then must I count my gains.",165
Act I,Scene I,[stage direction],Exit,NA
Act I,Scene II,[stage direction],"Enter the corpse of KING HENRY the Sixth, Gentlemen with halberds to guard it; LADY ANNE being the mourner",NA
Act I,Scene II,Lady Anne,"Set down, set down your honourable load,",166
Act I,Scene II,Lady Anne,"If honour may be shrouded in a hearse,",167
Act I,Scene II,Lady Anne,Whilst I awhile obsequiously lament,168
Act I,Scene II,Lady Anne,The untimely fall of virtuous Lancaster.,169
Act I,Scene II,Lady Anne,Poor key-cold figure of a holy king!,170
Act I,Scene II,Lady Anne,Pale ashes of the house of Lancaster!,171
Act I,Scene II,Lady Anne,Thou bloodless remnant of that royal blood!,172
Act I,Scene II,Lady Anne,"Be it lawful that I invocate thy ghost,",173
Act I,Scene II,Lady Anne,"To hear the lamentations of Poor Anne,",174
Act I,Scene II,Lady Anne,"Wife to thy Edward, to thy slaughter'd son,",175
Act I,Scene II,Lady Anne,Stabb'd by the selfsame hand that made these wounds!,176
Act I,Scene II,Lady Anne,"Lo, in these windows that let forth thy life,",177
Act I,Scene II,Lady Anne,I pour the helpless balm of my poor eyes.,178
Act I,Scene II,Lady Anne,Cursed be the hand that made these fatal holes!,179
Act I,Scene II,Lady Anne,Cursed be the heart that had the heart to do it!,180
Act I,Scene II,Lady Anne,Cursed the blood that let this blood from hence!,181
Act I,Scene II,Lady Anne,"More direful hap betide that hated wretch,",182
Act I,Scene II,Lady Anne,"That makes us wretched by the death of thee,",183
Act I,Scene II,Lady Anne,"Than I can wish to adders, spiders, toads,",184
Act I,Scene II,Lady Anne,Or any creeping venom'd thing that lives!,185
Act I,Scene II,Lady Anne,"If ever he have child, abortive be it,",186
Act I,Scene II,Lady Anne,"Prodigious, and untimely brought to light,",187
Act I,Scene II,Lady Anne,Whose ugly and unnatural aspect,188
Act I,Scene II,Lady Anne,May fright the hopeful mother at the view;,189
Act I,Scene II,Lady Anne,And that be heir to his unhappiness!,190
Act I,Scene II,Lady Anne,"If ever he have wife, let her he made",191
Act I,Scene II,Lady Anne,A miserable by the death of him,192
Act I,Scene II,Lady Anne,As I am made by my poor lord and thee!,193
Act I,Scene II,Lady Anne,"Come, now towards Chertsey with your holy load,",194
Act I,Scene II,Lady Anne,Taken from Paul's to be interred there;,195
Act I,Scene II,Lady Anne,"And still, as you are weary of the weight,",196
Act I,Scene II,Lady Anne,"Rest you, whiles I lament King Henry's corse.",197
Act I,Scene II,[stage direction],Enter GLOUCESTER,NA
Act I,Scene II,Gloucester,"Stay, you that bear the corse, and set it down.",198
Act I,Scene II,Lady Anne,"What black magician conjures up this fiend,",199
Act I,Scene II,Lady Anne,To stop devoted charitable deeds?,200
Act I,Scene II,Gloucester,"Villains, set down the corse; or, by Saint Paul,",201
Act I,Scene II,Gloucester,I'll make a corse of him that disobeys.,202
Act I,Scene II,Gentleman,"My lord, stand back, and let the coffin pass.",203
Act I,Scene II,Gloucester,"Unmanner'd dog! stand thou, when I command:",204
Act I,Scene II,Gloucester,"Advance thy halbert higher than my breast,",205
Act I,Scene II,Gloucester,"Or, by Saint Paul, I'll strike thee to my foot,",206
Act I,Scene II,Gloucester,"And spurn upon thee, beggar, for thy boldness.",207
Act I,Scene II,Lady Anne,"What, do you tremble? are you all afraid?",208
Act I,Scene II,Lady Anne,"Alas, I blame you not; for you are mortal,",209
Act I,Scene II,Lady Anne,And mortal eyes cannot endure the devil.,210
Act I,Scene II,Lady Anne,"Avaunt, thou dreadful minister of hell!",211
Act I,Scene II,Lady Anne,"Thou hadst but power over his mortal body,",212
Act I,Scene II,Lady Anne,His soul thou canst not have; therefore be gone.,213
Act I,Scene II,Gloucester,"Sweet saint, for charity, be not so curst.",214
Act I,Scene II,Lady Anne,"Foul devil, for God's sake, hence, and trouble us not;",215
Act I,Scene II,Lady Anne,"For thou hast made the happy earth thy hell,",216
Act I,Scene II,Lady Anne,Fill'd it with cursing cries and deep exclaims.,217
Act I,Scene II,Lady Anne,"If thou delight to view thy heinous deeds,",218
Act I,Scene II,Lady Anne,Behold this pattern of thy butcheries.,219
Act I,Scene II,Lady Anne,"O, gentlemen, see, see! dead Henry's wounds",220
Act I,Scene II,Lady Anne,Open their congeal'd mouths and bleed afresh!,221
Act I,Scene II,Lady Anne,"Blush, Blush, thou lump of foul deformity;",222
Act I,Scene II,Lady Anne,For 'tis thy presence that exhales this blood,223
Act I,Scene II,Lady Anne,"From cold and empty veins, where no blood dwells;",224
Act I,Scene II,Lady Anne,"Thy deed, inhuman and unnatural,",225
Act I,Scene II,Lady Anne,Provokes this deluge most unnatural.,226
Act I,Scene II,Lady Anne,"O God, which this blood madest, revenge his death!",227
Act I,Scene II,Lady Anne,"O earth, which this blood drink'st revenge his death!",228
Act I,Scene II,Lady Anne,Either heaven with lightning strike the,229
Act I,Scene II,Lady Anne,"murderer dead,",230
Act I,Scene II,Lady Anne,"Or earth, gape open wide and eat him quick,",231
Act I,Scene II,Lady Anne,As thou dost swallow up this good king's blood,232
Act I,Scene II,Lady Anne,Which his hell-govern'd arm hath butchered!,233
Act I,Scene II,Gloucester,"Lady, you know no rules of charity,",234
Act I,Scene II,Gloucester,"Which renders good for bad, blessings for curses.",235
Act I,Scene II,Lady Anne,"Villain, thou know'st no law of God nor man:",236
Act I,Scene II,Lady Anne,No beast so fierce but knows some touch of pity.,237
Act I,Scene II,Gloucester,"But I know none, and therefore am no beast.",238
Act I,Scene II,Lady Anne,"O wonderful, when devils tell the truth!",239
Act I,Scene II,Gloucester,"More wonderful, when angels are so angry.",240
Act I,Scene II,Gloucester,"Vouchsafe, divine perfection of a woman,",241
Act I,Scene II,Gloucester,"Of these supposed-evils, to give me leave,",242
Act I,Scene II,Gloucester,"By circumstance, but to acquit myself.",243
Act I,Scene II,Lady Anne,"Vouchsafe, defused infection of a man,",244
Act I,Scene II,Lady Anne,"For these known evils, but to give me leave,",245
Act I,Scene II,Lady Anne,"By circumstance, to curse thy cursed self.",246
Act I,Scene II,Gloucester,"Fairer than tongue can name thee, let me have",247
Act I,Scene II,Gloucester,Some patient leisure to excuse myself.,248
Act I,Scene II,Lady Anne,"Fouler than heart can think thee, thou canst make",249
Act I,Scene II,Lady Anne,"No excuse current, but to hang thyself.",250
Act I,Scene II,Gloucester,"By such despair, I should accuse myself.",251
Act I,Scene II,Lady Anne,"And, by despairing, shouldst thou stand excused;",252
Act I,Scene II,Lady Anne,"For doing worthy vengeance on thyself,",253
Act I,Scene II,Lady Anne,Which didst unworthy slaughter upon others.,254
Act I,Scene II,Gloucester,Say that I slew them not?,255
Act I,Scene II,Lady Anne,"Why, then they are not dead:",256
Act I,Scene II,Lady Anne,"But dead they are, and devilish slave, by thee.",257
Act I,Scene II,Gloucester,I did not kill your husband.,258
Act I,Scene II,Lady Anne,"Why, then he is alive.",259
Act I,Scene II,Gloucester,"Nay, he is dead; and slain by Edward's hand.",260
Act I,Scene II,Lady Anne,In thy foul throat thou liest: Queen Margaret saw,261
Act I,Scene II,Lady Anne,Thy murderous falchion smoking in his blood;,262
Act I,Scene II,Lady Anne,"The which thou once didst bend against her breast,",263
Act I,Scene II,Lady Anne,But that thy brothers beat aside the point.,264
Act I,Scene II,Gloucester,"I was provoked by her slanderous tongue,",265
Act I,Scene II,Gloucester,which laid their guilt upon my guiltless shoulders.,266
Act I,Scene II,Lady Anne,Thou wast provoked by thy bloody mind.,267
Act I,Scene II,Lady Anne,Which never dreamt on aught but butcheries:,268
Act I,Scene II,Lady Anne,Didst thou not kill this king?,269
Act I,Scene II,Gloucester,I grant ye.,270
Act I,Scene II,Lady Anne,"Dost grant me, hedgehog? then, God grant me too",271
Act I,Scene II,Lady Anne,Thou mayst be damned for that wicked deed!,272
Act I,Scene II,Lady Anne,"O, he was gentle, mild, and virtuous!",273
Act I,Scene II,Gloucester,"The fitter for the King of heaven, that hath him.",274
Act I,Scene II,Lady Anne,"He is in heaven, where thou shalt never come.",275
Act I,Scene II,Gloucester,"Let him thank me, that holp to send him thither;",276
Act I,Scene II,Gloucester,For he was fitter for that place than earth.,277
Act I,Scene II,Lady Anne,And thou unfit for any place but hell.,278
Act I,Scene II,Gloucester,"Yes, one place else, if you will hear me name it.",279
Act I,Scene II,Lady Anne,Some dungeon.,280
Act I,Scene II,Gloucester,Your bed-chamber.,281
Act I,Scene II,Lady Anne,Ill rest betide the chamber where thou liest!,282
Act I,Scene II,Gloucester,"So will it, madam till I lie with you.",283
Act I,Scene II,Lady Anne,I hope so.,284
Act I,Scene II,Gloucester,"I know so. But, gentle Lady Anne,",285
Act I,Scene II,Gloucester,"To leave this keen encounter of our wits,",286
Act I,Scene II,Gloucester,"And fall somewhat into a slower method,",287
Act I,Scene II,Gloucester,Is not the causer of the timeless deaths,288
Act I,Scene II,Gloucester,"Of these Plantagenets, Henry and Edward,",289
Act I,Scene II,Gloucester,As blameful as the executioner?,290
Act I,Scene II,Lady Anne,"Thou art the cause, and most accursed effect.",291
Act I,Scene II,Gloucester,Your beauty was the cause of that effect;,292
Act I,Scene II,Gloucester,Your beauty: which did haunt me in my sleep,293
Act I,Scene II,Gloucester,"To undertake the death of all the world,",294
Act I,Scene II,Gloucester,So I might live one hour in your sweet bosom.,295
Act I,Scene II,Lady Anne,"If I thought that, I tell thee, homicide,",296
Act I,Scene II,Lady Anne,These nails should rend that beauty from my cheeks.,297
Act I,Scene II,Gloucester,These eyes could never endure sweet beauty's wreck;,298
Act I,Scene II,Gloucester,"You should not blemish it, if I stood by:",299
Act I,Scene II,Gloucester,"As all the world is cheered by the sun,",300
Act I,Scene II,Gloucester,"So I by that; it is my day, my life.",301
Act I,Scene II,Lady Anne,"Black night o'ershade thy day, and death thy life!",302
Act I,Scene II,Gloucester,"Curse not thyself, fair creature thou art both.",303
Act I,Scene II,Lady Anne,"I would I were, to be revenged on thee.",304
Act I,Scene II,Gloucester,"It is a quarrel most unnatural,",305
Act I,Scene II,Gloucester,To be revenged on him that loveth you.,306
Act I,Scene II,Lady Anne,"It is a quarrel just and reasonable,",307
Act I,Scene II,Lady Anne,To be revenged on him that slew my husband.,308
Act I,Scene II,Gloucester,"He that bereft thee, lady, of thy husband,",309
Act I,Scene II,Gloucester,Did it to help thee to a better husband.,310
Act I,Scene II,Lady Anne,His better doth not breathe upon the earth.,311
Act I,Scene II,Gloucester,He lives that loves thee better than he could.,312
Act I,Scene II,Lady Anne,Name him.,313
Act I,Scene II,Gloucester,Plantagenet.,314
Act I,Scene II,Lady Anne,"Why, that was he.",315
Act I,Scene II,Gloucester,"The selfsame name, but one of better nature.",316
Act I,Scene II,Lady Anne,Where is he?,317
Act I,Scene II,Gloucester,Here.,318
Act I,Scene II,[stage direction],She spitteth at him,NA
Act I,Scene II,Gloucester,Why dost thou spit at me?,319
Act I,Scene II,Lady Anne,"Would it were mortal poison, for thy sake!",320
Act I,Scene II,Gloucester,Never came poison from so sweet a place.,321
Act I,Scene II,Lady Anne,Never hung poison on a fouler toad.,322
Act I,Scene II,Lady Anne,Out of my sight! thou dost infect my eyes.,323
Act I,Scene II,Gloucester,"Thine eyes, sweet lady, have infected mine.",324
Act I,Scene II,Lady Anne,"Would they were basilisks, to strike thee dead!",325
Act I,Scene II,Gloucester,"I would they were, that I might die at once;",326
Act I,Scene II,Gloucester,For now they kill me with a living death.,327
Act I,Scene II,Gloucester,"Those eyes of thine from mine have drawn salt tears,",328
Act I,Scene II,Gloucester,Shamed their aspect with store of childish drops:,329
Act I,Scene II,Gloucester,"These eyes that never shed remorseful tear,",330
Act I,Scene II,Gloucester,"No, when my father York and Edward wept,",331
Act I,Scene II,Gloucester,To hear the piteous moan that Rutland made,332
Act I,Scene II,Gloucester,When black-faced Clifford shook his sword at him;,333
Act I,Scene II,Gloucester,"Nor when thy warlike father, like a child,",334
Act I,Scene II,Gloucester,"Told the sad story of my father's death,",335
Act I,Scene II,Gloucester,"And twenty times made pause to sob and weep,",336
Act I,Scene II,Gloucester,That all the standers-by had wet their cheeks,337
Act I,Scene II,Gloucester,Like trees bedash'd with rain: in that sad time,338
Act I,Scene II,Gloucester,My manly eyes did scorn an humble tear;,339
Act I,Scene II,Gloucester,"And what these sorrows could not thence exhale,",340
Act I,Scene II,Gloucester,"Thy beauty hath, and made them blind with weeping.",341
Act I,Scene II,Gloucester,I never sued to friend nor enemy;,342
Act I,Scene II,Gloucester,My tongue could never learn sweet smoothing word;,343
Act I,Scene II,Gloucester,"But now thy beauty is proposed my fee,",344
Act I,Scene II,Gloucester,"My proud heart sues, and prompts my tongue to speak.",345
Act I,Scene II,[stage direction],She looks scornfully at him,NA
Act I,Scene II,Gloucester,"Teach not thy lips such scorn, for they were made",346
Act I,Scene II,Gloucester,"For kissing, lady, not for such contempt.",347
Act I,Scene II,Gloucester,"If thy revengeful heart cannot forgive,",348
Act I,Scene II,Gloucester,"Lo, here I lend thee this sharp-pointed sword;",349
Act I,Scene II,Gloucester,Which if thou please to hide in this true bosom.,350
Act I,Scene II,Gloucester,"And let the soul forth that adoreth thee,",351
Act I,Scene II,Gloucester,"I lay it naked to the deadly stroke,",352
Act I,Scene II,Gloucester,And humbly beg the death upon my knee.,353
Act I,Scene II,[stage direction],He lays his breast open: she offers at it with his sword,NA
Act I,Scene II,Gloucester,"Nay, do not pause; for I did kill King Henry,",354
Act I,Scene II,Gloucester,But 'twas thy beauty that provoked me.,355
Act I,Scene II,Gloucester,"Nay, now dispatch; 'twas I that stabb'd young Edward,",356
Act I,Scene II,Gloucester,But 'twas thy heavenly face that set me on.,357
Act I,Scene II,[stage direction],Here she lets fall the sword,NA
Act I,Scene II,Gloucester,"Take up the sword again, or take up me.",358
Act I,Scene II,Lady Anne,"Arise, dissembler: though I wish thy death,",359
Act I,Scene II,Lady Anne,I will not be the executioner.,360
Act I,Scene II,Gloucester,"Then bid me kill myself, and I will do it.",361
Act I,Scene II,Lady Anne,I have already.,362
Act I,Scene II,Gloucester,"Tush, that was in thy rage:",363
Act I,Scene II,Gloucester,"Speak it again, and, even with the word,",364
Act I,Scene II,Gloucester,"That hand, which, for thy love, did kill thy love,",365
Act I,Scene II,Gloucester,"Shall, for thy love, kill a far truer love;",366
Act I,Scene II,Gloucester,To both their deaths thou shalt be accessary.,367
Act I,Scene II,Lady Anne,I would I knew thy heart.,368
Act I,Scene II,Gloucester,'Tis figured in my tongue.,369
Act I,Scene II,Lady Anne,I fear me both are false.,370
Act I,Scene II,Gloucester,Then never man was true.,371
Act I,Scene II,Lady Anne,"Well, well, put up your sword.",372
Act I,Scene II,Gloucester,"Say, then, my peace is made.",373
Act I,Scene II,Lady Anne,That shall you know hereafter.,374
Act I,Scene II,Gloucester,But shall I live in hope?,375
Act I,Scene II,Lady Anne,"All men, I hope, live so.",376
Act I,Scene II,Gloucester,Vouchsafe to wear this ring.,377
Act I,Scene II,Lady Anne,To take is not to give.,378
Act I,Scene II,Gloucester,"Look, how this ring encompasseth finger.",379
Act I,Scene II,Gloucester,Even so thy breast encloseth my poor heart;,380
Act I,Scene II,Gloucester,"Wear both of them, for both of them are thine.",381
Act I,Scene II,Gloucester,And if thy poor devoted suppliant may,382
Act I,Scene II,Gloucester,"But beg one favour at thy gracious hand,",383
Act I,Scene II,Gloucester,Thou dost confirm his happiness for ever.,384
Act I,Scene II,Lady Anne,What is it?,385
Act I,Scene II,Gloucester,That it would please thee leave these sad designs,386
Act I,Scene II,Gloucester,"To him that hath more cause to be a mourner,",387
Act I,Scene II,Gloucester,And presently repair to Crosby Place;,388
Act I,Scene II,Gloucester,"Where, after I have solemnly interr'd",389
Act I,Scene II,Gloucester,"At Chertsey monastery this noble king,",390
Act I,Scene II,Gloucester,"And wet his grave with my repentant tears,",391
Act I,Scene II,Gloucester,I will with all expedient duty see you:,392
Act I,Scene II,Gloucester,"For divers unknown reasons. I beseech you,",393
Act I,Scene II,Gloucester,Grant me this boon.,394
Act I,Scene II,Lady Anne,"With all my heart; and much it joys me too,",395
Act I,Scene II,Lady Anne,To see you are become so penitent.,396
Act I,Scene II,Lady Anne,"Tressel and Berkeley, go along with me.",397
Act I,Scene II,Gloucester,Bid me farewell.,398
Act I,Scene II,Lady Anne,'Tis more than you deserve;,399
Act I,Scene II,Lady Anne,"But since you teach me how to flatter you,",400
Act I,Scene II,Lady Anne,Imagine I have said farewell already.,401
Act I,Scene II,[stage direction],"Exeunt LADY ANNE, TRESSEL, and BERKELEY",NA
Act I,Scene II,Gloucester,"Sirs, take up the corse.",402
Act I,Scene II,Gentlemen,"Towards Chertsey, noble lord?",403
Act I,Scene II,Gloucester,"No, to White-Friars; there attend my coining.",404
Act I,Scene II,[stage direction],Exeunt all but GLOUCESTER,NA
Act I,Scene II,Gloucester,Was ever woman in this humour woo'd?,405
Act I,Scene II,Gloucester,Was ever woman in this humour won?,406
Act I,Scene II,Gloucester,I'll have her; but I will not keep her long.,407
Act I,Scene II,Gloucester,"What! I, that kill'd her husband and his father,",408
Act I,Scene II,Gloucester,"To take her in her heart's extremest hate,",409
Act I,Scene II,Gloucester,"With curses in her mouth, tears in her eyes,",410
Act I,Scene II,Gloucester,The bleeding witness of her hatred by;,411
Act I,Scene II,Gloucester,"Having God, her conscience, and these bars",412
Act I,Scene II,Gloucester,"against me,",413
Act I,Scene II,Gloucester,"And I nothing to back my suit at all,",414
Act I,Scene II,Gloucester,"But the plain devil and dissembling looks,",415
Act I,Scene II,Gloucester,"And yet to win her, all the world to nothing!",416
Act I,Scene II,Gloucester,Ha!,417
Act I,Scene II,Gloucester,"Hath she forgot already that brave prince,",418
Act I,Scene II,Gloucester,"Edward, her lord, whom I, some three months since,",419
Act I,Scene II,Gloucester,Stabb'd in my angry mood at Tewksbury?,420
Act I,Scene II,Gloucester,"A sweeter and a lovelier gentleman,",421
Act I,Scene II,Gloucester,"Framed in the prodigality of nature,",422
Act I,Scene II,Gloucester,"Young, valiant, wise, and, no doubt, right royal,",423
Act I,Scene II,Gloucester,The spacious world cannot again afford,424
Act I,Scene II,Gloucester,"And will she yet debase her eyes on me,",425
Act I,Scene II,Gloucester,"That cropp'd the golden prime of this sweet prince,",426
Act I,Scene II,Gloucester,And made her widow to a woful bed?,427
Act I,Scene II,Gloucester,"On me, whose all not equals Edward's moiety?",428
Act I,Scene II,Gloucester,"On me, that halt and am unshapen thus?",429
Act I,Scene II,Gloucester,"My dukedom to a beggarly denier,",430
Act I,Scene II,Gloucester,I do mistake my person all this while:,431
Act I,Scene II,Gloucester,"Upon my life, she finds, although I cannot,",432
Act I,Scene II,Gloucester,Myself to be a marvellous proper man.,433
Act I,Scene II,Gloucester,"I'll be at charges for a looking-glass,",434
Act I,Scene II,Gloucester,"And entertain some score or two of tailors,",435
Act I,Scene II,Gloucester,To study fashions to adorn my body:,436
Act I,Scene II,Gloucester,"Since I am crept in favour with myself,",437
Act I,Scene II,Gloucester,Will maintain it with some little cost.,438
Act I,Scene II,Gloucester,But first I'll turn yon fellow in his grave;,439
Act I,Scene II,Gloucester,And then return lamenting to my love.,440
Act I,Scene II,Gloucester,"Shine out, fair sun, till I have bought a glass,",441
Act I,Scene II,Gloucester,That I may see my shadow as I pass.,442
Act I,Scene II,[stage direction],Exit,NA
Act I,Scene III,[stage direction],"Enter QUEEN ELIZABETH, RIVERS, and GREY",NA
Act I,Scene III,Rivers,"Have patience, madam: there's no doubt his majesty",443
Act I,Scene III,Rivers,Will soon recover his accustom'd health.,444
Act I,Scene III,Grey,"In that you brook it in, it makes him worse:",445
Act I,Scene III,Grey,"Therefore, for God's sake, entertain good comfort,",446
Act I,Scene III,Grey,And cheer his grace with quick and merry words.,447
Act I,Scene III,Queen Elizabeth,"If he were dead, what would betide of me?",448
Act I,Scene III,Rivers,No other harm but loss of such a lord.,449
Act I,Scene III,Queen Elizabeth,The loss of such a lord includes all harm.,450
Act I,Scene III,Grey,"The heavens have bless'd you with a goodly son,",451
Act I,Scene III,Grey,To be your comforter when he is gone.,452
Act I,Scene III,Queen Elizabeth,"Oh, he is young and his minority",453
Act I,Scene III,Queen Elizabeth,"Is put unto the trust of Richard Gloucester,",454
Act I,Scene III,Queen Elizabeth,"A man that loves not me, nor none of you.",455
Act I,Scene III,Rivers,Is it concluded that he shall be protector?,456
Act I,Scene III,Queen Elizabeth,"It is determined, not concluded yet:",457
Act I,Scene III,Queen Elizabeth,"But so it must be, if the king miscarry.",458
Act I,Scene III,[stage direction],Enter BUCKINGHAM and DERBY,NA
Act I,Scene III,Grey,Here come the lords of Buckingham and Derby.,459
Act I,Scene III,Buckingham,Good time of day unto your royal grace!,460
Act I,Scene III,Derby,God make your majesty joyful as you have been!,461
Act I,Scene III,Queen Elizabeth,"The Countess Richmond, good my Lord of Derby.",462
Act I,Scene III,Queen Elizabeth,To your good prayers will scarcely say amen.,463
Act I,Scene III,Queen Elizabeth,"Yet, Derby, notwithstanding she's your wife,",464
Act I,Scene III,Queen Elizabeth,"And loves not me, be you, good lord, assured",465
Act I,Scene III,Queen Elizabeth,I hate not you for her proud arrogance.,466
Act I,Scene III,Derby,"I do beseech you, either not believe",467
Act I,Scene III,Derby,The envious slanders of her false accusers;,468
Act I,Scene III,Derby,"Or, if she be accused in true report,",469
Act I,Scene III,Derby,"Bear with her weakness, which, I think proceeds",470
Act I,Scene III,Derby,"From wayward sickness, and no grounded malice.",471
Act I,Scene III,Rivers,"Saw you the king to-day, my Lord of Derby?",472
Act I,Scene III,Derby,But now the Duke of Buckingham and I,473
Act I,Scene III,Derby,Are come from visiting his majesty.,474
Act I,Scene III,Queen Elizabeth,"What likelihood of his amendment, lords?",475
Act I,Scene III,Buckingham,"Madam, good hope; his grace speaks cheerfully.",476
Act I,Scene III,Queen Elizabeth,God grant him health! Did you confer with him?,477
Act I,Scene III,Buckingham,"Madam, we did: he desires to make atonement",478
Act I,Scene III,Buckingham,"Betwixt the Duke of Gloucester and your brothers,",479
Act I,Scene III,Buckingham,And betwixt them and my lord chamberlain;,480
Act I,Scene III,Buckingham,And sent to warn them to his royal presence.,481
Act I,Scene III,Queen Elizabeth,Would all were well! but that will never be,482
Act I,Scene III,Queen Elizabeth,I fear our happiness is at the highest.,483
Act I,Scene III,[stage direction],"Enter GLOUCESTER, HASTINGS, and DORSET",NA
Act I,Scene III,Gloucester,"They do me wrong, and I will not endure it:",484
Act I,Scene III,Gloucester,"Who are they that complain unto the king,",485
Act I,Scene III,Gloucester,"That I, forsooth, am stern, and love them not?",486
Act I,Scene III,Gloucester,"By holy Paul, they love his grace but lightly",487
Act I,Scene III,Gloucester,That fill his ears with such dissentious rumours.,488
Act I,Scene III,Gloucester,"Because I cannot flatter and speak fair,",489
Act I,Scene III,Gloucester,"Smile in men's faces, smooth, deceive and cog,",490
Act I,Scene III,Gloucester,"Duck with French nods and apish courtesy,",491
Act I,Scene III,Gloucester,I must be held a rancorous enemy.,492
Act I,Scene III,Gloucester,"Cannot a plain man live and think no harm,",493
Act I,Scene III,Gloucester,But thus his simple truth must be abused,494
Act I,Scene III,Gloucester,"By silken, sly, insinuating Jacks?",495
Act I,Scene III,Rivers,To whom in all this presence speaks your grace?,496
Act I,Scene III,Gloucester,"To thee, that hast nor honesty nor grace.",497
Act I,Scene III,Gloucester,When have I injured thee? when done thee wrong?,498
Act I,Scene III,Gloucester,Or thee? or thee? or any of your faction?,499
Act I,Scene III,Gloucester,"A plague upon you all! His royal person,--",500
Act I,Scene III,Gloucester,Whom God preserve better than you would wish!--,501
Act I,Scene III,Gloucester,"Cannot be quiet scarce a breathing-while,",502
Act I,Scene III,Gloucester,But you must trouble him with lewd complaints.,503
Act I,Scene III,Queen Elizabeth,"Brother of Gloucester, you mistake the matter.",504
Act I,Scene III,Queen Elizabeth,"The king, of his own royal disposition,",505
Act I,Scene III,Queen Elizabeth,And not provoked by any suitor else;,506
Act I,Scene III,Queen Elizabeth,"Aiming, belike, at your interior hatred,",507
Act I,Scene III,Queen Elizabeth,Which in your outward actions shows itself,508
Act I,Scene III,Queen Elizabeth,"Against my kindred, brothers, and myself,",509
Act I,Scene III,Queen Elizabeth,Makes him to send; that thereby he may gather,510
Act I,Scene III,Queen Elizabeth,"The ground of your ill-will, and so remove it.",511
Act I,Scene III,Gloucester,"I cannot tell: the world is grown so bad,",512
Act I,Scene III,Gloucester,That wrens make prey where eagles dare not perch:,513
Act I,Scene III,Gloucester,Since every Jack became a gentleman,514
Act I,Scene III,Gloucester,There's many a gentle person made a Jack.,515
Act I,Scene III,Queen Elizabeth,"Come, come, we know your meaning, brother",516
Act I,Scene III,Queen Elizabeth,Gloucester;,517
Act I,Scene III,Queen Elizabeth,You envy my advancement and my friends':,518
Act I,Scene III,Queen Elizabeth,God grant we never may have need of you!,519
Act I,Scene III,Gloucester,"Meantime, God grants that we have need of you:",520
Act I,Scene III,Gloucester,"Your brother is imprison'd by your means,",521
Act I,Scene III,Gloucester,"Myself disgraced, and the nobility",522
Act I,Scene III,Gloucester,Held in contempt; whilst many fair promotions,523
Act I,Scene III,Gloucester,Are daily given to ennoble those,524
Act I,Scene III,Gloucester,"That scarce, some two days since, were worth a noble.",525
Act I,Scene III,Queen Elizabeth,By Him that raised me to this careful height,526
Act I,Scene III,Queen Elizabeth,"From that contented hap which I enjoy'd,",527
Act I,Scene III,Queen Elizabeth,I never did incense his majesty,528
Act I,Scene III,Queen Elizabeth,"Against the Duke of Clarence, but have been",529
Act I,Scene III,Queen Elizabeth,An earnest advocate to plead for him.,530
Act I,Scene III,Queen Elizabeth,"My lord, you do me shameful injury,",531
Act I,Scene III,Queen Elizabeth,Falsely to draw me in these vile suspects.,532
Act I,Scene III,Gloucester,You may deny that you were not the cause,533
Act I,Scene III,Gloucester,Of my Lord Hastings' late imprisonment.,534
Act I,Scene III,Rivers,"She may, my lord, for--",535
Act I,Scene III,Gloucester,"She may, Lord Rivers! why, who knows not so?",536
Act I,Scene III,Gloucester,"She may do more, sir, than denying that:",537
Act I,Scene III,Gloucester,"She may help you to many fair preferments,",538
Act I,Scene III,Gloucester,"And then deny her aiding hand therein,",539
Act I,Scene III,Gloucester,And lay those honours on your high deserts.,540
Act I,Scene III,Gloucester,"What may she not? She may, yea, marry, may she--",541
Act I,Scene III,Rivers,"What, marry, may she?",542
Act I,Scene III,Gloucester,"What, marry, may she! marry with a king,",543
Act I,Scene III,Gloucester,"A bachelor, a handsome stripling too:",544
Act I,Scene III,Gloucester,I wis your grandam had a worser match.,545
Act I,Scene III,Queen Elizabeth,"My Lord of Gloucester, I have too long borne",546
Act I,Scene III,Queen Elizabeth,Your blunt upbraidings and your bitter scoffs:,547
Act I,Scene III,Queen Elizabeth,"By heaven, I will acquaint his majesty",548
Act I,Scene III,Queen Elizabeth,With those gross taunts I often have endured.,549
Act I,Scene III,Queen Elizabeth,I had rather be a country servant-maid,550
Act I,Scene III,Queen Elizabeth,"Than a great queen, with this condition,",551
Act I,Scene III,Queen Elizabeth,"To be thus taunted, scorn'd, and baited at:",552
Act I,Scene III,[stage direction],"Enter QUEEN MARGARET, behind",NA
Act I,Scene III,Queen Elizabeth,Small joy have I in being England's queen.,553
Act I,Scene III,Queen Margaret,"And lessen'd be that small, God, I beseech thee!",554
Act I,Scene III,Queen Margaret,"Thy honour, state and seat is due to me.",555
Act I,Scene III,Gloucester,What! threat you me with telling of the king?,556
Act I,Scene III,Gloucester,"Tell him, and spare not: look, what I have said",557
Act I,Scene III,Gloucester,I will avouch in presence of the king:,558
Act I,Scene III,Gloucester,I dare adventure to be sent to the Tower.,559
Act I,Scene III,Gloucester,'Tis time to speak; my pains are quite forgot.,560
Act I,Scene III,Queen Margaret,"Out, devil! I remember them too well:",561
Act I,Scene III,Queen Margaret,"Thou slewest my husband Henry in the Tower,",562
Act I,Scene III,Queen Margaret,"And Edward, my poor son, at Tewksbury.",563
Act I,Scene III,Gloucester,"Ere you were queen, yea, or your husband king,",564
Act I,Scene III,Gloucester,I was a pack-horse in his great affairs;,565
Act I,Scene III,Gloucester,"A weeder-out of his proud adversaries,",566
Act I,Scene III,Gloucester,A liberal rewarder of his friends:,567
Act I,Scene III,Gloucester,To royalize his blood I spilt mine own.,568
Act I,Scene III,Queen Margaret,"Yea, and much better blood than his or thine.",569
Act I,Scene III,Gloucester,In all which time you and your husband Grey,570
Act I,Scene III,Gloucester,Were factious for the house of Lancaster;,571
Act I,Scene III,Gloucester,"And, Rivers, so were you. Was not your husband",572
Act I,Scene III,Gloucester,In Margaret's battle at Saint Alban's slain?,573
Act I,Scene III,Gloucester,"Let me put in your minds, if you forget,",574
Act I,Scene III,Gloucester,"What you have been ere now, and what you are;",575
Act I,Scene III,Gloucester,"Withal, what I have been, and what I am.",576
Act I,Scene III,Queen Margaret,"A murderous villain, and so still thou art.",577
Act I,Scene III,Gloucester,"Poor Clarence did forsake his father, Warwick;",578
Act I,Scene III,Gloucester,"Yea, and forswore himself,--which Jesu pardon!--",579
Act I,Scene III,Queen Margaret,Which God revenge!,580
Act I,Scene III,Gloucester,To fight on Edward's party for the crown;,581
Act I,Scene III,Gloucester,"And for his meed, poor lord, he is mew'd up.",582
Act I,Scene III,Gloucester,"I would to God my heart were flint, like Edward's;",583
Act I,Scene III,Gloucester,"Or Edward's soft and pitiful, like mine",584
Act I,Scene III,Gloucester,I am too childish-foolish for this world.,585
Act I,Scene III,Queen Margaret,"Hie thee to hell for shame, and leave the world,",586
Act I,Scene III,Queen Margaret,Thou cacodemon! there thy kingdom is.,587
Act I,Scene III,Rivers,"My Lord of Gloucester, in those busy days",588
Act I,Scene III,Rivers,"Which here you urge to prove us enemies,",589
Act I,Scene III,Rivers,"We follow'd then our lord, our lawful king:",590
Act I,Scene III,Rivers,"So should we you, if you should be our king.",591
Act I,Scene III,Gloucester,If I should be! I had rather be a pedlar:,592
Act I,Scene III,Gloucester,"Far be it from my heart, the thought of it!",593
Act I,Scene III,Queen Elizabeth,"As little joy, my lord, as you suppose",594
Act I,Scene III,Queen Elizabeth,"You should enjoy, were you this country's king,",595
Act I,Scene III,Queen Elizabeth,As little joy may you suppose in me.,596
Act I,Scene III,Queen Elizabeth,"That I enjoy, being the queen thereof.",597
Act I,Scene III,Queen Margaret,A little joy enjoys the queen thereof;,598
Act I,Scene III,Queen Margaret,"For I am she, and altogether joyless.",599
Act I,Scene III,Queen Margaret,I can no longer hold me patient.,600
Act I,Scene III,[stage direction],Advancing,NA
Act I,Scene III,Queen Margaret,"Hear me, you wrangling pirates, that fall out",601
Act I,Scene III,Queen Margaret,In sharing that which you have pill'd from me!,602
Act I,Scene III,Queen Margaret,Which of you trembles not that looks on me?,603
Act I,Scene III,Queen Margaret,"If not, that, I being queen, you bow like subjects,",604
Act I,Scene III,Queen Margaret,"Yet that, by you deposed, you quake like rebels?",605
Act I,Scene III,Queen Margaret,"O gentle villain, do not turn away!",606
Act I,Scene III,Gloucester,"Foul wrinkled witch, what makest thou in my sight?",607
Act I,Scene III,Queen Margaret,But repetition of what thou hast marr'd;,608
Act I,Scene III,Queen Margaret,That will I make before I let thee go.,609
Act I,Scene III,Gloucester,Wert thou not banished on pain of death?,610
Act I,Scene III,Queen Margaret,I was; but I do find more pain in banishment,611
Act I,Scene III,Queen Margaret,Than death can yield me here by my abode.,612
Act I,Scene III,Queen Margaret,A husband and a son thou owest to me;,613
Act I,Scene III,Queen Margaret,And thou a kingdom; all of you allegiance:,614
Act I,Scene III,Queen Margaret,"The sorrow that I have, by right is yours,",615
Act I,Scene III,Queen Margaret,And all the pleasures you usurp are mine.,616
Act I,Scene III,Gloucester,"The curse my noble father laid on thee,",617
Act I,Scene III,Gloucester,When thou didst crown his warlike brows with paper,618
Act I,Scene III,Gloucester,"And with thy scorns drew'st rivers from his eyes,",619
Act I,Scene III,Gloucester,"And then, to dry them, gavest the duke a clout",620
Act I,Scene III,Gloucester,Steep'd in the faultless blood of pretty Rutland--,621
Act I,Scene III,Gloucester,"His curses, then from bitterness of soul",622
Act I,Scene III,Gloucester,"Denounced against thee, are all fall'n upon thee;",623
Act I,Scene III,Gloucester,"And God, not we, hath plagued thy bloody deed.",624
Act I,Scene III,Queen Elizabeth,"So just is God, to right the innocent.",625
Act I,Scene III,Hastings,"O, 'twas the foulest deed to slay that babe,",626
Act I,Scene III,Hastings,And the most merciless that e'er was heard of!,627
Act I,Scene III,Rivers,Tyrants themselves wept when it was reported.,628
Act I,Scene III,Dorset,No man but prophesied revenge for it.,629
Act I,Scene III,Buckingham,"Northumberland, then present, wept to see it.",630
Act I,Scene III,Queen Margaret,"What were you snarling all before I came,",631
Act I,Scene III,Queen Margaret,"Ready to catch each other by the throat,",632
Act I,Scene III,Queen Margaret,And turn you all your hatred now on me?,633
Act I,Scene III,Queen Margaret,Did York's dread curse prevail so much with heaven?,634
Act I,Scene III,Queen Margaret,"That Henry's death, my lovely Edward's death,",635
Act I,Scene III,Queen Margaret,"Their kingdom's loss, my woful banishment,",636
Act I,Scene III,Queen Margaret,Could all but answer for that peevish brat?,637
Act I,Scene III,Queen Margaret,Can curses pierce the clouds and enter heaven?,638
Act I,Scene III,Queen Margaret,"Why, then, give way, dull clouds, to my quick curses!",639
Act I,Scene III,Queen Margaret,"If not by war, by surfeit die your king,",640
Act I,Scene III,Queen Margaret,"As ours by murder, to make him a king!",641
Act I,Scene III,Queen Margaret,"Edward thy son, which now is Prince of Wales,",642
Act I,Scene III,Queen Margaret,"For Edward my son, which was Prince of Wales,",643
Act I,Scene III,Queen Margaret,Die in his youth by like untimely violence!,644
Act I,Scene III,Queen Margaret,"Thyself a queen, for me that was a queen,",645
Act I,Scene III,Queen Margaret,"Outlive thy glory, like my wretched self!",646
Act I,Scene III,Queen Margaret,Long mayst thou live to wail thy children's loss;,647
Act I,Scene III,Queen Margaret,"And see another, as I see thee now,",648
Act I,Scene III,Queen Margaret,"Deck'd in thy rights, as thou art stall'd in mine!",649
Act I,Scene III,Queen Margaret,Long die thy happy days before thy death;,650
Act I,Scene III,Queen Margaret,"And, after many lengthen'd hours of grief,",651
Act I,Scene III,Queen Margaret,"Die neither mother, wife, nor England's queen!",652
Act I,Scene III,Queen Margaret,"Rivers and Dorset, you were standers by,",653
Act I,Scene III,Queen Margaret,"And so wast thou, Lord Hastings, when my son",654
Act I,Scene III,Queen Margaret,"Was stabb'd with bloody daggers: God, I pray him,",655
Act I,Scene III,Queen Margaret,"That none of you may live your natural age,",656
Act I,Scene III,Queen Margaret,But by some unlook'd accident cut off!,657
Act I,Scene III,Gloucester,"Have done thy charm, thou hateful wither'd hag!",658
Act I,Scene III,Queen Margaret,"And leave out thee? stay, dog, for thou shalt hear me.",659
Act I,Scene III,Queen Margaret,If heaven have any grievous plague in store,660
Act I,Scene III,Queen Margaret,"Exceeding those that I can wish upon thee,",661
Act I,Scene III,Queen Margaret,"O, let them keep it till thy sins be ripe,",662
Act I,Scene III,Queen Margaret,And then hurl down their indignation,663
Act I,Scene III,Queen Margaret,"On thee, the troubler of the poor world's peace!",664
Act I,Scene III,Queen Margaret,The worm of conscience still begnaw thy soul!,665
Act I,Scene III,Queen Margaret,"Thy friends suspect for traitors while thou livest,",666
Act I,Scene III,Queen Margaret,And take deep traitors for thy dearest friends!,667
Act I,Scene III,Queen Margaret,"No sleep close up that deadly eye of thine,",668
Act I,Scene III,Queen Margaret,Unless it be whilst some tormenting dream,669
Act I,Scene III,Queen Margaret,Affrights thee with a hell of ugly devils!,670
Act I,Scene III,Queen Margaret,"Thou elvish-mark'd, abortive, rooting hog!",671
Act I,Scene III,Queen Margaret,Thou that wast seal'd in thy nativity,672
Act I,Scene III,Queen Margaret,The slave of nature and the son of hell!,673
Act I,Scene III,Queen Margaret,Thou slander of thy mother's heavy womb!,674
Act I,Scene III,Queen Margaret,Thou loathed issue of thy father's loins!,675
Act I,Scene III,Queen Margaret,Thou rag of honour! thou detested--,676
Act I,Scene III,Gloucester,Margaret.,677
Act I,Scene III,Queen Margaret,Richard!,678
Act I,Scene III,Gloucester,Ha!,679
Act I,Scene III,Queen Margaret,I call thee not.,680
Act I,Scene III,Gloucester,"I cry thee mercy then, for I had thought",681
Act I,Scene III,Gloucester,That thou hadst call'd me all these bitter names.,682
Act I,Scene III,Queen Margaret,"Why, so I did; but look'd for no reply.",683
Act I,Scene III,Queen Margaret,"O, let me make the period to my curse!",684
Act I,Scene III,Gloucester,"'Tis done by me, and ends in 'Margaret.'",685
Act I,Scene III,Queen Elizabeth,Thus have you breathed your curse against yourself.,686
Act I,Scene III,Queen Margaret,"Poor painted queen, vain flourish of my fortune!",687
Act I,Scene III,Queen Margaret,"Why strew'st thou sugar on that bottled spider,",688
Act I,Scene III,Queen Margaret,Whose deadly web ensnareth thee about?,689
Act I,Scene III,Queen Margaret,"Fool, fool! thou whet'st a knife to kill thyself.",690
Act I,Scene III,Queen Margaret,The time will come when thou shalt wish for me,691
Act I,Scene III,Queen Margaret,To help thee curse that poisonous bunchback'd toad.,692
Act I,Scene III,Hastings,"False-boding woman, end thy frantic curse,",693
Act I,Scene III,Hastings,Lest to thy harm thou move our patience.,694
Act I,Scene III,Queen Margaret,Foul shame upon you! you have all moved mine.,695
Act I,Scene III,Rivers,"Were you well served, you would be taught your duty.",696
Act I,Scene III,Queen Margaret,"To serve me well, you all should do me duty,",697
Act I,Scene III,Queen Margaret,"Teach me to be your queen, and you my subjects:",698
Act I,Scene III,Queen Margaret,"O, serve me well, and teach yourselves that duty!",699
Act I,Scene III,Dorset,Dispute not with her; she is lunatic.,700
Act I,Scene III,Queen Margaret,"Peace, master marquess, you are malapert:",701
Act I,Scene III,Queen Margaret,Your fire-new stamp of honour is scarce current.,702
Act I,Scene III,Queen Margaret,"O, that your young nobility could judge",703
Act I,Scene III,Queen Margaret,"What 'twere to lose it, and be miserable!",704
Act I,Scene III,Queen Margaret,They that stand high have many blasts to shake them;,705
Act I,Scene III,Queen Margaret,"And if they fall, they dash themselves to pieces.",706
Act I,Scene III,Gloucester,"Good counsel, marry: learn it, learn it, marquess.",707
Act I,Scene III,Dorset,"It toucheth you, my lord, as much as me.",708
Act I,Scene III,Gloucester,"Yea, and much more: but I was born so high,",709
Act I,Scene III,Gloucester,"Our aery buildeth in the cedar's top,",710
Act I,Scene III,Gloucester,And dallies with the wind and scorns the sun.,711
Act I,Scene III,Queen Margaret,And turns the sun to shade; alas! alas!,712
Act I,Scene III,Queen Margaret,"Witness my son, now in the shade of death;",713
Act I,Scene III,Queen Margaret,Whose bright out-shining beams thy cloudy wrath,714
Act I,Scene III,Queen Margaret,Hath in eternal darkness folded up.,715
Act I,Scene III,Queen Margaret,Your aery buildeth in our aery's nest.,716
Act I,Scene III,Queen Margaret,"O God, that seest it, do not suffer it!",717
Act I,Scene III,Queen Margaret,"As it was won with blood, lost be it so!",718
Act I,Scene III,Buckingham,"Have done! for shame, if not for charity.",719
Act I,Scene III,Queen Margaret,Urge neither charity nor shame to me:,720
Act I,Scene III,Queen Margaret,"Uncharitably with me have you dealt,",721
Act I,Scene III,Queen Margaret,And shamefully by you my hopes are butcher'd.,722
Act I,Scene III,Queen Margaret,"My charity is outrage, life my shame",723
Act I,Scene III,Queen Margaret,And in that shame still live my sorrow's rage.,724
Act I,Scene III,Buckingham,"Have done, have done.",725
Act I,Scene III,Queen Margaret,"O princely Buckingham I'll kiss thy hand,",726
Act I,Scene III,Queen Margaret,In sign of league and amity with thee:,727
Act I,Scene III,Queen Margaret,Now fair befal thee and thy noble house!,728
Act I,Scene III,Queen Margaret,"Thy garments are not spotted with our blood,",729
Act I,Scene III,Queen Margaret,Nor thou within the compass of my curse.,730
Act I,Scene III,Buckingham,Nor no one here; for curses never pass,731
Act I,Scene III,Buckingham,The lips of those that breathe them in the air.,732
Act I,Scene III,Queen Margaret,"I'll not believe but they ascend the sky,",733
Act I,Scene III,Queen Margaret,And there awake God's gentle-sleeping peace.,734
Act I,Scene III,Queen Margaret,"O Buckingham, take heed of yonder dog!",735
Act I,Scene III,Queen Margaret,"Look, when he fawns, he bites; and when he bites,",736
Act I,Scene III,Queen Margaret,His venom tooth will rankle to the death:,737
Act I,Scene III,Queen Margaret,"Have not to do with him, beware of him;",738
Act I,Scene III,Queen Margaret,"Sin, death, and hell have set their marks on him,",739
Act I,Scene III,Queen Margaret,And all their ministers attend on him.,740
Act I,Scene III,Gloucester,"What doth she say, my Lord of Buckingham?",741
Act I,Scene III,Buckingham,"Nothing that I respect, my gracious lord.",742
Act I,Scene III,Queen Margaret,"What, dost thou scorn me for my gentle counsel?",743
Act I,Scene III,Queen Margaret,And soothe the devil that I warn thee from?,744
Act I,Scene III,Queen Margaret,"O, but remember this another day,",745
Act I,Scene III,Queen Margaret,"When he shall split thy very heart with sorrow,",746
Act I,Scene III,Queen Margaret,And say poor Margaret was a prophetess!,747
Act I,Scene III,Queen Margaret,"Live each of you the subjects to his hate,",748
Act I,Scene III,Queen Margaret,"And he to yours, and all of you to God's!",749
Act I,Scene III,[stage direction],Exit,NA
Act I,Scene III,Hastings,My hair doth stand on end to hear her curses.,750
Act I,Scene III,Rivers,And so doth mine: I muse why she's at liberty.,751
Act I,Scene III,Gloucester,"I cannot blame her: by God's holy mother,",752
Act I,Scene III,Gloucester,She hath had too much wrong; and I repent,753
Act I,Scene III,Gloucester,My part thereof that I have done to her.,754
Act I,Scene III,Queen Elizabeth,"I never did her any, to my knowledge.",755
Act I,Scene III,Gloucester,But you have all the vantage of her wrong.,756
Act I,Scene III,Gloucester,"I was too hot to do somebody good,",757
Act I,Scene III,Gloucester,That is too cold in thinking of it now.,758
Act I,Scene III,Gloucester,"Marry, as for Clarence, he is well repaid,",759
Act I,Scene III,Gloucester,He is frank'd up to fatting for his pains,760
Act I,Scene III,Gloucester,God pardon them that are the cause of it!,761
Act I,Scene III,Rivers,"A virtuous and a Christian-like conclusion,",762
Act I,Scene III,Rivers,To pray for them that have done scathe to us.,763
Act I,Scene III,Gloucester,So do I ever:,764
Act I,Scene III,[stage direction],Aside,NA
Act I,Scene III,Gloucester,being well-advised.,765
Act I,Scene III,Gloucester,"For had I cursed now, I had cursed myself.",766
Act I,Scene III,[stage direction],Enter CATESBY,NA
Act I,Scene III,Catesby,"Madam, his majesty doth call for you,",767
Act I,Scene III,Catesby,"And for your grace; and you, my noble lords.",768
Act I,Scene III,Queen Elizabeth,"Catesby, we come. Lords, will you go with us?",769
Act I,Scene III,Rivers,"Madam, we will attend your grace.",770
Act I,Scene III,[stage direction],Exeunt all but GLOUCESTER,NA
Act I,Scene III,Gloucester,"I do the wrong, and first begin to brawl.",771
Act I,Scene III,Gloucester,The secret mischiefs that I set abroach,772
Act I,Scene III,Gloucester,I lay unto the grievous charge of others.,773
Act I,Scene III,Gloucester,"Clarence, whom I, indeed, have laid in darkness,",774
Act I,Scene III,Gloucester,I do beweep to many simple gulls,775
Act I,Scene III,Gloucester,"Namely, to Hastings, Derby, Buckingham;",776
Act I,Scene III,Gloucester,And say it is the queen and her allies,777
Act I,Scene III,Gloucester,That stir the king against the duke my brother.,778
Act I,Scene III,Gloucester,"Now, they believe it; and withal whet me",779
Act I,Scene III,Gloucester,"To be revenged on Rivers, Vaughan, Grey:",780
Act I,Scene III,Gloucester,"But then I sigh; and, with a piece of scripture,",781
Act I,Scene III,Gloucester,Tell them that God bids us do good for evil:,782
Act I,Scene III,Gloucester,And thus I clothe my naked villany,783
Act I,Scene III,Gloucester,With old odd ends stolen out of holy writ;,784
Act I,Scene III,Gloucester,"And seem a saint, when most I play the devil.",785
Act I,Scene III,[stage direction],Enter two Murderers,NA
Act I,Scene III,Gloucester,"But, soft! here come my executioners.",786
Act I,Scene III,Gloucester,"How now, my hardy, stout resolved mates!",787
Act I,Scene III,Gloucester,Are you now going to dispatch this deed?,788
Act I,Scene III,First Murderer,"We are, my lord; and come to have the warrant",789
Act I,Scene III,First Murderer,That we may be admitted where he is.,790
Act I,Scene III,Gloucester,Well thought upon; I have it here about me.,791
Act I,Scene III,[stage direction],Gives the warrant,NA
Act I,Scene III,Gloucester,"When you have done, repair to Crosby Place.",792
Act I,Scene III,Gloucester,"But, sirs, be sudden in the execution,",793
Act I,Scene III,Gloucester,"Withal obdurate, do not hear him plead;",794
Act I,Scene III,Gloucester,"For Clarence is well-spoken, and perhaps",795
Act I,Scene III,Gloucester,May move your hearts to pity if you mark him.,796
Act I,Scene III,First Murderer,Tush!,797
Act I,Scene III,First Murderer,"Fear not, my lord, we will not stand to prate;",798
Act I,Scene III,First Murderer,Talkers are no good doers: be assured,799
Act I,Scene III,First Murderer,We come to use our hands and not our tongues.,800
Act I,Scene III,Gloucester,"Your eyes drop millstones, when fools' eyes drop tears:",801
Act I,Scene III,Gloucester,"I like you, lads; about your business straight;",802
Act I,Scene III,Gloucester,"Go, go, dispatch.",803
Act I,Scene III,First Murderer,"We will, my noble lord.",804
Act I,Scene III,[stage direction],Exeunt,NA
Act I,Scene IV,[stage direction],Enter CLARENCE and BRAKENBURY,NA
Act I,Scene IV,Brakenbury,Why looks your grace so heavily today?,805
Act I,Scene IV,Clarence,"O, I have pass'd a miserable night,",806
Act I,Scene IV,Clarence,"So full of ugly sights, of ghastly dreams,",807
Act I,Scene IV,Clarence,"That, as I am a Christian faithful man,",808
Act I,Scene IV,Clarence,"I would not spend another such a night,",809
Act I,Scene IV,Clarence,"Though 'twere to buy a world of happy days,",810
Act I,Scene IV,Clarence,So full of dismal terror was the time!,811
Act I,Scene IV,Brakenbury,What was your dream? I long to hear you tell it.,812
Act I,Scene IV,Clarence,"Methoughts that I had broken from the Tower,",813
Act I,Scene IV,Clarence,And was embark'd to cross to Burgundy;,814
Act I,Scene IV,Clarence,"And, in my company, my brother Gloucester;",815
Act I,Scene IV,Clarence,Who from my cabin tempted me to walk,816
Act I,Scene IV,Clarence,"Upon the hatches: thence we looked toward England,",817
Act I,Scene IV,Clarence,"And cited up a thousand fearful times,",818
Act I,Scene IV,Clarence,During the wars of York and Lancaster,819
Act I,Scene IV,Clarence,That had befall'n us. As we paced along,820
Act I,Scene IV,Clarence,"Upon the giddy footing of the hatches,",821
Act I,Scene IV,Clarence,"Methought that Gloucester stumbled; and, in falling,",822
Act I,Scene IV,Clarence,"Struck me, that thought to stay him, overboard,",823
Act I,Scene IV,Clarence,Into the tumbling billows of the main.,824
Act I,Scene IV,Clarence,"Lord, Lord! methought, what pain it was to drown!",825
Act I,Scene IV,Clarence,What dreadful noise of waters in mine ears!,826
Act I,Scene IV,Clarence,What ugly sights of death within mine eyes!,827
Act I,Scene IV,Clarence,Methought I saw a thousand fearful wrecks;,828
Act I,Scene IV,Clarence,Ten thousand men that fishes gnaw'd upon;,829
Act I,Scene IV,Clarence,"Wedges of gold, great anchors, heaps of pearl,",830
Act I,Scene IV,Clarence,"Inestimable stones, unvalued jewels,",831
Act I,Scene IV,Clarence,All scatter'd in the bottom of the sea:,832
Act I,Scene IV,Clarence,"Some lay in dead men's skulls; and, in those holes",833
Act I,Scene IV,Clarence,"Where eyes did once inhabit, there were crept,",834
Act I,Scene IV,Clarence,"As 'twere in scorn of eyes, reflecting gems,",835
Act I,Scene IV,Clarence,"Which woo'd the slimy bottom of the deep,",836
Act I,Scene IV,Clarence,And mock'd the dead bones that lay scatter'd by.,837
Act I,Scene IV,Brakenbury,Had you such leisure in the time of death,838
Act I,Scene IV,Brakenbury,To gaze upon the secrets of the deep?,839
Act I,Scene IV,Clarence,Methought I had; and often did I strive,840
Act I,Scene IV,Clarence,To yield the ghost: but still the envious flood,841
Act I,Scene IV,Clarence,"Kept in my soul, and would not let it forth",842
Act I,Scene IV,Clarence,"To seek the empty, vast and wandering air;",843
Act I,Scene IV,Clarence,"But smother'd it within my panting bulk,",844
Act I,Scene IV,Clarence,Which almost burst to belch it in the sea.,845
Act I,Scene IV,Brakenbury,Awaked you not with this sore agony?,846
Act I,Scene IV,Clarence,"O, no, my dream was lengthen'd after life;",847
Act I,Scene IV,Clarence,"O, then began the tempest to my soul,",848
Act I,Scene IV,Clarence,"Who pass'd, methought, the melancholy flood,",849
Act I,Scene IV,Clarence,"With that grim ferryman which poets write of,",850
Act I,Scene IV,Clarence,Unto the kingdom of perpetual night.,851
Act I,Scene IV,Clarence,"The first that there did greet my stranger soul,",852
Act I,Scene IV,Clarence,"Was my great father-in-law, renowned Warwick;",853
Act I,Scene IV,Clarence,"Who cried aloud, 'What scourge for perjury",854
Act I,Scene IV,Clarence,Can this dark monarchy afford false Clarence?',855
Act I,Scene IV,Clarence,And so he vanish'd: then came wandering by,856
Act I,Scene IV,Clarence,"A shadow like an angel, with bright hair",857
Act I,Scene IV,Clarence,"Dabbled in blood; and he squeak'd out aloud,",858
Act I,Scene IV,Clarence,"'Clarence is come; false, fleeting, perjured Clarence,",859
Act I,Scene IV,Clarence,That stabb'd me in the field by Tewksbury;,860
Act I,Scene IV,Clarence,"Seize on him, Furies, take him to your torments!'",861
Act I,Scene IV,Clarence,"With that, methoughts, a legion of foul fiends",862
Act I,Scene IV,Clarence,"Environ'd me about, and howled in mine ears",863
Act I,Scene IV,Clarence,"Such hideous cries, that with the very noise",864
Act I,Scene IV,Clarence,"I trembling waked, and for a season after",865
Act I,Scene IV,Clarence,"Could not believe but that I was in hell,",866
Act I,Scene IV,Clarence,Such terrible impression made the dream.,867
Act I,Scene IV,Brakenbury,"No marvel, my lord, though it affrighted you;",868
Act I,Scene IV,Brakenbury,"I promise, I am afraid to hear you tell it.",869
Act I,Scene IV,Clarence,"O Brakenbury, I have done those things,",870
Act I,Scene IV,Clarence,"Which now bear evidence against my soul,",871
Act I,Scene IV,Clarence,For Edward's sake; and see how he requites me!,872
Act I,Scene IV,Clarence,"O God! if my deep prayers cannot appease thee,",873
Act I,Scene IV,Clarence,"But thou wilt be avenged on my misdeeds,",874
Act I,Scene IV,Clarence,"Yet execute thy wrath in me alone,",875
Act I,Scene IV,Clarence,"O, spare my guiltless wife and my poor children!",876
Act I,Scene IV,Clarence,"I pray thee, gentle keeper, stay by me;",877
Act I,Scene IV,Clarence,"My soul is heavy, and I fain would sleep.",878
Act I,Scene IV,Brakenbury,"I will, my lord: God give your grace good rest!",879
Act I,Scene IV,[stage direction],CLARENCE sleeps,NA
Act I,Scene IV,Brakenbury,"Sorrow breaks seasons and reposing hours,",880
Act I,Scene IV,Brakenbury,"Makes the night morning, and the noon-tide night.",881
Act I,Scene IV,Brakenbury,"Princes have but their tides for their glories,",882
Act I,Scene IV,Brakenbury,An outward honour for an inward toil;,883
Act I,Scene IV,Brakenbury,"And, for unfelt imagination,",884
Act I,Scene IV,Brakenbury,They often feel a world of restless cares:,885
Act I,Scene IV,Brakenbury,"So that, betwixt their tides and low names,",886
Act I,Scene IV,Brakenbury,There's nothing differs but the outward fame.,887
Act I,Scene IV,[stage direction],Enter the two Murderers,NA
Act I,Scene IV,First Murderer,Ho! who's here?,888
Act I,Scene IV,Brakenbury,"In God's name what are you, and how came you hither?",889
Act I,Scene IV,First Murderer,"I would speak with Clarence, and I came hither on my legs.",890
Act I,Scene IV,Brakenbury,"Yea, are you so brief?",891
Act I,Scene IV,Second Murderer,"O sir, it is better to be brief than tedious. Show",892
Act I,Scene IV,Second Murderer,him our commission; talk no more.,893
Act I,Scene IV,[stage direction],BRAKENBURY reads it,NA
Act I,Scene IV,Brakenbury,"I am, in this, commanded to deliver",894
Act I,Scene IV,Brakenbury,The noble Duke of Clarence to your hands:,895
Act I,Scene IV,Brakenbury,"I will not reason what is meant hereby,",896
Act I,Scene IV,Brakenbury,Because I will be guiltless of the meaning.,897
Act I,Scene IV,Brakenbury,"Here are the keys, there sits the duke asleep:",898
Act I,Scene IV,Brakenbury,I'll to the king; and signify to him,899
Act I,Scene IV,Brakenbury,That thus I have resign'd my charge to you.,900
Act I,Scene IV,First Murderer,"Do so, it is a point of wisdom: fare you well.",901
Act I,Scene IV,[stage direction],Exit BRAKENBURY,NA
Act I,Scene IV,Second Murderer,"What, shall we stab him as he sleeps?",902
Act I,Scene IV,First Murderer,"No; then he will say 'twas done cowardly, when he wakes.",903
Act I,Scene IV,Second Murderer,"When he wakes! why, fool, he shall never wake till",904
Act I,Scene IV,Second Murderer,the judgment-day.,905
Act I,Scene IV,First Murderer,"Why, then he will say we stabbed him sleeping.",906
Act I,Scene IV,Second Murderer,The urging of that word 'judgment' hath bred a kind,907
Act I,Scene IV,Second Murderer,of remorse in me.,908
Act I,Scene IV,First Murderer,"What, art thou afraid?",909
Act I,Scene IV,Second Murderer,"Not to kill him, having a warrant for it; but to be",910
Act I,Scene IV,Second Murderer,"damned for killing him, from which no warrant can defend us.",911
Act I,Scene IV,First Murderer,I thought thou hadst been resolute.,912
Act I,Scene IV,Second Murderer,"So I am, to let him live.",913
Act I,Scene IV,First Murderer,"Back to the Duke of Gloucester, tell him so.",914
Act I,Scene IV,Second Murderer,"I pray thee, stay a while: I hope my holy humour",915
Act I,Scene IV,Second Murderer,will change; 'twas wont to hold me but while one,916
Act I,Scene IV,Second Murderer,would tell twenty.,917
Act I,Scene IV,First Murderer,How dost thou feel thyself now?,918
Act I,Scene IV,Second Murderer,"'Faith, some certain dregs of conscience are yet",919
Act I,Scene IV,Second Murderer,within me.,920
Act I,Scene IV,First Murderer,"Remember our reward, when the deed is done.",921
Act I,Scene IV,Second Murderer,"'Zounds, he dies: I had forgot the reward.",922
Act I,Scene IV,First Murderer,Where is thy conscience now?,923
Act I,Scene IV,Second Murderer,In the Duke of Gloucester's purse.,924
Act I,Scene IV,First Murderer,"So when he opens his purse to give us our reward,",925
Act I,Scene IV,First Murderer,thy conscience flies out.,926
Act I,Scene IV,Second Murderer,Let it go; there's few or none will entertain it.,927
Act I,Scene IV,First Murderer,How if it come to thee again?,928
Act I,Scene IV,Second Murderer,I'll not meddle with it: it is a dangerous thing: it,929
Act I,Scene IV,Second Murderer,"makes a man a coward: a man cannot steal, but it",930
Act I,Scene IV,Second Murderer,"accuseth him; he cannot swear, but it cheques him;",931
Act I,Scene IV,Second Murderer,"he cannot lie with his neighbour's wife, but it",932
Act I,Scene IV,Second Murderer,detects him: 'tis a blushing shamefast spirit that,933
Act I,Scene IV,Second Murderer,mutinies in a man's bosom; it fills one full of,934
Act I,Scene IV,Second Murderer,obstacles: it made me once restore a purse of gold,935
Act I,Scene IV,Second Murderer,that I found; it beggars any man that keeps it: it,936
Act I,Scene IV,Second Murderer,is turned out of all towns and cities for a,937
Act I,Scene IV,Second Murderer,dangerous thing; and every man that means to live,938
Act I,Scene IV,Second Murderer,well endeavours to trust to himself and to live,939
Act I,Scene IV,Second Murderer,without it.,940
Act I,Scene IV,First Murderer,"'Zounds, it is even now at my elbow, persuading me",941
Act I,Scene IV,First Murderer,not to kill the duke.,942
Act I,Scene IV,Second Murderer,"Take the devil in thy mind, and relieve him not: he",943
Act I,Scene IV,Second Murderer,would insinuate with thee but to make thee sigh.,944
Act I,Scene IV,First Murderer,"Tut, I am strong-framed, he cannot prevail with me,",945
Act I,Scene IV,First Murderer,I warrant thee.,946
Act I,Scene IV,Second Murderer,Spoke like a tail fellow that respects his,947
Act I,Scene IV,Second Murderer,"reputation. Come, shall we to this gear?",948
Act I,Scene IV,First Murderer,Take him over the costard with the hilts of thy,949
Act I,Scene IV,First Murderer,"sword, and then we will chop him in the malmsey-butt",950
Act I,Scene IV,First Murderer,in the next room.,951
Act I,Scene IV,Second Murderer,O excellent devise! make a sop of him.,952
Act I,Scene IV,First Murderer,Hark! he stirs: shall I strike?,953
Act I,Scene IV,Second Murderer,"No, first let's reason with him.",954
Act I,Scene IV,Clarence,"Where art thou, keeper? give me a cup of wine.",955
Act I,Scene IV,Second Murderer,"You shall have wine enough, my lord, anon.",956
Act I,Scene IV,Clarence,"In God's name, what art thou?",957
Act I,Scene IV,Second Murderer,"A man, as you are.",958
Act I,Scene IV,Clarence,"But not, as I am, royal.",959
Act I,Scene IV,Second Murderer,"Nor you, as we are, loyal.",960
Act I,Scene IV,Clarence,"Thy voice is thunder, but thy looks are humble.",961
Act I,Scene IV,Second Murderer,"My voice is now the king's, my looks mine own.",962
Act I,Scene IV,Clarence,How darkly and how deadly dost thou speak!,963
Act I,Scene IV,Clarence,Your eyes do menace me: why look you pale?,964
Act I,Scene IV,Clarence,Who sent you hither? Wherefore do you come?,965
Act I,Scene IV,Both,"To, to, to--",966
Act I,Scene IV,Clarence,To murder me?,967
Act I,Scene IV,Both,"Ay, ay.",968
Act I,Scene IV,Clarence,"You scarcely have the hearts to tell me so,",969
Act I,Scene IV,Clarence,And therefore cannot have the hearts to do it.,970
Act I,Scene IV,Clarence,"Wherein, my friends, have I offended you?",971
Act I,Scene IV,First Murderer,"Offended us you have not, but the king.",972
Act I,Scene IV,Clarence,I shall be reconciled to him again.,973
Act I,Scene IV,Second Murderer,"Never, my lord; therefore prepare to die.",974
Act I,Scene IV,Clarence,Are you call'd forth from out a world of men,975
Act I,Scene IV,Clarence,To slay the innocent? What is my offence?,976
Act I,Scene IV,Clarence,Where are the evidence that do accuse me?,977
Act I,Scene IV,Clarence,What lawful quest have given their verdict up,978
Act I,Scene IV,Clarence,Unto the frowning judge? or who pronounced,979
Act I,Scene IV,Clarence,The bitter sentence of poor Clarence' death?,980
Act I,Scene IV,Clarence,"Before I be convict by course of law,",981
Act I,Scene IV,Clarence,To threaten me with death is most unlawful.,982
Act I,Scene IV,Clarence,"I charge you, as you hope to have redemption",983
Act I,Scene IV,Clarence,"By Christ's dear blood shed for our grievous sins,",984
Act I,Scene IV,Clarence,That you depart and lay no hands on me,985
Act I,Scene IV,Clarence,The deed you undertake is damnable.,986
Act I,Scene IV,First Murderer,"What we will do, we do upon command.",987
Act I,Scene IV,Second Murderer,And he that hath commanded is the king.,988
Act I,Scene IV,Clarence,Erroneous vassal! the great King of kings,989
Act I,Scene IV,Clarence,Hath in the tables of his law commanded,990
Act I,Scene IV,Clarence,"That thou shalt do no murder: and wilt thou, then,",991
Act I,Scene IV,Clarence,Spurn at his edict and fulfil a man's?,992
Act I,Scene IV,Clarence,"Take heed; for he holds vengeance in his hands,",993
Act I,Scene IV,Clarence,To hurl upon their heads that break his law.,994
Act I,Scene IV,Second Murderer,"And that same vengeance doth he hurl on thee,",995
Act I,Scene IV,Second Murderer,For false forswearing and for murder too:,996
Act I,Scene IV,Second Murderer,"Thou didst receive the holy sacrament,",997
Act I,Scene IV,Second Murderer,To fight in quarrel of the house of Lancaster.,998
Act I,Scene IV,First Murderer,"And, like a traitor to the name of God,",999
Act I,Scene IV,First Murderer,Didst break that vow; and with thy treacherous blade,1000
Act I,Scene IV,First Murderer,Unrip'dst the bowels of thy sovereign's son.,1001
Act I,Scene IV,Second Murderer,Whom thou wert sworn to cherish and defend.,1002
Act I,Scene IV,First Murderer,"How canst thou urge God's dreadful law to us,",1003
Act I,Scene IV,First Murderer,When thou hast broke it in so dear degree?,1004
Act I,Scene IV,Clarence,Alas! for whose sake did I that ill deed?,1005
Act I,Scene IV,Clarence,"For Edward, for my brother, for his sake: Why, sirs,",1006
Act I,Scene IV,Clarence,He sends ye not to murder me for this,1007
Act I,Scene IV,Clarence,For in this sin he is as deep as I.,1008
Act I,Scene IV,Clarence,If God will be revenged for this deed.,1009
Act I,Scene IV,Clarence,"O, know you yet, he doth it publicly,",1010
Act I,Scene IV,Clarence,Take not the quarrel from his powerful arm;,1011
Act I,Scene IV,Clarence,He needs no indirect nor lawless course,1012
Act I,Scene IV,Clarence,To cut off those that have offended him.,1013
Act I,Scene IV,First Murderer,"Who made thee, then, a bloody minister,",1014
Act I,Scene IV,First Murderer,"When gallant-springing brave Plantagenet,",1015
Act I,Scene IV,First Murderer,"That princely novice, was struck dead by thee?",1016
Act I,Scene IV,Clarence,"My brother's love, the devil, and my rage.",1017
Act I,Scene IV,First Murderer,"Thy brother's love, our duty, and thy fault,",1018
Act I,Scene IV,First Murderer,Provoke us hither now to slaughter thee.,1019
Act I,Scene IV,Clarence,"Oh, if you love my brother, hate not me;",1020
Act I,Scene IV,Clarence,"I am his brother, and I love him well.",1021
Act I,Scene IV,Clarence,"If you be hired for meed, go back again,",1022
Act I,Scene IV,Clarence,"And I will send you to my brother Gloucester,",1023
Act I,Scene IV,Clarence,Who shall reward you better for my life,1024
Act I,Scene IV,Clarence,Than Edward will for tidings of my death.,1025
Act I,Scene IV,Second Murderer,"You are deceived, your brother Gloucester hates you.",1026
Act I,Scene IV,Clarence,"O, no, he loves me, and he holds me dear:",1027
Act I,Scene IV,Clarence,Go you to him from me.,1028
Act I,Scene IV,Both,"Ay, so we will.",1029
Act I,Scene IV,Clarence,"Tell him, when that our princely father York",1030
Act I,Scene IV,Clarence,"Bless'd his three sons with his victorious arm,",1031
Act I,Scene IV,Clarence,"And charged us from his soul to love each other,",1032
Act I,Scene IV,Clarence,He little thought of this divided friendship:,1033
Act I,Scene IV,Clarence,"Bid Gloucester think of this, and he will weep.",1034
Act I,Scene IV,First Murderer,"Ay, millstones; as be lesson'd us to weep.",1035
Act I,Scene IV,Clarence,"O, do not slander him, for he is kind.",1036
Act I,Scene IV,First Murderer,"Right,",1037
Act I,Scene IV,First Murderer,As snow in harvest. Thou deceivest thyself:,1038
Act I,Scene IV,First Murderer,'Tis he that sent us hither now to slaughter thee.,1039
Act I,Scene IV,Clarence,"It cannot be; for when I parted with him,",1040
Act I,Scene IV,Clarence,"He hugg'd me in his arms, and swore, with sobs,",1041
Act I,Scene IV,Clarence,That he would labour my delivery.,1042
Act I,Scene IV,Second Murderer,"Why, so he doth, now he delivers thee",1043
Act I,Scene IV,Second Murderer,From this world's thraldom to the joys of heaven.,1044
Act I,Scene IV,First Murderer,"Make peace with God, for you must die, my lord.",1045
Act I,Scene IV,Clarence,"Hast thou that holy feeling in thy soul,",1046
Act I,Scene IV,Clarence,"To counsel me to make my peace with God,",1047
Act I,Scene IV,Clarence,"And art thou yet to thy own soul so blind,",1048
Act I,Scene IV,Clarence,That thou wilt war with God by murdering me?,1049
Act I,Scene IV,Clarence,"Ah, sirs, consider, he that set you on",1050
Act I,Scene IV,Clarence,To do this deed will hate you for the deed.,1051
Act I,Scene IV,Second Murderer,What shall we do?,1052
Act I,Scene IV,Clarence,"Relent, and save your souls.",1053
Act I,Scene IV,First Murderer,Relent! 'tis cowardly and womanish.,1054
Act I,Scene IV,Clarence,"Not to relent is beastly, savage, devilish.",1055
Act I,Scene IV,Clarence,"Which of you, if you were a prince's son,",1056
Act I,Scene IV,Clarence,"Being pent from liberty, as I am now,",1057
Act I,Scene IV,Clarence,"if two such murderers as yourselves came to you,",1058
Act I,Scene IV,Clarence,Would not entreat for life?,1059
Act I,Scene IV,Clarence,"My friend, I spy some pity in thy looks:",1060
Act I,Scene IV,Clarence,"O, if thine eye be not a flatterer,",1061
Act I,Scene IV,Clarence,"Come thou on my side, and entreat for me,",1062
Act I,Scene IV,Clarence,"As you would beg, were you in my distress",1063
Act I,Scene IV,Clarence,A begging prince what beggar pities not?,1064
Act I,Scene IV,Second Murderer,"Look behind you, my lord.",1065
Act I,Scene IV,First Murderer,"Take that, and that: if all this will not do,",1066
Act I,Scene IV,[stage direction],Stabs him,NA
Act I,Scene IV,First Murderer,I'll drown you in the malmsey-butt within.,1067
Act I,Scene IV,[stage direction],"Exit, with the body",NA
Act I,Scene IV,Second Murderer,"A bloody deed, and desperately dispatch'd!",1068
Act I,Scene IV,Second Murderer,"How fain, like Pilate, would I wash my hands",1069
Act I,Scene IV,Second Murderer,Of this most grievous guilty murder done!,1070
Act I,Scene IV,[stage direction],Re-enter First Murderer,NA
Act I,Scene IV,First Murderer,"How now! what mean'st thou, that thou help'st me not?",1071
Act I,Scene IV,First Murderer,"By heavens, the duke shall know how slack thou art!",1072
Act I,Scene IV,Second Murderer,I would he knew that I had saved his brother!,1073
Act I,Scene IV,Second Murderer,"Take thou the fee, and tell him what I say;",1074
Act I,Scene IV,Second Murderer,For I repent me that the duke is slain.,1075
Act I,Scene IV,[stage direction],Exit,NA
Act I,Scene IV,First Murderer,"So do not I: go, coward as thou art.",1076
Act I,Scene IV,First Murderer,"Now must I hide his body in some hole,",1077
Act I,Scene IV,First Murderer,Until the duke take order for his burial:,1078
Act I,Scene IV,First Murderer,"And when I have my meed, I must away;",1079
Act I,Scene IV,First Murderer,"For this will out, and here I must not stay.",1080
Act II,Scene I,[stage direction],"Flourish. Enter KING EDWARD IV sick, QUEEN  ELIZABETH, DORSET, RIVERS, HASTINGS, BUCKINGHAM, GREY, and others",NA
Act II,Scene I,King Edward Iv,"Why, so: now have I done a good day's work:",1081
Act II,Scene I,King Edward Iv,"You peers, continue this united league:",1082
Act II,Scene I,King Edward Iv,I every day expect an embassage,1083
Act II,Scene I,King Edward Iv,From my Redeemer to redeem me hence;,1084
Act II,Scene I,King Edward Iv,"And now in peace my soul shall part to heaven,",1085
Act II,Scene I,King Edward Iv,Since I have set my friends at peace on earth.,1086
Act II,Scene I,King Edward Iv,"Rivers and Hastings, take each other's hand;",1087
Act II,Scene I,King Edward Iv,"Dissemble not your hatred, swear your love.",1088
Act II,Scene I,Rivers,"By heaven, my heart is purged from grudging hate:",1089
Act II,Scene I,Rivers,And with my hand I seal my true heart's love.,1090
Act II,Scene I,Hastings,"So thrive I, as I truly swear the like!",1091
Act II,Scene I,King Edward Iv,Take heed you dally not before your king;,1092
Act II,Scene I,King Edward Iv,Lest he that is the supreme King of kings,1093
Act II,Scene I,King Edward Iv,"Confound your hidden falsehood, and award",1094
Act II,Scene I,King Edward Iv,Either of you to be the other's end.,1095
Act II,Scene I,Hastings,"So prosper I, as I swear perfect love!",1096
Act II,Scene I,Rivers,"And I, as I love Hastings with my heart!",1097
Act II,Scene I,King Edward Iv,"Madam, yourself are not exempt in this,",1098
Act II,Scene I,King Edward Iv,"Nor your son Dorset, Buckingham, nor you;",1099
Act II,Scene I,King Edward Iv,"You have been factious one against the other,",1100
Act II,Scene I,King Edward Iv,"Wife, love Lord Hastings, let him kiss your hand;",1101
Act II,Scene I,King Edward Iv,"And what you do, do it unfeignedly.",1102
Act II,Scene I,Queen Elizabeth,"Here, Hastings; I will never more remember",1103
Act II,Scene I,Queen Elizabeth,"Our former hatred, so thrive I and mine!",1104
Act II,Scene I,King Edward Iv,"Dorset, embrace him; Hastings, love lord marquess.",1105
Act II,Scene I,Dorset,"This interchange of love, I here protest,",1106
Act II,Scene I,Dorset,Upon my part shall be unviolable.,1107
Act II,Scene I,Hastings,"And so swear I, my lord",1108
Act II,Scene I,[stage direction],They embrace,NA
Act II,Scene I,King Edward Iv,"Now, princely Buckingham, seal thou this league",1109
Act II,Scene I,King Edward Iv,"With thy embracements to my wife's allies,",1110
Act II,Scene I,King Edward Iv,And make me happy in your unity.,1111
Act II,Scene I,Buckingham,Whenever Buckingham doth turn his hate,1112
Act II,Scene I,Buckingham,"On you or yours,",1113
Act II,Scene I,[stage direction],To the Queen,NA
Act II,Scene I,Buckingham,but with all duteous love,1114
Act II,Scene I,Buckingham,"Doth cherish you and yours, God punish me",1115
Act II,Scene I,Buckingham,With hate in those where I expect most love!,1116
Act II,Scene I,Buckingham,"When I have most need to employ a friend,",1117
Act II,Scene I,Buckingham,And most assured that he is a friend,1118
Act II,Scene I,Buckingham,"Deep, hollow, treacherous, and full of guile,",1119
Act II,Scene I,Buckingham,"Be he unto me! this do I beg of God,",1120
Act II,Scene I,Buckingham,When I am cold in zeal to yours.,1121
Act II,Scene I,King Edward Iv,"A pleasing cordial, princely Buckingham,",1122
Act II,Scene I,King Edward Iv,is this thy vow unto my sickly heart.,1123
Act II,Scene I,King Edward Iv,"There wanteth now our brother Gloucester here,",1124
Act II,Scene I,King Edward Iv,To make the perfect period of this peace.,1125
Act II,Scene I,Buckingham,"And, in good time, here comes the noble duke.",1126
Act II,Scene I,[stage direction],Enter GLOUCESTER,NA
Act II,Scene I,Gloucester,Good morrow to my sovereign king and queen:,1127
Act II,Scene I,Gloucester,"And, princely peers, a happy time of day!",1128
Act II,Scene I,King Edward Iv,"Happy, indeed, as we have spent the day.",1129
Act II,Scene I,King Edward Iv,"Brother, we done deeds of charity;",1130
Act II,Scene I,King Edward Iv,"Made peace enmity, fair love of hate,",1131
Act II,Scene I,King Edward Iv,Between these swelling wrong-incensed peers.,1132
Act II,Scene I,Gloucester,"A blessed labour, my most sovereign liege:",1133
Act II,Scene I,Gloucester,"Amongst this princely heap, if any here,",1134
Act II,Scene I,Gloucester,"By false intelligence, or wrong surmise,",1135
Act II,Scene I,Gloucester,Hold me a foe;,1136
Act II,Scene I,Gloucester,"If I unwittingly, or in my rage,",1137
Act II,Scene I,Gloucester,Have aught committed that is hardly borne,1138
Act II,Scene I,Gloucester,"By any in this presence, I desire",1139
Act II,Scene I,Gloucester,To reconcile me to his friendly peace:,1140
Act II,Scene I,Gloucester,'Tis death to me to be at enmity;,1141
Act II,Scene I,Gloucester,"I hate it, and desire all good men's love.",1142
Act II,Scene I,Gloucester,"First, madam, I entreat true peace of you,",1143
Act II,Scene I,Gloucester,Which I will purchase with my duteous service;,1144
Act II,Scene I,Gloucester,"Of you, my noble cousin Buckingham,",1145
Act II,Scene I,Gloucester,If ever any grudge were lodged between us;,1146
Act II,Scene I,Gloucester,"Of you, Lord Rivers, and, Lord Grey, of you;",1147
Act II,Scene I,Gloucester,That without desert have frown'd on me;,1148
Act II,Scene I,Gloucester,"Dukes, earls, lords, gentlemen; indeed, of all.",1149
Act II,Scene I,Gloucester,I do not know that Englishman alive,1150
Act II,Scene I,Gloucester,With whom my soul is any jot at odds,1151
Act II,Scene I,Gloucester,More than the infant that is born to-night,1152
Act II,Scene I,Gloucester,I thank my God for my humility.,1153
Act II,Scene I,Queen Elizabeth,A holy day shall this be kept hereafter:,1154
Act II,Scene I,Queen Elizabeth,I would to God all strifes were well compounded.,1155
Act II,Scene I,Queen Elizabeth,"My sovereign liege, I do beseech your majesty",1156
Act II,Scene I,Queen Elizabeth,To take our brother Clarence to your grace.,1157
Act II,Scene I,Gloucester,"Why, madam, have I offer'd love for this",1158
Act II,Scene I,Gloucester,To be so bouted in this royal presence?,1159
Act II,Scene I,Gloucester,Who knows not that the noble duke is dead?,1160
Act II,Scene I,[stage direction],They all start,NA
Act II,Scene I,Gloucester,You do him injury to scorn his corse.,1161
Act II,Scene I,Rivers,Who knows not he is dead! who knows he is?,1162
Act II,Scene I,Queen Elizabeth,"All seeing heaven, what a world is this!",1163
Act II,Scene I,Buckingham,"Look I so pale, Lord Dorset, as the rest?",1164
Act II,Scene I,Dorset,"Ay, my good lord; and no one in this presence",1165
Act II,Scene I,Dorset,But his red colour hath forsook his cheeks.,1166
Act II,Scene I,King Edward Iv,Is Clarence dead? the order was reversed.,1167
Act II,Scene I,Gloucester,"But he, poor soul, by your first order died,",1168
Act II,Scene I,Gloucester,And that a winged Mercury did bear:,1169
Act II,Scene I,Gloucester,"Some tardy cripple bore the countermand,",1170
Act II,Scene I,Gloucester,That came too lag to see him buried.,1171
Act II,Scene I,Gloucester,"God grant that some, less noble and less loyal,",1172
Act II,Scene I,Gloucester,"Nearer in bloody thoughts, but not in blood,",1173
Act II,Scene I,Gloucester,"Deserve not worse than wretched Clarence did,",1174
Act II,Scene I,Gloucester,And yet go current from suspicion!,1175
Act II,Scene I,[stage direction],Enter DERBY,NA
Act II,Scene I,Derby,"A boon, my sovereign, for my service done!",1176
Act II,Scene I,King Edward Iv,"I pray thee, peace: my soul is full of sorrow.",1177
Act II,Scene I,Derby,"I will not rise, unless your highness grant.",1178
Act II,Scene I,King Edward Iv,Then speak at once what is it thou demand'st.,1179
Act II,Scene I,Derby,"The forfeit, sovereign, of my servant's life;",1180
Act II,Scene I,Derby,Who slew to-day a righteous gentleman,1181
Act II,Scene I,Derby,Lately attendant on the Duke of Norfolk.,1182
Act II,Scene I,King Edward Iv,"Have a tongue to doom my brother's death,",1183
Act II,Scene I,King Edward Iv,And shall the same give pardon to a slave?,1184
Act II,Scene I,King Edward Iv,"My brother slew no man; his fault was thought,",1185
Act II,Scene I,King Edward Iv,And yet his punishment was cruel death.,1186
Act II,Scene I,King Edward Iv,"Who sued to me for him? who, in my rage,",1187
Act II,Scene I,King Edward Iv,"Kneel'd at my feet, and bade me be advised",1188
Act II,Scene I,King Edward Iv,Who spake of brotherhood? who spake of love?,1189
Act II,Scene I,King Edward Iv,Who told me how the poor soul did forsake,1190
Act II,Scene I,King Edward Iv,"The mighty Warwick, and did fight for me?",1191
Act II,Scene I,King Edward Iv,"Who told me, in the field by Tewksbury",1192
Act II,Scene I,King Edward Iv,"When Oxford had me down, he rescued me,",1193
Act II,Scene I,King Edward Iv,"And said, 'Dear brother, live, and be a king'?",1194
Act II,Scene I,King Edward Iv,"Who told me, when we both lay in the field",1195
Act II,Scene I,King Edward Iv,"Frozen almost to death, how he did lap me",1196
Act II,Scene I,King Edward Iv,"Even in his own garments, and gave himself,",1197
Act II,Scene I,King Edward Iv,"All thin and naked, to the numb cold night?",1198
Act II,Scene I,King Edward Iv,All this from my remembrance brutish wrath,1199
Act II,Scene I,King Edward Iv,"Sinfully pluck'd, and not a man of you",1200
Act II,Scene I,King Edward Iv,Had so much grace to put it in my mind.,1201
Act II,Scene I,King Edward Iv,But when your carters or your waiting-vassals,1202
Act II,Scene I,King Edward Iv,"Have done a drunken slaughter, and defaced",1203
Act II,Scene I,King Edward Iv,"The precious image of our dear Redeemer,",1204
Act II,Scene I,King Edward Iv,"You straight are on your knees for pardon, pardon;",1205
Act II,Scene I,King Edward Iv,"And I unjustly too, must grant it you",1206
Act II,Scene I,King Edward Iv,"But for my brother not a man would speak,",1207
Act II,Scene I,King Edward Iv,"Nor I, ungracious, speak unto myself",1208
Act II,Scene I,King Edward Iv,"For him, poor soul. The proudest of you all",1209
Act II,Scene I,King Edward Iv,Have been beholding to him in his life;,1210
Act II,Scene I,King Edward Iv,Yet none of you would once plead for his life.,1211
Act II,Scene I,King Edward Iv,"O God, I fear thy justice will take hold",1212
Act II,Scene I,King Edward Iv,"On me, and you, and mine, and yours for this!",1213
Act II,Scene I,King Edward Iv,"Come, Hastings, help me to my closet.",1214
Act II,Scene I,King Edward Iv,"Oh, poor Clarence!",1215
Act II,Scene I,[stage direction],Exeunt some with KING EDWARD IV and QUEEN MARGARET,NA
Act II,Scene I,Gloucester,This is the fruit of rashness! Mark'd you not,1216
Act II,Scene I,Gloucester,How that the guilty kindred of the queen,1217
Act II,Scene I,Gloucester,Look'd pale when they did hear of Clarence' death?,1218
Act II,Scene I,Gloucester,"O, they did urge it still unto the king!",1219
Act II,Scene I,Gloucester,"God will revenge it. But come, let us in,",1220
Act II,Scene I,Gloucester,To comfort Edward with our company.,1221
Act II,Scene I,Buckingham,We wait upon your grace.,1222
Act II,Scene I,[stage direction],Exeunt,NA
Act II,Scene II,[stage direction],"Enter the DUCHESS OF YORK, with the two children of CLARENCE",NA
Act II,Scene II,Boy,"Tell me, good grandam, is our father dead?",1223
Act II,Scene II,Duchess Of York,"No, boy.",1224
Act II,Scene II,Boy,"Why do you wring your hands, and beat your breast,",1225
Act II,Scene II,Boy,"And cry 'O Clarence, my unhappy son!'",1226
Act II,Scene II,Girl,"Why do you look on us, and shake your head,",1227
Act II,Scene II,Girl,"And call us wretches, orphans, castaways",1228
Act II,Scene II,Girl,If that our noble father be alive?,1229
Act II,Scene II,Duchess Of York,"My pretty cousins, you mistake me much;",1230
Act II,Scene II,Duchess Of York,I do lament the sickness of the king.,1231
Act II,Scene II,Duchess Of York,"As loath to lose him, not your father's death;",1232
Act II,Scene II,Duchess Of York,It were lost sorrow to wail one that's lost.,1233
Act II,Scene II,Boy,"Then, grandam, you conclude that he is dead.",1234
Act II,Scene II,Boy,The king my uncle is to blame for this:,1235
Act II,Scene II,Boy,God will revenge it; whom I will importune,1236
Act II,Scene II,Boy,With daily prayers all to that effect.,1237
Act II,Scene II,Girl,And so will I.,1238
Act II,Scene II,Duchess Of York,"Peace, children, peace! the king doth love you well:",1239
Act II,Scene II,Duchess Of York,"Incapable and shallow innocents,",1240
Act II,Scene II,Duchess Of York,You cannot guess who caused your father's death.,1241
Act II,Scene II,Boy,"Grandam, we can; for my good uncle Gloucester",1242
Act II,Scene II,Boy,"Told me, the king, provoked by the queen,",1243
Act II,Scene II,Boy,Devised impeachments to imprison him :,1244
Act II,Scene II,Boy,"And when my uncle told me so, he wept,",1245
Act II,Scene II,Boy,"And hugg'd me in his arm, and kindly kiss'd my cheek;",1246
Act II,Scene II,Boy,"Bade me rely on him as on my father,",1247
Act II,Scene II,Boy,And he would love me dearly as his child.,1248
Act II,Scene II,Duchess Of York,"Oh, that deceit should steal such gentle shapes,",1249
Act II,Scene II,Duchess Of York,And with a virtuous vizard hide foul guile!,1250
Act II,Scene II,Duchess Of York,"He is my son; yea, and therein my shame;",1251
Act II,Scene II,Duchess Of York,Yet from my dugs he drew not this deceit.,1252
Act II,Scene II,Boy,"Think you my uncle did dissemble, grandam?",1253
Act II,Scene II,Duchess Of York,"Ay, boy.",1254
Act II,Scene II,Boy,I cannot think it. Hark! what noise is this?,1255
Act II,Scene II,[stage direction],"Enter QUEEN ELIZABETH, with her hair about her ears; RIVERS, and DORSET after her",NA
Act II,Scene II,Queen Elizabeth,"Oh, who shall hinder me to wail and weep,",1256
Act II,Scene II,Queen Elizabeth,"To chide my fortune, and torment myself?",1257
Act II,Scene II,Queen Elizabeth,"I'll join with black despair against my soul,",1258
Act II,Scene II,Queen Elizabeth,And to myself become an enemy.,1259
Act II,Scene II,Duchess Of York,What means this scene of rude impatience?,1260
Act II,Scene II,Queen Elizabeth,To make an act of tragic violence:,1261
Act II,Scene II,Queen Elizabeth,"Edward, my lord, your son, our king, is dead.",1262
Act II,Scene II,Queen Elizabeth,Why grow the branches now the root is wither'd?,1263
Act II,Scene II,Queen Elizabeth,Why wither not the leaves the sap being gone?,1264
Act II,Scene II,Queen Elizabeth,"If you will live, lament; if die, be brief,",1265
Act II,Scene II,Queen Elizabeth,That our swift-winged souls may catch the king's;,1266
Act II,Scene II,Queen Elizabeth,"Or, like obedient subjects, follow him",1267
Act II,Scene II,Queen Elizabeth,To his new kingdom of perpetual rest.,1268
Act II,Scene II,Duchess Of York,"Ah, so much interest have I in thy sorrow",1269
Act II,Scene II,Duchess Of York,As I had title in thy noble husband!,1270
Act II,Scene II,Duchess Of York,"I have bewept a worthy husband's death,",1271
Act II,Scene II,Duchess Of York,And lived by looking on his images:,1272
Act II,Scene II,Duchess Of York,But now two mirrors of his princely semblance,1273
Act II,Scene II,Duchess Of York,"Are crack'd in pieces by malignant death,",1274
Act II,Scene II,Duchess Of York,"And I for comfort have but one false glass,",1275
Act II,Scene II,Duchess Of York,Which grieves me when I see my shame in him.,1276
Act II,Scene II,Duchess Of York,"Thou art a widow; yet thou art a mother,",1277
Act II,Scene II,Duchess Of York,And hast the comfort of thy children left thee:,1278
Act II,Scene II,Duchess Of York,"But death hath snatch'd my husband from mine arms,",1279
Act II,Scene II,Duchess Of York,"And pluck'd two crutches from my feeble limbs,",1280
Act II,Scene II,Duchess Of York,"Edward and Clarence. O, what cause have I,",1281
Act II,Scene II,Duchess Of York,"Thine being but a moiety of my grief,",1282
Act II,Scene II,Duchess Of York,To overgo thy plaints and drown thy cries!,1283
Act II,Scene II,Boy,"Good aunt, you wept not for our father's death;",1284
Act II,Scene II,Boy,How can we aid you with our kindred tears?,1285
Act II,Scene II,Girl,Our fatherless distress was left unmoan'd;,1286
Act II,Scene II,Girl,Your widow-dolour likewise be unwept!,1287
Act II,Scene II,Queen Elizabeth,Give me no help in lamentation;,1288
Act II,Scene II,Queen Elizabeth,I am not barren to bring forth complaints,1289
Act II,Scene II,Queen Elizabeth,"All springs reduce their currents to mine eyes,",1290
Act II,Scene II,Queen Elizabeth,"That I, being govern'd by the watery moon,",1291
Act II,Scene II,Queen Elizabeth,May send forth plenteous tears to drown the world!,1292
Act II,Scene II,Queen Elizabeth,"Oh for my husband, for my dear lord Edward!",1293
Act II,Scene II,Children,"Oh for our father, for our dear lord Clarence!",1294
Act II,Scene II,Duchess Of York,"Alas for both, both mine, Edward and Clarence!",1295
Act II,Scene II,Queen Elizabeth,What stay had I but Edward? and he's gone.,1296
Act II,Scene II,Children,What stay had we but Clarence? and he's gone.,1297
Act II,Scene II,Duchess Of York,What stays had I but they? and they are gone.,1298
Act II,Scene II,Queen Elizabeth,Was never widow had so dear a loss!,1299
Act II,Scene II,Children,Were never orphans had so dear a loss!,1300
Act II,Scene II,Duchess Of York,Was never mother had so dear a loss!,1301
Act II,Scene II,Duchess Of York,"Alas, I am the mother of these moans!",1302
Act II,Scene II,Duchess Of York,"Their woes are parcell'd, mine are general.",1303
Act II,Scene II,Duchess Of York,"She for an Edward weeps, and so do I;",1304
Act II,Scene II,Duchess Of York,"I for a Clarence weep, so doth not she:",1305
Act II,Scene II,Duchess Of York,These babes for Clarence weep and so do I;,1306
Act II,Scene II,Duchess Of York,"I for an Edward weep, so do not they:",1307
Act II,Scene II,Duchess Of York,"Alas, you three, on me, threefold distress'd,",1308
Act II,Scene II,Duchess Of York,"Pour all your tears! I am your sorrow's nurse,",1309
Act II,Scene II,Duchess Of York,And I will pamper it with lamentations.,1310
Act II,Scene II,Dorset,"Comfort, dear mother: God is much displeased",1311
Act II,Scene II,Dorset,"That you take with unthankfulness, his doing:",1312
Act II,Scene II,Dorset,"In common worldly things, 'tis call'd ungrateful,",1313
Act II,Scene II,Dorset,With dull unwilligness to repay a debt,1314
Act II,Scene II,Dorset,Which with a bounteous hand was kindly lent;,1315
Act II,Scene II,Dorset,"Much more to be thus opposite with heaven,",1316
Act II,Scene II,Dorset,For it requires the royal debt it lent you.,1317
Act II,Scene II,Rivers,"Madam, bethink you, like a careful mother,",1318
Act II,Scene II,Rivers,Of the young prince your son: send straight for him,1319
Act II,Scene II,Rivers,Let him be crown'd; in him your comfort lives:,1320
Act II,Scene II,Rivers,"Drown desperate sorrow in dead Edward's grave,",1321
Act II,Scene II,Rivers,And plant your joys in living Edward's throne.,1322
Act II,Scene II,[stage direction],"Enter GLOUCESTER, BUCKINGHAM, DERBY, HASTINGS, and RATCLIFF",NA
Act II,Scene II,Gloucester,"Madam, have comfort: all of us have cause",1323
Act II,Scene II,Gloucester,To wail the dimming of our shining star;,1324
Act II,Scene II,Gloucester,But none can cure their harms by wailing them.,1325
Act II,Scene II,Gloucester,"Madam, my mother, I do cry you mercy;",1326
Act II,Scene II,Gloucester,I did not see your grace: humbly on my knee,1327
Act II,Scene II,Gloucester,I crave your blessing.,1328
Act II,Scene II,Duchess Of York,"God bless thee; and put meekness in thy mind,",1329
Act II,Scene II,Duchess Of York,"Love, charity, obedience, and true duty!",1330
Act II,Scene II,Gloucester,[Aside]  Amen; and make me die a good old man!,1331
Act II,Scene II,Gloucester,That is the butt-end of a mother's blessing:,1332
Act II,Scene II,Gloucester,I marvel why her grace did leave it out.,1333
Act II,Scene II,Buckingham,"You cloudy princes and heart-sorrowing peers,",1334
Act II,Scene II,Buckingham,"That bear this mutual heavy load of moan,",1335
Act II,Scene II,Buckingham,Now cheer each other in each other's love,1336
Act II,Scene II,Buckingham,"Though we have spent our harvest of this king,",1337
Act II,Scene II,Buckingham,We are to reap the harvest of his son.,1338
Act II,Scene II,Buckingham,"The broken rancour of your high-swoln hearts,",1339
Act II,Scene II,Buckingham,"But lately splinter'd, knit, and join'd together,",1340
Act II,Scene II,Buckingham,"Must gently be preserved, cherish'd, and kept:",1341
Act II,Scene II,Buckingham,"Me seemeth good, that, with some little train,",1342
Act II,Scene II,Buckingham,Forthwith from Ludlow the young prince be fetch'd,1343
Act II,Scene II,Buckingham,"Hither to London, to be crown'd our king.",1344
Act II,Scene II,Rivers,"Why with some little train, my Lord of Buckingham?",1345
Act II,Scene II,Buckingham,"Marry, my lord, lest, by a multitude,",1346
Act II,Scene II,Buckingham,"The new-heal'd wound of malice should break out,",1347
Act II,Scene II,Buckingham,Which would be so much the more dangerous,1348
Act II,Scene II,Buckingham,By how much the estate is green and yet ungovern'd:,1349
Act II,Scene II,Buckingham,"Where every horse bears his commanding rein,",1350
Act II,Scene II,Buckingham,"And may direct his course as please himself,",1351
Act II,Scene II,Buckingham,"As well the fear of harm, as harm apparent,",1352
Act II,Scene II,Buckingham,"In my opinion, ought to be prevented.",1353
Act II,Scene II,Gloucester,I hope the king made peace with all of us,1354
Act II,Scene II,Gloucester,And the compact is firm and true in me.,1355
Act II,Scene II,Rivers,"And so in me; and so, I think, in all:",1356
Act II,Scene II,Rivers,"Yet, since it is but green, it should be put",1357
Act II,Scene II,Rivers,"To no apparent likelihood of breach,",1358
Act II,Scene II,Rivers,Which haply by much company might be urged:,1359
Act II,Scene II,Rivers,"Therefore I say with noble Buckingham,",1360
Act II,Scene II,Rivers,That it is meet so few should fetch the prince.,1361
Act II,Scene II,Hastings,And so say I.,1362
Act II,Scene II,Gloucester,Then be it so; and go we to determine,1363
Act II,Scene II,Gloucester,Who they shall be that straight shall post to Ludlow.,1364
Act II,Scene II,Gloucester,"Madam, and you, my mother, will you go",1365
Act II,Scene II,Gloucester,To give your censures in this weighty business?,1366
Act II,Scene II,Duchess Of York,With all our harts.,1367
Act II,Scene II,[stage direction],Exeunt all but BUCKINGHAM and GLOUCESTER,NA
Act II,Scene II,Buckingham,"My lord, whoever journeys to the Prince,",1368
Act II,Scene II,Buckingham,"For God's sake, let not us two be behind;",1369
Act II,Scene II,Buckingham,"For, by the way, I'll sort occasion,",1370
Act II,Scene II,Buckingham,"As index to the story we late talk'd of,",1371
Act II,Scene II,Buckingham,To part the queen's proud kindred from the king.,1372
Act II,Scene II,Gloucester,"My other self, my counsel's consistory,",1373
Act II,Scene II,Gloucester,"My oracle, my prophet! My dear cousin,",1374
Act II,Scene II,Gloucester,"I, like a child, will go by thy direction.",1375
Act II,Scene II,Gloucester,"Towards Ludlow then, for we'll not stay behind.",1376
Act II,Scene II,[stage direction],Exeunt,NA
Act II,Scene III,[stage direction],Enter two Citizens meeting,NA
Act II,Scene III,First Citizen,"Neighbour, well met: whither away so fast?",1377
Act II,Scene III,Second Citizen,"I promise you, I scarcely know myself:",1378
Act II,Scene III,Second Citizen,Hear you the news abroad?,1379
Act II,Scene III,First Citizen,"Ay, that the king is dead.",1380
Act II,Scene III,Second Citizen,"Bad news, by'r lady; seldom comes the better:",1381
Act II,Scene III,Second Citizen,"I fear, I fear 'twill prove a troublous world.",1382
Act II,Scene III,[stage direction],Enter another Citizen,NA
Act II,Scene III,Third Citizen,"Neighbours, God speed!",1383
Act II,Scene III,First Citizen,"Give you good morrow, sir.",1384
Act II,Scene III,Third Citizen,Doth this news hold of good King Edward's death?,1385
Act II,Scene III,Second Citizen,"Ay, sir, it is too true; God help the while!",1386
Act II,Scene III,Third Citizen,"Then, masters, look to see a troublous world.",1387
Act II,Scene III,First Citizen,"No, no; by God's good grace his son shall reign.",1388
Act II,Scene III,Third Citizen,Woe to the land that's govern'd by a child!,1389
Act II,Scene III,Second Citizen,"In him there is a hope of government,",1390
Act II,Scene III,Second Citizen,"That in his nonage council under him,",1391
Act II,Scene III,Second Citizen,"And in his full and ripen'd years himself,",1392
Act II,Scene III,Second Citizen,"No doubt, shall then and till then govern well.",1393
Act II,Scene III,First Citizen,So stood the state when Henry the Sixth,1394
Act II,Scene III,First Citizen,Was crown'd in Paris but at nine months old.,1395
Act II,Scene III,Third Citizen,"Stood the state so? No, no, good friends, God wot;",1396
Act II,Scene III,Third Citizen,For then this land was famously enrich'd,1397
Act II,Scene III,Third Citizen,With politic grave counsel; then the king,1398
Act II,Scene III,Third Citizen,Had virtuous uncles to protect his grace.,1399
Act II,Scene III,First Citizen,"Why, so hath this, both by the father and mother.",1400
Act II,Scene III,Third Citizen,"Better it were they all came by the father,",1401
Act II,Scene III,Third Citizen,Or by the father there were none at all;,1402
Act II,Scene III,Third Citizen,"For emulation now, who shall be nearest,",1403
Act II,Scene III,Third Citizen,"Will touch us all too near, if God prevent not.",1404
Act II,Scene III,Third Citizen,"O, full of danger is the Duke of Gloucester!",1405
Act II,Scene III,Third Citizen,And the queen's sons and brothers haught and proud:,1406
Act II,Scene III,Third Citizen,"And were they to be ruled, and not to rule,",1407
Act II,Scene III,Third Citizen,This sickly land might solace as before.,1408
Act II,Scene III,First Citizen,"Come, come, we fear the worst; all shall be well.",1409
Act II,Scene III,Third Citizen,"When clouds appear, wise men put on their cloaks;",1410
Act II,Scene III,Third Citizen,"When great leaves fall, the winter is at hand;",1411
Act II,Scene III,Third Citizen,"When the sun sets, who doth not look for night?",1412
Act II,Scene III,Third Citizen,Untimely storms make men expect a dearth.,1413
Act II,Scene III,Third Citizen,"All may be well; but, if God sort it so,",1414
Act II,Scene III,Third Citizen,"'Tis more than we deserve, or I expect.",1415
Act II,Scene III,Second Citizen,"Truly, the souls of men are full of dread:",1416
Act II,Scene III,Second Citizen,Ye cannot reason almost with a man,1417
Act II,Scene III,Second Citizen,That looks not heavily and full of fear.,1418
Act II,Scene III,Third Citizen,"Before the times of change, still is it so:",1419
Act II,Scene III,Third Citizen,By a divine instinct men's minds mistrust,1420
Act II,Scene III,Third Citizen,"Ensuing dangers; as by proof, we see",1421
Act II,Scene III,Third Citizen,The waters swell before a boisterous storm.,1422
Act II,Scene III,Third Citizen,But leave it all to God. whither away?,1423
Act II,Scene III,Second Citizen,"Marry, we were sent for to the justices.",1424
Act II,Scene III,Third Citizen,And so was I: I'll bear you company.,1425
Act II,Scene III,[stage direction],Exeunt,NA
Act II,Scene IV,[stage direction],"Enter the ARCHBISHOP OF YORK, young YORK, QUEEN ELIZABETH, and the DUCHESS OF YORK",NA
Act II,Scene IV,Archbishop Of York,"Last night, I hear, they lay at Northampton;",1426
Act II,Scene IV,Archbishop Of York,At Stony-Stratford will they be to-night:,1427
Act II,Scene IV,Archbishop Of York,"To-morrow, or next day, they will be here.",1428
Act II,Scene IV,Duchess Of York,I long with all my heart to see the prince:,1429
Act II,Scene IV,Duchess Of York,I hope he is much grown since last I saw him.,1430
Act II,Scene IV,Queen Elizabeth,"But I hear, no; they say my son of York",1431
Act II,Scene IV,Queen Elizabeth,Hath almost overta'en him in his growth.,1432
Act II,Scene IV,York,"Ay, mother; but I would not have it so.",1433
Act II,Scene IV,Duchess Of York,"Why, my young cousin, it is good to grow.",1434
Act II,Scene IV,York,"Grandam, one night, as we did sit at supper,",1435
Act II,Scene IV,York,My uncle Rivers talk'd how I did grow,1436
Act II,Scene IV,York,"More than my brother: 'Ay,' quoth my uncle",1437
Act II,Scene IV,York,"Gloucester,",1438
Act II,Scene IV,York,"'Small herbs have grace, great weeds do grow apace:'",1439
Act II,Scene IV,York,"And since, methinks, I would not grow so fast,",1440
Act II,Scene IV,York,Because sweet flowers are slow and weeds make haste.,1441
Act II,Scene IV,Duchess Of York,"Good faith, good faith, the saying did not hold",1442
Act II,Scene IV,Duchess Of York,In him that did object the same to thee;,1443
Act II,Scene IV,Duchess Of York,"He was the wretched'st thing when he was young,",1444
Act II,Scene IV,Duchess Of York,"So long a-growing and so leisurely,",1445
Act II,Scene IV,Duchess Of York,"That, if this rule were true, he should be gracious.",1446
Act II,Scene IV,Archbishop Of York,"Why, madam, so, no doubt, he is.",1447
Act II,Scene IV,Duchess Of York,I hope he is; but yet let mothers doubt.,1448
Act II,Scene IV,York,"Now, by my troth, if I had been remember'd,",1449
Act II,Scene IV,York,"I could have given my uncle's grace a flout,",1450
Act II,Scene IV,York,To touch his growth nearer than he touch'd mine.,1451
Act II,Scene IV,Duchess Of York,"How, my pretty York? I pray thee, let me hear it.",1452
Act II,Scene IV,York,"Marry, they say my uncle grew so fast",1453
Act II,Scene IV,York,That he could gnaw a crust at two hours old,1454
Act II,Scene IV,York,'Twas full two years ere I could get a tooth.,1455
Act II,Scene IV,York,"Grandam, this would have been a biting jest.",1456
Act II,Scene IV,Duchess Of York,"I pray thee, pretty York, who told thee this?",1457
Act II,Scene IV,York,"Grandam, his nurse.",1458
Act II,Scene IV,Duchess Of York,"His nurse! why, she was dead ere thou wert born.",1459
Act II,Scene IV,York,"If 'twere not she, I cannot tell who told me.",1460
Act II,Scene IV,Queen Elizabeth,"A parlous boy: go to, you are too shrewd.",1461
Act II,Scene IV,Archbishop Of York,"Good madam, be not angry with the child.",1462
Act II,Scene IV,Queen Elizabeth,Pitchers have ears.,1463
Act II,Scene IV,[stage direction],Enter a Messenger,NA
Act II,Scene IV,Archbishop Of York,Here comes a messenger. What news?,1464
Act II,Scene IV,Messenger,"Such news, my lord, as grieves me to unfold.",1465
Act II,Scene IV,Queen Elizabeth,How fares the prince?,1466
Act II,Scene IV,Messenger,"Well, madam, and in health.",1467
Act II,Scene IV,Duchess Of York,What is thy news then?,1468
Act II,Scene IV,Messenger,"Lord Rivers and Lord Grey are sent to Pomfret,",1469
Act II,Scene IV,Messenger,"With them Sir Thomas Vaughan, prisoners.",1470
Act II,Scene IV,Duchess Of York,Who hath committed them?,1471
Act II,Scene IV,Messenger,The mighty dukes,1472
Act II,Scene IV,Messenger,Gloucester and Buckingham.,1473
Act II,Scene IV,Queen Elizabeth,For what offence?,1474
Act II,Scene IV,Messenger,"The sum of all I can, I have disclosed;",1475
Act II,Scene IV,Messenger,Why or for what these nobles were committed,1476
Act II,Scene IV,Messenger,"Is all unknown to me, my gracious lady.",1477
Act II,Scene IV,Queen Elizabeth,"Ay me, I see the downfall of our house!",1478
Act II,Scene IV,Queen Elizabeth,The tiger now hath seized the gentle hind;,1479
Act II,Scene IV,Queen Elizabeth,Insulting tyranny begins to jet,1480
Act II,Scene IV,Queen Elizabeth,Upon the innocent and aweless throne:,1481
Act II,Scene IV,Queen Elizabeth,"Welcome, destruction, death, and massacre!",1482
Act II,Scene IV,Queen Elizabeth,"I see, as in a map, the end of all.",1483
Act II,Scene IV,Duchess Of York,"Accursed and unquiet wrangling days,",1484
Act II,Scene IV,Duchess Of York,How many of you have mine eyes beheld!,1485
Act II,Scene IV,Duchess Of York,My husband lost his life to get the crown;,1486
Act II,Scene IV,Duchess Of York,"And often up and down my sons were toss'd,",1487
Act II,Scene IV,Duchess Of York,For me to joy and weep their gain and loss:,1488
Act II,Scene IV,Duchess Of York,"And being seated, and domestic broils",1489
Act II,Scene IV,Duchess Of York,"Clean over-blown, themselves, the conquerors.",1490
Act II,Scene IV,Duchess Of York,"Make war upon themselves; blood against blood,",1491
Act II,Scene IV,Duchess Of York,"Self against self: O, preposterous",1492
Act II,Scene IV,Duchess Of York,"And frantic outrage, end thy damned spleen;",1493
Act II,Scene IV,Duchess Of York,"Or let me die, to look on death no more!",1494
Act II,Scene IV,Queen Elizabeth,"Come, come, my boy; we will to sanctuary.",1495
Act II,Scene IV,Queen Elizabeth,"Madam, farewell.",1496
Act II,Scene IV,Duchess Of York,I'll go along with you.,1497
Act II,Scene IV,Queen Elizabeth,You have no cause.,1498
Act II,Scene IV,Archbishop Of York,"My gracious lady, go;",1499
Act II,Scene IV,Archbishop Of York,And thither bear your treasure and your goods.,1500
Act II,Scene IV,Archbishop Of York,"For my part, I'll resign unto your grace",1501
Act II,Scene IV,Archbishop Of York,The seal I keep: and so betide to me,1502
Act II,Scene IV,Archbishop Of York,As well I tender you and all of yours!,1503
Act II,Scene IV,Archbishop Of York,"Come, I'll conduct you to the sanctuary.",1504
Act II,Scene IV,[stage direction],Exeunt,NA
Act III,Scene I,[stage direction],"The trumpets sound. Enter the young PRINCE EDWARD, GLOUCESTER, BUCKINGHAM, CARDINAL, CATESBY, and others",NA
Act III,Scene I,Buckingham,"Welcome, sweet prince, to London, to your chamber.",1505
Act III,Scene I,Gloucester,"Welcome, dear cousin, my thoughts' sovereign",1506
Act III,Scene I,Gloucester,The weary way hath made you melancholy.,1507
Act III,Scene I,Prince Edward,"No, uncle; but our crosses on the way",1508
Act III,Scene I,Prince Edward,"Have made it tedious, wearisome, and heavy",1509
Act III,Scene I,Prince Edward,I want more uncles here to welcome me.,1510
Act III,Scene I,Gloucester,"Sweet prince, the untainted virtue of your years",1511
Act III,Scene I,Gloucester,Hath not yet dived into the world's deceit,1512
Act III,Scene I,Gloucester,Nor more can you distinguish of a man,1513
Act III,Scene I,Gloucester,"Than of his outward show; which, God he knows,",1514
Act III,Scene I,Gloucester,Seldom or never jumpeth with the heart.,1515
Act III,Scene I,Gloucester,Those uncles which you want were dangerous;,1516
Act III,Scene I,Gloucester,"Your grace attended to their sugar'd words,",1517
Act III,Scene I,Gloucester,But look'd not on the poison of their hearts :,1518
Act III,Scene I,Gloucester,"God keep you from them, and from such false friends!",1519
Act III,Scene I,Prince Edward,God keep me from false friends! but they were none.,1520
Act III,Scene I,Gloucester,"My lord, the mayor of London comes to greet you.",1521
Act III,Scene I,[stage direction],Enter the Lord Mayor and his train,NA
Act III,Scene I,Lord Mayor,God bless your grace with health and happy days!,1522
Act III,Scene I,Prince Edward,"I thank you, good my lord; and thank you all.",1523
Act III,Scene I,Prince Edward,"I thought my mother, and my brother York,",1524
Act III,Scene I,Prince Edward,Would long ere this have met us on the way,1525
Act III,Scene I,Prince Edward,"Fie, what a slug is Hastings, that he comes not",1526
Act III,Scene I,Prince Edward,To tell us whether they will come or no!,1527
Act III,Scene I,[stage direction],Enter HASTINGS,NA
Act III,Scene I,Buckingham,"And, in good time, here comes the sweating lord.",1528
Act III,Scene I,Prince Edward,"Welcome, my lord: what, will our mother come?",1529
Act III,Scene I,Hastings,"On what occasion, God he knows, not I,",1530
Act III,Scene I,Hastings,"The queen your mother, and your brother York,",1531
Act III,Scene I,Hastings,Have taken sanctuary: the tender prince,1532
Act III,Scene I,Hastings,"Would fain have come with me to meet your grace,",1533
Act III,Scene I,Hastings,But by his mother was perforce withheld.,1534
Act III,Scene I,Buckingham,"Fie, what an indirect and peevish course",1535
Act III,Scene I,Buckingham,"Is this of hers! Lord cardinal, will your grace",1536
Act III,Scene I,Buckingham,Persuade the queen to send the Duke of York,1537
Act III,Scene I,Buckingham,Unto his princely brother presently?,1538
Act III,Scene I,Buckingham,"If she deny, Lord Hastings, go with him,",1539
Act III,Scene I,Buckingham,And from her jealous arms pluck him perforce.,1540
Act III,Scene I,Cardinal,"My Lord of Buckingham, if my weak oratory",1541
Act III,Scene I,Cardinal,"Can from his mother win the Duke of York,",1542
Act III,Scene I,Cardinal,Anon expect him here; but if she be obdurate,1543
Act III,Scene I,Cardinal,"To mild entreaties, God in heaven forbid",1544
Act III,Scene I,Cardinal,We should infringe the holy privilege,1545
Act III,Scene I,Cardinal,Of blessed sanctuary! not for all this land,1546
Act III,Scene I,Cardinal,Would I be guilty of so deep a sin.,1547
Act III,Scene I,Buckingham,"You are too senseless--obstinate, my lord,",1548
Act III,Scene I,Buckingham,Too ceremonious and traditional,1549
Act III,Scene I,Buckingham,"Weigh it but with the grossness of this age,",1550
Act III,Scene I,Buckingham,You break not sanctuary in seizing him.,1551
Act III,Scene I,Buckingham,The benefit thereof is always granted,1552
Act III,Scene I,Buckingham,"To those whose dealings have deserved the place,",1553
Act III,Scene I,Buckingham,And those who have the wit to claim the place:,1554
Act III,Scene I,Buckingham,This prince hath neither claim'd it nor deserved it;,1555
Act III,Scene I,Buckingham,"And therefore, in mine opinion, cannot have it:",1556
Act III,Scene I,Buckingham,"Then, taking him from thence that is not there,",1557
Act III,Scene I,Buckingham,You break no privilege nor charter there.,1558
Act III,Scene I,Buckingham,Oft have I heard of sanctuary men;,1559
Act III,Scene I,Buckingham,But sanctuary children ne'er till now.,1560
Act III,Scene I,Cardinal,"My lord, you shall o'er-rule my mind for once.",1561
Act III,Scene I,Cardinal,"Come on, Lord Hastings, will you go with me?",1562
Act III,Scene I,Hastings,"I go, my lord.",1563
Act III,Scene I,Prince Edward,"Good lords, make all the speedy haste you may.",1564
Act III,Scene I,[stage direction],Exeunt CARDINAL and HASTINGS,NA
Act III,Scene I,Prince Edward,"Say, uncle Gloucester, if our brother come,",1565
Act III,Scene I,Prince Edward,Where shall we sojourn till our coronation?,1566
Act III,Scene I,Gloucester,Where it seems best unto your royal self.,1567
Act III,Scene I,Gloucester,"If I may counsel you, some day or two",1568
Act III,Scene I,Gloucester,Your highness shall repose you at the Tower:,1569
Act III,Scene I,Gloucester,"Then where you please, and shall be thought most fit",1570
Act III,Scene I,Gloucester,For your best health and recreation.,1571
Act III,Scene I,Prince Edward,"I do not like the Tower, of any place.",1572
Act III,Scene I,Prince Edward,"Did Julius Caesar build that place, my lord?",1573
Act III,Scene I,Buckingham,"He did, my gracious lord, begin that place;",1574
Act III,Scene I,Buckingham,"Which, since, succeeding ages have re-edified.",1575
Act III,Scene I,Prince Edward,"Is it upon record, or else reported",1576
Act III,Scene I,Prince Edward,"Successively from age to age, he built it?",1577
Act III,Scene I,Buckingham,"Upon record, my gracious lord.",1578
Act III,Scene I,Prince Edward,"But say, my lord, it were not register'd,",1579
Act III,Scene I,Prince Edward,"Methinks the truth should live from age to age,",1580
Act III,Scene I,Prince Edward,"As 'twere retail'd to all posterity,",1581
Act III,Scene I,Prince Edward,Even to the general all-ending day.,1582
Act III,Scene I,Gloucester,"[Aside]  So wise so young, they say, do never",1583
Act III,Scene I,Gloucester,live long.,1584
Act III,Scene I,Prince Edward,"What say you, uncle?",1585
Act III,Scene I,Gloucester,"I say, without characters, fame lives long.",1586
Act III,Scene I,[stage direction],Aside,NA
Act III,Scene I,Gloucester,"Thus, like the formal vice, Iniquity,",1587
Act III,Scene I,Gloucester,I moralize two meanings in one word.,1588
Act III,Scene I,Prince Edward,That Julius Caesar was a famous man;,1589
Act III,Scene I,Prince Edward,"With what his valour did enrich his wit,",1590
Act III,Scene I,Prince Edward,His wit set down to make his valour live,1591
Act III,Scene I,Prince Edward,Death makes no conquest of this conqueror;,1592
Act III,Scene I,Prince Edward,"For now he lives in fame, though not in life.",1593
Act III,Scene I,Prince Edward,"I'll tell you what, my cousin Buckingham,--",1594
Act III,Scene I,Buckingham,"What, my gracious lord?",1595
Act III,Scene I,Prince Edward,"An if I live until I be a man,",1596
Act III,Scene I,Prince Edward,"I'll win our ancient right in France again,",1597
Act III,Scene I,Prince Edward,"Or die a soldier, as I lived a king.",1598
Act III,Scene I,Gloucester,[Aside]  Short summers lightly have a forward spring.,1599
Act III,Scene I,[stage direction],"Enter young YORK, HASTINGS, and the CARDINAL",NA
Act III,Scene I,Buckingham,"Now, in good time, here comes the Duke of York.",1600
Act III,Scene I,Prince Edward,Richard of York! how fares our loving brother?,1601
Act III,Scene I,York,"Well, my dread lord; so must I call you now.",1602
Act III,Scene I,Prince Edward,"Ay, brother, to our grief, as it is yours:",1603
Act III,Scene I,Prince Edward,"Too late he died that might have kept that title,",1604
Act III,Scene I,Prince Edward,Which by his death hath lost much majesty.,1605
Act III,Scene I,Gloucester,"How fares our cousin, noble Lord of York?",1606
Act III,Scene I,York,"I thank you, gentle uncle. O, my lord,",1607
Act III,Scene I,York,You said that idle weeds are fast in growth,1608
Act III,Scene I,York,The prince my brother hath outgrown me far.,1609
Act III,Scene I,Gloucester,"He hath, my lord.",1610
Act III,Scene I,York,And therefore is he idle?,1611
Act III,Scene I,Gloucester,"O, my fair cousin, I must not say so.",1612
Act III,Scene I,York,Then is he more beholding to you than I.,1613
Act III,Scene I,Gloucester,He may command me as my sovereign;,1614
Act III,Scene I,Gloucester,But you have power in me as in a kinsman.,1615
Act III,Scene I,York,"I pray you, uncle, give me this dagger.",1616
Act III,Scene I,Gloucester,"My dagger, little cousin? with all my heart.",1617
Act III,Scene I,Prince Edward,"A beggar, brother?",1618
Act III,Scene I,York,"Of my kind uncle, that I know will give;",1619
Act III,Scene I,York,"And being but a toy, which is no grief to give.",1620
Act III,Scene I,Gloucester,A greater gift than that I'll give my cousin.,1621
Act III,Scene I,York,"A greater gift! O, that's the sword to it.",1622
Act III,Scene I,Gloucester,"A gentle cousin, were it light enough.",1623
Act III,Scene I,York,"O, then, I see, you will part but with light gifts;",1624
Act III,Scene I,York,In weightier things you'll say a beggar nay.,1625
Act III,Scene I,Gloucester,It is too heavy for your grace to wear.,1626
Act III,Scene I,York,"I weigh it lightly, were it heavier.",1627
Act III,Scene I,Gloucester,"What, would you have my weapon, little lord?",1628
Act III,Scene I,York,"I would, that I might thank you as you call me.",1629
Act III,Scene I,Gloucester,How?,1630
Act III,Scene I,York,Little.,1631
Act III,Scene I,Prince Edward,My Lord of York will still be cross in talk:,1632
Act III,Scene I,Prince Edward,"Uncle, your grace knows how to bear with him.",1633
Act III,Scene I,York,"You mean, to bear me, not to bear with me:",1634
Act III,Scene I,York,"Uncle, my brother mocks both you and me;",1635
Act III,Scene I,York,"Because that I am little, like an ape,",1636
Act III,Scene I,York,He thinks that you should bear me on your shoulders.,1637
Act III,Scene I,Buckingham,With what a sharp-provided wit he reasons!,1638
Act III,Scene I,Buckingham,"To mitigate the scorn he gives his uncle,",1639
Act III,Scene I,Buckingham,He prettily and aptly taunts himself:,1640
Act III,Scene I,Buckingham,So cunning and so young is wonderful.,1641
Act III,Scene I,Gloucester,"My lord, will't please you pass along?",1642
Act III,Scene I,Gloucester,Myself and my good cousin Buckingham,1643
Act III,Scene I,Gloucester,"Will to your mother, to entreat of her",1644
Act III,Scene I,Gloucester,To meet you at the Tower and welcome you.,1645
Act III,Scene I,York,"What, will you go unto the Tower, my lord?",1646
Act III,Scene I,Prince Edward,My lord protector needs will have it so.,1647
Act III,Scene I,York,I shall not sleep in quiet at the Tower.,1648
Act III,Scene I,Gloucester,"Why, what should you fear?",1649
Act III,Scene I,York,"Marry, my uncle Clarence' angry ghost:",1650
Act III,Scene I,York,My grandam told me he was murdered there.,1651
Act III,Scene I,Prince Edward,I fear no uncles dead.,1652
Act III,Scene I,Gloucester,"Nor none that live, I hope.",1653
Act III,Scene I,Prince Edward,"An if they live, I hope I need not fear.",1654
Act III,Scene I,Prince Edward,"But come, my lord; and with a heavy heart,",1655
Act III,Scene I,Prince Edward,"Thinking on them, go I unto the Tower.",1656
Act III,Scene I,[stage direction],"A Sennet. Exeunt all but GLOUCESTER, BUCKINGHAM and CATESBY",NA
Act III,Scene I,Buckingham,"Think you, my lord, this little prating York",1657
Act III,Scene I,Buckingham,Was not incensed by his subtle mother,1658
Act III,Scene I,Buckingham,To taunt and scorn you thus opprobriously?,1659
Act III,Scene I,Gloucester,"No doubt, no doubt; O, 'tis a parlous boy;",1660
Act III,Scene I,Gloucester,"Bold, quick, ingenious, forward, capable",1661
Act III,Scene I,Gloucester,"He is all the mother's, from the top to toe.",1662
Act III,Scene I,Buckingham,"Well, let them rest. Come hither, Catesby.",1663
Act III,Scene I,Buckingham,Thou art sworn as deeply to effect what we intend,1664
Act III,Scene I,Buckingham,As closely to conceal what we impart:,1665
Act III,Scene I,Buckingham,Thou know'st our reasons urged upon the way;,1666
Act III,Scene I,Buckingham,What think'st thou? is it not an easy matter,1667
Act III,Scene I,Buckingham,"To make William Lord Hastings of our mind,",1668
Act III,Scene I,Buckingham,For the instalment of this noble duke,1669
Act III,Scene I,Buckingham,In the seat royal of this famous isle?,1670
Act III,Scene I,Catesby,"He for his father's sake so loves the prince,",1671
Act III,Scene I,Catesby,That he will not be won to aught against him.,1672
Act III,Scene I,Buckingham,"What think'st thou, then, of Stanley? what will he?",1673
Act III,Scene I,Catesby,He will do all in all as Hastings doth.,1674
Act III,Scene I,Buckingham,"Well, then, no more but this: go, gentle Catesby,",1675
Act III,Scene I,Buckingham,"And, as it were far off sound thou Lord Hastings,",1676
Act III,Scene I,Buckingham,How doth he stand affected to our purpose;,1677
Act III,Scene I,Buckingham,"And summon him to-morrow to the Tower,",1678
Act III,Scene I,Buckingham,To sit about the coronation.,1679
Act III,Scene I,Buckingham,"If thou dost find him tractable to us,",1680
Act III,Scene I,Buckingham,"Encourage him, and show him all our reasons:",1681
Act III,Scene I,Buckingham,"If he be leaden, icy-cold, unwilling,",1682
Act III,Scene I,Buckingham,"Be thou so too; and so break off your talk,",1683
Act III,Scene I,Buckingham,And give us notice of his inclination:,1684
Act III,Scene I,Buckingham,"For we to-morrow hold divided councils,",1685
Act III,Scene I,Buckingham,Wherein thyself shalt highly be employ'd.,1686
Act III,Scene I,Gloucester,"Commend me to Lord William: tell him, Catesby,",1687
Act III,Scene I,Gloucester,His ancient knot of dangerous adversaries,1688
Act III,Scene I,Gloucester,To-morrow are let blood at Pomfret-castle;,1689
Act III,Scene I,Gloucester,"And bid my friend, for joy of this good news,",1690
Act III,Scene I,Gloucester,Give mistress Shore one gentle kiss the more.,1691
Act III,Scene I,Buckingham,"Good Catesby, go, effect this business soundly.",1692
Act III,Scene I,Catesby,"My good lords both, with all the heed I may.",1693
Act III,Scene I,Gloucester,"Shall we hear from you, Catesby, ere we sleep?",1694
Act III,Scene I,Catesby,"You shall, my lord.",1695
Act III,Scene I,Gloucester,"At Crosby Place, there shall you find us both.",1696
Act III,Scene I,[stage direction],Exit CATESBY,NA
Act III,Scene I,Buckingham,"Now, my lord, what shall we do, if we perceive",1697
Act III,Scene I,Buckingham,Lord Hastings will not yield to our complots?,1698
Act III,Scene I,Gloucester,"Chop off his head, man; somewhat we will do:",1699
Act III,Scene I,Gloucester,"And, look, when I am king, claim thou of me",1700
Act III,Scene I,Gloucester,"The earldom of Hereford, and the moveables",1701
Act III,Scene I,Gloucester,Whereof the king my brother stood possess'd.,1702
Act III,Scene I,Buckingham,I'll claim that promise at your grace's hands.,1703
Act III,Scene I,Gloucester,And look to have it yielded with all willingness.,1704
Act III,Scene I,Gloucester,"Come, let us sup betimes, that afterwards",1705
Act III,Scene I,Gloucester,We may digest our complots in some form.,1706
Act III,Scene I,[stage direction],Exeunt,NA
Act III,Scene II,[stage direction],Enter a Messenger,NA
Act III,Scene II,Messenger,"What, ho! my lord!",1707
Act III,Scene II,Hastings,[Within]  Who knocks at the door?,1708
Act III,Scene II,Messenger,A messenger from the Lord Stanley.,1709
Act III,Scene II,[stage direction],Enter HASTINGS,NA
Act III,Scene II,Hastings,What is't o'clock?,1710
Act III,Scene II,Messenger,Upon the stroke of four.,1711
Act III,Scene II,Hastings,Cannot thy master sleep these tedious nights?,1712
Act III,Scene II,Messenger,So it should seem by that I have to say.,1713
Act III,Scene II,Messenger,"First, he commends him to your noble lordship.",1714
Act III,Scene II,Hastings,And then?,1715
Act III,Scene II,Messenger,And then he sends you word,1716
Act III,Scene II,Messenger,He dreamt to-night the boar had razed his helm:,1717
Act III,Scene II,Messenger,"Besides, he says there are two councils held;",1718
Act III,Scene II,Messenger,And that may be determined at the one,1719
Act III,Scene II,Messenger,which may make you and him to rue at the other.,1720
Act III,Scene II,Messenger,"Therefore he sends to know your lordship's pleasure,",1721
Act III,Scene II,Messenger,"If presently you will take horse with him,",1722
Act III,Scene II,Messenger,"And with all speed post with him toward the north,",1723
Act III,Scene II,Messenger,To shun the danger that his soul divines.,1724
Act III,Scene II,Hastings,"Go, fellow, go, return unto thy lord;",1725
Act III,Scene II,Hastings,Bid him not fear the separated councils,1726
Act III,Scene II,Hastings,"His honour and myself are at the one,",1727
Act III,Scene II,Hastings,And at the other is my servant Catesby,1728
Act III,Scene II,Hastings,Where nothing can proceed that toucheth us,1729
Act III,Scene II,Hastings,Whereof I shall not have intelligence.,1730
Act III,Scene II,Hastings,"Tell him his fears are shallow, wanting instance:",1731
Act III,Scene II,Hastings,"And for his dreams, I wonder he is so fond",1732
Act III,Scene II,Hastings,To trust the mockery of unquiet slumbers,1733
Act III,Scene II,Hastings,"To fly the boar before the boar pursues,",1734
Act III,Scene II,Hastings,Were to incense the boar to follow us,1735
Act III,Scene II,Hastings,And make pursuit where he did mean no chase.,1736
Act III,Scene II,Hastings,"Go, bid thy master rise and come to me",1737
Act III,Scene II,Hastings,"And we will both together to the Tower,",1738
Act III,Scene II,Hastings,"Where, he shall see, the boar will use us kindly.",1739
Act III,Scene II,Messenger,"My gracious lord, I'll tell him what you say.",1740
Act III,Scene II,[stage direction],Exit,NA
Act III,Scene II,[stage direction],Enter CATESBY,NA
Act III,Scene II,Catesby,Many good morrows to my noble lord!,1741
Act III,Scene II,Hastings,"Good morrow, Catesby; you are early stirring",1742
Act III,Scene II,Hastings,"What news, what news, in this our tottering state?",1743
Act III,Scene II,Catesby,"It is a reeling world, indeed, my lord;",1744
Act III,Scene II,Catesby,And I believe twill never stand upright,1745
Act III,Scene II,Catesby,Till Richard wear the garland of the realm.,1746
Act III,Scene II,Hastings,How! wear the garland! dost thou mean the crown?,1747
Act III,Scene II,Catesby,"Ay, my good lord.",1748
Act III,Scene II,Hastings,I'll have this crown of mine cut from my shoulders,1749
Act III,Scene II,Hastings,Ere I will see the crown so foul misplaced.,1750
Act III,Scene II,Hastings,But canst thou guess that he doth aim at it?,1751
Act III,Scene II,Catesby,"Ay, on my life; and hopes to find forward",1752
Act III,Scene II,Catesby,Upon his party for the gain thereof:,1753
Act III,Scene II,Catesby,"And thereupon he sends you this good news,",1754
Act III,Scene II,Catesby,"That this same very day your enemies,",1755
Act III,Scene II,Catesby,"The kindred of the queen, must die at Pomfret.",1756
Act III,Scene II,Hastings,"Indeed, I am no mourner for that news,",1757
Act III,Scene II,Hastings,Because they have been still mine enemies:,1758
Act III,Scene II,Hastings,"But, that I'll give my voice on Richard's side,",1759
Act III,Scene II,Hastings,"To bar my master's heirs in true descent,",1760
Act III,Scene II,Hastings,"God knows I will not do it, to the death.",1761
Act III,Scene II,Catesby,God keep your lordship in that gracious mind!,1762
Act III,Scene II,Hastings,"But I shall laugh at this a twelve-month hence,",1763
Act III,Scene II,Hastings,That they who brought me in my master's hate,1764
Act III,Scene II,Hastings,I live to look upon their tragedy.,1765
Act III,Scene II,Hastings,"I tell thee, Catesby--",1766
Act III,Scene II,Catesby,"What, my lord?",1767
Act III,Scene II,Hastings,"Ere a fortnight make me elder,",1768
Act III,Scene II,Hastings,I'll send some packing that yet think not on it.,1769
Act III,Scene II,Catesby,"'Tis a vile thing to die, my gracious lord,",1770
Act III,Scene II,Catesby,When men are unprepared and look not for it.,1771
Act III,Scene II,Hastings,"O monstrous, monstrous! and so falls it out",1772
Act III,Scene II,Hastings,"With Rivers, Vaughan, Grey: and so 'twill do",1773
Act III,Scene II,Hastings,"With some men else, who think themselves as safe",1774
Act III,Scene II,Hastings,"As thou and I; who, as thou know'st, are dear",1775
Act III,Scene II,Hastings,To princely Richard and to Buckingham.,1776
Act III,Scene II,Catesby,The princes both make high account of you;,1777
Act III,Scene II,[stage direction],Aside,NA
Act III,Scene II,Catesby,For they account his head upon the bridge.,1778
Act III,Scene II,Hastings,I know they do; and I have well deserved it.,1779
Act III,Scene II,[stage direction],Enter STANLEY,NA
Act III,Scene II,Hastings,"Come on, come on; where is your boar-spear, man?",1780
Act III,Scene II,Hastings,"Fear you the boar, and go so unprovided?",1781
Act III,Scene II,Stanley,"My lord, good morrow; good morrow, Catesby:",1782
Act III,Scene II,Stanley,"You may jest on, but, by the holy rood,",1783
Act III,Scene II,Stanley,"I do not like these several councils, I.",1784
Act III,Scene II,Hastings,"My lord,",1785
Act III,Scene II,Hastings,I hold my life as dear as you do yours;,1786
Act III,Scene II,Hastings,"And never in my life, I do protest,",1787
Act III,Scene II,Hastings,Was it more precious to me than 'tis now:,1788
Act III,Scene II,Hastings,"Think you, but that I know our state secure,",1789
Act III,Scene II,Hastings,I would be so triumphant as I am?,1790
Act III,Scene II,Stanley,"The lords at Pomfret, when they rode from London,",1791
Act III,Scene II,Stanley,"Were jocund, and supposed their state was sure,",1792
Act III,Scene II,Stanley,And they indeed had no cause to mistrust;,1793
Act III,Scene II,Stanley,"But yet, you see how soon the day o'ercast.",1794
Act III,Scene II,Stanley,This sudden stag of rancour I misdoubt:,1795
Act III,Scene II,Stanley,"Pray God, I say, I prove a needless coward!",1796
Act III,Scene II,Stanley,"What, shall we toward the Tower? the day is spent.",1797
Act III,Scene II,Hastings,"Come, come, have with you. Wot you what, my lord?",1798
Act III,Scene II,Hastings,To-day the lords you talk of are beheaded.,1799
Act III,Scene II,Lord Stanley,"They, for their truth, might better wear their heads",1800
Act III,Scene II,Lord Stanley,Than some that have accused them wear their hats.,1801
Act III,Scene II,Lord Stanley,"But come, my lord, let us away.",1802
Act III,Scene II,[stage direction],Enter a Pursuivant,NA
Act III,Scene II,Hastings,Go on before; I'll talk with this good fellow.,1803
Act III,Scene II,[stage direction],Exeunt STANLEY and CATESBY,NA
Act III,Scene II,Hastings,"How now, sirrah! how goes the world with thee?",1804
Act III,Scene II,Pursuivant,The better that your lordship please to ask.,1805
Act III,Scene II,Hastings,"I tell thee, man, 'tis better with me now",1806
Act III,Scene II,Hastings,Than when I met thee last where now we meet:,1807
Act III,Scene II,Hastings,"Then was I going prisoner to the Tower,",1808
Act III,Scene II,Hastings,By the suggestion of the queen's allies;,1809
Act III,Scene II,Hastings,"But now, I tell thee--keep it to thyself--",1810
Act III,Scene II,Hastings,"This day those enemies are put to death,",1811
Act III,Scene II,Hastings,And I in better state than e'er I was.,1812
Act III,Scene II,Pursuivant,"God hold it, to your honour's good content!",1813
Act III,Scene II,Hastings,"Gramercy, fellow: there, drink that for me.",1814
Act III,Scene II,[stage direction],Throws him his purse,NA
Act III,Scene II,Pursuivant,God save your lordship!,1815
Act III,Scene II,[stage direction],Exit,NA
Act III,Scene II,[stage direction],Enter a Priest,NA
Act III,Scene II,Priest,"Well met, my lord; I am glad to see your honour.",1816
Act III,Scene II,Hastings,"I thank thee, good Sir John, with all my heart.",1817
Act III,Scene II,Hastings,I am in your debt for your last exercise;,1818
Act III,Scene II,Hastings,"Come the next Sabbath, and I will content you.",1819
Act III,Scene II,[stage direction],He whispers in his ear,NA
Act III,Scene II,[stage direction],Enter BUCKINGHAM,NA
Act III,Scene II,Buckingham,"What, talking with a priest, lord chamberlain?",1820
Act III,Scene II,Buckingham,"Your friends at Pomfret, they do need the priest;",1821
Act III,Scene II,Buckingham,Your honour hath no shriving work in hand.,1822
Act III,Scene II,Hastings,"Good faith, and when I met this holy man,",1823
Act III,Scene II,Hastings,Those men you talk of came into my mind.,1824
Act III,Scene II,Hastings,"What, go you toward the Tower?",1825
Act III,Scene II,Buckingham,"I do, my lord; but long I shall not stay",1826
Act III,Scene II,Buckingham,I shall return before your lordship thence.,1827
Act III,Scene II,Hastings,"'Tis like enough, for I stay dinner there.",1828
Act III,Scene II,Buckingham,"[Aside]  And supper too, although thou know'st it not.",1829
Act III,Scene II,Buckingham,"Come, will you go?",1830
Act III,Scene II,Hastings,I'll wait upon your lordship.,1831
Act III,Scene II,[stage direction],Exeunt,NA
Act III,Scene III,[stage direction],"Enter RATCLIFF, with halberds, carrying RIVERS, GREY, and VAUGHAN to death",NA
Act III,Scene III,Ratcliff,"Come, bring forth the prisoners.",1832
Act III,Scene III,Rivers,"Sir Richard Ratcliff, let me tell thee this:",1833
Act III,Scene III,Rivers,To-day shalt thou behold a subject die,1834
Act III,Scene III,Rivers,"For truth, for duty, and for loyalty.",1835
Act III,Scene III,Grey,God keep the prince from all the pack of you!,1836
Act III,Scene III,Grey,A knot you are of damned blood-suckers!,1837
Act III,Scene III,Vaughan,You live that shall cry woe for this after.,1838
Act III,Scene III,Ratcliff,Dispatch; the limit of your lives is out.,1839
Act III,Scene III,Rivers,"O Pomfret, Pomfret! O thou bloody prison,",1840
Act III,Scene III,Rivers,Fatal and ominous to noble peers!,1841
Act III,Scene III,Rivers,Within the guilty closure of thy walls,1842
Act III,Scene III,Rivers,Richard the second here was hack'd to death;,1843
Act III,Scene III,Rivers,"And, for more slander to thy dismal seat,",1844
Act III,Scene III,Rivers,We give thee up our guiltless blood to drink.,1845
Act III,Scene III,Grey,"Now Margaret's curse is fall'n upon our heads,",1846
Act III,Scene III,Grey,For standing by when Richard stabb'd her son.,1847
Act III,Scene III,Rivers,"Then cursed she Hastings, then cursed she Buckingham,",1848
Act III,Scene III,Rivers,"Then cursed she Richard. O, remember, God",1849
Act III,Scene III,Rivers,"To hear her prayers for them, as now for us",1850
Act III,Scene III,Rivers,"And for my sister and her princely sons,",1851
Act III,Scene III,Rivers,"Be satisfied, dear God, with our true blood,",1852
Act III,Scene III,Rivers,"Which, as thou know'st, unjustly must be spilt.",1853
Act III,Scene III,Ratcliff,Make haste; the hour of death is expiate.,1854
Act III,Scene III,Rivers,"Come, Grey, come, Vaughan, let us all embrace:",1855
Act III,Scene III,Rivers,"And take our leave, until we meet in heaven.",1856
Act III,Scene III,[stage direction],Exeunt,NA
Act III,Scene IV,[stage direction],"Enter BUCKINGHAM, DERBY, HASTINGS, the BISHOP OF  ELY, RATCLIFF, LOVEL, with others, and take their seats at a table",NA
Act III,Scene IV,Hastings,"My lords, at once: the cause why we are met",1857
Act III,Scene IV,Hastings,"Is, to determine of the coronation.",1858
Act III,Scene IV,Hastings,"In God's name, speak: when is the royal day?",1859
Act III,Scene IV,Buckingham,Are all things fitting for that royal time?,1860
Act III,Scene IV,Derby,"It is, and wants but nomination.",1861
Act III,Scene IV,Bishop Of Ely,"To-morrow, then, I judge a happy day.",1862
Act III,Scene IV,Buckingham,Who knows the lord protector's mind herein?,1863
Act III,Scene IV,Buckingham,Who is most inward with the royal duke?,1864
Act III,Scene IV,Bishop Of Ely,"Your grace, we think, should soonest know his mind.",1865
Act III,Scene IV,Buckingham,"Who, I, my lord I we know each other's faces,",1866
Act III,Scene IV,Buckingham,"But for our hearts, he knows no more of mine,",1867
Act III,Scene IV,Buckingham,Than I of yours;,1868
Act III,Scene IV,Buckingham,"Nor I no more of his, than you of mine.",1869
Act III,Scene IV,Buckingham,"Lord Hastings, you and he are near in love.",1870
Act III,Scene IV,Hastings,"I thank his grace, I know he loves me well;",1871
Act III,Scene IV,Hastings,"But, for his purpose in the coronation.",1872
Act III,Scene IV,Hastings,"I have not sounded him, nor he deliver'd",1873
Act III,Scene IV,Hastings,His gracious pleasure any way therein:,1874
Act III,Scene IV,Hastings,"But you, my noble lords, may name the time;",1875
Act III,Scene IV,Hastings,"And in the duke's behalf I'll give my voice,",1876
Act III,Scene IV,Hastings,"Which, I presume, he'll take in gentle part.",1877
Act III,Scene IV,[stage direction],Enter GLOUCESTER,NA
Act III,Scene IV,Bishop Of Ely,"Now in good time, here comes the duke himself.",1878
Act III,Scene IV,Gloucester,"My noble lords and cousins all, good morrow.",1879
Act III,Scene IV,Gloucester,"I have been long a sleeper; but, I hope,",1880
Act III,Scene IV,Gloucester,"My absence doth neglect no great designs,",1881
Act III,Scene IV,Gloucester,Which by my presence might have been concluded.,1882
Act III,Scene IV,Buckingham,"Had not you come upon your cue, my lord",1883
Act III,Scene IV,Buckingham,"William Lord Hastings had pronounced your part,--",1884
Act III,Scene IV,Buckingham,"I mean, your voice,--for crowning of the king.",1885
Act III,Scene IV,Gloucester,Than my Lord Hastings no man might be bolder;,1886
Act III,Scene IV,Gloucester,"His lordship knows me well, and loves me well.",1887
Act III,Scene IV,Hastings,I thank your grace.,1888
Act III,Scene IV,Gloucester,My lord of Ely!,1889
Act III,Scene IV,Bishop Of Ely,My lord?,1890
Act III,Scene IV,Gloucester,"When I was last in Holborn,",1891
Act III,Scene IV,Gloucester,I saw good strawberries in your garden there,1892
Act III,Scene IV,Gloucester,I do beseech you send for some of them.,1893
Act III,Scene IV,Bishop Of Ely,"Marry, and will, my lord, with all my heart.",1894
Act III,Scene IV,[stage direction],Exit,NA
Act III,Scene IV,Gloucester,"Cousin of Buckingham, a word with you.",1895
Act III,Scene IV,[stage direction],Drawing him aside,NA
Act III,Scene IV,Gloucester,"Catesby hath sounded Hastings in our business,",1896
Act III,Scene IV,Gloucester,"And finds the testy gentleman so hot,",1897
Act III,Scene IV,Gloucester,As he will lose his head ere give consent,1898
Act III,Scene IV,Gloucester,"His master's son, as worshipful as he terms it,",1899
Act III,Scene IV,Gloucester,Shall lose the royalty of England's throne.,1900
Act III,Scene IV,Buckingham,"Withdraw you hence, my lord, I'll follow you.",1901
Act III,Scene IV,[stage direction],"Exit GLOUCESTER, BUCKINGHAM following",NA
Act III,Scene IV,Derby,We have not yet set down this day of triumph.,1902
Act III,Scene IV,Derby,"To-morrow, in mine opinion, is too sudden;",1903
Act III,Scene IV,Derby,For I myself am not so well provided,1904
Act III,Scene IV,Derby,"As else I would be, were the day prolong'd.",1905
Act III,Scene IV,[stage direction],Re-enter BISHOP OF ELY,NA
Act III,Scene IV,Bishop Of Ely,Where is my lord protector? I have sent for these,1906
Act III,Scene IV,Bishop Of Ely,strawberries.,1907
Act III,Scene IV,Hastings,His grace looks cheerfully and smooth to-day;,1908
Act III,Scene IV,Hastings,"There's some conceit or other likes him well,",1909
Act III,Scene IV,Hastings,When he doth bid good morrow with such a spirit.,1910
Act III,Scene IV,Hastings,I think there's never a man in Christendom,1911
Act III,Scene IV,Hastings,That can less hide his love or hate than he;,1912
Act III,Scene IV,Hastings,For by his face straight shall you know his heart.,1913
Act III,Scene IV,Derby,What of his heart perceive you in his face,1914
Act III,Scene IV,Derby,By any likelihood he show'd to-day?,1915
Act III,Scene IV,Hastings,"Marry, that with no man here he is offended;",1916
Act III,Scene IV,Hastings,"For, were he, he had shown it in his looks.",1917
Act III,Scene IV,Derby,"I pray God he be not, I say.",1918
Act III,Scene IV,[stage direction],Re-enter GLOUCESTER and BUCKINGHAM,NA
Act III,Scene IV,Gloucester,"I pray you all, tell me what they deserve",1919
Act III,Scene IV,Gloucester,That do conspire my death with devilish plots,1920
Act III,Scene IV,Gloucester,"Of damned witchcraft, and that have prevail'd",1921
Act III,Scene IV,Gloucester,Upon my body with their hellish charms?,1922
Act III,Scene IV,Hastings,"The tender love I bear your grace, my lord,",1923
Act III,Scene IV,Hastings,Makes me most forward in this noble presence,1924
Act III,Scene IV,Hastings,"To doom the offenders, whatsoever they be",1925
Act III,Scene IV,Hastings,"I say, my lord, they have deserved death.",1926
Act III,Scene IV,Gloucester,Then be your eyes the witness of this ill:,1927
Act III,Scene IV,Gloucester,See how I am bewitch'd; behold mine arm,1928
Act III,Scene IV,Gloucester,"Is, like a blasted sapling, wither'd up:",1929
Act III,Scene IV,Gloucester,"And this is Edward's wife, that monstrous witch,",1930
Act III,Scene IV,Gloucester,"Consorted with that harlot strumpet Shore,",1931
Act III,Scene IV,Gloucester,That by their witchcraft thus have marked me.,1932
Act III,Scene IV,Hastings,"If they have done this thing, my gracious lord--",1933
Act III,Scene IV,Gloucester,If I thou protector of this damned strumpet--,1934
Act III,Scene IV,Gloucester,Tellest thou me of 'ifs'?  Thou art a traitor:,1935
Act III,Scene IV,Gloucester,"Off with his head! Now, by Saint Paul I swear,",1936
Act III,Scene IV,Gloucester,I will not dine until I see the same.,1937
Act III,Scene IV,Gloucester,"Lovel and Ratcliff, look that it be done:",1938
Act III,Scene IV,Gloucester,"The rest, that love me, rise and follow me.",1939
Act III,Scene IV,[stage direction],"Exeunt all but HASTINGS, RATCLIFF, and LOVEL",NA
Act III,Scene IV,Hastings,"Woe, woe for England! not a whit for me;",1940
Act III,Scene IV,Hastings,"For I, too fond, might have prevented this.",1941
Act III,Scene IV,Hastings,Stanley did dream the boar did raze his helm;,1942
Act III,Scene IV,Hastings,"But I disdain'd it, and did scorn to fly:",1943
Act III,Scene IV,Hastings,"Three times to-day my foot-cloth horse did stumble,",1944
Act III,Scene IV,Hastings,"And startled, when he look'd upon the Tower,",1945
Act III,Scene IV,Hastings,As loath to bear me to the slaughter-house.,1946
Act III,Scene IV,Hastings,"O, now I want the priest that spake to me:",1947
Act III,Scene IV,Hastings,I now repent I told the pursuivant,1948
Act III,Scene IV,Hastings,"As 'twere triumphing at mine enemies,",1949
Act III,Scene IV,Hastings,"How they at Pomfret bloodily were butcher'd,",1950
Act III,Scene IV,Hastings,And I myself secure in grace and favour.,1951
Act III,Scene IV,Hastings,"O Margaret, Margaret, now thy heavy curse",1952
Act III,Scene IV,Hastings,Is lighted on poor Hastings' wretched head!,1953
Act III,Scene IV,Ratcliff,"Dispatch, my lord; the duke would be at dinner:",1954
Act III,Scene IV,Ratcliff,Make a short shrift; he longs to see your head.,1955
Act III,Scene IV,Hastings,"O momentary grace of mortal men,",1956
Act III,Scene IV,Hastings,Which we more hunt for than the grace of God!,1957
Act III,Scene IV,Hastings,"Who builds his hopes in air of your good looks,",1958
Act III,Scene IV,Hastings,"Lives like a drunken sailor on a mast,",1959
Act III,Scene IV,Hastings,"Ready, with every nod, to tumble down",1960
Act III,Scene IV,Hastings,Into the fatal bowels of the deep.,1961
Act III,Scene IV,Lovel,"Come, come, dispatch; 'tis bootless to exclaim.",1962
Act III,Scene IV,Hastings,O bloody Richard! miserable England!,1963
Act III,Scene IV,Hastings,I prophesy the fearful'st time to thee,1964
Act III,Scene IV,Hastings,That ever wretched age hath look'd upon.,1965
Act III,Scene IV,Hastings,"Come, lead me to the block; bear him my head.",1966
Act III,Scene IV,Hastings,They smile at me that shortly shall be dead.,1967
Act III,Scene IV,[stage direction],Exeunt,NA
Act III,Scene V,[stage direction],"Enter GLOUCESTER and BUCKINGHAM, in rotten armour, marvellous ill-favoured",NA
Act III,Scene V,Gloucester,"Come, cousin, canst thou quake, and change thy colour,",1968
Act III,Scene V,Gloucester,"Murder thy breath in the middle of a word,",1969
Act III,Scene V,Gloucester,"And then begin again, and stop again,",1970
Act III,Scene V,Gloucester,As if thou wert distraught and mad with terror?,1971
Act III,Scene V,Buckingham,"Tut, I can counterfeit the deep tragedian;",1972
Act III,Scene V,Buckingham,"Speak and look back, and pry on every side,",1973
Act III,Scene V,Buckingham,"Tremble and start at wagging of a straw,",1974
Act III,Scene V,Buckingham,Intending deep suspicion: ghastly looks,1975
Act III,Scene V,Buckingham,"Are at my service, like enforced smiles;",1976
Act III,Scene V,Buckingham,"And both are ready in their offices,",1977
Act III,Scene V,Buckingham,"At any time, to grace my stratagems.",1978
Act III,Scene V,Buckingham,"But what, is Catesby gone?",1979
Act III,Scene V,Gloucester,"He is; and, see, he brings the mayor along.",1980
Act III,Scene V,[stage direction],Enter the Lord Mayor and CATESBY,NA
Act III,Scene V,Buckingham,"Lord mayor,--",1981
Act III,Scene V,Gloucester,Look to the drawbridge there!,1982
Act III,Scene V,Buckingham,Hark! a drum.,1983
Act III,Scene V,Gloucester,"Catesby, o'erlook the walls.",1984
Act III,Scene V,Buckingham,"Lord mayor, the reason we have sent--",1985
Act III,Scene V,Gloucester,"Look back, defend thee, here are enemies.",1986
Act III,Scene V,Buckingham,God and our innocency defend and guard us!,1987
Act III,Scene V,Gloucester,"Be patient, they are friends, Ratcliff and Lovel.",1988
Act III,Scene V,[stage direction],"Enter LOVEL and RATCLIFF, with HASTINGS' head",NA
Act III,Scene V,Lovel,"Here is the head of that ignoble traitor,",1989
Act III,Scene V,Lovel,The dangerous and unsuspected Hastings.,1990
Act III,Scene V,Gloucester,"So dear I loved the man, that I must weep.",1991
Act III,Scene V,Gloucester,I took him for the plainest harmless creature,1992
Act III,Scene V,Gloucester,That breathed upon this earth a Christian;,1993
Act III,Scene V,Gloucester,Made him my book wherein my soul recorded,1994
Act III,Scene V,Gloucester,The history of all her secret thoughts:,1995
Act III,Scene V,Gloucester,"So smooth he daub'd his vice with show of virtue,",1996
Act III,Scene V,Gloucester,"That, his apparent open guilt omitted,",1997
Act III,Scene V,Gloucester,"I mean, his conversation with Shore's wife,",1998
Act III,Scene V,Gloucester,He lived from all attainder of suspect.,1999
Act III,Scene V,Buckingham,"Well, well, he was the covert'st shelter'd traitor",2000
Act III,Scene V,Buckingham,That ever lived.,2001
Act III,Scene V,Buckingham,"Would you imagine, or almost believe,",2002
Act III,Scene V,Buckingham,"Were't not that, by great preservation,",2003
Act III,Scene V,Buckingham,"We live to tell it you, the subtle traitor",2004
Act III,Scene V,Buckingham,"This day had plotted, in the council-house",2005
Act III,Scene V,Buckingham,To murder me and my good Lord of Gloucester?,2006
Act III,Scene V,Lord Mayor,"What, had he so?",2007
Act III,Scene V,Gloucester,"What, think You we are Turks or infidels?",2008
Act III,Scene V,Gloucester,"Or that we would, against the form of law,",2009
Act III,Scene V,Gloucester,"Proceed thus rashly to the villain's death,",2010
Act III,Scene V,Gloucester,"But that the extreme peril of the case,",2011
Act III,Scene V,Gloucester,"The peace of England and our persons' safety,",2012
Act III,Scene V,Gloucester,Enforced us to this execution?,2013
Act III,Scene V,Lord Mayor,"Now, fair befall you! he deserved his death;",2014
Act III,Scene V,Lord Mayor,"And you my good lords, both have well proceeded,",2015
Act III,Scene V,Lord Mayor,To warn false traitors from the like attempts.,2016
Act III,Scene V,Lord Mayor,"I never look'd for better at his hands,",2017
Act III,Scene V,Lord Mayor,After he once fell in with Mistress Shore.,2018
Act III,Scene V,Gloucester,"Yet had not we determined he should die,",2019
Act III,Scene V,Gloucester,Until your lordship came to see his death;,2020
Act III,Scene V,Gloucester,"Which now the loving haste of these our friends,",2021
Act III,Scene V,Gloucester,"Somewhat against our meaning, have prevented:",2022
Act III,Scene V,Gloucester,"Because, my lord, we would have had you heard",2023
Act III,Scene V,Gloucester,"The traitor speak, and timorously confess",2024
Act III,Scene V,Gloucester,The manner and the purpose of his treason;,2025
Act III,Scene V,Gloucester,That you might well have signified the same,2026
Act III,Scene V,Gloucester,"Unto the citizens, who haply may",2027
Act III,Scene V,Gloucester,Misconstrue us in him and wail his death.,2028
Act III,Scene V,Lord Mayor,"But, my good lord, your grace's word shall serve,",2029
Act III,Scene V,Lord Mayor,As well as I had seen and heard him speak,2030
Act III,Scene V,Lord Mayor,"And doubt you not, right noble princes both,",2031
Act III,Scene V,Lord Mayor,But I'll acquaint our duteous citizens,2032
Act III,Scene V,Lord Mayor,With all your just proceedings in this cause.,2033
Act III,Scene V,Gloucester,"And to that end we wish'd your lord-ship here,",2034
Act III,Scene V,Gloucester,To avoid the carping censures of the world.,2035
Act III,Scene V,Buckingham,"But since you come too late of our intents,",2036
Act III,Scene V,Buckingham,Yet witness what you hear we did intend:,2037
Act III,Scene V,Buckingham,"And so, my good lord mayor, we bid farewell.",2038
Act III,Scene V,[stage direction],Exit Lord Mayor,NA
Act III,Scene V,Gloucester,"Go, after, after, cousin Buckingham.",2039
Act III,Scene V,Gloucester,The mayor towards Guildhall hies him in all post:,2040
Act III,Scene V,Gloucester,"There, at your meet'st advantage of the time,",2041
Act III,Scene V,Gloucester,Infer the bastardy of Edward's children:,2042
Act III,Scene V,Gloucester,"Tell them how Edward put to death a citizen,",2043
Act III,Scene V,Gloucester,Only for saying he would make his son,2044
Act III,Scene V,Gloucester,"Heir to the crown; meaning indeed his house,",2045
Act III,Scene V,Gloucester,"Which, by the sign thereof was termed so.",2046
Act III,Scene V,Gloucester,"Moreover, urge his hateful luxury",2047
Act III,Scene V,Gloucester,And bestial appetite in change of lust;,2048
Act III,Scene V,Gloucester,"Which stretched to their servants, daughters, wives,",2049
Act III,Scene V,Gloucester,"Even where his lustful eye or savage heart,",2050
Act III,Scene V,Gloucester,"Without control, listed to make his prey.",2051
Act III,Scene V,Gloucester,"Nay, for a need, thus far come near my person:",2052
Act III,Scene V,Gloucester,"Tell them, when that my mother went with child",2053
Act III,Scene V,Gloucester,"Of that unsatiate Edward, noble York",2054
Act III,Scene V,Gloucester,My princely father then had wars in France,2055
Act III,Scene V,Gloucester,"And, by just computation of the time,",2056
Act III,Scene V,Gloucester,Found that the issue was not his begot;,2057
Act III,Scene V,Gloucester,"Which well appeared in his lineaments,",2058
Act III,Scene V,Gloucester,Being nothing like the noble duke my father:,2059
Act III,Scene V,Gloucester,"But touch this sparingly, as 'twere far off,",2060
Act III,Scene V,Gloucester,"Because you know, my lord, my mother lives.",2061
Act III,Scene V,Buckingham,"Fear not, my lord, I'll play the orator",2062
Act III,Scene V,Buckingham,As if the golden fee for which I plead,2063
Act III,Scene V,Buckingham,"Were for myself: and so, my lord, adieu.",2064
Act III,Scene V,Gloucester,"If you thrive well, bring them to Baynard's Castle;",2065
Act III,Scene V,Gloucester,Where you shall find me well accompanied,2066
Act III,Scene V,Gloucester,With reverend fathers and well-learned bishops.,2067
Act III,Scene V,Buckingham,I go: and towards three or four o'clock,2068
Act III,Scene V,Buckingham,Look for the news that the Guildhall affords.,2069
Act III,Scene V,[stage direction],Exit BUCKINGHAM,NA
Act III,Scene V,Gloucester,"Go, Lovel, with all speed to Doctor Shaw;",2070
Act III,Scene V,[stage direction],To CATESBY,NA
Act III,Scene V,Gloucester,Go thou to Friar Penker; bid them both,2071
Act III,Scene V,Gloucester,Meet me within this hour at Baynard's Castle.,2072
Act III,Scene V,[stage direction],Exeunt all but GLOUCESTER,NA
Act III,Scene V,Gloucester,"Now will I in, to take some privy order,",2073
Act III,Scene V,Gloucester,To draw the brats of Clarence out of sight;,2074
Act III,Scene V,Gloucester,"And to give notice, that no manner of person",2075
Act III,Scene V,Gloucester,At any time have recourse unto the princes.,2076
Act III,Scene V,[stage direction],Exit,NA
Act III,Scene VI,[stage direction],"Enter a Scrivener, with a paper in his hand",NA
Act III,Scene VI,Scrivener,This is the indictment of the good Lord Hastings;,2077
Act III,Scene VI,Scrivener,"Which in a set hand fairly is engross'd,",2078
Act III,Scene VI,Scrivener,That it may be this day read over in Paul's.,2079
Act III,Scene VI,Scrivener,And mark how well the sequel hangs together:,2080
Act III,Scene VI,Scrivener,"Eleven hours I spent to write it over,",2081
Act III,Scene VI,Scrivener,For yesternight by Catesby was it brought me;,2082
Act III,Scene VI,Scrivener,The precedent was full as long a-doing:,2083
Act III,Scene VI,Scrivener,"And yet within these five hours lived Lord Hastings,",2084
Act III,Scene VI,Scrivener,"Untainted, unexamined, free, at liberty",2085
Act III,Scene VI,Scrivener,"Here's a good world the while! Why who's so gross,",2086
Act III,Scene VI,Scrivener,That seeth not this palpable device?,2087
Act III,Scene VI,Scrivener,"Yet who's so blind, but says he sees it not?",2088
Act III,Scene VI,Scrivener,"Bad is the world; and all will come to nought,",2089
Act III,Scene VI,Scrivener,When such bad dealings must be seen in thought.,2090
Act III,Scene VI,[stage direction],Exit,NA
Act III,Scene VII,[stage direction],"Enter GLOUCESTER and BUCKINGHAM, at several doors",NA
Act III,Scene VII,Gloucester,"How now, my lord, what say the citizens?",2091
Act III,Scene VII,Buckingham,"Now, by the holy mother of our Lord,",2092
Act III,Scene VII,Buckingham,The citizens are mum and speak not a word.,2093
Act III,Scene VII,Gloucester,Touch'd you the bastardy of Edward's children?,2094
Act III,Scene VII,Buckingham,"I did; with his contract with Lady Lucy,",2095
Act III,Scene VII,Buckingham,And his contract by deputy in France;,2096
Act III,Scene VII,Buckingham,"The insatiate greediness of his desires,",2097
Act III,Scene VII,Buckingham,And his enforcement of the city wives;,2098
Act III,Scene VII,Buckingham,"His tyranny for trifles; his own bastardy,",2099
Act III,Scene VII,Buckingham,"As being got, your father then in France,",2100
Act III,Scene VII,Buckingham,"His resemblance, being not like the duke;",2101
Act III,Scene VII,Buckingham,"Withal I did infer your lineaments,",2102
Act III,Scene VII,Buckingham,"Being the right idea of your father,",2103
Act III,Scene VII,Buckingham,Both in your form and nobleness of mind;,2104
Act III,Scene VII,Buckingham,"Laid open all your victories in Scotland,",2105
Act III,Scene VII,Buckingham,"Your dicipline in war, wisdom in peace,",2106
Act III,Scene VII,Buckingham,"Your bounty, virtue, fair humility:",2107
Act III,Scene VII,Buckingham,"Indeed, left nothing fitting for the purpose",2108
Act III,Scene VII,Buckingham,"Untouch'd, or slightly handled, in discourse",2109
Act III,Scene VII,Buckingham,And when mine oratory grew to an end,2110
Act III,Scene VII,Buckingham,I bid them that did love their country's good,2111
Act III,Scene VII,Buckingham,"Cry 'God save Richard, England's royal king!'",2112
Act III,Scene VII,Gloucester,Ah! and did they so?,2113
Act III,Scene VII,Buckingham,"No, so God help me, they spake not a word;",2114
Act III,Scene VII,Buckingham,"But, like dumb statues or breathing stones,",2115
Act III,Scene VII,Buckingham,"Gazed each on other, and look'd deadly pale.",2116
Act III,Scene VII,Buckingham,"Which when I saw, I reprehended them;",2117
Act III,Scene VII,Buckingham,And ask'd the mayor what meant this wilful silence:,2118
Act III,Scene VII,Buckingham,"His answer was, the people were not wont",2119
Act III,Scene VII,Buckingham,To be spoke to but by the recorder.,2120
Act III,Scene VII,Buckingham,"Then he was urged to tell my tale again,",2121
Act III,Scene VII,Buckingham,"'Thus saith the duke, thus hath the duke inferr'd;'",2122
Act III,Scene VII,Buckingham,But nothing spake in warrant from himself.,2123
Act III,Scene VII,Buckingham,"When he had done, some followers of mine own,",2124
Act III,Scene VII,Buckingham,"At the lower end of the hall, hurl'd up their caps,",2125
Act III,Scene VII,Buckingham,And some ten voices cried 'God save King Richard!',2126
Act III,Scene VII,Buckingham,"And thus I took the vantage of those few,",2127
Act III,Scene VII,Buckingham,"'Thanks, gentle citizens and friends,' quoth I;",2128
Act III,Scene VII,Buckingham,'This general applause and loving shout,2129
Act III,Scene VII,Buckingham,Argues your wisdoms and your love to Richard:',2130
Act III,Scene VII,Buckingham,"And even here brake off, and came away.",2131
Act III,Scene VII,Gloucester,What tongueless blocks were they! would not they speak?,2132
Act III,Scene VII,Buckingham,"No, by my troth, my lord.",2133
Act III,Scene VII,Gloucester,Will not the mayor then and his brethren come?,2134
Act III,Scene VII,Buckingham,The mayor is here at hand: intend some fear;,2135
Act III,Scene VII,Buckingham,"Be not you spoke with, but by mighty suit:",2136
Act III,Scene VII,Buckingham,"And look you get a prayer-book in your hand,",2137
Act III,Scene VII,Buckingham,"And stand betwixt two churchmen, good my lord;",2138
Act III,Scene VII,Buckingham,For on that ground I'll build a holy descant:,2139
Act III,Scene VII,Buckingham,And be not easily won to our request:,2140
Act III,Scene VII,Buckingham,"Play the maid's part, still answer nay, and take it.",2141
Act III,Scene VII,Gloucester,I go; and if you plead as well for them,2142
Act III,Scene VII,Gloucester,"As I can say nay to thee for myself,",2143
Act III,Scene VII,Gloucester,No doubt well bring it to a happy issue.,2144
Act III,Scene VII,Buckingham,"Go, go, up to the leads; the lord mayor knocks.",2145
Act III,Scene VII,[stage direction],Exit GLOUCESTER,NA
Act III,Scene VII,[stage direction],Enter the Lord Mayor and Citizens,NA
Act III,Scene VII,Buckingham,Welcome my lord; I dance attendance here;,2146
Act III,Scene VII,Buckingham,I think the duke will not be spoke withal.,2147
Act III,Scene VII,[stage direction],Enter CATESBY,NA
Act III,Scene VII,Buckingham,"Here comes his servant: how now, Catesby,",2148
Act III,Scene VII,Buckingham,What says he?,2149
Act III,Scene VII,Catesby,My lord: he doth entreat your grace;,2150
Act III,Scene VII,Catesby,To visit him to-morrow or next day:,2151
Act III,Scene VII,Catesby,"He is within, with two right reverend fathers,",2152
Act III,Scene VII,Catesby,Divinely bent to meditation;,2153
Act III,Scene VII,Catesby,"And no worldly suit would he be moved,",2154
Act III,Scene VII,Catesby,To draw him from his holy exercise.,2155
Act III,Scene VII,Buckingham,"Return, good Catesby, to thy lord again;",2156
Act III,Scene VII,Buckingham,"Tell him, myself, the mayor and citizens,",2157
Act III,Scene VII,Buckingham,"In deep designs and matters of great moment,",2158
Act III,Scene VII,Buckingham,"No less importing than our general good,",2159
Act III,Scene VII,Buckingham,Are come to have some conference with his grace.,2160
Act III,Scene VII,Catesby,"I'll tell him what you say, my lord.",2161
Act III,Scene VII,[stage direction],Exit,NA
Act III,Scene VII,Buckingham,"Ah, ha, my lord, this prince is not an Edward!",2162
Act III,Scene VII,Buckingham,"He is not lolling on a lewd day-bed,",2163
Act III,Scene VII,Buckingham,But on his knees at meditation;,2164
Act III,Scene VII,Buckingham,"Not dallying with a brace of courtezans,",2165
Act III,Scene VII,Buckingham,But meditating with two deep divines;,2166
Act III,Scene VII,Buckingham,"Not sleeping, to engross his idle body,",2167
Act III,Scene VII,Buckingham,"But praying, to enrich his watchful soul:",2168
Act III,Scene VII,Buckingham,"Happy were England, would this gracious prince",2169
Act III,Scene VII,Buckingham,Take on himself the sovereignty thereof:,2170
Act III,Scene VII,Buckingham,"But, sure, I fear, we shall ne'er win him to it.",2171
Act III,Scene VII,Lord Mayor,"Marry, God forbid his grace should say us nay!",2172
Act III,Scene VII,Buckingham,I fear he will.,2173
Act III,Scene VII,[stage direction],Re-enter CATESBY,NA
Act III,Scene VII,Buckingham,"How now, Catesby, what says your lord?",2174
Act III,Scene VII,Catesby,"My lord,",2175
Act III,Scene VII,Catesby,He wonders to what end you have assembled,2176
Act III,Scene VII,Catesby,"Such troops of citizens to speak with him,",2177
Act III,Scene VII,Catesby,His grace not being warn'd thereof before:,2178
Act III,Scene VII,Catesby,"My lord, he fears you mean no good to him.",2179
Act III,Scene VII,Buckingham,Sorry I am my noble cousin should,2180
Act III,Scene VII,Buckingham,"Suspect me, that I mean no good to him:",2181
Act III,Scene VII,Buckingham,"By heaven, I come in perfect love to him;",2182
Act III,Scene VII,Buckingham,And so once more return and tell his grace.,2183
Act III,Scene VII,[stage direction],Exit CATESBY,NA
Act III,Scene VII,Buckingham,When holy and devout religious men,2184
Act III,Scene VII,Buckingham,"Are at their beads, 'tis hard to draw them thence,",2185
Act III,Scene VII,Buckingham,So sweet is zealous contemplation.,2186
Act III,Scene VII,[stage direction],"Enter GLOUCESTER aloft, between two Bishops. CATESBY returns",NA
Act III,Scene VII,Lord Mayor,"See, where he stands between two clergymen!",2187
Act III,Scene VII,Buckingham,"Two props of virtue for a Christian prince,",2188
Act III,Scene VII,Buckingham,To stay him from the fall of vanity:,2189
Act III,Scene VII,Buckingham,"And, see, a book of prayer in his hand,",2190
Act III,Scene VII,Buckingham,True ornaments to know a holy man.,2191
Act III,Scene VII,Buckingham,"Famous Plantagenet, most gracious prince,",2192
Act III,Scene VII,Buckingham,Lend favourable ears to our request;,2193
Act III,Scene VII,Buckingham,And pardon us the interruption,2194
Act III,Scene VII,Buckingham,Of thy devotion and right Christian zeal.,2195
Act III,Scene VII,Gloucester,"My lord, there needs no such apology:",2196
Act III,Scene VII,Gloucester,"I rather do beseech you pardon me,",2197
Act III,Scene VII,Gloucester,"Who, earnest in the service of my God,",2198
Act III,Scene VII,Gloucester,Neglect the visitation of my friends.,2199
Act III,Scene VII,Gloucester,"But, leaving this, what is your grace's pleasure?",2200
Act III,Scene VII,Buckingham,"Even that, I hope, which pleaseth God above,",2201
Act III,Scene VII,Buckingham,And all good men of this ungovern'd isle.,2202
Act III,Scene VII,Gloucester,I do suspect I have done some offence,2203
Act III,Scene VII,Gloucester,"That seems disgracious in the city's eyes,",2204
Act III,Scene VII,Gloucester,And that you come to reprehend my ignorance.,2205
Act III,Scene VII,Buckingham,"You have, my lord: would it might please your grace,",2206
Act III,Scene VII,Buckingham,"At our entreaties, to amend that fault!",2207
Act III,Scene VII,Gloucester,Else wherefore breathe I in a Christian land?,2208
Act III,Scene VII,Buckingham,"Then know, it is your fault that you resign",2209
Act III,Scene VII,Buckingham,"The supreme seat, the throne majestical,",2210
Act III,Scene VII,Buckingham,"The scepter'd office of your ancestors,",2211
Act III,Scene VII,Buckingham,"Your state of fortune and your due of birth,",2212
Act III,Scene VII,Buckingham,"The lineal glory of your royal house,",2213
Act III,Scene VII,Buckingham,To the corruption of a blemished stock:,2214
Act III,Scene VII,Buckingham,"Whilst, in the mildness of your sleepy thoughts,",2215
Act III,Scene VII,Buckingham,"Which here we waken to our country's good,",2216
Act III,Scene VII,Buckingham,This noble isle doth want her proper limbs;,2217
Act III,Scene VII,Buckingham,"Her face defaced with scars of infamy,",2218
Act III,Scene VII,Buckingham,"Her royal stock graft with ignoble plants,",2219
Act III,Scene VII,Buckingham,And almost shoulder'd in the swallowing gulf,2220
Act III,Scene VII,Buckingham,Of blind forgetfulness and dark oblivion.,2221
Act III,Scene VII,Buckingham,"Which to recure, we heartily solicit",2222
Act III,Scene VII,Buckingham,Your gracious self to take on you the charge,2223
Act III,Scene VII,Buckingham,"And kingly government of this your land,",2224
Act III,Scene VII,Buckingham,"Not as protector, steward, substitute,",2225
Act III,Scene VII,Buckingham,Or lowly factor for another's gain;,2226
Act III,Scene VII,Buckingham,"But as successively from blood to blood,",2227
Act III,Scene VII,Buckingham,"Your right of birth, your empery, your own.",2228
Act III,Scene VII,Buckingham,"For this, consorted with the citizens,",2229
Act III,Scene VII,Buckingham,"Your very worshipful and loving friends,",2230
Act III,Scene VII,Buckingham,"And by their vehement instigation,",2231
Act III,Scene VII,Buckingham,In this just suit come I to move your grace.,2232
Act III,Scene VII,Gloucester,"I know not whether to depart in silence,",2233
Act III,Scene VII,Gloucester,Or bitterly to speak in your reproof.,2234
Act III,Scene VII,Gloucester,Best fitteth my degree or your condition,2235
Act III,Scene VII,Gloucester,"If not to answer, you might haply think",2236
Act III,Scene VII,Gloucester,"Tongue-tied ambition, not replying, yielded",2237
Act III,Scene VII,Gloucester,"To bear the golden yoke of sovereignty,",2238
Act III,Scene VII,Gloucester,Which fondly you would here impose on me;,2239
Act III,Scene VII,Gloucester,"If to reprove you for this suit of yours,",2240
Act III,Scene VII,Gloucester,So season'd with your faithful love to me.,2241
Act III,Scene VII,Gloucester,"Then, on the other side, I cheque'd my friends.",2242
Act III,Scene VII,Gloucester,"Therefore, to speak, and to avoid the first,",2243
Act III,Scene VII,Gloucester,"And then, in speaking, not to incur the last,",2244
Act III,Scene VII,Gloucester,Definitively thus I answer you.,2245
Act III,Scene VII,Gloucester,Your love deserves my thanks; but my desert,2246
Act III,Scene VII,Gloucester,Unmeritable shuns your high request.,2247
Act III,Scene VII,Gloucester,"First if all obstacles were cut away,",2248
Act III,Scene VII,Gloucester,"And that my path were even to the crown,",2249
Act III,Scene VII,Gloucester,As my ripe revenue and due by birth,2250
Act III,Scene VII,Gloucester,"Yet so much is my poverty of spirit,",2251
Act III,Scene VII,Gloucester,"So mighty and so many my defects,",2252
Act III,Scene VII,Gloucester,"As I had rather hide me from my greatness,",2253
Act III,Scene VII,Gloucester,"Being a bark to brook no mighty sea,",2254
Act III,Scene VII,Gloucester,"Than in my greatness covet to be hid,",2255
Act III,Scene VII,Gloucester,And in the vapour of my glory smother'd.,2256
Act III,Scene VII,Gloucester,"But, God be thank'd, there's no need of me,",2257
Act III,Scene VII,Gloucester,"And much I need to help you, if need were;",2258
Act III,Scene VII,Gloucester,"The royal tree hath left us royal fruit,",2259
Act III,Scene VII,Gloucester,"Which, mellow'd by the stealing hours of time,",2260
Act III,Scene VII,Gloucester,"Will well become the seat of majesty,",2261
Act III,Scene VII,Gloucester,"And make, no doubt, us happy by his reign.",2262
Act III,Scene VII,Gloucester,"On him I lay what you would lay on me,",2263
Act III,Scene VII,Gloucester,The right and fortune of his happy stars;,2264
Act III,Scene VII,Gloucester,Which God defend that I should wring from him!,2265
Act III,Scene VII,Buckingham,"My lord, this argues conscience in your grace;",2266
Act III,Scene VII,Buckingham,"But the respects thereof are nice and trivial,",2267
Act III,Scene VII,Buckingham,All circumstances well considered.,2268
Act III,Scene VII,Buckingham,You say that Edward is your brother's son:,2269
Act III,Scene VII,Buckingham,"So say we too, but not by Edward's wife;",2270
Act III,Scene VII,Buckingham,For first he was contract to Lady Lucy--,2271
Act III,Scene VII,Buckingham,Your mother lives a witness to that vow--,2272
Act III,Scene VII,Buckingham,And afterward by substitute betroth'd,2273
Act III,Scene VII,Buckingham,"To Bona, sister to the King of France.",2274
Act III,Scene VII,Buckingham,"These both put by a poor petitioner,",2275
Act III,Scene VII,Buckingham,"A care-crazed mother of a many children,",2276
Act III,Scene VII,Buckingham,"A beauty-waning and distressed widow,",2277
Act III,Scene VII,Buckingham,"Even in the afternoon of her best days,",2278
Act III,Scene VII,Buckingham,"Made prize and purchase of his lustful eye,",2279
Act III,Scene VII,Buckingham,Seduced the pitch and height of all his thoughts,2280
Act III,Scene VII,Buckingham,To base declension and loathed bigamy,2281
Act III,Scene VII,Buckingham,"By her, in his unlawful bed, he got",2282
Act III,Scene VII,Buckingham,"This Edward, whom our manners term the prince.",2283
Act III,Scene VII,Buckingham,"More bitterly could I expostulate,",2284
Act III,Scene VII,Buckingham,"Save that, for reverence to some alive,",2285
Act III,Scene VII,Buckingham,I give a sparing limit to my tongue.,2286
Act III,Scene VII,Buckingham,"Then, good my lord, take to your royal self",2287
Act III,Scene VII,Buckingham,This proffer'd benefit of dignity;,2288
Act III,Scene VII,Buckingham,"If non to bless us and the land withal,",2289
Act III,Scene VII,Buckingham,Yet to draw forth your noble ancestry,2290
Act III,Scene VII,Buckingham,"From the corruption of abusing times,",2291
Act III,Scene VII,Buckingham,Unto a lineal true-derived course.,2292
Act III,Scene VII,Lord Mayor,"Do, good my lord, your citizens entreat you.",2293
Act III,Scene VII,Buckingham,"Refuse not, mighty lord, this proffer'd love.",2294
Act III,Scene VII,Catesby,"O, make them joyful, grant their lawful suit!",2295
Act III,Scene VII,Gloucester,"Alas, why would you heap these cares on me?",2296
Act III,Scene VII,Gloucester,I am unfit for state and majesty;,2297
Act III,Scene VII,Gloucester,"I do beseech you, take it not amiss;",2298
Act III,Scene VII,Gloucester,I cannot nor I will not yield to you.,2299
Act III,Scene VII,Buckingham,"If you refuse it,--as, in love and zeal,",2300
Act III,Scene VII,Buckingham,"Loath to depose the child, Your brother's son;",2301
Act III,Scene VII,Buckingham,As well we know your tenderness of heart,2302
Act III,Scene VII,Buckingham,"And gentle, kind, effeminate remorse,",2303
Act III,Scene VII,Buckingham,"Which we have noted in you to your kin,",2304
Act III,Scene VII,Buckingham,"And egally indeed to all estates,--",2305
Act III,Scene VII,Buckingham,"Yet whether you accept our suit or no,",2306
Act III,Scene VII,Buckingham,Your brother's son shall never reign our king;,2307
Act III,Scene VII,Buckingham,"But we will plant some other in the throne,",2308
Act III,Scene VII,Buckingham,To the disgrace and downfall of your house:,2309
Act III,Scene VII,Buckingham,And in this resolution here we leave you.--,2310
Act III,Scene VII,Buckingham,"Come, citizens: 'zounds! I'll entreat no more.",2311
Act III,Scene VII,Gloucester,"O, do not swear, my lord of Buckingham.",2312
Act III,Scene VII,[stage direction],Exit BUCKINGHAM with the Citizens,NA
Act III,Scene VII,Catesby,"Call them again, my lord, and accept their suit.",2313
Act III,Scene VII,Another,"Do, good my lord, lest all the land do rue it.",2314
Act III,Scene VII,Gloucester,Would you enforce me to a world of care?,2315
Act III,Scene VII,Gloucester,"Well, call them again. I am not made of stone,",2316
Act III,Scene VII,Gloucester,"But penetrable to your. kind entreats,",2317
Act III,Scene VII,Gloucester,Albeit against my conscience and my soul.,2318
Act III,Scene VII,[stage direction],Re-enter BUCKINGHAM and the rest,NA
Act III,Scene VII,Gloucester,"Cousin of Buckingham, and you sage, grave men,",2319
Act III,Scene VII,Gloucester,"Since you will buckle fortune on my back,",2320
Act III,Scene VII,Gloucester,"To bear her burthen, whether I will or no,",2321
Act III,Scene VII,Gloucester,I must have patience to endure the load:,2322
Act III,Scene VII,Gloucester,But if black scandal or foul-faced reproach,2323
Act III,Scene VII,Gloucester,"Attend the sequel of your imposition,",2324
Act III,Scene VII,Gloucester,Your mere enforcement shall acquittance me,2325
Act III,Scene VII,Gloucester,From all the impure blots and stains thereof;,2326
Act III,Scene VII,Gloucester,"For God he knows, and you may partly see,",2327
Act III,Scene VII,Gloucester,How far I am from the desire thereof.,2328
Act III,Scene VII,Lord Mayor,"God bless your grace! we see it, and will say it.",2329
Act III,Scene VII,Gloucester,"In saying so, you shall but say the truth.",2330
Act III,Scene VII,Buckingham,Then I salute you with this kingly title:,2331
Act III,Scene VII,Buckingham,"Long live Richard, England's royal king!",2332
Act III,Scene VII,Citizens,Amen.,2333
Act III,Scene VII,Buckingham,To-morrow will it please you to be crown'd?,2334
Act III,Scene VII,Gloucester,"Even when you please, since you will have it so.",2335
Act III,Scene VII,Buckingham,"To-morrow, then, we will attend your grace:",2336
Act III,Scene VII,Buckingham,And so most joyfully we take our leave.,2337
Act III,Scene VII,Gloucester,"Come, let us to our holy task again.",2338
Act III,Scene VII,Gloucester,"Farewell, good cousin; farewell, gentle friends.",2339
Act III,Scene VII,[stage direction],Exeunt,NA
Act IV,Scene I,[stage direction],"Enter, on one side, QUEEN ELIZABETH, DUCHESS OF  YORK, and DORSET; on the other, ANNE, Duchess of  Gloucester, leading Lady Margaret Plantagenet, CLARENCE's young Daughter",NA
Act IV,Scene I,Duchess Of York,Who m eets us here?  my niece Plantagenet,2340
Act IV,Scene I,Duchess Of York,Led in the hand of her kind aunt of Gloucester?,2341
Act IV,Scene I,Duchess Of York,"Now, for my life, she's wandering to the Tower,",2342
Act IV,Scene I,Duchess Of York,On pure heart's love to greet the tender princes.,2343
Act IV,Scene I,Duchess Of York,"Daughter, well met.",2344
Act IV,Scene I,Lady Anne,God give your graces both,2345
Act IV,Scene I,Lady Anne,A happy and a joyful time of day!,2346
Act IV,Scene I,Queen Elizabeth,"As much to you, good sister! Whither away?",2347
Act IV,Scene I,Lady Anne,"No farther than the Tower; and, as I guess,",2348
Act IV,Scene I,Lady Anne,"Upon the like devotion as yourselves,",2349
Act IV,Scene I,Lady Anne,To gratulate the gentle princes there.,2350
Act IV,Scene I,Queen Elizabeth,"Kind sister, thanks: we'll enter all together.",2351
Act IV,Scene I,[stage direction],Enter BRAKENBURY,NA
Act IV,Scene I,Queen Elizabeth,"And, in good time, here the lieutenant comes.",2352
Act IV,Scene I,Queen Elizabeth,"Master lieutenant, pray you, by your leave,",2353
Act IV,Scene I,Queen Elizabeth,"How doth the prince, and my young son of York?",2354
Act IV,Scene I,Brakenbury,"Right well, dear madam. By your patience,",2355
Act IV,Scene I,Brakenbury,I may not suffer you to visit them;,2356
Act IV,Scene I,Brakenbury,The king hath straitly charged the contrary.,2357
Act IV,Scene I,Queen Elizabeth,"The king! why, who's that?",2358
Act IV,Scene I,Brakenbury,I cry you mercy: I mean the lord protector.,2359
Act IV,Scene I,Queen Elizabeth,The Lord protect him from that kingly title!,2360
Act IV,Scene I,Queen Elizabeth,Hath he set bounds betwixt their love and me?,2361
Act IV,Scene I,Queen Elizabeth,I am their mother; who should keep me from them?,2362
Act IV,Scene I,Duchess Of York,I am their fathers mother; I will see them.,2363
Act IV,Scene I,Lady Anne,"Their aunt I am in law, in love their mother:",2364
Act IV,Scene I,Lady Anne,Then bring me to their sights; I'll bear thy blame,2365
Act IV,Scene I,Lady Anne,"And take thy office from thee, on my peril.",2366
Act IV,Scene I,Brakenbury,"No, madam, no; I may not leave it so:",2367
Act IV,Scene I,Brakenbury,"I am bound by oath, and therefore pardon me.",2368
Act IV,Scene I,[stage direction],Exit,NA
Act IV,Scene I,[stage direction],Enter LORD STANLEY,NA
Act IV,Scene I,Lord Stanley,"Let me but meet you, ladies, one hour hence,",2369
Act IV,Scene I,Lord Stanley,"And I'll salute your grace of York as mother,",2370
Act IV,Scene I,Lord Stanley,"And reverend looker on, of two fair queens.",2371
Act IV,Scene I,[stage direction],To LADY ANNE,NA
Act IV,Scene I,Lord Stanley,"Come, madam, you must straight to Westminster,",2372
Act IV,Scene I,Lord Stanley,There to be crowned Richard's royal queen.,2373
Act IV,Scene I,Queen Elizabeth,"O, cut my lace in sunder, that my pent heart",2374
Act IV,Scene I,Queen Elizabeth,"May have some scope to beat, or else I swoon",2375
Act IV,Scene I,Queen Elizabeth,With this dead-killing news!,2376
Act IV,Scene I,Lady Anne,Despiteful tidings! O unpleasing news!,2377
Act IV,Scene I,Dorset,"Be of good cheer: mother, how fares your grace?",2378
Act IV,Scene I,Queen Elizabeth,"O Dorset, speak not to me, get thee hence!",2379
Act IV,Scene I,Queen Elizabeth,Death and destruction dog thee at the heels;,2380
Act IV,Scene I,Queen Elizabeth,Thy mother's name is ominous to children.,2381
Act IV,Scene I,Queen Elizabeth,"If thou wilt outstrip death, go cross the seas,",2382
Act IV,Scene I,Queen Elizabeth,"And live with Richmond, from the reach of hell",2383
Act IV,Scene I,Queen Elizabeth,"Go, hie thee, hie thee from this slaughter-house,",2384
Act IV,Scene I,Queen Elizabeth,Lest thou increase the number of the dead;,2385
Act IV,Scene I,Queen Elizabeth,"And make me die the thrall of Margaret's curse,",2386
Act IV,Scene I,Queen Elizabeth,"Nor mother, wife, nor England's counted queen.",2387
Act IV,Scene I,Lord Stanley,"Full of wise care is this your counsel, madam.",2388
Act IV,Scene I,Lord Stanley,Take all the swift advantage of the hours;,2389
Act IV,Scene I,Lord Stanley,You shall have letters from me to my son,2390
Act IV,Scene I,Lord Stanley,"To meet you on the way, and welcome you.",2391
Act IV,Scene I,Lord Stanley,Be not ta'en tardy by unwise delay.,2392
Act IV,Scene I,Duchess Of York,O ill-dispersing wind of misery!,2393
Act IV,Scene I,Duchess Of York,"O my accursed womb, the bed of death!",2394
Act IV,Scene I,Duchess Of York,"A cockatrice hast thou hatch'd to the world,",2395
Act IV,Scene I,Duchess Of York,Whose unavoided eye is murderous.,2396
Act IV,Scene I,Lord Stanley,"Come, madam, come; I in all haste was sent.",2397
Act IV,Scene I,Lady Anne,And I in all unwillingness will go.,2398
Act IV,Scene I,Lady Anne,I would to God that the inclusive verge,2399
Act IV,Scene I,Lady Anne,Of golden metal that must round my brow,2400
Act IV,Scene I,Lady Anne,"Were red-hot steel, to sear me to the brain!",2401
Act IV,Scene I,Lady Anne,"Anointed let me be with deadly venom,",2402
Act IV,Scene I,Lady Anne,"And die, ere men can say, God save the queen!",2403
Act IV,Scene I,Queen Elizabeth,"Go, go, poor soul, I envy not thy glory",2404
Act IV,Scene I,Queen Elizabeth,"To feed my humour, wish thyself no harm.",2405
Act IV,Scene I,Lady Anne,No! why?  When he that is my husband now,2406
Act IV,Scene I,Lady Anne,"Came to me, as I follow'd Henry's corse,",2407
Act IV,Scene I,Lady Anne,When scarce the blood was well wash'd from his hands,2408
Act IV,Scene I,Lady Anne,Which issued from my other angel husband,2409
Act IV,Scene I,Lady Anne,And that dead saint which then I weeping follow'd;,2410
Act IV,Scene I,Lady Anne,"O, when, I say, I look'd on Richard's face,",2411
Act IV,Scene I,Lady Anne,"This was my wish: 'Be thou,' quoth I, ' accursed,",2412
Act IV,Scene I,Lady Anne,"For making me, so young, so old a widow!",2413
Act IV,Scene I,Lady Anne,"And, when thou wed'st, let sorrow haunt thy bed;",2414
Act IV,Scene I,Lady Anne,And be thy wife--if any be so mad--,2415
Act IV,Scene I,Lady Anne,As miserable by the life of thee,2416
Act IV,Scene I,Lady Anne,As thou hast made me by my dear lord's death!,2417
Act IV,Scene I,Lady Anne,"Lo, ere I can repeat this curse again,",2418
Act IV,Scene I,Lady Anne,"Even in so short a space, my woman's heart",2419
Act IV,Scene I,Lady Anne,Grossly grew captive to his honey words,2420
Act IV,Scene I,Lady Anne,"And proved the subject of my own soul's curse,",2421
Act IV,Scene I,Lady Anne,Which ever since hath kept my eyes from rest;,2422
Act IV,Scene I,Lady Anne,For never yet one hour in his bed,2423
Act IV,Scene I,Lady Anne,"Have I enjoy'd the golden dew of sleep,",2424
Act IV,Scene I,Lady Anne,But have been waked by his timorous dreams.,2425
Act IV,Scene I,Lady Anne,"Besides, he hates me for my father Warwick;",2426
Act IV,Scene I,Lady Anne,"And will, no doubt, shortly be rid of me.",2427
Act IV,Scene I,Queen Elizabeth,"Poor heart, adieu! I pity thy complaining.",2428
Act IV,Scene I,Lady Anne,No more than from my soul I mourn for yours.,2429
Act IV,Scene I,Queen Elizabeth,"Farewell, thou woful welcomer of glory!",2430
Act IV,Scene I,Lady Anne,"Adieu, poor soul, that takest thy leave of it!",2431
Act IV,Scene I,Duchess Of York,[To DORSET],2432
Act IV,Scene I,Duchess Of York,"Go thou to Richmond, and good fortune guide thee!",2433
Act IV,Scene I,[stage direction],To LADY ANNE,NA
Act IV,Scene I,Duchess Of York,"Go thou to Richard, and good angels guard thee!",2434
Act IV,Scene I,[stage direction],To QUEEN ELIZABETH,NA
Act IV,Scene I,Duchess Of York,"Go thou to sanctuary, and good thoughts possess thee!",2435
Act IV,Scene I,Duchess Of York,"I to my grave, where peace and rest lie with me!",2436
Act IV,Scene I,Duchess Of York,"Eighty odd years of sorrow have I seen,",2437
Act IV,Scene I,Duchess Of York,And each hour's joy wrecked with a week of teen.,2438
Act IV,Scene I,Queen Elizabeth,"Stay, yet look back with me unto the Tower.",2439
Act IV,Scene I,Queen Elizabeth,"Pity, you ancient stones, those tender babes",2440
Act IV,Scene I,Queen Elizabeth,Whom envy hath immured within your walls!,2441
Act IV,Scene I,Queen Elizabeth,Rough cradle for such little pretty ones!,2442
Act IV,Scene I,Queen Elizabeth,"Rude ragged nurse, old sullen playfellow",2443
Act IV,Scene I,Queen Elizabeth,"For tender princes, use my babies well!",2444
Act IV,Scene I,Queen Elizabeth,So foolish sorrow bids your stones farewell.,2445
Act IV,Scene I,[stage direction],Exeunt,NA
Act IV,Scene II,[stage direction],"Sennet. Enter KING RICHARD III, in pomp, crowned; BUCKINGHAM, CATESBY, a page, and others",NA
Act IV,Scene II,King Richard Iii,Stand all apart Cousin of Buckingham!,2446
Act IV,Scene II,Buckingham,My gracious sovereign?,2447
Act IV,Scene II,King Richard Iii,Give me thy hand.,2448
Act IV,Scene II,[stage direction],Here he ascendeth his throne,NA
Act IV,Scene II,King Richard Iii,"Thus high, by thy advice",2449
Act IV,Scene II,King Richard Iii,"And thy assistance, is King Richard seated;",2450
Act IV,Scene II,King Richard Iii,But shall we wear these honours for a day?,2451
Act IV,Scene II,King Richard Iii,"Or shall they last, and we rejoice in them?",2452
Act IV,Scene II,Buckingham,Still live they and for ever may they last!,2453
Act IV,Scene II,King Richard Iii,"O Buckingham, now do I play the touch,",2454
Act IV,Scene II,King Richard Iii,To try if thou be current gold indeed,2455
Act IV,Scene II,King Richard Iii,Young Edward lives: think now what I would say.,2456
Act IV,Scene II,Buckingham,"Say on, my loving lord.",2457
Act IV,Scene II,King Richard Iii,"Why, Buckingham, I say, I would be king,",2458
Act IV,Scene II,Buckingham,"Why, so you are, my thrice renowned liege.",2459
Act IV,Scene II,King Richard Iii,Ha! am I king? 'tis so: but Edward lives.,2460
Act IV,Scene II,Buckingham,"True, noble prince.",2461
Act IV,Scene II,King Richard Iii,"O bitter consequence,",2462
Act IV,Scene II,King Richard Iii,"That Edward still should live! 'True, noble prince!'",2463
Act IV,Scene II,King Richard Iii,"Cousin, thou wert not wont to be so dull:",2464
Act IV,Scene II,King Richard Iii,Shall I be plain? I wish the bastards dead;,2465
Act IV,Scene II,King Richard Iii,And I would have it suddenly perform'd.,2466
Act IV,Scene II,King Richard Iii,What sayest thou? speak suddenly; be brief.,2467
Act IV,Scene II,Buckingham,Your grace may do your pleasure.,2468
Act IV,Scene II,King Richard Iii,"Tut, tut, thou art all ice, thy kindness freezeth:",2469
Act IV,Scene II,King Richard Iii,"Say, have I thy consent that they shall die?",2470
Act IV,Scene II,Buckingham,"Give me some breath, some little pause, my lord",2471
Act IV,Scene II,Buckingham,Before I positively herein:,2472
Act IV,Scene II,Buckingham,I will resolve your grace immediately.,2473
Act IV,Scene II,[stage direction],Exit,NA
Act IV,Scene II,Catesby,[Aside to a stander by],2474
Act IV,Scene II,Catesby,"The king is angry: see, he bites the lip.",2475
Act IV,Scene II,King Richard Iii,I will converse with iron-witted fools,2476
Act IV,Scene II,King Richard Iii,And unrespective boys: none are for me,2477
Act IV,Scene II,King Richard Iii,That look into me with considerate eyes:,2478
Act IV,Scene II,King Richard Iii,High-reaching Buckingham grows circumspect.,2479
Act IV,Scene II,King Richard Iii,Boy!,2480
Act IV,Scene II,Page,My lord?,2481
Act IV,Scene II,King Richard Iii,Know'st thou not any whom corrupting gold,2482
Act IV,Scene II,King Richard Iii,Would tempt unto a close exploit of death?,2483
Act IV,Scene II,Page,"My lord, I know a discontented gentleman,",2484
Act IV,Scene II,Page,Whose humble means match not his haughty mind:,2485
Act IV,Scene II,Page,"Gold were as good as twenty orators,",2486
Act IV,Scene II,Page,"And will, no doubt, tempt him to any thing.",2487
Act IV,Scene II,King Richard Iii,What is his name?,2488
Act IV,Scene II,Page,"His name, my lord, is Tyrrel.",2489
Act IV,Scene II,King Richard Iii,"I partly know the man: go, call him hither.",2490
Act IV,Scene II,[stage direction],Exit Page,NA
Act IV,Scene II,King Richard Iii,The deep-revolving witty Buckingham,2491
Act IV,Scene II,King Richard Iii,No more shall be the neighbour to my counsel:,2492
Act IV,Scene II,King Richard Iii,"Hath he so long held out with me untired,",2493
Act IV,Scene II,King Richard Iii,And stops he now for breath?,2494
Act IV,Scene II,[stage direction],Enter STANLEY,NA
Act IV,Scene II,King Richard Iii,How now! what news with you?,2495
Act IV,Scene II,Stanley,"My lord, I hear the Marquis Dorset's fled",2496
Act IV,Scene II,Stanley,"To Richmond, in those parts beyond the sea",2497
Act IV,Scene II,Stanley,Where he abides.,2498
Act IV,Scene II,[stage direction],Stands apart,NA
Act IV,Scene II,King Richard Iii,Catesby!,2499
Act IV,Scene II,Catesby,My lord?,2500
Act IV,Scene II,King Richard Iii,Rumour it abroad,2501
Act IV,Scene II,King Richard Iii,"That Anne, my wife, is sick and like to die:",2502
Act IV,Scene II,King Richard Iii,I will take order for her keeping close.,2503
Act IV,Scene II,King Richard Iii,"Inquire me out some mean-born gentleman,",2504
Act IV,Scene II,King Richard Iii,Whom I will marry straight to Clarence' daughter:,2505
Act IV,Scene II,King Richard Iii,"The boy is foolish, and I fear not him.",2506
Act IV,Scene II,King Richard Iii,"Look, how thou dream'st! I say again, give out",2507
Act IV,Scene II,King Richard Iii,That Anne my wife is sick and like to die:,2508
Act IV,Scene II,King Richard Iii,"About it; for it stands me much upon,",2509
Act IV,Scene II,King Richard Iii,To stop all hopes whose growth may damage me.,2510
Act IV,Scene II,[stage direction],Exit CATESBY,NA
Act IV,Scene II,King Richard Iii,"I must be married to my brother's daughter,",2511
Act IV,Scene II,King Richard Iii,Or else my kingdom stands on brittle glass.,2512
Act IV,Scene II,King Richard Iii,"Murder her brothers, and then marry her!",2513
Act IV,Scene II,King Richard Iii,Uncertain way of gain! But I am in,2514
Act IV,Scene II,King Richard Iii,So far in blood that sin will pluck on sin:,2515
Act IV,Scene II,King Richard Iii,Tear-falling pity dwells not in this eye.,2516
Act IV,Scene II,[stage direction],"Re-enter Page, with TYRREL",NA
Act IV,Scene II,King Richard Iii,Is thy name Tyrrel?,2517
Act IV,Scene II,Tyrrel,"James Tyrrel, and your most obedient subject.",2518
Act IV,Scene II,King Richard Iii,"Art thou, indeed?",2519
Act IV,Scene II,Tyrrel,"Prove me, my gracious sovereign.",2520
Act IV,Scene II,King Richard Iii,Darest thou resolve to kill a friend of mine?,2521
Act IV,Scene II,Tyrrel,"Ay, my lord;",2522
Act IV,Scene II,Tyrrel,But I had rather kill two enemies.,2523
Act IV,Scene II,King Richard Iii,"Why, there thou hast it: two deep enemies,",2524
Act IV,Scene II,King Richard Iii,Foes to my rest and my sweet sleep's disturbers,2525
Act IV,Scene II,King Richard Iii,Are they that I would have thee deal upon:,2526
Act IV,Scene II,King Richard Iii,"Tyrrel, I mean those bastards in the Tower.",2527
Act IV,Scene II,Tyrrel,"Let me have open means to come to them,",2528
Act IV,Scene II,Tyrrel,And soon I'll rid you from the fear of them.,2529
Act IV,Scene II,King Richard Iii,"Thou sing'st sweet music. Hark, come hither, Tyrrel",2530
Act IV,Scene II,King Richard Iii,"Go, by this token: rise, and lend thine ear:",2531
Act IV,Scene II,[stage direction],Whispers,NA
Act IV,Scene II,King Richard Iii,"There is no more but so: say it is done,",2532
Act IV,Scene II,King Richard Iii,"And I will love thee, and prefer thee too.",2533
Act IV,Scene II,Tyrrel,"'Tis done, my gracious lord.",2534
Act IV,Scene II,King Richard Iii,"Shall we hear from thee, Tyrrel, ere we sleep?",2535
Act IV,Scene II,Tyrrel,"Ye shall, my Lord.",2536
Act IV,Scene II,[stage direction],Exit,NA
Act IV,Scene II,[stage direction],Re-enter BUCKINGHAM,NA
Act IV,Scene II,Buckingham,"My Lord, I have consider'd in my mind",2537
Act IV,Scene II,Buckingham,The late demand that you did sound me in.,2538
Act IV,Scene II,King Richard Iii,"Well, let that pass. Dorset is fled to Richmond.",2539
Act IV,Scene II,Buckingham,"I hear that news, my lord.",2540
Act IV,Scene II,King Richard Iii,"Stanley, he is your wife's son well, look to it.",2541
Act IV,Scene II,Buckingham,"My lord, I claim your gift, my due by promise,",2542
Act IV,Scene II,Buckingham,For which your honour and your faith is pawn'd;,2543
Act IV,Scene II,Buckingham,The earldom of Hereford and the moveables,2544
Act IV,Scene II,Buckingham,The which you promised I should possess.,2545
Act IV,Scene II,King Richard Iii,"Stanley, look to your wife; if she convey",2546
Act IV,Scene II,King Richard Iii,"Letters to Richmond, you shall answer it.",2547
Act IV,Scene II,Buckingham,What says your highness to my just demand?,2548
Act IV,Scene II,King Richard Iii,"As I remember, Henry the Sixth",2549
Act IV,Scene II,King Richard Iii,"Did prophesy that Richmond should be king,",2550
Act IV,Scene II,King Richard Iii,When Richmond was a little peevish boy.,2551
Act IV,Scene II,King Richard Iii,"A king, perhaps, perhaps,--",2552
Act IV,Scene II,Buckingham,My lord!,2553
Act IV,Scene II,King Richard Iii,How chance the prophet could not at that time,2554
Act IV,Scene II,King Richard Iii,"Have told me, I being by, that I should kill him?",2555
Act IV,Scene II,Buckingham,"My lord, your promise for the earldom,--",2556
Act IV,Scene II,King Richard Iii,"Richmond! When last I was at Exeter,",2557
Act IV,Scene II,King Richard Iii,"The mayor in courtesy show'd me the castle,",2558
Act IV,Scene II,King Richard Iii,"And call'd it Rougemont: at which name I started,",2559
Act IV,Scene II,King Richard Iii,Because a bard of Ireland told me once,2560
Act IV,Scene II,King Richard Iii,I should not live long after I saw Richmond.,2561
Act IV,Scene II,Buckingham,My Lord!,2562
Act IV,Scene II,King Richard Iii,"Ay, what's o'clock?",2563
Act IV,Scene II,Buckingham,I am thus bold to put your grace in mind,2564
Act IV,Scene II,Buckingham,Of what you promised me.,2565
Act IV,Scene II,King Richard Iii,"Well, but what's o'clock?",2566
Act IV,Scene II,Buckingham,Upon the stroke of ten.,2567
Act IV,Scene II,King Richard Iii,"Well, let it strike.",2568
Act IV,Scene II,Buckingham,Why let it strike?,2569
Act IV,Scene II,King Richard Iii,"Because that, like a Jack, thou keep'st the stroke",2570
Act IV,Scene II,King Richard Iii,Betwixt thy begging and my meditation.,2571
Act IV,Scene II,King Richard Iii,I am not in the giving vein to-day.,2572
Act IV,Scene II,Buckingham,"Why, then resolve me whether you will or no.",2573
Act IV,Scene II,King Richard Iii,"Tut, tut,",2574
Act IV,Scene II,King Richard Iii,Thou troublest me; am not in the vein.,2575
Act IV,Scene II,[stage direction],Exeunt all but BUCKINGHAM,NA
Act IV,Scene II,Buckingham,Is it even so? rewards he my true service,2576
Act IV,Scene II,Buckingham,With such deep contempt made I him king for this?,2577
Act IV,Scene II,Buckingham,"O, let me think on Hastings, and be gone",2578
Act IV,Scene II,Buckingham,"To Brecknock, while my fearful head is on!",2579
Act IV,Scene II,[stage direction],Exit,NA
Act IV,Scene III,[stage direction],Enter TYRREL,NA
Act IV,Scene III,Tyrrel,The tyrannous and bloody deed is done.,2580
Act IV,Scene III,Tyrrel,The most arch of piteous massacre,2581
Act IV,Scene III,Tyrrel,That ever yet this land was guilty of.,2582
Act IV,Scene III,Tyrrel,"Dighton and Forrest, whom I did suborn",2583
Act IV,Scene III,Tyrrel,"To do this ruthless piece of butchery,",2584
Act IV,Scene III,Tyrrel,"Although they were flesh'd villains, bloody dogs,",2585
Act IV,Scene III,Tyrrel,Melting with tenderness and kind compassion,2586
Act IV,Scene III,Tyrrel,Wept like two children in their deaths' sad stories.,2587
Act IV,Scene III,Tyrrel,"'Lo, thus' quoth Dighton, 'lay those tender babes:'",2588
Act IV,Scene III,Tyrrel,"'Thus, thus,' quoth Forrest, 'girdling one another",2589
Act IV,Scene III,Tyrrel,Within their innocent alabaster arms:,2590
Act IV,Scene III,Tyrrel,"Their lips were four red roses on a stalk,",2591
Act IV,Scene III,Tyrrel,Which in their summer beauty kiss'd each other.,2592
Act IV,Scene III,Tyrrel,A book of prayers on their pillow lay;,2593
Act IV,Scene III,Tyrrel,"Which once,' quoth Forrest, 'almost changed my mind;",2594
Act IV,Scene III,Tyrrel,But O! the devil'--there the villain stopp'd,2595
Act IV,Scene III,Tyrrel,Whilst Dighton thus told on: 'We smothered,2596
Act IV,Scene III,Tyrrel,"The most replenished sweet work of nature,",2597
Act IV,Scene III,Tyrrel,That from the prime creation e'er she framed.',2598
Act IV,Scene III,Tyrrel,Thus both are gone with conscience and remorse;,2599
Act IV,Scene III,Tyrrel,"They could not speak; and so I left them both,",2600
Act IV,Scene III,Tyrrel,To bring this tidings to the bloody king.,2601
Act IV,Scene III,Tyrrel,And here he comes.,2602
Act IV,Scene III,[stage direction],Enter KING RICHARD III,NA
Act IV,Scene III,Tyrrel,"All hail, my sovereign liege!",2603
Act IV,Scene III,King Richard Iii,"Kind Tyrrel, am I happy in thy news?",2604
Act IV,Scene III,Tyrrel,If to have done the thing you gave in charge,2605
Act IV,Scene III,Tyrrel,"Beget your happiness, be happy then,",2606
Act IV,Scene III,Tyrrel,"For it is done, my lord.",2607
Act IV,Scene III,King Richard Iii,But didst thou see them dead?,2608
Act IV,Scene III,Tyrrel,"I did, my lord.",2609
Act IV,Scene III,King Richard Iii,"And buried, gentle Tyrrel?",2610
Act IV,Scene III,Tyrrel,The chaplain of the Tower hath buried them;,2611
Act IV,Scene III,Tyrrel,But how or in what place I do not know.,2612
Act IV,Scene III,King Richard Iii,"Come to me, Tyrrel, soon at after supper,",2613
Act IV,Scene III,King Richard Iii,And thou shalt tell the process of their death.,2614
Act IV,Scene III,King Richard Iii,"Meantime, but think how I may do thee good,",2615
Act IV,Scene III,King Richard Iii,And be inheritor of thy desire.,2616
Act IV,Scene III,King Richard Iii,Farewell till soon.,2617
Act IV,Scene III,[stage direction],Exit TYRREL,NA
Act IV,Scene III,King Richard Iii,The son of Clarence have I pent up close;,2618
Act IV,Scene III,King Richard Iii,His daughter meanly have I match'd in marriage;,2619
Act IV,Scene III,King Richard Iii,"The sons of Edward sleep in Abraham's bosom,",2620
Act IV,Scene III,King Richard Iii,And Anne my wife hath bid the world good night.,2621
Act IV,Scene III,King Richard Iii,"Now, for I know the Breton Richmond aims",2622
Act IV,Scene III,King Richard Iii,"At young Elizabeth, my brother's daughter,",2623
Act IV,Scene III,King Richard Iii,"And, by that knot, looks proudly o'er the crown,",2624
Act IV,Scene III,King Richard Iii,"To her I go, a jolly thriving wooer.",2625
Act IV,Scene III,[stage direction],Enter CATESBY,NA
Act IV,Scene III,Catesby,My lord!,2626
Act IV,Scene III,King Richard Iii,"Good news or bad, that thou comest in so bluntly?",2627
Act IV,Scene III,Catesby,"Bad news, my lord: Ely is fled to Richmond;",2628
Act IV,Scene III,Catesby,"And Buckingham, back'd with the hardy Welshmen,",2629
Act IV,Scene III,Catesby,"Is in the field, and still his power increaseth.",2630
Act IV,Scene III,King Richard Iii,Ely with Richmond troubles me more near,2631
Act IV,Scene III,King Richard Iii,Than Buckingham and his rash-levied army.,2632
Act IV,Scene III,King Richard Iii,"Come, I have heard that fearful commenting",2633
Act IV,Scene III,King Richard Iii,Is leaden servitor to dull delay;,2634
Act IV,Scene III,King Richard Iii,Delay leads impotent and snail-paced beggary,2635
Act IV,Scene III,King Richard Iii,"Then fiery expedition be my wing,",2636
Act IV,Scene III,King Richard Iii,"Jove's Mercury, and herald for a king!",2637
Act IV,Scene III,King Richard Iii,"Come, muster men: my counsel is my shield;",2638
Act IV,Scene III,King Richard Iii,We must be brief when traitors brave the field.,2639
Act IV,Scene III,[stage direction],Exeunt,NA
Act IV,Scene IV,[stage direction],Enter QUEEN MARGARET,NA
Act IV,Scene IV,Queen Margaret,"So, now prosperity begins to mellow",2640
Act IV,Scene IV,Queen Margaret,And drop into the rotten mouth of death.,2641
Act IV,Scene IV,Queen Margaret,"Here in these confines slily have I lurk'd,",2642
Act IV,Scene IV,Queen Margaret,To watch the waning of mine adversaries.,2643
Act IV,Scene IV,Queen Margaret,"A dire induction am I witness to,",2644
Act IV,Scene IV,Queen Margaret,"And will to France, hoping the consequence",2645
Act IV,Scene IV,Queen Margaret,"Will prove as bitter, black, and tragical.",2646
Act IV,Scene IV,Queen Margaret,"Withdraw thee, wretched Margaret: who comes here?",2647
Act IV,Scene IV,[stage direction],Enter QUEEN ELIZABETH and the DUCHESS OF YORK,NA
Act IV,Scene IV,Queen Elizabeth,"Ah, my young princes! ah, my tender babes!",2648
Act IV,Scene IV,Queen Elizabeth,"My unblown flowers, new-appearing sweets!",2649
Act IV,Scene IV,Queen Elizabeth,If yet your gentle souls fly in the air,2650
Act IV,Scene IV,Queen Elizabeth,"And be not fix'd in doom perpetual,",2651
Act IV,Scene IV,Queen Elizabeth,Hover about me with your airy wings,2652
Act IV,Scene IV,Queen Elizabeth,And hear your mother's lamentation!,2653
Act IV,Scene IV,Queen Margaret,"Hover about her; say, that right for right",2654
Act IV,Scene IV,Queen Margaret,Hath dimm'd your infant morn to aged night.,2655
Act IV,Scene IV,Duchess Of York,"So many miseries have crazed my voice,",2656
Act IV,Scene IV,Duchess Of York,"That my woe-wearied tongue is mute and dumb,",2657
Act IV,Scene IV,Duchess Of York,"Edward Plantagenet, why art thou dead?",2658
Act IV,Scene IV,Queen Margaret,Plantagenet doth quit Plantagenet.,2659
Act IV,Scene IV,Queen Margaret,Edward for Edward pays a dying debt.,2660
Act IV,Scene IV,Queen Elizabeth,"Wilt thou, O God, fly from such gentle lambs,",2661
Act IV,Scene IV,Queen Elizabeth,And throw them in the entrails of the wolf?,2662
Act IV,Scene IV,Queen Elizabeth,When didst thou sleep when such a deed was done?,2663
Act IV,Scene IV,Queen Margaret,"When holy Harry died, and my sweet son.",2664
Act IV,Scene IV,Duchess Of York,"Blind sight, dead life, poor mortal living ghost,",2665
Act IV,Scene IV,Duchess Of York,"Woe's scene, world's shame, grave's due by life usurp'd,",2666
Act IV,Scene IV,Duchess Of York,"Brief abstract and record of tedious days,",2667
Act IV,Scene IV,Duchess Of York,"Rest thy unrest on England's lawful earth,",2668
Act IV,Scene IV,[stage direction],Sitting down,NA
Act IV,Scene IV,Duchess Of York,Unlawfully made drunk with innocents' blood!,2669
Act IV,Scene IV,Queen Elizabeth,"O, that thou wouldst as well afford a grave",2670
Act IV,Scene IV,Queen Elizabeth,As thou canst yield a melancholy seat!,2671
Act IV,Scene IV,Queen Elizabeth,"Then would I hide my bones, not rest them here.",2672
Act IV,Scene IV,Queen Elizabeth,"O, who hath any cause to mourn but I?",2673
Act IV,Scene IV,[stage direction],Sitting down by her,NA
Act IV,Scene IV,Queen Margaret,"If ancient sorrow be most reverend,",2674
Act IV,Scene IV,Queen Margaret,"Give mine the benefit of seniory,",2675
Act IV,Scene IV,Queen Margaret,And let my woes frown on the upper hand.,2676
Act IV,Scene IV,Queen Margaret,"If sorrow can admit society,",2677
Act IV,Scene IV,[stage direction],Sitting down with them,NA
Act IV,Scene IV,Queen Margaret,Tell o'er your woes again by viewing mine:,2678
Act IV,Scene IV,Queen Margaret,"I had an Edward, till a Richard kill'd him;",2679
Act IV,Scene IV,Queen Margaret,"I had a Harry, till a Richard kill'd him:",2680
Act IV,Scene IV,Queen Margaret,"Thou hadst an Edward, till a Richard kill'd him;",2681
Act IV,Scene IV,Queen Margaret,"Thou hadst a Richard, till a Richard killed him;",2682
Act IV,Scene IV,Duchess Of York,"I had a Richard too, and thou didst kill him;",2683
Act IV,Scene IV,Duchess Of York,"I had a Rutland too, thou holp'st to kill him.",2684
Act IV,Scene IV,Queen Margaret,"Thou hadst a Clarence too, and Richard kill'd him.",2685
Act IV,Scene IV,Queen Margaret,From forth the kennel of thy womb hath crept,2686
Act IV,Scene IV,Queen Margaret,A hell-hound that doth hunt us all to death:,2687
Act IV,Scene IV,Queen Margaret,"That dog, that had his teeth before his eyes,",2688
Act IV,Scene IV,Queen Margaret,"To worry lambs and lap their gentle blood,",2689
Act IV,Scene IV,Queen Margaret,"That foul defacer of God's handiwork,",2690
Act IV,Scene IV,Queen Margaret,"That excellent grand tyrant of the earth,",2691
Act IV,Scene IV,Queen Margaret,"That reigns in galled eyes of weeping souls,",2692
Act IV,Scene IV,Queen Margaret,"Thy womb let loose, to chase us to our graves.",2693
Act IV,Scene IV,Queen Margaret,"O upright, just, and true-disposing God,",2694
Act IV,Scene IV,Queen Margaret,"How do I thank thee, that this carnal cur",2695
Act IV,Scene IV,Queen Margaret,"Preys on the issue of his mother's body,",2696
Act IV,Scene IV,Queen Margaret,And makes her pew-fellow with others' moan!,2697
Act IV,Scene IV,Duchess Of York,"O Harry's wife, triumph not in my woes!",2698
Act IV,Scene IV,Duchess Of York,"God witness with me, I have wept for thine.",2699
Act IV,Scene IV,Queen Margaret,"Bear with me; I am hungry for revenge,",2700
Act IV,Scene IV,Queen Margaret,And now I cloy me with beholding it.,2701
Act IV,Scene IV,Queen Margaret,"Thy Edward he is dead, that stabb'd my Edward:",2702
Act IV,Scene IV,Queen Margaret,"Thy other Edward dead, to quit my Edward;",2703
Act IV,Scene IV,Queen Margaret,"Young York he is but boot, because both they",2704
Act IV,Scene IV,Queen Margaret,Match not the high perfection of my loss:,2705
Act IV,Scene IV,Queen Margaret,Thy Clarence he is dead that kill'd my Edward;,2706
Act IV,Scene IV,Queen Margaret,"And the beholders of this tragic play,",2707
Act IV,Scene IV,Queen Margaret,"The adulterate Hastings, Rivers, Vaughan, Grey,",2708
Act IV,Scene IV,Queen Margaret,Untimely smother'd in their dusky graves.,2709
Act IV,Scene IV,Queen Margaret,"Richard yet lives, hell's black intelligencer,",2710
Act IV,Scene IV,Queen Margaret,"Only reserved their factor, to buy souls",2711
Act IV,Scene IV,Queen Margaret,"And send them thither: but at hand, at hand,",2712
Act IV,Scene IV,Queen Margaret,Ensues his piteous and unpitied end:,2713
Act IV,Scene IV,Queen Margaret,"Earth gapes, hell burns, fiends roar, saints pray.",2714
Act IV,Scene IV,Queen Margaret,To have him suddenly convey'd away.,2715
Act IV,Scene IV,Queen Margaret,"Cancel his bond of life, dear God, I prey,",2716
Act IV,Scene IV,Queen Margaret,"That I may live to say, The dog is dead!",2717
Act IV,Scene IV,Queen Elizabeth,"O, thou didst prophesy the time would come",2718
Act IV,Scene IV,Queen Elizabeth,That I should wish for thee to help me curse,2719
Act IV,Scene IV,Queen Elizabeth,"That bottled spider, that foul bunch-back'd toad!",2720
Act IV,Scene IV,Queen Margaret,I call'd thee then vain flourish of my fortune;,2721
Act IV,Scene IV,Queen Margaret,"I call'd thee then poor shadow, painted queen;",2722
Act IV,Scene IV,Queen Margaret,The presentation of but what I was;,2723
Act IV,Scene IV,Queen Margaret,The flattering index of a direful pageant;,2724
Act IV,Scene IV,Queen Margaret,"One heaved a-high, to be hurl'd down below;",2725
Act IV,Scene IV,Queen Margaret,A mother only mock'd with two sweet babes;,2726
Act IV,Scene IV,Queen Margaret,"A dream of what thou wert, a breath, a bubble,",2727
Act IV,Scene IV,Queen Margaret,"A sign of dignity, a garish flag,",2728
Act IV,Scene IV,Queen Margaret,"To be the aim of every dangerous shot,",2729
Act IV,Scene IV,Queen Margaret,"A queen in jest, only to fill the scene.",2730
Act IV,Scene IV,Queen Margaret,Where is thy husband now? where be thy brothers?,2731
Act IV,Scene IV,Queen Margaret,"Where are thy children? wherein dost thou, joy?",2732
Act IV,Scene IV,Queen Margaret,Who sues to thee and cries 'God save the queen'?,2733
Act IV,Scene IV,Queen Margaret,Where be the bending peers that flatter'd thee?,2734
Act IV,Scene IV,Queen Margaret,Where be the thronging troops that follow'd thee?,2735
Act IV,Scene IV,Queen Margaret,"Decline all this, and see what now thou art:",2736
Act IV,Scene IV,Queen Margaret,"For happy wife, a most distressed widow;",2737
Act IV,Scene IV,Queen Margaret,"For joyful mother, one that wails the name;",2738
Act IV,Scene IV,Queen Margaret,"For queen, a very caitiff crown'd with care;",2739
Act IV,Scene IV,Queen Margaret,"For one being sued to, one that humbly sues;",2740
Act IV,Scene IV,Queen Margaret,"For one that scorn'd at me, now scorn'd of me;",2741
Act IV,Scene IV,Queen Margaret,"For one being fear'd of all, now fearing one;",2742
Act IV,Scene IV,Queen Margaret,"For one commanding all, obey'd of none.",2743
Act IV,Scene IV,Queen Margaret,"Thus hath the course of justice wheel'd about,",2744
Act IV,Scene IV,Queen Margaret,And left thee but a very prey to time;,2745
Act IV,Scene IV,Queen Margaret,"Having no more but thought of what thou wert,",2746
Act IV,Scene IV,Queen Margaret,"To torture thee the more, being what thou art.",2747
Act IV,Scene IV,Queen Margaret,"Thou didst usurp my place, and dost thou not",2748
Act IV,Scene IV,Queen Margaret,Usurp the just proportion of my sorrow?,2749
Act IV,Scene IV,Queen Margaret,Now thy proud neck bears half my burthen'd yoke;,2750
Act IV,Scene IV,Queen Margaret,"From which even here I slip my weary neck,",2751
Act IV,Scene IV,Queen Margaret,And leave the burthen of it all on thee.,2752
Act IV,Scene IV,Queen Margaret,"Farewell, York's wife, and queen of sad mischance:",2753
Act IV,Scene IV,Queen Margaret,These English woes will make me smile in France.,2754
Act IV,Scene IV,Queen Elizabeth,"O thou well skill'd in curses, stay awhile,",2755
Act IV,Scene IV,Queen Elizabeth,And teach me how to curse mine enemies!,2756
Act IV,Scene IV,Queen Margaret,"Forbear to sleep the nights, and fast the days;",2757
Act IV,Scene IV,Queen Margaret,Compare dead happiness with living woe;,2758
Act IV,Scene IV,Queen Margaret,"Think that thy babes were fairer than they were,",2759
Act IV,Scene IV,Queen Margaret,And he that slew them fouler than he is:,2760
Act IV,Scene IV,Queen Margaret,Bettering thy loss makes the bad causer worse:,2761
Act IV,Scene IV,Queen Margaret,Revolving this will teach thee how to curse.,2762
Act IV,Scene IV,Queen Elizabeth,"My words are dull; O, quicken them with thine!",2763
Act IV,Scene IV,Queen Margaret,"Thy woes will make them sharp, and pierce like mine.",2764
Act IV,Scene IV,[stage direction],Exit,NA
Act IV,Scene IV,Duchess Of York,Why should calamity be full of words?,2765
Act IV,Scene IV,Queen Elizabeth,"Windy attorneys to their client woes,",2766
Act IV,Scene IV,Queen Elizabeth,"Airy succeeders of intestate joys,",2767
Act IV,Scene IV,Queen Elizabeth,Poor breathing orators of miseries!,2768
Act IV,Scene IV,Queen Elizabeth,Let them have scope: though what they do impart,2769
Act IV,Scene IV,Queen Elizabeth,"Help not all, yet do they ease the heart.",2770
Act IV,Scene IV,Duchess Of York,"If so, then be not tongue-tied: go with me.",2771
Act IV,Scene IV,Duchess Of York,And in the breath of bitter words let's smother,2772
Act IV,Scene IV,Duchess Of York,"My damned son, which thy two sweet sons smother'd.",2773
Act IV,Scene IV,Duchess Of York,I hear his drum: be copious in exclaims.,2774
Act IV,Scene IV,[stage direction],"Enter KING RICHARD III, marching, with drums and trumpets",NA
Act IV,Scene IV,King Richard Iii,Who intercepts my expedition?,2775
Act IV,Scene IV,Duchess Of York,"O, she that might have intercepted thee,",2776
Act IV,Scene IV,Duchess Of York,By strangling thee in her accursed womb,2777
Act IV,Scene IV,Duchess Of York,"From all the slaughters, wretch, that thou hast done!",2778
Act IV,Scene IV,Queen Elizabeth,"Hidest thou that forehead with a golden crown,",2779
Act IV,Scene IV,Queen Elizabeth,"Where should be graven, if that right were right,",2780
Act IV,Scene IV,Queen Elizabeth,"The slaughter of the prince that owed that crown,",2781
Act IV,Scene IV,Queen Elizabeth,And the dire death of my two sons and brothers?,2782
Act IV,Scene IV,Queen Elizabeth,"Tell me, thou villain slave, where are my children?",2783
Act IV,Scene IV,Duchess Of York,"Thou toad, thou toad, where is thy brother Clarence?",2784
Act IV,Scene IV,Duchess Of York,"And little Ned Plantagenet, his son?",2785
Act IV,Scene IV,Queen Elizabeth,"Where is kind Hastings, Rivers, Vaughan, Grey?",2786
Act IV,Scene IV,King Richard Iii,"A flourish, trumpets! strike alarum, drums!",2787
Act IV,Scene IV,King Richard Iii,Let not the heavens hear these tell-tale women,2788
Act IV,Scene IV,King Richard Iii,"Rail on the Lord's enointed: strike, I say!",2789
Act IV,Scene IV,[stage direction],Flourish. Alarums,NA
Act IV,Scene IV,King Richard Iii,"Either be patient, and entreat me fair,",2790
Act IV,Scene IV,King Richard Iii,Or with the clamorous report of war,2791
Act IV,Scene IV,King Richard Iii,Thus will I drown your exclamations.,2792
Act IV,Scene IV,Duchess Of York,Art thou my son?,2793
Act IV,Scene IV,King Richard Iii,"Ay, I thank God, my father, and yourself.",2794
Act IV,Scene IV,Duchess Of York,Then patiently hear my impatience.,2795
Act IV,Scene IV,King Richard Iii,"Madam, I have a touch of your condition,",2796
Act IV,Scene IV,King Richard Iii,Which cannot brook the accent of reproof.,2797
Act IV,Scene IV,Duchess Of York,"O, let me speak!",2798
Act IV,Scene IV,King Richard Iii,Do then: but I'll not hear.,2799
Act IV,Scene IV,Duchess Of York,I will be mild and gentle in my speech.,2800
Act IV,Scene IV,King Richard Iii,"And brief, good mother; for I am in haste.",2801
Act IV,Scene IV,Duchess Of York,"Art thou so hasty? I have stay'd for thee,",2802
Act IV,Scene IV,Duchess Of York,"God knows, in anguish, pain and agony.",2803
Act IV,Scene IV,King Richard Iii,And came I not at last to comfort you?,2804
Act IV,Scene IV,Duchess Of York,"No, by the holy rood, thou know'st it well,",2805
Act IV,Scene IV,Duchess Of York,Thou camest on earth to make the earth my hell.,2806
Act IV,Scene IV,Duchess Of York,A grievous burthen was thy birth to me;,2807
Act IV,Scene IV,Duchess Of York,Tetchy and wayward was thy infancy;,2808
Act IV,Scene IV,Duchess Of York,"Thy school-days frightful, desperate, wild, and furious,",2809
Act IV,Scene IV,Duchess Of York,"Thy prime of manhood daring, bold, and venturous,",2810
Act IV,Scene IV,Duchess Of York,"Thy age confirm'd, proud, subdued, bloody,",2811
Act IV,Scene IV,Duchess Of York,"treacherous,",2812
Act IV,Scene IV,Duchess Of York,"More mild, but yet more harmful, kind in hatred:",2813
Act IV,Scene IV,Duchess Of York,"What comfortable hour canst thou name,",2814
Act IV,Scene IV,Duchess Of York,That ever graced me in thy company?,2815
Act IV,Scene IV,King Richard Iii,"Faith, none, but Humphrey Hour, that call'd",2816
Act IV,Scene IV,King Richard Iii,your grace,2817
Act IV,Scene IV,King Richard Iii,To breakfast once forth of my company.,2818
Act IV,Scene IV,King Richard Iii,"If I be so disgracious in your sight,",2819
Act IV,Scene IV,King Richard Iii,"Let me march on, and not offend your grace.",2820
Act IV,Scene IV,King Richard Iii,Strike the drum.,2821
Act IV,Scene IV,Duchess Of York,"I prithee, hear me speak.",2822
Act IV,Scene IV,King Richard Iii,You speak too bitterly.,2823
Act IV,Scene IV,Duchess Of York,Hear me a word;,2824
Act IV,Scene IV,Duchess Of York,For I shall never speak to thee again.,2825
Act IV,Scene IV,King Richard Iii,So.,2826
Act IV,Scene IV,Duchess Of York,"Either thou wilt die, by God's just ordinance,",2827
Act IV,Scene IV,Duchess Of York,"Ere from this war thou turn a conqueror,",2828
Act IV,Scene IV,Duchess Of York,Or I with grief and extreme age shall perish,2829
Act IV,Scene IV,Duchess Of York,And never look upon thy face again.,2830
Act IV,Scene IV,Duchess Of York,Therefore take with thee my most heavy curse;,2831
Act IV,Scene IV,Duchess Of York,"Which, in the day of battle, tire thee more",2832
Act IV,Scene IV,Duchess Of York,Than all the complete armour that thou wear'st!,2833
Act IV,Scene IV,Duchess Of York,My prayers on the adverse party fight;,2834
Act IV,Scene IV,Duchess Of York,And there the little souls of Edward's children,2835
Act IV,Scene IV,Duchess Of York,Whisper the spirits of thine enemies,2836
Act IV,Scene IV,Duchess Of York,And promise them success and victory.,2837
Act IV,Scene IV,Duchess Of York,"Bloody thou art, bloody will be thy end;",2838
Act IV,Scene IV,Duchess Of York,Shame serves thy life and doth thy death attend.,2839
Act IV,Scene IV,[stage direction],Exit,NA
Act IV,Scene IV,Queen Elizabeth,"Though far more cause, yet much less spirit to curse",2840
Act IV,Scene IV,Queen Elizabeth,Abides in me; I say amen to all.,2841
Act IV,Scene IV,King Richard Iii,"Stay, madam; I must speak a word with you.",2842
Act IV,Scene IV,Queen Elizabeth,I have no more sons of the royal blood,2843
Act IV,Scene IV,Queen Elizabeth,"For thee to murder: for my daughters, Richard,",2844
Act IV,Scene IV,Queen Elizabeth,"They shall be praying nuns, not weeping queens;",2845
Act IV,Scene IV,Queen Elizabeth,And therefore level not to hit their lives.,2846
Act IV,Scene IV,King Richard Iii,"You have a daughter call'd Elizabeth,",2847
Act IV,Scene IV,King Richard Iii,"Virtuous and fair, royal and gracious.",2848
Act IV,Scene IV,Queen Elizabeth,"And must she die for this? O, let her live,",2849
Act IV,Scene IV,Queen Elizabeth,"And I'll corrupt her manners, stain her beauty;",2850
Act IV,Scene IV,Queen Elizabeth,Slander myself as false to Edward's bed;,2851
Act IV,Scene IV,Queen Elizabeth,Throw over her the veil of infamy:,2852
Act IV,Scene IV,Queen Elizabeth,"So she may live unscarr'd of bleeding slaughter,",2853
Act IV,Scene IV,Queen Elizabeth,I will confess she was not Edward's daughter.,2854
Act IV,Scene IV,King Richard Iii,"Wrong not her birth, she is of royal blood.",2855
Act IV,Scene IV,Queen Elizabeth,"To save her life, I'll say she is not so.",2856
Act IV,Scene IV,King Richard Iii,Her life is only safest in her birth.,2857
Act IV,Scene IV,Queen Elizabeth,And only in that safety died her brothers.,2858
Act IV,Scene IV,King Richard Iii,"Lo, at their births good stars were opposite.",2859
Act IV,Scene IV,Queen Elizabeth,"No, to their lives bad friends were contrary.",2860
Act IV,Scene IV,King Richard Iii,All unavoided is the doom of destiny.,2861
Act IV,Scene IV,Queen Elizabeth,"True, when avoided grace makes destiny:",2862
Act IV,Scene IV,Queen Elizabeth,"My babes were destined to a fairer death,",2863
Act IV,Scene IV,Queen Elizabeth,If grace had bless'd thee with a fairer life.,2864
Act IV,Scene IV,King Richard Iii,You speak as if that I had slain my cousins.,2865
Act IV,Scene IV,Queen Elizabeth,"Cousins, indeed; and by their uncle cozen'd",2866
Act IV,Scene IV,Queen Elizabeth,"Of comfort, kingdom, kindred, freedom, life.",2867
Act IV,Scene IV,Queen Elizabeth,"Whose hand soever lanced their tender hearts,",2868
Act IV,Scene IV,Queen Elizabeth,"Thy head, all indirectly, gave direction:",2869
Act IV,Scene IV,Queen Elizabeth,No doubt the murderous knife was dull and blunt,2870
Act IV,Scene IV,Queen Elizabeth,"Till it was whetted on thy stone-hard heart,",2871
Act IV,Scene IV,Queen Elizabeth,To revel in the entrails of my lambs.,2872
Act IV,Scene IV,Queen Elizabeth,"But that still use of grief makes wild grief tame,",2873
Act IV,Scene IV,Queen Elizabeth,My tongue should to thy ears not name my boys,2874
Act IV,Scene IV,Queen Elizabeth,Till that my nails were anchor'd in thine eyes;,2875
Act IV,Scene IV,Queen Elizabeth,"And I, in such a desperate bay of death,",2876
Act IV,Scene IV,Queen Elizabeth,"Like a poor bark, of sails and tackling reft,",2877
Act IV,Scene IV,Queen Elizabeth,Rush all to pieces on thy rocky bosom.,2878
Act IV,Scene IV,King Richard Iii,"Madam, so thrive I in my enterprise",2879
Act IV,Scene IV,King Richard Iii,"And dangerous success of bloody wars,",2880
Act IV,Scene IV,King Richard Iii,"As I intend more good to you and yours,",2881
Act IV,Scene IV,King Richard Iii,Than ever you or yours were by me wrong'd!,2882
Act IV,Scene IV,Queen Elizabeth,"What good is cover'd with the face of heaven,",2883
Act IV,Scene IV,Queen Elizabeth,"To be discover'd, that can do me good?",2884
Act IV,Scene IV,King Richard Iii,"The advancement of your children, gentle lady.",2885
Act IV,Scene IV,Queen Elizabeth,"Up to some scaffold, there to lose their heads?",2886
Act IV,Scene IV,King Richard Iii,"No, to the dignity and height of honour",2887
Act IV,Scene IV,King Richard Iii,The high imperial type of this earth's glory.,2888
Act IV,Scene IV,Queen Elizabeth,Flatter my sorrows with report of it;,2889
Act IV,Scene IV,Queen Elizabeth,"Tell me what state, what dignity, what honour,",2890
Act IV,Scene IV,Queen Elizabeth,Canst thou demise to any child of mine?,2891
Act IV,Scene IV,King Richard Iii,"Even all I have; yea, and myself and all,",2892
Act IV,Scene IV,King Richard Iii,Will I withal endow a child of thine;,2893
Act IV,Scene IV,King Richard Iii,So in the Lethe of thy angry soul,2894
Act IV,Scene IV,King Richard Iii,Thou drown the sad remembrance of those wrongs,2895
Act IV,Scene IV,King Richard Iii,Which thou supposest I have done to thee.,2896
Act IV,Scene IV,Queen Elizabeth,"Be brief, lest that be process of thy kindness",2897
Act IV,Scene IV,Queen Elizabeth,Last longer telling than thy kindness' date.,2898
Act IV,Scene IV,King Richard Iii,"Then know, that from my soul I love thy daughter.",2899
Act IV,Scene IV,Queen Elizabeth,My daughter's mother thinks it with her soul.,2900
Act IV,Scene IV,King Richard Iii,What do you think?,2901
Act IV,Scene IV,Queen Elizabeth,That thou dost love my daughter from thy soul:,2902
Act IV,Scene IV,Queen Elizabeth,So from thy soul's love didst thou love her brothers;,2903
Act IV,Scene IV,Queen Elizabeth,And from my heart's love I do thank thee for it.,2904
Act IV,Scene IV,King Richard Iii,Be not so hasty to confound my meaning:,2905
Act IV,Scene IV,King Richard Iii,"I mean, that with my soul I love thy daughter,",2906
Act IV,Scene IV,King Richard Iii,And mean to make her queen of England.,2907
Act IV,Scene IV,Queen Elizabeth,"Say then, who dost thou mean shall be her king?",2908
Act IV,Scene IV,King Richard Iii,Even he that makes her queen who should be else?,2909
Act IV,Scene IV,Queen Elizabeth,"What, thou?",2910
Act IV,Scene IV,King Richard Iii,"I, even I: what think you of it, madam?",2911
Act IV,Scene IV,Queen Elizabeth,How canst thou woo her?,2912
Act IV,Scene IV,King Richard Iii,"That would I learn of you,",2913
Act IV,Scene IV,King Richard Iii,As one that are best acquainted with her humour.,2914
Act IV,Scene IV,Queen Elizabeth,And wilt thou learn of me?,2915
Act IV,Scene IV,King Richard Iii,"Madam, with all my heart.",2916
Act IV,Scene IV,Queen Elizabeth,"Send to her, by the man that slew her brothers,",2917
Act IV,Scene IV,Queen Elizabeth,A pair of bleeding-hearts; thereon engrave,2918
Act IV,Scene IV,Queen Elizabeth,Edward and York; then haply she will weep:,2919
Act IV,Scene IV,Queen Elizabeth,Therefore present to her--as sometime Margaret,2920
Act IV,Scene IV,Queen Elizabeth,"Did to thy father, steep'd in Rutland's blood,--",2921
Act IV,Scene IV,Queen Elizabeth,"A handkerchief; which, say to her, did drain",2922
Act IV,Scene IV,Queen Elizabeth,The purple sap from her sweet brother's body,2923
Act IV,Scene IV,Queen Elizabeth,And bid her dry her weeping eyes therewith.,2924
Act IV,Scene IV,Queen Elizabeth,"If this inducement force her not to love,",2925
Act IV,Scene IV,Queen Elizabeth,Send her a story of thy noble acts;,2926
Act IV,Scene IV,Queen Elizabeth,"Tell her thou madest away her uncle Clarence,",2927
Act IV,Scene IV,Queen Elizabeth,"Her uncle Rivers; yea, and, for her sake,",2928
Act IV,Scene IV,Queen Elizabeth,Madest quick conveyance with her good aunt Anne.,2929
Act IV,Scene IV,King Richard Iii,"Come, come, you mock me; this is not the way",2930
Act IV,Scene IV,King Richard Iii,To win our daughter.,2931
Act IV,Scene IV,Queen Elizabeth,There is no other way,2932
Act IV,Scene IV,Queen Elizabeth,"Unless thou couldst put on some other shape,",2933
Act IV,Scene IV,Queen Elizabeth,And not be Richard that hath done all this.,2934
Act IV,Scene IV,King Richard Iii,Say that I did all this for love of her.,2935
Act IV,Scene IV,Queen Elizabeth,"Nay, then indeed she cannot choose but hate thee,",2936
Act IV,Scene IV,Queen Elizabeth,Having bought love with such a bloody spoil.,2937
Act IV,Scene IV,King Richard Iii,"Look, what is done cannot be now amended:",2938
Act IV,Scene IV,King Richard Iii,"Men shall deal unadvisedly sometimes,",2939
Act IV,Scene IV,King Richard Iii,Which after hours give leisure to repent.,2940
Act IV,Scene IV,King Richard Iii,"If I did take the kingdom from your sons,",2941
Act IV,Scene IV,King Richard Iii,"To make amends, Ill give it to your daughter.",2942
Act IV,Scene IV,King Richard Iii,"If I have kill'd the issue of your womb,",2943
Act IV,Scene IV,King Richard Iii,"To quicken your increase, I will beget",2944
Act IV,Scene IV,King Richard Iii,Mine issue of your blood upon your daughter,2945
Act IV,Scene IV,King Richard Iii,A grandam's name is little less in love,2946
Act IV,Scene IV,King Richard Iii,Than is the doting title of a mother;,2947
Act IV,Scene IV,King Richard Iii,"They are as children but one step below,",2948
Act IV,Scene IV,King Richard Iii,"Even of your mettle, of your very blood;",2949
Act IV,Scene IV,King Richard Iii,"Of an one pain, save for a night of groans",2950
Act IV,Scene IV,King Richard Iii,"Endured of her, for whom you bid like sorrow.",2951
Act IV,Scene IV,King Richard Iii,"Your children were vexation to your youth,",2952
Act IV,Scene IV,King Richard Iii,But mine shall be a comfort to your age.,2953
Act IV,Scene IV,King Richard Iii,"The loss you have is but a son being king,",2954
Act IV,Scene IV,King Richard Iii,And by that loss your daughter is made queen.,2955
Act IV,Scene IV,King Richard Iii,"I cannot make you what amends I would,",2956
Act IV,Scene IV,King Richard Iii,Therefore accept such kindness as I can.,2957
Act IV,Scene IV,King Richard Iii,"Dorset your son, that with a fearful soul",2958
Act IV,Scene IV,King Richard Iii,"Leads discontented steps in foreign soil,",2959
Act IV,Scene IV,King Richard Iii,This fair alliance quickly shall call home,2960
Act IV,Scene IV,King Richard Iii,To high promotions and great dignity:,2961
Act IV,Scene IV,King Richard Iii,"The king, that calls your beauteous daughter wife.",2962
Act IV,Scene IV,King Richard Iii,Familiarly shall call thy Dorset brother;,2963
Act IV,Scene IV,King Richard Iii,"Again shall you be mother to a king,",2964
Act IV,Scene IV,King Richard Iii,And all the ruins of distressful times,2965
Act IV,Scene IV,King Richard Iii,Repair'd with double riches of content.,2966
Act IV,Scene IV,King Richard Iii,What! we have many goodly days to see:,2967
Act IV,Scene IV,King Richard Iii,The liquid drops of tears that you have shed,2968
Act IV,Scene IV,King Richard Iii,"Shall come again, transform'd to orient pearl,",2969
Act IV,Scene IV,King Richard Iii,Advantaging their loan with interest,2970
Act IV,Scene IV,King Richard Iii,Of ten times double gain of happiness.,2971
Act IV,Scene IV,King Richard Iii,"Go, then my mother, to thy daughter go",2972
Act IV,Scene IV,King Richard Iii,Make bold her bashful years with your experience;,2973
Act IV,Scene IV,King Richard Iii,Prepare her ears to hear a wooer's tale,2974
Act IV,Scene IV,King Richard Iii,Put in her tender heart the aspiring flame,2975
Act IV,Scene IV,King Richard Iii,Of golden sovereignty; acquaint the princess,2976
Act IV,Scene IV,King Richard Iii,With the sweet silent hours of marriage joys,2977
Act IV,Scene IV,King Richard Iii,And when this arm of mine hath chastised,2978
Act IV,Scene IV,King Richard Iii,"The petty rebel, dull-brain'd Buckingham,",2979
Act IV,Scene IV,King Richard Iii,Bound with triumphant garlands will I come,2980
Act IV,Scene IV,King Richard Iii,And lead thy daughter to a conqueror's bed;,2981
Act IV,Scene IV,King Richard Iii,"To whom I will retail my conquest won,",2982
Act IV,Scene IV,King Richard Iii,"And she shall be sole victress, Caesar's Caesar.",2983
Act IV,Scene IV,Queen Elizabeth,What were I best to say? her father's brother,2984
Act IV,Scene IV,Queen Elizabeth,"Would be her lord? or shall I say, her uncle?",2985
Act IV,Scene IV,Queen Elizabeth,"Or, he that slew her brothers and her uncles?",2986
Act IV,Scene IV,Queen Elizabeth,"Under what title shall I woo for thee,",2987
Act IV,Scene IV,Queen Elizabeth,"That God, the law, my honour and her love,",2988
Act IV,Scene IV,Queen Elizabeth,Can make seem pleasing to her tender years?,2989
Act IV,Scene IV,King Richard Iii,Infer fair England's peace by this alliance.,2990
Act IV,Scene IV,Queen Elizabeth,Which she shall purchase with still lasting war.,2991
Act IV,Scene IV,King Richard Iii,"Say that the king, which may command, entreats.",2992
Act IV,Scene IV,Queen Elizabeth,That at her hands which the king's King forbids.,2993
Act IV,Scene IV,King Richard Iii,"Say, she shall be a high and mighty queen.",2994
Act IV,Scene IV,Queen Elizabeth,"To wail the tide, as her mother doth.",2995
Act IV,Scene IV,King Richard Iii,"Say, I will love her everlastingly.",2996
Act IV,Scene IV,Queen Elizabeth,But how long shall that title 'ever' last?,2997
Act IV,Scene IV,King Richard Iii,Sweetly in force unto her fair life's end.,2998
Act IV,Scene IV,Queen Elizabeth,But how long fairly shall her sweet lie last?,2999
Act IV,Scene IV,King Richard Iii,So long as heaven and nature lengthens it.,3000
Act IV,Scene IV,Queen Elizabeth,So long as hell and Richard likes of it.,3001
Act IV,Scene IV,King Richard Iii,"Say, I, her sovereign, am her subject love.",3002
Act IV,Scene IV,Queen Elizabeth,"But she, your subject, loathes such sovereignty.",3003
Act IV,Scene IV,King Richard Iii,Be eloquent in my behalf to her.,3004
Act IV,Scene IV,Queen Elizabeth,An honest tale speeds best being plainly told.,3005
Act IV,Scene IV,King Richard Iii,Then in plain terms tell her my loving tale.,3006
Act IV,Scene IV,Queen Elizabeth,Plain and not honest is too harsh a style.,3007
Act IV,Scene IV,King Richard Iii,Your reasons are too shallow and too quick.,3008
Act IV,Scene IV,Queen Elizabeth,"O no, my reasons are too deep and dead;",3009
Act IV,Scene IV,Queen Elizabeth,"Too deep and dead, poor infants, in their grave.",3010
Act IV,Scene IV,King Richard Iii,"Harp not on that string, madam; that is past.",3011
Act IV,Scene IV,Queen Elizabeth,Harp on it still shall I till heart-strings break.,3012
Act IV,Scene IV,King Richard Iii,"Now, by my George, my garter, and my crown,--",3013
Act IV,Scene IV,Queen Elizabeth,"Profaned, dishonour'd, and the third usurp'd.",3014
Act IV,Scene IV,King Richard Iii,I swear--,3015
Act IV,Scene IV,Queen Elizabeth,By nothing; for this is no oath:,3016
Act IV,Scene IV,Queen Elizabeth,"The George, profaned, hath lost his holy honour;",3017
Act IV,Scene IV,Queen Elizabeth,"The garter, blemish'd, pawn'd his knightly virtue;",3018
Act IV,Scene IV,Queen Elizabeth,"The crown, usurp'd, disgraced his kingly glory.",3019
Act IV,Scene IV,Queen Elizabeth,"if something thou wilt swear to be believed,",3020
Act IV,Scene IV,Queen Elizabeth,Swear then by something that thou hast not wrong'd.,3021
Act IV,Scene IV,King Richard Iii,"Now, by the world--",3022
Act IV,Scene IV,Queen Elizabeth,'Tis full of thy foul wrongs.,3023
Act IV,Scene IV,King Richard Iii,My father's death--,3024
Act IV,Scene IV,Queen Elizabeth,Thy life hath that dishonour'd.,3025
Act IV,Scene IV,King Richard Iii,"Then, by myself--",3026
Act IV,Scene IV,Queen Elizabeth,Thyself thyself misusest.,3027
Act IV,Scene IV,King Richard Iii,"Why then, by God--",3028
Act IV,Scene IV,Queen Elizabeth,God's wrong is most of all.,3029
Act IV,Scene IV,Queen Elizabeth,"If thou hadst fear'd to break an oath by Him,",3030
Act IV,Scene IV,Queen Elizabeth,The unity the king thy brother made,3031
Act IV,Scene IV,Queen Elizabeth,"Had not been broken, nor my brother slain:",3032
Act IV,Scene IV,Queen Elizabeth,"If thou hadst fear'd to break an oath by Him,",3033
Act IV,Scene IV,Queen Elizabeth,"The imperial metal, circling now thy brow,",3034
Act IV,Scene IV,Queen Elizabeth,"Had graced the tender temples of my child,",3035
Act IV,Scene IV,Queen Elizabeth,"And both the princes had been breathing here,",3036
Act IV,Scene IV,Queen Elizabeth,"Which now, two tender playfellows to dust,",3037
Act IV,Scene IV,Queen Elizabeth,Thy broken faith hath made a prey for worms.,3038
Act IV,Scene IV,Queen Elizabeth,What canst thou swear by now?,3039
Act IV,Scene IV,King Richard Iii,The time to come.,3040
Act IV,Scene IV,Queen Elizabeth,That thou hast wronged in the time o'erpast;,3041
Act IV,Scene IV,Queen Elizabeth,For I myself have many tears to wash,3042
Act IV,Scene IV,Queen Elizabeth,"Hereafter time, for time past wrong'd by thee.",3043
Act IV,Scene IV,Queen Elizabeth,"The children live, whose parents thou hast",3044
Act IV,Scene IV,Queen Elizabeth,"slaughter'd,",3045
Act IV,Scene IV,Queen Elizabeth,"Ungovern'd youth, to wail it in their age;",3046
Act IV,Scene IV,Queen Elizabeth,"The parents live, whose children thou hast butcher'd,",3047
Act IV,Scene IV,Queen Elizabeth,"Old wither'd plants, to wail it with their age.",3048
Act IV,Scene IV,Queen Elizabeth,Swear not by time to come; for that thou hast,3049
Act IV,Scene IV,Queen Elizabeth,"Misused ere used, by time misused o'erpast.",3050
Act IV,Scene IV,King Richard Iii,"As I intend to prosper and repent,",3051
Act IV,Scene IV,King Richard Iii,So thrive I in my dangerous attempt,3052
Act IV,Scene IV,King Richard Iii,Of hostile arms! myself myself confound!,3053
Act IV,Scene IV,King Richard Iii,Heaven and fortune bar me happy hours!,3054
Act IV,Scene IV,King Richard Iii,"Day, yield me not thy light; nor, night, thy rest!",3055
Act IV,Scene IV,King Richard Iii,Be opposite all planets of good luck,3056
Act IV,Scene IV,King Richard Iii,"To my proceedings, if, with pure heart's love,",3057
Act IV,Scene IV,King Richard Iii,"Immaculate devotion, holy thoughts,",3058
Act IV,Scene IV,King Richard Iii,I tender not thy beauteous princely daughter!,3059
Act IV,Scene IV,King Richard Iii,In her consists my happiness and thine;,3060
Act IV,Scene IV,King Richard Iii,"Without her, follows to this land and me,",3061
Act IV,Scene IV,King Richard Iii,"To thee, herself, and many a Christian soul,",3062
Act IV,Scene IV,King Richard Iii,"Death, desolation, ruin and decay:",3063
Act IV,Scene IV,King Richard Iii,It cannot be avoided but by this;,3064
Act IV,Scene IV,King Richard Iii,It will not be avoided but by this.,3065
Act IV,Scene IV,King Richard Iii,"Therefore, good mother,--I must can you so--",3066
Act IV,Scene IV,King Richard Iii,Be the attorney of my love to her:,3067
Act IV,Scene IV,King Richard Iii,"Plead what I will be, not what I have been;",3068
Act IV,Scene IV,King Richard Iii,"Not my deserts, but what I will deserve:",3069
Act IV,Scene IV,King Richard Iii,"Urge the necessity and state of times,",3070
Act IV,Scene IV,King Richard Iii,And be not peevish-fond in great designs.,3071
Act IV,Scene IV,Queen Elizabeth,Shall I be tempted of the devil thus?,3072
Act IV,Scene IV,King Richard Iii,"Ay, if the devil tempt thee to do good.",3073
Act IV,Scene IV,Queen Elizabeth,Shall I forget myself to be myself?,3074
Act IV,Scene IV,King Richard Iii,"Ay, if yourself's remembrance wrong yourself.",3075
Act IV,Scene IV,Queen Elizabeth,But thou didst kill my children.,3076
Act IV,Scene IV,King Richard Iii,But in your daughter's womb I bury them:,3077
Act IV,Scene IV,King Richard Iii,Where in that nest of spicery they shall breed,3078
Act IV,Scene IV,King Richard Iii,"Selves of themselves, to your recomforture.",3079
Act IV,Scene IV,Queen Elizabeth,Shall I go win my daughter to thy will?,3080
Act IV,Scene IV,King Richard Iii,And be a happy mother by the deed.,3081
Act IV,Scene IV,Queen Elizabeth,I go. Write to me very shortly.,3082
Act IV,Scene IV,Queen Elizabeth,And you shall understand from me her mind.,3083
Act IV,Scene IV,King Richard Iii,"Bear her my true love's kiss; and so, farewell.",3084
Act IV,Scene IV,[stage direction],Exit QUEEN ELIZABETH,NA
Act IV,Scene IV,King Richard Iii,"Relenting fool, and shallow, changing woman!",3085
Act IV,Scene IV,[stage direction],Enter RATCLIFF; CATESBY following,NA
Act IV,Scene IV,King Richard Iii,How now! what news?,3086
Act IV,Scene IV,Ratcliff,"My gracious sovereign, on the western coast",3087
Act IV,Scene IV,Ratcliff,Rideth a puissant navy; to the shore,3088
Act IV,Scene IV,Ratcliff,"Throng many doubtful hollow-hearted friends,",3089
Act IV,Scene IV,Ratcliff,"Unarm'd, and unresolved to beat them back:",3090
Act IV,Scene IV,Ratcliff,'Tis thought that Richmond is their admiral;,3091
Act IV,Scene IV,Ratcliff,"And there they hull, expecting but the aid",3092
Act IV,Scene IV,Ratcliff,Of Buckingham to welcome them ashore.,3093
Act IV,Scene IV,King Richard Iii,Some light-foot friend post to the Duke of Norfolk:,3094
Act IV,Scene IV,King Richard Iii,"Ratcliff, thyself, or Catesby; where is he?",3095
Act IV,Scene IV,Catesby,"Here, my lord.",3096
Act IV,Scene IV,King Richard Iii,Fly to the duke:,3097
Act IV,Scene IV,[stage direction],To RATCLIFF,NA
Act IV,Scene IV,King Richard Iii,Post thou to Salisbury,3098
Act IV,Scene IV,King Richard Iii,When thou comest thither--,3099
Act IV,Scene IV,[stage direction],To CATESBY,NA
Act IV,Scene IV,King Richard Iii,"Dull, unmindful villain,",3100
Act IV,Scene IV,King Richard Iii,"Why stand'st thou still, and go'st not to the duke?",3101
Act IV,Scene IV,Catesby,"First, mighty sovereign, let me know your mind,",3102
Act IV,Scene IV,Catesby,What from your grace I shall deliver to him.,3103
Act IV,Scene IV,King Richard Iii,"O, true, good Catesby: bid him levy straight",3104
Act IV,Scene IV,King Richard Iii,"The greatest strength and power he can make,",3105
Act IV,Scene IV,King Richard Iii,And meet me presently at Salisbury.,3106
Act IV,Scene IV,Catesby,I go.,3107
Act IV,Scene IV,[stage direction],Exit,NA
Act IV,Scene IV,Ratcliff,What is't your highness' pleasure I shall do at,3108
Act IV,Scene IV,Ratcliff,Salisbury?,3109
Act IV,Scene IV,King Richard Iii,"Why, what wouldst thou do there before I go?",3110
Act IV,Scene IV,Ratcliff,Your highness told me I should post before.,3111
Act IV,Scene IV,King Richard Iii,"My mind is changed, sir, my mind is changed.",3112
Act IV,Scene IV,[stage direction],Enter STANLEY,NA
Act IV,Scene IV,King Richard Iii,"How now, what news with you?",3113
Act IV,Scene IV,Stanley,"None good, my lord, to please you with the hearing;",3114
Act IV,Scene IV,Stanley,"Nor none so bad, but it may well be told.",3115
Act IV,Scene IV,King Richard Iii,"Hoyday, a riddle! neither good nor bad!",3116
Act IV,Scene IV,King Richard Iii,"Why dost thou run so many mile about,",3117
Act IV,Scene IV,King Richard Iii,When thou mayst tell thy tale a nearer way?,3118
Act IV,Scene IV,King Richard Iii,"Once more, what news?",3119
Act IV,Scene IV,Stanley,Richmond is on the seas.,3120
Act IV,Scene IV,King Richard Iii,"There let him sink, and be the seas on him!",3121
Act IV,Scene IV,King Richard Iii,"White-liver'd runagate, what doth he there?",3122
Act IV,Scene IV,Stanley,"I know not, mighty sovereign, but by guess.",3123
Act IV,Scene IV,King Richard Iii,"Well, sir, as you guess, as you guess?",3124
Act IV,Scene IV,Stanley,"Stirr'd up by Dorset, Buckingham, and Ely,",3125
Act IV,Scene IV,Stanley,"He makes for England, there to claim the crown.",3126
Act IV,Scene IV,King Richard Iii,Is the chair empty? is the sword unsway'd?,3127
Act IV,Scene IV,King Richard Iii,Is the king dead? the empire unpossess'd?,3128
Act IV,Scene IV,King Richard Iii,What heir of York is there alive but we?,3129
Act IV,Scene IV,King Richard Iii,And who is England's king but great York's heir?,3130
Act IV,Scene IV,King Richard Iii,"Then, tell me, what doth he upon the sea?",3131
Act IV,Scene IV,Stanley,"Unless for that, my liege, I cannot guess.",3132
Act IV,Scene IV,King Richard Iii,"Unless for that he comes to be your liege,",3133
Act IV,Scene IV,King Richard Iii,You cannot guess wherefore the Welshman comes.,3134
Act IV,Scene IV,King Richard Iii,"Thou wilt revolt, and fly to him, I fear.",3135
Act IV,Scene IV,Stanley,"No, mighty liege; therefore mistrust me not.",3136
Act IV,Scene IV,King Richard Iii,"Where is thy power, then, to beat him back?",3137
Act IV,Scene IV,King Richard Iii,Where are thy tenants and thy followers?,3138
Act IV,Scene IV,King Richard Iii,Are they not now upon the western shore.,3139
Act IV,Scene IV,King Richard Iii,Safe-conducting the rebels from their ships!,3140
Act IV,Scene IV,Stanley,"No, my good lord, my friends are in the north.",3141
Act IV,Scene IV,King Richard Iii,"Cold friends to Richard: what do they in the north,",3142
Act IV,Scene IV,King Richard Iii,When they should serve their sovereign in the west?,3143
Act IV,Scene IV,Stanley,"They have not been commanded, mighty sovereign:",3144
Act IV,Scene IV,Stanley,"Please it your majesty to give me leave,",3145
Act IV,Scene IV,Stanley,"I'll muster up my friends, and meet your grace",3146
Act IV,Scene IV,Stanley,Where and what time your majesty shall please.,3147
Act IV,Scene IV,King Richard Iii,"Ay, ay. thou wouldst be gone to join with Richmond:",3148
Act IV,Scene IV,King Richard Iii,"I will not trust you, sir.",3149
Act IV,Scene IV,Stanley,"Most mighty sovereign,",3150
Act IV,Scene IV,Stanley,You have no cause to hold my friendship doubtful:,3151
Act IV,Scene IV,Stanley,I never was nor never will be false.,3152
Act IV,Scene IV,King Richard Iii,"Well,",3153
Act IV,Scene IV,King Richard Iii,"Go muster men; but, hear you, leave behind",3154
Act IV,Scene IV,King Richard Iii,"Your son, George Stanley: look your faith be firm.",3155
Act IV,Scene IV,King Richard Iii,Or else his head's assurance is but frail.,3156
Act IV,Scene IV,Stanley,So deal with him as I prove true to you.,3157
Act IV,Scene IV,[stage direction],Exit,NA
Act IV,Scene IV,[stage direction],Enter a Messenger,NA
Act IV,Scene IV,Messenger,"My gracious sovereign, now in Devonshire,",3158
Act IV,Scene IV,Messenger,"As I by friends am well advertised,",3159
Act IV,Scene IV,Messenger,"Sir Edward Courtney, and the haughty prelate",3160
Act IV,Scene IV,Messenger,"Bishop of Exeter, his brother there,",3161
Act IV,Scene IV,Messenger,"With many more confederates, are in arms.",3162
Act IV,Scene IV,[stage direction],Enter another Messenger,NA
Act IV,Scene IV,Second Messenger,"My liege, in Kent the Guildfords are in arms;",3163
Act IV,Scene IV,Second Messenger,And every hour more competitors,3164
Act IV,Scene IV,Second Messenger,"Flock to their aid, and still their power increaseth.",3165
Act IV,Scene IV,[stage direction],Enter another Messenger,NA
Act IV,Scene IV,Third Messenger,"My lord, the army of the Duke of Buckingham--",3166
Act IV,Scene IV,King Richard Iii,"Out on you, owls! nothing but songs of death?",3167
Act IV,Scene IV,[stage direction],He striketh him,NA
Act IV,Scene IV,King Richard Iii,"Take that, until thou bring me better news.",3168
Act IV,Scene IV,Third Messenger,The news I have to tell your majesty,3169
Act IV,Scene IV,Third Messenger,"Is, that by sudden floods and fall of waters,",3170
Act IV,Scene IV,Third Messenger,Buckingham's army is dispersed and scatter'd;,3171
Act IV,Scene IV,Third Messenger,"And he himself wander'd away alone,",3172
Act IV,Scene IV,Third Messenger,No man knows whither.,3173
Act IV,Scene IV,King Richard Iii,I cry thee mercy:,3174
Act IV,Scene IV,King Richard Iii,There is my purse to cure that blow of thine.,3175
Act IV,Scene IV,King Richard Iii,Hath any well-advised friend proclaim'd,3176
Act IV,Scene IV,King Richard Iii,Reward to him that brings the traitor in?,3177
Act IV,Scene IV,Third Messenger,"Such proclamation hath been made, my liege.",3178
Act IV,Scene IV,[stage direction],Enter another Messenger,NA
Act IV,Scene IV,Fourth Messenger,"Sir Thomas Lovel and Lord Marquis Dorset,",3179
Act IV,Scene IV,Fourth Messenger,"'Tis said, my liege, in Yorkshire are in arms.",3180
Act IV,Scene IV,Fourth Messenger,"Yet this good comfort bring I to your grace,",3181
Act IV,Scene IV,Fourth Messenger,The Breton navy is dispersed by tempest:,3182
Act IV,Scene IV,Fourth Messenger,"Richmond, in Yorkshire, sent out a boat",3183
Act IV,Scene IV,Fourth Messenger,"Unto the shore, to ask those on the banks",3184
Act IV,Scene IV,Fourth Messenger,"If they were his assistants, yea or no;",3185
Act IV,Scene IV,Fourth Messenger,"Who answer'd him, they came from Buckingham.",3186
Act IV,Scene IV,Fourth Messenger,"Upon his party: he, mistrusting them,",3187
Act IV,Scene IV,Fourth Messenger,Hoisted sail and made away for Brittany.,3188
Act IV,Scene IV,King Richard Iii,"March on, march on, since we are up in arms;",3189
Act IV,Scene IV,King Richard Iii,"If not to fight with foreign enemies,",3190
Act IV,Scene IV,King Richard Iii,Yet to beat down these rebels here at home.,3191
Act IV,Scene IV,[stage direction],Re-enter CATESBY,NA
Act IV,Scene IV,Catesby,"My liege, the Duke of Buckingham is taken;",3192
Act IV,Scene IV,Catesby,That is the best news: that the Earl of Richmond,3193
Act IV,Scene IV,Catesby,"Is with a mighty power landed at Milford,",3194
Act IV,Scene IV,Catesby,"Is colder tidings, yet they must be told.",3195
Act IV,Scene IV,King Richard Iii,"Away towards Salisbury! while we reason here,",3196
Act IV,Scene IV,King Richard Iii,A royal battle might be won and lost,3197
Act IV,Scene IV,King Richard Iii,Some one take order Buckingham be brought,3198
Act IV,Scene IV,King Richard Iii,To Salisbury; the rest march on with me.,3199
Act IV,Scene IV,[stage direction],Flourish. Exeunt,NA
Act IV,Scene V,[stage direction],Enter DERBY and SIR CHRISTOPHER URSWICK,NA
Act IV,Scene V,Derby,"Sir Christopher, tell Richmond this from me:",3200
Act IV,Scene V,Derby,That in the sty of this most bloody boar,3201
Act IV,Scene V,Derby,My son George Stanley is frank'd up in hold:,3202
Act IV,Scene V,Derby,"If I revolt, off goes young George's head;",3203
Act IV,Scene V,Derby,The fear of that withholds my present aid.,3204
Act IV,Scene V,Derby,"But, tell me, where is princely Richmond now?",3205
Act IV,Scene V,Christopher,"At Pembroke, or at Harford-west, in Wales.",3206
Act IV,Scene V,Derby,What men of name resort to him?,3207
Act IV,Scene V,Christopher,"Sir Walter Herbert, a renowned soldier;",3208
Act IV,Scene V,Christopher,"Sir Gilbert Talbot, Sir William Stanley;",3209
Act IV,Scene V,Christopher,"Oxford, redoubted Pembroke, Sir James Blunt,",3210
Act IV,Scene V,Christopher,And Rice ap Thomas with a valiant crew;,3211
Act IV,Scene V,Christopher,And many more of noble fame and worth:,3212
Act IV,Scene V,Christopher,"And towards London they do bend their course,",3213
Act IV,Scene V,Christopher,If by the way they be not fought withal.,3214
Act IV,Scene V,Derby,Return unto thy lord; commend me to him:,3215
Act IV,Scene V,Derby,Tell him the queen hath heartily consented,3216
Act IV,Scene V,Derby,He shall espouse Elizabeth her daughter.,3217
Act IV,Scene V,Derby,These letters will resolve him of my mind. Farewell.,3218
Act IV,Scene V,[stage direction],Exeunt,NA
Act V,Scene I,[stage direction],"Enter the Sheriff, and BUCKINGHAM, with halberds, led to execution",NA
Act V,Scene I,Buckingham,Will not King Richard let me speak with him?,3219
Act V,Scene I,Sheriff,"No, my good lord; therefore be patient.",3220
Act V,Scene I,Buckingham,"Hastings, and Edward's children, Rivers, Grey,",3221
Act V,Scene I,Buckingham,"Holy King Henry, and thy fair son Edward,",3222
Act V,Scene I,Buckingham,"Vaughan, and all that have miscarried",3223
Act V,Scene I,Buckingham,"By underhand corrupted foul injustice,",3224
Act V,Scene I,Buckingham,If that your moody discontented souls,3225
Act V,Scene I,Buckingham,"Do through the clouds behold this present hour,",3226
Act V,Scene I,Buckingham,Even for revenge mock my destruction!,3227
Act V,Scene I,Buckingham,"This is All-Souls' day, fellows, is it not?",3228
Act V,Scene I,Sheriff,"It is, my lord.",3229
Act V,Scene I,Buckingham,"Why, then All-Souls' day is my body's doomsday.",3230
Act V,Scene I,Buckingham,"This is the day that, in King Edward's time,",3231
Act V,Scene I,Buckingham,"I wish't might fall on me, when I was found",3232
Act V,Scene I,Buckingham,False to his children or his wife's allies,3233
Act V,Scene I,Buckingham,This is the day wherein I wish'd to fall,3234
Act V,Scene I,Buckingham,By the false faith of him I trusted most;,3235
Act V,Scene I,Buckingham,"This, this All-Souls' day to my fearful soul",3236
Act V,Scene I,Buckingham,Is the determined respite of my wrongs:,3237
Act V,Scene I,Buckingham,That high All-Seer that I dallied with,3238
Act V,Scene I,Buckingham,Hath turn'd my feigned prayer on my head,3239
Act V,Scene I,Buckingham,And given in earnest what I begg'd in jest.,3240
Act V,Scene I,Buckingham,Thus doth he force the swords of wicked men,3241
Act V,Scene I,Buckingham,To turn their own points on their masters' bosoms:,3242
Act V,Scene I,Buckingham,Now Margaret's curse is fallen upon my head;,3243
Act V,Scene I,Buckingham,"'When he,' quoth she, 'shall split thy heart with sorrow,",3244
Act V,Scene I,Buckingham,Remember Margaret was a prophetess.',3245
Act V,Scene I,Buckingham,"Come, sirs, convey me to the block of shame;",3246
Act V,Scene I,Buckingham,"Wrong hath but wrong, and blame the due of blame.",3247
Act V,Scene I,[stage direction],Exeunt,NA
Act V,Scene II,[stage direction],"Enter RICHMOND, OXFORD, BLUNT, HERBERT, and others, with drum and colours",NA
Act V,Scene II,Richmond,"Fellows in arms, and my most loving friends,",3248
Act V,Scene II,Richmond,"Bruised underneath the yoke of tyranny,",3249
Act V,Scene II,Richmond,Thus far into the bowels of the land,3250
Act V,Scene II,Richmond,Have we march'd on without impediment;,3251
Act V,Scene II,Richmond,And here receive we from our father Stanley,3252
Act V,Scene II,Richmond,Lines of fair comfort and encouragement.,3253
Act V,Scene II,Richmond,"The wretched, bloody, and usurping boar,",3254
Act V,Scene II,Richmond,"That spoil'd your summer fields and fruitful vines,",3255
Act V,Scene II,Richmond,"Swills your warm blood like wash, and makes his trough",3256
Act V,Scene II,Richmond,"In your embowell'd bosoms, this foul swine",3257
Act V,Scene II,Richmond,"Lies now even in the centre of this isle,",3258
Act V,Scene II,Richmond,"Near to the town of Leicester, as we learn",3259
Act V,Scene II,Richmond,From Tamworth thither is but one day's march.,3260
Act V,Scene II,Richmond,"In God's name, cheerly on, courageous friends,",3261
Act V,Scene II,Richmond,To reap the harvest of perpetual peace,3262
Act V,Scene II,Richmond,By this one bloody trial of sharp war.,3263
Act V,Scene II,Oxford,"Every man's conscience is a thousand swords,",3264
Act V,Scene II,Oxford,To fight against that bloody homicide.,3265
Act V,Scene II,Herbert,I doubt not but his friends will fly to us.,3266
Act V,Scene II,Blunt,He hath no friends but who are friends for fear.,3267
Act V,Scene II,Blunt,Which in his greatest need will shrink from him.,3268
Act V,Scene II,Richmond,"All for our vantage. Then, in God's name, march:",3269
Act V,Scene II,Richmond,"True hope is swift, and flies with swallow's wings:",3270
Act V,Scene II,Richmond,"Kings it makes gods, and meaner creatures kings.",3271
Act V,Scene II,[stage direction],Exeunt,NA
Act V,Scene III,[stage direction],"Enter KING RICHARD III in arms, with NORFOLK, SURREY, and others",NA
Act V,Scene III,King Richard Iii,"Here pitch our tents, even here in Bosworth field.",3272
Act V,Scene III,King Richard Iii,"My Lord of Surrey, why look you so sad?",3273
Act V,Scene III,Surrey,My heart is ten times lighter than my looks.,3274
Act V,Scene III,King Richard Iii,"My Lord of Norfolk,--",3275
Act V,Scene III,Norfolk,"Here, most gracious liege.",3276
Act V,Scene III,King Richard Iii,"Norfolk, we must have knocks; ha! must we not?",3277
Act V,Scene III,Norfolk,"We must both give and take, my gracious lord.",3278
Act V,Scene III,King Richard Iii,Up with my tent there! here will I lie tonight;,3279
Act V,Scene III,King Richard Iii,"But where to-morrow?  Well, all's one for that.",3280
Act V,Scene III,King Richard Iii,Who hath descried the number of the foe?,3281
Act V,Scene III,Norfolk,Six or seven thousand is their utmost power.,3282
Act V,Scene III,King Richard Iii,"Why, our battalion trebles that account:",3283
Act V,Scene III,King Richard Iii,"Besides, the king's name is a tower of strength,",3284
Act V,Scene III,King Richard Iii,Which they upon the adverse party want.,3285
Act V,Scene III,King Richard Iii,"Up with my tent there! Valiant gentlemen,",3286
Act V,Scene III,King Richard Iii,Let us survey the vantage of the field,3287
Act V,Scene III,King Richard Iii,Call for some men of sound direction,3288
Act V,Scene III,King Richard Iii,"Let's want no discipline, make no delay,",3289
Act V,Scene III,King Richard Iii,"For, lords, to-morrow is a busy day.",3290
Act V,Scene III,[stage direction],Exeunt,NA
Act V,Scene III,[stage direction],"Enter, on the other side of the field, RICHMOND,  Sir William Brandon, OXFORD, and others. Some of the Soldiers pitch RICHMOND's tent",NA
Act V,Scene III,Richmond,"The weary sun hath made a golden set,",3291
Act V,Scene III,Richmond,"And by the bright track of his fiery car,",3292
Act V,Scene III,Richmond,"Gives signal, of a goodly day to-morrow.",3293
Act V,Scene III,Richmond,"Sir William Brandon, you shall bear my standard.",3294
Act V,Scene III,Richmond,Give me some ink and paper in my tent,3295
Act V,Scene III,Richmond,"I'll draw the form and model of our battle,",3296
Act V,Scene III,Richmond,"Limit each leader to his several charge,",3297
Act V,Scene III,Richmond,And part in just proportion our small strength.,3298
Act V,Scene III,Richmond,"My Lord of Oxford, you, Sir William Brandon,",3299
Act V,Scene III,Richmond,"And you, Sir Walter Herbert, stay with me.",3300
Act V,Scene III,Richmond,The Earl of Pembroke keeps his regiment:,3301
Act V,Scene III,Richmond,"Good Captain Blunt, bear my good night to him",3302
Act V,Scene III,Richmond,And by the second hour in the morning,3303
Act V,Scene III,Richmond,Desire the earl to see me in my tent:,3304
Act V,Scene III,Richmond,"Yet one thing more, good Blunt, before thou go'st,",3305
Act V,Scene III,Richmond,"Where is Lord Stanley quarter'd, dost thou know?",3306
Act V,Scene III,Blunt,"Unless I have mista'en his colours much,",3307
Act V,Scene III,Blunt,"Which well I am assured I have not done,",3308
Act V,Scene III,Blunt,His regiment lies half a mile at least,3309
Act V,Scene III,Blunt,South from the mighty power of the king.,3310
Act V,Scene III,Richmond,"If without peril it be possible,",3311
Act V,Scene III,Richmond,"Good Captain Blunt, bear my good-night to him,",3312
Act V,Scene III,Richmond,And give him from me this most needful scroll.,3313
Act V,Scene III,Blunt,"Upon my life, my lord, I'll under-take it;",3314
Act V,Scene III,Blunt,"And so, God give you quiet rest to-night!",3315
Act V,Scene III,Richmond,"Good night, good Captain Blunt. Come gentlemen,",3316
Act V,Scene III,Richmond,Let us consult upon to-morrow's business,3317
Act V,Scene III,Richmond,In to our tent; the air is raw and cold.,3318
Act V,Scene III,[stage direction],They withdraw into the tent,NA
Act V,Scene III,[stage direction],"Enter, to his tent, KING RICHARD III, NORFOLK, RATCLIFF, CATESBY, and others",NA
Act V,Scene III,King Richard Iii,What is't o'clock?,3319
Act V,Scene III,Catesby,"It's supper-time, my lord;",3320
Act V,Scene III,Catesby,It's nine o'clock.,3321
Act V,Scene III,King Richard Iii,I will not sup to-night.,3322
Act V,Scene III,King Richard Iii,Give me some ink and paper.,3323
Act V,Scene III,King Richard Iii,"What, is my beaver easier than it was?",3324
Act V,Scene III,King Richard Iii,And all my armour laid into my tent?,3325
Act V,Scene III,Catesby,"If is, my liege; and all things are in readiness.",3326
Act V,Scene III,King Richard Iii,"Good Norfolk, hie thee to thy charge;",3327
Act V,Scene III,King Richard Iii,"Use careful watch, choose trusty sentinels.",3328
Act V,Scene III,Norfolk,"I go, my lord.",3329
Act V,Scene III,King Richard Iii,"Stir with the lark to-morrow, gentle Norfolk.",3330
Act V,Scene III,Norfolk,"I warrant you, my lord.",3331
Act V,Scene III,[stage direction],Exit,NA
Act V,Scene III,King Richard Iii,Catesby!,3332
Act V,Scene III,Catesby,My lord?,3333
Act V,Scene III,King Richard Iii,Send out a pursuivant at arms,3334
Act V,Scene III,King Richard Iii,To Stanley's regiment; bid him bring his power,3335
Act V,Scene III,King Richard Iii,"Before sunrising, lest his son George fall",3336
Act V,Scene III,King Richard Iii,Into the blind cave of eternal night.,3337
Act V,Scene III,[stage direction],Exit CATESBY,NA
Act V,Scene III,King Richard Iii,Fill me a bowl of wine. Give me a watch.,3338
Act V,Scene III,King Richard Iii,Saddle white Surrey for the field to-morrow.,3339
Act V,Scene III,King Richard Iii,"Look that my staves be sound, and not too heavy.",3340
Act V,Scene III,King Richard Iii,Ratcliff!,3341
Act V,Scene III,Ratcliff,My lord?,3342
Act V,Scene III,King Richard Iii,Saw'st thou the melancholy Lord Northumberland?,3343
Act V,Scene III,Ratcliff,"Thomas the Earl of Surrey, and himself,",3344
Act V,Scene III,Ratcliff,"Much about cock-shut time, from troop to troop",3345
Act V,Scene III,Ratcliff,"Went through the army, cheering up the soldiers.",3346
Act V,Scene III,King Richard Iii,"So, I am satisfied. Give me a bowl of wine:",3347
Act V,Scene III,King Richard Iii,"I have not that alacrity of spirit,",3348
Act V,Scene III,King Richard Iii,"Nor cheer of mind, that I was wont to have.",3349
Act V,Scene III,King Richard Iii,Set it down. Is ink and paper ready?,3350
Act V,Scene III,Ratcliff,"It is, my lord.",3351
Act V,Scene III,King Richard Iii,Bid my guard watch; leave me.,3352
Act V,Scene III,King Richard Iii,"Ratcliff, about the mid of night come to my tent",3353
Act V,Scene III,King Richard Iii,"And help to arm me. Leave me, I say.",3354
Act V,Scene III,[stage direction],Exeunt RATCLIFF and the other Attendants,NA
Act V,Scene III,[stage direction],"Enter DERBY to RICHMOND in his tent, Lords and others attending",NA
Act V,Scene III,Derby,Fortune and victory sit on thy helm!,3355
Act V,Scene III,Richmond,All comfort that the dark night can afford,3356
Act V,Scene III,Richmond,"Be to thy person, noble father-in-law!",3357
Act V,Scene III,Richmond,"Tell me, how fares our loving mother?",3358
Act V,Scene III,Derby,"I, by attorney, bless thee from thy mother",3359
Act V,Scene III,Derby,Who prays continually for Richmond's good:,3360
Act V,Scene III,Derby,"So much for that. The silent hours steal on,",3361
Act V,Scene III,Derby,And flaky darkness breaks within the east.,3362
Act V,Scene III,Derby,"In brief,--for so the season bids us be,--",3363
Act V,Scene III,Derby,"Prepare thy battle early in the morning,",3364
Act V,Scene III,Derby,And put thy fortune to the arbitrement,3365
Act V,Scene III,Derby,Of bloody strokes and mortal-staring war.,3366
Act V,Scene III,Derby,"I, as I may--that which I would I cannot,--",3367
Act V,Scene III,Derby,"With best advantage will deceive the time,",3368
Act V,Scene III,Derby,And aid thee in this doubtful shock of arms:,3369
Act V,Scene III,Derby,But on thy side I may not be too forward,3370
Act V,Scene III,Derby,"Lest, being seen, thy brother, tender George,",3371
Act V,Scene III,Derby,Be executed in his father's sight.,3372
Act V,Scene III,Derby,Farewell: the leisure and the fearful time,3373
Act V,Scene III,Derby,Cuts off the ceremonious vows of love,3374
Act V,Scene III,Derby,"And ample interchange of sweet discourse,",3375
Act V,Scene III,Derby,Which so long sunder'd friends should dwell upon:,3376
Act V,Scene III,Derby,God give us leisure for these rites of love!,3377
Act V,Scene III,Derby,"Once more, adieu: be valiant, and speed well!",3378
Act V,Scene III,Richmond,"Good lords, conduct him to his regiment:",3379
Act V,Scene III,Richmond,"I'll strive, with troubled thoughts, to take a nap,",3380
Act V,Scene III,Richmond,"Lest leaden slumber peise me down to-morrow,",3381
Act V,Scene III,Richmond,When I should mount with wings of victory:,3382
Act V,Scene III,Richmond,"Once more, good night, kind lords and gentlemen.",3383
Act V,Scene III,[stage direction],Exeunt all but RICHMOND,NA
Act V,Scene III,Richmond,"O Thou, whose captain I account myself,",3384
Act V,Scene III,Richmond,Look on my forces with a gracious eye;,3385
Act V,Scene III,Richmond,"Put in their hands thy bruising irons of wrath,",3386
Act V,Scene III,Richmond,That they may crush down with a heavy fall,3387
Act V,Scene III,Richmond,The usurping helmets of our adversaries!,3388
Act V,Scene III,Richmond,"Make us thy ministers of chastisement,",3389
Act V,Scene III,Richmond,That we may praise thee in the victory!,3390
Act V,Scene III,Richmond,"To thee I do commend my watchful soul,",3391
Act V,Scene III,Richmond,Ere I let fall the windows of mine eyes:,3392
Act V,Scene III,Richmond,"Sleeping and waking, O, defend me still!",3393
Act V,Scene III,[stage direction],Sleeps,NA
Act V,Scene III,[stage direction],"Enter the Ghost of Prince Edward, son to King Henry VI",NA
Act V,Scene III,Richmond,Ghost,3394
Act V,Scene III,Of Prince Edward,[To KING RICHARD III],3395
Act V,Scene III,Of Prince Edward,Let me sit heavy on thy soul to-morrow!,3396
Act V,Scene III,Of Prince Edward,"Think, how thou stab'dst me in my prime of youth",3397
Act V,Scene III,Of Prince Edward,"At Tewksbury: despair, therefore, and die!",3398
Act V,Scene III,[stage direction],To RICHMOND,NA
Act V,Scene III,Of Prince Edward,"Be cheerful, Richmond; for the wronged souls",3399
Act V,Scene III,Of Prince Edward,Of butcher'd princes fight in thy behalf,3400
Act V,Scene III,Of Prince Edward,"King Henry's issue, Richmond, comforts thee.",3401
Act V,Scene III,[stage direction],Enter the Ghost of King Henry VI,NA
Act V,Scene III,Of Prince Edward,Ghost,3402
Act V,Scene III,Of King Henry Vi,[To KING RICHARD III],3403
Act V,Scene III,Of King Henry Vi,"When I was mortal, my anointed body",3404
Act V,Scene III,Of King Henry Vi,By thee was punched full of deadly holes,3405
Act V,Scene III,Of King Henry Vi,"Think on the Tower and me: despair, and die!",3406
Act V,Scene III,Of King Henry Vi,"Harry the Sixth bids thee despair, and die!",3407
Act V,Scene III,[stage direction],To RICHMOND,NA
Act V,Scene III,Of King Henry Vi,"Virtuous and holy, be thou conqueror!",3408
Act V,Scene III,Of King Henry Vi,"Harry, that prophesied thou shouldst be king,",3409
Act V,Scene III,Of King Henry Vi,"Doth comfort thee in thy sleep: live, and flourish!",3410
Act V,Scene III,[stage direction],Enter the Ghost of CLARENCE,NA
Act V,Scene III,Ghost Of Clarence,[To KING RICHARD III],3411
Act V,Scene III,Ghost Of Clarence,Let me sit heavy on thy soul to-morrow!,3412
Act V,Scene III,Ghost Of Clarence,"I, that was wash'd to death with fulsome wine,",3413
Act V,Scene III,Ghost Of Clarence,"Poor Clarence, by thy guile betrayed to death!",3414
Act V,Scene III,Ghost Of Clarence,"To-morrow in the battle think on me,",3415
Act V,Scene III,Ghost Of Clarence,"And fall thy edgeless sword: despair, and die!--",3416
Act V,Scene III,[stage direction],To RICHMOND,NA
Act V,Scene III,Ghost Of Clarence,Thou offspring of the house of Lancaster,3417
Act V,Scene III,Ghost Of Clarence,The wronged heirs of York do pray for thee,3418
Act V,Scene III,Ghost Of Clarence,"Good angels guard thy battle! live, and flourish!",3419
Act V,Scene III,[stage direction],"Enter the Ghosts of RIVERS, GRAY, and VAUGHAN",NA
Act V,Scene III,Ghost Of Rivers,[To KING RICHARD III],3420
Act V,Scene III,Ghost Of Rivers,"Let me sit heavy on thy soul to-morrow,",3421
Act V,Scene III,Ghost Of Rivers,"Rivers. that died at Pomfret! despair, and die!",3422
Act V,Scene III,Ghost Of Grey,[To KING RICHARD III],3423
Act V,Scene III,Ghost Of Grey,"Think upon Grey, and let thy soul despair!",3424
Act V,Scene III,Ghost Of Vaughan,[To KING RICHARD III],3425
Act V,Scene III,Ghost Of Vaughan,"Think upon Vaughan, and, with guilty fear,",3426
Act V,Scene III,Ghost Of Vaughan,"Let fall thy lance: despair, and die!",3427
Act V,Scene III,All,[To RICHMOND],3428
Act V,Scene III,All,"Awake, and think our wrongs in Richard's bosom",3429
Act V,Scene III,All,"Will conquer him! awake, and win the day!",3430
Act V,Scene III,[stage direction],Enter the Ghost of HASTINGS,NA
Act V,Scene III,Ghost Of Hastings,[To KING RICHARD III],3431
Act V,Scene III,Ghost Of Hastings,"Bloody and guilty, guiltily awake,",3432
Act V,Scene III,Ghost Of Hastings,And in a bloody battle end thy days!,3433
Act V,Scene III,Ghost Of Hastings,"Think on Lord Hastings: despair, and die!",3434
Act V,Scene III,[stage direction],To RICHMOND,NA
Act V,Scene III,Ghost Of Hastings,"Quiet untroubled soul, awake, awake!",3435
Act V,Scene III,Ghost Of Hastings,"Arm, fight, and conquer, for fair England's sake!",3436
Act V,Scene III,[stage direction],Enter the Ghosts of the two young Princes,NA
Act V,Scene III,Ghost Of Hastings,Ghosts,3437
Act V,Scene III,Of Young Princes,[To KING RICHARD III],3438
Act V,Scene III,Of Young Princes,Dream on thy cousins smother'd in the Tower:,3439
Act V,Scene III,Of Young Princes,"Let us be led within thy bosom, Richard,",3440
Act V,Scene III,Of Young Princes,"And weigh thee down to ruin, shame, and death!",3441
Act V,Scene III,Of Young Princes,Thy nephews' souls bid thee despair and die!,3442
Act V,Scene III,[stage direction],To RICHMOND,NA
Act V,Scene III,Of Young Princes,"Sleep, Richmond, sleep in peace, and wake in joy;",3443
Act V,Scene III,Of Young Princes,Good angels guard thee from the boar's annoy!,3444
Act V,Scene III,Of Young Princes,"Live, and beget a happy race of kings!",3445
Act V,Scene III,Of Young Princes,Edward's unhappy sons do bid thee flourish.,3446
Act V,Scene III,[stage direction],Enter the Ghost of LADY ANNE,NA
Act V,Scene III,Ghost Of Lady Anne,[To KING RICHARD III],3447
Act V,Scene III,Ghost Of Lady Anne,"Richard, thy wife, that wretched Anne thy wife,",3448
Act V,Scene III,Ghost Of Lady Anne,"That never slept a quiet hour with thee,",3449
Act V,Scene III,Ghost Of Lady Anne,Now fills thy sleep with perturbations,3450
Act V,Scene III,Ghost Of Lady Anne,"To-morrow in the battle think on me,",3451
Act V,Scene III,Ghost Of Lady Anne,"And fall thy edgeless sword: despair, and die!",3452
Act V,Scene III,[stage direction],To RICHMOND,NA
Act V,Scene III,Ghost Of Lady Anne,"Thou quiet soul, sleep thou a quiet sleep",3453
Act V,Scene III,Ghost Of Lady Anne,Dream of success and happy victory!,3454
Act V,Scene III,Ghost Of Lady Anne,Thy adversary's wife doth pray for thee.,3455
Act V,Scene III,[stage direction],Enter the Ghost of BUCKINGHAM,NA
Act V,Scene III,Ghost Of Lady Anne,Ghost,3456
Act V,Scene III,Of Buckingham,[To KING RICHARD III],3457
Act V,Scene III,Of Buckingham,The last was I that helped thee to the crown;,3458
Act V,Scene III,Of Buckingham,The last was I that felt thy tyranny:,3459
Act V,Scene III,Of Buckingham,"O, in the battle think on Buckingham,",3460
Act V,Scene III,Of Buckingham,And die in terror of thy guiltiness!,3461
Act V,Scene III,Of Buckingham,"Dream on, dream on, of bloody deeds and death:",3462
Act V,Scene III,Of Buckingham,"Fainting, despair; despairing, yield thy breath!",3463
Act V,Scene III,[stage direction],To RICHMOND,NA
Act V,Scene III,Of Buckingham,I died for hope ere I could lend thee aid:,3464
Act V,Scene III,Of Buckingham,"But cheer thy heart, and be thou not dismay'd:",3465
Act V,Scene III,Of Buckingham,God and good angel fight on Richmond's side;,3466
Act V,Scene III,Of Buckingham,And Richard falls in height of all his pride.,3467
Act V,Scene III,[stage direction],The Ghosts vanish,NA
Act V,Scene III,[stage direction],KING RICHARD III starts out of his dream,NA
Act V,Scene III,King Richard Iii,Give me another horse: bind up my wounds.,3468
Act V,Scene III,King Richard Iii,"Have mercy, Jesu!--Soft! I did but dream.",3469
Act V,Scene III,King Richard Iii,"O coward conscience, how dost thou afflict me!",3470
Act V,Scene III,King Richard Iii,The lights burn blue. It is now dead midnight.,3471
Act V,Scene III,King Richard Iii,Cold fearful drops stand on my trembling flesh.,3472
Act V,Scene III,King Richard Iii,What do I fear?  myself?  there's none else by:,3473
Act V,Scene III,King Richard Iii,"Richard loves Richard; that is, I am I.",3474
Act V,Scene III,King Richard Iii,"Is there a murderer here?  No. Yes, I am:",3475
Act V,Scene III,King Richard Iii,"Then fly. What, from myself?   Great reason why:",3476
Act V,Scene III,King Richard Iii,"Lest I revenge. What, myself upon myself?",3477
Act V,Scene III,King Richard Iii,Alack. I love myself. Wherefore?  for any good,3478
Act V,Scene III,King Richard Iii,That I myself have done unto myself?,3479
Act V,Scene III,King Richard Iii,"O, no! alas, I rather hate myself",3480
Act V,Scene III,King Richard Iii,For hateful deeds committed by myself!,3481
Act V,Scene III,King Richard Iii,I am a villain: yet I lie. I am not.,3482
Act V,Scene III,King Richard Iii,"Fool, of thyself speak well: fool, do not flatter.",3483
Act V,Scene III,King Richard Iii,"My conscience hath a thousand several tongues,",3484
Act V,Scene III,King Richard Iii,"And every tongue brings in a several tale,",3485
Act V,Scene III,King Richard Iii,And every tale condemns me for a villain.,3486
Act V,Scene III,King Richard Iii,"Perjury, perjury, in the high'st degree",3487
Act V,Scene III,King Richard Iii,"Murder, stem murder, in the direst degree;",3488
Act V,Scene III,King Richard Iii,"All several sins, all used in each degree,",3489
Act V,Scene III,King Richard Iii,"Throng to the bar, crying all, Guilty! guilty!",3490
Act V,Scene III,King Richard Iii,I shall despair. There is no creature loves me;,3491
Act V,Scene III,King Richard Iii,"And if I die, no soul shall pity me:",3492
Act V,Scene III,King Richard Iii,"Nay, wherefore should they, since that I myself",3493
Act V,Scene III,King Richard Iii,Find in myself no pity to myself?,3494
Act V,Scene III,King Richard Iii,Methought the souls of all that I had murder'd,3495
Act V,Scene III,King Richard Iii,Came to my tent; and every one did threat,3496
Act V,Scene III,King Richard Iii,To-morrow's vengeance on the head of Richard.,3497
Act V,Scene III,[stage direction],Enter RATCLIFF,NA
Act V,Scene III,Ratcliff,My lord!,3498
Act V,Scene III,King Richard Iii,'Zounds! who is there?,3499
Act V,Scene III,Ratcliff,"Ratcliff, my lord; 'tis I. The early village-cock",3500
Act V,Scene III,Ratcliff,Hath twice done salutation to the morn;,3501
Act V,Scene III,Ratcliff,"Your friends are up, and buckle on their armour.",3502
Act V,Scene III,King Richard Iii,"O Ratcliff, I have dream'd a fearful dream!",3503
Act V,Scene III,King Richard Iii,"What thinkest thou, will our friends prove all true?",3504
Act V,Scene III,Ratcliff,"No doubt, my lord.",3505
Act V,Scene III,King Richard Iii,"O Ratcliff, I fear, I fear,--",3506
Act V,Scene III,Ratcliff,"Nay, good my lord, be not afraid of shadows.",3507
Act V,Scene III,King Richard Iii,"By the apostle Paul, shadows to-night",3508
Act V,Scene III,King Richard Iii,Have struck more terror to the soul of Richard,3509
Act V,Scene III,King Richard Iii,Than can the substance of ten thousand soldiers,3510
Act V,Scene III,King Richard Iii,"Armed in proof, and led by shallow Richmond.",3511
Act V,Scene III,King Richard Iii,"It is not yet near day. Come, go with me;",3512
Act V,Scene III,King Richard Iii,"Under our tents I'll play the eaves-dropper,",3513
Act V,Scene III,King Richard Iii,To see if any mean to shrink from me.,3514
Act V,Scene III,[stage direction],Exeunt,NA
Act V,Scene III,[stage direction],"Enter the Lords to RICHMOND, sitting in his tent",NA
Act V,Scene III,Lords,"Good morrow, Richmond!",3515
Act V,Scene III,Richmond,"Cry mercy, lords and watchful gentlemen,",3516
Act V,Scene III,Richmond,That you have ta'en a tardy sluggard here.,3517
Act V,Scene III,Lords,"How have you slept, my lord?",3518
Act V,Scene III,Richmond,"The sweetest sleep, and fairest-boding dreams",3519
Act V,Scene III,Richmond,"That ever enter'd in a drowsy head,",3520
Act V,Scene III,Richmond,"Have I since your departure had, my lords.",3521
Act V,Scene III,Richmond,"Methought their souls, whose bodies Richard murder'd,",3522
Act V,Scene III,Richmond,"Came to my tent, and cried on victory:",3523
Act V,Scene III,Richmond,"I promise you, my soul is very jocund",3524
Act V,Scene III,Richmond,In the remembrance of so fair a dream.,3525
Act V,Scene III,Richmond,"How far into the morning is it, lords?",3526
Act V,Scene III,Lords,Upon the stroke of four.,3527
Act V,Scene III,Richmond,"Why, then 'tis time to arm and give direction.",3528
Act V,Scene III,[stage direction],His oration to his soldiers,NA
Act V,Scene III,Richmond,"More than I have said, loving countrymen,",3529
Act V,Scene III,Richmond,The leisure and enforcement of the time,3530
Act V,Scene III,Richmond,"Forbids to dwell upon: yet remember this,",3531
Act V,Scene III,Richmond,God and our good cause fight upon our side;,3532
Act V,Scene III,Richmond,"The prayers of holy saints and wronged souls,",3533
Act V,Scene III,Richmond,"Like high-rear'd bulwarks, stand before our faces;",3534
Act V,Scene III,Richmond,"Richard except, those whom we fight against",3535
Act V,Scene III,Richmond,Had rather have us win than him they follow:,3536
Act V,Scene III,Richmond,"For what is he they follow?  truly, gentlemen,",3537
Act V,Scene III,Richmond,A bloody tyrant and a homicide;,3538
Act V,Scene III,Richmond,"One raised in blood, and one in blood establish'd;",3539
Act V,Scene III,Richmond,"One that made means to come by what he hath,",3540
Act V,Scene III,Richmond,And slaughter'd those that were the means to help him;,3541
Act V,Scene III,Richmond,"Abase foul stone, made precious by the foil",3542
Act V,Scene III,Richmond,"Of England's chair, where he is falsely set;",3543
Act V,Scene III,Richmond,One that hath ever been God's enemy:,3544
Act V,Scene III,Richmond,"Then, if you fight against God's enemy,",3545
Act V,Scene III,Richmond,God will in justice ward you as his soldiers;,3546
Act V,Scene III,Richmond,"If you do sweat to put a tyrant down,",3547
Act V,Scene III,Richmond,"You sleep in peace, the tyrant being slain;",3548
Act V,Scene III,Richmond,"If you do fight against your country's foes,",3549
Act V,Scene III,Richmond,Your country's fat shall pay your pains the hire;,3550
Act V,Scene III,Richmond,"If you do fight in safeguard of your wives,",3551
Act V,Scene III,Richmond,Your wives shall welcome home the conquerors;,3552
Act V,Scene III,Richmond,"If you do free your children from the sword,",3553
Act V,Scene III,Richmond,Your children's children quit it in your age.,3554
Act V,Scene III,Richmond,"Then, in the name of God and all these rights,",3555
Act V,Scene III,Richmond,"Advance your standards, draw your willing swords.",3556
Act V,Scene III,Richmond,"For me, the ransom of my bold attempt",3557
Act V,Scene III,Richmond,Shall be this cold corpse on the earth's cold face;,3558
Act V,Scene III,Richmond,"But if I thrive, the gain of my attempt",3559
Act V,Scene III,Richmond,The least of you shall share his part thereof.,3560
Act V,Scene III,Richmond,Sound drums and trumpets boldly and cheerfully;,3561
Act V,Scene III,Richmond,God and Saint George! Richmond and victory!,3562
Act V,Scene III,[stage direction],Exeunt,NA
Act V,Scene III,[stage direction],"Re-enter KING RICHARD, RATCLIFF, Attendants and Forces",NA
Act V,Scene III,King Richard Iii,What said Northumberland as touching Richmond?,3563
Act V,Scene III,Ratcliff,That he was never trained up in arms.,3564
Act V,Scene III,King Richard Iii,He said the truth: and what said Surrey then?,3565
Act V,Scene III,Ratcliff,He smiled and said 'The better for our purpose.',3566
Act V,Scene III,King Richard Iii,He was in the right; and so indeed it is.,3567
Act V,Scene III,[stage direction],Clock striketh,NA
Act V,Scene III,King Richard Iii,Ten the clock there. Give me a calendar.,3568
Act V,Scene III,King Richard Iii,Who saw the sun to-day?,3569
Act V,Scene III,Ratcliff,"Not I, my lord.",3570
Act V,Scene III,King Richard Iii,Then he disdains to shine; for by the book,3571
Act V,Scene III,King Richard Iii,He should have braved the east an hour ago,3572
Act V,Scene III,King Richard Iii,A black day will it be to somebody. Ratcliff!,3573
Act V,Scene III,Ratcliff,My lord?,3574
Act V,Scene III,King Richard Iii,The sun will not be seen to-day;,3575
Act V,Scene III,King Richard Iii,The sky doth frown and lour upon our army.,3576
Act V,Scene III,King Richard Iii,I would these dewy tears were from the ground.,3577
Act V,Scene III,King Richard Iii,"Not shine to-day! Why, what is that to me",3578
Act V,Scene III,King Richard Iii,More than to Richmond?  for the selfsame heaven,3579
Act V,Scene III,King Richard Iii,That frowns on me looks sadly upon him.,3580
Act V,Scene III,[stage direction],Enter NORFOLK,NA
Act V,Scene III,Norfolk,"Arm, arm, my lord; the foe vaunts in the field.",3581
Act V,Scene III,King Richard Iii,"Come, bustle, bustle; caparison my horse.",3582
Act V,Scene III,King Richard Iii,"Call up Lord Stanley, bid him bring his power:",3583
Act V,Scene III,King Richard Iii,"I will lead forth my soldiers to the plain,",3584
Act V,Scene III,King Richard Iii,And thus my battle shall be ordered:,3585
Act V,Scene III,King Richard Iii,"My foreward shall be drawn out all in length,",3586
Act V,Scene III,King Richard Iii,Consisting equally of horse and foot;,3587
Act V,Scene III,King Richard Iii,Our archers shall be placed in the midst,3588
Act V,Scene III,King Richard Iii,"John Duke of Norfolk, Thomas Earl of Surrey,",3589
Act V,Scene III,King Richard Iii,Shall have the leading of this foot and horse.,3590
Act V,Scene III,King Richard Iii,"They thus directed, we will follow",3591
Act V,Scene III,King Richard Iii,"In the main battle, whose puissance on either side",3592
Act V,Scene III,King Richard Iii,Shall be well winged with our chiefest horse.,3593
Act V,Scene III,King Richard Iii,"This, and Saint George to boot! What think'st thou, Norfolk?",3594
Act V,Scene III,Norfolk,"A good direction, warlike sovereign.",3595
Act V,Scene III,Norfolk,This found I on my tent this morning.,3596
Act V,Scene III,[stage direction],He sheweth him a paper,NA
Act V,Scene III,King Richard Iii,[Reads],3597
Act V,Scene III,King Richard Iii,"'Jockey of Norfolk, be not too bold,",3598
Act V,Scene III,King Richard Iii,For Dickon thy master is bought and sold.',3599
Act V,Scene III,King Richard Iii,A thing devised by the enemy.,3600
Act V,Scene III,King Richard Iii,"Go, gentleman, every man unto his charge",3601
Act V,Scene III,King Richard Iii,Let not our babbling dreams affright our souls:,3602
Act V,Scene III,King Richard Iii,"Conscience is but a word that cowards use,",3603
Act V,Scene III,King Richard Iii,Devised at first to keep the strong in awe:,3604
Act V,Scene III,King Richard Iii,"Our strong arms be our conscience, swords our law.",3605
Act V,Scene III,King Richard Iii,"March on, join bravely, let us to't pell-mell",3606
Act V,Scene III,King Richard Iii,"If not to heaven, then hand in hand to hell.",3607
Act V,Scene III,[stage direction],His oration to his Army,NA
Act V,Scene III,King Richard Iii,What shall I say more than I have inferr'd?,3608
Act V,Scene III,King Richard Iii,Remember whom you are to cope withal;,3609
Act V,Scene III,King Richard Iii,"A sort of vagabonds, rascals, and runaways,",3610
Act V,Scene III,King Richard Iii,"A scum of Bretons, and base lackey peasants,",3611
Act V,Scene III,King Richard Iii,Whom their o'er-cloyed country vomits forth,3612
Act V,Scene III,King Richard Iii,To desperate ventures and assured destruction.,3613
Act V,Scene III,King Richard Iii,"You sleeping safe, they bring to you unrest;",3614
Act V,Scene III,King Richard Iii,"You having lands, and blest with beauteous wives,",3615
Act V,Scene III,King Richard Iii,"They would restrain the one, distain the other.",3616
Act V,Scene III,King Richard Iii,"And who doth lead them but a paltry fellow,",3617
Act V,Scene III,King Richard Iii,Long kept in Bretagne at our mother's cost?,3618
Act V,Scene III,King Richard Iii,"A milk-sop, one that never in his life",3619
Act V,Scene III,King Richard Iii,Felt so much cold as over shoes in snow?,3620
Act V,Scene III,King Richard Iii,Let's whip these stragglers o'er the seas again;,3621
Act V,Scene III,King Richard Iii,"Lash hence these overweening rags of France,",3622
Act V,Scene III,King Richard Iii,"These famish'd beggars, weary of their lives;",3623
Act V,Scene III,King Richard Iii,"Who, but for dreaming on this fond exploit,",3624
Act V,Scene III,King Richard Iii,"For want of means, poor rats, had hang'd themselves:",3625
Act V,Scene III,King Richard Iii,"If we be conquer'd, let men conquer us,",3626
Act V,Scene III,King Richard Iii,And not these bastard Bretons; whom our fathers,3627
Act V,Scene III,King Richard Iii,"Have in their own land beaten, bobb'd, and thump'd,",3628
Act V,Scene III,King Richard Iii,"And in record, left them the heirs of shame.",3629
Act V,Scene III,King Richard Iii,Shall these enjoy our lands?  lie with our wives?,3630
Act V,Scene III,King Richard Iii,Ravish our daughters?,3631
Act V,Scene III,[stage direction],Drum afar off,NA
Act V,Scene III,King Richard Iii,Hark! I hear their drum.,3632
Act V,Scene III,King Richard Iii,"Fight, gentlemen of England! fight, bold yoemen!",3633
Act V,Scene III,King Richard Iii,"Draw, archers, draw your arrows to the head!",3634
Act V,Scene III,King Richard Iii,"Spur your proud horses hard, and ride in blood;",3635
Act V,Scene III,King Richard Iii,Amaze the welkin with your broken staves!,3636
Act V,Scene III,[stage direction],Enter a Messenger,NA
Act V,Scene III,King Richard Iii,What says Lord Stanley? will he bring his power?,3637
Act V,Scene III,Messenger,"My lord, he doth deny to come.",3638
Act V,Scene III,King Richard Iii,Off with his son George's head!,3639
Act V,Scene III,Norfolk,"My lord, the enemy is past the marsh",3640
Act V,Scene III,Norfolk,After the battle let George Stanley die.,3641
Act V,Scene III,King Richard Iii,A thousand hearts are great within my bosom:,3642
Act V,Scene III,King Richard Iii,"Advance our standards, set upon our foes",3643
Act V,Scene III,King Richard Iii,"Our ancient word of courage, fair Saint George,",3644
Act V,Scene III,King Richard Iii,Inspire us with the spleen of fiery dragons!,3645
Act V,Scene III,King Richard Iii,Upon them! victory sits on our helms.,3646
Act V,Scene III,[stage direction],Exeunt,NA
Act V,Scene IV,[stage direction],Alarum: excursions. Enter NORFOLK and forces fighting; to him CATESBY,NA
Act V,Scene IV,Catesby,"Rescue, my Lord of Norfolk, rescue, rescue!",3647
Act V,Scene IV,Catesby,"The king enacts more wonders than a man,",3648
Act V,Scene IV,Catesby,Daring an opposite to every danger:,3649
Act V,Scene IV,Catesby,"His horse is slain, and all on foot he fights,",3650
Act V,Scene IV,Catesby,Seeking for Richmond in the throat of death.,3651
Act V,Scene IV,Catesby,"Rescue, fair lord, or else the day is lost!",3652
Act V,Scene IV,[stage direction],Alarums. Enter KING RICHARD III,NA
Act V,Scene IV,King Richard Iii,A horse! a horse! my kingdom for a horse!,3653
Act V,Scene IV,Catesby,"Withdraw, my lord; I'll help you to a horse.",3654
Act V,Scene IV,King Richard Iii,"Slave, I have set my life upon a cast,",3655
Act V,Scene IV,King Richard Iii,And I will stand the hazard of the die:,3656
Act V,Scene IV,King Richard Iii,I think there be six Richmonds in the field;,3657
Act V,Scene IV,King Richard Iii,Five have I slain to-day instead of him.,3658
Act V,Scene IV,King Richard Iii,A horse! a horse! my kingdom for a horse!,3659
Act V,Scene IV,[stage direction],Exeunt,NA
Act V,Scene V,[stage direction],"Alarum. Enter KING RICHARD III and RICHMOND; they  fight. KING RICHARD III is slain. Retreat and  flourish. Re-enter RICHMOND, DERBY bearing the crown, with divers other Lords",NA
Act V,Scene V,Richmond,"God and your arms be praised, victorious friends,",3660
Act V,Scene V,Richmond,"The day is ours, the bloody dog is dead.",3661
Act V,Scene V,Derby,"Courageous Richmond, well hast thou acquit thee.",3662
Act V,Scene V,Derby,"Lo, here, this long-usurped royalty",3663
Act V,Scene V,Derby,From the dead temples of this bloody wretch,3664
Act V,Scene V,Derby,"Have I pluck'd off, to grace thy brows withal:",3665
Act V,Scene V,Derby,"Wear it, enjoy it, and make much of it.",3666
Act V,Scene V,Richmond,"Great God of heaven, say Amen to all!",3667
Act V,Scene V,Richmond,"But, tell me, is young George Stanley living?",3668
Act V,Scene V,Derby,"He is, my lord, and safe in Leicester town;",3669
Act V,Scene V,Derby,"Whither, if it please you, we may now withdraw us.",3670
Act V,Scene V,Richmond,What men of name are slain on either side?,3671
Act V,Scene V,Derby,"John Duke of Norfolk, Walter Lord Ferrers,",3672
Act V,Scene V,Derby,"Sir Robert Brakenbury, and Sir William Brandon.",3673
Act V,Scene V,Richmond,Inter their bodies as becomes their births:,3674
Act V,Scene V,Richmond,Proclaim a pardon to the soldiers fled,3675
Act V,Scene V,Richmond,That in submission will return to us:,3676
Act V,Scene V,Richmond,"And then, as we have ta'en the sacrament,",3677
Act V,Scene V,Richmond,We will unite the white rose and the red:,3678
Act V,Scene V,Richmond,"Smile heaven upon this fair conjunction,",3679
Act V,Scene V,Richmond,That long have frown'd upon their enmity!,3680
Act V,Scene V,Richmond,"What traitor hears me, and says not amen?",3681
Act V,Scene V,Richmond,"England hath long been mad, and scarr'd herself;",3682
Act V,Scene V,Richmond,"The brother blindly shed the brother's blood,",3683
Act V,Scene V,Richmond,"The father rashly slaughter'd his own son,",3684
Act V,Scene V,Richmond,"The son, compell'd, been butcher to the sire:",3685
Act V,Scene V,Richmond,"All this divided York and Lancaster,",3686
Act V,Scene V,Richmond,"Divided in their dire division,",3687
Act V,Scene V,Richmond,"O, now, let Richmond and Elizabeth,",3688
Act V,Scene V,Richmond,"The true succeeders of each royal house,",3689
Act V,Scene V,Richmond,By God's fair ordinance conjoin together!,3690
Act V,Scene V,Richmond,"And let their heirs, God, if thy will be so.",3691
Act V,Scene V,Richmond,"Enrich the time to come with smooth-faced peace,",3692
Act V,Scene V,Richmond,With smiling plenty and fair prosperous days!,3693
Act V,Scene V,Richmond,"Abate the edge of traitors, gracious Lord,",3694
Act V,Scene V,Richmond,"That would reduce these bloody days again,",3695
Act V,Scene V,Richmond,And make poor England weep in streams of blood!,3696
Act V,Scene V,Richmond,Let them not live to taste this land's increase,3697
Act V,Scene V,Richmond,That would with treason wound this fair land's peace!,3698
Act V,Scene V,Richmond,"Now civil wounds are stopp'd, peace lives again:",3699
Act V,Scene V,Richmond,"That she may long live here, God say amen!",3700
Act V,Scene V,[stage direction],Exeunt,NA
