act,scene,character,dialogue,line_number
Act I,Scene I,[stage direction],"Enter KING RICHARD II, JOHN OF GAUNT, with other Nobles and Attendants",NA
Act I,Scene I,King Richard Ii,"Old John of Gaunt, time-honour'd Lancaster,",1
Act I,Scene I,King Richard Ii,"Hast thou, according to thy oath and band,",2
Act I,Scene I,King Richard Ii,"Brought hither Henry Hereford thy bold son,",3
Act I,Scene I,King Richard Ii,"Here to make good the boisterous late appeal,",4
Act I,Scene I,King Richard Ii,"Which then our leisure would not let us hear,",5
Act I,Scene I,King Richard Ii,"Against the Duke of Norfolk, Thomas Mowbray?",6
Act I,Scene I,John Of Gaunt,"I have, my liege.",7
Act I,Scene I,King Richard Ii,"Tell me, moreover, hast thou sounded him,",8
Act I,Scene I,King Richard Ii,If he appeal the duke on ancient malice;,9
Act I,Scene I,King Richard Ii,"Or worthily, as a good subject should,",10
Act I,Scene I,King Richard Ii,On some known ground of treachery in him?,11
Act I,Scene I,John Of Gaunt,"As near as I could sift him on that argument,",12
Act I,Scene I,John Of Gaunt,On some apparent danger seen in him,13
Act I,Scene I,John Of Gaunt,"Aim'd at your highness, no inveterate malice.",14
Act I,Scene I,King Richard Ii,"Then call them to our presence; face to face,",15
Act I,Scene I,King Richard Ii,"And frowning brow to brow, ourselves will hear",16
Act I,Scene I,King Richard Ii,The accuser and the accused freely speak:,17
Act I,Scene I,King Richard Ii,"High-stomach'd are they both, and full of ire,",18
Act I,Scene I,King Richard Ii,"In rage deaf as the sea, hasty as fire.",19
Act I,Scene I,[stage direction],Enter HENRY BOLINGBROKE and THOMAS MOWBRAY,NA
Act I,Scene I,Henry Bolingbroke,Many years of happy days befal,20
Act I,Scene I,Henry Bolingbroke,"My gracious sovereign, my most loving liege!",21
Act I,Scene I,Thomas Mowbray,Each day still better other's happiness;,22
Act I,Scene I,Thomas Mowbray,"Until the heavens, envying earth's good hap,",23
Act I,Scene I,Thomas Mowbray,Add an immortal title to your crown!,24
Act I,Scene I,King Richard Ii,"We thank you both: yet one but flatters us,",25
Act I,Scene I,King Richard Ii,As well appeareth by the cause you come;,26
Act I,Scene I,King Richard Ii,Namely to appeal each other of high treason.,27
Act I,Scene I,King Richard Ii,"Cousin of Hereford, what dost thou object",28
Act I,Scene I,King Richard Ii,"Against the Duke of Norfolk, Thomas Mowbray?",29
Act I,Scene I,Henry Bolingbroke,"First, heaven be the record to my speech!",30
Act I,Scene I,Henry Bolingbroke,"In the devotion of a subject's love,",31
Act I,Scene I,Henry Bolingbroke,"Tendering the precious safety of my prince,",32
Act I,Scene I,Henry Bolingbroke,"And free from other misbegotten hate,",33
Act I,Scene I,Henry Bolingbroke,Come I appellant to this princely presence.,34
Act I,Scene I,Henry Bolingbroke,"Now, Thomas Mowbray, do I turn to thee,",35
Act I,Scene I,Henry Bolingbroke,And mark my greeting well; for what I speak,36
Act I,Scene I,Henry Bolingbroke,"My body shall make good upon this earth,",37
Act I,Scene I,Henry Bolingbroke,Or my divine soul answer it in heaven.,38
Act I,Scene I,Henry Bolingbroke,"Thou art a traitor and a miscreant,",39
Act I,Scene I,Henry Bolingbroke,"Too good to be so and too bad to live,",40
Act I,Scene I,Henry Bolingbroke,"Since the more fair and crystal is the sky,",41
Act I,Scene I,Henry Bolingbroke,The uglier seem the clouds that in it fly.,42
Act I,Scene I,Henry Bolingbroke,"Once more, the more to aggravate the note,",43
Act I,Scene I,Henry Bolingbroke,With a foul traitor's name stuff I thy throat;,44
Act I,Scene I,Henry Bolingbroke,"And wish, so please my sovereign, ere I move,",45
Act I,Scene I,Henry Bolingbroke,What my tongue speaks my right drawn sword may prove.,46
Act I,Scene I,Thomas Mowbray,Let not my cold words here accuse my zeal:,47
Act I,Scene I,Thomas Mowbray,"'Tis not the trial of a woman's war,",48
Act I,Scene I,Thomas Mowbray,"The bitter clamour of two eager tongues,",49
Act I,Scene I,Thomas Mowbray,Can arbitrate this cause betwixt us twain;,50
Act I,Scene I,Thomas Mowbray,The blood is hot that must be cool'd for this:,51
Act I,Scene I,Thomas Mowbray,Yet can I not of such tame patience boast,52
Act I,Scene I,Thomas Mowbray,As to be hush'd and nought at all to say:,53
Act I,Scene I,Thomas Mowbray,"First, the fair reverence of your highness curbs me",54
Act I,Scene I,Thomas Mowbray,From giving reins and spurs to my free speech;,55
Act I,Scene I,Thomas Mowbray,Which else would post until it had return'd,56
Act I,Scene I,Thomas Mowbray,These terms of treason doubled down his throat.,57
Act I,Scene I,Thomas Mowbray,"Setting aside his high blood's royalty,",58
Act I,Scene I,Thomas Mowbray,"And let him be no kinsman to my liege,",59
Act I,Scene I,Thomas Mowbray,"I do defy him, and I spit at him;",60
Act I,Scene I,Thomas Mowbray,Call him a slanderous coward and a villain:,61
Act I,Scene I,Thomas Mowbray,"Which to maintain I would allow him odds,",62
Act I,Scene I,Thomas Mowbray,"And meet him, were I tied to run afoot",63
Act I,Scene I,Thomas Mowbray,"Even to the frozen ridges of the Alps,",64
Act I,Scene I,Thomas Mowbray,"Or any other ground inhabitable,",65
Act I,Scene I,Thomas Mowbray,Where ever Englishman durst set his foot.,66
Act I,Scene I,Thomas Mowbray,"Mean time let this defend my loyalty,",67
Act I,Scene I,Thomas Mowbray,"By all my hopes, most falsely doth he lie.",68
Act I,Scene I,Henry Bolingbroke,"Pale trembling coward, there I throw my gage,",69
Act I,Scene I,Henry Bolingbroke,"Disclaiming here the kindred of the king,",70
Act I,Scene I,Henry Bolingbroke,"And lay aside my high blood's royalty,",71
Act I,Scene I,Henry Bolingbroke,"Which fear, not reverence, makes thee to except.",72
Act I,Scene I,Henry Bolingbroke,If guilty dread have left thee so much strength,73
Act I,Scene I,Henry Bolingbroke,"As to take up mine honour's pawn, then stoop:",74
Act I,Scene I,Henry Bolingbroke,"By that and all the rites of knighthood else,",75
Act I,Scene I,Henry Bolingbroke,"Will I make good against thee, arm to arm,",76
Act I,Scene I,Henry Bolingbroke,"What I have spoke, or thou canst worse devise.",77
Act I,Scene I,Thomas Mowbray,I take it up; and by that sword I swear,78
Act I,Scene I,Thomas Mowbray,"Which gently laid my knighthood on my shoulder,",79
Act I,Scene I,Thomas Mowbray,"I'll answer thee in any fair degree,",80
Act I,Scene I,Thomas Mowbray,Or chivalrous design of knightly trial:,81
Act I,Scene I,Thomas Mowbray,"And when I mount, alive may I not light,",82
Act I,Scene I,Thomas Mowbray,If I be traitor or unjustly fight!,83
Act I,Scene I,King Richard Ii,What doth our cousin lay to Mowbray's charge?,84
Act I,Scene I,King Richard Ii,It must be great that can inherit us,85
Act I,Scene I,King Richard Ii,So much as of a thought of ill in him.,86
Act I,Scene I,Henry Bolingbroke,"Look, what I speak, my life shall prove it true;",87
Act I,Scene I,Henry Bolingbroke,That Mowbray hath received eight thousand nobles,88
Act I,Scene I,Henry Bolingbroke,"In name of lendings for your highness' soldiers,",89
Act I,Scene I,Henry Bolingbroke,"The which he hath detain'd for lewd employments,",90
Act I,Scene I,Henry Bolingbroke,Like a false traitor and injurious villain.,91
Act I,Scene I,Henry Bolingbroke,"Besides I say and will in battle prove,",92
Act I,Scene I,Henry Bolingbroke,Or here or elsewhere to the furthest verge,93
Act I,Scene I,Henry Bolingbroke,"That ever was survey'd by English eye,",94
Act I,Scene I,Henry Bolingbroke,That all the treasons for these eighteen years,95
Act I,Scene I,Henry Bolingbroke,Complotted and contrived in this land,96
Act I,Scene I,Henry Bolingbroke,Fetch from false Mowbray their first head and spring.,97
Act I,Scene I,Henry Bolingbroke,Further I say and further will maintain,98
Act I,Scene I,Henry Bolingbroke,"Upon his bad life to make all this good,",99
Act I,Scene I,Henry Bolingbroke,"That he did plot the Duke of Gloucester's death,",100
Act I,Scene I,Henry Bolingbroke,"Suggest his soon-believing adversaries,",101
Act I,Scene I,Henry Bolingbroke,"And consequently, like a traitor coward,",102
Act I,Scene I,Henry Bolingbroke,Sluiced out his innocent soul through streams of blood:,103
Act I,Scene I,Henry Bolingbroke,"Which blood, like sacrificing Abel's, cries,",104
Act I,Scene I,Henry Bolingbroke,"Even from the tongueless caverns of the earth,",105
Act I,Scene I,Henry Bolingbroke,To me for justice and rough chastisement;,106
Act I,Scene I,Henry Bolingbroke,"And, by the glorious worth of my descent,",107
Act I,Scene I,Henry Bolingbroke,"This arm shall do it, or this life be spent.",108
Act I,Scene I,King Richard Ii,How high a pitch his resolution soars!,109
Act I,Scene I,King Richard Ii,"Thomas of Norfolk, what say'st thou to this?",110
Act I,Scene I,Thomas Mowbray,"O, let my sovereign turn away his face",111
Act I,Scene I,Thomas Mowbray,"And bid his ears a little while be deaf,",112
Act I,Scene I,Thomas Mowbray,"Till I have told this slander of his blood,",113
Act I,Scene I,Thomas Mowbray,How God and good men hate so foul a liar.,114
Act I,Scene I,King Richard Ii,"Mowbray, impartial are our eyes and ears:",115
Act I,Scene I,King Richard Ii,"Were he my brother, nay, my kingdom's heir,",116
Act I,Scene I,King Richard Ii,"As he is but my father's brother's son,",117
Act I,Scene I,King Richard Ii,"Now, by my sceptre's awe, I make a vow,",118
Act I,Scene I,King Richard Ii,Such neighbour nearness to our sacred blood,119
Act I,Scene I,King Richard Ii,"Should nothing privilege him, nor partialize",120
Act I,Scene I,King Richard Ii,The unstooping firmness of my upright soul:,121
Act I,Scene I,King Richard Ii,"He is our subject, Mowbray; so art thou:",122
Act I,Scene I,King Richard Ii,Free speech and fearless I to thee allow.,123
Act I,Scene I,Thomas Mowbray,"Then, Bolingbroke, as low as to thy heart,",124
Act I,Scene I,Thomas Mowbray,"Through the false passage of thy throat, thou liest.",125
Act I,Scene I,Thomas Mowbray,Three parts of that receipt I had for Calais,126
Act I,Scene I,Thomas Mowbray,Disbursed I duly to his highness' soldiers;,127
Act I,Scene I,Thomas Mowbray,"The other part reserved I by consent,",128
Act I,Scene I,Thomas Mowbray,For that my sovereign liege was in my debt,129
Act I,Scene I,Thomas Mowbray,"Upon remainder of a dear account,",130
Act I,Scene I,Thomas Mowbray,Since last I went to France to fetch his queen:,131
Act I,Scene I,Thomas Mowbray,"Now swallow down that lie. For Gloucester's death,",132
Act I,Scene I,Thomas Mowbray,I slew him not; but to my own disgrace,133
Act I,Scene I,Thomas Mowbray,Neglected my sworn duty in that case.,134
Act I,Scene I,Thomas Mowbray,"For you, my noble Lord of Lancaster,",135
Act I,Scene I,Thomas Mowbray,The honourable father to my foe,136
Act I,Scene I,Thomas Mowbray,"Once did I lay an ambush for your life,",137
Act I,Scene I,Thomas Mowbray,A trespass that doth vex my grieved soul,138
Act I,Scene I,Thomas Mowbray,But ere I last received the sacrament,139
Act I,Scene I,Thomas Mowbray,"I did confess it, and exactly begg'd",140
Act I,Scene I,Thomas Mowbray,"Your grace's pardon, and I hope I had it.",141
Act I,Scene I,Thomas Mowbray,"This is my fault: as for the rest appeall'd,",142
Act I,Scene I,Thomas Mowbray,"It issues from the rancour of a villain,",143
Act I,Scene I,Thomas Mowbray,A recreant and most degenerate traitor,144
Act I,Scene I,Thomas Mowbray,Which in myself I boldly will defend;,145
Act I,Scene I,Thomas Mowbray,And interchangeably hurl down my gage,146
Act I,Scene I,Thomas Mowbray,"Upon this overweening traitor's foot,",147
Act I,Scene I,Thomas Mowbray,To prove myself a loyal gentleman,148
Act I,Scene I,Thomas Mowbray,Even in the best blood chamber'd in his bosom.,149
Act I,Scene I,Thomas Mowbray,"In haste whereof, most heartily I pray",150
Act I,Scene I,Thomas Mowbray,Your highness to assign our trial day.,151
Act I,Scene I,King Richard Ii,"Wrath-kindled gentlemen, be ruled by me;",152
Act I,Scene I,King Richard Ii,Let's purge this choler without letting blood:,153
Act I,Scene I,King Richard Ii,"This we prescribe, though no physician;",154
Act I,Scene I,King Richard Ii,Deep malice makes too deep incision;,155
Act I,Scene I,King Richard Ii,"Forget, forgive; conclude and be agreed;",156
Act I,Scene I,King Richard Ii,Our doctors say this is no month to bleed.,157
Act I,Scene I,King Richard Ii,"Good uncle, let this end where it begun;",158
Act I,Scene I,King Richard Ii,"We'll calm the Duke of Norfolk, you your son.",159
Act I,Scene I,John Of Gaunt,To be a make-peace shall become my age:,160
Act I,Scene I,John Of Gaunt,"Throw down, my son, the Duke of Norfolk's gage.",161
Act I,Scene I,King Richard Ii,"And, Norfolk, throw down his.",162
Act I,Scene I,John Of Gaunt,"When, Harry, when?",163
Act I,Scene I,John Of Gaunt,Obedience bids I should not bid again.,164
Act I,Scene I,King Richard Ii,"Norfolk, throw down, we bid; there is no boot.",165
Act I,Scene I,Thomas Mowbray,"Myself I throw, dread sovereign, at thy foot.",166
Act I,Scene I,Thomas Mowbray,"My life thou shalt command, but not my shame:",167
Act I,Scene I,Thomas Mowbray,"The one my duty owes; but my fair name,",168
Act I,Scene I,Thomas Mowbray,"Despite of death that lives upon my grave,",169
Act I,Scene I,Thomas Mowbray,To dark dishonour's use thou shalt not have.,170
Act I,Scene I,Thomas Mowbray,"I am disgraced, impeach'd and baffled here,",171
Act I,Scene I,Thomas Mowbray,"Pierced to the soul with slander's venom'd spear,",172
Act I,Scene I,Thomas Mowbray,The which no balm can cure but his heart-blood,173
Act I,Scene I,Thomas Mowbray,Which breathed this poison.,174
Act I,Scene I,King Richard Ii,Rage must be withstood:,175
Act I,Scene I,King Richard Ii,Give me his gage: lions make leopards tame.,176
Act I,Scene I,Thomas Mowbray,"Yea, but not change his spots: take but my shame.",177
Act I,Scene I,Thomas Mowbray,"And I resign my gage. My dear dear lord,",178
Act I,Scene I,Thomas Mowbray,The purest treasure mortal times afford,179
Act I,Scene I,Thomas Mowbray,"Is spotless reputation: that away,",180
Act I,Scene I,Thomas Mowbray,Men are but gilded loam or painted clay.,181
Act I,Scene I,Thomas Mowbray,A jewel in a ten-times-barr'd-up chest,182
Act I,Scene I,Thomas Mowbray,Is a bold spirit in a loyal breast.,183
Act I,Scene I,Thomas Mowbray,Mine honour is my life; both grow in one:,184
Act I,Scene I,Thomas Mowbray,"Take honour from me, and my life is done:",185
Act I,Scene I,Thomas Mowbray,"Then, dear my liege, mine honour let me try;",186
Act I,Scene I,Thomas Mowbray,In that I live and for that will I die.,187
Act I,Scene I,King Richard Ii,"Cousin, throw up your gage; do you begin.",188
Act I,Scene I,Henry Bolingbroke,"O, God defend my soul from such deep sin!",189
Act I,Scene I,Henry Bolingbroke,Shall I seem crest-fall'n in my father's sight?,190
Act I,Scene I,Henry Bolingbroke,Or with pale beggar-fear impeach my height,191
Act I,Scene I,Henry Bolingbroke,Before this out-dared dastard? Ere my tongue,192
Act I,Scene I,Henry Bolingbroke,"Shall wound my honour with such feeble wrong,",193
Act I,Scene I,Henry Bolingbroke,"Or sound so base a parle, my teeth shall tear",194
Act I,Scene I,Henry Bolingbroke,"The slavish motive of recanting fear,",195
Act I,Scene I,Henry Bolingbroke,"And spit it bleeding in his high disgrace,",196
Act I,Scene I,Henry Bolingbroke,"Where shame doth harbour, even in Mowbray's face.",197
Act I,Scene I,[stage direction],Exit JOHN OF GAUNT,NA
Act I,Scene I,King Richard Ii,"We were not born to sue, but to command;",198
Act I,Scene I,King Richard Ii,"Which since we cannot do to make you friends,",199
Act I,Scene I,King Richard Ii,"Be ready, as your lives shall answer it,",200
Act I,Scene I,King Richard Ii,"At Coventry, upon Saint Lambert's day:",201
Act I,Scene I,King Richard Ii,There shall your swords and lances arbitrate,202
Act I,Scene I,King Richard Ii,The swelling difference of your settled hate:,203
Act I,Scene I,King Richard Ii,"Since we can not atone you, we shall see",204
Act I,Scene I,King Richard Ii,Justice design the victor's chivalry.,205
Act I,Scene I,King Richard Ii,"Lord marshal, command our officers at arms",206
Act I,Scene I,King Richard Ii,Be ready to direct these home alarms.,207
Act I,Scene I,[stage direction],Exeunt,NA
Act I,Scene II,[stage direction],Enter JOHN OF GAUNT with DUCHESS,NA
Act I,Scene II,John Of Gaunt,"Alas, the part I had in Woodstock's blood",208
Act I,Scene II,John Of Gaunt,"Doth more solicit me than your exclaims,",209
Act I,Scene II,John Of Gaunt,To stir against the butchers of his life!,210
Act I,Scene II,John Of Gaunt,But since correction lieth in those hands,211
Act I,Scene II,John Of Gaunt,"Which made the fault that we cannot correct,",212
Act I,Scene II,John Of Gaunt,Put we our quarrel to the will of heaven;,213
Act I,Scene II,John Of Gaunt,"Who, when they see the hours ripe on earth,",214
Act I,Scene II,John Of Gaunt,Will rain hot vengeance on offenders' heads.,215
Act I,Scene II,Duchess,Finds brotherhood in thee no sharper spur?,216
Act I,Scene II,Duchess,Hath love in thy old blood no living fire?,217
Act I,Scene II,Duchess,"Edward's seven sons, whereof thyself art one,",218
Act I,Scene II,Duchess,"Were as seven vials of his sacred blood,",219
Act I,Scene II,Duchess,Or seven fair branches springing from one root:,220
Act I,Scene II,Duchess,"Some of those seven are dried by nature's course,",221
Act I,Scene II,Duchess,Some of those branches by the Destinies cut;,222
Act I,Scene II,Duchess,"But Thomas, my dear lord, my life, my Gloucester,",223
Act I,Scene II,Duchess,"One vial full of Edward's sacred blood,",224
Act I,Scene II,Duchess,"One flourishing branch of his most royal root,",225
Act I,Scene II,Duchess,"Is crack'd, and all the precious liquor spilt,",226
Act I,Scene II,Duchess,"Is hack'd down, and his summer leaves all faded,",227
Act I,Scene II,Duchess,By envy's hand and murder's bloody axe.,228
Act I,Scene II,Duchess,"Ah, Gaunt, his blood was thine! that bed, that womb,",229
Act I,Scene II,Duchess,"That metal, that self-mould, that fashion'd thee",230
Act I,Scene II,Duchess,"Made him a man; and though thou livest and breathest,",231
Act I,Scene II,Duchess,Yet art thou slain in him: thou dost consent,232
Act I,Scene II,Duchess,"In some large measure to thy father's death,",233
Act I,Scene II,Duchess,"In that thou seest thy wretched brother die,",234
Act I,Scene II,Duchess,Who was the model of thy father's life.,235
Act I,Scene II,Duchess,"Call it not patience, Gaunt; it is despair:",236
Act I,Scene II,Duchess,"In suffering thus thy brother to be slaughter'd,",237
Act I,Scene II,Duchess,"Thou showest the naked pathway to thy life,",238
Act I,Scene II,Duchess,Teaching stern murder how to butcher thee:,239
Act I,Scene II,Duchess,That which in mean men we intitle patience,240
Act I,Scene II,Duchess,Is pale cold cowardice in noble breasts.,241
Act I,Scene II,Duchess,"What shall I say? to safeguard thine own life,",242
Act I,Scene II,Duchess,The best way is to venge my Gloucester's death.,243
Act I,Scene II,John Of Gaunt,"God's is the quarrel; for God's substitute,",244
Act I,Scene II,John Of Gaunt,"His deputy anointed in His sight,",245
Act I,Scene II,John Of Gaunt,"Hath caused his death: the which if wrongfully,",246
Act I,Scene II,John Of Gaunt,Let heaven revenge; for I may never lift,247
Act I,Scene II,John Of Gaunt,An angry arm against His minister.,248
Act I,Scene II,Duchess,"Where then, alas, may I complain myself?",249
Act I,Scene II,John Of Gaunt,"To God, the widow's champion and defence.",250
Act I,Scene II,Duchess,"Why, then, I will. Farewell, old Gaunt.",251
Act I,Scene II,Duchess,"Thou goest to Coventry, there to behold",252
Act I,Scene II,Duchess,Our cousin Hereford and fell Mowbray fight:,253
Act I,Scene II,Duchess,"O, sit my husband's wrongs on Hereford's spear,",254
Act I,Scene II,Duchess,That it may enter butcher Mowbray's breast!,255
Act I,Scene II,Duchess,"Or, if misfortune miss the first career,",256
Act I,Scene II,Duchess,"Be Mowbray's sins so heavy in his bosom,",257
Act I,Scene II,Duchess,"They may break his foaming courser's back,",258
Act I,Scene II,Duchess,"And throw the rider headlong in the lists,",259
Act I,Scene II,Duchess,A caitiff recreant to my cousin Hereford!,260
Act I,Scene II,Duchess,"Farewell, old Gaunt: thy sometimes brother's wife",261
Act I,Scene II,Duchess,With her companion grief must end her life.,262
Act I,Scene II,John Of Gaunt,"Sister, farewell; I must to Coventry:",263
Act I,Scene II,John Of Gaunt,As much good stay with thee as go with me!,264
Act I,Scene II,Duchess,"Yet one word more: grief boundeth where it falls,",265
Act I,Scene II,Duchess,"Not with the empty hollowness, but weight:",266
Act I,Scene II,Duchess,"I take my leave before I have begun,",267
Act I,Scene II,Duchess,For sorrow ends not when it seemeth done.,268
Act I,Scene II,Duchess,"Commend me to thy brother, Edmund York.",269
Act I,Scene II,Duchess,"Lo, this is all:--nay, yet depart not so;",270
Act I,Scene II,Duchess,"Though this be all, do not so quickly go;",271
Act I,Scene II,Duchess,"I shall remember more. Bid him--ah, what?--",272
Act I,Scene II,Duchess,With all good speed at Plashy visit me.,273
Act I,Scene II,Duchess,"Alack, and what shall good old York there see",274
Act I,Scene II,Duchess,"But empty lodgings and unfurnish'd walls,",275
Act I,Scene II,Duchess,"Unpeopled offices, untrodden stones?",276
Act I,Scene II,Duchess,And what hear there for welcome but my groans?,277
Act I,Scene II,Duchess,"Therefore commend me; let him not come there,",278
Act I,Scene II,Duchess,To seek out sorrow that dwells every where.,279
Act I,Scene II,Duchess,"Desolate, desolate, will I hence and die:",280
Act I,Scene II,Duchess,The last leave of thee takes my weeping eye.,281
Act I,Scene II,[stage direction],Exeunt,NA
Act I,Scene III,[stage direction],Enter the Lord Marshal and the DUKE OF AUMERLE,NA
Act I,Scene III,Lord Marshal,"My Lord Aumerle, is Harry Hereford arm'd?",282
Act I,Scene III,Duke Of Aumerle,"Yea, at all points; and longs to enter in.",283
Act I,Scene III,Lord Marshal,"The Duke of Norfolk, sprightfully and bold,",284
Act I,Scene III,Lord Marshal,Stays but the summons of the appellant's trumpet.,285
Act I,Scene III,Duke Of Aumerle,"Why, then, the champions are prepared, and stay",286
Act I,Scene III,Duke Of Aumerle,For nothing but his majesty's approach.,287
Act I,Scene III,[stage direction],"The trumpets sound, and KING RICHARD enters with  his nobles, JOHN OF GAUNT, BUSHY, BAGOT, GREEN, and  others. When they are set, enter THOMAS MOWBRAY in arms, defendant, with a Herald",NA
Act I,Scene III,King Richard Ii,"Marshal, demand of yonder champion",288
Act I,Scene III,King Richard Ii,The cause of his arrival here in arms:,289
Act I,Scene III,King Richard Ii,Ask him his name and orderly proceed,290
Act I,Scene III,King Richard Ii,To swear him in the justice of his cause.,291
Act I,Scene III,Lord Marshal,"In God's name and the king's, say who thou art",292
Act I,Scene III,Lord Marshal,"And why thou comest thus knightly clad in arms,",293
Act I,Scene III,Lord Marshal,"Against what man thou comest, and what thy quarrel:",294
Act I,Scene III,Lord Marshal,"Speak truly, on thy knighthood and thy oath;",295
Act I,Scene III,Lord Marshal,As so defend thee heaven and thy valour!,296
Act I,Scene III,Thomas Mowbray,"My name is Thomas Mowbray, Duke of Norfolk;",297
Act I,Scene III,Thomas Mowbray,Who hither come engaged by my oath--,298
Act I,Scene III,Thomas Mowbray,Which God defend a knight should violate!--,299
Act I,Scene III,Thomas Mowbray,Both to defend my loyalty and truth,300
Act I,Scene III,Thomas Mowbray,"To God, my king and my succeeding issue,",301
Act I,Scene III,Thomas Mowbray,Against the Duke of Hereford that appeals me,302
Act I,Scene III,Thomas Mowbray,"And, by the grace of God and this mine arm,",303
Act I,Scene III,Thomas Mowbray,"To prove him, in defending of myself,",304
Act I,Scene III,Thomas Mowbray,"A traitor to my God, my king, and me:",305
Act I,Scene III,Thomas Mowbray,"And as I truly fight, defend me heaven!",306
Act I,Scene III,[stage direction],"The trumpets sound. Enter HENRY BOLINGBROKE, appellant, in armour, with a Herald",NA
Act I,Scene III,King Richard Ii,"Marshal, ask yonder knight in arms,",307
Act I,Scene III,King Richard Ii,Both who he is and why he cometh hither,308
Act I,Scene III,King Richard Ii,"Thus plated in habiliments of war,",309
Act I,Scene III,King Richard Ii,"And formally, according to our law,",310
Act I,Scene III,King Richard Ii,Depose him in the justice of his cause.,311
Act I,Scene III,Lord Marshal,"What is thy name? and wherefore comest thou hither,",312
Act I,Scene III,Lord Marshal,Before King Richard in his royal lists?,313
Act I,Scene III,Lord Marshal,Against whom comest thou? and what's thy quarrel?,314
Act I,Scene III,Lord Marshal,"Speak like a true knight, so defend thee heaven!",315
Act I,Scene III,Henry Bolingbroke,"Harry of Hereford, Lancaster and Derby",316
Act I,Scene III,Henry Bolingbroke,"Am I; who ready here do stand in arms,",317
Act I,Scene III,Henry Bolingbroke,"To prove, by God's grace and my body's valour,",318
Act I,Scene III,Henry Bolingbroke,"In lists, on Thomas Mowbray, Duke of Norfolk,",319
Act I,Scene III,Henry Bolingbroke,"That he is a traitor, foul and dangerous,",320
Act I,Scene III,Henry Bolingbroke,"To God of heaven, King Richard and to me;",321
Act I,Scene III,Henry Bolingbroke,"And as I truly fight, defend me heaven!",322
Act I,Scene III,Lord Marshal,"On pain of death, no person be so bold",323
Act I,Scene III,Lord Marshal,"Or daring-hardy as to touch the lists,",324
Act I,Scene III,Lord Marshal,Except the marshal and such officers,325
Act I,Scene III,Lord Marshal,Appointed to direct these fair designs.,326
Act I,Scene III,Henry Bolingbroke,"Lord marshal, let me kiss my sovereign's hand,",327
Act I,Scene III,Henry Bolingbroke,And bow my knee before his majesty:,328
Act I,Scene III,Henry Bolingbroke,For Mowbray and myself are like two men,329
Act I,Scene III,Henry Bolingbroke,That vow a long and weary pilgrimage;,330
Act I,Scene III,Henry Bolingbroke,Then let us take a ceremonious leave,331
Act I,Scene III,Henry Bolingbroke,And loving farewell of our several friends.,332
Act I,Scene III,Lord Marshal,"The appellant in all duty greets your highness,",333
Act I,Scene III,Lord Marshal,And craves to kiss your hand and take his leave.,334
Act I,Scene III,King Richard Ii,We will descend and fold him in our arms.,335
Act I,Scene III,King Richard Ii,"Cousin of Hereford, as thy cause is right,",336
Act I,Scene III,King Richard Ii,So be thy fortune in this royal fight!,337
Act I,Scene III,King Richard Ii,"Farewell, my blood; which if to-day thou shed,",338
Act I,Scene III,King Richard Ii,"Lament we may, but not revenge thee dead.",339
Act I,Scene III,Henry Bolingbroke,O let no noble eye profane a tear,340
Act I,Scene III,Henry Bolingbroke,"For me, if I be gored with Mowbray's spear:",341
Act I,Scene III,Henry Bolingbroke,As confident as is the falcon's flight,342
Act I,Scene III,Henry Bolingbroke,"Against a bird, do I with Mowbray fight.",343
Act I,Scene III,Henry Bolingbroke,"My loving lord, I take my leave of you;",344
Act I,Scene III,Henry Bolingbroke,"Of you, my noble cousin, Lord Aumerle;",345
Act I,Scene III,Henry Bolingbroke,"Not sick, although I have to do with death,",346
Act I,Scene III,Henry Bolingbroke,"But lusty, young, and cheerly drawing breath.",347
Act I,Scene III,Henry Bolingbroke,"Lo, as at English feasts, so I regreet",348
Act I,Scene III,Henry Bolingbroke,"The daintiest last, to make the end most sweet:",349
Act I,Scene III,Henry Bolingbroke,"O thou, the earthly author of my blood,",350
Act I,Scene III,Henry Bolingbroke,"Whose youthful spirit, in me regenerate,",351
Act I,Scene III,Henry Bolingbroke,Doth with a twofold vigour lift me up,352
Act I,Scene III,Henry Bolingbroke,"To reach at victory above my head,",353
Act I,Scene III,Henry Bolingbroke,Add proof unto mine armour with thy prayers;,354
Act I,Scene III,Henry Bolingbroke,"And with thy blessings steel my lance's point,",355
Act I,Scene III,Henry Bolingbroke,"That it may enter Mowbray's waxen coat,",356
Act I,Scene III,Henry Bolingbroke,"And furbish new the name of John a Gaunt,",357
Act I,Scene III,Henry Bolingbroke,Even in the lusty havior of his son.,358
Act I,Scene III,John Of Gaunt,God in thy good cause make thee prosperous!,359
Act I,Scene III,John Of Gaunt,Be swift like lightning in the execution;,360
Act I,Scene III,John Of Gaunt,"And let thy blows, doubly redoubled,",361
Act I,Scene III,John Of Gaunt,Fall like amazing thunder on the casque,362
Act I,Scene III,John Of Gaunt,Of thy adverse pernicious enemy:,363
Act I,Scene III,John Of Gaunt,"Rouse up thy youthful blood, be valiant and live.",364
Act I,Scene III,Henry Bolingbroke,Mine innocency and Saint George to thrive!,365
Act I,Scene III,Thomas Mowbray,"However God or fortune cast my lot,",366
Act I,Scene III,Thomas Mowbray,"There lives or dies, true to King Richard's throne,",367
Act I,Scene III,Thomas Mowbray,"A loyal, just and upright gentleman:",368
Act I,Scene III,Thomas Mowbray,Never did captive with a freer heart,369
Act I,Scene III,Thomas Mowbray,Cast off his chains of bondage and embrace,370
Act I,Scene III,Thomas Mowbray,"His golden uncontroll'd enfranchisement,",371
Act I,Scene III,Thomas Mowbray,More than my dancing soul doth celebrate,372
Act I,Scene III,Thomas Mowbray,This feast of battle with mine adversary.,373
Act I,Scene III,Thomas Mowbray,"Most mighty liege, and my companion peers,",374
Act I,Scene III,Thomas Mowbray,Take from my mouth the wish of happy years:,375
Act I,Scene III,Thomas Mowbray,As gentle and as jocund as to jest,376
Act I,Scene III,Thomas Mowbray,Go I to fight: truth hath a quiet breast.,377
Act I,Scene III,King Richard Ii,"Farewell, my lord: securely I espy",378
Act I,Scene III,King Richard Ii,Virtue with valour couched in thine eye.,379
Act I,Scene III,King Richard Ii,"Order the trial, marshal, and begin.",380
Act I,Scene III,Lord Marshal,"Harry of Hereford, Lancaster and Derby,",381
Act I,Scene III,Lord Marshal,Receive thy lance; and God defend the right!,382
Act I,Scene III,Henry Bolingbroke,"Strong as a tower in hope, I cry amen.",383
Act I,Scene III,Lord Marshal,"Go bear this lance to Thomas, Duke of Norfolk.",384
Act I,Scene III,First Herald,"Harry of Hereford, Lancaster and Derby,",385
Act I,Scene III,First Herald,"Stands here for God, his sovereign and himself,",386
Act I,Scene III,First Herald,"On pain to be found false and recreant,",387
Act I,Scene III,First Herald,"To prove the Duke of Norfolk, Thomas Mowbray,",388
Act I,Scene III,First Herald,"A traitor to his God, his king and him;",389
Act I,Scene III,First Herald,And dares him to set forward to the fight.,390
Act I,Scene III,Second Herald,"Here standeth Thomas Mowbray, Duke of Norfolk,",391
Act I,Scene III,Second Herald,"On pain to be found false and recreant,",392
Act I,Scene III,Second Herald,Both to defend himself and to approve,393
Act I,Scene III,Second Herald,"Henry of Hereford, Lancaster, and Derby,",394
Act I,Scene III,Second Herald,"To God, his sovereign and to him disloyal;",395
Act I,Scene III,Second Herald,Courageously and with a free desire,396
Act I,Scene III,Second Herald,Attending but the signal to begin.,397
Act I,Scene III,Lord Marshal,"Sound, trumpets; and set forward, combatants.",398
Act I,Scene III,[stage direction],A charge sounded,NA
Act I,Scene III,Lord Marshal,"Stay, the king hath thrown his warder down.",399
Act I,Scene III,King Richard Ii,"Let them lay by their helmets and their spears,",400
Act I,Scene III,King Richard Ii,And both return back to their chairs again:,401
Act I,Scene III,King Richard Ii,Withdraw with us: and let the trumpets sound,402
Act I,Scene III,King Richard Ii,While we return these dukes what we decree.,403
Act I,Scene III,[stage direction],A long flourish,NA
Act I,Scene III,King Richard Ii,"Draw near,",404
Act I,Scene III,King Richard Ii,And list what with our council we have done.,405
Act I,Scene III,King Richard Ii,For that our kingdom's earth should not be soil'd,406
Act I,Scene III,King Richard Ii,With that dear blood which it hath fostered;,407
Act I,Scene III,King Richard Ii,And for our eyes do hate the dire aspect,408
Act I,Scene III,King Richard Ii,Of civil wounds plough'd up with neighbours' sword;,409
Act I,Scene III,King Richard Ii,And for we think the eagle-winged pride,410
Act I,Scene III,King Richard Ii,"Of sky-aspiring and ambitious thoughts,",411
Act I,Scene III,King Richard Ii,"With rival-hating envy, set on you",412
Act I,Scene III,King Richard Ii,"To wake our peace, which in our country's cradle",413
Act I,Scene III,King Richard Ii,Draws the sweet infant breath of gentle sleep;,414
Act I,Scene III,King Richard Ii,"Which so roused up with boisterous untuned drums,",415
Act I,Scene III,King Richard Ii,"With harsh resounding trumpets' dreadful bray,",416
Act I,Scene III,King Richard Ii,"And grating shock of wrathful iron arms,",417
Act I,Scene III,King Richard Ii,Might from our quiet confines fright fair peace,418
Act I,Scene III,King Richard Ii,"And make us wade even in our kindred's blood,",419
Act I,Scene III,King Richard Ii,"Therefore, we banish you our territories:",420
Act I,Scene III,King Richard Ii,"You, cousin Hereford, upon pain of life,",421
Act I,Scene III,King Richard Ii,Till twice five summers have enrich'd our fields,422
Act I,Scene III,King Richard Ii,"Shall not regreet our fair dominions,",423
Act I,Scene III,King Richard Ii,But tread the stranger paths of banishment.,424
Act I,Scene III,Henry Bolingbroke,"Your will be done: this must my comfort be,",425
Act I,Scene III,Henry Bolingbroke,Sun that warms you here shall shine on me;,426
Act I,Scene III,Henry Bolingbroke,And those his golden beams to you here lent,427
Act I,Scene III,Henry Bolingbroke,Shall point on me and gild my banishment.,428
Act I,Scene III,King Richard Ii,"Norfolk, for thee remains a heavier doom,",429
Act I,Scene III,King Richard Ii,Which I with some unwillingness pronounce:,430
Act I,Scene III,King Richard Ii,The sly slow hours shall not determinate,431
Act I,Scene III,King Richard Ii,The dateless limit of thy dear exile;,432
Act I,Scene III,King Richard Ii,The hopeless word of 'never to return',433
Act I,Scene III,King Richard Ii,"Breathe I against thee, upon pain of life.",434
Act I,Scene III,Thomas Mowbray,"A heavy sentence, my most sovereign liege,",435
Act I,Scene III,Thomas Mowbray,And all unlook'd for from your highness' mouth:,436
Act I,Scene III,Thomas Mowbray,"A dearer merit, not so deep a maim",437
Act I,Scene III,Thomas Mowbray,"As to be cast forth in the common air,",438
Act I,Scene III,Thomas Mowbray,Have I deserved at your highness' hands.,439
Act I,Scene III,Thomas Mowbray,"The language I have learn'd these forty years,",440
Act I,Scene III,Thomas Mowbray,"My native English, now I must forego:",441
Act I,Scene III,Thomas Mowbray,And now my tongue's use is to me no more,442
Act I,Scene III,Thomas Mowbray,"Than an unstringed viol or a harp,",443
Act I,Scene III,Thomas Mowbray,"Or like a cunning instrument cased up,",444
Act I,Scene III,Thomas Mowbray,"Or, being open, put into his hands",445
Act I,Scene III,Thomas Mowbray,That knows no touch to tune the harmony:,446
Act I,Scene III,Thomas Mowbray,"Within my mouth you have engaol'd my tongue,",447
Act I,Scene III,Thomas Mowbray,Doubly portcullis'd with my teeth and lips;,448
Act I,Scene III,Thomas Mowbray,And dull unfeeling barren ignorance,449
Act I,Scene III,Thomas Mowbray,Is made my gaoler to attend on me.,450
Act I,Scene III,Thomas Mowbray,"I am too old to fawn upon a nurse,",451
Act I,Scene III,Thomas Mowbray,Too far in years to be a pupil now:,452
Act I,Scene III,Thomas Mowbray,"What is thy sentence then but speechless death,",453
Act I,Scene III,Thomas Mowbray,Which robs my tongue from breathing native breath?,454
Act I,Scene III,King Richard Ii,It boots thee not to be compassionate:,455
Act I,Scene III,King Richard Ii,After our sentence plaining comes too late.,456
Act I,Scene III,Thomas Mowbray,"Then thus I turn me from my country's light,",457
Act I,Scene III,Thomas Mowbray,To dwell in solemn shades of endless night.,458
Act I,Scene III,King Richard Ii,"Return again, and take an oath with thee.",459
Act I,Scene III,King Richard Ii,Lay on our royal sword your banish'd hands;,460
Act I,Scene III,King Richard Ii,Swear by the duty that you owe to God--,461
Act I,Scene III,King Richard Ii,Our part therein we banish with yourselves--,462
Act I,Scene III,King Richard Ii,To keep the oath that we administer:,463
Act I,Scene III,King Richard Ii,"You never shall, so help you truth and God!",464
Act I,Scene III,King Richard Ii,Embrace each other's love in banishment;,465
Act I,Scene III,King Richard Ii,Nor never look upon each other's face;,466
Act I,Scene III,King Richard Ii,"Nor never write, regreet, nor reconcile",467
Act I,Scene III,King Richard Ii,This louring tempest of your home-bred hate;,468
Act I,Scene III,King Richard Ii,Nor never by advised purpose meet,469
Act I,Scene III,King Richard Ii,"To plot, contrive, or complot any ill",470
Act I,Scene III,King Richard Ii,"'Gainst us, our state, our subjects, or our land.",471
Act I,Scene III,Henry Bolingbroke,I swear.,472
Act I,Scene III,Thomas Mowbray,"And I, to keep all this.",473
Act I,Scene III,Henry Bolingbroke,"Norfolk, so far as to mine enemy:--",474
Act I,Scene III,Henry Bolingbroke,"By this time, had the king permitted us,",475
Act I,Scene III,Henry Bolingbroke,One of our souls had wander'd in the air.,476
Act I,Scene III,Henry Bolingbroke,"Banish'd this frail sepulchre of our flesh,",477
Act I,Scene III,Henry Bolingbroke,As now our flesh is banish'd from this land:,478
Act I,Scene III,Henry Bolingbroke,Confess thy treasons ere thou fly the realm;,479
Act I,Scene III,Henry Bolingbroke,"Since thou hast far to go, bear not along",480
Act I,Scene III,Henry Bolingbroke,The clogging burthen of a guilty soul.,481
Act I,Scene III,Thomas Mowbray,"No, Bolingbroke: if ever I were traitor,",482
Act I,Scene III,Thomas Mowbray,"My name be blotted from the book of life,",483
Act I,Scene III,Thomas Mowbray,And I from heaven banish'd as from hence!,484
Act I,Scene III,Thomas Mowbray,"But what thou art, God, thou, and I do know;",485
Act I,Scene III,Thomas Mowbray,"And all too soon, I fear, the king shall rue.",486
Act I,Scene III,Thomas Mowbray,"Farewell, my liege. Now no way can I stray;",487
Act I,Scene III,Thomas Mowbray,"Save back to England, all the world's my way.",488
Act I,Scene III,[stage direction],Exit,NA
Act I,Scene III,King Richard Ii,"Uncle, even in the glasses of thine eyes",489
Act I,Scene III,King Richard Ii,I see thy grieved heart: thy sad aspect,490
Act I,Scene III,King Richard Ii,Hath from the number of his banish'd years,491
Act I,Scene III,King Richard Ii,Pluck'd four away.,492
Act I,Scene III,[stage direction],To HENRY BOLINGBROKE,NA
Act I,Scene III,King Richard Ii,"Six frozen winter spent,",493
Act I,Scene III,King Richard Ii,Return with welcome home from banishment.,494
Act I,Scene III,Henry Bolingbroke,How long a time lies in one little word!,495
Act I,Scene III,Henry Bolingbroke,Four lagging winters and four wanton springs,496
Act I,Scene III,Henry Bolingbroke,End in a word: such is the breath of kings.,497
Act I,Scene III,John Of Gaunt,"I thank my liege, that in regard of me",498
Act I,Scene III,John Of Gaunt,He shortens four years of my son's exile:,499
Act I,Scene III,John Of Gaunt,But little vantage shall I reap thereby;,500
Act I,Scene III,John Of Gaunt,"For, ere the six years that he hath to spend",501
Act I,Scene III,John Of Gaunt,Can change their moons and bring their times about,502
Act I,Scene III,John Of Gaunt,My oil-dried lamp and time-bewasted light,503
Act I,Scene III,John Of Gaunt,Shall be extinct with age and endless night;,504
Act I,Scene III,John Of Gaunt,"My inch of taper will be burnt and done,",505
Act I,Scene III,John Of Gaunt,And blindfold death not let me see my son.,506
Act I,Scene III,King Richard Ii,"Why uncle, thou hast many years to live.",507
Act I,Scene III,John Of Gaunt,"But not a minute, king, that thou canst give:",508
Act I,Scene III,John Of Gaunt,"Shorten my days thou canst with sullen sorrow,",509
Act I,Scene III,John Of Gaunt,"And pluck nights from me, but not lend a morrow;",510
Act I,Scene III,John Of Gaunt,"Thou canst help time to furrow me with age,",511
Act I,Scene III,John Of Gaunt,But stop no wrinkle in his pilgrimage;,512
Act I,Scene III,John Of Gaunt,"Thy word is current with him for my death,",513
Act I,Scene III,John Of Gaunt,"But dead, thy kingdom cannot buy my breath.",514
Act I,Scene III,King Richard Ii,"Thy son is banish'd upon good advice,",515
Act I,Scene III,King Richard Ii,Whereto thy tongue a party-verdict gave:,516
Act I,Scene III,King Richard Ii,Why at our justice seem'st thou then to lour?,517
Act I,Scene III,John Of Gaunt,Things sweet to taste prove in digestion sour.,518
Act I,Scene III,John Of Gaunt,You urged me as a judge; but I had rather,519
Act I,Scene III,John Of Gaunt,You would have bid me argue like a father.,520
Act I,Scene III,John Of Gaunt,"O, had it been a stranger, not my child,",521
Act I,Scene III,John Of Gaunt,To smooth his fault I should have been more mild:,522
Act I,Scene III,John Of Gaunt,"A partial slander sought I to avoid,",523
Act I,Scene III,John Of Gaunt,And in the sentence my own life destroy'd.,524
Act I,Scene III,John Of Gaunt,"Alas, I look'd when some of you should say,",525
Act I,Scene III,John Of Gaunt,I was too strict to make mine own away;,526
Act I,Scene III,John Of Gaunt,But you gave leave to my unwilling tongue,527
Act I,Scene III,John Of Gaunt,Against my will to do myself this wrong.,528
Act I,Scene III,King Richard Ii,"Cousin, farewell; and, uncle, bid him so:",529
Act I,Scene III,King Richard Ii,"Six years we banish him, and he shall go.",530
Act I,Scene III,[stage direction],Flourish. Exeunt KING RICHARD II and train,NA
Act I,Scene III,Duke Of Aumerle,"Cousin, farewell: what presence must not know,",531
Act I,Scene III,Duke Of Aumerle,From where you do remain let paper show.,532
Act I,Scene III,Lord Marshal,"My lord, no leave take I; for I will ride,",533
Act I,Scene III,Lord Marshal,"As far as land will let me, by your side.",534
Act I,Scene III,John Of Gaunt,"O, to what purpose dost thou hoard thy words,",535
Act I,Scene III,John Of Gaunt,That thou return'st no greeting to thy friends?,536
Act I,Scene III,Henry Bolingbroke,"I have too few to take my leave of you,",537
Act I,Scene III,Henry Bolingbroke,When the tongue's office should be prodigal,538
Act I,Scene III,Henry Bolingbroke,To breathe the abundant dolour of the heart.,539
Act I,Scene III,John Of Gaunt,Thy grief is but thy absence for a time.,540
Act I,Scene III,Henry Bolingbroke,"Joy absent, grief is present for that time.",541
Act I,Scene III,John Of Gaunt,What is six winters? they are quickly gone.,542
Act I,Scene III,Henry Bolingbroke,To men in joy; but grief makes one hour ten.,543
Act I,Scene III,John Of Gaunt,Call it a travel that thou takest for pleasure.,544
Act I,Scene III,Henry Bolingbroke,"My heart will sigh when I miscall it so,",545
Act I,Scene III,Henry Bolingbroke,Which finds it an inforced pilgrimage.,546
Act I,Scene III,John Of Gaunt,The sullen passage of thy weary steps,547
Act I,Scene III,John Of Gaunt,Esteem as foil wherein thou art to set,548
Act I,Scene III,John Of Gaunt,The precious jewel of thy home return.,549
Act I,Scene III,Henry Bolingbroke,"Nay, rather, every tedious stride I make",550
Act I,Scene III,Henry Bolingbroke,Will but remember me what a deal of world,551
Act I,Scene III,Henry Bolingbroke,I wander from the jewels that I love.,552
Act I,Scene III,Henry Bolingbroke,Must I not serve a long apprenticehood,553
Act I,Scene III,Henry Bolingbroke,"To foreign passages, and in the end,",554
Act I,Scene III,Henry Bolingbroke,"Having my freedom, boast of nothing else",555
Act I,Scene III,Henry Bolingbroke,But that I was a journeyman to grief?,556
Act I,Scene III,John Of Gaunt,All places that the eye of heaven visits,557
Act I,Scene III,John Of Gaunt,Are to a wise man ports and happy havens.,558
Act I,Scene III,John Of Gaunt,Teach thy necessity to reason thus;,559
Act I,Scene III,John Of Gaunt,There is no virtue like necessity.,560
Act I,Scene III,John Of Gaunt,"Think not the king did banish thee,",561
Act I,Scene III,John Of Gaunt,"But thou the king. Woe doth the heavier sit,",562
Act I,Scene III,John Of Gaunt,Where it perceives it is but faintly borne.,563
Act I,Scene III,John Of Gaunt,"Go, say I sent thee forth to purchase honour",564
Act I,Scene III,John Of Gaunt,And not the king exiled thee; or suppose,565
Act I,Scene III,John Of Gaunt,Devouring pestilence hangs in our air,566
Act I,Scene III,John Of Gaunt,And thou art flying to a fresher clime:,567
Act I,Scene III,John Of Gaunt,"Look, what thy soul holds dear, imagine it",568
Act I,Scene III,John Of Gaunt,"To lie that way thou go'st, not whence thou comest:",569
Act I,Scene III,John Of Gaunt,"Suppose the singing birds musicians,",570
Act I,Scene III,John Of Gaunt,"The grass whereon thou tread'st the presence strew'd,",571
Act I,Scene III,John Of Gaunt,"The flowers fair ladies, and thy steps no more",572
Act I,Scene III,John Of Gaunt,Than a delightful measure or a dance;,573
Act I,Scene III,John Of Gaunt,For gnarling sorrow hath less power to bite,574
Act I,Scene III,John Of Gaunt,The man that mocks at it and sets it light.,575
Act I,Scene III,Henry Bolingbroke,"O, who can hold a fire in his hand",576
Act I,Scene III,Henry Bolingbroke,By thinking on the frosty Caucasus?,577
Act I,Scene III,Henry Bolingbroke,Or cloy the hungry edge of appetite,578
Act I,Scene III,Henry Bolingbroke,By bare imagination of a feast?,579
Act I,Scene III,Henry Bolingbroke,Or wallow naked in December snow,580
Act I,Scene III,Henry Bolingbroke,By thinking on fantastic summer's heat?,581
Act I,Scene III,Henry Bolingbroke,"O, no! the apprehension of the good",582
Act I,Scene III,Henry Bolingbroke,Gives but the greater feeling to the worse:,583
Act I,Scene III,Henry Bolingbroke,Fell sorrow's tooth doth never rankle more,584
Act I,Scene III,Henry Bolingbroke,"Than when he bites, but lanceth not the sore.",585
Act I,Scene III,John Of Gaunt,"Come, come, my son, I'll bring thee on thy way:",586
Act I,Scene III,John Of Gaunt,"Had I thy youth and cause, I would not stay.",587
Act I,Scene III,Henry Bolingbroke,"Then, England's ground, farewell; sweet soil, adieu;",588
Act I,Scene III,Henry Bolingbroke,"My mother, and my nurse, that bears me yet!",589
Act I,Scene III,Henry Bolingbroke,"Where'er I wander, boast of this I can,",590
Act I,Scene III,Henry Bolingbroke,"Though banish'd, yet a trueborn Englishman.",591
Act I,Scene III,[stage direction],Exeunt,NA
Act I,Scene IV,[stage direction],"Enter KING RICHARD II, with BAGOT and GREEN at one door; and the DUKE OF AUMERLE at another",NA
Act I,Scene IV,King Richard Ii,"We did observe. Cousin Aumerle,",592
Act I,Scene IV,King Richard Ii,How far brought you high Hereford on his way?,593
Act I,Scene IV,Duke Of Aumerle,"I brought high Hereford, if you call him so,",594
Act I,Scene IV,Duke Of Aumerle,"But to the next highway, and there I left him.",595
Act I,Scene IV,King Richard Ii,"And say, what store of parting tears were shed?",596
Act I,Scene IV,Duke Of Aumerle,"Faith, none for me; except the north-east wind,",597
Act I,Scene IV,Duke Of Aumerle,"Which then blew bitterly against our faces,",598
Act I,Scene IV,Duke Of Aumerle,"Awaked the sleeping rheum, and so by chance",599
Act I,Scene IV,Duke Of Aumerle,Did grace our hollow parting with a tear.,600
Act I,Scene IV,King Richard Ii,What said our cousin when you parted with him?,601
Act I,Scene IV,Duke Of Aumerle,'Farewell:',602
Act I,Scene IV,Duke Of Aumerle,"And, for my heart disdained that my tongue",603
Act I,Scene IV,Duke Of Aumerle,"Should so profane the word, that taught me craft",604
Act I,Scene IV,Duke Of Aumerle,To counterfeit oppression of such grief,605
Act I,Scene IV,Duke Of Aumerle,That words seem'd buried in my sorrow's grave.,606
Act I,Scene IV,Duke Of Aumerle,"Marry, would the word 'farewell' have lengthen'd hours",607
Act I,Scene IV,Duke Of Aumerle,"And added years to his short banishment,",608
Act I,Scene IV,Duke Of Aumerle,He should have had a volume of farewells;,609
Act I,Scene IV,Duke Of Aumerle,"But since it would not, he had none of me.",610
Act I,Scene IV,King Richard Ii,"He is our cousin, cousin; but 'tis doubt,",611
Act I,Scene IV,King Richard Ii,"When time shall call him home from banishment,",612
Act I,Scene IV,King Richard Ii,Whether our kinsman come to see his friends.,613
Act I,Scene IV,King Richard Ii,"Ourself and Bushy, Bagot here and Green",614
Act I,Scene IV,King Richard Ii,Observed his courtship to the common people;,615
Act I,Scene IV,King Richard Ii,How he did seem to dive into their hearts,616
Act I,Scene IV,King Richard Ii,"With humble and familiar courtesy,",617
Act I,Scene IV,King Richard Ii,"What reverence he did throw away on slaves,",618
Act I,Scene IV,King Richard Ii,Wooing poor craftsmen with the craft of smiles,619
Act I,Scene IV,King Richard Ii,"And patient underbearing of his fortune,",620
Act I,Scene IV,King Richard Ii,As 'twere to banish their affects with him.,621
Act I,Scene IV,King Richard Ii,Off goes his bonnet to an oyster-wench;,622
Act I,Scene IV,King Richard Ii,A brace of draymen bid God speed him well,623
Act I,Scene IV,King Richard Ii,"And had the tribute of his supple knee,",624
Act I,Scene IV,King Richard Ii,"With 'Thanks, my countrymen, my loving friends;'",625
Act I,Scene IV,King Richard Ii,"As were our England in reversion his,",626
Act I,Scene IV,King Richard Ii,And he our subjects' next degree in hope.,627
Act I,Scene IV,Green,"Well, he is gone; and with him go these thoughts.",628
Act I,Scene IV,Green,"Now for the rebels which stand out in Ireland,",629
Act I,Scene IV,Green,"Expedient manage must be made, my liege,",630
Act I,Scene IV,Green,Ere further leisure yield them further means,631
Act I,Scene IV,Green,For their advantage and your highness' loss.,632
Act I,Scene IV,King Richard Ii,We will ourself in person to this war:,633
Act I,Scene IV,King Richard Ii,"And, for our coffers, with too great a court",634
Act I,Scene IV,King Richard Ii,"And liberal largess, are grown somewhat light,",635
Act I,Scene IV,King Richard Ii,We are inforced to farm our royal realm;,636
Act I,Scene IV,King Richard Ii,The revenue whereof shall furnish us,637
Act I,Scene IV,King Richard Ii,"For our affairs in hand: if that come short,",638
Act I,Scene IV,King Richard Ii,Our substitutes at home shall have blank charters;,639
Act I,Scene IV,King Richard Ii,"Whereto, when they shall know what men are rich,",640
Act I,Scene IV,King Richard Ii,They shall subscribe them for large sums of gold,641
Act I,Scene IV,King Richard Ii,And send them after to supply our wants;,642
Act I,Scene IV,King Richard Ii,For we will make for Ireland presently.,643
Act I,Scene IV,[stage direction],Enter BUSHY,NA
Act I,Scene IV,King Richard Ii,"Bushy, what news?",644
Act I,Scene IV,Bushy,"Old John of Gaunt is grievous sick, my lord,",645
Act I,Scene IV,Bushy,Suddenly taken; and hath sent post haste,646
Act I,Scene IV,Bushy,To entreat your majesty to visit him.,647
Act I,Scene IV,King Richard Ii,Where lies he?,648
Act I,Scene IV,Bushy,At Ely House.,649
Act I,Scene IV,King Richard Ii,"Now put it, God, in the physician's mind",650
Act I,Scene IV,King Richard Ii,To help him to his grave immediately!,651
Act I,Scene IV,King Richard Ii,The lining of his coffers shall make coats,652
Act I,Scene IV,King Richard Ii,To deck our soldiers for these Irish wars.,653
Act I,Scene IV,King Richard Ii,"Come, gentlemen, let's all go visit him:",654
Act I,Scene IV,King Richard Ii,"Pray God we may make haste, and come too late!",655
Act I,Scene IV,All,Amen.,656
Act I,Scene IV,[stage direction],Exeunt,NA
Act II,Scene I,[stage direction],"Enter JOHN OF GAUNT sick, with the DUKE OF YORK, &amp; c",NA
Act II,Scene I,John Of Gaunt,"Will the king come, that I may breathe my last",657
Act II,Scene I,John Of Gaunt,In wholesome counsel to his unstaid youth?,658
Act II,Scene I,Duke Of York,"Vex not yourself, nor strive not with your breath;",659
Act II,Scene I,Duke Of York,For all in vain comes counsel to his ear.,660
Act II,Scene I,John Of Gaunt,"O, but they say the tongues of dying men",661
Act II,Scene I,John Of Gaunt,Enforce attention like deep harmony:,662
Act II,Scene I,John Of Gaunt,"Where words are scarce, they are seldom spent in vain,",663
Act II,Scene I,John Of Gaunt,For they breathe truth that breathe their words in pain.,664
Act II,Scene I,John Of Gaunt,He that no more must say is listen'd more,665
Act II,Scene I,John Of Gaunt,Than they whom youth and ease have taught to glose;,666
Act II,Scene I,John Of Gaunt,More are men's ends mark'd than their lives before:,667
Act II,Scene I,John Of Gaunt,"The setting sun, and music at the close,",668
Act II,Scene I,John Of Gaunt,"As the last taste of sweets, is sweetest last,",669
Act II,Scene I,John Of Gaunt,Writ in remembrance more than things long past:,670
Act II,Scene I,John Of Gaunt,"Though Richard my life's counsel would not hear,",671
Act II,Scene I,John Of Gaunt,My death's sad tale may yet undeaf his ear.,672
Act II,Scene I,Duke Of York,"No; it is stopp'd with other flattering sounds,",673
Act II,Scene I,Duke Of York,"As praises, of whose taste the wise are fond,",674
Act II,Scene I,Duke Of York,"Lascivious metres, to whose venom sound",675
Act II,Scene I,Duke Of York,The open ear of youth doth always listen;,676
Act II,Scene I,Duke Of York,"Report of fashions in proud Italy,",677
Act II,Scene I,Duke Of York,Whose manners still our tardy apish nation,678
Act II,Scene I,Duke Of York,Limps after in base imitation.,679
Act II,Scene I,Duke Of York,Where doth the world thrust forth a vanity--,680
Act II,Scene I,Duke Of York,"So it be new, there's no respect how vile--",681
Act II,Scene I,Duke Of York,That is not quickly buzzed into his ears?,682
Act II,Scene I,Duke Of York,"Then all too late comes counsel to be heard,",683
Act II,Scene I,Duke Of York,Where will doth mutiny with wit's regard.,684
Act II,Scene I,Duke Of York,Direct not him whose way himself will choose:,685
Act II,Scene I,Duke Of York,"'Tis breath thou lack'st, and that breath wilt thou lose.",686
Act II,Scene I,John Of Gaunt,Methinks I am a prophet new inspired,687
Act II,Scene I,John Of Gaunt,And thus expiring do foretell of him:,688
Act II,Scene I,John Of Gaunt,"His rash fierce blaze of riot cannot last,",689
Act II,Scene I,John Of Gaunt,For violent fires soon burn out themselves;,690
Act II,Scene I,John Of Gaunt,"Small showers last long, but sudden storms are short;",691
Act II,Scene I,John Of Gaunt,He tires betimes that spurs too fast betimes;,692
Act II,Scene I,John Of Gaunt,With eager feeding food doth choke the feeder:,693
Act II,Scene I,John Of Gaunt,"Light vanity, insatiate cormorant,",694
Act II,Scene I,John Of Gaunt,"Consuming means, soon preys upon itself.",695
Act II,Scene I,John Of Gaunt,"This royal throne of kings, this scepter'd isle,",696
Act II,Scene I,John Of Gaunt,"This earth of majesty, this seat of Mars,",697
Act II,Scene I,John Of Gaunt,"This other Eden, demi-paradise,",698
Act II,Scene I,John Of Gaunt,This fortress built by Nature for herself,699
Act II,Scene I,John Of Gaunt,"Against infection and the hand of war,",700
Act II,Scene I,John Of Gaunt,"This happy breed of men, this little world,",701
Act II,Scene I,John Of Gaunt,"This precious stone set in the silver sea,",702
Act II,Scene I,John Of Gaunt,"Which serves it in the office of a wall,",703
Act II,Scene I,John Of Gaunt,"Or as a moat defensive to a house,",704
Act II,Scene I,John Of Gaunt,"Against the envy of less happier lands,",705
Act II,Scene I,John Of Gaunt,"This blessed plot, this earth, this realm, this England,",706
Act II,Scene I,John Of Gaunt,"This nurse, this teeming womb of royal kings,",707
Act II,Scene I,John Of Gaunt,"Fear'd by their breed and famous by their birth,",708
Act II,Scene I,John Of Gaunt,"Renowned for their deeds as far from home,",709
Act II,Scene I,John Of Gaunt,"For Christian service and true chivalry,",710
Act II,Scene I,John Of Gaunt,"As is the sepulchre in stubborn Jewry,",711
Act II,Scene I,John Of Gaunt,"Of the world's ransom, blessed Mary's Son,",712
Act II,Scene I,John Of Gaunt,"This land of such dear souls, this dear dear land,",713
Act II,Scene I,John Of Gaunt,"Dear for her reputation through the world,",714
Act II,Scene I,John Of Gaunt,"Is now leased out, I die pronouncing it,",715
Act II,Scene I,John Of Gaunt,Like to a tenement or pelting farm:,716
Act II,Scene I,John Of Gaunt,"England, bound in with the triumphant sea",717
Act II,Scene I,John Of Gaunt,Whose rocky shore beats back the envious siege,718
Act II,Scene I,John Of Gaunt,"Of watery Neptune, is now bound in with shame,",719
Act II,Scene I,John Of Gaunt,With inky blots and rotten parchment bonds:,720
Act II,Scene I,John Of Gaunt,"That England, that was wont to conquer others,",721
Act II,Scene I,John Of Gaunt,Hath made a shameful conquest of itself.,722
Act II,Scene I,John Of Gaunt,"Ah, would the scandal vanish with my life,",723
Act II,Scene I,John Of Gaunt,How happy then were my ensuing death!,724
Act II,Scene I,[stage direction],"Enter KING RICHARD II and QUEEN, DUKE OF AUMERLE,  BUSHY, GREEN, BAGOT, LORD ROSS, and LORD WILLOUGHBY",NA
Act II,Scene I,Duke Of York,The king is come: deal mildly with his youth;,725
Act II,Scene I,Duke Of York,For young hot colts being raged do rage the more.,726
Act II,Scene I,Queen,"How fares our noble uncle, Lancaster?",727
Act II,Scene I,King Richard Ii,"What comfort, man? how is't with aged Gaunt?",728
Act II,Scene I,John Of Gaunt,O how that name befits my composition!,729
Act II,Scene I,John Of Gaunt,"Old Gaunt indeed, and gaunt in being old:",730
Act II,Scene I,John Of Gaunt,Within me grief hath kept a tedious fast;,731
Act II,Scene I,John Of Gaunt,And who abstains from meat that is not gaunt?,732
Act II,Scene I,John Of Gaunt,For sleeping England long time have I watch'd;,733
Act II,Scene I,John Of Gaunt,"Watching breeds leanness, leanness is all gaunt:",734
Act II,Scene I,John Of Gaunt,"The pleasure that some fathers feed upon,",735
Act II,Scene I,John Of Gaunt,"Is my strict fast; I mean, my children's looks;",736
Act II,Scene I,John Of Gaunt,"And therein fasting, hast thou made me gaunt:",737
Act II,Scene I,John Of Gaunt,"Gaunt am I for the grave, gaunt as a grave,",738
Act II,Scene I,John Of Gaunt,Whose hollow womb inherits nought but bones.,739
Act II,Scene I,King Richard Ii,Can sick men play so nicely with their names?,740
Act II,Scene I,John Of Gaunt,"No, misery makes sport to mock itself:",741
Act II,Scene I,John Of Gaunt,"Since thou dost seek to kill my name in me,",742
Act II,Scene I,John Of Gaunt,"I mock my name, great king, to flatter thee.",743
Act II,Scene I,King Richard Ii,Should dying men flatter with those that live?,744
Act II,Scene I,John Of Gaunt,"No, no, men living flatter those that die.",745
Act II,Scene I,King Richard Ii,"Thou, now a-dying, say'st thou flatterest me.",746
Act II,Scene I,John Of Gaunt,"O, no! thou diest, though I the sicker be.",747
Act II,Scene I,King Richard Ii,"I am in health, I breathe, and see thee ill.",748
Act II,Scene I,John Of Gaunt,Now He that made me knows I see thee ill;,749
Act II,Scene I,John Of Gaunt,"Ill in myself to see, and in thee seeing ill.",750
Act II,Scene I,John Of Gaunt,Thy death-bed is no lesser than thy land,751
Act II,Scene I,John Of Gaunt,Wherein thou liest in reputation sick;,752
Act II,Scene I,John Of Gaunt,"And thou, too careless patient as thou art,",753
Act II,Scene I,John Of Gaunt,Commit'st thy anointed body to the cure,754
Act II,Scene I,John Of Gaunt,Of those physicians that first wounded thee:,755
Act II,Scene I,John Of Gaunt,"A thousand flatterers sit within thy crown,",756
Act II,Scene I,John Of Gaunt,Whose compass is no bigger than thy head;,757
Act II,Scene I,John Of Gaunt,"And yet, incaged in so small a verge,",758
Act II,Scene I,John Of Gaunt,The waste is no whit lesser than thy land.,759
Act II,Scene I,John Of Gaunt,"O, had thy grandsire with a prophet's eye",760
Act II,Scene I,John Of Gaunt,"Seen how his son's son should destroy his sons,",761
Act II,Scene I,John Of Gaunt,"From forth thy reach he would have laid thy shame,",762
Act II,Scene I,John Of Gaunt,"Deposing thee before thou wert possess'd,",763
Act II,Scene I,John Of Gaunt,Which art possess'd now to depose thyself.,764
Act II,Scene I,John Of Gaunt,"Why, cousin, wert thou regent of the world,",765
Act II,Scene I,John Of Gaunt,It were a shame to let this land by lease;,766
Act II,Scene I,John Of Gaunt,"But for thy world enjoying but this land,",767
Act II,Scene I,John Of Gaunt,Is it not more than shame to shame it so?,768
Act II,Scene I,John Of Gaunt,"Landlord of England art thou now, not king:",769
Act II,Scene I,John Of Gaunt,Thy state of law is bondslave to the law; And thou--,770
Act II,Scene I,King Richard Ii,"A lunatic lean-witted fool,",771
Act II,Scene I,King Richard Ii,"Presuming on an ague's privilege,",772
Act II,Scene I,King Richard Ii,Darest with thy frozen admonition,773
Act II,Scene I,King Richard Ii,"Make pale our cheek, chasing the royal blood",774
Act II,Scene I,King Richard Ii,With fury from his native residence.,775
Act II,Scene I,King Richard Ii,"Now, by my seat's right royal majesty,",776
Act II,Scene I,King Richard Ii,"Wert thou not brother to great Edward's son,",777
Act II,Scene I,King Richard Ii,This tongue that runs so roundly in thy head,778
Act II,Scene I,King Richard Ii,Should run thy head from thy unreverent shoulders.,779
Act II,Scene I,John Of Gaunt,"O, spare me not, my brother Edward's son,",780
Act II,Scene I,John Of Gaunt,For that I was his father Edward's son;,781
Act II,Scene I,John Of Gaunt,"That blood already, like the pelican,",782
Act II,Scene I,John Of Gaunt,Hast thou tapp'd out and drunkenly caroused:,783
Act II,Scene I,John Of Gaunt,"My brother Gloucester, plain well-meaning soul,",784
Act II,Scene I,John Of Gaunt,Whom fair befal in heaven 'mongst happy souls!,785
Act II,Scene I,John Of Gaunt,May be a precedent and witness good,786
Act II,Scene I,John Of Gaunt,That thou respect'st not spilling Edward's blood:,787
Act II,Scene I,John Of Gaunt,Join with the present sickness that I have;,788
Act II,Scene I,John Of Gaunt,"And thy unkindness be like crooked age,",789
Act II,Scene I,John Of Gaunt,To crop at once a too long wither'd flower.,790
Act II,Scene I,John Of Gaunt,"Live in thy shame, but die not shame with thee!",791
Act II,Scene I,John Of Gaunt,These words hereafter thy tormentors be!,792
Act II,Scene I,John Of Gaunt,"Convey me to my bed, then to my grave:",793
Act II,Scene I,John Of Gaunt,Love they to live that love and honour have.,794
Act II,Scene I,[stage direction],"Exit, borne off by his Attendants",NA
Act II,Scene I,King Richard Ii,And let them die that age and sullens have;,795
Act II,Scene I,King Richard Ii,"For both hast thou, and both become the grave.",796
Act II,Scene I,Duke Of York,"I do beseech your majesty, impute his words",797
Act II,Scene I,Duke Of York,To wayward sickliness and age in him:,798
Act II,Scene I,Duke Of York,"He loves you, on my life, and holds you dear",799
Act II,Scene I,Duke Of York,"As Harry Duke of Hereford, were he here.",800
Act II,Scene I,King Richard Ii,"Right, you say true: as Hereford's love, so his;",801
Act II,Scene I,King Richard Ii,"As theirs, so mine; and all be as it is.",802
Act II,Scene I,[stage direction],Enter NORTHUMBERLAND,NA
Act II,Scene I,Northumberland,"My liege, old Gaunt commends him to your majesty.",803
Act II,Scene I,King Richard Ii,What says he?,804
Act II,Scene I,Northumberland,"Nay, nothing; all is said",805
Act II,Scene I,Northumberland,His tongue is now a stringless instrument;,806
Act II,Scene I,Northumberland,"Words, life and all, old Lancaster hath spent.",807
Act II,Scene I,Duke Of York,Be York the next that must be bankrupt so!,808
Act II,Scene I,Duke Of York,"Though death be poor, it ends a mortal woe.",809
Act II,Scene I,King Richard Ii,"The ripest fruit first falls, and so doth he;",810
Act II,Scene I,King Richard Ii,"His time is spent, our pilgrimage must be.",811
Act II,Scene I,King Richard Ii,So much for that. Now for our Irish wars:,812
Act II,Scene I,King Richard Ii,"We must supplant those rough rug-headed kerns,",813
Act II,Scene I,King Richard Ii,Which live like venom where no venom else,814
Act II,Scene I,King Richard Ii,But only they have privilege to live.,815
Act II,Scene I,King Richard Ii,"And for these great affairs do ask some charge,",816
Act II,Scene I,King Richard Ii,Towards our assistance we do seize to us,817
Act II,Scene I,King Richard Ii,"The plate, corn, revenues and moveables,",818
Act II,Scene I,King Richard Ii,Whereof our uncle Gaunt did stand possess'd.,819
Act II,Scene I,Duke Of York,"How long shall I be patient? ah, how long",820
Act II,Scene I,Duke Of York,Shall tender duty make me suffer wrong?,821
Act II,Scene I,Duke Of York,"Not Gloucester's death, nor Hereford's banishment",822
Act II,Scene I,Duke Of York,"Not Gaunt's rebukes, nor England's private wrongs,",823
Act II,Scene I,Duke Of York,Nor the prevention of poor Bolingbroke,824
Act II,Scene I,Duke Of York,"About his marriage, nor my own disgrace,",825
Act II,Scene I,Duke Of York,"Have ever made me sour my patient cheek,",826
Act II,Scene I,Duke Of York,Or bend one wrinkle on my sovereign's face.,827
Act II,Scene I,Duke Of York,"I am the last of noble Edward's sons,",828
Act II,Scene I,Duke Of York,"Of whom thy father, Prince of Wales, was first:",829
Act II,Scene I,Duke Of York,"In war was never lion raged more fierce,",830
Act II,Scene I,Duke Of York,"In peace was never gentle lamb more mild,",831
Act II,Scene I,Duke Of York,Than was that young and princely gentleman.,832
Act II,Scene I,Duke Of York,"His face thou hast, for even so look'd he,",833
Act II,Scene I,Duke Of York,Accomplish'd with the number of thy hours;,834
Act II,Scene I,Duke Of York,"But when he frown'd, it was against the French",835
Act II,Scene I,Duke Of York,And not against his friends; his noble hand,836
Act II,Scene I,Duke Of York,Did will what he did spend and spent not that,837
Act II,Scene I,Duke Of York,Which his triumphant father's hand had won;,838
Act II,Scene I,Duke Of York,"His hands were guilty of no kindred blood,",839
Act II,Scene I,Duke Of York,But bloody with the enemies of his kin.,840
Act II,Scene I,Duke Of York,"O Richard! York is too far gone with grief,",841
Act II,Scene I,Duke Of York,Or else he never would compare between.,842
Act II,Scene I,King Richard Ii,"Why, uncle, what's the matter?",843
Act II,Scene I,Duke Of York,"O my liege,",844
Act II,Scene I,Duke Of York,"Pardon me, if you please; if n ot, I, pleased",845
Act II,Scene I,Duke Of York,"Not to be pardon'd, am content withal.",846
Act II,Scene I,Duke Of York,Seek you to seize and gripe into your hands,847
Act II,Scene I,Duke Of York,The royalties and rights of banish'd Hereford?,848
Act II,Scene I,Duke Of York,"Is not Gaunt dead, and doth not Hereford live?",849
Act II,Scene I,Duke Of York,"Was not Gaunt just, and is not Harry true?",850
Act II,Scene I,Duke Of York,Did not the one deserve to have an heir?,851
Act II,Scene I,Duke Of York,Is not his heir a well-deserving son?,852
Act II,Scene I,Duke Of York,"Take Hereford's rights away, and take from Time",853
Act II,Scene I,Duke Of York,His charters and his customary rights;,854
Act II,Scene I,Duke Of York,Let not to-morrow then ensue to-day;,855
Act II,Scene I,Duke Of York,Be not thyself; for how art thou a king,856
Act II,Scene I,Duke Of York,But by fair sequence and succession?,857
Act II,Scene I,Duke Of York,"Now, afore God--God forbid I say true!--",858
Act II,Scene I,Duke Of York,"If you do wrongfully seize Hereford's rights,",859
Act II,Scene I,Duke Of York,Call in the letters patent that he hath,860
Act II,Scene I,Duke Of York,By his attorneys-general to sue,861
Act II,Scene I,Duke Of York,"His livery, and deny his offer'd homage,",862
Act II,Scene I,Duke Of York,"You pluck a thousand dangers on your head,",863
Act II,Scene I,Duke Of York,You lose a thousand well-disposed hearts,864
Act II,Scene I,Duke Of York,"And prick my tender patience, to those thoughts",865
Act II,Scene I,Duke Of York,Which honour and allegiance cannot think.,866
Act II,Scene I,King Richard Ii,"Think what you will, we seize into our hands",867
Act II,Scene I,King Richard Ii,"His plate, his goods, his money and his lands.",868
Act II,Scene I,Duke Of York,"I'll not be by the while: my liege, farewell:",869
Act II,Scene I,Duke Of York,"What will ensue hereof, there's none can tell;",870
Act II,Scene I,Duke Of York,But by bad courses may be understood,871
Act II,Scene I,Duke Of York,That their events can never fall out good.,872
Act II,Scene I,[stage direction],Exit,NA
Act II,Scene I,King Richard Ii,"Go, Bushy, to the Earl of Wiltshire straight:",873
Act II,Scene I,King Richard Ii,Bid him repair to us to Ely House,874
Act II,Scene I,King Richard Ii,To see this business. To-morrow next,875
Act II,Scene I,King Richard Ii,"We will for Ireland; and 'tis time, I trow:",876
Act II,Scene I,King Richard Ii,"And we create, in absence of ourself,",877
Act II,Scene I,King Richard Ii,Our uncle York lord governor of England;,878
Act II,Scene I,King Richard Ii,For he is just and always loved us well.,879
Act II,Scene I,King Richard Ii,"Come on, our queen: to-morrow must we part;",880
Act II,Scene I,King Richard Ii,"Be merry, for our time of stay is short",881
Act II,Scene I,[stage direction],"Flourish. Exeunt KING RICHARD II, QUEEN, DUKE OF AUMERLE, BUSHY, GREEN, and BAGOT",NA
Act II,Scene I,Northumberland,"Well, lords, the Duke of Lancaster is dead.",882
Act II,Scene I,Lord Ross,And living too; for now his son is duke.,883
Act II,Scene I,Lord Willoughby,"Barely in title, not in revenue.",884
Act II,Scene I,Northumberland,"Richly in both, if justice had her right.",885
Act II,Scene I,Lord Ross,"My heart is great; but it must break with silence,",886
Act II,Scene I,Lord Ross,Ere't be disburden'd with a liberal tongue.,887
Act II,Scene I,Northumberland,"Nay, speak thy mind; and let him ne'er speak more",888
Act II,Scene I,Northumberland,That speaks thy words again to do thee harm!,889
Act II,Scene I,Lord Willoughby,Tends that thou wouldst speak to the Duke of Hereford?,890
Act II,Scene I,Lord Willoughby,"If it be so, out with it boldly, man;",891
Act II,Scene I,Lord Willoughby,Quick is mine ear to hear of good towards him.,892
Act II,Scene I,Lord Ross,No good at all that I can do for him;,893
Act II,Scene I,Lord Ross,"Unless you call it good to pity him,",894
Act II,Scene I,Lord Ross,Bereft and gelded of his patrimony.,895
Act II,Scene I,Northumberland,"Now, afore God, 'tis shame such wrongs are borne",896
Act II,Scene I,Northumberland,"In him, a royal prince, and many moe",897
Act II,Scene I,Northumberland,Of noble blood in this declining land.,898
Act II,Scene I,Northumberland,"The king is not himself, but basely led",899
Act II,Scene I,Northumberland,"By flatterers; and what they will inform,",900
Act II,Scene I,Northumberland,"Merely in hate, 'gainst any of us all,",901
Act II,Scene I,Northumberland,That will the king severely prosecute,902
Act II,Scene I,Northumberland,"'Gainst us, our lives, our children, and our heirs.",903
Act II,Scene I,Lord Ross,"The commons hath he pill'd with grievous taxes,",904
Act II,Scene I,Lord Ross,And quite lost their hearts: the nobles hath he fined,905
Act II,Scene I,Lord Ross,"For ancient quarrels, and quite lost their hearts.",906
Act II,Scene I,Lord Willoughby,"And daily new exactions are devised,",907
Act II,Scene I,Lord Willoughby,"As blanks, benevolences, and I wot not what:",908
Act II,Scene I,Lord Willoughby,"But what, o' God's name, doth become of this?",909
Act II,Scene I,Northumberland,"Wars have not wasted it, for warr'd he hath not,",910
Act II,Scene I,Northumberland,But basely yielded upon compromise,911
Act II,Scene I,Northumberland,That which his noble ancestors achieved with blows:,912
Act II,Scene I,Northumberland,More hath he spent in peace than they in wars.,913
Act II,Scene I,Lord Ross,The Earl of Wiltshire hath the realm in farm.,914
Act II,Scene I,Lord Willoughby,"The king's grown bankrupt, like a broken man.",915
Act II,Scene I,Northumberland,Reproach and dissolution hangeth over him.,916
Act II,Scene I,Lord Ross,"He hath not money for these Irish wars,",917
Act II,Scene I,Lord Ross,"His burthenous taxations notwithstanding,",918
Act II,Scene I,Lord Ross,But by the robbing of the banish'd duke.,919
Act II,Scene I,Northumberland,His noble kinsman: most degenerate king!,920
Act II,Scene I,Northumberland,"But, lords, we hear this fearful tempest sing,",921
Act II,Scene I,Northumberland,Yet see no shelter to avoid the storm;,922
Act II,Scene I,Northumberland,"We see the wind sit sore upon our sails,",923
Act II,Scene I,Northumberland,"And yet we strike not, but securely perish.",924
Act II,Scene I,Lord Ross,We see the very wreck that we must suffer;,925
Act II,Scene I,Lord Ross,"And unavoided is the danger now,",926
Act II,Scene I,Lord Ross,For suffering so the causes of our wreck.,927
Act II,Scene I,Northumberland,Not so; even through the hollow eyes of death,928
Act II,Scene I,Northumberland,I spy life peering; but I dare not say,929
Act II,Scene I,Northumberland,How near the tidings of our comfort is.,930
Act II,Scene I,Lord Willoughby,"Nay, let us share thy thoughts, as thou dost ours.",931
Act II,Scene I,Lord Ross,"Be confident to speak, Northumberland:",932
Act II,Scene I,Lord Ross,"We three are but thyself; and, speaking so,",933
Act II,Scene I,Lord Ross,"Thy words are but as thoughts; therefore, be bold.",934
Act II,Scene I,Northumberland,"Then thus: I have from Port le Blanc, a bay",935
Act II,Scene I,Northumberland,"In Brittany, received intelligence",936
Act II,Scene I,Northumberland,"That Harry Duke of Hereford, Rainold Lord Cobham,",937
Act II,Scene I,Northumberland,"That late broke from the Duke of Exeter,",938
Act II,Scene I,Northumberland,"His brother, Archbishop late of Canterbury,",939
Act II,Scene I,Northumberland,"Sir Thomas Erpingham, Sir John Ramston,",940
Act II,Scene I,Northumberland,"Sir John Norbery, Sir Robert Waterton and Francis Quoint,",941
Act II,Scene I,Northumberland,All these well furnish'd by the Duke of Bretagne,942
Act II,Scene I,Northumberland,"With eight tall ships, three thousand men of war,",943
Act II,Scene I,Northumberland,Are making hither with all due expedience,944
Act II,Scene I,Northumberland,And shortly mean to touch our northern shore:,945
Act II,Scene I,Northumberland,"Perhaps they had ere this, but that they stay",946
Act II,Scene I,Northumberland,The first departing of the king for Ireland.,947
Act II,Scene I,Northumberland,"If then we shall shake off our slavish yoke,",948
Act II,Scene I,Northumberland,"Imp out our drooping country's broken wing,",949
Act II,Scene I,Northumberland,"Redeem from broking pawn the blemish'd crown,",950
Act II,Scene I,Northumberland,Wipe off the dust that hides our sceptre's gilt,951
Act II,Scene I,Northumberland,"And make high majesty look like itself,",952
Act II,Scene I,Northumberland,Away with me in post to Ravenspurgh;,953
Act II,Scene I,Northumberland,"But if you faint, as fearing to do so,",954
Act II,Scene I,Northumberland,"Stay and be secret, and myself will go.",955
Act II,Scene I,Lord Ross,"To horse, to horse! urge doubts to them that fear.",956
Act II,Scene I,Lord Willoughby,"Hold out my horse, and I will first be there.",957
Act II,Scene I,[stage direction],Exeunt,NA
Act II,Scene II,[stage direction],"Enter QUEEN, BUSHY, and BAGOT",NA
Act II,Scene II,Bushy,"Madam, your majesty is too much sad:",958
Act II,Scene II,Bushy,"You promised, when you parted with the king,",959
Act II,Scene II,Bushy,To lay aside life-harming heaviness,960
Act II,Scene II,Bushy,And entertain a cheerful disposition.,961
Act II,Scene II,Queen,To please the king I did; to please myself,962
Act II,Scene II,Queen,I cannot do it; yet I know no cause,963
Act II,Scene II,Queen,"Why I should welcome such a guest as grief,",964
Act II,Scene II,Queen,Save bidding farewell to so sweet a guest,965
Act II,Scene II,Queen,"As my sweet Richard: yet again, methinks,",966
Act II,Scene II,Queen,"Some unborn sorrow, ripe in fortune's womb,",967
Act II,Scene II,Queen,"Is coming towards me, and my inward soul",968
Act II,Scene II,Queen,"With nothing trembles: at some thing it grieves,",969
Act II,Scene II,Queen,More than with parting from my lord the king.,970
Act II,Scene II,Bushy,"Each substance of a grief hath twenty shadows,",971
Act II,Scene II,Bushy,"Which shows like grief itself, but is not so;",972
Act II,Scene II,Bushy,"For sorrow's eye, glazed with blinding tears,",973
Act II,Scene II,Bushy,Divides one thing entire to many objects;,974
Act II,Scene II,Bushy,"Like perspectives, which rightly gazed upon",975
Act II,Scene II,Bushy,"Show nothing but confusion, eyed awry",976
Act II,Scene II,Bushy,"Distinguish form: so your sweet majesty,",977
Act II,Scene II,Bushy,"Looking awry upon your lord's departure,",978
Act II,Scene II,Bushy,"Find shapes of grief, more than himself, to wail;",979
Act II,Scene II,Bushy,"Which, look'd on as it is, is nought but shadows",980
Act II,Scene II,Bushy,"Of what it is not. Then, thrice-gracious queen,",981
Act II,Scene II,Bushy,More than your lord's departure weep not: more's not seen;,982
Act II,Scene II,Bushy,"Or if it be, 'tis with false sorrow's eye,",983
Act II,Scene II,Bushy,Which for things true weeps things imaginary.,984
Act II,Scene II,Queen,It may be so; but yet my inward soul,985
Act II,Scene II,Queen,"Persuades me it is otherwise: howe'er it be,",986
Act II,Scene II,Queen,I cannot but be sad; so heavy sad,987
Act II,Scene II,Queen,"As, though on thinking on no thought I think,",988
Act II,Scene II,Queen,Makes me with heavy nothing faint and shrink.,989
Act II,Scene II,Bushy,"'Tis nothing but conceit, my gracious lady.",990
Act II,Scene II,Queen,'Tis nothing less: conceit is still derived,991
Act II,Scene II,Queen,"From some forefather grief; mine is not so,",992
Act II,Scene II,Queen,For nothing had begot my something grief;,993
Act II,Scene II,Queen,Or something hath the nothing that I grieve:,994
Act II,Scene II,Queen,'Tis in reversion that I do possess;,995
Act II,Scene II,Queen,"But what it is, that is not yet known; what",996
Act II,Scene II,Queen,"I cannot name; 'tis nameless woe, I wot.",997
Act II,Scene II,[stage direction],Enter GREEN,NA
Act II,Scene II,Green,"God save your majesty! and well met, gentlemen:",998
Act II,Scene II,Green,I hope the king is not yet shipp'd for Ireland.,999
Act II,Scene II,Queen,Why hopest thou so? 'tis better hope he is;,1000
Act II,Scene II,Queen,"For his designs crave haste, his haste good hope:",1001
Act II,Scene II,Queen,Then wherefore dost thou hope he is not shipp'd?,1002
Act II,Scene II,Green,"That he, our hope, might have retired his power,",1003
Act II,Scene II,Green,"And driven into despair an enemy's hope,",1004
Act II,Scene II,Green,Who strongly hath set footing in this land:,1005
Act II,Scene II,Green,"The banish'd Bolingbroke repeals himself,",1006
Act II,Scene II,Green,And with uplifted arms is safe arrived,1007
Act II,Scene II,Green,At Ravenspurgh.,1008
Act II,Scene II,Queen,Now God in heaven forbid!,1009
Act II,Scene II,Green,"Ah, madam, 'tis too true: and that is worse,",1010
Act II,Scene II,Green,"The Lord Northumberland, his son young Henry Percy,",1011
Act II,Scene II,Green,"The Lords of Ross, Beaumond, and Willoughby,",1012
Act II,Scene II,Green,"With all their powerful friends, are fled to him.",1013
Act II,Scene II,Bushy,Why have you not proclaim'd Northumberland,1014
Act II,Scene II,Bushy,And all the rest revolted faction traitors?,1015
Act II,Scene II,Green,We have: whereupon the Earl of Worcester,1016
Act II,Scene II,Green,"Hath broke his staff, resign'd his stewardship,",1017
Act II,Scene II,Green,And all the household servants fled with him,1018
Act II,Scene II,Green,To Bolingbroke.,1019
Act II,Scene II,Queen,"So, Green, thou art the midwife to my woe,",1020
Act II,Scene II,Queen,And Bolingbroke my sorrow's dismal heir:,1021
Act II,Scene II,Queen,"Now hath my soul brought forth her prodigy,",1022
Act II,Scene II,Queen,"And I, a gasping new-deliver'd mother,",1023
Act II,Scene II,Queen,"Have woe to woe, sorrow to sorrow join'd.",1024
Act II,Scene II,Bushy,"Despair not, madam.",1025
Act II,Scene II,Queen,Who shall hinder me?,1026
Act II,Scene II,Queen,"I will despair, and be at enmity",1027
Act II,Scene II,Queen,"With cozening hope: he is a flatterer,",1028
Act II,Scene II,Queen,"A parasite, a keeper back of death,",1029
Act II,Scene II,Queen,"Who gently would dissolve the bands of life,",1030
Act II,Scene II,Queen,Which false hope lingers in extremity.,1031
Act II,Scene II,[stage direction],Enter DUKE OF YORK,NA
Act II,Scene II,Green,Here comes the Duke of York.,1032
Act II,Scene II,Queen,With signs of war about his aged neck:,1033
Act II,Scene II,Queen,"O, full of careful business are his looks!",1034
Act II,Scene II,Queen,"Uncle, for God's sake, speak comfortable words.",1035
Act II,Scene II,Duke Of York,"Should I do so, I should belie my thoughts:",1036
Act II,Scene II,Duke Of York,"Comfort's in heaven; and we are on the earth,",1037
Act II,Scene II,Duke Of York,"Where nothing lives but crosses, cares and grief.",1038
Act II,Scene II,Duke Of York,"Your husband, he is gone to save far off,",1039
Act II,Scene II,Duke Of York,Whilst others come to make him lose at home:,1040
Act II,Scene II,Duke Of York,"Here am I left to underprop his land,",1041
Act II,Scene II,Duke Of York,"Who, weak with age, cannot support myself:",1042
Act II,Scene II,Duke Of York,Now comes the sick hour that his surfeit made;,1043
Act II,Scene II,Duke Of York,Now shall he try his friends that flatter'd him.,1044
Act II,Scene II,[stage direction],Enter a Servant,NA
Act II,Scene II,Servant,"My lord, your son was gone before I came.",1045
Act II,Scene II,Duke Of York,"He was? Why, so! go all which way it will!",1046
Act II,Scene II,Duke Of York,"The nobles they are fled, the commons they are cold,",1047
Act II,Scene II,Duke Of York,"And will, I fear, revolt on Hereford's side.",1048
Act II,Scene II,Duke Of York,"Sirrah, get thee to Plashy, to my sister Gloucester;",1049
Act II,Scene II,Duke Of York,Bid her send me presently a thousand pound:,1050
Act II,Scene II,Duke Of York,"Hold, take my ring.",1051
Act II,Scene II,Servant,"My lord, I had forgot to tell your lordship,",1052
Act II,Scene II,Servant,"To-day, as I came by, I called there;",1053
Act II,Scene II,Servant,But I shall grieve you to report the rest.,1054
Act II,Scene II,Duke Of York,"What is't, knave?",1055
Act II,Scene II,Servant,"An hour before I came, the duchess died.",1056
Act II,Scene II,Duke Of York,God for his mercy! what a tide of woes,1057
Act II,Scene II,Duke Of York,Comes rushing on this woeful land at once!,1058
Act II,Scene II,Duke Of York,"I know not what to do: I would to God,",1059
Act II,Scene II,Duke Of York,"So my untruth had not provoked him to it,",1060
Act II,Scene II,Duke Of York,The king had cut off my head with my brother's.,1061
Act II,Scene II,Duke Of York,"What, are there no posts dispatch'd for Ireland?",1062
Act II,Scene II,Duke Of York,How shall we do for money for these wars?,1063
Act II,Scene II,Duke Of York,"Come, sister,--cousin, I would say--pray, pardon me.",1064
Act II,Scene II,Duke Of York,"Go, fellow, get thee home, provide some carts",1065
Act II,Scene II,Duke Of York,And bring away the armour that is there.,1066
Act II,Scene II,[stage direction],Exit Servant,NA
Act II,Scene II,Duke Of York,"Gentlemen, will you go muster men?",1067
Act II,Scene II,Duke Of York,If I know how or which way to order these affairs,1068
Act II,Scene II,Duke Of York,"Thus thrust disorderly into my hands,",1069
Act II,Scene II,Duke Of York,Never believe me. Both are my kinsmen:,1070
Act II,Scene II,Duke Of York,"The one is my sovereign, whom both my oath",1071
Act II,Scene II,Duke Of York,And duty bids defend; the other again,1072
Act II,Scene II,Duke Of York,"Is my kinsman, whom the king hath wrong'd,",1073
Act II,Scene II,Duke Of York,Whom conscience and my kindred bids to right.,1074
Act II,Scene II,Duke Of York,"Well, somewhat we must do. Come, cousin, I'll",1075
Act II,Scene II,Duke Of York,Dispose of you.,1076
Act II,Scene II,Duke Of York,"Gentlemen, go, muster up your men,",1077
Act II,Scene II,Duke Of York,And meet me presently at Berkeley.,1078
Act II,Scene II,Duke Of York,I should to Plashy too;,1079
Act II,Scene II,Duke Of York,"But time will not permit: all is uneven,",1080
Act II,Scene II,Duke Of York,And every thing is left at six and seven.,1081
Act II,Scene II,[stage direction],Exeunt DUKE OF YORK and QUEEN,NA
Act II,Scene II,Bushy,"The wind sits fair for news to go to Ireland,",1082
Act II,Scene II,Bushy,But none returns. For us to levy power,1083
Act II,Scene II,Bushy,Proportionable to the enemy,1084
Act II,Scene II,Bushy,Is all unpossible.,1085
Act II,Scene II,Green,"Besides, our nearness to the king in love",1086
Act II,Scene II,Green,Is near the hate of those love not the king.,1087
Act II,Scene II,Bagot,And that's the wavering commons: for their love,1088
Act II,Scene II,Bagot,"Lies in their purses, and whoso empties them",1089
Act II,Scene II,Bagot,By so much fills their hearts with deadly hate.,1090
Act II,Scene II,Bushy,Wherein the king stands generally condemn'd.,1091
Act II,Scene II,Bagot,"If judgement lie in them, then so do we,",1092
Act II,Scene II,Bagot,Because we ever have been near the king.,1093
Act II,Scene II,Green,"Well, I will for refuge straight to Bristol castle:",1094
Act II,Scene II,Green,The Earl of Wiltshire is already there.,1095
Act II,Scene II,Bushy,Thither will I with you; for little office,1096
Act II,Scene II,Bushy,"The hateful commons will perform for us,",1097
Act II,Scene II,Bushy,Except like curs to tear us all to pieces.,1098
Act II,Scene II,Bushy,Will you go along with us?,1099
Act II,Scene II,Bagot,No; I will to Ireland to his majesty.,1100
Act II,Scene II,Bagot,"Farewell: if heart's presages be not vain,",1101
Act II,Scene II,Bagot,We three here art that ne'er shall meet again.,1102
Act II,Scene II,Bushy,That's as York thrives to beat back Bolingbroke.,1103
Act II,Scene II,Green,"Alas, poor duke! the task he undertakes",1104
Act II,Scene II,Green,Is numbering sands and drinking oceans dry:,1105
Act II,Scene II,Green,"Where one on his side fights, thousands will fly.",1106
Act II,Scene II,Green,"Farewell at once, for once, for all, and ever.",1107
Act II,Scene II,Bushy,"Well, we may meet again.",1108
Act II,Scene II,Bagot,"I fear me, never.",1109
Act II,Scene II,[stage direction],Exeunt,NA
Act II,Scene III,[stage direction],"Enter HENRY BOLINGBROKE and NORTHUMBERLAND, with Forces",NA
Act II,Scene III,Henry Bolingbroke,"How far is it, my lord, to Berkeley now?",1110
Act II,Scene III,Northumberland,"Believe me, noble lord,",1111
Act II,Scene III,Northumberland,I am a stranger here in Gloucestershire:,1112
Act II,Scene III,Northumberland,These high wild hills and rough uneven ways,1113
Act II,Scene III,Northumberland,"Draws out our miles, and makes them wearisome,",1114
Act II,Scene III,Northumberland,"And yet your fair discourse hath been as sugar,",1115
Act II,Scene III,Northumberland,Making the hard way sweet and delectable.,1116
Act II,Scene III,Northumberland,But I bethink me what a weary way,1117
Act II,Scene III,Northumberland,From Ravenspurgh to Cotswold will be found,1118
Act II,Scene III,Northumberland,"In Ross and Willoughby, wanting your company,",1119
Act II,Scene III,Northumberland,"Which, I protest, hath very much beguiled",1120
Act II,Scene III,Northumberland,The tediousness and process of my travel:,1121
Act II,Scene III,Northumberland,But theirs is sweetened with the hope to have,1122
Act II,Scene III,Northumberland,The present benefit which I possess;,1123
Act II,Scene III,Northumberland,And hope to joy is little less in joy,1124
Act II,Scene III,Northumberland,Than hope enjoy'd: by this the weary lords,1125
Act II,Scene III,Northumberland,"Shall make their way seem short, as mine hath done",1126
Act II,Scene III,Northumberland,"By sight of what I have, your noble company.",1127
Act II,Scene III,Henry Bolingbroke,Of much less value is my company,1128
Act II,Scene III,Henry Bolingbroke,Than your good words. But who comes here?,1129
Act II,Scene III,[stage direction],Enter HENRY PERCY,NA
Act II,Scene III,Northumberland,"It is my son, young Harry Percy,",1130
Act II,Scene III,Northumberland,"Sent from my brother Worcester, whencesoever.",1131
Act II,Scene III,Northumberland,"Harry, how fares your uncle?",1132
Act II,Scene III,Henry Percy,"I had thought, my lord, to have learn'd his health of you.",1133
Act II,Scene III,Northumberland,"Why, is he not with the queen?",1134
Act II,Scene III,Henry Percy,"No, my good Lord; he hath forsook the court,",1135
Act II,Scene III,Henry Percy,Broken his staff of office and dispersed,1136
Act II,Scene III,Henry Percy,The household of the king.,1137
Act II,Scene III,Northumberland,What was his reason?,1138
Act II,Scene III,Northumberland,He was not so resolved when last we spake together.,1139
Act II,Scene III,Henry Percy,Because your lordship was proclaimed traitor.,1140
Act II,Scene III,Henry Percy,"But he, my lord, is gone to Ravenspurgh,",1141
Act II,Scene III,Henry Percy,"To offer service to the Duke of Hereford,",1142
Act II,Scene III,Henry Percy,"And sent me over by Berkeley, to discover",1143
Act II,Scene III,Henry Percy,What power the Duke of York had levied there;,1144
Act II,Scene III,Henry Percy,Then with directions to repair to Ravenspurgh.,1145
Act II,Scene III,Northumberland,"Have you forgot the Duke of Hereford, boy?",1146
Act II,Scene III,Henry Percy,"No, my good lord, for that is not forgot",1147
Act II,Scene III,Henry Percy,"Which ne'er I did remember: to my knowledge,",1148
Act II,Scene III,Henry Percy,I never in my life did look on him.,1149
Act II,Scene III,Northumberland,Then learn to know him now; this is the duke.,1150
Act II,Scene III,Henry Percy,"My gracious lord, I tender you my service,",1151
Act II,Scene III,Henry Percy,"Such as it is, being tender, raw and young:",1152
Act II,Scene III,Henry Percy,Which elder days shall ripen and confirm,1153
Act II,Scene III,Henry Percy,To more approved service and desert.,1154
Act II,Scene III,Henry Bolingbroke,"I thank thee, gentle Percy; and be sure",1155
Act II,Scene III,Henry Bolingbroke,I count myself in nothing else so happy,1156
Act II,Scene III,Henry Bolingbroke,As in a soul remembering my good friends;,1157
Act II,Scene III,Henry Bolingbroke,"And, as my fortune ripens with thy love,",1158
Act II,Scene III,Henry Bolingbroke,It shall be still thy true love's recompense:,1159
Act II,Scene III,Henry Bolingbroke,"My heart this covenant makes, my hand thus seals it.",1160
Act II,Scene III,Northumberland,How far is it to Berkeley? and what stir,1161
Act II,Scene III,Northumberland,Keeps good old York there with his men of war?,1162
Act II,Scene III,Henry Percy,"There stands the castle, by yon tuft of trees,",1163
Act II,Scene III,Henry Percy,"Mann'd with three hundred men, as I have heard;",1164
Act II,Scene III,Henry Percy,"And in it are the Lords of York, Berkeley, and Seymour;",1165
Act II,Scene III,Henry Percy,None else of name and noble estimate.,1166
Act II,Scene III,[stage direction],Enter LORD ROSS and LORD WILLOUGHBY,NA
Act II,Scene III,Northumberland,"Here come the Lords of Ross and Willoughby,",1167
Act II,Scene III,Northumberland,"Bloody with spurring, fiery-red with haste.",1168
Act II,Scene III,Henry Bolingbroke,"Welcome, my lords. I wot your love pursues",1169
Act II,Scene III,Henry Bolingbroke,A banish'd traitor: all my treasury,1170
Act II,Scene III,Henry Bolingbroke,"Is yet but unfelt thanks, which more enrich'd",1171
Act II,Scene III,Henry Bolingbroke,Shall be your love and labour's recompense.,1172
Act II,Scene III,Lord Ross,"Your presence makes us rich, most noble lord.",1173
Act II,Scene III,Lord Willoughby,And far surmounts our labour to attain it.,1174
Act II,Scene III,Henry Bolingbroke,"Evermore thanks, the exchequer of the poor;",1175
Act II,Scene III,Henry Bolingbroke,"Which, till my infant fortune comes to years,",1176
Act II,Scene III,Henry Bolingbroke,Stands for my bounty. But who comes here?,1177
Act II,Scene III,[stage direction],Enter LORD BERKELEY,NA
Act II,Scene III,Northumberland,"It is my Lord of Berkeley, as I guess.",1178
Act II,Scene III,Lord Berkeley,"My Lord of Hereford, my message is to you.",1179
Act II,Scene III,Henry Bolingbroke,"My lord, my answer is--to Lancaster;",1180
Act II,Scene III,Henry Bolingbroke,And I am come to seek that name in England;,1181
Act II,Scene III,Henry Bolingbroke,"And I must find that title in your tongue,",1182
Act II,Scene III,Henry Bolingbroke,Before I make reply to aught you say.,1183
Act II,Scene III,Lord Berkeley,"Mistake me not, my lord; 'tis not my meaning",1184
Act II,Scene III,Lord Berkeley,To raze one title of your honour out:,1185
Act II,Scene III,Lord Berkeley,"To you, my lord, I come, what lord you will,",1186
Act II,Scene III,Lord Berkeley,"From the most gracious regent of this land,",1187
Act II,Scene III,Lord Berkeley,"The Duke of York, to know what pricks you on",1188
Act II,Scene III,Lord Berkeley,To take advantage of the absent time,1189
Act II,Scene III,Lord Berkeley,And fright our native peace with self-born arms.,1190
Act II,Scene III,[stage direction],Enter DUKE OF YORK attended,NA
Act II,Scene III,Henry Bolingbroke,I shall not need transport my words by you;,1191
Act II,Scene III,Henry Bolingbroke,Here comes his grace in person. My noble uncle!,1192
Act II,Scene III,[stage direction],Kneels,NA
Act II,Scene III,Duke Of York,"Show me thy humble heart, and not thy knee,",1193
Act II,Scene III,Duke Of York,Whose duty is deceiveable and false.,1194
Act II,Scene III,Henry Bolingbroke,My gracious uncle--,1195
Act II,Scene III,Duke Of York,"Tut, tut!",1196
Act II,Scene III,Duke Of York,"Grace me no grace, nor uncle me no uncle:",1197
Act II,Scene III,Duke Of York,I am no traitor's uncle; and that word 'grace.',1198
Act II,Scene III,Duke Of York,In an ungracious mouth is but profane.,1199
Act II,Scene III,Duke Of York,Why have those banish'd and forbidden legs,1200
Act II,Scene III,Duke Of York,Dared once to touch a dust of England's ground?,1201
Act II,Scene III,Duke Of York,But then more 'why?' why have they dared to march,1202
Act II,Scene III,Duke Of York,"So many miles upon her peaceful bosom,",1203
Act II,Scene III,Duke Of York,Frighting her pale-faced villages with war,1204
Act II,Scene III,Duke Of York,And ostentation of despised arms?,1205
Act II,Scene III,Duke Of York,Comest thou because the anointed king is hence?,1206
Act II,Scene III,Duke Of York,"Why, foolish boy, the king is left behind,",1207
Act II,Scene III,Duke Of York,And in my loyal bosom lies his power.,1208
Act II,Scene III,Duke Of York,Were I but now the lord of such hot youth,1209
Act II,Scene III,Duke Of York,"As when brave Gaunt, thy father, and myself",1210
Act II,Scene III,Duke Of York,"Rescued the Black Prince, that young Mars of men,",1211
Act II,Scene III,Duke Of York,"From forth the ranks of many thousand French,",1212
Act II,Scene III,Duke Of York,"O, then how quickly should this arm of mine.",1213
Act II,Scene III,Duke Of York,"Now prisoner to the palsy, chastise thee",1214
Act II,Scene III,Duke Of York,And minister correction to thy fault!,1215
Act II,Scene III,Henry Bolingbroke,"My gracious uncle, let me know my fault:",1216
Act II,Scene III,Henry Bolingbroke,On what condition stands it and wherein?,1217
Act II,Scene III,Duke Of York,"Even in condition of the worst degree,",1218
Act II,Scene III,Duke Of York,In gross rebellion and detested treason:,1219
Act II,Scene III,Duke Of York,"Thou art a banish'd man, and here art come",1220
Act II,Scene III,Duke Of York,"Before the expiration of thy time,",1221
Act II,Scene III,Duke Of York,In braving arms against thy sovereign.,1222
Act II,Scene III,Henry Bolingbroke,"As I was banish'd, I was banish'd Hereford;",1223
Act II,Scene III,Henry Bolingbroke,"But as I come, I come for Lancaster.",1224
Act II,Scene III,Henry Bolingbroke,"And, noble uncle, I beseech your grace",1225
Act II,Scene III,Henry Bolingbroke,Look on my wrongs with an indifferent eye:,1226
Act II,Scene III,Henry Bolingbroke,"You are my father, for methinks in you",1227
Act II,Scene III,Henry Bolingbroke,"I see old Gaunt alive; O, then, my father,",1228
Act II,Scene III,Henry Bolingbroke,Will you permit that I shall stand condemn'd,1229
Act II,Scene III,Henry Bolingbroke,A wandering vagabond; my rights and royalties,1230
Act II,Scene III,Henry Bolingbroke,Pluck'd from my arms perforce and given away,1231
Act II,Scene III,Henry Bolingbroke,To upstart unthrifts? Wherefore was I born?,1232
Act II,Scene III,Henry Bolingbroke,"If that my cousin king be King of England,",1233
Act II,Scene III,Henry Bolingbroke,It must be granted I am Duke of Lancaster.,1234
Act II,Scene III,Henry Bolingbroke,"You have a son, Aumerle, my noble cousin;",1235
Act II,Scene III,Henry Bolingbroke,"Had you first died, and he been thus trod down,",1236
Act II,Scene III,Henry Bolingbroke,"He should have found his uncle Gaunt a father,",1237
Act II,Scene III,Henry Bolingbroke,To rouse his wrongs and chase them to the bay.,1238
Act II,Scene III,Henry Bolingbroke,"I am denied to sue my livery here,",1239
Act II,Scene III,Henry Bolingbroke,And yet my letters-patents give me leave:,1240
Act II,Scene III,Henry Bolingbroke,"My father's goods are all distrain'd and sold,",1241
Act II,Scene III,Henry Bolingbroke,And these and all are all amiss employ'd.,1242
Act II,Scene III,Henry Bolingbroke,"What would you have me do? I am a subject,",1243
Act II,Scene III,Henry Bolingbroke,And I challenge law: attorneys are denied me;,1244
Act II,Scene III,Henry Bolingbroke,"And therefore, personally I lay my claim",1245
Act II,Scene III,Henry Bolingbroke,To my inheritance of free descent.,1246
Act II,Scene III,Northumberland,The noble duke hath been too much abused.,1247
Act II,Scene III,Lord Ross,It stands your grace upon to do him right.,1248
Act II,Scene III,Lord Willoughby,Base men by his endowments are made great.,1249
Act II,Scene III,Duke Of York,"My lords of England, let me tell you this:",1250
Act II,Scene III,Duke Of York,I have had feeling of my cousin's wrongs,1251
Act II,Scene III,Duke Of York,And laboured all I could to do him right;,1252
Act II,Scene III,Duke Of York,"But in this kind to come, in braving arms,",1253
Act II,Scene III,Duke Of York,"Be his own carver and cut out his way,",1254
Act II,Scene III,Duke Of York,"To find out right with wrong, it may not be;",1255
Act II,Scene III,Duke Of York,And you that do abet him in this kind,1256
Act II,Scene III,Duke Of York,Cherish rebellion and are rebels all.,1257
Act II,Scene III,Northumberland,The noble duke hath sworn his coming is,1258
Act II,Scene III,Northumberland,But for his own; and for the right of that,1259
Act II,Scene III,Northumberland,We all have strongly sworn to give him aid;,1260
Act II,Scene III,Northumberland,And let him ne'er see joy that breaks that oath!,1261
Act II,Scene III,Duke Of York,"Well, well, I see the issue of these arms:",1262
Act II,Scene III,Duke Of York,"I cannot mend it, I must needs confess,",1263
Act II,Scene III,Duke Of York,Because my power is weak and all ill left:,1264
Act II,Scene III,Duke Of York,"But if I could, by Him that gave me life,",1265
Act II,Scene III,Duke Of York,I would attach you all and make you stoop,1266
Act II,Scene III,Duke Of York,Unto the sovereign mercy of the king;,1267
Act II,Scene III,Duke Of York,"But since I cannot, be it known to you",1268
Act II,Scene III,Duke Of York,"I do remain as neuter. So, fare you well;",1269
Act II,Scene III,Duke Of York,Unless you please to enter in the castle,1270
Act II,Scene III,Duke Of York,And there repose you for this night.,1271
Act II,Scene III,Henry Bolingbroke,"An offer, uncle, that we will accept:",1272
Act II,Scene III,Henry Bolingbroke,But we must win your grace to go with us,1273
Act II,Scene III,Henry Bolingbroke,"To Bristol castle, which they say is held",1274
Act II,Scene III,Henry Bolingbroke,"By Bushy, Bagot and their complices,",1275
Act II,Scene III,Henry Bolingbroke,"The caterpillars of the commonwealth,",1276
Act II,Scene III,Henry Bolingbroke,Which I have sworn to weed and pluck away.,1277
Act II,Scene III,Duke Of York,It may be I will go with you: but yet I'll pause;,1278
Act II,Scene III,Duke Of York,For I am loath to break our country's laws.,1279
Act II,Scene III,Duke Of York,"Nor friends nor foes, to me welcome you are:",1280
Act II,Scene III,Duke Of York,Things past redress are now with me past care.,1281
Act II,Scene III,[stage direction],Exeunt,NA
Act II,Scene IV,[stage direction],Enter EARL OF SALISBURY and a Welsh Captain,NA
Act II,Scene IV,Captain,"My lord of Salisbury, we have stay'd ten days,",1282
Act II,Scene IV,Captain,"And hardly kept our countrymen together,",1283
Act II,Scene IV,Captain,And yet we hear no tidings from the king;,1284
Act II,Scene IV,Captain,Therefore we will disperse ourselves: farewell.,1285
Act II,Scene IV,Earl Of Salisbury,"Stay yet another day, thou trusty Welshman:",1286
Act II,Scene IV,Earl Of Salisbury,The king reposeth all his confidence in thee.,1287
Act II,Scene IV,Captain,'Tis thought the king is dead; we will not stay.,1288
Act II,Scene IV,Captain,The bay-trees in our country are all wither'd,1289
Act II,Scene IV,Captain,And meteors fright the fixed stars of heaven;,1290
Act II,Scene IV,Captain,The pale-faced moon looks bloody on the earth,1291
Act II,Scene IV,Captain,And lean-look'd prophets whisper fearful change;,1292
Act II,Scene IV,Captain,"Rich men look sad and ruffians dance and leap,",1293
Act II,Scene IV,Captain,"The one in fear to lose what they enjoy,",1294
Act II,Scene IV,Captain,The other to enjoy by rage and war:,1295
Act II,Scene IV,Captain,These signs forerun the death or fall of kings.,1296
Act II,Scene IV,Captain,"Farewell: our countrymen are gone and fled,",1297
Act II,Scene IV,Captain,As well assured Richard their king is dead.,1298
Act II,Scene IV,[stage direction],Exit,NA
Act II,Scene IV,Earl Of Salisbury,"Ah, Richard, with the eyes of heavy mind",1299
Act II,Scene IV,Earl Of Salisbury,I see thy glory like a shooting star,1300
Act II,Scene IV,Earl Of Salisbury,Fall to the base earth from the firmament.,1301
Act II,Scene IV,Earl Of Salisbury,"Thy sun sets weeping in the lowly west,",1302
Act II,Scene IV,Earl Of Salisbury,"Witnessing storms to come, woe and unrest:",1303
Act II,Scene IV,Earl Of Salisbury,"Thy friends are fled to wait upon thy foes,",1304
Act II,Scene IV,Earl Of Salisbury,And crossly to thy good all fortune goes.,1305
Act II,Scene IV,[stage direction],Exit,NA
Act III,Scene I,[stage direction],"Enter HENRY BOLINGBROKE, DUKE OF YORK,  NORTHUMBERLAND, LORD ROSS, HENRY PERCY, LORD WILLOUGHBY, with BUSHY and GREEN, prisoners",NA
Act III,Scene I,Henry Bolingbroke,Bring forth these men.,1306
Act III,Scene I,Henry Bolingbroke,"Bushy and Green, I will not vex your souls--",1307
Act III,Scene I,Henry Bolingbroke,Since presently your souls must part your bodies--,1308
Act III,Scene I,Henry Bolingbroke,"With too much urging your pernicious lives,",1309
Act III,Scene I,Henry Bolingbroke,"For 'twere no charity; yet, to wash your blood",1310
Act III,Scene I,Henry Bolingbroke,"From off my hands, here in the view of men",1311
Act III,Scene I,Henry Bolingbroke,I will unfold some causes of your deaths.,1312
Act III,Scene I,Henry Bolingbroke,"You have misled a prince, a royal king,",1313
Act III,Scene I,Henry Bolingbroke,"A happy gentleman in blood and lineaments,",1314
Act III,Scene I,Henry Bolingbroke,By you unhappied and disfigured clean:,1315
Act III,Scene I,Henry Bolingbroke,You have in manner with your sinful hours,1316
Act III,Scene I,Henry Bolingbroke,"Made a divorce betwixt his queen and him,",1317
Act III,Scene I,Henry Bolingbroke,Broke the possession of a royal bed,1318
Act III,Scene I,Henry Bolingbroke,And stain'd the beauty of a fair queen's cheeks,1319
Act III,Scene I,Henry Bolingbroke,With tears drawn from her eyes by your foul wrongs.,1320
Act III,Scene I,Henry Bolingbroke,"Myself, a prince by fortune of my birth,",1321
Act III,Scene I,Henry Bolingbroke,"Near to the king in blood, and near in love",1322
Act III,Scene I,Henry Bolingbroke,"Till you did make him misinterpret me,",1323
Act III,Scene I,Henry Bolingbroke,"Have stoop'd my neck under your injuries,",1324
Act III,Scene I,Henry Bolingbroke,"And sigh'd my English breath in foreign clouds,",1325
Act III,Scene I,Henry Bolingbroke,Eating the bitter bread of banishment;,1326
Act III,Scene I,Henry Bolingbroke,"Whilst you have fed upon my signories,",1327
Act III,Scene I,Henry Bolingbroke,"Dispark'd my parks and fell'd my forest woods,",1328
Act III,Scene I,Henry Bolingbroke,"From my own windows torn my household coat,",1329
Act III,Scene I,Henry Bolingbroke,"Razed out my imprese, leaving me no sign,",1330
Act III,Scene I,Henry Bolingbroke,"Save men's opinions and my living blood,",1331
Act III,Scene I,Henry Bolingbroke,To show the world I am a gentleman.,1332
Act III,Scene I,Henry Bolingbroke,"This and much more, much more than twice all this,",1333
Act III,Scene I,Henry Bolingbroke,Condemns you to the death. See them deliver'd over,1334
Act III,Scene I,Henry Bolingbroke,To execution and the hand of death.,1335
Act III,Scene I,Bushy,More welcome is the stroke of death to me,1336
Act III,Scene I,Bushy,"Than Bolingbroke to England. Lords, farewell.",1337
Act III,Scene I,Green,My comfort is that heaven will take our souls,1338
Act III,Scene I,Green,And plague injustice with the pains of hell.,1339
Act III,Scene I,Henry Bolingbroke,"My Lord Northumberland, see them dispatch'd.",1340
Act III,Scene I,[stage direction],"Exeunt NORTHUMBERLAND and others, with the prisoners",NA
Act III,Scene I,Henry Bolingbroke,"Uncle, you say the queen is at your house;",1341
Act III,Scene I,Henry Bolingbroke,"For God's sake, fairly let her be entreated:",1342
Act III,Scene I,Henry Bolingbroke,Tell her I send to her my kind commends;,1343
Act III,Scene I,Henry Bolingbroke,Take special care my greetings be deliver'd.,1344
Act III,Scene I,Duke Of York,A gentleman of mine I have dispatch'd,1345
Act III,Scene I,Duke Of York,With letters of your love to her at large.,1346
Act III,Scene I,Henry Bolingbroke,"Thank, gentle uncle. Come, lords, away.",1347
Act III,Scene I,Henry Bolingbroke,To fight with Glendower and his complices:,1348
Act III,Scene I,Henry Bolingbroke,"Awhile to work, and after holiday.",1349
Act III,Scene I,[stage direction],Exeunt,NA
Act III,Scene II,[stage direction],"Drums; flourish and colours. Enter KING RICHARD II, the BISHOP OF CARLISLE, DUKE OF AUMERLE, and Soldiers",NA
Act III,Scene II,King Richard Ii,Barkloughly castle call they this at hand?,1350
Act III,Scene II,Duke Of Aumerle,"Yea, my lord. How brooks your grace the air,",1351
Act III,Scene II,Duke Of Aumerle,After your late tossing on the breaking seas?,1352
Act III,Scene II,King Richard Ii,Needs must I like it well: I weep for joy,1353
Act III,Scene II,King Richard Ii,To stand upon my kingdom once again.,1354
Act III,Scene II,King Richard Ii,"Dear earth, I do salute thee with my hand,",1355
Act III,Scene II,King Richard Ii,Though rebels wound thee with their horses' hoofs:,1356
Act III,Scene II,King Richard Ii,As a long-parted mother with her child,1357
Act III,Scene II,King Richard Ii,"Plays fondly with her tears and smiles in meeting,",1358
Act III,Scene II,King Richard Ii,"So, weeping, smiling, greet I thee, my earth,",1359
Act III,Scene II,King Richard Ii,And do thee favours with my royal hands.,1360
Act III,Scene II,King Richard Ii,"Feed not thy sovereign's foe, my gentle earth,",1361
Act III,Scene II,King Richard Ii,Nor with thy sweets comfort his ravenous sense;,1362
Act III,Scene II,King Richard Ii,"But let thy spiders, that suck up thy venom,",1363
Act III,Scene II,King Richard Ii,"And heavy-gaited toads lie in their way,",1364
Act III,Scene II,King Richard Ii,Doing annoyance to the treacherous feet,1365
Act III,Scene II,King Richard Ii,Which with usurping steps do trample thee:,1366
Act III,Scene II,King Richard Ii,Yield stinging nettles to mine enemies;,1367
Act III,Scene II,King Richard Ii,"And when they from thy bosom pluck a flower,",1368
Act III,Scene II,King Richard Ii,"Guard it, I pray thee, with a lurking adder",1369
Act III,Scene II,King Richard Ii,Whose double tongue may with a mortal touch,1370
Act III,Scene II,King Richard Ii,Throw death upon thy sovereign's enemies.,1371
Act III,Scene II,King Richard Ii,"Mock not my senseless conjuration, lords:",1372
Act III,Scene II,King Richard Ii,This earth shall have a feeling and these stones,1373
Act III,Scene II,King Richard Ii,"Prove armed soldiers, ere her native king",1374
Act III,Scene II,King Richard Ii,Shall falter under foul rebellion's arms.,1375
Act III,Scene II,Bishop Of Carlisle,"Fear not, my lord: that Power that made you king",1376
Act III,Scene II,Bishop Of Carlisle,Hath power to keep you king in spite of all.,1377
Act III,Scene II,Bishop Of Carlisle,"The means that heaven yields must be embraced,",1378
Act III,Scene II,Bishop Of Carlisle,"And not neglected; else, if heaven would,",1379
Act III,Scene II,Bishop Of Carlisle,"And we will not, heaven's offer we refuse,",1380
Act III,Scene II,Bishop Of Carlisle,The proffer'd means of succor and redress.,1381
Act III,Scene II,Duke Of Aumerle,"He means, my lord, that we are too remiss;",1382
Act III,Scene II,Duke Of Aumerle,"Whilst Bolingbroke, through our security,",1383
Act III,Scene II,Duke Of Aumerle,Grows strong and great in substance and in power.,1384
Act III,Scene II,King Richard Ii,Discomfortable cousin! know'st thou not,1385
Act III,Scene II,King Richard Ii,"That when the searching eye of heaven is hid,",1386
Act III,Scene II,King Richard Ii,"Behind the globe, that lights the lower world,",1387
Act III,Scene II,King Richard Ii,Then thieves and robbers range abroad unseen,1388
Act III,Scene II,King Richard Ii,"In murders and in outrage, boldly here;",1389
Act III,Scene II,King Richard Ii,But when from under this terrestrial ball,1390
Act III,Scene II,King Richard Ii,He fires the proud tops of the eastern pines,1391
Act III,Scene II,King Richard Ii,"And darts his light through every guilty hole,",1392
Act III,Scene II,King Richard Ii,"Then murders, treasons and detested sins,",1393
Act III,Scene II,King Richard Ii,"The cloak of night being pluck'd from off their backs,",1394
Act III,Scene II,King Richard Ii,"Stand bare and naked, trembling at themselves?",1395
Act III,Scene II,King Richard Ii,"So when this thief, this traitor, Bolingbroke,",1396
Act III,Scene II,King Richard Ii,Who all this while hath revell'd in the night,1397
Act III,Scene II,King Richard Ii,"Whilst we were wandering with the antipodes,",1398
Act III,Scene II,King Richard Ii,"Shall see us rising in our throne, the east,",1399
Act III,Scene II,King Richard Ii,"His treasons will sit blushing in his face,",1400
Act III,Scene II,King Richard Ii,"Not able to endure the sight of day,",1401
Act III,Scene II,King Richard Ii,But self-affrighted tremble at his sin.,1402
Act III,Scene II,King Richard Ii,Not all the water in the rough rude sea,1403
Act III,Scene II,King Richard Ii,Can wash the balm off from an anointed king;,1404
Act III,Scene II,King Richard Ii,The breath of worldly men cannot depose,1405
Act III,Scene II,King Richard Ii,The deputy elected by the Lord:,1406
Act III,Scene II,King Richard Ii,For every man that Bolingbroke hath press'd,1407
Act III,Scene II,King Richard Ii,"To lift shrewd steel against our golden crown,",1408
Act III,Scene II,King Richard Ii,God for his Richard hath in heavenly pay,1409
Act III,Scene II,King Richard Ii,"A glorious angel: then, if angels fight,",1410
Act III,Scene II,King Richard Ii,"Weak men must fall, for heaven still guards the right.",1411
Act III,Scene II,[stage direction],Enter EARL OF SALISBURY,NA
Act III,Scene II,King Richard Ii,"Welcome, my lord	how far off lies your power?",1412
Act III,Scene II,Earl Of Salisbury,"Nor near nor farther off, my gracious lord,",1413
Act III,Scene II,Earl Of Salisbury,Than this weak arm: discomfort guides my tongue,1414
Act III,Scene II,Earl Of Salisbury,And bids me speak of nothing but despair.,1415
Act III,Scene II,Earl Of Salisbury,"One day too late, I fear me, noble lord,",1416
Act III,Scene II,Earl Of Salisbury,Hath clouded all thy happy days on earth:,1417
Act III,Scene II,Earl Of Salisbury,"O, call back yesterday, bid time return,",1418
Act III,Scene II,Earl Of Salisbury,And thou shalt have twelve thousand fighting men!,1419
Act III,Scene II,Earl Of Salisbury,"To-day, to-day, unhappy day, too late,",1420
Act III,Scene II,Earl Of Salisbury,"O'erthrows thy joys, friends, fortune and thy state:",1421
Act III,Scene II,Earl Of Salisbury,"For all the Welshmen, hearing thou wert dead.",1422
Act III,Scene II,Earl Of Salisbury,"Are gone to Bolingbroke, dispersed and fled.",1423
Act III,Scene II,Duke Of Aumerle,"Comfort, my liege; why looks your grace so pale?",1424
Act III,Scene II,King Richard Ii,But now the blood of twenty thousand men,1425
Act III,Scene II,King Richard Ii,"Did triumph in my face, and they are fled;",1426
Act III,Scene II,King Richard Ii,"And, till so much blood thither come again,",1427
Act III,Scene II,King Richard Ii,Have I not reason to look pale and dead?,1428
Act III,Scene II,King Richard Ii,"All souls that will be safe fly from my side,",1429
Act III,Scene II,King Richard Ii,For time hath set a blot upon my pride.,1430
Act III,Scene II,Duke Of Aumerle,"Comfort, my liege; remember who you are.",1431
Act III,Scene II,King Richard Ii,I had forgot myself; am I not king?,1432
Act III,Scene II,King Richard Ii,"Awake, thou coward majesty! thou sleepest.",1433
Act III,Scene II,King Richard Ii,Is not the king's name twenty thousand names?,1434
Act III,Scene II,King Richard Ii,"Arm, arm, my name! a puny subject strikes",1435
Act III,Scene II,King Richard Ii,"At thy great glory. Look not to the ground,",1436
Act III,Scene II,King Richard Ii,Ye favourites of a king: are we not high?,1437
Act III,Scene II,King Richard Ii,High be our thoughts: I know my uncle York,1438
Act III,Scene II,King Richard Ii,Hath power enough to serve our turn. But who comes here?,1439
Act III,Scene II,[stage direction],Enter SIR STEPHEN SCROOP,NA
Act III,Scene II,Sir Stephen Scroop,More health and happiness betide my liege,1440
Act III,Scene II,Sir Stephen Scroop,Than can my care-tuned tongue deliver him!,1441
Act III,Scene II,King Richard Ii,Mine ear is open and my heart prepared;,1442
Act III,Scene II,King Richard Ii,The worst is worldly loss thou canst unfold.,1443
Act III,Scene II,King Richard Ii,"Say, is my kingdom lost? why, 'twas my care",1444
Act III,Scene II,King Richard Ii,And what loss is it to be rid of care?,1445
Act III,Scene II,King Richard Ii,Strives Bolingbroke to be as great as we?,1446
Act III,Scene II,King Richard Ii,"Greater he shall not be; if he serve God,",1447
Act III,Scene II,King Richard Ii,We'll serve Him too and be his fellow so:,1448
Act III,Scene II,King Richard Ii,Revolt our subjects? that we cannot mend;,1449
Act III,Scene II,King Richard Ii,They break their faith to God as well as us:,1450
Act III,Scene II,King Richard Ii,"Cry woe, destruction, ruin and decay:",1451
Act III,Scene II,King Richard Ii,"The worst is death, and death will have his day.",1452
Act III,Scene II,Sir Stephen Scroop,Glad am I that your highness is so arm'd,1453
Act III,Scene II,Sir Stephen Scroop,To bear the tidings of calamity.,1454
Act III,Scene II,Sir Stephen Scroop,"Like an unseasonable stormy day,",1455
Act III,Scene II,Sir Stephen Scroop,"Which makes the silver rivers drown their shores,",1456
Act III,Scene II,Sir Stephen Scroop,"As if the world were all dissolved to tears,",1457
Act III,Scene II,Sir Stephen Scroop,So high above his limits swells the rage,1458
Act III,Scene II,Sir Stephen Scroop,"Of Bolingbroke, covering your fearful land",1459
Act III,Scene II,Sir Stephen Scroop,With hard bright steel and hearts harder than steel.,1460
Act III,Scene II,Sir Stephen Scroop,White-beards have arm'd their thin and hairless scalps,1461
Act III,Scene II,Sir Stephen Scroop,"Against thy majesty; boys, with women's voices,",1462
Act III,Scene II,Sir Stephen Scroop,Strive to speak big and clap their female joints,1463
Act III,Scene II,Sir Stephen Scroop,In stiff unwieldy arms against thy crown:,1464
Act III,Scene II,Sir Stephen Scroop,The very beadsmen learn to bend their bows,1465
Act III,Scene II,Sir Stephen Scroop,Of double-fatal yew against thy state;,1466
Act III,Scene II,Sir Stephen Scroop,"Yea, distaff-women manage rusty bills",1467
Act III,Scene II,Sir Stephen Scroop,"Against thy seat: both young and old rebel,",1468
Act III,Scene II,Sir Stephen Scroop,And all goes worse than I have power to tell.,1469
Act III,Scene II,King Richard Ii,"Too well, too well thou tell'st a tale so ill.",1470
Act III,Scene II,King Richard Ii,Where is the Earl of Wiltshire? where is Bagot?,1471
Act III,Scene II,King Richard Ii,What is become of Bushy? where is Green?,1472
Act III,Scene II,King Richard Ii,That they have let the dangerous enemy,1473
Act III,Scene II,King Richard Ii,Measure our confines with such peaceful steps?,1474
Act III,Scene II,King Richard Ii,"If we prevail, their heads shall pay for it:",1475
Act III,Scene II,King Richard Ii,I warrant they have made peace with Bolingbroke.,1476
Act III,Scene II,Sir Stephen Scroop,"Peace have they made with him indeed, my lord.",1477
Act III,Scene II,King Richard Ii,"O villains, vipers, damn'd without redemption!",1478
Act III,Scene II,King Richard Ii,"Dogs, easily won to fawn on any man!",1479
Act III,Scene II,King Richard Ii,"Snakes, in my heart-blood warm'd, that sting my heart!",1480
Act III,Scene II,King Richard Ii,"Three Judases, each one thrice worse than Judas!",1481
Act III,Scene II,King Richard Ii,Would they make peace? terrible hell make war,1482
Act III,Scene II,King Richard Ii,Upon their spotted souls for this offence!,1483
Act III,Scene II,Sir Stephen Scroop,"Sweet love, I see, changing his property,",1484
Act III,Scene II,Sir Stephen Scroop,Turns to the sourest and most deadly hate:,1485
Act III,Scene II,Sir Stephen Scroop,Again uncurse their souls; their peace is made,1486
Act III,Scene II,Sir Stephen Scroop,"With heads, and not with hands; those whom you curse",1487
Act III,Scene II,Sir Stephen Scroop,Have felt the worst of death's destroying wound,1488
Act III,Scene II,Sir Stephen Scroop,"And lie full low, graved in the hollow ground.",1489
Act III,Scene II,Duke Of Aumerle,"Is Bushy, Green, and the Earl of Wiltshire dead?",1490
Act III,Scene II,Sir Stephen Scroop,"Ay, all of them at Bristol lost their heads.",1491
Act III,Scene II,Duke Of Aumerle,Where is the duke my father with his power?,1492
Act III,Scene II,King Richard Ii,No matter where; of comfort no man speak:,1493
Act III,Scene II,King Richard Ii,"Let's talk of graves, of worms, and epitaphs;",1494
Act III,Scene II,King Richard Ii,Make dust our paper and with rainy eyes,1495
Act III,Scene II,King Richard Ii,"Write sorrow on the bosom of the earth,",1496
Act III,Scene II,King Richard Ii,Let's choose executors and talk of wills:,1497
Act III,Scene II,King Richard Ii,"And yet not so, for what can we bequeath",1498
Act III,Scene II,King Richard Ii,Save our deposed bodies to the ground?,1499
Act III,Scene II,King Richard Ii,"Our lands, our lives and all are Bolingbroke's,",1500
Act III,Scene II,King Richard Ii,And nothing can we call our own but death,1501
Act III,Scene II,King Richard Ii,And that small model of the barren earth,1502
Act III,Scene II,King Richard Ii,Which serves as paste and cover to our bones.,1503
Act III,Scene II,King Richard Ii,"For God's sake, let us sit upon the ground",1504
Act III,Scene II,King Richard Ii,And tell sad stories of the death of kings;,1505
Act III,Scene II,King Richard Ii,"How some have been deposed; some slain in war,",1506
Act III,Scene II,King Richard Ii,Some haunted by the ghosts they have deposed;,1507
Act III,Scene II,King Richard Ii,Some poison'd by their wives: some sleeping kill'd;,1508
Act III,Scene II,King Richard Ii,All murder'd: for within the hollow crown,1509
Act III,Scene II,King Richard Ii,That rounds the mortal temples of a king,1510
Act III,Scene II,King Richard Ii,"Keeps Death his court and there the antic sits,",1511
Act III,Scene II,King Richard Ii,"Scoffing his state and grinning at his pomp,",1512
Act III,Scene II,King Richard Ii,"Allowing him a breath, a little scene,",1513
Act III,Scene II,King Richard Ii,"To monarchize, be fear'd and kill with looks,",1514
Act III,Scene II,King Richard Ii,"Infusing him with self and vain conceit,",1515
Act III,Scene II,King Richard Ii,"As if this flesh which walls about our life,",1516
Act III,Scene II,King Richard Ii,"Were brass impregnable, and humour'd thus",1517
Act III,Scene II,King Richard Ii,Comes at the last and with a little pin,1518
Act III,Scene II,King Richard Ii,"Bores through his castle wall, and farewell king!",1519
Act III,Scene II,King Richard Ii,Cover your heads and mock not flesh and blood,1520
Act III,Scene II,King Richard Ii,"With solemn reverence: throw away respect,",1521
Act III,Scene II,King Richard Ii,"Tradition, form and ceremonious duty,",1522
Act III,Scene II,King Richard Ii,For you have but mistook me all this while:,1523
Act III,Scene II,King Richard Ii,"I live with bread like you, feel want,",1524
Act III,Scene II,King Richard Ii,"Taste grief, need friends: subjected thus,",1525
Act III,Scene II,King Richard Ii,"How can you say to me, I am a king?",1526
Act III,Scene II,Bishop Of Carlisle,"My lord, wise men ne'er sit and wail their woes,",1527
Act III,Scene II,Bishop Of Carlisle,But presently prevent the ways to wail.,1528
Act III,Scene II,Bishop Of Carlisle,"To fear the foe, since fear oppresseth strength,",1529
Act III,Scene II,Bishop Of Carlisle,"Gives in your weakness strength unto your foe,",1530
Act III,Scene II,Bishop Of Carlisle,And so your follies fight against yourself.,1531
Act III,Scene II,Bishop Of Carlisle,Fear and be slain; no worse can come to fight:,1532
Act III,Scene II,Bishop Of Carlisle,And fight and die is death destroying death;,1533
Act III,Scene II,Bishop Of Carlisle,Where fearing dying pays death servile breath.,1534
Act III,Scene II,Duke Of Aumerle,My father hath a power; inquire of him,1535
Act III,Scene II,Duke Of Aumerle,And learn to make a body of a limb.,1536
Act III,Scene II,King Richard Ii,"Thou chidest me well: proud Bolingbroke, I come",1537
Act III,Scene II,King Richard Ii,To change blows with thee for our day of doom.,1538
Act III,Scene II,King Richard Ii,This ague fit of fear is over-blown;,1539
Act III,Scene II,King Richard Ii,An easy task it is to win our own.,1540
Act III,Scene II,King Richard Ii,"Say, Scroop, where lies our uncle with his power?",1541
Act III,Scene II,King Richard Ii,"Speak sweetly, man, although thy looks be sour.",1542
Act III,Scene II,Sir Stephen Scroop,Men judge by the complexion of the sky,1543
Act III,Scene II,Sir Stephen Scroop,The state and inclination of the day:,1544
Act III,Scene II,Sir Stephen Scroop,"So may you by my dull and heavy eye,",1545
Act III,Scene II,Sir Stephen Scroop,My tongue hath but a heavier tale to say.,1546
Act III,Scene II,Sir Stephen Scroop,"I play the torturer, by small and small",1547
Act III,Scene II,Sir Stephen Scroop,To lengthen out the worst that must be spoken:,1548
Act III,Scene II,Sir Stephen Scroop,"Your uncle York is join'd with Bolingbroke,",1549
Act III,Scene II,Sir Stephen Scroop,"And all your northern castles yielded up,",1550
Act III,Scene II,Sir Stephen Scroop,And all your southern gentlemen in arms,1551
Act III,Scene II,Sir Stephen Scroop,Upon his party.,1552
Act III,Scene II,King Richard Ii,Thou hast said enough.,1553
Act III,Scene II,King Richard Ii,"Beshrew thee, cousin, which didst lead me forth",1554
Act III,Scene II,[stage direction],To DUKE OF AUMERLE,NA
Act III,Scene II,King Richard Ii,Of that sweet way I was in to despair!,1555
Act III,Scene II,King Richard Ii,What say you now? what comfort have we now?,1556
Act III,Scene II,King Richard Ii,"By heaven, I'll hate him everlastingly",1557
Act III,Scene II,King Richard Ii,That bids me be of comfort any more.,1558
Act III,Scene II,King Richard Ii,Go to Flint castle: there I'll pine away;,1559
Act III,Scene II,King Richard Ii,"A king, woe's slave, shall kingly woe obey.",1560
Act III,Scene II,King Richard Ii,"That power I have, discharge; and let them go",1561
Act III,Scene II,King Richard Ii,"To ear the land that hath some hope to grow,",1562
Act III,Scene II,King Richard Ii,For I have none: let no man speak again,1563
Act III,Scene II,King Richard Ii,"To alter this, for counsel is but vain.",1564
Act III,Scene II,Duke Of Aumerle,"My liege, one word.",1565
Act III,Scene II,King Richard Ii,He does me double wrong,1566
Act III,Scene II,King Richard Ii,That wounds me with the flatteries of his tongue.,1567
Act III,Scene II,King Richard Ii,"Discharge my followers: let them hence away,",1568
Act III,Scene II,King Richard Ii,From Richard's night to Bolingbroke's fair day.,1569
Act III,Scene II,[stage direction],Exeunt,NA
Act III,Scene III,[stage direction],"Enter, with drum and colours, HENRY BOLINGBROKE, DUKE OF YORK, NORTHUMBERLAND, Attendants, and forces",NA
Act III,Scene III,Henry Bolingbroke,So that by this intelligence we learn,1570
Act III,Scene III,Henry Bolingbroke,"The Welshmen are dispersed, and Salisbury",1571
Act III,Scene III,Henry Bolingbroke,"Is gone to meet the king, who lately landed",1572
Act III,Scene III,Henry Bolingbroke,With some few private friends upon this coast.,1573
Act III,Scene III,Northumberland,"The news is very fair and good, my lord:",1574
Act III,Scene III,Northumberland,Richard not far from hence hath hid his head.,1575
Act III,Scene III,Duke Of York,It would beseem the Lord Northumberland,1576
Act III,Scene III,Duke Of York,To say 'King Richard:' alack the heavy day,1577
Act III,Scene III,Duke Of York,When such a sacred king should hide his head.,1578
Act III,Scene III,Northumberland,Your grace mistakes; only to be brief,1579
Act III,Scene III,Northumberland,Left I his title out.,1580
Act III,Scene III,Duke Of York,"The time hath been,",1581
Act III,Scene III,Duke Of York,"Would you have been so brief with him, he would",1582
Act III,Scene III,Duke Of York,"Have been so brief with you, to shorten you,",1583
Act III,Scene III,Duke Of York,"For taking so the head, your whole head's length.",1584
Act III,Scene III,Henry Bolingbroke,"Mistake not, uncle, further than you should.",1585
Act III,Scene III,Duke Of York,"Take not, good cousin, further than you should.",1586
Act III,Scene III,Duke Of York,Lest you mistake the heavens are o'er our heads.,1587
Act III,Scene III,Henry Bolingbroke,"I know it, uncle, and oppose not myself",1588
Act III,Scene III,Henry Bolingbroke,Against their will. But who comes here?,1589
Act III,Scene III,[stage direction],Enter HENRY PERCY,NA
Act III,Scene III,Henry Bolingbroke,"Welcome, Harry: what, will not this castle yield?",1590
Act III,Scene III,Henry Percy,"The castle royally is mann'd, my lord,",1591
Act III,Scene III,Henry Percy,Against thy entrance.,1592
Act III,Scene III,Henry Bolingbroke,Royally!,1593
Act III,Scene III,Henry Bolingbroke,"Why, it contains no king?",1594
Act III,Scene III,Henry Percy,"Yes, my good lord,",1595
Act III,Scene III,Henry Percy,It doth contain a king; King Richard lies,1596
Act III,Scene III,Henry Percy,Within the limits of yon lime and stone:,1597
Act III,Scene III,Henry Percy,"And with him are the Lord Aumerle, Lord Salisbury,",1598
Act III,Scene III,Henry Percy,"Sir Stephen Scroop, besides a clergyman",1599
Act III,Scene III,Henry Percy,"Of holy reverence; who, I cannot learn.",1600
Act III,Scene III,Northumberland,"O, belike it is the Bishop of Carlisle.",1601
Act III,Scene III,Henry Bolingbroke,"Noble lords,",1602
Act III,Scene III,Henry Bolingbroke,Go to the rude ribs of that ancient castle;,1603
Act III,Scene III,Henry Bolingbroke,Through brazen trumpet send the breath of parley,1604
Act III,Scene III,Henry Bolingbroke,"Into his ruin'd ears, and thus deliver:",1605
Act III,Scene III,Henry Bolingbroke,Henry Bolingbroke,1606
Act III,Scene III,Henry Bolingbroke,On both his knees doth kiss King Richard's hand,1607
Act III,Scene III,Henry Bolingbroke,And sends allegiance and true faith of heart,1608
Act III,Scene III,Henry Bolingbroke,"To his most royal person, hither come",1609
Act III,Scene III,Henry Bolingbroke,"Even at his feet to lay my arms and power,",1610
Act III,Scene III,Henry Bolingbroke,Provided that my banishment repeal'd,1611
Act III,Scene III,Henry Bolingbroke,And lands restored again be freely granted:,1612
Act III,Scene III,Henry Bolingbroke,"If not, I'll use the advantage of my power",1613
Act III,Scene III,Henry Bolingbroke,And lay the summer's dust with showers of blood,1614
Act III,Scene III,Henry Bolingbroke,Rain'd from the wounds of slaughter'd Englishmen:,1615
Act III,Scene III,Henry Bolingbroke,"The which, how far off from the mind of Bolingbroke",1616
Act III,Scene III,Henry Bolingbroke,"It is, such crimson tempest should bedrench",1617
Act III,Scene III,Henry Bolingbroke,"The fresh green lap of fair King Richard's land,",1618
Act III,Scene III,Henry Bolingbroke,My stooping duty tenderly shall show.,1619
Act III,Scene III,Henry Bolingbroke,"Go, signify as much, while here we march",1620
Act III,Scene III,Henry Bolingbroke,Upon the grassy carpet of this plain.,1621
Act III,Scene III,Henry Bolingbroke,"Let's march without the noise of threatening drum,",1622
Act III,Scene III,Henry Bolingbroke,That from this castle's tatter'd battlements,1623
Act III,Scene III,Henry Bolingbroke,Our fair appointments may be well perused.,1624
Act III,Scene III,Henry Bolingbroke,Methinks King Richard and myself should meet,1625
Act III,Scene III,Henry Bolingbroke,With no less terror than the elements,1626
Act III,Scene III,Henry Bolingbroke,"Of fire and water, when their thundering shock",1627
Act III,Scene III,Henry Bolingbroke,At meeting tears the cloudy cheeks of heaven.,1628
Act III,Scene III,Henry Bolingbroke,"Be he the fire, I'll be the yielding water:",1629
Act III,Scene III,Henry Bolingbroke,"The rage be his, whilst on the earth I rain",1630
Act III,Scene III,Henry Bolingbroke,"My waters; on the earth, and not on him.",1631
Act III,Scene III,Henry Bolingbroke,"March on, and mark King Richard how he looks.",1632
Act III,Scene III,[stage direction],"Parle without, and answer within. Then a flourish.  Enter on the walls, KING RICHARD II, the BISHOP OF  CARLISLE, DUKE OF AUMERLE, SIR STEPHEN SCROOP, and EARL OF SALISBURY",NA
Act III,Scene III,Henry Bolingbroke,"See, see, King Richard doth himself appear,",1633
Act III,Scene III,Henry Bolingbroke,As doth the blushing discontented sun,1634
Act III,Scene III,Henry Bolingbroke,"From out the fiery portal of the east,",1635
Act III,Scene III,Henry Bolingbroke,When he perceives the envious clouds are bent,1636
Act III,Scene III,Henry Bolingbroke,To dim his glory and to stain the track,1637
Act III,Scene III,Henry Bolingbroke,Of his bright passage to the occident.,1638
Act III,Scene III,Duke Of York,"Yet looks he like a king: behold, his eye,",1639
Act III,Scene III,Duke Of York,"As bright as is the eagle's, lightens forth",1640
Act III,Scene III,Duke Of York,"Controlling majesty: alack, alack, for woe,",1641
Act III,Scene III,Duke Of York,That any harm should stain so fair a show!,1642
Act III,Scene III,King Richard Ii,We are amazed; and thus long have we stood,1643
Act III,Scene III,King Richard Ii,"To watch the fearful bending of thy knee,",1644
Act III,Scene III,[stage direction],To NORTHUMBERLAND,NA
Act III,Scene III,King Richard Ii,Because we thought ourself thy lawful king:,1645
Act III,Scene III,King Richard Ii,"And if we be, how dare thy joints forget",1646
Act III,Scene III,King Richard Ii,To pay their awful duty to our presence?,1647
Act III,Scene III,King Richard Ii,"If we be not, show us the hand of God",1648
Act III,Scene III,King Richard Ii,That hath dismissed us from our stewardship;,1649
Act III,Scene III,King Richard Ii,"For well we know, no hand of blood and bone",1650
Act III,Scene III,King Richard Ii,"Can gripe the sacred handle of our sceptre,",1651
Act III,Scene III,King Richard Ii,"Unless he do profane, steal, or usurp.",1652
Act III,Scene III,King Richard Ii,"And though you think that all, as you have done,",1653
Act III,Scene III,King Richard Ii,"Have torn their souls by turning them from us,",1654
Act III,Scene III,King Richard Ii,And we are barren and bereft of friends;,1655
Act III,Scene III,King Richard Ii,"Yet know, my master, God omnipotent,",1656
Act III,Scene III,King Richard Ii,Is mustering in his clouds on our behalf,1657
Act III,Scene III,King Richard Ii,Armies of pestilence; and they shall strike,1658
Act III,Scene III,King Richard Ii,"Your children yet unborn and unbegot,",1659
Act III,Scene III,King Richard Ii,That lift your vassal hands against my head,1660
Act III,Scene III,King Richard Ii,And threat the glory of my precious crown.,1661
Act III,Scene III,King Richard Ii,Tell Bolingbroke--for yond methinks he stands--,1662
Act III,Scene III,King Richard Ii,That every stride he makes upon my land,1663
Act III,Scene III,King Richard Ii,Is dangerous treason: he is come to open,1664
Act III,Scene III,King Richard Ii,The purple testament of bleeding war;,1665
Act III,Scene III,King Richard Ii,"But ere the crown he looks for live in peace,",1666
Act III,Scene III,King Richard Ii,Ten thousand bloody crowns of mothers' sons,1667
Act III,Scene III,King Richard Ii,"Shall ill become the flower of England's face,",1668
Act III,Scene III,King Richard Ii,Change the complexion of her maid-pale peace,1669
Act III,Scene III,King Richard Ii,To scarlet indignation and bedew,1670
Act III,Scene III,King Richard Ii,Her pastures' grass with faithful English blood.,1671
Act III,Scene III,Northumberland,The king of heaven forbid our lord the king,1672
Act III,Scene III,Northumberland,Should so with civil and uncivil arms,1673
Act III,Scene III,Northumberland,Be rush'd upon! Thy thrice noble cousin,1674
Act III,Scene III,Northumberland,Harry Bolingbroke doth humbly kiss thy hand;,1675
Act III,Scene III,Northumberland,"And by the honourable tomb he swears,",1676
Act III,Scene III,Northumberland,"That stands upon your royal grandsire's bones,",1677
Act III,Scene III,Northumberland,"And by the royalties of both your bloods,",1678
Act III,Scene III,Northumberland,"Currents that spring from one most gracious head,",1679
Act III,Scene III,Northumberland,"And by the buried hand of warlike Gaunt,",1680
Act III,Scene III,Northumberland,"And by the worth and honour of himself,",1681
Act III,Scene III,Northumberland,"Comprising all that may be sworn or said,",1682
Act III,Scene III,Northumberland,His coming hither hath no further scope,1683
Act III,Scene III,Northumberland,Than for his lineal royalties and to beg,1684
Act III,Scene III,Northumberland,Enfranchisement immediate on his kn ees:,1685
Act III,Scene III,Northumberland,"Which on thy royal party granted once,",1686
Act III,Scene III,Northumberland,"His glittering arms he will commend to rust,",1687
Act III,Scene III,Northumberland,"His barbed steeds to stables, and his heart",1688
Act III,Scene III,Northumberland,To faithful service of your majesty.,1689
Act III,Scene III,Northumberland,"This swears he, as he is a prince, is just;",1690
Act III,Scene III,Northumberland,"And, as I am a gentleman, I credit him.",1691
Act III,Scene III,King Richard Ii,"Northumberland, say thus the king returns:",1692
Act III,Scene III,King Richard Ii,His noble cousin is right welcome hither;,1693
Act III,Scene III,King Richard Ii,And all the number of his fair demands,1694
Act III,Scene III,King Richard Ii,Shall be accomplish'd without contradiction:,1695
Act III,Scene III,King Richard Ii,With all the gracious utterance thou hast,1696
Act III,Scene III,King Richard Ii,Speak to his gentle hearing kind commends.,1697
Act III,Scene III,King Richard Ii,"We do debase ourselves, cousin, do we not,",1698
Act III,Scene III,[stage direction],To DUKE OF AUMERLE,NA
Act III,Scene III,King Richard Ii,To look so poorly and to speak so fair?,1699
Act III,Scene III,King Richard Ii,"Shall we call back Northumberland, and send",1700
Act III,Scene III,King Richard Ii,"Defiance to the traitor, and so die?",1701
Act III,Scene III,Duke Of Aumerle,"No, good my lord; let's fight with gentle words",1702
Act III,Scene III,Duke Of Aumerle,Till time lend friends and friends their helpful swords.,1703
Act III,Scene III,King Richard Ii,"O God, O God! that e'er this tongue of mine,",1704
Act III,Scene III,King Richard Ii,That laid the sentence of dread banishment,1705
Act III,Scene III,King Richard Ii,"On yon proud man, should take it off again",1706
Act III,Scene III,King Richard Ii,With words of sooth! O that I were as great,1707
Act III,Scene III,King Richard Ii,"As is my grief, or lesser than my name!",1708
Act III,Scene III,King Richard Ii,"Or that I could forget what I have been,",1709
Act III,Scene III,King Richard Ii,Or not remember what I must be now!,1710
Act III,Scene III,King Richard Ii,"Swell'st thou, proud heart? I'll give thee scope to beat,",1711
Act III,Scene III,King Richard Ii,Since foes have scope to beat both thee and me.,1712
Act III,Scene III,Duke Of Aumerle,Northumberland comes back from Bolingbroke.,1713
Act III,Scene III,King Richard Ii,What must the king do now? must he submit?,1714
Act III,Scene III,King Richard Ii,The king shall do it: must he be deposed?,1715
Act III,Scene III,King Richard Ii,The king shall be contented: must he lose,1716
Act III,Scene III,King Richard Ii,"The name of king? o' God's name, let it go:",1717
Act III,Scene III,King Richard Ii,"I'll give my jewels for a set of beads,",1718
Act III,Scene III,King Richard Ii,"My gorgeous palace for a hermitage,",1719
Act III,Scene III,King Richard Ii,"My gay apparel for an almsman's gown,",1720
Act III,Scene III,King Richard Ii,"My figured goblets for a dish of wood,",1721
Act III,Scene III,King Richard Ii,"My sceptre for a palmer's walking staff,",1722
Act III,Scene III,King Richard Ii,My subjects for a pair of carved saints,1723
Act III,Scene III,King Richard Ii,"And my large kingdom for a little grave,",1724
Act III,Scene III,King Richard Ii,"A little little grave, an obscure grave;",1725
Act III,Scene III,King Richard Ii,"Or I'll be buried in the king's highway,",1726
Act III,Scene III,King Richard Ii,"Some way of common trade, where subjects' feet",1727
Act III,Scene III,King Richard Ii,May hourly trample on their sovereign's head;,1728
Act III,Scene III,King Richard Ii,For on my heart they tread now whilst I live;,1729
Act III,Scene III,King Richard Ii,"And buried once, why not upon my head?",1730
Act III,Scene III,King Richard Ii,"Aumerle, thou weep'st, my tender-hearted cousin!",1731
Act III,Scene III,King Richard Ii,We'll make foul weather with despised tears;,1732
Act III,Scene III,King Richard Ii,"Our sighs and they shall lodge the summer corn,",1733
Act III,Scene III,King Richard Ii,And make a dearth in this revolting land.,1734
Act III,Scene III,King Richard Ii,"Or shall we play the wantons with our woes,",1735
Act III,Scene III,King Richard Ii,And make some pretty match with shedding tears?,1736
Act III,Scene III,King Richard Ii,"As thus, to drop them still upon one place,",1737
Act III,Scene III,King Richard Ii,Till they have fretted us a pair of graves,1738
Act III,Scene III,King Richard Ii,"Within the earth; and, therein laid,--there lies",1739
Act III,Scene III,King Richard Ii,Two kinsmen digg'd their graves with weeping eyes.,1740
Act III,Scene III,King Richard Ii,"Would not this ill do well? Well, well, I see",1741
Act III,Scene III,King Richard Ii,"I talk but idly, and you laugh at me.",1742
Act III,Scene III,King Richard Ii,"Most mighty prince, my Lord Northumberland,",1743
Act III,Scene III,King Richard Ii,What says King Bolingbroke? will his majesty,1744
Act III,Scene III,King Richard Ii,Give Richard leave to live till Richard die?,1745
Act III,Scene III,King Richard Ii,"You make a leg, and Bolingbroke says ay.",1746
Act III,Scene III,Northumberland,"My lord, in the base court he doth attend",1747
Act III,Scene III,Northumberland,To speak with you; may it please you to come down.,1748
Act III,Scene III,King Richard Ii,"Down, down I come; like glistering Phaethon,",1749
Act III,Scene III,King Richard Ii,Wanting the manage of unruly jades.,1750
Act III,Scene III,King Richard Ii,"In the base court? Base court, where kings grow base,",1751
Act III,Scene III,King Richard Ii,To come at traitors' calls and do them grace.,1752
Act III,Scene III,King Richard Ii,"In the base court? Come down? Down, court!",1753
Act III,Scene III,King Richard Ii,"down, king!",1754
Act III,Scene III,King Richard Ii,For night-owls shriek where mounting larks,1755
Act III,Scene III,King Richard Ii,should sing.,1756
Act III,Scene III,[stage direction],Exeunt from above,NA
Act III,Scene III,Henry Bolingbroke,What says his majesty?,1757
Act III,Scene III,Northumberland,Sorrow and grief of heart,1758
Act III,Scene III,Northumberland,"Makes him speak fondly, like a frantic man",1759
Act III,Scene III,Northumberland,Yet he is come.,1760
Act III,Scene III,[stage direction],Enter KING RICHARD and his attendants below,NA
Act III,Scene III,Henry Bolingbroke,"Stand all apart,",1761
Act III,Scene III,Henry Bolingbroke,And show fair duty to his majesty.,1762
Act III,Scene III,[stage direction],He kneels down,NA
Act III,Scene III,Henry Bolingbroke,"My gracious lord,--",1763
Act III,Scene III,King Richard Ii,"Fair cousin, you debase your princely knee",1764
Act III,Scene III,King Richard Ii,To make the base earth proud with kissing it:,1765
Act III,Scene III,King Richard Ii,Me rather had my heart might feel your love,1766
Act III,Scene III,King Richard Ii,Than my unpleased eye see your courtesy.,1767
Act III,Scene III,King Richard Ii,"Up, cousin, up; your heart is up, I know,",1768
Act III,Scene III,King Richard Ii,"Thus high at least, although your knee be low.",1769
Act III,Scene III,Henry Bolingbroke,"My gracious lord, I come but for mine own.",1770
Act III,Scene III,King Richard Ii,"Your own is yours, and I am yours, and all.",1771
Act III,Scene III,Henry Bolingbroke,"So far be mine, my most redoubted lord,",1772
Act III,Scene III,Henry Bolingbroke,As my true service shall deserve your love.,1773
Act III,Scene III,King Richard Ii,"Well you deserve: they well deserve to have,",1774
Act III,Scene III,King Richard Ii,That know the strong'st and surest way to get.,1775
Act III,Scene III,King Richard Ii,"Uncle, give me your hands: nay, dry your eyes;",1776
Act III,Scene III,King Richard Ii,"Tears show their love, but want their remedies.",1777
Act III,Scene III,King Richard Ii,"Cousin, I am too young to be your father,",1778
Act III,Scene III,King Richard Ii,Though you are old enough to be my heir.,1779
Act III,Scene III,King Richard Ii,"What you will have, I'll give, and willing too;",1780
Act III,Scene III,King Richard Ii,For do we must what force will have us do.,1781
Act III,Scene III,King Richard Ii,"Set on towards London, cousin, is it so?",1782
Act III,Scene III,Henry Bolingbroke,"Yea, my good lord.",1783
Act III,Scene III,King Richard Ii,Then I must not say no.,1784
Act III,Scene III,[stage direction],Flourish. Exeunt,NA
Act III,Scene IV,[stage direction],Enter the QUEEN and two Ladies,NA
Act III,Scene IV,Queen,"What sport shall we devise here in this garden,",1785
Act III,Scene IV,Queen,To drive away the heavy thought of care?,1786
Act III,Scene IV,Lady,"Madam, we'll play at bowls.",1787
Act III,Scene IV,Queen,"'Twill make me think the world is full of rubs,",1788
Act III,Scene IV,Queen,And that my fortune rubs against the bias.,1789
Act III,Scene IV,Lady,"Madam, we'll dance.",1790
Act III,Scene IV,Queen,"My legs can keep no measure in delight,",1791
Act III,Scene IV,Queen,When my poor heart no measure keeps in grief:,1792
Act III,Scene IV,Queen,"Therefore, no dancing, girl; some other sport.",1793
Act III,Scene IV,Lady,"Madam, we'll tell tales.",1794
Act III,Scene IV,Queen,Of sorrow or of joy?,1795
Act III,Scene IV,Lady,"Of either, madam.",1796
Act III,Scene IV,Queen,"Of neither, girl:",1797
Act III,Scene IV,Queen,"For of joy, being altogether wanting,",1798
Act III,Scene IV,Queen,It doth remember me the more of sorrow;,1799
Act III,Scene IV,Queen,"Or if of grief, being altogether had,",1800
Act III,Scene IV,Queen,It adds more sorrow to my want of joy:,1801
Act III,Scene IV,Queen,For what I have I need not to repeat;,1802
Act III,Scene IV,Queen,And what I want it boots not to complain.,1803
Act III,Scene IV,Lady,"Madam, I'll sing.",1804
Act III,Scene IV,Queen,'Tis well that thou hast cause,1805
Act III,Scene IV,Queen,"But thou shouldst please me better, wouldst thou weep.",1806
Act III,Scene IV,Lady,"I could weep, madam, would it do you good.",1807
Act III,Scene IV,Queen,"And I could sing, would weeping do me good,",1808
Act III,Scene IV,Queen,And never borrow any tear of thee.,1809
Act III,Scene IV,[stage direction],"Enter a Gardener, and two Servants",NA
Act III,Scene IV,Queen,"But stay, here come the gardeners:",1810
Act III,Scene IV,Queen,Let's step into the shadow of these trees.,1811
Act III,Scene IV,Queen,"My wretchedness unto a row of pins,",1812
Act III,Scene IV,Queen,They'll talk of state; for every one doth so,1813
Act III,Scene IV,Queen,Against a change; woe is forerun with woe.,1814
Act III,Scene IV,[stage direction],QUEEN and Ladies retire,NA
Act III,Scene IV,Gardener,"Go, bind thou up yon dangling apricocks,",1815
Act III,Scene IV,Gardener,"Which, like unruly children, make their sire",1816
Act III,Scene IV,Gardener,Stoop with oppression of their prodigal weight:,1817
Act III,Scene IV,Gardener,Give some supportance to the bending twigs.,1818
Act III,Scene IV,Gardener,"Go thou, and like an executioner,",1819
Act III,Scene IV,Gardener,"Cut off the heads of too fast growing sprays,",1820
Act III,Scene IV,Gardener,That look too lofty in our commonwealth:,1821
Act III,Scene IV,Gardener,All must be even in our government.,1822
Act III,Scene IV,Gardener,"You thus employ'd, I will go root away",1823
Act III,Scene IV,Gardener,"The noisome weeds, which without profit suck",1824
Act III,Scene IV,Gardener,The soil's fertility from wholesome flowers.,1825
Act III,Scene IV,Servant,Why should we in the compass of a pale,1826
Act III,Scene IV,Servant,"Keep law and form and due proportion,",1827
Act III,Scene IV,Servant,"Showing, as in a model, our firm estate,",1828
Act III,Scene IV,Servant,"When our sea-walled garden, the whole land,",1829
Act III,Scene IV,Servant,"Is full of weeds, her fairest flowers choked up,",1830
Act III,Scene IV,Servant,"Her fruit-trees all upturned, her hedges ruin'd,",1831
Act III,Scene IV,Servant,Her knots disorder'd and her wholesome herbs,1832
Act III,Scene IV,Servant,Swarming with caterpillars?,1833
Act III,Scene IV,Gardener,Hold thy peace:,1834
Act III,Scene IV,Gardener,He that hath suffer'd this disorder'd spring,1835
Act III,Scene IV,Gardener,Hath now himself met with the fall of leaf:,1836
Act III,Scene IV,Gardener,"The weeds which his broad-spreading leaves did shelter,",1837
Act III,Scene IV,Gardener,"That seem'd in eating him to hold him up,",1838
Act III,Scene IV,Gardener,"Are pluck'd up root and all by Bolingbroke,",1839
Act III,Scene IV,Gardener,"I mean the Earl of Wiltshire, Bushy, Green.",1840
Act III,Scene IV,Servant,"What, are they dead?",1841
Act III,Scene IV,Gardener,They are; and Bolingbroke,1842
Act III,Scene IV,Gardener,"Hath seized the wasteful king. O, what pity is it",1843
Act III,Scene IV,Gardener,That he had not so trimm'd and dress'd his land,1844
Act III,Scene IV,Gardener,As we this garden! We at time of year,1845
Act III,Scene IV,Gardener,"Do wound the bark, the skin of our fruit-trees,",1846
Act III,Scene IV,Gardener,"Lest, being over-proud in sap and blood,",1847
Act III,Scene IV,Gardener,With too much riches it confound itself:,1848
Act III,Scene IV,Gardener,"Had he done so to great and growing men,",1849
Act III,Scene IV,Gardener,They might have lived to bear and he to taste,1850
Act III,Scene IV,Gardener,Their fruits of duty: superfluous branches,1851
Act III,Scene IV,Gardener,"We lop away, that bearing boughs may live:",1852
Act III,Scene IV,Gardener,"Had he done so, himself had borne the crown,",1853
Act III,Scene IV,Gardener,Which waste of idle hours hath quite thrown down.,1854
Act III,Scene IV,Servant,"What, think you then the king shall be deposed?",1855
Act III,Scene IV,Gardener,"Depress'd he is already, and deposed",1856
Act III,Scene IV,Gardener,'Tis doubt he will be: letters came last night,1857
Act III,Scene IV,Gardener,"To a dear friend of the good Duke of York's,",1858
Act III,Scene IV,Gardener,That tell black tidings.,1859
Act III,Scene IV,Queen,"O, I am press'd to death through want of speaking!",1860
Act III,Scene IV,[stage direction],Coming forward,NA
Act III,Scene IV,Queen,"Thou, old Adam's likeness, set to dress this garden,",1861
Act III,Scene IV,Queen,How dares thy harsh rude tongue sound this unpleasing news?,1862
Act III,Scene IV,Queen,"What Eve, what serpent, hath suggested thee",1863
Act III,Scene IV,Queen,To make a second fall of cursed man?,1864
Act III,Scene IV,Queen,Why dost thou say King Richard is deposed?,1865
Act III,Scene IV,Queen,"Darest thou, thou little better thing than earth,",1866
Act III,Scene IV,Queen,"Divine his downfall? Say, where, when, and how,",1867
Act III,Scene IV,Queen,"Camest thou by this ill tidings? speak, thou wretch.",1868
Act III,Scene IV,Gardener,"Pardon me, madam: little joy have I",1869
Act III,Scene IV,Gardener,To breathe this news; yet what I say is true.,1870
Act III,Scene IV,Gardener,"King Richard, he is in the mighty hold",1871
Act III,Scene IV,Gardener,Of Bolingbroke: their fortunes both are weigh'd:,1872
Act III,Scene IV,Gardener,"In your lord's scale is nothing but himself,",1873
Act III,Scene IV,Gardener,And some few vanities that make him light;,1874
Act III,Scene IV,Gardener,"But in the balance of great Bolingbroke,",1875
Act III,Scene IV,Gardener,"Besides himself, are all the English peers,",1876
Act III,Scene IV,Gardener,And with that odds he weighs King Richard down.,1877
Act III,Scene IV,Gardener,"Post you to London, and you will find it so;",1878
Act III,Scene IV,Gardener,I speak no more than every one doth know.,1879
Act III,Scene IV,Queen,"Nimble mischance, that art so light of foot,",1880
Act III,Scene IV,Queen,"Doth not thy embassage belong to me,",1881
Act III,Scene IV,Queen,"And am I last that knows it? O, thou think'st",1882
Act III,Scene IV,Queen,"To serve me last, that I may longest keep",1883
Act III,Scene IV,Queen,"Thy sorrow in my breast. Come, ladies, go,",1884
Act III,Scene IV,Queen,To meet at London London's king in woe.,1885
Act III,Scene IV,Queen,"What, was I born to this, that my sad look",1886
Act III,Scene IV,Queen,Should grace the triumph of great Bolingbroke?,1887
Act III,Scene IV,Queen,"Gardener, for telling me these news of woe,",1888
Act III,Scene IV,Queen,Pray God the plants thou graft'st may never grow.,1889
Act III,Scene IV,[stage direction],Exeunt QUEEN and Ladies,NA
Act III,Scene IV,Gardener,"Poor queen! so that thy state might be no worse,",1890
Act III,Scene IV,Gardener,I would my skill were subject to thy curse.,1891
Act III,Scene IV,Gardener,Here did she fall a tear; here in this place,1892
Act III,Scene IV,Gardener,"I'll set a bank of rue, sour herb of grace:",1893
Act III,Scene IV,Gardener,"Rue, even for ruth, here shortly shall be seen,",1894
Act III,Scene IV,Gardener,In the remembrance of a weeping queen.,1895
Act III,Scene IV,[stage direction],Exeunt,NA
Act IV,Scene I,[stage direction],"Enter, as to the Parliament, HENRY BOLINGBROKE,  DUKE OF AUMERLE, NORTHUMBERLAND, HENRY PERCY, LORD  FITZWATER, DUKE OF SURREY, the BISHOP OF CARLISLE,  the Abbot Of Westminster, and another Lord, Herald, Officers, and BAGOT",NA
Act IV,Scene I,Henry Bolingbroke,Call forth Bagot.,1896
Act IV,Scene I,Henry Bolingbroke,"Now, Bagot, freely speak thy mind;",1897
Act IV,Scene I,Henry Bolingbroke,"What thou dost know of noble Gloucester's death,",1898
Act IV,Scene I,Henry Bolingbroke,"Who wrought it with the king, and who perform'd",1899
Act IV,Scene I,Henry Bolingbroke,The bloody office of his timeless end.,1900
Act IV,Scene I,Bagot,Then set before my face the Lord Aumerle.,1901
Act IV,Scene I,Henry Bolingbroke,"Cousin, stand forth, and look upon that man.",1902
Act IV,Scene I,Bagot,"My Lord Aumerle, I know your daring tongue",1903
Act IV,Scene I,Bagot,Scorns to unsay what once it hath deliver'd.,1904
Act IV,Scene I,Bagot,"In that dead time when Gloucester's death was plotted,",1905
Act IV,Scene I,Bagot,"I heard you say, 'Is not my arm of length,",1906
Act IV,Scene I,Bagot,That reacheth from the restful English court,1907
Act IV,Scene I,Bagot,"As far as Calais, to mine uncle's head?'",1908
Act IV,Scene I,Bagot,"Amongst much other talk, that very time,",1909
Act IV,Scene I,Bagot,I heard you say that you had rather refuse,1910
Act IV,Scene I,Bagot,The offer of an hundred thousand crowns,1911
Act IV,Scene I,Bagot,Than Bolingbroke's return to England;,1912
Act IV,Scene I,Bagot,Adding withal how blest this land would be,1913
Act IV,Scene I,Bagot,In this your cousin's death.,1914
Act IV,Scene I,Duke Of Aumerle,"Princes and noble lords,",1915
Act IV,Scene I,Duke Of Aumerle,What answer shall I make to this base man?,1916
Act IV,Scene I,Duke Of Aumerle,"Shall I so much dishonour my fair stars,",1917
Act IV,Scene I,Duke Of Aumerle,On equal terms to give him chastisement?,1918
Act IV,Scene I,Duke Of Aumerle,"Either I must, or have mine honour soil'd",1919
Act IV,Scene I,Duke Of Aumerle,With the attainder of his slanderous lips.,1920
Act IV,Scene I,Duke Of Aumerle,"There is my gage, the manual seal of death,",1921
Act IV,Scene I,Duke Of Aumerle,"That marks thee out for hell: I say, thou liest,",1922
Act IV,Scene I,Duke Of Aumerle,And will maintain what thou hast said is false,1923
Act IV,Scene I,Duke Of Aumerle,"In thy heart-blood, though being all too base",1924
Act IV,Scene I,Duke Of Aumerle,To stain the temper of my knightly sword.,1925
Act IV,Scene I,Henry Bolingbroke,"Bagot, forbear; thou shalt not take it up.",1926
Act IV,Scene I,Duke Of Aumerle,"Excepting one, I would he were the best",1927
Act IV,Scene I,Duke Of Aumerle,In all this presence that hath moved me so.,1928
Act IV,Scene I,Lord Fitzwater,"If that thy valour stand on sympathy,",1929
Act IV,Scene I,Lord Fitzwater,"There is my gage, Aumerle, in gage to thine:",1930
Act IV,Scene I,Lord Fitzwater,"By that fair sun which shows me where thou stand'st,",1931
Act IV,Scene I,Lord Fitzwater,"I heard thee say, and vauntingly thou spakest it",1932
Act IV,Scene I,Lord Fitzwater,That thou wert cause of noble Gloucester's death.,1933
Act IV,Scene I,Lord Fitzwater,"If thou deny'st it twenty times, thou liest;",1934
Act IV,Scene I,Lord Fitzwater,"And I will turn thy falsehood to thy heart,",1935
Act IV,Scene I,Lord Fitzwater,"Where it was forged, with my rapier's point.",1936
Act IV,Scene I,Duke Of Aumerle,"Thou darest not, coward, live to see that day.",1937
Act IV,Scene I,Lord Fitzwater,"Now by my soul, I would it were this hour.",1938
Act IV,Scene I,Duke Of Aumerle,"Fitzwater, thou art damn'd to hell for this.",1939
Act IV,Scene I,Henry Percy,"Aumerle, thou liest; his honour is as true",1940
Act IV,Scene I,Henry Percy,In this appeal as thou art all unjust;,1941
Act IV,Scene I,Henry Percy,"And that thou art so, there I throw my gage,",1942
Act IV,Scene I,Henry Percy,To prove it on thee to the extremest point,1943
Act IV,Scene I,Henry Percy,"Of mortal breathing: seize it, if thou darest.",1944
Act IV,Scene I,Duke Of Aumerle,"An if I do not, may my hands rot off",1945
Act IV,Scene I,Duke Of Aumerle,And never brandish more revengeful steel,1946
Act IV,Scene I,Duke Of Aumerle,Over the glittering helmet of my foe!,1947
Act IV,Scene I,Lord,"I task the earth to the like, forsworn Aumerle;",1948
Act IV,Scene I,Lord,And spur thee on with full as many lies,1949
Act IV,Scene I,Lord,As may be holloa'd in thy treacherous ear,1950
Act IV,Scene I,Lord,From sun to sun: there is my honour's pawn;,1951
Act IV,Scene I,Lord,"Engage it to the trial, if thou darest.",1952
Act IV,Scene I,Duke Of Aumerle,"Who sets me else? by heaven, I'll throw at all:",1953
Act IV,Scene I,Duke Of Aumerle,"I have a thousand spirits in one breast,",1954
Act IV,Scene I,Duke Of Aumerle,To answer twenty thousand such as you.,1955
Act IV,Scene I,Duke Of Surrey,"My Lord Fitzwater, I do remember well",1956
Act IV,Scene I,Duke Of Surrey,The very time Aumerle and you did talk.,1957
Act IV,Scene I,Lord Fitzwater,'Tis very true: you were in presence then;,1958
Act IV,Scene I,Lord Fitzwater,And you can witness with me this is true.,1959
Act IV,Scene I,Duke Of Surrey,"As false, by heaven, as heaven itself is true.",1960
Act IV,Scene I,Lord Fitzwater,"Surrey, thou liest.",1961
Act IV,Scene I,Duke Of Surrey,Dishonourable boy!,1962
Act IV,Scene I,Duke Of Surrey,"That lie shall lie so heavy on my sword,",1963
Act IV,Scene I,Duke Of Surrey,That it shall render vengeance and revenge,1964
Act IV,Scene I,Duke Of Surrey,Till thou the lie-giver and that lie do lie,1965
Act IV,Scene I,Duke Of Surrey,In earth as quiet as thy father's skull:,1966
Act IV,Scene I,Duke Of Surrey,"In proof whereof, there is my honour's pawn;",1967
Act IV,Scene I,Duke Of Surrey,"Engage it to the trial, if thou darest.",1968
Act IV,Scene I,Lord Fitzwater,How fondly dost thou spur a forward horse!,1969
Act IV,Scene I,Lord Fitzwater,"If I dare eat, or drink, or breathe, or live,",1970
Act IV,Scene I,Lord Fitzwater,"I dare meet Surrey in a wilderness,",1971
Act IV,Scene I,Lord Fitzwater,"And spit upon him, whilst I say he lies,",1972
Act IV,Scene I,Lord Fitzwater,"And lies, and lies: there is my bond of faith,",1973
Act IV,Scene I,Lord Fitzwater,To tie thee to my strong correction.,1974
Act IV,Scene I,Lord Fitzwater,"As I intend to thrive in this new world,",1975
Act IV,Scene I,Lord Fitzwater,Aumerle is guilty of my true appeal:,1976
Act IV,Scene I,Lord Fitzwater,"Besides, I heard the banish'd Norfolk say",1977
Act IV,Scene I,Lord Fitzwater,"That thou, Aumerle, didst send two of thy men",1978
Act IV,Scene I,Lord Fitzwater,To execute the noble duke at Calais.,1979
Act IV,Scene I,Duke Of Aumerle,Some honest Christian trust me with a gage,1980
Act IV,Scene I,Duke Of Aumerle,"That Norfolk lies: here do I throw down this,",1981
Act IV,Scene I,Duke Of Aumerle,"If he may be repeal'd, to try his honour.",1982
Act IV,Scene I,Henry Bolingbroke,These differences shall all rest under gage,1983
Act IV,Scene I,Henry Bolingbroke,"Till Norfolk be repeal'd: repeal'd he shall be,",1984
Act IV,Scene I,Henry Bolingbroke,"And, though mine enemy, restored again",1985
Act IV,Scene I,Henry Bolingbroke,"To all his lands and signories: when he's return'd,",1986
Act IV,Scene I,Henry Bolingbroke,Against Aumerle we will enforce his trial.,1987
Act IV,Scene I,Bishop Of Carlisle,That honourable day shall ne'er be seen.,1988
Act IV,Scene I,Bishop Of Carlisle,Many a time hath banish'd Norfolk fought,1989
Act IV,Scene I,Bishop Of Carlisle,"For Jesu Christ in glorious Christian field,",1990
Act IV,Scene I,Bishop Of Carlisle,Streaming the ensign of the Christian cross,1991
Act IV,Scene I,Bishop Of Carlisle,"Against black pagans, Turks, and Saracens:",1992
Act IV,Scene I,Bishop Of Carlisle,"And toil'd with works of war, retired himself",1993
Act IV,Scene I,Bishop Of Carlisle,To Italy; and there at Venice gave,1994
Act IV,Scene I,Bishop Of Carlisle,"His body to that pleasant country's earth,",1995
Act IV,Scene I,Bishop Of Carlisle,"And his pure soul unto his captain Christ,",1996
Act IV,Scene I,Bishop Of Carlisle,Under whose colours he had fought so long.,1997
Act IV,Scene I,Henry Bolingbroke,"Why, bishop, is Norfolk dead?",1998
Act IV,Scene I,Bishop Of Carlisle,"As surely as I live, my lord.",1999
Act IV,Scene I,Henry Bolingbroke,Sweet peace conduct his sweet soul to the bosom,2000
Act IV,Scene I,Henry Bolingbroke,"Of good old Abraham! Lords appellants,",2001
Act IV,Scene I,Henry Bolingbroke,Your differences shall all rest under gage,2002
Act IV,Scene I,Henry Bolingbroke,Till we assign you to your days of trial.,2003
Act IV,Scene I,[stage direction],"Enter DUKE OF YORK, attended",NA
Act IV,Scene I,Duke Of York,"Great Duke of Lancaster, I come to thee",2004
Act IV,Scene I,Duke Of York,From plume-pluck'd Richard; who with willing soul,2005
Act IV,Scene I,Duke Of York,"Adopts thee heir, and his high sceptre yields",2006
Act IV,Scene I,Duke Of York,To the possession of thy royal hand:,2007
Act IV,Scene I,Duke Of York,"Ascend his throne, descending now from him;",2008
Act IV,Scene I,Duke Of York,"And long live Henry, fourth of that name!",2009
Act IV,Scene I,Henry Bolingbroke,"In God's name, I'll ascend the regal throne.",2010
Act IV,Scene I,Bishop Of Carlisle,Marry. God forbid!,2011
Act IV,Scene I,Bishop Of Carlisle,"Worst in this royal presence may I speak,",2012
Act IV,Scene I,Bishop Of Carlisle,Yet best beseeming me to speak the truth.,2013
Act IV,Scene I,Bishop Of Carlisle,Would God that any in this noble presence,2014
Act IV,Scene I,Bishop Of Carlisle,Were enough noble to be upright judge,2015
Act IV,Scene I,Bishop Of Carlisle,Of noble Richard! then true noblesse would,2016
Act IV,Scene I,Bishop Of Carlisle,Learn him forbearance from so foul a wrong.,2017
Act IV,Scene I,Bishop Of Carlisle,What subject can give sentence on his king?,2018
Act IV,Scene I,Bishop Of Carlisle,And who sits here that is not Richard's subject?,2019
Act IV,Scene I,Bishop Of Carlisle,"Thieves are not judged but they are by to hear,",2020
Act IV,Scene I,Bishop Of Carlisle,Although apparent guilt be seen in them;,2021
Act IV,Scene I,Bishop Of Carlisle,"And shall the figure of God's majesty,",2022
Act IV,Scene I,Bishop Of Carlisle,"His captain, steward, deputy-elect,",2023
Act IV,Scene I,Bishop Of Carlisle,"Anointed, crowned, planted many years,",2024
Act IV,Scene I,Bishop Of Carlisle,"Be judged by subject and inferior breath,",2025
Act IV,Scene I,Bishop Of Carlisle,"And he himself not present? O, forfend it, God,",2026
Act IV,Scene I,Bishop Of Carlisle,That in a Christian climate souls refined,2027
Act IV,Scene I,Bishop Of Carlisle,"Should show so heinous, black, obscene a deed!",2028
Act IV,Scene I,Bishop Of Carlisle,"I speak to subjects, and a subject speaks,",2029
Act IV,Scene I,Bishop Of Carlisle,"Stirr'd up by God, thus boldly for his king:",2030
Act IV,Scene I,Bishop Of Carlisle,"My Lord of Hereford here, whom you call king,",2031
Act IV,Scene I,Bishop Of Carlisle,Is a foul traitor to proud Hereford's king:,2032
Act IV,Scene I,Bishop Of Carlisle,"And if you crown him, let me prophesy:",2033
Act IV,Scene I,Bishop Of Carlisle,"The blood of English shall manure the ground,",2034
Act IV,Scene I,Bishop Of Carlisle,And future ages groan for this foul act;,2035
Act IV,Scene I,Bishop Of Carlisle,"Peace shall go sleep with Turks and infidels,",2036
Act IV,Scene I,Bishop Of Carlisle,And in this seat of peace tumultuous wars,2037
Act IV,Scene I,Bishop Of Carlisle,Shall kin with kin and kind with kind confound;,2038
Act IV,Scene I,Bishop Of Carlisle,"Disorder, horror, fear and mutiny",2039
Act IV,Scene I,Bishop Of Carlisle,"Shall here inhabit, and this land be call'd",2040
Act IV,Scene I,Bishop Of Carlisle,The field of Golgotha and dead men's skulls.,2041
Act IV,Scene I,Bishop Of Carlisle,"O, if you raise this house against this house,",2042
Act IV,Scene I,Bishop Of Carlisle,It will the woefullest division prove,2043
Act IV,Scene I,Bishop Of Carlisle,That ever fell upon this cursed earth.,2044
Act IV,Scene I,Bishop Of Carlisle,"Prevent it, resist it, let it not be so,",2045
Act IV,Scene I,Bishop Of Carlisle,"Lest child, child's children, cry against you woe!",2046
Act IV,Scene I,Northumberland,"Well have you argued, sir; and, for your pains,",2047
Act IV,Scene I,Northumberland,Of capital treason we arrest you here.,2048
Act IV,Scene I,Northumberland,"My Lord of Westminster, be it your charge",2049
Act IV,Scene I,Northumberland,To keep him safely till his day of trial.,2050
Act IV,Scene I,Northumberland,"May it please you, lords, to grant the commons' suit.",2051
Act IV,Scene I,Henry Bolingbroke,"Fetch hither Richard, that in common view",2052
Act IV,Scene I,Henry Bolingbroke,He may surrender; so we shall proceed,2053
Act IV,Scene I,Henry Bolingbroke,Without suspicion.,2054
Act IV,Scene I,Duke Of York,I will be his conduct.,2055
Act IV,Scene I,[stage direction],Exit,NA
Act IV,Scene I,Henry Bolingbroke,"Lords, you that here are under our arrest,",2056
Act IV,Scene I,Henry Bolingbroke,Procure your sureties for your days of answer.,2057
Act IV,Scene I,Henry Bolingbroke,"Little are we beholding to your love,",2058
Act IV,Scene I,Henry Bolingbroke,And little look'd for at your helping hands.,2059
Act IV,Scene I,[stage direction],"Re-enter DUKE OF YORK, with KING RICHARD II, and Officers bearing the regalia",NA
Act IV,Scene I,King Richard Ii,"Alack, why am I sent for to a king,",2060
Act IV,Scene I,King Richard Ii,Before I have shook off the regal thoughts,2061
Act IV,Scene I,King Richard Ii,Wherewith I reign'd? I hardly yet have learn'd,2062
Act IV,Scene I,King Richard Ii,"To insinuate, flatter, bow, and bend my limbs:",2063
Act IV,Scene I,King Richard Ii,Give sorrow leave awhile to tutor me,2064
Act IV,Scene I,King Richard Ii,To this submission. Yet I well remember,2065
Act IV,Scene I,King Richard Ii,The favours of these men: were they not mine?,2066
Act IV,Scene I,King Richard Ii,"Did they not sometime cry, 'all hail!' to me?",2067
Act IV,Scene I,King Richard Ii,"So Judas did to Christ: but he, in twelve,",2068
Act IV,Scene I,King Richard Ii,"Found truth in all but one: I, in twelve thousand, none.",2069
Act IV,Scene I,King Richard Ii,God save the king! Will no man say amen?,2070
Act IV,Scene I,King Richard Ii,"Am I both priest and clerk? well then, amen.",2071
Act IV,Scene I,King Richard Ii,God save the king! although I be not he;,2072
Act IV,Scene I,King Richard Ii,"And yet, amen, if heaven do think him me.",2073
Act IV,Scene I,King Richard Ii,To do what service am I sent for hither?,2074
Act IV,Scene I,Duke Of York,To do that office of thine own good will,2075
Act IV,Scene I,Duke Of York,"Which tired majesty did make thee offer,",2076
Act IV,Scene I,Duke Of York,The resignation of thy state and crown,2077
Act IV,Scene I,Duke Of York,To Henry Bolingbroke.,2078
Act IV,Scene I,King Richard Ii,"Give me the crown. Here, cousin, seize the crown;",2079
Act IV,Scene I,King Richard Ii,Here cousin:,2080
Act IV,Scene I,King Richard Ii,"On this side my hand, and on that side yours.",2081
Act IV,Scene I,King Richard Ii,Now is this golden crown like a deep well,2082
Act IV,Scene I,King Richard Ii,"That owes two buckets, filling one another,",2083
Act IV,Scene I,King Richard Ii,"The emptier ever dancing in the air,",2084
Act IV,Scene I,King Richard Ii,"The other down, unseen and full of water:",2085
Act IV,Scene I,King Richard Ii,"That bucket down and full of tears am I,",2086
Act IV,Scene I,King Richard Ii,"Drinking my griefs, whilst you mount up on high.",2087
Act IV,Scene I,Henry Bolingbroke,I thought you had been willing to resign.,2088
Act IV,Scene I,King Richard Ii,My crown I am; but still my griefs are mine:,2089
Act IV,Scene I,King Richard Ii,"You may my glories and my state depose,",2090
Act IV,Scene I,King Richard Ii,But not my griefs; still am I king of those.,2091
Act IV,Scene I,Henry Bolingbroke,Part of your cares you give me with your crown.,2092
Act IV,Scene I,King Richard Ii,Your cares set up do not pluck my cares down.,2093
Act IV,Scene I,King Richard Ii,"My care is loss of care, by old care done;",2094
Act IV,Scene I,King Richard Ii,"Your care is gain of care, by new care won:",2095
Act IV,Scene I,King Richard Ii,"The cares I give I have, though given away;",2096
Act IV,Scene I,King Richard Ii,"They tend the crown, yet still with me they stay.",2097
Act IV,Scene I,Henry Bolingbroke,Are you contented to resign the crown?,2098
Act IV,Scene I,King Richard Ii,"Ay, no; no, ay; for I must nothing be;",2099
Act IV,Scene I,King Richard Ii,"Therefore no no, for I resign to thee.",2100
Act IV,Scene I,King Richard Ii,"Now mark me, how I will undo myself;",2101
Act IV,Scene I,King Richard Ii,I give this heavy weight from off my head,2102
Act IV,Scene I,King Richard Ii,"And this unwieldy sceptre from my hand,",2103
Act IV,Scene I,King Richard Ii,The pride of kingly sway from out my heart;,2104
Act IV,Scene I,King Richard Ii,"With mine own tears I wash away my balm,",2105
Act IV,Scene I,King Richard Ii,"With mine own hands I give away my crown,",2106
Act IV,Scene I,King Richard Ii,"With mine own tongue deny my sacred state,",2107
Act IV,Scene I,King Richard Ii,With mine own breath release all duty's rites:,2108
Act IV,Scene I,King Richard Ii,All pomp and majesty I do forswear;,2109
Act IV,Scene I,King Richard Ii,"My manors, rents, revenues I forego;",2110
Act IV,Scene I,King Richard Ii,"My acts, decrees, and statutes I deny:",2111
Act IV,Scene I,King Richard Ii,God pardon all oaths that are broke to me!,2112
Act IV,Scene I,King Richard Ii,God keep all vows unbroke that swear to thee!,2113
Act IV,Scene I,King Richard Ii,"Make me, that nothing have, with nothing grieved,",2114
Act IV,Scene I,King Richard Ii,"And thou with all pleased, that hast all achieved!",2115
Act IV,Scene I,King Richard Ii,"Long mayst thou live in Richard's seat to sit,",2116
Act IV,Scene I,King Richard Ii,And soon lie Richard in an earthly pit!,2117
Act IV,Scene I,King Richard Ii,"God save King Harry, unking'd Richard says,",2118
Act IV,Scene I,King Richard Ii,And send him many years of sunshine days!,2119
Act IV,Scene I,King Richard Ii,What more remains?,2120
Act IV,Scene I,Northumberland,"No more, but that you read",2121
Act IV,Scene I,Northumberland,These accusations and these grievous crimes,2122
Act IV,Scene I,Northumberland,Committed by your person and your followers,2123
Act IV,Scene I,Northumberland,Against the state and profit of this land;,2124
Act IV,Scene I,Northumberland,"That, by confessing them, the souls of men",2125
Act IV,Scene I,Northumberland,May deem that you are worthily deposed.,2126
Act IV,Scene I,King Richard Ii,Must I do so? and must I ravel out,2127
Act IV,Scene I,King Richard Ii,"My weaved-up folly? Gentle Northumberland,",2128
Act IV,Scene I,King Richard Ii,"If thy offences were upon record,",2129
Act IV,Scene I,King Richard Ii,Would it not shame thee in so fair a troop,2130
Act IV,Scene I,King Richard Ii,"To read a lecture of them? If thou wouldst,",2131
Act IV,Scene I,King Richard Ii,"There shouldst thou find one heinous article,",2132
Act IV,Scene I,King Richard Ii,Containing the deposing of a king,2133
Act IV,Scene I,King Richard Ii,"And cracking the strong warrant of an oath,",2134
Act IV,Scene I,King Richard Ii,"Mark'd with a blot, damn'd in the book of heaven:",2135
Act IV,Scene I,King Richard Ii,"Nay, all of you that stand and look upon,",2136
Act IV,Scene I,King Richard Ii,"Whilst that my wretchedness doth bait myself,",2137
Act IV,Scene I,King Richard Ii,Though some of you with Pilate wash your hands,2138
Act IV,Scene I,King Richard Ii,Showing an outward pity; yet you Pilates,2139
Act IV,Scene I,King Richard Ii,"Have here deliver'd me to my sour cross,",2140
Act IV,Scene I,King Richard Ii,And water cannot wash away your sin.,2141
Act IV,Scene I,Northumberland,"My lord, dispatch; read o'er these articles.",2142
Act IV,Scene I,King Richard Ii,"Mine eyes are full of tears, I cannot see:",2143
Act IV,Scene I,King Richard Ii,And yet salt water blinds them not so much,2144
Act IV,Scene I,King Richard Ii,But they can see a sort of traitors here.,2145
Act IV,Scene I,King Richard Ii,"Nay, if I turn mine eyes upon myself,",2146
Act IV,Scene I,King Richard Ii,I find myself a traitor with the rest;,2147
Act IV,Scene I,King Richard Ii,For I have given here my soul's consent,2148
Act IV,Scene I,King Richard Ii,To undeck the pompous body of a king;,2149
Act IV,Scene I,King Richard Ii,"Made glory base and sovereignty a slave,",2150
Act IV,Scene I,King Richard Ii,"Proud majesty a subject, state a peasant.",2151
Act IV,Scene I,Northumberland,"My lord,--",2152
Act IV,Scene I,King Richard Ii,"No lord of thine, thou haught insulting man,",2153
Act IV,Scene I,King Richard Ii,"Nor no man's lord; I have no name, no title,",2154
Act IV,Scene I,King Richard Ii,"No, not that name was given me at the font,",2155
Act IV,Scene I,King Richard Ii,"But 'tis usurp'd: alack the heavy day,",2156
Act IV,Scene I,King Richard Ii,"That I have worn so many winters out,",2157
Act IV,Scene I,King Richard Ii,And know not now what name to call myself!,2158
Act IV,Scene I,King Richard Ii,"O that I were a mockery king of snow,",2159
Act IV,Scene I,King Richard Ii,"Standing before the sun of Bolingbroke,",2160
Act IV,Scene I,King Richard Ii,To melt myself away in water-drops!,2161
Act IV,Scene I,King Richard Ii,"Good king, great king, and yet not greatly good,",2162
Act IV,Scene I,King Richard Ii,"An if my word be sterling yet in England,",2163
Act IV,Scene I,King Richard Ii,"Let it command a mirror hither straight,",2164
Act IV,Scene I,King Richard Ii,"That it may show me what a face I have,",2165
Act IV,Scene I,King Richard Ii,Since it is bankrupt of his majesty.,2166
Act IV,Scene I,Henry Bolingbroke,Go some of you and fetch a looking-glass.,2167
Act IV,Scene I,[stage direction],Exit an attendant,NA
Act IV,Scene I,Northumberland,Read o'er this paper while the glass doth come.,2168
Act IV,Scene I,King Richard Ii,"Fiend, thou torment'st me ere I come to hell!",2169
Act IV,Scene I,Henry Bolingbroke,"Urge it no more, my Lord Northumberland.",2170
Act IV,Scene I,Northumberland,The commons will not then be satisfied.,2171
Act IV,Scene I,King Richard Ii,"They shall be satisfied: I'll read enough,",2172
Act IV,Scene I,King Richard Ii,When I do see the very book indeed,2173
Act IV,Scene I,King Richard Ii,"Where all my sins are writ, and that's myself.",2174
Act IV,Scene I,[stage direction],"Re-enter Attendant, with a glass",NA
Act IV,Scene I,King Richard Ii,"Give me the glass, and therein will I read.",2175
Act IV,Scene I,King Richard Ii,No deeper wrinkles yet? hath sorrow struck,2176
Act IV,Scene I,King Richard Ii,"So many blows upon this face of mine,",2177
Act IV,Scene I,King Richard Ii,"And made no deeper wounds? O flattering glass,",2178
Act IV,Scene I,King Richard Ii,"Like to my followers in prosperity,",2179
Act IV,Scene I,King Richard Ii,Thou dost beguile me! Was this face the face,2180
Act IV,Scene I,King Richard Ii,That every day under his household roof,2181
Act IV,Scene I,King Richard Ii,Did keep ten thousand men? was this the face,2182
Act IV,Scene I,King Richard Ii,"That, like the sun, did make beholders wink?",2183
Act IV,Scene I,King Richard Ii,"Was this the face that faced so many follies,",2184
Act IV,Scene I,King Richard Ii,And was at last out-faced by Bolingbroke?,2185
Act IV,Scene I,King Richard Ii,A brittle glory shineth in this face:,2186
Act IV,Scene I,King Richard Ii,As brittle as the glory is the face;,2187
Act IV,Scene I,[stage direction],Dashes the glass against the ground,NA
Act IV,Scene I,King Richard Ii,"For there it is, crack'd in a hundred shivers.",2188
Act IV,Scene I,King Richard Ii,"Mark, silent king, the moral of this sport,",2189
Act IV,Scene I,King Richard Ii,How soon my sorrow hath destroy'd my face.,2190
Act IV,Scene I,Henry Bolingbroke,The shadow of your sorrow hath destroy'd,2191
Act IV,Scene I,Henry Bolingbroke,The shadow or your face.,2192
Act IV,Scene I,King Richard Ii,Say that again.,2193
Act IV,Scene I,King Richard Ii,The shadow of my sorrow! ha! let's see:,2194
Act IV,Scene I,King Richard Ii,"'Tis very true, my grief lies all within;",2195
Act IV,Scene I,King Richard Ii,And these external manners of laments,2196
Act IV,Scene I,King Richard Ii,Are merely shadows to the unseen grief,2197
Act IV,Scene I,King Richard Ii,That swells with silence in the tortured soul;,2198
Act IV,Scene I,King Richard Ii,"There lies the substance: and I thank thee, king,",2199
Act IV,Scene I,King Richard Ii,"For thy great bounty, that not only givest",2200
Act IV,Scene I,King Richard Ii,Me cause to wail but teachest me the way,2201
Act IV,Scene I,King Richard Ii,"How to lament the cause. I'll beg one boon,",2202
Act IV,Scene I,King Richard Ii,And then be gone and trouble you no more.,2203
Act IV,Scene I,King Richard Ii,Shall I obtain it?,2204
Act IV,Scene I,Henry Bolingbroke,"Name it, fair cousin.",2205
Act IV,Scene I,King Richard Ii,'Fair cousin'? I am greater than a king:,2206
Act IV,Scene I,King Richard Ii,"For when I was a king, my flatterers",2207
Act IV,Scene I,King Richard Ii,"Were then but subjects; being now a subject,",2208
Act IV,Scene I,King Richard Ii,I have a king here to my flatterer.,2209
Act IV,Scene I,King Richard Ii,"Being so great, I have no need to beg.",2210
Act IV,Scene I,Henry Bolingbroke,Yet ask.,2211
Act IV,Scene I,King Richard Ii,And shall I have?,2212
Act IV,Scene I,Henry Bolingbroke,You shall.,2213
Act IV,Scene I,King Richard Ii,Then give me leave to go.,2214
Act IV,Scene I,Henry Bolingbroke,Whither?,2215
Act IV,Scene I,King Richard Ii,"Whither you will, so I were from your sights.",2216
Act IV,Scene I,Henry Bolingbroke,"Go, some of you convey him to the Tower.",2217
Act IV,Scene I,King Richard Ii,"O, good! convey? conveyers are you all,",2218
Act IV,Scene I,King Richard Ii,That rise thus nimbly by a true king's fall.,2219
Act IV,Scene I,[stage direction],"Exeunt KING RICHARD II, some Lords, and a Guard",NA
Act IV,Scene I,Henry Bolingbroke,On Wednesday next we solemnly set down,2220
Act IV,Scene I,Henry Bolingbroke,"Our coronation: lords, prepare yourselves.",2221
Act IV,Scene I,[stage direction],"Exeunt all except the BISHOP OF CARLISLE, the Abbot of Westminster, and DUKE OF AUMERLE",NA
Act IV,Scene I,Abbot,A woeful pageant have we here beheld.,2222
Act IV,Scene I,Bishop Of Carlisle,The woe's to come; the children yet unborn.,2223
Act IV,Scene I,Bishop Of Carlisle,Shall feel this day as sharp to them as thorn.,2224
Act IV,Scene I,Duke Of Aumerle,"You holy clergymen, is there no plot",2225
Act IV,Scene I,Duke Of Aumerle,To rid the realm of this pernicious blot?,2226
Act IV,Scene I,Abbot,"My lord,",2227
Act IV,Scene I,Abbot,"Before I freely speak my mind herein,",2228
Act IV,Scene I,Abbot,You shall not only take the sacrament,2229
Act IV,Scene I,Abbot,"To bury mine intents, but also to effect",2230
Act IV,Scene I,Abbot,Whatever I shall happen to devise.,2231
Act IV,Scene I,Abbot,"I see your brows are full of discontent,",2232
Act IV,Scene I,Abbot,Your hearts of sorrow and your eyes of tears:,2233
Act IV,Scene I,Abbot,Come home with me to supper; and I'll lay,2234
Act IV,Scene I,Abbot,A plot shall show us all a merry day.,2235
Act IV,Scene I,[stage direction],Exeunt,NA
Act V,Scene I,[stage direction],Enter QUEEN and Ladies,NA
Act V,Scene I,Queen,This way the king will come; this is the way,2236
Act V,Scene I,Queen,"To Julius Caesar's ill-erected tower,",2237
Act V,Scene I,Queen,To whose flint bosom my condemned lord,2238
Act V,Scene I,Queen,Is doom'd a prisoner by proud Bolingbroke:,2239
Act V,Scene I,Queen,"Here let us rest, if this rebellious earth",2240
Act V,Scene I,Queen,Have any resting for her true king's queen.,2241
Act V,Scene I,[stage direction],Enter KING RICHARD II and Guard,NA
Act V,Scene I,Queen,"But soft, but see, or rather do not see,",2242
Act V,Scene I,Queen,"My fair rose wither: yet look up, behold,",2243
Act V,Scene I,Queen,"That you in pity may dissolve to dew,",2244
Act V,Scene I,Queen,And wash him fresh again with true-love tears.,2245
Act V,Scene I,Queen,"Ah, thou, the model where old Troy did stand,",2246
Act V,Scene I,Queen,"Thou map of honour, thou King Richard's tomb,",2247
Act V,Scene I,Queen,"And not King Richard; thou most beauteous inn,",2248
Act V,Scene I,Queen,"Why should hard-favour'd grief be lodged in thee,",2249
Act V,Scene I,Queen,When triumph is become an alehouse guest?,2250
Act V,Scene I,King Richard Ii,"Join not with grief, fair woman, do not so,",2251
Act V,Scene I,King Richard Ii,"To make my end too sudden: learn, good soul,",2252
Act V,Scene I,King Richard Ii,To think our former state a happy dream;,2253
Act V,Scene I,King Richard Ii,"From which awaked, the truth of what we are",2254
Act V,Scene I,King Richard Ii,"Shows us but this: I am sworn brother, sweet,",2255
Act V,Scene I,King Richard Ii,"To grim Necessity, and he and I",2256
Act V,Scene I,King Richard Ii,Will keep a league till death. Hie thee to France,2257
Act V,Scene I,King Richard Ii,And cloister thee in some religious house:,2258
Act V,Scene I,King Richard Ii,"Our holy lives must win a new world's crown,",2259
Act V,Scene I,King Richard Ii,Which our profane hours here have stricken down.,2260
Act V,Scene I,Queen,"What, is my Richard both in shape and mind",2261
Act V,Scene I,Queen,Transform'd and weaken'd? hath Bolingbroke deposed,2262
Act V,Scene I,Queen,Thine intellect? hath he been in thy heart?,2263
Act V,Scene I,Queen,"The lion dying thrusteth forth his paw,",2264
Act V,Scene I,Queen,"And wounds the earth, if nothing else, with rage",2265
Act V,Scene I,Queen,"To be o'erpower'd; and wilt thou, pupil-like,",2266
Act V,Scene I,Queen,"Take thy correction mildly, kiss the rod,",2267
Act V,Scene I,Queen,"And fawn on rage with base humility,",2268
Act V,Scene I,Queen,Which art a lion and a king of beasts?,2269
Act V,Scene I,King Richard Ii,"A king of beasts, indeed; if aught but beasts,",2270
Act V,Scene I,King Richard Ii,I had been still a happy king of men.,2271
Act V,Scene I,King Richard Ii,"Good sometime queen, prepare thee hence for France:",2272
Act V,Scene I,King Richard Ii,"Think I am dead and that even here thou takest,",2273
Act V,Scene I,King Richard Ii,"As from my death-bed, thy last living leave.",2274
Act V,Scene I,King Richard Ii,In winter's tedious nights sit by the fire,2275
Act V,Scene I,King Richard Ii,With good old folks and let them tell thee tales,2276
Act V,Scene I,King Richard Ii,Of woeful ages long ago betid;,2277
Act V,Scene I,King Richard Ii,"And ere thou bid good night, to quit their griefs,",2278
Act V,Scene I,King Richard Ii,Tell thou the lamentable tale of me,2279
Act V,Scene I,King Richard Ii,And send the hearers weeping to their beds:,2280
Act V,Scene I,King Richard Ii,"For why, the senseless brands will sympathize",2281
Act V,Scene I,King Richard Ii,The heavy accent of thy moving tongue,2282
Act V,Scene I,King Richard Ii,And in compassion weep the fire out;,2283
Act V,Scene I,King Richard Ii,"And some will mourn in ashes, some coal-black,",2284
Act V,Scene I,King Richard Ii,For the deposing of a rightful king.,2285
Act V,Scene I,[stage direction],Enter NORTHUMBERLAND and others,NA
Act V,Scene I,Northumberland,"My lord, the mind of Bolingbroke is changed:",2286
Act V,Scene I,Northumberland,"You must to Pomfret, not unto the Tower.",2287
Act V,Scene I,Northumberland,"And, madam, there is order ta'en for you;",2288
Act V,Scene I,Northumberland,With all swift speed you must away to France.,2289
Act V,Scene I,King Richard Ii,"Northumberland, thou ladder wherewithal",2290
Act V,Scene I,King Richard Ii,"The mounting Bolingbroke ascends my throne,",2291
Act V,Scene I,King Richard Ii,The time shall not be many hours of age,2292
Act V,Scene I,King Richard Ii,More than it is ere foul sin gathering head,2293
Act V,Scene I,King Richard Ii,"Shalt break into corruption: thou shalt think,",2294
Act V,Scene I,King Richard Ii,"Though he divide the realm and give thee half,",2295
Act V,Scene I,King Richard Ii,"It is too little, helping him to all;",2296
Act V,Scene I,King Richard Ii,"And he shall think that thou, which know'st the way",2297
Act V,Scene I,King Richard Ii,"To plant unrightful kings, wilt know again,",2298
Act V,Scene I,King Richard Ii,"Being ne'er so little urged, another way",2299
Act V,Scene I,King Richard Ii,To pluck him headlong from the usurped throne.,2300
Act V,Scene I,King Richard Ii,The love of wicked men converts to fear;,2301
Act V,Scene I,King Richard Ii,"That fear to hate, and hate turns one or both",2302
Act V,Scene I,King Richard Ii,To worthy danger and deserved death.,2303
Act V,Scene I,Northumberland,"My guilt be on my head, and there an end.",2304
Act V,Scene I,Northumberland,Take leave and part; for you must part forthwith.,2305
Act V,Scene I,King Richard Ii,"Doubly divorced! Bad men, you violate",2306
Act V,Scene I,King Richard Ii,"A twofold marriage, 'twixt my crown and me,",2307
Act V,Scene I,King Richard Ii,And then betwixt me and my married wife.,2308
Act V,Scene I,King Richard Ii,Let me unkiss the oath 'twixt thee and me;,2309
Act V,Scene I,King Richard Ii,"And yet not so, for with a kiss 'twas made.",2310
Act V,Scene I,King Richard Ii,"Part us, Northumberland; I toward the north,",2311
Act V,Scene I,King Richard Ii,Where shivering cold and sickness pines the clime;,2312
Act V,Scene I,King Richard Ii,"My wife to France: from whence, set forth in pomp,",2313
Act V,Scene I,King Richard Ii,"She came adorned hither like sweet May,",2314
Act V,Scene I,King Richard Ii,Sent back like Hallowmas or short'st of day.,2315
Act V,Scene I,Queen,And must we be divided? must we part?,2316
Act V,Scene I,King Richard Ii,"Ay, hand from hand, my love, and heart from heart.",2317
Act V,Scene I,Queen,Banish us both and send the king with me.,2318
Act V,Scene I,Northumberland,That were some love but little policy.,2319
Act V,Scene I,Queen,"Then whither he goes, thither let me go.",2320
Act V,Scene I,King Richard Ii,"So two, together weeping, make one woe.",2321
Act V,Scene I,King Richard Ii,"Weep thou for me in France, I for thee here;",2322
Act V,Scene I,King Richard Ii,"Better far off than near, be ne'er the near.",2323
Act V,Scene I,King Richard Ii,"Go, count thy way with sighs; I mine with groans.",2324
Act V,Scene I,Queen,So longest way shall have the longest moans.,2325
Act V,Scene I,King Richard Ii,"Twice for one step I'll groan, the way being short,",2326
Act V,Scene I,King Richard Ii,And piece the way out with a heavy heart.,2327
Act V,Scene I,King Richard Ii,"Come, come, in wooing sorrow let's be brief,",2328
Act V,Scene I,King Richard Ii,"Since, wedding it, there is such length in grief;",2329
Act V,Scene I,King Richard Ii,"One kiss shall stop our mouths, and dumbly part;",2330
Act V,Scene I,King Richard Ii,"Thus give I mine, and thus take I thy heart.",2331
Act V,Scene I,Queen,Give me mine own again; 'twere no good part,2332
Act V,Scene I,Queen,To take on me to keep and kill thy heart.,2333
Act V,Scene I,Queen,"So, now I have mine own again, be gone,",2334
Act V,Scene I,Queen,That I might strive to kill it with a groan.,2335
Act V,Scene I,King Richard Ii,We make woe wanton with this fond delay:,2336
Act V,Scene I,King Richard Ii,"Once more, adieu; the rest let sorrow say.",2337
Act V,Scene I,[stage direction],Exeunt,NA
Act V,Scene II,[stage direction],Enter DUKE OF YORK and DUCHESS OF YORK,NA
Act V,Scene II,Duchess Of York,"My lord, you told me you would tell the rest,",2338
Act V,Scene II,Duchess Of York,"When weeping made you break the story off,",2339
Act V,Scene II,Duchess Of York,of our two cousins coming into London.,2340
Act V,Scene II,Duke Of York,Where did I leave?,2341
Act V,Scene II,Duchess Of York,"At that sad stop, my lord,",2342
Act V,Scene II,Duchess Of York,Where rude misgovern'd hands from windows' tops,2343
Act V,Scene II,Duchess Of York,Threw dust and rubbish on King Richard's head.,2344
Act V,Scene II,Duke Of York,"Then, as I said, the duke, great Bolingbroke,",2345
Act V,Scene II,Duke Of York,Mounted upon a hot and fiery steed,2346
Act V,Scene II,Duke Of York,"Which his aspiring rider seem'd to know,",2347
Act V,Scene II,Duke Of York,"With slow but stately pace kept on his course,",2348
Act V,Scene II,Duke Of York,"Whilst all tongues cried 'God save thee,",2349
Act V,Scene II,Duke Of York,Bolingbroke!',2350
Act V,Scene II,Duke Of York,"You would have thought the very windows spake,",2351
Act V,Scene II,Duke Of York,So many greedy looks of young and old,2352
Act V,Scene II,Duke Of York,Through casements darted their desiring eyes,2353
Act V,Scene II,Duke Of York,"Upon his visage, and that all the walls",2354
Act V,Scene II,Duke Of York,With painted imagery had said at once,2355
Act V,Scene II,Duke Of York,"'Jesu preserve thee! welcome, Bolingbroke!'",2356
Act V,Scene II,Duke Of York,"Whilst he, from the one side to the other turning,",2357
Act V,Scene II,Duke Of York,"Bareheaded, lower than his proud steed's neck,",2358
Act V,Scene II,Duke Of York,"Bespake them thus: 'I thank you, countrymen:'",2359
Act V,Scene II,Duke Of York,"And thus still doing, thus he pass'd along.",2360
Act V,Scene II,Duchess Of York,"Alack, poor Richard! where rode he the whilst?",2361
Act V,Scene II,Duke Of York,"As in a theatre, the eyes of men,",2362
Act V,Scene II,Duke Of York,"After a well-graced actor leaves the stage,",2363
Act V,Scene II,Duke Of York,"Are idly bent on him that enters next,",2364
Act V,Scene II,Duke Of York,Thinking his prattle to be tedious;,2365
Act V,Scene II,Duke Of York,"Even so, or with much more contempt, men's eyes",2366
Act V,Scene II,Duke Of York,Did scowl on gentle Richard; no man cried 'God save him!',2367
Act V,Scene II,Duke Of York,No joyful tongue gave him his welcome home:,2368
Act V,Scene II,Duke Of York,But dust was thrown upon his sacred head:,2369
Act V,Scene II,Duke Of York,"Which with such gentle sorrow he shook off,",2370
Act V,Scene II,Duke Of York,"His face still combating with tears and smiles,",2371
Act V,Scene II,Duke Of York,"The badges of his grief and patience,",2372
Act V,Scene II,Duke Of York,"That had not God, for some strong purpose, steel'd",2373
Act V,Scene II,Duke Of York,"The hearts of men, they must perforce have melted",2374
Act V,Scene II,Duke Of York,And barbarism itself have pitied him.,2375
Act V,Scene II,Duke Of York,"But heaven hath a hand in these events,",2376
Act V,Scene II,Duke Of York,To whose high will we bound our calm contents.,2377
Act V,Scene II,Duke Of York,"To Bolingbroke are we sworn subjects now,",2378
Act V,Scene II,Duke Of York,Whose state and honour I for aye allow.,2379
Act V,Scene II,Duchess Of York,Here comes my son Aumerle.,2380
Act V,Scene II,Duke Of York,Aumerle that was;,2381
Act V,Scene II,Duke Of York,"But that is lost for being Richard's friend,",2382
Act V,Scene II,Duke Of York,"And, madam, you must call him Rutland now:",2383
Act V,Scene II,Duke Of York,I am in parliament pledge for his truth,2384
Act V,Scene II,Duke Of York,And lasting fealty to the new-made king.,2385
Act V,Scene II,[stage direction],Enter DUKE OF AUMERLE,NA
Act V,Scene II,Duchess Of York,"Welcome, my son: who are the violets now",2386
Act V,Scene II,Duchess Of York,That strew the green lap of the new come spring?,2387
Act V,Scene II,Duke Of Aumerle,"Madam, I know not, nor I greatly care not:",2388
Act V,Scene II,Duke Of Aumerle,God knows I had as lief be none as one.,2389
Act V,Scene II,Duke Of York,"Well, bear you well in this new spring of time,",2390
Act V,Scene II,Duke Of York,Lest you be cropp'd before you come to prime.,2391
Act V,Scene II,Duke Of York,What news from Oxford? hold those justs and triumphs?,2392
Act V,Scene II,Duke Of Aumerle,"For aught I know, my lord, they do.",2393
Act V,Scene II,Duke Of York,"You will be there, I know.",2394
Act V,Scene II,Duke Of Aumerle,"If God prevent not, I purpose so.",2395
Act V,Scene II,Duke Of York,"What seal is that, that hangs without thy bosom?",2396
Act V,Scene II,Duke Of York,"Yea, look'st thou pale? let me see the writing.",2397
Act V,Scene II,Duke Of Aumerle,"My lord, 'tis nothing.",2398
Act V,Scene II,Duke Of York,"No matter, then, who see it;",2399
Act V,Scene II,Duke Of York,I will be satisfied; let me see the writing.,2400
Act V,Scene II,Duke Of Aumerle,I do beseech your grace to pardon me:,2401
Act V,Scene II,Duke Of Aumerle,"It is a matter of small consequence,",2402
Act V,Scene II,Duke Of Aumerle,Which for some reasons I would not have seen.,2403
Act V,Scene II,Duke Of York,"Which for some reasons, sir, I mean to see.",2404
Act V,Scene II,Duke Of York,"I fear, I fear,--",2405
Act V,Scene II,Duchess Of York,What should you fear?,2406
Act V,Scene II,Duchess Of York,"'Tis nothing but some bond, that he is enter'd into",2407
Act V,Scene II,Duchess Of York,For gay apparel 'gainst the triumph day.,2408
Act V,Scene II,Duke Of York,Bound to himself! what doth he with a bond,2409
Act V,Scene II,Duke Of York,"That he is bound to? Wife, thou art a fool.",2410
Act V,Scene II,Duke Of York,"Boy, let me see the writing.",2411
Act V,Scene II,Duke Of Aumerle,"I do beseech you, pardon me; I may not show it.",2412
Act V,Scene II,Duke Of York,"I will be satisfied; let me see it, I say.",2413
Act V,Scene II,[stage direction],He plucks it out of his bosom and reads it,NA
Act V,Scene II,Duke Of York,Treason! foul treason! Villain! traitor! slave!,2414
Act V,Scene II,Duchess Of York,"What is the matter, my lord?",2415
Act V,Scene II,Duke Of York,Ho! who is within there?,2416
Act V,Scene II,[stage direction],Enter a Servant,NA
Act V,Scene II,Duke Of York,Saddle my horse.,2417
Act V,Scene II,Duke Of York,"God for his mercy, what treachery is here!",2418
Act V,Scene II,Duchess Of York,"Why, what is it, my lord?",2419
Act V,Scene II,Duke Of York,"Give me my boots, I say; saddle my horse.",2420
Act V,Scene II,Duke Of York,"Now, by mine honour, by my life, by my troth,",2421
Act V,Scene II,Duke Of York,I will appeach the villain.,2422
Act V,Scene II,Duchess Of York,What is the matter?,2423
Act V,Scene II,Duke Of York,"Peace, foolish woman.",2424
Act V,Scene II,Duchess Of York,"I will not peace. What is the matter, Aumerle.",2425
Act V,Scene II,Duke Of Aumerle,"Good mother, be content; it is no more",2426
Act V,Scene II,Duke Of Aumerle,Than my poor life must answer.,2427
Act V,Scene II,Duchess Of York,Thy life answer!,2428
Act V,Scene II,Duke Of York,Bring me my boots: I will unto the king.,2429
Act V,Scene II,[stage direction],Re-enter Servant with boots,NA
Act V,Scene II,Duchess Of York,"Strike him, Aumerle. Poor boy, thou art amazed.",2430
Act V,Scene II,Duchess Of York,"Hence, villain! never more come in my sight.",2431
Act V,Scene II,Duke Of York,"Give me my boots, I say.",2432
Act V,Scene II,Duchess Of York,"Why, York, what wilt thou do?",2433
Act V,Scene II,Duchess Of York,Wilt thou not hide the trespass of thine own?,2434
Act V,Scene II,Duchess Of York,Have we more sons? or are we like to have?,2435
Act V,Scene II,Duchess Of York,Is not my teeming date drunk up with time?,2436
Act V,Scene II,Duchess Of York,"And wilt thou pluck my fair son from mine age,",2437
Act V,Scene II,Duchess Of York,And rob me of a happy mother's name?,2438
Act V,Scene II,Duchess Of York,Is he not like thee? is he not thine own?,2439
Act V,Scene II,Duke Of York,"Thou fond mad woman,",2440
Act V,Scene II,Duke Of York,Wilt thou conceal this dark conspiracy?,2441
Act V,Scene II,Duke Of York,"A dozen of them here have ta'en the sacrament,",2442
Act V,Scene II,Duke Of York,"And interchangeably set down their hands,",2443
Act V,Scene II,Duke Of York,To kill the king at Oxford.,2444
Act V,Scene II,Duchess Of York,He shall be none;,2445
Act V,Scene II,Duchess Of York,We'll keep him here: then what is that to him?,2446
Act V,Scene II,Duke Of York,"Away, fond woman! were he twenty times my son,",2447
Act V,Scene II,Duke Of York,I would appeach him.,2448
Act V,Scene II,Duchess Of York,Hadst thou groan'd for him,2449
Act V,Scene II,Duchess Of York,"As I have done, thou wouldst be more pitiful.",2450
Act V,Scene II,Duchess Of York,But now I know thy mind; thou dost suspect,2451
Act V,Scene II,Duchess Of York,"That I have been disloyal to thy bed,",2452
Act V,Scene II,Duchess Of York,"And that he is a bastard, not thy son:",2453
Act V,Scene II,Duchess Of York,"Sweet York, sweet husband, be not of that mind:",2454
Act V,Scene II,Duchess Of York,"He is as like thee as a man may be,",2455
Act V,Scene II,Duchess Of York,"Not like to me, or any of my kin,",2456
Act V,Scene II,Duchess Of York,And yet I love him.,2457
Act V,Scene II,Duke Of York,"Make way, unruly woman!",2458
Act V,Scene II,[stage direction],Exit,NA
Act V,Scene II,Duchess Of York,"After, Aumerle! mount thee upon his horse;",2459
Act V,Scene II,Duchess Of York,"Spur post, and get before him to the king,",2460
Act V,Scene II,Duchess Of York,And beg thy pardon ere he do accuse thee.,2461
Act V,Scene II,Duchess Of York,"I'll not be long behind; though I be old,",2462
Act V,Scene II,Duchess Of York,I doubt not but to ride as fast as York:,2463
Act V,Scene II,Duchess Of York,And never will I rise up from the ground,2464
Act V,Scene II,Duchess Of York,"Till Bolingbroke have pardon'd thee. Away, be gone!",2465
Act V,Scene II,[stage direction],Exeunt,NA
Act V,Scene III,[stage direction],"Enter HENRY BOLINGBROKE, HENRY PERCY, and other Lords",NA
Act V,Scene III,Henry Bolingbroke,Can no man tell me of my unthrifty son?,2466
Act V,Scene III,Henry Bolingbroke,'Tis full three months since I did see him last;,2467
Act V,Scene III,Henry Bolingbroke,"If any plague hang over us, 'tis he.",2468
Act V,Scene III,Henry Bolingbroke,"I would to God, my lords, he might be found:",2469
Act V,Scene III,Henry Bolingbroke,"Inquire at London, 'mongst the taverns there,",2470
Act V,Scene III,Henry Bolingbroke,"For there, they say, he daily doth frequent,",2471
Act V,Scene III,Henry Bolingbroke,"With unrestrained loose companions,",2472
Act V,Scene III,Henry Bolingbroke,"Even such, they say, as stand in narrow lanes,",2473
Act V,Scene III,Henry Bolingbroke,"And beat our watch, and rob our passengers;",2474
Act V,Scene III,Henry Bolingbroke,"Which he, young wanton and effeminate boy,",2475
Act V,Scene III,Henry Bolingbroke,Takes on the point of honour to support,2476
Act V,Scene III,Henry Bolingbroke,So dissolute a crew.,2477
Act V,Scene III,Henry Percy,"My lord, some two days since I saw the prince,",2478
Act V,Scene III,Henry Percy,And told him of those triumphs held at Oxford.,2479
Act V,Scene III,Henry Bolingbroke,And what said the gallant?,2480
Act V,Scene III,Henry Percy,"His answer was, he would unto the stews,",2481
Act V,Scene III,Henry Percy,"And from the common'st creature pluck a glove,",2482
Act V,Scene III,Henry Percy,And wear it as a favour; and with that,2483
Act V,Scene III,Henry Percy,He would unhorse the lustiest challenger.,2484
Act V,Scene III,Henry Bolingbroke,As dissolute as desperate; yet through both,2485
Act V,Scene III,Henry Bolingbroke,"I see some sparks of better hope, which elder years",2486
Act V,Scene III,Henry Bolingbroke,May happily bring forth. But who comes here?,2487
Act V,Scene III,[stage direction],Enter DUKE OF AUMERLE,NA
Act V,Scene III,Duke Of Aumerle,Where is the king?,2488
Act V,Scene III,Henry Bolingbroke,"What means our cousin, that he stares and looks",2489
Act V,Scene III,Henry Bolingbroke,So wildly?,2490
Act V,Scene III,Duke Of Aumerle,"God save your grace! I do beseech your majesty,",2491
Act V,Scene III,Duke Of Aumerle,To have some conference with your grace alone.,2492
Act V,Scene III,Henry Bolingbroke,"Withdraw yourselves, and leave us here alone.",2493
Act V,Scene III,[stage direction],Exeunt HENRY PERCY and Lords,NA
Act V,Scene III,Henry Bolingbroke,What is the matter with our cousin now?,2494
Act V,Scene III,Duke Of Aumerle,"For ever may my knees grow to the earth,",2495
Act V,Scene III,Duke Of Aumerle,My tongue cleave to my roof within my mouth,2496
Act V,Scene III,Duke Of Aumerle,Unless a pardon ere I rise or speak.,2497
Act V,Scene III,Henry Bolingbroke,Intended or committed was this fault?,2498
Act V,Scene III,Henry Bolingbroke,"If on the first, how heinous e'er it be,",2499
Act V,Scene III,Henry Bolingbroke,To win thy after-love I pardon thee.,2500
Act V,Scene III,Duke Of Aumerle,"Then give me leave that I may turn the key,",2501
Act V,Scene III,Duke Of Aumerle,That no man enter till my tale be done.,2502
Act V,Scene III,Henry Bolingbroke,Have thy desire.,2503
Act V,Scene III,Duke Of York,"[Within]  My liege, beware; look to thyself;",2504
Act V,Scene III,Duke Of York,Thou hast a traitor in thy presence there.,2505
Act V,Scene III,Henry Bolingbroke,"Villain, I'll make thee safe.",2506
Act V,Scene III,[stage direction],Drawing,NA
Act V,Scene III,Duke Of Aumerle,Stay thy revengeful hand; thou hast no cause to fear.,2507
Act V,Scene III,Duke Of York,"[Within]  Open the door, secure, foolhardy king:",2508
Act V,Scene III,Duke Of York,Shall I for love speak treason to thy face?,2509
Act V,Scene III,Duke Of York,"Open the door, or I will break it open.",2510
Act V,Scene III,[stage direction],Enter DUKE OF YORK,NA
Act V,Scene III,Henry Bolingbroke,"What is the matter, uncle? speak;",2511
Act V,Scene III,Henry Bolingbroke,"Recover breath; tell us how near is danger,",2512
Act V,Scene III,Henry Bolingbroke,That we may arm us to encounter it.,2513
Act V,Scene III,Duke Of York,"Peruse this writing here, and thou shalt know",2514
Act V,Scene III,Duke Of York,The treason that my haste forbids me show.,2515
Act V,Scene III,Duke Of Aumerle,"Remember, as thou read'st, thy promise pass'd:",2516
Act V,Scene III,Duke Of Aumerle,I do repent me; read not my name there,2517
Act V,Scene III,Duke Of Aumerle,My heart is not confederate with my hand.,2518
Act V,Scene III,Duke Of York,"It was, villain, ere thy hand did set it down.",2519
Act V,Scene III,Duke Of York,"I tore it from the traitor's bosom, king;",2520
Act V,Scene III,Duke Of York,"Fear, and not love, begets his penitence:",2521
Act V,Scene III,Duke Of York,"Forget to pity him, lest thy pity prove",2522
Act V,Scene III,Duke Of York,A serpent that will sting thee to the heart.,2523
Act V,Scene III,Henry Bolingbroke,"O heinous, strong and bold conspiracy!",2524
Act V,Scene III,Henry Bolingbroke,O loyal father of a treacherous son!,2525
Act V,Scene III,Henry Bolingbroke,"Thou sheer, immaculate and silver fountain,",2526
Act V,Scene III,Henry Bolingbroke,From when this stream through muddy passages,2527
Act V,Scene III,Henry Bolingbroke,Hath held his current and defiled himself!,2528
Act V,Scene III,Henry Bolingbroke,"Thy overflow of good converts to bad,",2529
Act V,Scene III,Henry Bolingbroke,And thy abundant goodness shall excuse,2530
Act V,Scene III,Henry Bolingbroke,This deadly blot in thy digressing son.,2531
Act V,Scene III,Duke Of York,So shall my virtue be his vice's bawd;,2532
Act V,Scene III,Duke Of York,"And he shall spend mine honour with his shame,",2533
Act V,Scene III,Duke Of York,As thriftless sons their scraping fathers' gold.,2534
Act V,Scene III,Duke Of York,"Mine honour lives when his dishonour dies,",2535
Act V,Scene III,Duke Of York,Or my shamed life in his dishonour lies:,2536
Act V,Scene III,Duke Of York,"Thou kill'st me in his life; giving him breath,",2537
Act V,Scene III,Duke Of York,"The traitor lives, the true man's put to death.",2538
Act V,Scene III,Duchess Of York,"[Within]  What ho, my liege! for God's sake,",2539
Act V,Scene III,Duchess Of York,let me in.,2540
Act V,Scene III,Henry Bolingbroke,What shrill-voiced suppliant makes this eager cry?,2541
Act V,Scene III,Duchess Of York,"A woman, and thy aunt, great king; 'tis I.",2542
Act V,Scene III,Duchess Of York,"Speak with me, pity me, open the door.",2543
Act V,Scene III,Duchess Of York,A beggar begs that never begg'd before.,2544
Act V,Scene III,Henry Bolingbroke,"Our scene is alter'd from a serious thing,",2545
Act V,Scene III,Henry Bolingbroke,And now changed to 'The Beggar and the King.',2546
Act V,Scene III,Henry Bolingbroke,"My dangerous cousin, let your mother in:",2547
Act V,Scene III,Henry Bolingbroke,I know she is come to pray for your foul sin.,2548
Act V,Scene III,Duke Of York,"If thou do pardon, whosoever pray,",2549
Act V,Scene III,Duke Of York,More sins for this forgiveness prosper may.,2550
Act V,Scene III,Duke Of York,"This fester'd joint cut off, the rest rest sound;",2551
Act V,Scene III,Duke Of York,This let alone will all the rest confound.,2552
Act V,Scene III,[stage direction],Enter DUCHESS OF YORK,NA
Act V,Scene III,Duchess Of York,"O king, believe not this hard-hearted man!",2553
Act V,Scene III,Duchess Of York,Love loving not itself none other can.,2554
Act V,Scene III,Duke Of York,"Thou frantic woman, what dost thou make here?",2555
Act V,Scene III,Duke Of York,Shall thy old dugs once more a traitor rear?,2556
Act V,Scene III,Duchess Of York,"Sweet York, be patient. Hear me, gentle liege.",2557
Act V,Scene III,[stage direction],Kneels,NA
Act V,Scene III,Henry Bolingbroke,"Rise up, good aunt.",2558
Act V,Scene III,Duchess Of York,"Not yet, I thee beseech:",2559
Act V,Scene III,Duchess Of York,"For ever will I walk upon my knees,",2560
Act V,Scene III,Duchess Of York,"And never see day that the happy sees,",2561
Act V,Scene III,Duchess Of York,"Till thou give joy; until thou bid me joy,",2562
Act V,Scene III,Duchess Of York,"By pardoning Rutland, my transgressing boy.",2563
Act V,Scene III,Duke Of Aumerle,Unto my mother's prayers I bend my knee.,2564
Act V,Scene III,Duke Of York,Against them both my true joints bended be.,2565
Act V,Scene III,Duke Of York,"Ill mayst thou thrive, if thou grant any grace!",2566
Act V,Scene III,Duchess Of York,Pleads he in earnest? look upon his face;,2567
Act V,Scene III,Duchess Of York,"His eyes do drop no tears, his prayers are in jest;",2568
Act V,Scene III,Duchess Of York,"His words come from his mouth, ours from our breast:",2569
Act V,Scene III,Duchess Of York,He prays but faintly and would be denied;,2570
Act V,Scene III,Duchess Of York,We pray with heart and soul and all beside:,2571
Act V,Scene III,Duchess Of York,"His weary joints would gladly rise, I know;",2572
Act V,Scene III,Duchess Of York,Our knees shall kneel till to the ground they grow:,2573
Act V,Scene III,Duchess Of York,His prayers are full of false hypocrisy;,2574
Act V,Scene III,Duchess Of York,Ours of true zeal and deep integrity.,2575
Act V,Scene III,Duchess Of York,Our prayers do out-pray his; then let them have,2576
Act V,Scene III,Duchess Of York,That mercy which true prayer ought to have.,2577
Act V,Scene III,Henry Bolingbroke,"Good aunt, stand up.",2578
Act V,Scene III,Duchess Of York,"Nay, do not say, 'stand up;'",2579
Act V,Scene III,Duchess Of York,"Say, 'pardon' first, and afterwards 'stand up.'",2580
Act V,Scene III,Duchess Of York,"And if I were thy nurse, thy tongue to teach,",2581
Act V,Scene III,Duchess Of York,'Pardon' should be the first word of thy speech.,2582
Act V,Scene III,Duchess Of York,I never long'd to hear a word till now;,2583
Act V,Scene III,Duchess Of York,"Say 'pardon,' king; let pity teach thee how:",2584
Act V,Scene III,Duchess Of York,"The word is short, but not so short as sweet;",2585
Act V,Scene III,Duchess Of York,No word like 'pardon' for kings' mouths so meet.,2586
Act V,Scene III,Duke Of York,"Speak it in French, king; say, 'pardonne moi.'",2587
Act V,Scene III,Duchess Of York,Dost thou teach pardon pardon to destroy?,2588
Act V,Scene III,Duchess Of York,"Ah, my sour husband, my hard-hearted lord,",2589
Act V,Scene III,Duchess Of York,That set'st the word itself against the word!,2590
Act V,Scene III,Duchess Of York,Speak 'pardon' as 'tis current in our land;,2591
Act V,Scene III,Duchess Of York,The chopping French we do not understand.,2592
Act V,Scene III,Duchess Of York,Thine eye begins to speak; set thy tongue there;,2593
Act V,Scene III,Duchess Of York,Or in thy piteous heart plant thou thine ear;,2594
Act V,Scene III,Duchess Of York,"That hearing how our plaints and prayers do pierce,",2595
Act V,Scene III,Duchess Of York,Pity may move thee 'pardon' to rehearse.,2596
Act V,Scene III,Henry Bolingbroke,"Good aunt, stand up.",2597
Act V,Scene III,Duchess Of York,I do not sue to stand;,2598
Act V,Scene III,Duchess Of York,Pardon is all the suit I have in hand.,2599
Act V,Scene III,Henry Bolingbroke,"I pardon him, as God shall pardon me.",2600
Act V,Scene III,Duchess Of York,O happy vantage of a kneeling knee!,2601
Act V,Scene III,Duchess Of York,Yet am I sick for fear: speak it again;,2602
Act V,Scene III,Duchess Of York,"Twice saying 'pardon' doth not pardon twain,",2603
Act V,Scene III,Duchess Of York,But makes one pardon strong.,2604
Act V,Scene III,Henry Bolingbroke,With all my heart,2605
Act V,Scene III,Henry Bolingbroke,I pardon him.,2606
Act V,Scene III,Duchess Of York,A god on earth thou art.,2607
Act V,Scene III,Henry Bolingbroke,"But for our trusty brother-in-law and the abbot,",2608
Act V,Scene III,Henry Bolingbroke,"With all the rest of that consorted crew,",2609
Act V,Scene III,Henry Bolingbroke,Destruction straight shall dog them at the heels.,2610
Act V,Scene III,Henry Bolingbroke,"Good uncle, help to order several powers",2611
Act V,Scene III,Henry Bolingbroke,"To Oxford, or where'er these traitors are:",2612
Act V,Scene III,Henry Bolingbroke,"They shall not live within this world, I swear,",2613
Act V,Scene III,Henry Bolingbroke,"But I will have them, if I once know where.",2614
Act V,Scene III,Henry Bolingbroke,"Uncle, farewell: and, cousin too, adieu:",2615
Act V,Scene III,Henry Bolingbroke,"Your mother well hath pray'd, and prove you true.",2616
Act V,Scene III,Duchess Of York,"Come, my old son: I pray God make thee new.",2617
Act V,Scene III,[stage direction],Exeunt,NA
Act V,Scene IV,[stage direction],Enter EXTON and Servant,NA
Act V,Scene IV,Exton,"Didst thou not mark the king, what words he spake,",2618
Act V,Scene IV,Exton,'Have I no friend will rid me of this living fear?',2619
Act V,Scene IV,Exton,Was it not so?,2620
Act V,Scene IV,Servant,These were his very words.,2621
Act V,Scene IV,Exton,"'Have I no friend?' quoth he: he spake it twice,",2622
Act V,Scene IV,Exton,"And urged it twice together, did he not?",2623
Act V,Scene IV,Servant,He did.,2624
Act V,Scene IV,Exton,"And speaking it, he wistly look'd on me,",2625
Act V,Scene IV,Exton,"And who should say, 'I would thou wert the man'",2626
Act V,Scene IV,Exton,That would divorce this terror from my heart;',2627
Act V,Scene IV,Exton,"Meaning the king at Pomfret. Come, let's go:",2628
Act V,Scene IV,Exton,"I am the king's friend, and will rid his foe.",2629
Act V,Scene IV,[stage direction],Exeunt,NA
Act V,Scene V,[stage direction],Enter KING RICHARD,NA
Act V,Scene V,King Richard Ii,I have been studying how I may compare,2630
Act V,Scene V,King Richard Ii,This prison where I live unto the world:,2631
Act V,Scene V,King Richard Ii,And for because the world is populous,2632
Act V,Scene V,King Richard Ii,"And here is not a creature but myself,",2633
Act V,Scene V,King Richard Ii,I cannot do it; yet I'll hammer it out.,2634
Act V,Scene V,King Richard Ii,"My brain I'll prove the female to my soul,",2635
Act V,Scene V,King Richard Ii,My soul the father; and these two beget,2636
Act V,Scene V,King Richard Ii,"A generation of still-breeding thoughts,",2637
Act V,Scene V,King Richard Ii,"And these same thoughts people this little world,",2638
Act V,Scene V,King Richard Ii,"In humours like the people of this world,",2639
Act V,Scene V,King Richard Ii,"For no thought is contented. The better sort,",2640
Act V,Scene V,King Richard Ii,"As thoughts of things divine, are intermix'd",2641
Act V,Scene V,King Richard Ii,With scruples and do set the word itself,2642
Act V,Scene V,King Richard Ii,Against the word:,2643
Act V,Scene V,King Richard Ii,"As thus, 'Come, little ones,' and then again,",2644
Act V,Scene V,King Richard Ii,'It is as hard to come as for a camel,2645
Act V,Scene V,King Richard Ii,To thread the postern of a small needle's eye.',2646
Act V,Scene V,King Richard Ii,"Thoughts tending to ambition, they do plot",2647
Act V,Scene V,King Richard Ii,Unlikely wonders; how these vain weak nails,2648
Act V,Scene V,King Richard Ii,May tear a passage through the flinty ribs,2649
Act V,Scene V,King Richard Ii,"Of this hard world, my ragged prison walls,",2650
Act V,Scene V,King Richard Ii,"And, for they cannot, die in their own pride.",2651
Act V,Scene V,King Richard Ii,Thoughts tending to content flatter themselves,2652
Act V,Scene V,King Richard Ii,"That they are not the first of fortune's slaves,",2653
Act V,Scene V,King Richard Ii,Nor shall not be the last; like silly beggars,2654
Act V,Scene V,King Richard Ii,"Who sitting in the stocks refuge their shame,",2655
Act V,Scene V,King Richard Ii,That many have and others must sit there;,2656
Act V,Scene V,King Richard Ii,"And in this thought they find a kind of ease,",2657
Act V,Scene V,King Richard Ii,Bearing their own misfortunes on the back,2658
Act V,Scene V,King Richard Ii,Of such as have before endured the like.,2659
Act V,Scene V,King Richard Ii,"Thus play I in one person many people,",2660
Act V,Scene V,King Richard Ii,And none contented: sometimes am I king;,2661
Act V,Scene V,King Richard Ii,"Then treasons make me wish myself a beggar,",2662
Act V,Scene V,King Richard Ii,And so I am: then crushing penury,2663
Act V,Scene V,King Richard Ii,Persuades me I was better when a king;,2664
Act V,Scene V,King Richard Ii,Then am I king'd again: and by and by,2665
Act V,Scene V,King Richard Ii,"Think that I am unking'd by Bolingbroke,",2666
Act V,Scene V,King Richard Ii,"And straight am nothing: but whate'er I be,",2667
Act V,Scene V,King Richard Ii,Nor I nor any man that but man is,2668
Act V,Scene V,King Richard Ii,"With nothing shall be pleased, till he be eased",2669
Act V,Scene V,King Richard Ii,With being nothing. Music do I hear?,2670
Act V,Scene V,[stage direction],Music,NA
Act V,Scene V,King Richard Ii,"Ha, ha! keep time: how sour sweet music is,",2671
Act V,Scene V,King Richard Ii,When time is broke and no proportion kept!,2672
Act V,Scene V,King Richard Ii,So is it in the music of men's lives.,2673
Act V,Scene V,King Richard Ii,And here have I the daintiness of ear,2674
Act V,Scene V,King Richard Ii,To cheque time broke in a disorder'd string;,2675
Act V,Scene V,King Richard Ii,But for the concord of my state and time,2676
Act V,Scene V,King Richard Ii,Had not an ear to hear my true time broke.,2677
Act V,Scene V,King Richard Ii,"I wasted time, and now doth time waste me;",2678
Act V,Scene V,King Richard Ii,For now hath time made me his numbering clock:,2679
Act V,Scene V,King Richard Ii,My thoughts are minutes; and with sighs they jar,2680
Act V,Scene V,King Richard Ii,"Their watches on unto mine eyes, the outward watch,",2681
Act V,Scene V,King Richard Ii,"Whereto my finger, like a dial's point,",2682
Act V,Scene V,King Richard Ii,"Is pointing still, in cleansing them from tears.",2683
Act V,Scene V,King Richard Ii,"Now sir, the sound that tells what hour it is",2684
Act V,Scene V,King Richard Ii,"Are clamorous groans, which strike upon my heart,",2685
Act V,Scene V,King Richard Ii,Which is the bell: so sighs and tears and groans,2686
Act V,Scene V,King Richard Ii,"Show minutes, times, and hours: but my time",2687
Act V,Scene V,King Richard Ii,"Runs posting on in Bolingbroke's proud joy,",2688
Act V,Scene V,King Richard Ii,"While I stand fooling here, his Jack o' the clock.",2689
Act V,Scene V,King Richard Ii,This music mads me; let it sound no more;,2690
Act V,Scene V,King Richard Ii,"For though it have holp madmen to their wits,",2691
Act V,Scene V,King Richard Ii,In me it seems it will make wise men mad.,2692
Act V,Scene V,King Richard Ii,Yet blessing on his heart that gives it me!,2693
Act V,Scene V,King Richard Ii,For 'tis a sign of love; and love to Richard,2694
Act V,Scene V,King Richard Ii,Is a strange brooch in this all-hating world.,2695
Act V,Scene V,[stage direction],Enter a Groom of the Stable,NA
Act V,Scene V,Groom,"Hail, royal prince!",2696
Act V,Scene V,King Richard Ii,"Thanks, noble peer;",2697
Act V,Scene V,King Richard Ii,The cheapest of us is ten groats too dear.,2698
Act V,Scene V,King Richard Ii,"What art thou? and how comest thou hither,",2699
Act V,Scene V,King Richard Ii,Where no man never comes but that sad dog,2700
Act V,Scene V,King Richard Ii,That brings me food to make misfortune live?,2701
Act V,Scene V,Groom,"I was a poor groom of thy stable, king,",2702
Act V,Scene V,Groom,"When thou wert king; who, travelling towards York,",2703
Act V,Scene V,Groom,With much ado at length have gotten leave,2704
Act V,Scene V,Groom,To look upon my sometimes royal master's face.,2705
Act V,Scene V,Groom,"O, how it yearn'd my heart when I beheld",2706
Act V,Scene V,Groom,"In London streets, that coronation-day,",2707
Act V,Scene V,Groom,"When Bolingbroke rode on roan Barbary,",2708
Act V,Scene V,Groom,"That horse that thou so often hast bestrid,",2709
Act V,Scene V,Groom,That horse that I so carefully have dress'd!,2710
Act V,Scene V,King Richard Ii,"Rode he on Barbary? Tell me, gentle friend,",2711
Act V,Scene V,King Richard Ii,How went he under him?,2712
Act V,Scene V,Groom,So proudly as if he disdain'd the ground.,2713
Act V,Scene V,King Richard Ii,So proud that Bolingbroke was on his back!,2714
Act V,Scene V,King Richard Ii,That jade hath eat bread from my royal hand;,2715
Act V,Scene V,King Richard Ii,This hand hath made him proud with clapping him.,2716
Act V,Scene V,King Richard Ii,"Would he not stumble? would he not fall down,",2717
Act V,Scene V,King Richard Ii,"Since pride must have a fall, and break the neck",2718
Act V,Scene V,King Richard Ii,Of that proud man that did usurp his back?,2719
Act V,Scene V,King Richard Ii,"Forgiveness, horse! why do I rail on thee,",2720
Act V,Scene V,King Richard Ii,"Since thou, created to be awed by man,",2721
Act V,Scene V,King Richard Ii,Wast born to bear? I was not made a horse;,2722
Act V,Scene V,King Richard Ii,"And yet I bear a burthen like an ass,",2723
Act V,Scene V,King Richard Ii,"Spurr'd, gall'd and tired by jouncing Bolingbroke.",2724
Act V,Scene V,[stage direction],"Enter Keeper, with a dish",NA
Act V,Scene V,Keeper,"Fellow, give place; here is no longer stay.",2725
Act V,Scene V,King Richard Ii,"If thou love me, 'tis time thou wert away.",2726
Act V,Scene V,Groom,"What my tongue dares not, that my heart shall say.",2727
Act V,Scene V,[stage direction],Exit,NA
Act V,Scene V,Keeper,"My lord, will't please you to fall to?",2728
Act V,Scene V,King Richard Ii,"Taste of it first, as thou art wont to do.",2729
Act V,Scene V,Keeper,"My lord, I dare not: Sir Pierce of Exton, who",2730
Act V,Scene V,Keeper,"lately came from the king, commands the contrary.",2731
Act V,Scene V,King Richard Ii,The devil take Henry of Lancaster and thee!,2732
Act V,Scene V,King Richard Ii,"Patience is stale, and I am weary of it.",2733
Act V,Scene V,[stage direction],Beats the keeper,NA
Act V,Scene V,Keeper,"Help, help, help!",2734
Act V,Scene V,[stage direction],"Enter EXTON and Servants, armed",NA
Act V,Scene V,King Richard Ii,How now! what means death in this rude assault?,2735
Act V,Scene V,King Richard Ii,"Villain, thy own hand yields thy death's instrument.",2736
Act V,Scene V,[stage direction],Snatching an axe from a Servant and killing him,NA
Act V,Scene V,King Richard Ii,"Go thou, and fill another room in hell.",2737
Act V,Scene V,[stage direction],He kills another. Then Exton strikes him down,NA
Act V,Scene V,King Richard Ii,That hand shall burn in never-quenching fire,2738
Act V,Scene V,King Richard Ii,"That staggers thus my person. Exton, thy fierce hand",2739
Act V,Scene V,King Richard Ii,Hath with the king's blood stain'd the king's own land.,2740
Act V,Scene V,King Richard Ii,"Mount, mount, my soul! thy seat is up on high;",2741
Act V,Scene V,King Richard Ii,"Whilst my gross flesh sinks downward, here to die.",2742
Act V,Scene V,[stage direction],Dies,NA
Act V,Scene V,Exton,As full of valour as of royal blood:,2743
Act V,Scene V,Exton,Both have I spill'd; O would the deed were good!,2744
Act V,Scene V,Exton,"For now the devil, that told me I did well,",2745
Act V,Scene V,Exton,Says that this deed is chronicled in hell.,2746
Act V,Scene V,Exton,This dead king to the living king I'll bear,2747
Act V,Scene V,Exton,"Take hence the rest, and give them burial here.",2748
Act V,Scene V,[stage direction],Exeunt,NA
Act V,Scene VI,[stage direction],"Flourish. Enter HENRY BOLINGBROKE, DUKE OF YORK, with other Lords, and Attendants",NA
Act V,Scene VI,Henry Bolingbroke,"Kind uncle York, the latest news we hear",2749
Act V,Scene VI,Henry Bolingbroke,Is that the rebels have consumed with fire,2750
Act V,Scene VI,Henry Bolingbroke,Our town of Cicester in Gloucestershire;,2751
Act V,Scene VI,Henry Bolingbroke,But whether they be ta'en or slain we hear not.,2752
Act V,Scene VI,[stage direction],Enter NORTHUMBERLAND,NA
Act V,Scene VI,Henry Bolingbroke,"Welcome, my lord	what is the news?",2753
Act V,Scene VI,Northumberland,"First, to thy sacred state wish I all happiness.",2754
Act V,Scene VI,Northumberland,"The next news is, I have to London sent",2755
Act V,Scene VI,Northumberland,"The heads of Oxford, Salisbury, Blunt, and Kent:",2756
Act V,Scene VI,Northumberland,The manner of their taking may appear,2757
Act V,Scene VI,Northumberland,At large discoursed in this paper here.,2758
Act V,Scene VI,Henry Bolingbroke,"We thank thee, gentle Percy, for thy pains;",2759
Act V,Scene VI,Henry Bolingbroke,And to thy worth will add right worthy gains.,2760
Act V,Scene VI,[stage direction],Enter LORD FITZWATER,NA
Act V,Scene VI,Lord Fitzwater,"My lord, I have from Oxford sent to London",2761
Act V,Scene VI,Lord Fitzwater,"The heads of Brocas and Sir Bennet Seely,",2762
Act V,Scene VI,Lord Fitzwater,Two of the dangerous consorted traitors,2763
Act V,Scene VI,Lord Fitzwater,That sought at Oxford thy dire overthrow.,2764
Act V,Scene VI,Henry Bolingbroke,"Thy pains, Fitzwater, shall not be forgot;",2765
Act V,Scene VI,Henry Bolingbroke,"Right noble is thy merit, well I wot.",2766
Act V,Scene VI,[stage direction],"Enter HENRY PERCY, and the BISHOP OF CARLISLE",NA
Act V,Scene VI,Henry Percy,"The grand conspirator, Abbot of Westminster,",2767
Act V,Scene VI,Henry Percy,With clog of conscience and sour melancholy,2768
Act V,Scene VI,Henry Percy,Hath yielded up his body to the grave;,2769
Act V,Scene VI,Henry Percy,"But here is Carlisle living, to abide",2770
Act V,Scene VI,Henry Percy,Thy kingly doom and sentence of his pride.,2771
Act V,Scene VI,Henry Bolingbroke,"Carlisle, this is your doom:",2772
Act V,Scene VI,Henry Bolingbroke,"Choose out some secret place, some reverend room,",2773
Act V,Scene VI,Henry Bolingbroke,"More than thou hast, and with it joy thy life;",2774
Act V,Scene VI,Henry Bolingbroke,"So as thou livest in peace, die free from strife:",2775
Act V,Scene VI,Henry Bolingbroke,"For though mine enemy thou hast ever been,",2776
Act V,Scene VI,Henry Bolingbroke,High sparks of honour in thee have I seen.,2777
Act V,Scene VI,[stage direction],"Enter EXTON, with persons bearing a coffin",NA
Act V,Scene VI,Exton,"Great king, within this coffin I present",2778
Act V,Scene VI,Exton,Thy buried fear: herein all breathless lies,2779
Act V,Scene VI,Exton,"The mightiest of thy greatest enemies,",2780
Act V,Scene VI,Exton,"Richard of Bordeaux, by me hither brought.",2781
Act V,Scene VI,Henry Bolingbroke,"Exton, I thank thee not; for thou hast wrought",2782
Act V,Scene VI,Henry Bolingbroke,A deed of slander with thy fatal hand,2783
Act V,Scene VI,Henry Bolingbroke,Upon my head and all this famous land.,2784
Act V,Scene VI,Exton,"From your own mouth, my lord, did I this deed.",2785
Act V,Scene VI,Henry Bolingbroke,"They love not poison that do poison need,",2786
Act V,Scene VI,Henry Bolingbroke,"Nor do I thee: though I did wish him dead,",2787
Act V,Scene VI,Henry Bolingbroke,"I hate the murderer, love him murdered.",2788
Act V,Scene VI,Henry Bolingbroke,"The guilt of conscience take thou for thy labour,",2789
Act V,Scene VI,Henry Bolingbroke,But neither my good word nor princely favour:,2790
Act V,Scene VI,Henry Bolingbroke,"With Cain go wander through shades of night,",2791
Act V,Scene VI,Henry Bolingbroke,And never show thy head by day nor light.,2792
Act V,Scene VI,Henry Bolingbroke,"Lords, I protest, my soul is full of woe,",2793
Act V,Scene VI,Henry Bolingbroke,That blood should sprinkle me to make me grow:,2794
Act V,Scene VI,Henry Bolingbroke,"Come, mourn with me for that I do lament,",2795
Act V,Scene VI,Henry Bolingbroke,And put on sullen black incontinent:,2796
Act V,Scene VI,Henry Bolingbroke,"I'll make a voyage to the Holy Land,",2797
Act V,Scene VI,Henry Bolingbroke,To wash this blood off from my guilty hand:,2798
Act V,Scene VI,Henry Bolingbroke,March sadly after; grace my mournings here;,2799
Act V,Scene VI,Henry Bolingbroke,In weeping after this untimely bier.,2800
Act V,Scene VI,[stage direction],Exeunt,NA
