act,scene,character,dialogue,line_number
Act I,Scene I,Chorus,of thunder and lightning heard.,1
Act I,Scene I,[stage direction],Enter a Master and a Boatswain,NA
Act I,Scene I,Master,Boatswain!,2
Act I,Scene I,Boatswain,"Here, master: what cheer?",3
Act I,Scene I,Master,"Good, speak to the mariners: fall to't, yarely,",4
Act I,Scene I,Master,"or we run ourselves aground: bestir, bestir.",5
Act I,Scene I,[stage direction],Exit,NA
Act I,Scene I,[stage direction],Enter Mariners,NA
Act I,Scene I,Boatswain,"Heigh, my hearts! cheerly, cheerly, my hearts!",6
Act I,Scene I,Boatswain,"yare, yare! Take in the topsail. Tend to the",7
Act I,Scene I,Boatswain,"master's whistle. Blow, till thou burst thy wind,",8
Act I,Scene I,Boatswain,if room enough!,9
Act I,Scene I,[stage direction],"Enter ALONSO, SEBASTIAN, ANTONIO, FERDINAND, GONZALO, and others",NA
Act I,Scene I,Alonso,"Good boatswain, have care. Where's the master?",10
Act I,Scene I,Alonso,Play the men.,11
Act I,Scene I,Boatswain,"I pray now, keep below.",12
Act I,Scene I,Antonio,"Where is the master, boatswain?",13
Act I,Scene I,Boatswain,Do you not hear him? You mar our labour: keep your,14
Act I,Scene I,Boatswain,cabins: you do assist the storm.,15
Act I,Scene I,Gonzalo,"Nay, good, be patient.",16
Act I,Scene I,Boatswain,When the sea is. Hence! What cares these roarers,17
Act I,Scene I,Boatswain,for the name of king? To cabin: silence! trouble us not.,18
Act I,Scene I,Gonzalo,"Good, yet remember whom thou hast aboard.",19
Act I,Scene I,Boatswain,None that I more love than myself. You are a,20
Act I,Scene I,Boatswain,counsellor; if you can command these elements to,21
Act I,Scene I,Boatswain,"silence, and work the peace of the present, we will",22
Act I,Scene I,Boatswain,not hand a rope more; use your authority: if you,23
Act I,Scene I,Boatswain,"cannot, give thanks you have lived so long, and make",24
Act I,Scene I,Boatswain,yourself ready in your cabin for the mischance of,25
Act I,Scene I,Boatswain,"the hour, if it so hap. Cheerly, good hearts! Out",26
Act I,Scene I,Boatswain,"of our way, I say.",27
Act I,Scene I,[stage direction],Exit,NA
Act I,Scene I,Gonzalo,I have great comfort from this fellow: methinks he,28
Act I,Scene I,Gonzalo,hath no drowning mark upon him; his complexion is,29
Act I,Scene I,Gonzalo,"perfect gallows. Stand fast, good Fate, to his",30
Act I,Scene I,Gonzalo,"hanging: make the rope of his destiny our cable,",31
Act I,Scene I,Gonzalo,for our own doth little advantage. If he be not,32
Act I,Scene I,Gonzalo,"born to be hanged, our case is miserable.",33
Act I,Scene I,[stage direction],Exeunt,NA
Act I,Scene I,[stage direction],Re-enter Boatswain,NA
Act I,Scene I,Boatswain,"Down with the topmast! yare! lower, lower! Bring",34
Act I,Scene I,Boatswain,her to try with main-course.,35
Act I,Scene I,[stage direction],A cry within,NA
Act I,Scene I,Boatswain,A plague upon this howling! they are louder than,36
Act I,Scene I,Boatswain,the weather or our office.,37
Act I,Scene I,[stage direction],"Re-enter SEBASTIAN, ANTONIO, and GONZALO",NA
Act I,Scene I,Boatswain,Yet again! what do you here? Shall we give o'er,38
Act I,Scene I,Boatswain,and drown? Have you a mind to sink?,39
Act I,Scene I,Sebastian,"A pox o' your throat, you bawling, blasphemous,",40
Act I,Scene I,Sebastian,incharitable dog!,41
Act I,Scene I,Boatswain,Work you then.,42
Act I,Scene I,Antonio,"Hang, cur! hang, you whoreson, insolent noisemaker!",43
Act I,Scene I,Antonio,We are less afraid to be drowned than thou art.,44
Act I,Scene I,Gonzalo,I'll warrant him for drowning; though the ship were,45
Act I,Scene I,Gonzalo,no stronger than a nutshell and as leaky as an,46
Act I,Scene I,Gonzalo,unstanched wench.,47
Act I,Scene I,Boatswain,"Lay her a-hold, a-hold! set her two courses off to",48
Act I,Scene I,Boatswain,sea again; lay her off.,49
Act I,Scene I,[stage direction],Enter Mariners wet,NA
Act I,Scene I,Mariners,"All lost! to prayers, to prayers! all lost!",50
Act I,Scene I,Boatswain,"What, must our mouths be cold?",51
Act I,Scene I,Gonzalo,"The king and prince at prayers! let's assist them,",52
Act I,Scene I,Gonzalo,For our case is as theirs.,53
Act I,Scene I,Sebastian,I'm out of patience.,54
Act I,Scene I,Antonio,We are merely cheated of our lives by drunkards:,55
Act I,Scene I,Antonio,This wide-chapp'd rascal--would thou mightst lie drowning,56
Act I,Scene I,Antonio,The washing of ten tides!,57
Act I,Scene I,Gonzalo,"He'll be hang'd yet,",58
Act I,Scene I,Gonzalo,Though every drop of water swear against it,59
Act I,Scene I,Gonzalo,And gape at widest to glut him.,60
Act I,Scene I,[stage direction],"A confused noise within:   'Mercy on us!'--  'We split, we split!'--'Farewell, my wife and  children!'-- 'Farewell, brother!'--'We split, we split, we split!'",NA
Act I,Scene I,Antonio,Let's all sink with the king.,61
Act I,Scene I,Sebastian,Let's take leave of him.,62
Act I,Scene I,[stage direction],Exeunt ANTONIO and SEBASTIAN,NA
Act I,Scene I,Gonzalo,Now would I give a thousand furlongs of sea for an,63
Act I,Scene I,Gonzalo,"acre of barren ground, long heath, brown furze, any",64
Act I,Scene I,Gonzalo,thing. The wills above be done! but I would fain,65
Act I,Scene I,Gonzalo,die a dry death.,66
Act I,Scene I,[stage direction],Exeunt,NA
Act I,Scene II,[stage direction],Enter PROSPERO and MIRANDA,NA
Act I,Scene II,Miranda,"If by your art, my dearest father, you have",67
Act I,Scene II,Miranda,"Put the wild waters in this roar, allay them.",68
Act I,Scene II,Miranda,"The sky, it seems, would pour down stinking pitch,",69
Act I,Scene II,Miranda,"But that the sea, mounting to the welkin's cheek,",70
Act I,Scene II,Miranda,"Dashes the fire out. O, I have suffered",71
Act I,Scene II,Miranda,"With those that I saw suffer: a brave vessel,",72
Act I,Scene II,Miranda,"Who had, no doubt, some noble creature in her,",73
Act I,Scene II,Miranda,"Dash'd all to pieces. O, the cry did knock",74
Act I,Scene II,Miranda,"Against my very heart. Poor souls, they perish'd.",75
Act I,Scene II,Miranda,"Had I been any god of power, I would",76
Act I,Scene II,Miranda,Have sunk the sea within the earth or ere,77
Act I,Scene II,Miranda,It should the good ship so have swallow'd and,78
Act I,Scene II,Miranda,The fraughting souls within her.,79
Act I,Scene II,Prospero,Be collected:,80
Act I,Scene II,Prospero,No more amazement: tell your piteous heart,81
Act I,Scene II,Prospero,There's no harm done.,82
Act I,Scene II,Miranda,"O, woe the day!",83
Act I,Scene II,Prospero,No harm.,84
Act I,Scene II,Prospero,"I have done nothing but in care of thee,",85
Act I,Scene II,Prospero,"Of thee, my dear one, thee, my daughter, who",86
Act I,Scene II,Prospero,"Art ignorant of what thou art, nought knowing",87
Act I,Scene II,Prospero,"Of whence I am, nor that I am more better",88
Act I,Scene II,Prospero,"Than Prospero, master of a full poor cell,",89
Act I,Scene II,Prospero,And thy no greater father.,90
Act I,Scene II,Miranda,More to know,91
Act I,Scene II,Miranda,Did never meddle with my thoughts.,92
Act I,Scene II,Prospero,'Tis time,93
Act I,Scene II,Prospero,"I should inform thee farther. Lend thy hand,",94
Act I,Scene II,Prospero,And pluck my magic garment from me. So:,95
Act I,Scene II,[stage direction],Lays down his mantle,NA
Act I,Scene II,Prospero,"Lie there, my art. Wipe thou thine eyes; have comfort.",96
Act I,Scene II,Prospero,"The direful spectacle of the wreck, which touch'd",97
Act I,Scene II,Prospero,"The very virtue of compassion in thee,",98
Act I,Scene II,Prospero,I have with such provision in mine art,99
Act I,Scene II,Prospero,So safely ordered that there is no soul--,100
Act I,Scene II,Prospero,"No, not so much perdition as an hair",101
Act I,Scene II,Prospero,Betid to any creature in the vessel,102
Act I,Scene II,Prospero,"Which thou heard'st cry, which thou saw'st sink. Sit down;",103
Act I,Scene II,Prospero,For thou must now know farther.,104
Act I,Scene II,Miranda,You have often,105
Act I,Scene II,Miranda,"Begun to tell me what I am, but stopp'd",106
Act I,Scene II,Miranda,"And left me to a bootless inquisition,",107
Act I,Scene II,Miranda,Concluding 'Stay: not yet.',108
Act I,Scene II,Prospero,The hour's now come;,109
Act I,Scene II,Prospero,The very minute bids thee ope thine ear;,110
Act I,Scene II,Prospero,Obey and be attentive. Canst thou remember,111
Act I,Scene II,Prospero,A time before we came unto this cell?,112
Act I,Scene II,Prospero,"I do not think thou canst, for then thou wast not",113
Act I,Scene II,Prospero,Out three years old.,114
Act I,Scene II,Miranda,"Certainly, sir, I can.",115
Act I,Scene II,Prospero,By what? by any other house or person?,116
Act I,Scene II,Prospero,Of any thing the image tell me that,117
Act I,Scene II,Prospero,Hath kept with thy remembrance.,118
Act I,Scene II,Miranda,'Tis far off,119
Act I,Scene II,Miranda,And rather like a dream than an assurance,120
Act I,Scene II,Miranda,That my remembrance warrants. Had I not,121
Act I,Scene II,Miranda,Four or five women once that tended me?,122
Act I,Scene II,Prospero,"Thou hadst, and more, Miranda. But how is it",123
Act I,Scene II,Prospero,That this lives in thy mind? What seest thou else,124
Act I,Scene II,Prospero,In the dark backward and abysm of time?,125
Act I,Scene II,Prospero,"If thou remember'st aught ere thou camest here,",126
Act I,Scene II,Prospero,How thou camest here thou mayst.,127
Act I,Scene II,Miranda,But that I do not.,128
Act I,Scene II,Prospero,"Twelve year since, Miranda, twelve year since,",129
Act I,Scene II,Prospero,Thy father was the Duke of Milan and,130
Act I,Scene II,Prospero,A prince of power.,131
Act I,Scene II,Miranda,"Sir, are not you my father?",132
Act I,Scene II,Prospero,"Thy mother was a piece of virtue, and",133
Act I,Scene II,Prospero,She said thou wast my daughter; and thy father,134
Act I,Scene II,Prospero,Was Duke of Milan; and thou his only heir,135
Act I,Scene II,Prospero,And princess no worse issued.,136
Act I,Scene II,Miranda,O the heavens!,137
Act I,Scene II,Miranda,"What foul play had we, that we came from thence?",138
Act I,Scene II,Miranda,Or blessed was't we did?,139
Act I,Scene II,Prospero,"Both, both, my girl:",140
Act I,Scene II,Prospero,"By foul play, as thou say'st, were we heaved thence,",141
Act I,Scene II,Prospero,But blessedly holp hither.,142
Act I,Scene II,Miranda,"O, my heart bleeds",143
Act I,Scene II,Miranda,"To think o' the teen that I have turn'd you to,",144
Act I,Scene II,Miranda,"Which is from my remembrance! Please you, farther.",145
Act I,Scene II,Prospero,"My brother and thy uncle, call'd Antonio--",146
Act I,Scene II,Prospero,"I pray thee, mark me--that a brother should",147
Act I,Scene II,Prospero,Be so perfidious!--he whom next thyself,148
Act I,Scene II,Prospero,Of all the world I loved and to him put,149
Act I,Scene II,Prospero,The manage of my state; as at that time,150
Act I,Scene II,Prospero,Through all the signories it was the first,151
Act I,Scene II,Prospero,"And Prospero the prime duke, being so reputed",152
Act I,Scene II,Prospero,"In dignity, and for the liberal arts",153
Act I,Scene II,Prospero,"Without a parallel; those being all my study,",154
Act I,Scene II,Prospero,The government I cast upon my brother,155
Act I,Scene II,Prospero,"And to my state grew stranger, being transported",156
Act I,Scene II,Prospero,And rapt in secret studies. Thy false uncle--,157
Act I,Scene II,Prospero,Dost thou attend me?,158
Act I,Scene II,Miranda,"Sir, most heedfully.",159
Act I,Scene II,Prospero,"Being once perfected how to grant suits,",160
Act I,Scene II,Prospero,"How to deny them, who to advance and who",161
Act I,Scene II,Prospero,"To trash for over-topping, new created",162
Act I,Scene II,Prospero,"The creatures that were mine, I say, or changed 'em,",163
Act I,Scene II,Prospero,Or else new form'd 'em; having both the key,164
Act I,Scene II,Prospero,"Of officer and office, set all hearts i' the state",165
Act I,Scene II,Prospero,To what tune pleased his ear; that now he was,166
Act I,Scene II,Prospero,"The ivy which had hid my princely trunk,",167
Act I,Scene II,Prospero,And suck'd my verdure out on't. Thou attend'st not.,168
Act I,Scene II,Miranda,"O, good sir, I do.",169
Act I,Scene II,Prospero,"I pray thee, mark me.",170
Act I,Scene II,Prospero,"I, thus neglecting worldly ends, all dedicated",171
Act I,Scene II,Prospero,To closeness and the bettering of my mind,172
Act I,Scene II,Prospero,"With that which, but by being so retired,",173
Act I,Scene II,Prospero,"O'er-prized all popular rate, in my false brother",174
Act I,Scene II,Prospero,"Awaked an evil nature; and my trust,",175
Act I,Scene II,Prospero,"Like a good parent, did beget of him",176
Act I,Scene II,Prospero,A falsehood in its contrary as great,177
Act I,Scene II,Prospero,"As my trust was; which had indeed no limit,",178
Act I,Scene II,Prospero,"A confidence sans bound. He being thus lorded,",179
Act I,Scene II,Prospero,"Not only with what my revenue yielded,",180
Act I,Scene II,Prospero,"But what my power might else exact, like one",181
Act I,Scene II,Prospero,"Who having into truth, by telling of it,",182
Act I,Scene II,Prospero,"Made such a sinner of his memory,",183
Act I,Scene II,Prospero,"To credit his own lie, he did believe",184
Act I,Scene II,Prospero,He was indeed the duke; out o' the substitution,185
Act I,Scene II,Prospero,"And executing the outward face of royalty,",186
Act I,Scene II,Prospero,With all prerogative: hence his ambition growing--,187
Act I,Scene II,Prospero,Dost thou hear?,188
Act I,Scene II,Miranda,"Your tale, sir, would cure deafness.",189
Act I,Scene II,Prospero,To have no screen between this part he play'd,190
Act I,Scene II,Prospero,"And him he play'd it for, he needs will be",191
Act I,Scene II,Prospero,"Absolute Milan. Me, poor man, my library",192
Act I,Scene II,Prospero,Was dukedom large enough: of temporal royalties,193
Act I,Scene II,Prospero,He thinks me now incapable; confederates--,194
Act I,Scene II,Prospero,So dry he was for sway--wi' the King of Naples,195
Act I,Scene II,Prospero,"To give him annual tribute, do him homage,",196
Act I,Scene II,Prospero,Subject his coronet to his crown and bend,197
Act I,Scene II,Prospero,"The dukedom yet unbow'd--alas, poor Milan!--",198
Act I,Scene II,Prospero,To most ignoble stooping.,199
Act I,Scene II,Miranda,O the heavens!,200
Act I,Scene II,Prospero,Mark his condition and the event; then tell me,201
Act I,Scene II,Prospero,If this might be a brother.,202
Act I,Scene II,Miranda,I should sin,203
Act I,Scene II,Miranda,To think but nobly of my grandmother:,204
Act I,Scene II,Miranda,Good wombs have borne bad sons.,205
Act I,Scene II,Prospero,Now the condition.,206
Act I,Scene II,Prospero,"The King of Naples, being an enemy",207
Act I,Scene II,Prospero,"To me inveterate, hearkens my brother's suit;",208
Act I,Scene II,Prospero,"Which was, that he, in lieu o' the premises",209
Act I,Scene II,Prospero,"Of homage and I know not how much tribute,",210
Act I,Scene II,Prospero,Should presently extirpate me and mine,211
Act I,Scene II,Prospero,Out of the dukedom and confer fair Milan,212
Act I,Scene II,Prospero,"With all the honours on my brother: whereon,",213
Act I,Scene II,Prospero,"A treacherous army levied, one midnight",214
Act I,Scene II,Prospero,Fated to the purpose did Antonio open,215
Act I,Scene II,Prospero,"The gates of Milan, and, i' the dead of darkness,",216
Act I,Scene II,Prospero,The ministers for the purpose hurried thence,217
Act I,Scene II,Prospero,Me and thy crying self.,218
Act I,Scene II,Miranda,"Alack, for pity!",219
Act I,Scene II,Miranda,"I, not remembering how I cried out then,",220
Act I,Scene II,Miranda,Will cry it o'er again: it is a hint,221
Act I,Scene II,Miranda,That wrings mine eyes to't.,222
Act I,Scene II,Prospero,Hear a little further,223
Act I,Scene II,Prospero,And then I'll bring thee to the present business,224
Act I,Scene II,Prospero,Which now's upon's; without the which this story,225
Act I,Scene II,Prospero,Were most impertinent.,226
Act I,Scene II,Miranda,Wherefore did they not,227
Act I,Scene II,Miranda,That hour destroy us?,228
Act I,Scene II,Prospero,"Well demanded, wench:",229
Act I,Scene II,Prospero,"My tale provokes that question. Dear, they durst not,",230
Act I,Scene II,Prospero,"So dear the love my people bore me, nor set",231
Act I,Scene II,Prospero,"A mark so bloody on the business, but",232
Act I,Scene II,Prospero,With colours fairer painted their foul ends.,233
Act I,Scene II,Prospero,"In few, they hurried us aboard a bark,",234
Act I,Scene II,Prospero,Bore us some leagues to sea; where they prepared,235
Act I,Scene II,Prospero,"A rotten carcass of a boat, not rigg'd,",236
Act I,Scene II,Prospero,"Nor tackle, sail, nor mast; the very rats",237
Act I,Scene II,Prospero,"Instinctively had quit it: there they hoist us,",238
Act I,Scene II,Prospero,"To cry to the sea that roar'd to us, to sigh",239
Act I,Scene II,Prospero,"To the winds whose pity, sighing back again,",240
Act I,Scene II,Prospero,Did us but loving wrong.,241
Act I,Scene II,Miranda,"Alack, what trouble",242
Act I,Scene II,Miranda,Was I then to you!,243
Act I,Scene II,Prospero,"O, a cherubim",244
Act I,Scene II,Prospero,Thou wast that did preserve me. Thou didst smile.,245
Act I,Scene II,Prospero,"Infused with a fortitude from heaven,",246
Act I,Scene II,Prospero,"When I have deck'd the sea with drops full salt,",247
Act I,Scene II,Prospero,Under my burthen groan'd; which raised in me,248
Act I,Scene II,Prospero,"An undergoing stomach, to bear up",249
Act I,Scene II,Prospero,Against what should ensue.,250
Act I,Scene II,Miranda,How came we ashore?,251
Act I,Scene II,Prospero,By Providence divine.,252
Act I,Scene II,Prospero,Some food we had and some fresh water that,253
Act I,Scene II,Prospero,"A noble Neapolitan, Gonzalo,",254
Act I,Scene II,Prospero,"Out of his charity, being then appointed",255
Act I,Scene II,Prospero,"Master of this design, did give us, with",256
Act I,Scene II,Prospero,"Rich garments, linens, stuffs and necessaries,",257
Act I,Scene II,Prospero,"Which since have steaded much; so, of his gentleness,",258
Act I,Scene II,Prospero,"Knowing I loved my books, he furnish'd me",259
Act I,Scene II,Prospero,From mine own library with volumes that,260
Act I,Scene II,Prospero,I prize above my dukedom.,261
Act I,Scene II,Miranda,Would I might,262
Act I,Scene II,Miranda,But ever see that man!,263
Act I,Scene II,Prospero,Now I arise:,264
Act I,Scene II,[stage direction],Resumes his mantle,NA
Act I,Scene II,Prospero,"Sit still, and hear the last of our sea-sorrow.",265
Act I,Scene II,Prospero,Here in this island we arrived; and here,266
Act I,Scene II,Prospero,"Have I, thy schoolmaster, made thee more profit",267
Act I,Scene II,Prospero,Than other princesses can that have more time,268
Act I,Scene II,Prospero,For vainer hours and tutors not so careful.,269
Act I,Scene II,Miranda,"Heavens thank you for't! And now, I pray you, sir,",270
Act I,Scene II,Miranda,"For still 'tis beating in my mind, your reason",271
Act I,Scene II,Miranda,For raising this sea-storm?,272
Act I,Scene II,Prospero,Know thus far forth.,273
Act I,Scene II,Prospero,"By accident most strange, bountiful Fortune,",274
Act I,Scene II,Prospero,"Now my dear lady, hath mine enemies",275
Act I,Scene II,Prospero,Brought to this shore; and by my prescience,276
Act I,Scene II,Prospero,I find my zenith doth depend upon,277
Act I,Scene II,Prospero,"A most auspicious star, whose influence",278
Act I,Scene II,Prospero,"If now I court not but omit, my fortunes",279
Act I,Scene II,Prospero,Will ever after droop. Here cease more questions:,280
Act I,Scene II,Prospero,"Thou art inclined to sleep; 'tis a good dulness,",281
Act I,Scene II,Prospero,And give it way: I know thou canst not choose.,282
Act I,Scene II,[stage direction],MIRANDA sleeps,NA
Act I,Scene II,Prospero,"Come away, servant, come. I am ready now.",283
Act I,Scene II,Prospero,"Approach, my Ariel, come.",284
Act I,Scene II,[stage direction],Enter ARIEL,NA
Act I,Scene II,Ariel,"All hail, great master! grave sir, hail! I come",285
Act I,Scene II,Ariel,"To answer thy best pleasure; be't to fly,",286
Act I,Scene II,Ariel,"To swim, to dive into the fire, to ride",287
Act I,Scene II,Ariel,"On the curl'd clouds, to thy strong bidding task",288
Act I,Scene II,Ariel,Ariel and all his quality.,289
Act I,Scene II,Prospero,"Hast thou, spirit,",290
Act I,Scene II,Prospero,Perform'd to point the tempest that I bade thee?,291
Act I,Scene II,Ariel,To every article.,292
Act I,Scene II,Ariel,"I boarded the king's ship; now on the beak,",293
Act I,Scene II,Ariel,"Now in the waist, the deck, in every cabin,",294
Act I,Scene II,Ariel,"I flamed amazement: sometime I'ld divide,",295
Act I,Scene II,Ariel,"And burn in many places; on the topmast,",296
Act I,Scene II,Ariel,"The yards and bowsprit, would I flame distinctly,",297
Act I,Scene II,Ariel,"Then meet and join. Jove's lightnings, the precursors",298
Act I,Scene II,Ariel,"O' the dreadful thunder-claps, more momentary",299
Act I,Scene II,Ariel,And sight-outrunning were not; the fire and cracks,300
Act I,Scene II,Ariel,Of sulphurous roaring the most mighty Neptune,301
Act I,Scene II,Ariel,"Seem to besiege and make his bold waves tremble,",302
Act I,Scene II,Ariel,"Yea, his dread trident shake.",303
Act I,Scene II,Prospero,My brave spirit!,304
Act I,Scene II,Prospero,"Who was so firm, so constant, that this coil",305
Act I,Scene II,Prospero,Would not infect his reason?,306
Act I,Scene II,Ariel,Not a soul,307
Act I,Scene II,Ariel,But felt a fever of the mad and play'd,308
Act I,Scene II,Ariel,Some tricks of desperation. All but mariners,309
Act I,Scene II,Ariel,"Plunged in the foaming brine and quit the vessel,",310
Act I,Scene II,Ariel,"Then all afire with me: the king's son, Ferdinand,",311
Act I,Scene II,Ariel,"With hair up-staring,--then like reeds, not hair,--",312
Act I,Scene II,Ariel,"Was the first man that leap'd; cried, 'Hell is empty",313
Act I,Scene II,Ariel,And all the devils are here.',314
Act I,Scene II,Prospero,Why that's my spirit!,315
Act I,Scene II,Prospero,But was not this nigh shore?,316
Act I,Scene II,Ariel,"Close by, my master.",317
Act I,Scene II,Prospero,"But are they, Ariel, safe?",318
Act I,Scene II,Ariel,Not a hair perish'd;,319
Act I,Scene II,Ariel,"On their sustaining garments not a blemish,",320
Act I,Scene II,Ariel,"But fresher than before: and, as thou badest me,",321
Act I,Scene II,Ariel,In troops I have dispersed them 'bout the isle.,322
Act I,Scene II,Ariel,The king's son have I landed by himself;,323
Act I,Scene II,Ariel,Whom I left cooling of the air with sighs,324
Act I,Scene II,Ariel,"In an odd angle of the isle and sitting,",325
Act I,Scene II,Ariel,His arms in this sad knot.,326
Act I,Scene II,Prospero,Of the king's ship,327
Act I,Scene II,Prospero,The mariners say how thou hast disposed,328
Act I,Scene II,Prospero,And all the rest o' the fleet.,329
Act I,Scene II,Ariel,Safely in harbour,330
Act I,Scene II,Ariel,"Is the king's ship; in the deep nook, where once",331
Act I,Scene II,Ariel,Thou call'dst me up at midnight to fetch dew,332
Act I,Scene II,Ariel,"From the still-vex'd Bermoothes, there she's hid:",333
Act I,Scene II,Ariel,The mariners all under hatches stow'd;,334
Act I,Scene II,Ariel,"Who, with a charm join'd to their suffer'd labour,",335
Act I,Scene II,Ariel,I have left asleep; and for the rest o' the fleet,336
Act I,Scene II,Ariel,"Which I dispersed, they all have met again",337
Act I,Scene II,Ariel,"And are upon the Mediterranean flote,",338
Act I,Scene II,Ariel,"Bound sadly home for Naples,",339
Act I,Scene II,Ariel,Supposing that they saw the king's ship wreck'd,340
Act I,Scene II,Ariel,And his great person perish.,341
Act I,Scene II,Prospero,"Ariel, thy charge",342
Act I,Scene II,Prospero,Exactly is perform'd: but there's more work.,343
Act I,Scene II,Prospero,What is the time o' the day?,344
Act I,Scene II,Ariel,Past the mid season.,345
Act I,Scene II,Prospero,At least two glasses. The time 'twixt six and now,346
Act I,Scene II,Prospero,Must by us both be spent most preciously.,347
Act I,Scene II,Ariel,"Is there more toil? Since thou dost give me pains,",348
Act I,Scene II,Ariel,"Let me remember thee what thou hast promised,",349
Act I,Scene II,Ariel,Which is not yet perform'd me.,350
Act I,Scene II,Prospero,How now? moody?,351
Act I,Scene II,Prospero,What is't thou canst demand?,352
Act I,Scene II,Ariel,My liberty.,353
Act I,Scene II,Prospero,Before the time be out? no more!,354
Act I,Scene II,Ariel,"I prithee,",355
Act I,Scene II,Ariel,Remember I have done thee worthy service;,356
Act I,Scene II,Ariel,"Told thee no lies, made thee no mistakings, served",357
Act I,Scene II,Ariel,Without or grudge or grumblings: thou didst promise,358
Act I,Scene II,Ariel,To bate me a full year.,359
Act I,Scene II,Prospero,Dost thou forget,360
Act I,Scene II,Prospero,From what a torment I did free thee?,361
Act I,Scene II,Ariel,No.,362
Act I,Scene II,Prospero,"Thou dost, and think'st it much to tread the ooze",363
Act I,Scene II,Prospero,"Of the salt deep,",364
Act I,Scene II,Prospero,"To run upon the sharp wind of the north,",365
Act I,Scene II,Prospero,To do me business in the veins o' the earth,366
Act I,Scene II,Prospero,When it is baked with frost.,367
Act I,Scene II,Ariel,"I do not, sir.",368
Act I,Scene II,Prospero,"Thou liest, malignant thing! Hast thou forgot",369
Act I,Scene II,Prospero,"The foul witch Sycorax, who with age and envy",370
Act I,Scene II,Prospero,Was grown into a hoop? hast thou forgot her?,371
Act I,Scene II,Ariel,"No, sir.",372
Act I,Scene II,Prospero,Thou hast. Where was she born? speak; tell me.,373
Act I,Scene II,Ariel,"Sir, in Argier.",374
Act I,Scene II,Prospero,"O, was she so? I must",375
Act I,Scene II,Prospero,"Once in a month recount what thou hast been,",376
Act I,Scene II,Prospero,"Which thou forget'st. This damn'd witch Sycorax,",377
Act I,Scene II,Prospero,For mischiefs manifold and sorceries terrible,378
Act I,Scene II,Prospero,"To enter human hearing, from Argier,",379
Act I,Scene II,Prospero,"Thou know'st, was banish'd: for one thing she did",380
Act I,Scene II,Prospero,They would not take her life. Is not this true?,381
Act I,Scene II,Ariel,"Ay, sir.",382
Act I,Scene II,Prospero,This blue-eyed hag was hither brought with child,383
Act I,Scene II,Prospero,"And here was left by the sailors. Thou, my slave,",384
Act I,Scene II,Prospero,"As thou report'st thyself, wast then her servant;",385
Act I,Scene II,Prospero,"And, for thou wast a spirit too delicate",386
Act I,Scene II,Prospero,"To act her earthy and abhorr'd commands,",387
Act I,Scene II,Prospero,"Refusing her grand hests, she did confine thee,",388
Act I,Scene II,Prospero,By help of her more potent ministers,389
Act I,Scene II,Prospero,"And in her most unmitigable rage,",390
Act I,Scene II,Prospero,Into a cloven pine; within which rift,391
Act I,Scene II,Prospero,Imprison'd thou didst painfully remain,392
Act I,Scene II,Prospero,A dozen years; within which space she died,393
Act I,Scene II,Prospero,And left thee there; where thou didst vent thy groans,394
Act I,Scene II,Prospero,As fast as mill-wheels strike. Then was this island--,395
Act I,Scene II,Prospero,"Save for the son that she did litter here,",396
Act I,Scene II,Prospero,A freckled whelp hag-born--not honour'd with,397
Act I,Scene II,Prospero,A human shape.,398
Act I,Scene II,Ariel,"Yes, Caliban her son.",399
Act I,Scene II,Prospero,"Dull thing, I say so; he, that Caliban",400
Act I,Scene II,Prospero,Whom now I keep in service. Thou best know'st,401
Act I,Scene II,Prospero,What torment I did find thee in; thy groans,402
Act I,Scene II,Prospero,Did make wolves howl and penetrate the breasts,403
Act I,Scene II,Prospero,Of ever angry bears: it was a torment,404
Act I,Scene II,Prospero,"To lay upon the damn'd, which Sycorax",405
Act I,Scene II,Prospero,"Could not again undo: it was mine art,",406
Act I,Scene II,Prospero,"When I arrived and heard thee, that made gape",407
Act I,Scene II,Prospero,The pine and let thee out.,408
Act I,Scene II,Ariel,"I thank thee, master.",409
Act I,Scene II,Prospero,"If thou more murmur'st, I will rend an oak",410
Act I,Scene II,Prospero,And peg thee in his knotty entrails till,411
Act I,Scene II,Prospero,Thou hast howl'd away twelve winters.,412
Act I,Scene II,Ariel,"Pardon, master;",413
Act I,Scene II,Ariel,I will be correspondent to command,414
Act I,Scene II,Ariel,And do my spiriting gently.,415
Act I,Scene II,Prospero,"Do so, and after two days",416
Act I,Scene II,Prospero,I will discharge thee.,417
Act I,Scene II,Ariel,That's my noble master!,418
Act I,Scene II,Ariel,What shall I do? say what; what shall I do?,419
Act I,Scene II,Prospero,Go make thyself like a nymph o' the sea: be subject,420
Act I,Scene II,Prospero,"To no sight but thine and mine, invisible",421
Act I,Scene II,Prospero,To every eyeball else. Go take this shape,422
Act I,Scene II,Prospero,"And hither come in't: go, hence with diligence!",423
Act I,Scene II,[stage direction],Exit ARIEL,NA
Act I,Scene II,Prospero,"Awake, dear heart, awake! thou hast slept well; Awake!",424
Act I,Scene II,Miranda,The strangeness of your story put,425
Act I,Scene II,Miranda,Heaviness in me.,426
Act I,Scene II,Prospero,Shake it off. Come on;,427
Act I,Scene II,Prospero,"We'll visit Caliban my slave, who never",428
Act I,Scene II,Prospero,Yields us kind answer.,429
Act I,Scene II,Miranda,"'Tis a villain, sir,",430
Act I,Scene II,Miranda,I do not love to look on.,431
Act I,Scene II,Prospero,"But, as 'tis,",432
Act I,Scene II,Prospero,"We cannot miss him: he does make our fire,",433
Act I,Scene II,Prospero,Fetch in our wood and serves in offices,434
Act I,Scene II,Prospero,"That profit us. What, ho! slave! Caliban!",435
Act I,Scene II,Prospero,"Thou earth, thou! speak.",436
Act I,Scene II,Caliban,[Within]  There's wood enough within.,437
Act I,Scene II,Prospero,"Come forth, I say! there's other business for thee:",438
Act I,Scene II,Prospero,"Come, thou tortoise! when?",439
Act I,Scene II,[stage direction],Re-enter ARIEL like a water-nymph,NA
Act I,Scene II,Prospero,"Fine apparition! My quaint Ariel,",440
Act I,Scene II,Prospero,Hark in thine ear.,441
Act I,Scene II,Ariel,My lord it shall be done.,442
Act I,Scene II,[stage direction],Exit,NA
Act I,Scene II,Prospero,"Thou poisonous slave, got by the devil himself",443
Act I,Scene II,Prospero,"Upon thy wicked dam, come forth!",444
Act I,Scene II,[stage direction],Enter CALIBAN,NA
Act I,Scene II,Caliban,As wicked dew as e'er my mother brush'd,445
Act I,Scene II,Caliban,With raven's feather from unwholesome fen,446
Act I,Scene II,Caliban,Drop on you both! a south-west blow on ye,447
Act I,Scene II,Caliban,And blister you all o'er!,448
Act I,Scene II,Prospero,"For this, be sure, to-night thou shalt have cramps,",449
Act I,Scene II,Prospero,Side-stitches that shall pen thy breath up; urchins,450
Act I,Scene II,Prospero,"Shall, for that vast of night that they may work,",451
Act I,Scene II,Prospero,All exercise on thee; thou shalt be pinch'd,452
Act I,Scene II,Prospero,"As thick as honeycomb, each pinch more stinging",453
Act I,Scene II,Prospero,Than bees that made 'em.,454
Act I,Scene II,Caliban,I must eat my dinner.,455
Act I,Scene II,Caliban,"This island's mine, by Sycorax my mother,",456
Act I,Scene II,Caliban,"Which thou takest from me. When thou camest first,",457
Act I,Scene II,Caliban,"Thou strokedst me and madest much of me, wouldst give me",458
Act I,Scene II,Caliban,"Water with berries in't, and teach me how",459
Act I,Scene II,Caliban,"To name the bigger light, and how the less,",460
Act I,Scene II,Caliban,That burn by day and night: and then I loved thee,461
Act I,Scene II,Caliban,"And show'd thee all the qualities o' the isle,",462
Act I,Scene II,Caliban,"The fresh springs, brine-pits, barren place and fertile:",463
Act I,Scene II,Caliban,Cursed be I that did so! All the charms,464
Act I,Scene II,Caliban,"Of Sycorax, toads, beetles, bats, light on you!",465
Act I,Scene II,Caliban,"For I am all the subjects that you have,",466
Act I,Scene II,Caliban,Which first was mine own king: and here you sty me,467
Act I,Scene II,Caliban,"In this hard rock, whiles you do keep from me",468
Act I,Scene II,Caliban,The rest o' the island.,469
Act I,Scene II,Prospero,"Thou most lying slave,",470
Act I,Scene II,Prospero,"Whom stripes may move, not kindness! I have used thee,",471
Act I,Scene II,Prospero,"Filth as thou art, with human care, and lodged thee",472
Act I,Scene II,Prospero,"In mine own cell, till thou didst seek to violate",473
Act I,Scene II,Prospero,The honour of my child.,474
Act I,Scene II,Caliban,"O ho, O ho! would't had been done!",475
Act I,Scene II,Caliban,Thou didst prevent me; I had peopled else,476
Act I,Scene II,Caliban,This isle with Calibans.,477
Act I,Scene II,Prospero,"Abhorred slave,",478
Act I,Scene II,Prospero,"Which any print of goodness wilt not take,",479
Act I,Scene II,Prospero,"Being capable of all ill! I pitied thee,",480
Act I,Scene II,Prospero,"Took pains to make thee speak, taught thee each hour",481
Act I,Scene II,Prospero,"One thing or other: when thou didst not, savage,",482
Act I,Scene II,Prospero,"Know thine own meaning, but wouldst gabble like",483
Act I,Scene II,Prospero,"A thing most brutish, I endow'd thy purposes",484
Act I,Scene II,Prospero,"With words that made them known. But thy vile race,",485
Act I,Scene II,Prospero,"Though thou didst learn, had that in't which",486
Act I,Scene II,Prospero,good natures,487
Act I,Scene II,Prospero,Could not abide to be with; therefore wast thou,488
Act I,Scene II,Prospero,"Deservedly confined into this rock,",489
Act I,Scene II,Prospero,Who hadst deserved more than a prison.,490
Act I,Scene II,Caliban,You taught me language; and my profit on't,491
Act I,Scene II,Caliban,"Is, I know how to curse. The red plague rid you",492
Act I,Scene II,Caliban,For learning me your language!,493
Act I,Scene II,Prospero,"Hag-seed, hence!",494
Act I,Scene II,Prospero,"Fetch us in fuel; and be quick, thou'rt best,",495
Act I,Scene II,Prospero,"To answer other business. Shrug'st thou, malice?",496
Act I,Scene II,Prospero,If thou neglect'st or dost unwillingly,497
Act I,Scene II,Prospero,"What I command, I'll rack thee with old cramps,",498
Act I,Scene II,Prospero,"Fill all thy bones with aches, make thee roar",499
Act I,Scene II,Prospero,That beasts shall tremble at thy din.,500
Act I,Scene II,Caliban,"No, pray thee.",501
Act I,Scene II,[stage direction],Aside,NA
Act I,Scene II,Caliban,"I must obey: his art is of such power,",502
Act I,Scene II,Caliban,"It would control my dam's god, Setebos,",503
Act I,Scene II,Caliban,and make a vassal of him.,504
Act I,Scene II,Prospero,"So, slave; hence!",505
Act I,Scene II,[stage direction],Exit CALIBAN,NA
Act I,Scene II,[stage direction],"Re-enter ARIEL, invisible, playing and singing; FERDINAND following",NA
Act I,Scene II,Prospero,ARIEL'S song.,506
Act I,Scene II,Prospero,"Come unto these yellow sands,",507
Act I,Scene II,Prospero,And then take hands:,508
Act I,Scene II,Prospero,Courtsied when you have and kiss'd,509
Act I,Scene II,Prospero,"The wild waves whist,",510
Act I,Scene II,Prospero,Foot it featly here and there;,511
Act I,Scene II,Prospero,"And, sweet sprites, the burthen bear.",512
Act I,Scene II,Prospero,"Hark, hark!",513
Act I,Scene II,[stage direction],"Burthen [dispersedly, within",NA
Act I,Scene II,Prospero,The watch-dogs bark!,514
Act I,Scene II,[stage direction],Burthen Bow-wow,NA
Act I,Scene II,Prospero,"Hark, hark! I hear",515
Act I,Scene II,Prospero,The strain of strutting chanticleer,516
Act I,Scene II,Prospero,"Cry, Cock-a-diddle-dow.",517
Act I,Scene II,Ferdinand,Where should this music be? i' the air or the earth?,518
Act I,Scene II,Ferdinand,"It sounds no more: and sure, it waits upon",519
Act I,Scene II,Ferdinand,"Some god o' the island. Sitting on a bank,",520
Act I,Scene II,Ferdinand,"Weeping again the king my father's wreck,",521
Act I,Scene II,Ferdinand,"This music crept by me upon the waters,",522
Act I,Scene II,Ferdinand,Allaying both their fury and my passion,523
Act I,Scene II,Ferdinand,"With its sweet air: thence I have follow'd it,",524
Act I,Scene II,Ferdinand,Or it hath drawn me rather. But 'tis gone.,525
Act I,Scene II,Ferdinand,"No, it begins again.",526
Act I,Scene II,[stage direction],ARIEL sings,NA
Act I,Scene II,Ferdinand,Full fathom five thy father lies;,527
Act I,Scene II,Ferdinand,Of his bones are coral made;,528
Act I,Scene II,Ferdinand,Those are pearls that were his eyes:,529
Act I,Scene II,Ferdinand,Nothing of him that doth fade,530
Act I,Scene II,Ferdinand,But doth suffer a sea-change,531
Act I,Scene II,Ferdinand,Into something rich and strange.,532
Act I,Scene II,Ferdinand,Sea-nymphs hourly ring his knell,533
Act I,Scene II,[stage direction],Burthen Ding-dong,NA
Act I,Scene II,Ferdinand,"Hark! now I hear them,--Ding-dong, bell.",534
Act I,Scene II,Ferdinand,The ditty does remember my drown'd father.,535
Act I,Scene II,Ferdinand,"This is no mortal business, nor no sound",536
Act I,Scene II,Ferdinand,That the earth owes. I hear it now above me.,537
Act I,Scene II,Prospero,The fringed curtains of thine eye advance,538
Act I,Scene II,Prospero,And say what thou seest yond.,539
Act I,Scene II,Miranda,What is't? a spirit?,540
Act I,Scene II,Miranda,"Lord, how it looks about! Believe me, sir,",541
Act I,Scene II,Miranda,It carries a brave form. But 'tis a spirit.,542
Act I,Scene II,Prospero,"No, wench; it eats and sleeps and hath such senses",543
Act I,Scene II,Prospero,"As we have, such. This gallant which thou seest",544
Act I,Scene II,Prospero,"Was in the wreck; and, but he's something stain'd",545
Act I,Scene II,Prospero,"With grief that's beauty's canker, thou mightst call him",546
Act I,Scene II,Prospero,A goodly person: he hath lost his fellows,547
Act I,Scene II,Prospero,And strays about to find 'em.,548
Act I,Scene II,Miranda,I might call him,549
Act I,Scene II,Miranda,"A thing divine, for nothing natural",550
Act I,Scene II,Miranda,I ever saw so noble.,551
Act I,Scene II,Prospero,"[Aside] It goes on, I see,",552
Act I,Scene II,Prospero,"As my soul prompts it. Spirit, fine spirit! I'll free thee",553
Act I,Scene II,Prospero,Within two days for this.,554
Act I,Scene II,Ferdinand,"Most sure, the goddess",555
Act I,Scene II,Ferdinand,On whom these airs attend! Vouchsafe my prayer,556
Act I,Scene II,Ferdinand,May know if you remain upon this island;,557
Act I,Scene II,Ferdinand,And that you will some good instruction give,558
Act I,Scene II,Ferdinand,"How I may bear me here: my prime request,",559
Act I,Scene II,Ferdinand,"Which I do last pronounce, is, O you wonder!",560
Act I,Scene II,Ferdinand,If you be maid or no?,561
Act I,Scene II,Miranda,"No wonder, sir;",562
Act I,Scene II,Miranda,But certainly a maid.,563
Act I,Scene II,Ferdinand,My language! heavens!,564
Act I,Scene II,Ferdinand,"I am the best of them that speak this speech,",565
Act I,Scene II,Ferdinand,Were I but where 'tis spoken.,566
Act I,Scene II,Prospero,How? the best?,567
Act I,Scene II,Prospero,"What wert thou, if the King of Naples heard thee?",568
Act I,Scene II,Ferdinand,"A single thing, as I am now, that wonders",569
Act I,Scene II,Ferdinand,To hear thee speak of Naples. He does hear me;,570
Act I,Scene II,Ferdinand,"And that he does I weep: myself am Naples,",571
Act I,Scene II,Ferdinand,"Who with mine eyes, never since at ebb, beheld",572
Act I,Scene II,Ferdinand,The king my father wreck'd.,573
Act I,Scene II,Miranda,"Alack, for mercy!",574
Act I,Scene II,Ferdinand,"Yes, faith, and all his lords; the Duke of Milan",575
Act I,Scene II,Ferdinand,And his brave son being twain.,576
Act I,Scene II,Prospero,[Aside]	The Duke of Milan,577
Act I,Scene II,Prospero,"And his more braver daughter could control thee,",578
Act I,Scene II,Prospero,If now 'twere fit to do't. At the first sight,579
Act I,Scene II,Prospero,"They have changed eyes. Delicate Ariel,",580
Act I,Scene II,Prospero,I'll set thee free for this.,581
Act I,Scene II,[stage direction],To FERDINAND,NA
Act I,Scene II,Prospero,"A word, good sir;",582
Act I,Scene II,Prospero,I fear you have done yourself some wrong: a word.,583
Act I,Scene II,Miranda,Why speaks my father so ungently? This,584
Act I,Scene II,Miranda,"Is the third man that e'er I saw, the first",585
Act I,Scene II,Miranda,That e'er I sigh'd for: pity move my father,586
Act I,Scene II,Miranda,To be inclined my way!,587
Act I,Scene II,Ferdinand,"O, if a virgin,",588
Act I,Scene II,Ferdinand,"And your affection not gone forth, I'll make you",589
Act I,Scene II,Ferdinand,The queen of Naples.,590
Act I,Scene II,Prospero,"Soft, sir! one word more.",591
Act I,Scene II,[stage direction],Aside,NA
Act I,Scene II,Prospero,They are both in either's powers; but this swift business,592
Act I,Scene II,Prospero,"I must uneasy make, lest too light winning",593
Act I,Scene II,Prospero,Make the prize light.,594
Act I,Scene II,[stage direction],To FERDINAND,NA
Act I,Scene II,Prospero,One word more; I charge thee,595
Act I,Scene II,Prospero,That thou attend me: thou dost here usurp,596
Act I,Scene II,Prospero,The name thou owest not; and hast put thyself,597
Act I,Scene II,Prospero,"Upon this island as a spy, to win it",598
Act I,Scene II,Prospero,"From me, the lord on't.",599
Act I,Scene II,Ferdinand,"No, as I am a man.",600
Act I,Scene II,Miranda,There's nothing ill can dwell in such a temple:,601
Act I,Scene II,Miranda,"If the ill spirit have so fair a house,",602
Act I,Scene II,Miranda,Good things will strive to dwell with't.,603
Act I,Scene II,Prospero,Follow me.,604
Act I,Scene II,Prospero,Speak not you for him; he's a traitor. Come;,605
Act I,Scene II,Prospero,I'll manacle thy neck and feet together:,606
Act I,Scene II,Prospero,Sea-water shalt thou drink; thy food shall be,607
Act I,Scene II,Prospero,"The fresh-brook muscles, wither'd roots and husks",608
Act I,Scene II,Prospero,Wherein the acorn cradled. Follow.,609
Act I,Scene II,Ferdinand,No;,610
Act I,Scene II,Ferdinand,I will resist such entertainment till,611
Act I,Scene II,Ferdinand,Mine enemy has more power.,612
Act I,Scene II,[stage direction],"Draws, and is charmed from moving",NA
Act I,Scene II,Miranda,"O dear father,",613
Act I,Scene II,Miranda,"Make not too rash a trial of him, for",614
Act I,Scene II,Miranda,He's gentle and not fearful.,615
Act I,Scene II,Prospero,"What? I say,",616
Act I,Scene II,Prospero,"My foot my tutor? Put thy sword up, traitor;",617
Act I,Scene II,Prospero,"Who makest a show but darest not strike, thy conscience",618
Act I,Scene II,Prospero,"Is so possess'd with guilt: come from thy ward,",619
Act I,Scene II,Prospero,For I can here disarm thee with this stick,620
Act I,Scene II,Prospero,And make thy weapon drop.,621
Act I,Scene II,Miranda,"Beseech you, father.",622
Act I,Scene II,Prospero,Hence! hang not on my garments.,623
Act I,Scene II,Miranda,"Sir, have pity;",624
Act I,Scene II,Miranda,I'll be his surety.,625
Act I,Scene II,Prospero,Silence! one word more,626
Act I,Scene II,Prospero,"Shall make me chide thee, if not hate thee. What!",627
Act I,Scene II,Prospero,An advocate for an imposter! hush!,628
Act I,Scene II,Prospero,"Thou think'st there is no more such shapes as he,",629
Act I,Scene II,Prospero,Having seen but him and Caliban: foolish wench!,630
Act I,Scene II,Prospero,To the most of men this is a Caliban,631
Act I,Scene II,Prospero,And they to him are angels.,632
Act I,Scene II,Miranda,My affections,633
Act I,Scene II,Miranda,Are then most humble; I have no ambition,634
Act I,Scene II,Miranda,To see a goodlier man.,635
Act I,Scene II,Prospero,Come on; obey:,636
Act I,Scene II,Prospero,Thy nerves are in their infancy again,637
Act I,Scene II,Prospero,And have no vigour in them.,638
Act I,Scene II,Ferdinand,So they are;,639
Act I,Scene II,Ferdinand,"My spirits, as in a dream, are all bound up.",640
Act I,Scene II,Ferdinand,"My father's loss, the weakness which I feel,",641
Act I,Scene II,Ferdinand,"The wreck of all my friends, nor this man's threats,",642
Act I,Scene II,Ferdinand,"To whom I am subdued, are but light to me,",643
Act I,Scene II,Ferdinand,Might I but through my prison once a day,644
Act I,Scene II,Ferdinand,Behold this maid: all corners else o' the earth,645
Act I,Scene II,Ferdinand,Let liberty make use of; space enough,646
Act I,Scene II,Ferdinand,Have I in such a prison.,647
Act I,Scene II,Prospero,[Aside]                It works.,648
Act I,Scene II,[stage direction],To FERDINAND,NA
Act I,Scene II,Prospero,Come on.,649
Act I,Scene II,Prospero,"Thou hast done well, fine Ariel!",650
Act I,Scene II,[stage direction],To FERDINAND,NA
Act I,Scene II,Prospero,Follow me.,651
Act I,Scene II,[stage direction],To ARIEL,NA
Act I,Scene II,Prospero,Hark what thou else shalt do me.,652
Act I,Scene II,Miranda,Be of comfort;,653
Act I,Scene II,Miranda,"My father's of a better nature, sir,",654
Act I,Scene II,Miranda,Than he appears by speech: this is unwonted,655
Act I,Scene II,Miranda,Which now came from him.,656
Act I,Scene II,Prospero,Thou shalt be free,657
Act I,Scene II,Prospero,As mountain winds: but then exactly do,658
Act I,Scene II,Prospero,All points of my command.,659
Act I,Scene II,Ariel,To the syllable.,660
Act I,Scene II,Prospero,"Come, follow. Speak not for him.",661
Act I,Scene II,[stage direction],Exeunt,NA
Act II,Scene I,[stage direction],"Enter ALONSO, SEBASTIAN, ANTONIO, GONZALO, ADRIAN, FRANCISCO, and others",NA
Act II,Scene I,Gonzalo,"Beseech you, sir, be merry; you have cause,",662
Act II,Scene I,Gonzalo,"So have we all, of joy; for our escape",663
Act II,Scene I,Gonzalo,Is much beyond our loss. Our hint of woe,664
Act II,Scene I,Gonzalo,"Is common; every day some sailor's wife,",665
Act II,Scene I,Gonzalo,The masters of some merchant and the merchant,666
Act II,Scene I,Gonzalo,"Have just our theme of woe; but for the miracle,",667
Act II,Scene I,Gonzalo,"I mean our preservation, few in millions",668
Act II,Scene I,Gonzalo,"Can speak like us: then wisely, good sir, weigh",669
Act II,Scene I,Gonzalo,Our sorrow with our comfort.,670
Act II,Scene I,Alonso,"Prithee, peace.",671
Act II,Scene I,Sebastian,He receives comfort like cold porridge.,672
Act II,Scene I,Antonio,The visitor will not give him o'er so.,673
Act II,Scene I,Sebastian,Look he's winding up the watch of his wit;,674
Act II,Scene I,Sebastian,by and by it will strike.,675
Act II,Scene I,Gonzalo,"Sir,--",676
Act II,Scene I,Sebastian,One: tell.,677
Act II,Scene I,Gonzalo,"When every grief is entertain'd that's offer'd,",678
Act II,Scene I,Gonzalo,Comes to the entertainer--,679
Act II,Scene I,Sebastian,A dollar.,680
Act II,Scene I,Gonzalo,"Dolour comes to him, indeed: you",681
Act II,Scene I,Gonzalo,have spoken truer than you purposed.,682
Act II,Scene I,Sebastian,You have taken it wiselier than I meant you should.,683
Act II,Scene I,Gonzalo,"Therefore, my lord,--",684
Act II,Scene I,Antonio,"Fie, what a spendthrift is he of his tongue!",685
Act II,Scene I,Alonso,"I prithee, spare.",686
Act II,Scene I,Gonzalo,"Well, I have done: but yet,--",687
Act II,Scene I,Sebastian,He will be talking.,688
Act II,Scene I,Antonio,"Which, of he or Adrian, for a good",689
Act II,Scene I,Antonio,"wager, first begins to crow?",690
Act II,Scene I,Sebastian,The old cock.,691
Act II,Scene I,Antonio,The cockerel.,692
Act II,Scene I,Sebastian,Done. The wager?,693
Act II,Scene I,Antonio,A laughter.,694
Act II,Scene I,Sebastian,A match!,695
Act II,Scene I,Adrian,"Though this island seem to be desert,--",696
Act II,Scene I,Sebastian,"Ha, ha, ha! So, you're paid.",697
Act II,Scene I,Adrian,"Uninhabitable and almost inaccessible,--",698
Act II,Scene I,Sebastian,"Yet,--",699
Act II,Scene I,Adrian,"Yet,--",700
Act II,Scene I,Antonio,He could not miss't.,701
Act II,Scene I,Adrian,"It must needs be of subtle, tender and delicate",702
Act II,Scene I,Adrian,temperance.,703
Act II,Scene I,Antonio,Temperance was a delicate wench.,704
Act II,Scene I,Sebastian,"Ay, and a subtle; as he most learnedly delivered.",705
Act II,Scene I,Adrian,The air breathes upon us here most sweetly.,706
Act II,Scene I,Sebastian,As if it had lungs and rotten ones.,707
Act II,Scene I,Antonio,Or as 'twere perfumed by a fen.,708
Act II,Scene I,Gonzalo,Here is everything advantageous to life.,709
Act II,Scene I,Antonio,True; save means to live.,710
Act II,Scene I,Sebastian,"Of that there's none, or little.",711
Act II,Scene I,Gonzalo,How lush and lusty the grass looks! how green!,712
Act II,Scene I,Antonio,The ground indeed is tawny.,713
Act II,Scene I,Sebastian,With an eye of green in't.,714
Act II,Scene I,Antonio,He misses not much.,715
Act II,Scene I,Sebastian,No; he doth but mistake the truth totally.,716
Act II,Scene I,Gonzalo,"But the rarity of it is,--which is indeed almost",717
Act II,Scene I,Gonzalo,"beyond credit,--",718
Act II,Scene I,Sebastian,As many vouched rarities are.,719
Act II,Scene I,Gonzalo,"That our garments, being, as they were, drenched in",720
Act II,Scene I,Gonzalo,"the sea, hold notwithstanding their freshness and",721
Act II,Scene I,Gonzalo,"glosses, being rather new-dyed than stained with",722
Act II,Scene I,Gonzalo,salt water.,723
Act II,Scene I,Antonio,"If but one of his pockets could speak, would it not",724
Act II,Scene I,Antonio,say he lies?,725
Act II,Scene I,Sebastian,"Ay, or very falsely pocket up his report",726
Act II,Scene I,Gonzalo,Methinks our garments are now as fresh as when we,727
Act II,Scene I,Gonzalo,"put them on first in Afric, at the marriage of",728
Act II,Scene I,Gonzalo,the king's fair daughter Claribel to the King of Tunis.,729
Act II,Scene I,Sebastian,"'Twas a sweet marriage, and we prosper well in our return.",730
Act II,Scene I,Adrian,Tunis was never graced before with such a paragon to,731
Act II,Scene I,Adrian,their queen.,732
Act II,Scene I,Gonzalo,Not since widow Dido's time.,733
Act II,Scene I,Antonio,Widow! a pox o' that! How came that widow in?,734
Act II,Scene I,Antonio,widow Dido!,735
Act II,Scene I,Sebastian,"What if he had said 'widower AEneas' too? Good Lord,",736
Act II,Scene I,Sebastian,how you take it!,737
Act II,Scene I,Adrian,'Widow Dido' said you? you make me study of that:,738
Act II,Scene I,Adrian,"she was of Carthage, not of Tunis.",739
Act II,Scene I,Gonzalo,"This Tunis, sir, was Carthage.",740
Act II,Scene I,Adrian,Carthage?,741
Act II,Scene I,Gonzalo,"I assure you, Carthage.",742
Act II,Scene I,Sebastian,His word is more than the miraculous harp; he hath,743
Act II,Scene I,Sebastian,raised the wall and houses too.,744
Act II,Scene I,Antonio,What impossible matter will he make easy next?,745
Act II,Scene I,Sebastian,I think he will carry this island home in his pocket,746
Act II,Scene I,Sebastian,and give it his son for an apple.,747
Act II,Scene I,Antonio,"And, sowing the kernels of it in the sea, bring",748
Act II,Scene I,Antonio,forth more islands.,749
Act II,Scene I,Gonzalo,Ay.,750
Act II,Scene I,Antonio,"Why, in good time.",751
Act II,Scene I,Gonzalo,"Sir, we were talking that our garments seem now",752
Act II,Scene I,Gonzalo,as fresh as when we were at Tunis at the marriage,753
Act II,Scene I,Gonzalo,"of your daughter, who is now queen.",754
Act II,Scene I,Antonio,And the rarest that e'er came there.,755
Act II,Scene I,Sebastian,"Bate, I beseech you, widow Dido.",756
Act II,Scene I,Antonio,"O, widow Dido! ay, widow Dido.",757
Act II,Scene I,Gonzalo,"Is not, sir, my doublet as fresh as the first day I",758
Act II,Scene I,Gonzalo,"wore it? I mean, in a sort.",759
Act II,Scene I,Antonio,That sort was well fished for.,760
Act II,Scene I,Gonzalo,When I wore it at your daughter's marriage?,761
Act II,Scene I,Alonso,You cram these words into mine ears against,762
Act II,Scene I,Alonso,The stomach of my sense. Would I had never,763
Act II,Scene I,Alonso,"Married my daughter there! for, coming thence,",764
Act II,Scene I,Alonso,"My son is lost and, in my rate, she too,",765
Act II,Scene I,Alonso,Who is so far from Italy removed,766
Act II,Scene I,Alonso,I ne'er again shall see her. O thou mine heir,767
Act II,Scene I,Alonso,"Of Naples and of Milan, what strange fish",768
Act II,Scene I,Alonso,Hath made his meal on thee?,769
Act II,Scene I,Francisco,"Sir, he may live:",770
Act II,Scene I,Francisco,"I saw him beat the surges under him,",771
Act II,Scene I,Francisco,"And ride upon their backs; he trod the water,",772
Act II,Scene I,Francisco,"Whose enmity he flung aside, and breasted",773
Act II,Scene I,Francisco,The surge most swoln that met him; his bold head,774
Act II,Scene I,Francisco,"'Bove the contentious waves he kept, and oar'd",775
Act II,Scene I,Francisco,Himself with his good arms in lusty stroke,776
Act II,Scene I,Francisco,"To the shore, that o'er his wave-worn basis bow'd,",777
Act II,Scene I,Francisco,As stooping to relieve him: I not doubt,778
Act II,Scene I,Francisco,He came alive to land.,779
Act II,Scene I,Alonso,"No, no, he's gone.",780
Act II,Scene I,Sebastian,"Sir, you may thank yourself for this great loss,",781
Act II,Scene I,Sebastian,"That would not bless our Europe with your daughter,",782
Act II,Scene I,Sebastian,But rather lose her to an African;,783
Act II,Scene I,Sebastian,"Where she at least is banish'd from your eye,",784
Act II,Scene I,Sebastian,Who hath cause to wet the grief on't.,785
Act II,Scene I,Alonso,"Prithee, peace.",786
Act II,Scene I,Sebastian,You were kneel'd to and importuned otherwise,787
Act II,Scene I,Sebastian,"By all of us, and the fair soul herself",788
Act II,Scene I,Sebastian,"Weigh'd between loathness and obedience, at",789
Act II,Scene I,Sebastian,Which end o' the beam should bow. We have lost your,790
Act II,Scene I,Sebastian,"son,",791
Act II,Scene I,Sebastian,"I fear, for ever: Milan and Naples have",792
Act II,Scene I,Sebastian,More widows in them of this business' making,793
Act II,Scene I,Sebastian,Than we bring men to comfort them:,794
Act II,Scene I,Sebastian,The fault's your own.,795
Act II,Scene I,Alonso,So is the dear'st o' the loss.,796
Act II,Scene I,Gonzalo,"My lord Sebastian,",797
Act II,Scene I,Gonzalo,The truth you speak doth lack some gentleness,798
Act II,Scene I,Gonzalo,"And time to speak it in: you rub the sore,",799
Act II,Scene I,Gonzalo,When you should bring the plaster.,800
Act II,Scene I,Sebastian,Very well.,801
Act II,Scene I,Antonio,And most chirurgeonly.,802
Act II,Scene I,Gonzalo,"It is foul weather in us all, good sir,",803
Act II,Scene I,Gonzalo,When you are cloudy.,804
Act II,Scene I,Sebastian,Foul weather?,805
Act II,Scene I,Antonio,Very foul.,806
Act II,Scene I,Gonzalo,"Had I plantation of this isle, my lord,--",807
Act II,Scene I,Antonio,He'ld sow't with nettle-seed.,808
Act II,Scene I,Sebastian,"Or docks, or mallows.",809
Act II,Scene I,Gonzalo,"And were the king on't, what would I do?",810
Act II,Scene I,Sebastian,'Scape being drunk for want of wine.,811
Act II,Scene I,Gonzalo,I' the commonwealth I would by contraries,812
Act II,Scene I,Gonzalo,Execute all things; for no kind of traffic,813
Act II,Scene I,Gonzalo,Would I admit; no name of magistrate;,814
Act II,Scene I,Gonzalo,"Letters should not be known; riches, poverty,",815
Act II,Scene I,Gonzalo,"And use of service, none; contract, succession,",816
Act II,Scene I,Gonzalo,"Bourn, bound of land, tilth, vineyard, none;",817
Act II,Scene I,Gonzalo,"No use of metal, corn, or wine, or oil;",818
Act II,Scene I,Gonzalo,"No occupation; all men idle, all;",819
Act II,Scene I,Gonzalo,"And women too, but innocent and pure;",820
Act II,Scene I,Gonzalo,No sovereignty;--,821
Act II,Scene I,Sebastian,Yet he would be king on't.,822
Act II,Scene I,Antonio,The latter end of his commonwealth forgets the,823
Act II,Scene I,Antonio,beginning.,824
Act II,Scene I,Gonzalo,All things in common nature should produce,825
Act II,Scene I,Gonzalo,"Without sweat or endeavour: treason, felony,",826
Act II,Scene I,Gonzalo,"Sword, pike, knife, gun, or need of any engine,",827
Act II,Scene I,Gonzalo,"Would I not have; but nature should bring forth,",828
Act II,Scene I,Gonzalo,"Of its own kind, all foison, all abundance,",829
Act II,Scene I,Gonzalo,To feed my innocent people.,830
Act II,Scene I,Sebastian,No marrying 'mong his subjects?,831
Act II,Scene I,Antonio,"None, man; all idle: whores and knaves.",832
Act II,Scene I,Gonzalo,"I would with such perfection govern, sir,",833
Act II,Scene I,Gonzalo,To excel the golden age.,834
Act II,Scene I,Sebastian,God save his majesty!,835
Act II,Scene I,Antonio,Long live Gonzalo!,836
Act II,Scene I,Gonzalo,"And,--do you mark me, sir?",837
Act II,Scene I,Alonso,"Prithee, no more: thou dost talk nothing to me.",838
Act II,Scene I,Gonzalo,I do well believe your highness; and,839
Act II,Scene I,Gonzalo,"did it to minister occasion to these gentlemen,",840
Act II,Scene I,Gonzalo,who are of such sensible and nimble lungs that,841
Act II,Scene I,Gonzalo,they always use to laugh at nothing.,842
Act II,Scene I,Antonio,'Twas you we laughed at.,843
Act II,Scene I,Gonzalo,Who in this kind of merry fooling am nothing,844
Act II,Scene I,Gonzalo,to you: so you may continue and laugh at,845
Act II,Scene I,Gonzalo,nothing still.,846
Act II,Scene I,Antonio,What a blow was there given!,847
Act II,Scene I,Sebastian,An it had not fallen flat-long.,848
Act II,Scene I,Gonzalo,You are gentlemen of brave metal; you would lift,849
Act II,Scene I,Gonzalo,"the moon out of her sphere, if she would continue",850
Act II,Scene I,Gonzalo,in it five weeks without changing.,851
Act II,Scene I,[stage direction],"Enter ARIEL, invisible, playing solemn music",NA
Act II,Scene I,Sebastian,"We would so, and then go a bat-fowling.",852
Act II,Scene I,Antonio,"Nay, good my lord, be not angry.",853
Act II,Scene I,Gonzalo,"No, I warrant you; I will not adventure",854
Act II,Scene I,Gonzalo,my discretion so weakly. Will you laugh,855
Act II,Scene I,Gonzalo,"me asleep, for I am very heavy?",856
Act II,Scene I,Antonio,"Go sleep, and hear us.",857
Act II,Scene I,[stage direction],"All sleep except ALONSO, SEBASTIAN, and ANTONIO",NA
Act II,Scene I,Alonso,"What, all so soon asleep! I wish mine eyes",858
Act II,Scene I,Alonso,"Would, with themselves, shut up my thoughts: I find",859
Act II,Scene I,Alonso,They are inclined to do so.,860
Act II,Scene I,Sebastian,"Please you, sir,",861
Act II,Scene I,Sebastian,Do not omit the heavy offer of it:,862
Act II,Scene I,Sebastian,"It seldom visits sorrow; when it doth,",863
Act II,Scene I,Sebastian,It is a comforter.,864
Act II,Scene I,Antonio,"We two, my lord,",865
Act II,Scene I,Antonio,"Will guard your person while you take your rest,",866
Act II,Scene I,Antonio,And watch your safety.,867
Act II,Scene I,Alonso,Thank you. Wondrous heavy.,868
Act II,Scene I,[stage direction],ALONSO sleeps. Exit ARIEL,NA
Act II,Scene I,Sebastian,What a strange drowsiness possesses them!,869
Act II,Scene I,Antonio,It is the quality o' the climate.,870
Act II,Scene I,Sebastian,Why,871
Act II,Scene I,Sebastian,Doth it not then our eyelids sink? I find not,872
Act II,Scene I,Sebastian,Myself disposed to sleep.,873
Act II,Scene I,Antonio,Nor I; my spirits are nimble.,874
Act II,Scene I,Antonio,"They fell together all, as by consent;",875
Act II,Scene I,Antonio,"They dropp'd, as by a thunder-stroke. What might,",876
Act II,Scene I,Antonio,"Worthy Sebastian? O, what might?--No more:--",877
Act II,Scene I,Antonio,"And yet me thinks I see it in thy face,",878
Act II,Scene I,Antonio,"What thou shouldst be: the occasion speaks thee, and",879
Act II,Scene I,Antonio,My strong imagination sees a crown,880
Act II,Scene I,Antonio,Dropping upon thy head.,881
Act II,Scene I,Sebastian,"What, art thou waking?",882
Act II,Scene I,Antonio,Do you not hear me speak?,883
Act II,Scene I,Sebastian,I do; and surely,884
Act II,Scene I,Sebastian,It is a sleepy language and thou speak'st,885
Act II,Scene I,Sebastian,Out of thy sleep. What is it thou didst say?,886
Act II,Scene I,Sebastian,"This is a strange repose, to be asleep",887
Act II,Scene I,Sebastian,"With eyes wide open; standing, speaking, moving,",888
Act II,Scene I,Sebastian,And yet so fast asleep.,889
Act II,Scene I,Antonio,"Noble Sebastian,",890
Act II,Scene I,Antonio,"Thou let'st thy fortune sleep--die, rather; wink'st",891
Act II,Scene I,Antonio,Whiles thou art waking.,892
Act II,Scene I,Sebastian,Thou dost snore distinctly;,893
Act II,Scene I,Sebastian,There's meaning in thy snores.,894
Act II,Scene I,Antonio,I am more serious than my custom: you,895
Act II,Scene I,Antonio,"Must be so too, if heed me; which to do",896
Act II,Scene I,Antonio,Trebles thee o'er.,897
Act II,Scene I,Sebastian,"Well, I am standing water.",898
Act II,Scene I,Antonio,I'll teach you how to flow.,899
Act II,Scene I,Sebastian,Do so: to ebb,900
Act II,Scene I,Sebastian,Hereditary sloth instructs me.,901
Act II,Scene I,Antonio,"O,",902
Act II,Scene I,Antonio,If you but knew how you the purpose cherish,903
Act II,Scene I,Antonio,"Whiles thus you mock it! how, in stripping it,",904
Act II,Scene I,Antonio,"You more invest it! Ebbing men, indeed,",905
Act II,Scene I,Antonio,Most often do so near the bottom run,906
Act II,Scene I,Antonio,By their own fear or sloth.,907
Act II,Scene I,Sebastian,"Prithee, say on:",908
Act II,Scene I,Sebastian,The setting of thine eye and cheek proclaim,909
Act II,Scene I,Sebastian,"A matter from thee, and a birth indeed",910
Act II,Scene I,Sebastian,Which throes thee much to yield.,911
Act II,Scene I,Antonio,"Thus, sir:",912
Act II,Scene I,Antonio,"Although this lord of weak remembrance, this,",913
Act II,Scene I,Antonio,Who shall be of as little memory,914
Act II,Scene I,Antonio,"When he is earth'd, hath here almost persuade,--",915
Act II,Scene I,Antonio,"For he's a spirit of persuasion, only",916
Act II,Scene I,Antonio,"Professes to persuade,--the king his son's alive,",917
Act II,Scene I,Antonio,'Tis as impossible that he's undrown'd,918
Act II,Scene I,Antonio,And he that sleeps here swims.,919
Act II,Scene I,Sebastian,I have no hope,920
Act II,Scene I,Sebastian,That he's undrown'd.,921
Act II,Scene I,Antonio,"O, out of that 'no hope'",922
Act II,Scene I,Antonio,What great hope have you! no hope that way is,923
Act II,Scene I,Antonio,Another way so high a hope that even,924
Act II,Scene I,Antonio,"Ambition cannot pierce a wink beyond,",925
Act II,Scene I,Antonio,But doubt discovery there. Will you grant with me,926
Act II,Scene I,Antonio,That Ferdinand is drown'd?,927
Act II,Scene I,Sebastian,He's gone.,928
Act II,Scene I,Antonio,"Then, tell me,",929
Act II,Scene I,Antonio,Who's the next heir of Naples?,930
Act II,Scene I,Sebastian,Claribel.,931
Act II,Scene I,Antonio,She that is queen of Tunis; she that dwells,932
Act II,Scene I,Antonio,Ten leagues beyond man's life; she that from Naples,933
Act II,Scene I,Antonio,"Can have no note, unless the sun were post--",934
Act II,Scene I,Antonio,The man i' the moon's too slow--till new-born chins,935
Act II,Scene I,Antonio,Be rough and razorable; she that--from whom?,936
Act II,Scene I,Antonio,"We all were sea-swallow'd, though some cast again,",937
Act II,Scene I,Antonio,And by that destiny to perform an act,938
Act II,Scene I,Antonio,"Whereof what's past is prologue, what to come",939
Act II,Scene I,Antonio,In yours and my discharge.,940
Act II,Scene I,Sebastian,What stuff is this! how say you?,941
Act II,Scene I,Sebastian,"'Tis true, my brother's daughter's queen of Tunis;",942
Act II,Scene I,Sebastian,So is she heir of Naples; 'twixt which regions,943
Act II,Scene I,Sebastian,There is some space.,944
Act II,Scene I,Antonio,A space whose every cubit,945
Act II,Scene I,Antonio,"Seems to cry out, 'How shall that Claribel",946
Act II,Scene I,Antonio,"Measure us back to Naples? Keep in Tunis,",947
Act II,Scene I,Antonio,"And let Sebastian wake.' Say, this were death",948
Act II,Scene I,Antonio,"That now hath seized them; why, they were no worse",949
Act II,Scene I,Antonio,Than now they are. There be that can rule Naples,950
Act II,Scene I,Antonio,As well as he that sleeps; lords that can prate,951
Act II,Scene I,Antonio,As amply and unnecessarily,952
Act II,Scene I,Antonio,As this Gonzalo; I myself could make,953
Act II,Scene I,Antonio,"A chough of as deep chat. O, that you bore",954
Act II,Scene I,Antonio,The mind that I do! what a sleep were this,955
Act II,Scene I,Antonio,For your advancement! Do you understand me?,956
Act II,Scene I,Sebastian,Methinks I do.,957
Act II,Scene I,Antonio,And how does your content,958
Act II,Scene I,Antonio,Tender your own good fortune?,959
Act II,Scene I,Sebastian,I remember,960
Act II,Scene I,Sebastian,You did supplant your brother Prospero.,961
Act II,Scene I,Antonio,True:,962
Act II,Scene I,Antonio,And look how well my garments sit upon me;,963
Act II,Scene I,Antonio,Much feater than before: my brother's servants,964
Act II,Scene I,Antonio,Were then my fellows; now they are my men.,965
Act II,Scene I,Sebastian,"But, for your conscience?",966
Act II,Scene I,Antonio,"Ay, sir; where lies that? if 'twere a kibe,",967
Act II,Scene I,Antonio,'Twould put me to my slipper: but I feel not,968
Act II,Scene I,Antonio,"This deity in my bosom: twenty consciences,",969
Act II,Scene I,Antonio,"That stand 'twixt me and Milan, candied be they",970
Act II,Scene I,Antonio,"And melt ere they molest! Here lies your brother,",971
Act II,Scene I,Antonio,"No better than the earth he lies upon,",972
Act II,Scene I,Antonio,"If he were that which now he's like, that's dead;",973
Act II,Scene I,Antonio,"Whom I, with this obedient steel, three inches of it,",974
Act II,Scene I,Antonio,"Can lay to bed for ever; whiles you, doing thus,",975
Act II,Scene I,Antonio,To the perpetual wink for aye might put,976
Act II,Scene I,Antonio,"This ancient morsel, this Sir Prudence, who",977
Act II,Scene I,Antonio,"Should not upbraid our course. For all the rest,",978
Act II,Scene I,Antonio,They'll take suggestion as a cat laps milk;,979
Act II,Scene I,Antonio,They'll tell the clock to any business that,980
Act II,Scene I,Antonio,We say befits the hour.,981
Act II,Scene I,Sebastian,"Thy case, dear friend,",982
Act II,Scene I,Sebastian,"Shall be my precedent; as thou got'st Milan,",983
Act II,Scene I,Sebastian,I'll come by Naples. Draw thy sword: one stroke,984
Act II,Scene I,Sebastian,Shall free thee from the tribute which thou payest;,985
Act II,Scene I,Sebastian,And I the king shall love thee.,986
Act II,Scene I,Antonio,Draw together;,987
Act II,Scene I,Antonio,"And when I rear my hand, do you the like,",988
Act II,Scene I,Antonio,To fall it on Gonzalo.,989
Act II,Scene I,Sebastian,"O, but one word.",990
Act II,Scene I,[stage direction],They talk apart,NA
Act II,Scene I,[stage direction],"Re-enter ARIEL, invisible",NA
Act II,Scene I,Ariel,My master through his art foresees the danger,991
Act II,Scene I,Ariel,"That you, his friend, are in; and sends me forth--",992
Act II,Scene I,Ariel,For else his project dies--to keep them living.,993
Act II,Scene I,[stage direction],Sings in GONZALO's ear,NA
Act II,Scene I,Ariel,"While you here do snoring lie,",994
Act II,Scene I,Ariel,Open-eyed conspiracy,995
Act II,Scene I,Ariel,His time doth take.,996
Act II,Scene I,Ariel,"If of life you keep a care,",997
Act II,Scene I,Ariel,"Shake off slumber, and beware:",998
Act II,Scene I,Ariel,"Awake, awake!",999
Act II,Scene I,Antonio,Then let us both be sudden.,1000
Act II,Scene I,Gonzalo,"Now, good angels",1001
Act II,Scene I,Gonzalo,Preserve the king.,1002
Act II,Scene I,[stage direction],They wake,NA
Act II,Scene I,Alonso,"Why, how now? ho, awake! Why are you drawn?",1003
Act II,Scene I,Alonso,Wherefore this ghastly looking?,1004
Act II,Scene I,Gonzalo,What's the matter?,1005
Act II,Scene I,Sebastian,"Whiles we stood here securing your repose,",1006
Act II,Scene I,Sebastian,"Even now, we heard a hollow burst of bellowing",1007
Act II,Scene I,Sebastian,"Like bulls, or rather lions: did't not wake you?",1008
Act II,Scene I,Sebastian,It struck mine ear most terribly.,1009
Act II,Scene I,Alonso,I heard nothing.,1010
Act II,Scene I,Antonio,"O, 'twas a din to fright a monster's ear,",1011
Act II,Scene I,Antonio,"To make an earthquake! sure, it was the roar",1012
Act II,Scene I,Antonio,Of a whole herd of lions.,1013
Act II,Scene I,Alonso,"Heard you this, Gonzalo?",1014
Act II,Scene I,Gonzalo,"Upon mine honour, sir, I heard a humming,",1015
Act II,Scene I,Gonzalo,"And that a strange one too, which did awake me:",1016
Act II,Scene I,Gonzalo,"I shaked you, sir, and cried: as mine eyes open'd,",1017
Act II,Scene I,Gonzalo,"I saw their weapons drawn: there was a noise,",1018
Act II,Scene I,Gonzalo,"That's verily. 'Tis best we stand upon our guard,",1019
Act II,Scene I,Gonzalo,Or that we quit this place; let's draw our weapons.,1020
Act II,Scene I,Alonso,Lead off this ground; and let's make further search,1021
Act II,Scene I,Alonso,For my poor son.,1022
Act II,Scene I,Gonzalo,Heavens keep him from these beasts!,1023
Act II,Scene I,Gonzalo,"For he is, sure, i' the island.",1024
Act II,Scene I,Alonso,Lead away.,1025
Act II,Scene I,Ariel,Prospero my lord shall know what I have done:,1026
Act II,Scene I,Ariel,"So, king, go safely on to seek thy son.",1027
Act II,Scene I,[stage direction],Exeunt,NA
Act II,Scene II,[stage direction],Enter CALIBAN with a burden of wood. A noise of thunder heard,NA
Act II,Scene II,Caliban,All the infections that the sun sucks up,1028
Act II,Scene II,Caliban,"From bogs, fens, flats, on Prosper fall and make him",1029
Act II,Scene II,Caliban,By inch-meal a disease! His spirits hear me,1030
Act II,Scene II,Caliban,"And yet I needs must curse. But they'll nor pinch,",1031
Act II,Scene II,Caliban,"Fright me with urchin--shows, pitch me i' the mire,",1032
Act II,Scene II,Caliban,"Nor lead me, like a firebrand, in the dark",1033
Act II,Scene II,Caliban,"Out of my way, unless he bid 'em; but",1034
Act II,Scene II,Caliban,For every trifle are they set upon me;,1035
Act II,Scene II,Caliban,Sometime like apes that mow and chatter at me,1036
Act II,Scene II,Caliban,"And after bite me, then like hedgehogs which",1037
Act II,Scene II,Caliban,Lie tumbling in my barefoot way and mount,1038
Act II,Scene II,Caliban,Their pricks at my footfall; sometime am I,1039
Act II,Scene II,Caliban,All wound with adders who with cloven tongues,1040
Act II,Scene II,Caliban,Do hiss me into madness.,1041
Act II,Scene II,[stage direction],Enter TRINCULO,NA
Act II,Scene II,Caliban,"Lo, now, lo!",1042
Act II,Scene II,Caliban,"Here comes a spirit of his, and to torment me",1043
Act II,Scene II,Caliban,For bringing wood in slowly. I'll fall flat;,1044
Act II,Scene II,Caliban,Perchance he will not mind me.,1045
Act II,Scene II,Trinculo,"Here's neither bush nor shrub, to bear off",1046
Act II,Scene II,Trinculo,"any weather at all, and another storm brewing;",1047
Act II,Scene II,Trinculo,I hear it sing i' the wind: yond same black,1048
Act II,Scene II,Trinculo,"cloud, yond huge one, looks like a foul",1049
Act II,Scene II,Trinculo,bombard that would shed his liquor. If it,1050
Act II,Scene II,Trinculo,"should thunder as it did before, I know not",1051
Act II,Scene II,Trinculo,where to hide my head: yond same cloud cannot,1052
Act II,Scene II,Trinculo,choose but fall by pailfuls. What have we,1053
Act II,Scene II,Trinculo,here? a man or a fish? dead or alive? A fish:,1054
Act II,Scene II,Trinculo,he smells like a fish; a very ancient and fish-,1055
Act II,Scene II,Trinculo,like smell; a kind of not of the newest Poor-,1056
Act II,Scene II,Trinculo,"John. A strange fish! Were I in England now,",1057
Act II,Scene II,Trinculo,"as once I was, and had but this fish painted,",1058
Act II,Scene II,Trinculo,not a holiday fool there but would give a piece,1059
Act II,Scene II,Trinculo,of silver: there would this monster make a,1060
Act II,Scene II,Trinculo,man; any strange beast there makes a man:,1061
Act II,Scene II,Trinculo,when they will not give a doit to relieve a lame,1062
Act II,Scene II,Trinculo,"beggar, they will lazy out ten to see a dead",1063
Act II,Scene II,Trinculo,Indian. Legged like a man and his fins like,1064
Act II,Scene II,Trinculo,arms! Warm o' my troth! I do now let loose,1065
Act II,Scene II,Trinculo,"my opinion; hold it no longer: this is no fish,",1066
Act II,Scene II,Trinculo,"but an islander, that hath lately suffered by a",1067
Act II,Scene II,Trinculo,thunderbolt.,1068
Act II,Scene II,[stage direction],Thunder,NA
Act II,Scene II,Trinculo,"Alas, the storm is come again! my best way is to",1069
Act II,Scene II,Trinculo,creep under his gaberdine; there is no other,1070
Act II,Scene II,Trinculo,shelter hereabouts: misery acquaints a man with,1071
Act II,Scene II,Trinculo,strange bed-fellows. I will here shroud till the,1072
Act II,Scene II,Trinculo,dregs of the storm be past.,1073
Act II,Scene II,[stage direction],"Enter STEPHANO, singing: a bottle in his hand",NA
Act II,Scene II,Stephano,"I shall no more to sea, to sea,",1074
Act II,Scene II,Stephano,Here shall I die ashore--,1075
Act II,Scene II,Stephano,This is a very scurvy tune to sing at a man's,1076
Act II,Scene II,Stephano,"funeral: well, here's my comfort.",1077
Act II,Scene II,[stage direction],Drinks,NA
Act II,Scene II,[stage direction],Sings,NA
Act II,Scene II,Stephano,"The master, the swabber, the boatswain and I,",1078
Act II,Scene II,Stephano,The gunner and his mate,1079
Act II,Scene II,Stephano,"Loved Mall, Meg and Marian and Margery,",1080
Act II,Scene II,Stephano,But none of us cared for Kate;,1081
Act II,Scene II,Stephano,"For she had a tongue with a tang,",1082
Act II,Scene II,Stephano,"Would cry to a sailor, Go hang!",1083
Act II,Scene II,Stephano,"She loved not the savour of tar nor of pitch,",1084
Act II,Scene II,Stephano,Yet a tailor might scratch her where'er she did itch:,1085
Act II,Scene II,Stephano,"Then to sea, boys, and let her go hang!",1086
Act II,Scene II,Stephano,This is a scurvy tune too: but here's my comfort.,1087
Act II,Scene II,[stage direction],Drinks,NA
Act II,Scene II,Caliban,Do not torment me: Oh!,1088
Act II,Scene II,Stephano,What's the matter? Have we devils here? Do you put,1089
Act II,Scene II,Stephano,"tricks upon's with savages and men of Ind, ha? I",1090
Act II,Scene II,Stephano,have not scaped drowning to be afeard now of your,1091
Act II,Scene II,Stephano,"four legs; for it hath been said, As proper a man as",1092
Act II,Scene II,Stephano,ever went on four legs cannot make him give ground;,1093
Act II,Scene II,Stephano,and it shall be said so again while Stephano,1094
Act II,Scene II,Stephano,breathes at's nostrils.,1095
Act II,Scene II,Caliban,The spirit torments me; Oh!,1096
Act II,Scene II,Stephano,"This is some monster of the isle with four legs, who",1097
Act II,Scene II,Stephano,"hath got, as I take it, an ague. Where the devil",1098
Act II,Scene II,Stephano,should he learn our language? I will give him some,1099
Act II,Scene II,Stephano,"relief, if it be but for that. if I can recover him",1100
Act II,Scene II,Stephano,"and keep him tame and get to Naples with him, he's a",1101
Act II,Scene II,Stephano,present for any emperor that ever trod on neat's leather.,1102
Act II,Scene II,Caliban,"Do not torment me, prithee; I'll bring my wood home faster.",1103
Act II,Scene II,Stephano,He's in his fit now and does not talk after the,1104
Act II,Scene II,Stephano,wisest. He shall taste of my bottle: if he have,1105
Act II,Scene II,Stephano,never drunk wine afore will go near to remove his,1106
Act II,Scene II,Stephano,"fit. If I can recover him and keep him tame, I will",1107
Act II,Scene II,Stephano,not take too much for him; he shall pay for him that,1108
Act II,Scene II,Stephano,"hath him, and that soundly.",1109
Act II,Scene II,Caliban,"Thou dost me yet but little hurt; thou wilt anon, I",1110
Act II,Scene II,Caliban,know it by thy trembling: now Prosper works upon thee.,1111
Act II,Scene II,Stephano,Come on your ways; open your mouth; here is that,1112
Act II,Scene II,Stephano,"which will give language to you, cat: open your",1113
Act II,Scene II,Stephano,"mouth; this will shake your shaking, I can tell you,",1114
Act II,Scene II,Stephano,and that soundly: you cannot tell who's your friend:,1115
Act II,Scene II,Stephano,open your chaps again.,1116
Act II,Scene II,Trinculo,I should know that voice: it should be--but he is,1117
Act II,Scene II,Trinculo,drowned; and these are devils: O defend me!,1118
Act II,Scene II,Stephano,Four legs and two voices: a most delicate monster!,1119
Act II,Scene II,Stephano,His forward voice now is to speak well of his,1120
Act II,Scene II,Stephano,friend; his backward voice is to utter foul speeches,1121
Act II,Scene II,Stephano,and to detract. If all the wine in my bottle will,1122
Act II,Scene II,Stephano,"recover him, I will help his ague. Come. Amen! I",1123
Act II,Scene II,Stephano,will pour some in thy other mouth.,1124
Act II,Scene II,Trinculo,Stephano!,1125
Act II,Scene II,Stephano,"Doth thy other mouth call me? Mercy, mercy! This is",1126
Act II,Scene II,Stephano,"a devil, and no monster: I will leave him; I have no",1127
Act II,Scene II,Stephano,long spoon.,1128
Act II,Scene II,Trinculo,"Stephano! If thou beest Stephano, touch me and",1129
Act II,Scene II,Trinculo,speak to me: for I am Trinculo--be not afeard--thy,1130
Act II,Scene II,Trinculo,good friend Trinculo.,1131
Act II,Scene II,Stephano,"If thou beest Trinculo, come forth: I'll pull thee",1132
Act II,Scene II,Stephano,"by the lesser legs: if any be Trinculo's legs,",1133
Act II,Scene II,Stephano,these are they. Thou art very Trinculo indeed! How,1134
Act II,Scene II,Stephano,camest thou to be the siege of this moon-calf? can,1135
Act II,Scene II,Stephano,he vent Trinculos?,1136
Act II,Scene II,Trinculo,I took him to be killed with a thunder-stroke. But,1137
Act II,Scene II,Trinculo,"art thou not drowned, Stephano? I hope now thou art",1138
Act II,Scene II,Trinculo,not drowned. Is the storm overblown? I hid me,1139
Act II,Scene II,Trinculo,under the dead moon-calf's gaberdine for fear of,1140
Act II,Scene II,Trinculo,"the storm. And art thou living, Stephano? O",1141
Act II,Scene II,Trinculo,"Stephano, two Neapolitans 'scaped!",1142
Act II,Scene II,Stephano,"Prithee, do not turn me about; my stomach is not constant.",1143
Act II,Scene II,Caliban,"[Aside]  These be fine things, an if they be",1144
Act II,Scene II,Caliban,not sprites.,1145
Act II,Scene II,Caliban,That's a brave god and bears celestial liquor.,1146
Act II,Scene II,Caliban,I will kneel to him.,1147
Act II,Scene II,Stephano,How didst thou 'scape? How camest thou hither?,1148
Act II,Scene II,Stephano,swear by this bottle how thou camest hither. I,1149
Act II,Scene II,Stephano,escaped upon a butt of sack which the sailors,1150
Act II,Scene II,Stephano,"heaved o'erboard, by this bottle; which I made of",1151
Act II,Scene II,Stephano,the bark of a tree with mine own hands since I was,1152
Act II,Scene II,Stephano,cast ashore.,1153
Act II,Scene II,Caliban,I'll swear upon that bottle to be thy true subject;,1154
Act II,Scene II,Caliban,for the liquor is not earthly.,1155
Act II,Scene II,Stephano,Here; swear then how thou escapedst.,1156
Act II,Scene II,Trinculo,"Swum ashore. man, like a duck: I can swim like a",1157
Act II,Scene II,Trinculo,"duck, I'll be sworn.",1158
Act II,Scene II,Stephano,"Here, kiss the book. Though thou canst swim like a",1159
Act II,Scene II,Stephano,"duck, thou art made like a goose.",1160
Act II,Scene II,Trinculo,O Stephano. hast any more of this?,1161
Act II,Scene II,Stephano,"The whole butt, man: my cellar is in a rock by the",1162
Act II,Scene II,Stephano,"sea-side where my wine is hid. How now, moon-calf!",1163
Act II,Scene II,Stephano,how does thine ague?,1164
Act II,Scene II,Caliban,Hast thou not dropp'd from heaven?,1165
Act II,Scene II,Stephano,"Out o' the moon, I do assure thee: I was the man i'",1166
Act II,Scene II,Stephano,the moon when time was.,1167
Act II,Scene II,Caliban,I have seen thee in her and I do adore thee:,1168
Act II,Scene II,Caliban,My mistress show'd me thee and thy dog and thy bush.,1169
Act II,Scene II,Stephano,"Come, swear to that; kiss the book: I will furnish",1170
Act II,Scene II,Stephano,it anon with new contents swear.,1171
Act II,Scene II,Trinculo,"By this good light, this is a very shallow monster!",1172
Act II,Scene II,Trinculo,I afeard of him! A very weak monster! The man i',1173
Act II,Scene II,Trinculo,the moon! A most poor credulous monster! Well,1174
Act II,Scene II,Trinculo,"drawn, monster, in good sooth!",1175
Act II,Scene II,Caliban,I'll show thee every fertile inch o' th' island;,1176
Act II,Scene II,Caliban,"And I will kiss thy foot: I prithee, be my god.",1177
Act II,Scene II,Trinculo,"By this light, a most perfidious and drunken",1178
Act II,Scene II,Trinculo,"monster! when 's god's asleep, he'll rob his bottle.",1179
Act II,Scene II,Caliban,I'll kiss thy foot; I'll swear myself thy subject.,1180
Act II,Scene II,Stephano,"Come on then; down, and swear.",1181
Act II,Scene II,Trinculo,I shall laugh myself to death at this puppy-headed,1182
Act II,Scene II,Trinculo,monster. A most scurvy monster! I could find in my,1183
Act II,Scene II,Trinculo,"heart to beat him,--",1184
Act II,Scene II,Stephano,"Come, kiss.",1185
Act II,Scene II,Trinculo,But that the poor monster's in drink: an abominable monster!,1186
Act II,Scene II,Caliban,I'll show thee the best springs; I'll pluck thee berries;,1187
Act II,Scene II,Caliban,I'll fish for thee and get thee wood enough.,1188
Act II,Scene II,Caliban,A plague upon the tyrant that I serve!,1189
Act II,Scene II,Caliban,"I'll bear him no more sticks, but follow thee,",1190
Act II,Scene II,Caliban,Thou wondrous man.,1191
Act II,Scene II,Trinculo,"A most ridiculous monster, to make a wonder of a",1192
Act II,Scene II,Trinculo,Poor drunkard!,1193
Act II,Scene II,Caliban,"I prithee, let me bring thee where crabs grow;",1194
Act II,Scene II,Caliban,And I with my long nails will dig thee pignuts;,1195
Act II,Scene II,Caliban,Show thee a jay's nest and instruct thee how,1196
Act II,Scene II,Caliban,To snare the nimble marmoset; I'll bring thee,1197
Act II,Scene II,Caliban,To clustering filberts and sometimes I'll get thee,1198
Act II,Scene II,Caliban,Young scamels from the rock. Wilt thou go with me?,1199
Act II,Scene II,Stephano,"I prithee now, lead the way without any more",1200
Act II,Scene II,Stephano,"talking. Trinculo, the king and all our company",1201
Act II,Scene II,Stephano,"else being drowned, we will inherit here: here;",1202
Act II,Scene II,Stephano,"bear my bottle: fellow Trinculo, we'll fill him by",1203
Act II,Scene II,Stephano,and by again.,1204
Act II,Scene II,Caliban,[Sings drunkenly],1205
Act II,Scene II,Caliban,"Farewell master; farewell, farewell!",1206
Act II,Scene II,Trinculo,A howling monster: a drunken monster!,1207
Act II,Scene II,Caliban,No more dams I'll make for fish,1208
Act II,Scene II,Caliban,Nor fetch in firing,1209
Act II,Scene II,Caliban,At requiring;,1210
Act II,Scene II,Caliban,"Nor scrape trencher, nor wash dish",1211
Act II,Scene II,Caliban,"'Ban, 'Ban, Cacaliban",1212
Act II,Scene II,Caliban,Has a new master: get a new man.,1213
Act II,Scene II,Caliban,"Freedom, hey-day! hey-day, freedom! freedom,",1214
Act II,Scene II,Caliban,"hey-day, freedom!",1215
Act II,Scene II,Stephano,O brave monster! Lead the way.,1216
Act II,Scene II,[stage direction],Exeunt,NA
Act III,Scene I,[stage direction],"Enter FERDINAND, bearing a log",NA
Act III,Scene I,Ferdinand,"There be some sports are painful, and their labour",1217
Act III,Scene I,Ferdinand,Delight in them sets off: some kinds of baseness,1218
Act III,Scene I,Ferdinand,Are nobly undergone and most poor matters,1219
Act III,Scene I,Ferdinand,Point to rich ends. This my mean task,1220
Act III,Scene I,Ferdinand,"Would be as heavy to me as odious, but",1221
Act III,Scene I,Ferdinand,The mistress which I serve quickens what's dead,1222
Act III,Scene I,Ferdinand,"And makes my labours pleasures: O, she is",1223
Act III,Scene I,Ferdinand,"Ten times more gentle than her father's crabbed,",1224
Act III,Scene I,Ferdinand,And he's composed of harshness. I must remove,1225
Act III,Scene I,Ferdinand,"Some thousands of these logs and pile them up,",1226
Act III,Scene I,Ferdinand,Upon a sore injunction: my sweet mistress,1227
Act III,Scene I,Ferdinand,"Weeps when she sees me work, and says, such baseness",1228
Act III,Scene I,Ferdinand,Had never like executor. I forget:,1229
Act III,Scene I,Ferdinand,"But these sweet thoughts do even refresh my labours,",1230
Act III,Scene I,Ferdinand,"Most busy lest, when I do it.",1231
Act III,Scene I,[stage direction],"Enter MIRANDA; and PROSPERO at a distance, unseen",NA
Act III,Scene I,Miranda,"Alas, now, pray you,",1232
Act III,Scene I,Miranda,Work not so hard: I would the lightning had,1233
Act III,Scene I,Miranda,Burnt up those logs that you are enjoin'd to pile!,1234
Act III,Scene I,Miranda,"Pray, set it down and rest you: when this burns,",1235
Act III,Scene I,Miranda,'Twill weep for having wearied you. My father,1236
Act III,Scene I,Miranda,"Is hard at study; pray now, rest yourself;",1237
Act III,Scene I,Miranda,He's safe for these three hours.,1238
Act III,Scene I,Ferdinand,"O most dear mistress,",1239
Act III,Scene I,Ferdinand,The sun will set before I shall discharge,1240
Act III,Scene I,Ferdinand,What I must strive to do.,1241
Act III,Scene I,Miranda,"If you'll sit down,",1242
Act III,Scene I,Miranda,"I'll bear your logs the while: pray, give me that;",1243
Act III,Scene I,Miranda,I'll carry it to the pile.,1244
Act III,Scene I,Ferdinand,"No, precious creature;",1245
Act III,Scene I,Ferdinand,"I had rather crack my sinews, break my back,",1246
Act III,Scene I,Ferdinand,"Than you should such dishonour undergo,",1247
Act III,Scene I,Ferdinand,While I sit lazy by.,1248
Act III,Scene I,Miranda,It would become me,1249
Act III,Scene I,Miranda,As well as it does you: and I should do it,1250
Act III,Scene I,Miranda,"With much more ease; for my good will is to it,",1251
Act III,Scene I,Miranda,And yours it is against.,1252
Act III,Scene I,Prospero,"Poor worm, thou art infected!",1253
Act III,Scene I,Prospero,This visitation shows it.,1254
Act III,Scene I,Miranda,You look wearily.,1255
Act III,Scene I,Ferdinand,"No, noble mistress;'tis fresh morning with me",1256
Act III,Scene I,Ferdinand,When you are by at night. I do beseech you--,1257
Act III,Scene I,Ferdinand,Chiefly that I might set it in my prayers--,1258
Act III,Scene I,Ferdinand,What is your name?,1259
Act III,Scene I,Miranda,"Miranda.--O my father,",1260
Act III,Scene I,Miranda,I have broke your hest to say so!,1261
Act III,Scene I,Ferdinand,Admired Miranda!,1262
Act III,Scene I,Ferdinand,Indeed the top of admiration! worth,1263
Act III,Scene I,Ferdinand,What's dearest to the world! Full many a lady,1264
Act III,Scene I,Ferdinand,I have eyed with best regard and many a time,1265
Act III,Scene I,Ferdinand,The harmony of their tongues hath into bondage,1266
Act III,Scene I,Ferdinand,Brought my too diligent ear: for several virtues,1267
Act III,Scene I,Ferdinand,Have I liked several women; never any,1268
Act III,Scene I,Ferdinand,"With so fun soul, but some defect in her",1269
Act III,Scene I,Ferdinand,Did quarrel with the noblest grace she owed,1270
Act III,Scene I,Ferdinand,"And put it to the foil: but you, O you,",1271
Act III,Scene I,Ferdinand,"So perfect and so peerless, are created",1272
Act III,Scene I,Ferdinand,Of every creature's best!,1273
Act III,Scene I,Miranda,I do not know,1274
Act III,Scene I,Miranda,"One of my sex; no woman's face remember,",1275
Act III,Scene I,Miranda,"Save, from my glass, mine own; nor have I seen",1276
Act III,Scene I,Miranda,"More that I may call men than you, good friend,",1277
Act III,Scene I,Miranda,"And my dear father: how features are abroad,",1278
Act III,Scene I,Miranda,"I am skilless of; but, by my modesty,",1279
Act III,Scene I,Miranda,"The jewel in my dower, I would not wish",1280
Act III,Scene I,Miranda,"Any companion in the world but you,",1281
Act III,Scene I,Miranda,"Nor can imagination form a shape,",1282
Act III,Scene I,Miranda,"Besides yourself, to like of. But I prattle",1283
Act III,Scene I,Miranda,Something too wildly and my father's precepts,1284
Act III,Scene I,Miranda,I therein do forget.,1285
Act III,Scene I,Ferdinand,I am in my condition,1286
Act III,Scene I,Ferdinand,"A prince, Miranda; I do think, a king;",1287
Act III,Scene I,Ferdinand,"I would, not so!--and would no more endure",1288
Act III,Scene I,Ferdinand,This wooden slavery than to suffer,1289
Act III,Scene I,Ferdinand,The flesh-fly blow my mouth. Hear my soul speak:,1290
Act III,Scene I,Ferdinand,"The very instant that I saw you, did",1291
Act III,Scene I,Ferdinand,"My heart fly to your service; there resides,",1292
Act III,Scene I,Ferdinand,To make me slave to it; and for your sake,1293
Act III,Scene I,Ferdinand,Am I this patient log--man.,1294
Act III,Scene I,Miranda,Do you love me?,1295
Act III,Scene I,Ferdinand,"O heaven, O earth, bear witness to this sound",1296
Act III,Scene I,Ferdinand,And crown what I profess with kind event,1297
Act III,Scene I,Ferdinand,"If I speak true! if hollowly, invert",1298
Act III,Scene I,Ferdinand,What best is boded me to mischief! I,1299
Act III,Scene I,Ferdinand,Beyond all limit of what else i' the world,1300
Act III,Scene I,Ferdinand,"Do love, prize, honour you.",1301
Act III,Scene I,Miranda,I am a fool,1302
Act III,Scene I,Miranda,To weep at what I am glad of.,1303
Act III,Scene I,Prospero,Fair encounter,1304
Act III,Scene I,Prospero,Of two most rare affections! Heavens rain grace,1305
Act III,Scene I,Prospero,On that which breeds between 'em!,1306
Act III,Scene I,Ferdinand,Wherefore weep you?,1307
Act III,Scene I,Miranda,At mine unworthiness that dare not offer,1308
Act III,Scene I,Miranda,"What I desire to give, and much less take",1309
Act III,Scene I,Miranda,What I shall die to want. But this is trifling;,1310
Act III,Scene I,Miranda,"And all the more it seeks to hide itself,",1311
Act III,Scene I,Miranda,"The bigger bulk it shows. Hence, bashful cunning!",1312
Act III,Scene I,Miranda,"And prompt me, plain and holy innocence!",1313
Act III,Scene I,Miranda,"I am your wife, if you will marry me;",1314
Act III,Scene I,Miranda,"If not, I'll die your maid: to be your fellow",1315
Act III,Scene I,Miranda,"You may deny me; but I'll be your servant,",1316
Act III,Scene I,Miranda,Whether you will or no.,1317
Act III,Scene I,Ferdinand,"My mistress, dearest;",1318
Act III,Scene I,Ferdinand,And I thus humble ever.,1319
Act III,Scene I,Miranda,"My husband, then?",1320
Act III,Scene I,Ferdinand,"Ay, with a heart as willing",1321
Act III,Scene I,Ferdinand,As bondage e'er of freedom: here's my hand.,1322
Act III,Scene I,Miranda,"And mine, with my heart in't; and now farewell",1323
Act III,Scene I,Miranda,Till half an hour hence.,1324
Act III,Scene I,Ferdinand,A thousand thousand!,1325
Act III,Scene I,[stage direction],Exeunt FERDINAND and MIRANDA severally,NA
Act III,Scene I,Prospero,"So glad of this as they I cannot be,",1326
Act III,Scene I,Prospero,Who are surprised withal; but my rejoicing,1327
Act III,Scene I,Prospero,"At nothing can be more. I'll to my book,",1328
Act III,Scene I,Prospero,For yet ere supper-time must I perform,1329
Act III,Scene I,Prospero,Much business appertaining.,1330
Act III,Scene I,[stage direction],Exit,NA
Act III,Scene II,[stage direction],"Enter CALIBAN, STEPHANO, and TRINCULO",NA
Act III,Scene II,Stephano,"Tell not me; when the butt is out, we will drink",1331
Act III,Scene II,Stephano,"water; not a drop before: therefore bear up, and",1332
Act III,Scene II,Stephano,"board 'em. Servant-monster, drink to me.",1333
Act III,Scene II,Trinculo,Servant-monster! the folly of this island! They,1334
Act III,Scene II,Trinculo,say there's but five upon this isle: we are three,1335
Act III,Scene II,Trinculo,"of them; if th' other two be brained like us, the",1336
Act III,Scene II,Trinculo,state totters.,1337
Act III,Scene II,Stephano,"Drink, servant-monster, when I bid thee: thy eyes",1338
Act III,Scene II,Stephano,are almost set in thy head.,1339
Act III,Scene II,Trinculo,Where should they be set else? he were a brave,1340
Act III,Scene II,Trinculo,"monster indeed, if they were set in his tail.",1341
Act III,Scene II,Stephano,My man-monster hath drown'd his tongue in sack:,1342
Act III,Scene II,Stephano,"for my part, the sea cannot drown me; I swam, ere I",1343
Act III,Scene II,Stephano,"could recover the shore, five and thirty leagues off",1344
Act III,Scene II,Stephano,"and on. By this light, thou shalt be my lieutenant,",1345
Act III,Scene II,Stephano,"monster, or my standard.",1346
Act III,Scene II,Trinculo,"Your lieutenant, if you list; he's no standard.",1347
Act III,Scene II,Stephano,"We'll not run, Monsieur Monster.",1348
Act III,Scene II,Trinculo,Nor go neither; but you'll lie like dogs and yet say,1349
Act III,Scene II,Trinculo,nothing neither.,1350
Act III,Scene II,Stephano,"Moon-calf, speak once in thy life, if thou beest a",1351
Act III,Scene II,Stephano,good moon-calf.,1352
Act III,Scene II,Caliban,How does thy honour? Let me lick thy shoe.,1353
Act III,Scene II,Caliban,I'll not serve him; he's not valiant.,1354
Act III,Scene II,Trinculo,"Thou liest, most ignorant monster: I am in case to",1355
Act III,Scene II,Trinculo,"justle a constable. Why, thou deboshed fish thou,",1356
Act III,Scene II,Trinculo,was there ever man a coward that hath drunk so much,1357
Act III,Scene II,Trinculo,"sack as I to-day? Wilt thou tell a monstrous lie,",1358
Act III,Scene II,Trinculo,being but half a fish and half a monster?,1359
Act III,Scene II,Caliban,"Lo, how he mocks me! wilt thou let him, my lord?",1360
Act III,Scene II,Trinculo,'Lord' quoth he! That a monster should be such a natural!,1361
Act III,Scene II,Caliban,"Lo, lo, again! bite him to death, I prithee.",1362
Act III,Scene II,Stephano,"Trinculo, keep a good tongue in your head: if you",1363
Act III,Scene II,Stephano,"prove a mutineer,--the next tree! The poor monster's",1364
Act III,Scene II,Stephano,my subject and he shall not suffer indignity.,1365
Act III,Scene II,Caliban,I thank my noble lord. Wilt thou be pleased to,1366
Act III,Scene II,Caliban,hearken once again to the suit I made to thee?,1367
Act III,Scene II,Stephano,"Marry, will I	kneel and repeat it; I will stand,",1368
Act III,Scene II,Stephano,and so shall Trinculo.,1369
Act III,Scene II,[stage direction],"Enter ARIEL, invisible",NA
Act III,Scene II,Caliban,"As I told thee before, I am subject to a tyrant, a",1370
Act III,Scene II,Caliban,"sorcerer, that by his cunning hath cheated me of the island.",1371
Act III,Scene II,Ariel,Thou liest.,1372
Act III,Scene II,Caliban,"Thou liest, thou jesting monkey, thou: I would my",1373
Act III,Scene II,Caliban,valiant master would destroy thee! I do not lie.,1374
Act III,Scene II,Stephano,"Trinculo, if you trouble him any more in's tale, by",1375
Act III,Scene II,Stephano,"this hand, I will supplant some of your teeth.",1376
Act III,Scene II,Trinculo,"Why, I said nothing.",1377
Act III,Scene II,Stephano,"Mum, then, and no more. Proceed.",1378
Act III,Scene II,Caliban,"I say, by sorcery he got this isle;",1379
Act III,Scene II,Caliban,From me he got it. if thy greatness will,1380
Act III,Scene II,Caliban,"Revenge it on him,--for I know thou darest,",1381
Act III,Scene II,Caliban,"But this thing dare not,--",1382
Act III,Scene II,Stephano,That's most certain.,1383
Act III,Scene II,Caliban,Thou shalt be lord of it and I'll serve thee.,1384
Act III,Scene II,Stephano,How now shall this be compassed?,1385
Act III,Scene II,Stephano,Canst thou bring me to the party?,1386
Act III,Scene II,Caliban,"Yea, yea, my lord: I'll yield him thee asleep,",1387
Act III,Scene II,Caliban,Where thou mayst knock a nail into his bead.,1388
Act III,Scene II,Ariel,Thou liest; thou canst not.,1389
Act III,Scene II,Caliban,What a pied ninny's this! Thou scurvy patch!,1390
Act III,Scene II,Caliban,"I do beseech thy greatness, give him blows",1391
Act III,Scene II,Caliban,And take his bottle from him: when that's gone,1392
Act III,Scene II,Caliban,He shall drink nought but brine; for I'll not show him,1393
Act III,Scene II,Caliban,Where the quick freshes are.,1394
Act III,Scene II,Stephano,"Trinculo, run into no further danger:",1395
Act III,Scene II,Stephano,"interrupt the monster one word further, and,",1396
Act III,Scene II,Stephano,"by this hand, I'll turn my mercy out o' doors",1397
Act III,Scene II,Stephano,and make a stock-fish of thee.,1398
Act III,Scene II,Trinculo,"Why, what did I? I did nothing. I'll go farther",1399
Act III,Scene II,Trinculo,off.,1400
Act III,Scene II,Stephano,Didst thou not say he lied?,1401
Act III,Scene II,Ariel,Thou liest.,1402
Act III,Scene II,Stephano,Do I so? take thou that.,1403
Act III,Scene II,[stage direction],Beats TRINCULO,NA
Act III,Scene II,Stephano,"As you like this, give me the lie another time.",1404
Act III,Scene II,Trinculo,I did not give the lie. Out o' your,1405
Act III,Scene II,Trinculo,wits and bearing too? A pox o' your bottle!,1406
Act III,Scene II,Trinculo,this can sack and drinking do. A murrain on,1407
Act III,Scene II,Trinculo,"your monster, and the devil take your fingers!",1408
Act III,Scene II,Caliban,"Ha, ha, ha!",1409
Act III,Scene II,Stephano,"Now, forward with your tale. Prithee, stand farther",1410
Act III,Scene II,Stephano,off.,1411
Act III,Scene II,Caliban,Beat him enough: after a little time,1412
Act III,Scene II,Caliban,I'll beat him too.,1413
Act III,Scene II,Stephano,"Stand farther. Come, proceed.",1414
Act III,Scene II,Caliban,"Why, as I told thee, 'tis a custom with him,",1415
Act III,Scene II,Caliban,"I' th' afternoon to sleep: there thou mayst brain him,",1416
Act III,Scene II,Caliban,"Having first seized his books, or with a log",1417
Act III,Scene II,Caliban,"Batter his skull, or paunch him with a stake,",1418
Act III,Scene II,Caliban,Or cut his wezand with thy knife. Remember,1419
Act III,Scene II,Caliban,First to possess his books; for without them,1420
Act III,Scene II,Caliban,"He's but a sot, as I am, nor hath not",1421
Act III,Scene II,Caliban,One spirit to command: they all do hate him,1422
Act III,Scene II,Caliban,As rootedly as I. Burn but his books.,1423
Act III,Scene II,Caliban,"He has brave utensils,--for so he calls them--",1424
Act III,Scene II,Caliban,"Which when he has a house, he'll deck withal",1425
Act III,Scene II,Caliban,And that most deeply to consider is,1426
Act III,Scene II,Caliban,The beauty of his daughter; he himself,1427
Act III,Scene II,Caliban,"Calls her a nonpareil: I never saw a woman,",1428
Act III,Scene II,Caliban,But only Sycorax my dam and she;,1429
Act III,Scene II,Caliban,But she as far surpasseth Sycorax,1430
Act III,Scene II,Caliban,As great'st does least.,1431
Act III,Scene II,Stephano,Is it so brave a lass?,1432
Act III,Scene II,Caliban,"Ay, lord; she will become thy bed, I warrant.",1433
Act III,Scene II,Caliban,And bring thee forth brave brood.,1434
Act III,Scene II,Stephano,"Monster, I will kill this man: his daughter and I",1435
Act III,Scene II,Stephano,will be king and queen--save our graces!--and,1436
Act III,Scene II,Stephano,Trinculo and thyself shall be viceroys. Dost thou,1437
Act III,Scene II,Stephano,"like the plot, Trinculo?",1438
Act III,Scene II,Trinculo,Excellent.,1439
Act III,Scene II,Stephano,"Give me thy hand: I am sorry I beat thee; but,",1440
Act III,Scene II,Stephano,"while thou livest, keep a good tongue in thy head.",1441
Act III,Scene II,Caliban,Within this half hour will he be asleep:,1442
Act III,Scene II,Caliban,Wilt thou destroy him then?,1443
Act III,Scene II,Stephano,"Ay, on mine honour.",1444
Act III,Scene II,Ariel,This will I tell my master.,1445
Act III,Scene II,Caliban,Thou makest me merry; I am full of pleasure:,1446
Act III,Scene II,Caliban,Let us be jocund: will you troll the catch,1447
Act III,Scene II,Caliban,You taught me but while-ere?,1448
Act III,Scene II,Stephano,"At thy request, monster, I will do reason, any",1449
Act III,Scene II,Stephano,"reason. Come on, Trinculo, let us sing.",1450
Act III,Scene II,[stage direction],Sings,NA
Act III,Scene II,Stephano,Flout 'em and scout 'em,1451
Act III,Scene II,Stephano,And scout 'em and flout 'em,1452
Act III,Scene II,Stephano,Thought is free.,1453
Act III,Scene II,Caliban,That's not the tune.,1454
Act III,Scene II,[stage direction],Ariel plays the tune on a tabour and pipe,NA
Act III,Scene II,Stephano,What is this same?,1455
Act III,Scene II,Trinculo,"This is the tune of our catch, played by the picture",1456
Act III,Scene II,Trinculo,of Nobody.,1457
Act III,Scene II,Stephano,"If thou beest a man, show thyself in thy likeness:",1458
Act III,Scene II,Stephano,"if thou beest a devil, take't as thou list.",1459
Act III,Scene II,Trinculo,"O, forgive me my sins!",1460
Act III,Scene II,Stephano,He that dies pays all debts: I defy thee. Mercy upon us!,1461
Act III,Scene II,Caliban,Art thou afeard?,1462
Act III,Scene II,Stephano,"No, monster, not I.",1463
Act III,Scene II,Caliban,"Be not afeard; the isle is full of noises,",1464
Act III,Scene II,Caliban,"Sounds and sweet airs, that give delight and hurt not.",1465
Act III,Scene II,Caliban,Sometimes a thousand twangling instruments,1466
Act III,Scene II,Caliban,"Will hum about mine ears, and sometime voices",1467
Act III,Scene II,Caliban,"That, if I then had waked after long sleep,",1468
Act III,Scene II,Caliban,"Will make me sleep again: and then, in dreaming,",1469
Act III,Scene II,Caliban,The clouds methought would open and show riches,1470
Act III,Scene II,Caliban,"Ready to drop upon me that, when I waked,",1471
Act III,Scene II,Caliban,I cried to dream again.,1472
Act III,Scene II,Stephano,"This will prove a brave kingdom to me, where I shall",1473
Act III,Scene II,Stephano,have my music for nothing.,1474
Act III,Scene II,Caliban,When Prospero is destroyed.,1475
Act III,Scene II,Stephano,That shall be by and by: I remember the story.,1476
Act III,Scene II,Trinculo,"The sound is going away; let's follow it, and",1477
Act III,Scene II,Trinculo,after do our work.,1478
Act III,Scene II,Stephano,"Lead, monster; we'll follow. I would I could see",1479
Act III,Scene II,Stephano,this tabourer; he lays it on.,1480
Act III,Scene II,Trinculo,"Wilt come? I'll follow, Stephano.",1481
Act III,Scene II,[stage direction],Exeunt,NA
Act III,Scene III,[stage direction],"Enter ALONSO, SEBASTIAN, ANTONIO, GONZALO, ADRIAN, FRANCISCO, and others",NA
Act III,Scene III,Gonzalo,"By'r lakin, I can go no further, sir;",1482
Act III,Scene III,Gonzalo,My old bones ache: here's a maze trod indeed,1483
Act III,Scene III,Gonzalo,"Through forth-rights and meanders! By your patience,",1484
Act III,Scene III,Gonzalo,I needs must rest me.,1485
Act III,Scene III,Alonso,"Old lord, I cannot blame thee,",1486
Act III,Scene III,Alonso,"Who am myself attach'd with weariness,",1487
Act III,Scene III,Alonso,"To the dulling of my spirits: sit down, and rest.",1488
Act III,Scene III,Alonso,Even here I will put off my hope and keep it,1489
Act III,Scene III,Alonso,No longer for my flatterer: he is drown'd,1490
Act III,Scene III,Alonso,"Whom thus we stray to find, and the sea mocks",1491
Act III,Scene III,Alonso,"Our frustrate search on land. Well, let him go.",1492
Act III,Scene III,Antonio,[Aside to SEBASTIAN]  I am right glad that he's so,1493
Act III,Scene III,Antonio,out of hope.,1494
Act III,Scene III,Antonio,"Do not, for one repulse, forego the purpose",1495
Act III,Scene III,Antonio,That you resolved to effect.,1496
Act III,Scene III,Sebastian,[Aside to ANTONIO]  The next advantage,1497
Act III,Scene III,Sebastian,Will we take throughly.,1498
Act III,Scene III,Antonio,[Aside to SEBASTIAN]  Let it be to-night;,1499
Act III,Scene III,Antonio,"For, now they are oppress'd with travel, they",1500
Act III,Scene III,Antonio,"Will not, nor cannot, use such vigilance",1501
Act III,Scene III,Antonio,As when they are fresh.,1502
Act III,Scene III,Sebastian,"[Aside to ANTONIO]  I say, to-night: no more.",1503
Act III,Scene III,[stage direction],Solemn and strange music,NA
Act III,Scene III,Alonso,"What harmony is this? My good friends, hark!",1504
Act III,Scene III,Gonzalo,Marvellous sweet music!,1505
Act III,Scene III,[stage direction],"Enter PROSPERO above, invisible. Enter several  strange Shapes, bringing in a banquet;  they dance about it with gentle actions of  salutation; and, inviting the King,  &amp; c. to eat, they depart",NA
Act III,Scene III,Alonso,"Give us kind keepers, heavens! What were these?",1506
Act III,Scene III,Sebastian,A living drollery. Now I will believe,1507
Act III,Scene III,Sebastian,"That there are unicorns, that in Arabia",1508
Act III,Scene III,Sebastian,"There is one tree, the phoenix' throne, one phoenix",1509
Act III,Scene III,Sebastian,At this hour reigning there.,1510
Act III,Scene III,Antonio,I'll believe both;,1511
Act III,Scene III,Antonio,"And what does else want credit, come to me,",1512
Act III,Scene III,Antonio,And I'll be sworn 'tis true: travellers ne'er did,1513
Act III,Scene III,Antonio,"lie,",1514
Act III,Scene III,Antonio,Though fools at home condemn 'em.,1515
Act III,Scene III,Gonzalo,If in Naples,1516
Act III,Scene III,Gonzalo,"I should report this now, would they believe me?",1517
Act III,Scene III,Gonzalo,"If I should say, I saw such islanders--",1518
Act III,Scene III,Gonzalo,"For, certes, these are people of the island--",1519
Act III,Scene III,Gonzalo,"Who, though they are of monstrous shape, yet, note,",1520
Act III,Scene III,Gonzalo,Their manners are more gentle-kind than of,1521
Act III,Scene III,Gonzalo,Our human generation you shall find,1522
Act III,Scene III,Gonzalo,"Many, nay, almost any.",1523
Act III,Scene III,Prospero,"[Aside]              Honest lord,",1524
Act III,Scene III,Prospero,Thou hast said well; for some of you there present,1525
Act III,Scene III,Prospero,Are worse than devils.,1526
Act III,Scene III,Alonso,I cannot too much muse,1527
Act III,Scene III,Alonso,"Such shapes, such gesture and such sound, expressing,",1528
Act III,Scene III,Alonso,"Although they want the use of tongue, a kind",1529
Act III,Scene III,Alonso,Of excellent dumb discourse.,1530
Act III,Scene III,Prospero,[Aside]	Praise in departing.,1531
Act III,Scene III,Francisco,They vanish'd strangely.,1532
Act III,Scene III,Sebastian,"No matter, since",1533
Act III,Scene III,Sebastian,They have left their viands behind; for we have stomachs.,1534
Act III,Scene III,Sebastian,Will't please you taste of what is here?,1535
Act III,Scene III,Alonso,Not I.,1536
Act III,Scene III,Gonzalo,"Faith, sir, you need not fear. When we were boys,",1537
Act III,Scene III,Gonzalo,Who would believe that there were mountaineers,1538
Act III,Scene III,Gonzalo,"Dew-lapp'd like bulls, whose throats had hanging at 'em",1539
Act III,Scene III,Gonzalo,Wallets of flesh? or that there were such men,1540
Act III,Scene III,Gonzalo,Whose heads stood in their breasts? which now we find,1541
Act III,Scene III,Gonzalo,Each putter-out of five for one will bring us,1542
Act III,Scene III,Gonzalo,Good warrant of.,1543
Act III,Scene III,Alonso,"I will stand to and feed,",1544
Act III,Scene III,Alonso,"Although my last: no matter, since I feel",1545
Act III,Scene III,Alonso,"The best is past. Brother, my lord the duke,",1546
Act III,Scene III,Alonso,Stand to and do as we.,1547
Act III,Scene III,[stage direction],"Thunder and lightning. Enter ARIEL, like a  harpy; claps his wings upon the table; and, with a quaint device, the banquet vanishes",NA
Act III,Scene III,Ariel,"You are three men of sin, whom Destiny,",1548
Act III,Scene III,Ariel,That hath to instrument this lower world,1549
Act III,Scene III,Ariel,"And what is in't, the never-surfeited sea",1550
Act III,Scene III,Ariel,Hath caused to belch up you; and on this island,1551
Act III,Scene III,Ariel,Where man doth not inhabit; you 'mongst men,1552
Act III,Scene III,Ariel,Being most unfit to live. I have made you mad;,1553
Act III,Scene III,Ariel,And even with such-like valour men hang and drown,1554
Act III,Scene III,Ariel,Their proper selves.,1555
Act III,Scene III,[stage direction],"ALONSO, SEBASTIAN  &amp; c. draw their swords",NA
Act III,Scene III,Ariel,You fools! I and my fellows,1556
Act III,Scene III,Ariel,"Are ministers of Fate: the elements,",1557
Act III,Scene III,Ariel,"Of whom your swords are temper'd, may as well",1558
Act III,Scene III,Ariel,"Wound the loud winds, or with bemock'd-at stabs",1559
Act III,Scene III,Ariel,"Kill the still-closing waters, as diminish",1560
Act III,Scene III,Ariel,One dowle that's in my plume: my fellow-ministers,1561
Act III,Scene III,Ariel,"Are like invulnerable. If you could hurt,",1562
Act III,Scene III,Ariel,Your swords are now too massy for your strengths,1563
Act III,Scene III,Ariel,And will not be uplifted. But remember--,1564
Act III,Scene III,Ariel,For that's my business to you--that you three,1565
Act III,Scene III,Ariel,From Milan did supplant good Prospero;,1566
Act III,Scene III,Ariel,"Exposed unto the sea, which hath requit it,",1567
Act III,Scene III,Ariel,Him and his innocent child: for which foul deed,1568
Act III,Scene III,Ariel,"The powers, delaying, not forgetting, have",1569
Act III,Scene III,Ariel,"Incensed the seas and shores, yea, all the creatures,",1570
Act III,Scene III,Ariel,"Against your peace. Thee of thy son, Alonso,",1571
Act III,Scene III,Ariel,They have bereft; and do pronounce by me:,1572
Act III,Scene III,Ariel,"Lingering perdition, worse than any death",1573
Act III,Scene III,Ariel,"Can be at once, shall step by step attend",1574
Act III,Scene III,Ariel,You and your ways; whose wraths to guard you from--,1575
Act III,Scene III,Ariel,"Which here, in this most desolate isle, else falls",1576
Act III,Scene III,Ariel,Upon your heads--is nothing but heart-sorrow,1577
Act III,Scene III,Ariel,And a clear life ensuing.,1578
Act III,Scene III,[stage direction],"He vanishes in thunder; then, to soft music  enter the Shapes again, and dance, with mocks and mows, and carrying out the table",NA
Act III,Scene III,Prospero,Bravely the figure of this harpy hast thou,1579
Act III,Scene III,Prospero,"Perform'd, my Ariel; a grace it had, devouring:",1580
Act III,Scene III,Prospero,Of my instruction hast thou nothing bated,1581
Act III,Scene III,Prospero,"In what thou hadst to say: so, with good life",1582
Act III,Scene III,Prospero,"And observation strange, my meaner ministers",1583
Act III,Scene III,Prospero,Their several kinds have done. My high charms work,1584
Act III,Scene III,Prospero,And these mine enemies are all knit up,1585
Act III,Scene III,Prospero,In their distractions; they now are in my power;,1586
Act III,Scene III,Prospero,"And in these fits I leave them, while I visit",1587
Act III,Scene III,Prospero,"Young Ferdinand, whom they suppose is drown'd,",1588
Act III,Scene III,Prospero,And his and mine loved darling.,1589
Act III,Scene III,[stage direction],Exit above,NA
Act III,Scene III,Gonzalo,"I' the name of something holy, sir, why stand you",1590
Act III,Scene III,Gonzalo,In this strange stare?,1591
Act III,Scene III,Alonso,"O, it is monstrous, monstrous:",1592
Act III,Scene III,Alonso,Methought the billows spoke and told me of it;,1593
Act III,Scene III,Alonso,"The winds did sing it to me, and the thunder,",1594
Act III,Scene III,Alonso,"That deep and dreadful organ-pipe, pronounced",1595
Act III,Scene III,Alonso,The name of Prosper: it did bass my trespass.,1596
Act III,Scene III,Alonso,"Therefore my son i' the ooze is bedded, and",1597
Act III,Scene III,Alonso,I'll seek him deeper than e'er plummet sounded,1598
Act III,Scene III,Alonso,And with him there lie mudded.,1599
Act III,Scene III,[stage direction],Exit,NA
Act III,Scene III,Sebastian,"But one fiend at a time,",1600
Act III,Scene III,Sebastian,I'll fight their legions o'er.,1601
Act III,Scene III,Antonio,I'll be thy second.,1602
Act III,Scene III,[stage direction],"Exeunt SEBASTIAN, and ANTONIO",NA
Act III,Scene III,Gonzalo,"All three of them are desperate: their great guilt,",1603
Act III,Scene III,Gonzalo,"Like poison given to work a great time after,",1604
Act III,Scene III,Gonzalo,Now 'gins to bite the spirits. I do beseech you,1605
Act III,Scene III,Gonzalo,"That are of suppler joints, follow them swiftly",1606
Act III,Scene III,Gonzalo,And hinder them from what this ecstasy,1607
Act III,Scene III,Gonzalo,May now provoke them to.,1608
Act III,Scene III,Adrian,"Follow, I pray you.",1609
Act III,Scene III,[stage direction],Exeunt,NA
Act IV,Scene I,[stage direction],"Enter PROSPERO, FERDINAND, and MIRANDA",NA
Act IV,Scene I,Prospero,"If I have too austerely punish'd you,",1610
Act IV,Scene I,Prospero,"Your compensation makes amends, for I",1611
Act IV,Scene I,Prospero,"Have given you here a third of mine own life,",1612
Act IV,Scene I,Prospero,Or that for which I live; who once again,1613
Act IV,Scene I,Prospero,I tender to thy hand: all thy vexations,1614
Act IV,Scene I,Prospero,Were but my trials of thy love and thou,1615
Act IV,Scene I,Prospero,"Hast strangely stood the test here, afore Heaven,",1616
Act IV,Scene I,Prospero,"I ratify this my rich gift. O Ferdinand,",1617
Act IV,Scene I,Prospero,"Do not smile at me that I boast her off,",1618
Act IV,Scene I,Prospero,For thou shalt find she will outstrip all praise,1619
Act IV,Scene I,Prospero,And make it halt behind her.,1620
Act IV,Scene I,Ferdinand,I do believe it,1621
Act IV,Scene I,Ferdinand,Against an oracle.,1622
Act IV,Scene I,Prospero,"Then, as my gift and thine own acquisition",1623
Act IV,Scene I,Prospero,Worthily purchased take my daughter: but,1624
Act IV,Scene I,Prospero,If thou dost break her virgin-knot before,1625
Act IV,Scene I,Prospero,All sanctimonious ceremonies may,1626
Act IV,Scene I,Prospero,"With full and holy rite be minister'd,",1627
Act IV,Scene I,Prospero,No sweet aspersion shall the heavens let fall,1628
Act IV,Scene I,Prospero,"To make this contract grow: but barren hate,",1629
Act IV,Scene I,Prospero,Sour-eyed disdain and discord shall bestrew,1630
Act IV,Scene I,Prospero,The union of your bed with weeds so loathly,1631
Act IV,Scene I,Prospero,"That you shall hate it both: therefore take heed,",1632
Act IV,Scene I,Prospero,As Hymen's lamps shall light you.,1633
Act IV,Scene I,Ferdinand,As I hope,1634
Act IV,Scene I,Ferdinand,"For quiet days, fair issue and long life,",1635
Act IV,Scene I,Ferdinand,"With such love as 'tis now, the murkiest den,",1636
Act IV,Scene I,Ferdinand,"The most opportune place, the strong'st suggestion.",1637
Act IV,Scene I,Ferdinand,"Our worser genius can, shall never melt",1638
Act IV,Scene I,Ferdinand,"Mine honour into lust, to take away",1639
Act IV,Scene I,Ferdinand,The edge of that day's celebration,1640
Act IV,Scene I,Ferdinand,"When I shall think: or Phoebus' steeds are founder'd,",1641
Act IV,Scene I,Ferdinand,Or Night kept chain'd below.,1642
Act IV,Scene I,Prospero,Fairly spoke.,1643
Act IV,Scene I,Prospero,Sit then and talk with her; she is thine own.,1644
Act IV,Scene I,Prospero,"What, Ariel! my industrious servant, Ariel!",1645
Act IV,Scene I,[stage direction],Enter ARIEL,NA
Act IV,Scene I,Ariel,What would my potent master? here I am.,1646
Act IV,Scene I,Prospero,Thou and thy meaner fellows your last service,1647
Act IV,Scene I,Prospero,Did worthily perform; and I must use you,1648
Act IV,Scene I,Prospero,"In such another trick. Go bring the rabble,",1649
Act IV,Scene I,Prospero,"O'er whom I give thee power, here to this place:",1650
Act IV,Scene I,Prospero,Incite them to quick motion; for I must,1651
Act IV,Scene I,Prospero,Bestow upon the eyes of this young couple,1652
Act IV,Scene I,Prospero,"Some vanity of mine art: it is my promise,",1653
Act IV,Scene I,Prospero,And they expect it from me.,1654
Act IV,Scene I,Ariel,Presently?,1655
Act IV,Scene I,Prospero,"Ay, with a twink.",1656
Act IV,Scene I,Ariel,"Before you can say 'come' and 'go,'",1657
Act IV,Scene I,Ariel,"And breathe twice and cry 'so, so,'",1658
Act IV,Scene I,Ariel,"Each one, tripping on his toe,",1659
Act IV,Scene I,Ariel,Will be here with mop and mow.,1660
Act IV,Scene I,Ariel,"Do you love me, master? no?",1661
Act IV,Scene I,Prospero,Dearly my delicate Ariel. Do not approach,1662
Act IV,Scene I,Prospero,Till thou dost hear me call.,1663
Act IV,Scene I,Ariel,"Well, I conceive.",1664
Act IV,Scene I,[stage direction],Exit,NA
Act IV,Scene I,Prospero,Look thou be true; do not give dalliance,1665
Act IV,Scene I,Prospero,Too much the rein: the strongest oaths are straw,1666
Act IV,Scene I,Prospero,"To the fire i' the blood: be more abstemious,",1667
Act IV,Scene I,Prospero,"Or else, good night your vow!",1668
Act IV,Scene I,Ferdinand,I warrant you sir;,1669
Act IV,Scene I,Ferdinand,The white cold virgin snow upon my heart,1670
Act IV,Scene I,Ferdinand,Abates the ardour of my liver.,1671
Act IV,Scene I,Prospero,Well.,1672
Act IV,Scene I,Prospero,"Now come, my Ariel! bring a corollary,",1673
Act IV,Scene I,Prospero,Rather than want a spirit: appear and pertly!,1674
Act IV,Scene I,Prospero,No tongue! all eyes! be silent.,1675
Act IV,Scene I,[stage direction],Soft music,NA
Act IV,Scene I,[stage direction],Enter IRIS,NA
Act IV,Scene I,Iris,"Ceres, most bounteous lady, thy rich leas",1676
Act IV,Scene I,Iris,"Of wheat, rye, barley, vetches, oats and pease;",1677
Act IV,Scene I,Iris,"Thy turfy mountains, where live nibbling sheep,",1678
Act IV,Scene I,Iris,"And flat meads thatch'd with stover, them to keep;",1679
Act IV,Scene I,Iris,"Thy banks with pioned and twilled brims,",1680
Act IV,Scene I,Iris,"Which spongy April at thy hest betrims,",1681
Act IV,Scene I,Iris,"To make cold nymphs chaste crowns; and thy broom -groves,",1682
Act IV,Scene I,Iris,"Whose shadow the dismissed bachelor loves,",1683
Act IV,Scene I,Iris,Being lass-lorn: thy pole-clipt vineyard;,1684
Act IV,Scene I,Iris,"And thy sea-marge, sterile and rocky-hard,",1685
Act IV,Scene I,Iris,"Where thou thyself dost air;--the queen o' the sky,",1686
Act IV,Scene I,Iris,"Whose watery arch and messenger am I,",1687
Act IV,Scene I,Iris,"Bids thee leave these, and with her sovereign grace,",1688
Act IV,Scene I,Iris,"Here on this grass-plot, in this very place,",1689
Act IV,Scene I,Iris,To come and sport: her peacocks fly amain:,1690
Act IV,Scene I,Iris,"Approach, rich Ceres, her to entertain.",1691
Act IV,Scene I,[stage direction],Enter CERES,NA
Act IV,Scene I,Ceres,"Hail, many-colour'd messenger, that ne'er",1692
Act IV,Scene I,Ceres,Dost disobey the wife of Jupiter;,1693
Act IV,Scene I,Ceres,Who with thy saffron wings upon my flowers,1694
Act IV,Scene I,Ceres,"Diffusest honey-drops, refreshing showers,",1695
Act IV,Scene I,Ceres,And with each end of thy blue bow dost crown,1696
Act IV,Scene I,Ceres,"My bosky acres and my unshrubb'd down,",1697
Act IV,Scene I,Ceres,Rich scarf to my proud earth; why hath thy queen,1698
Act IV,Scene I,Ceres,"Summon'd me hither, to this short-grass'd green?",1699
Act IV,Scene I,Iris,A contract of true love to celebrate;,1700
Act IV,Scene I,Iris,And some donation freely to estate,1701
Act IV,Scene I,Iris,On the blest lovers.,1702
Act IV,Scene I,Ceres,"Tell me, heavenly bow,",1703
Act IV,Scene I,Ceres,"If Venus or her son, as thou dost know,",1704
Act IV,Scene I,Ceres,Do now attend the queen? Since they did plot,1705
Act IV,Scene I,Ceres,"The means that dusky Dis my daughter got,",1706
Act IV,Scene I,Ceres,Her and her blind boy's scandal'd company,1707
Act IV,Scene I,Ceres,I have forsworn.,1708
Act IV,Scene I,Iris,Of her society,1709
Act IV,Scene I,Iris,Be not afraid: I met her deity,1710
Act IV,Scene I,Iris,Cutting the clouds towards Paphos and her son,1711
Act IV,Scene I,Iris,Dove-drawn with her. Here thought they to have done,1712
Act IV,Scene I,Iris,"Some wanton charm upon this man and maid,",1713
Act IV,Scene I,Iris,"Whose vows are, that no bed-right shall be paid",1714
Act IV,Scene I,Iris,Till Hymen's torch be lighted: but vain;,1715
Act IV,Scene I,Iris,Mars's hot minion is returned again;,1716
Act IV,Scene I,Iris,"Her waspish-headed son has broke his arrows,",1717
Act IV,Scene I,Iris,Swears he will shoot no more but play with sparrows,1718
Act IV,Scene I,Iris,And be a boy right out.,1719
Act IV,Scene I,Ceres,"High'st queen of state,",1720
Act IV,Scene I,Ceres,"Great Juno, comes; I know her by her gait.",1721
Act IV,Scene I,[stage direction],Enter JUNO,NA
Act IV,Scene I,Juno,How does my bounteous sister? Go with me,1722
Act IV,Scene I,Juno,"To bless this twain, that they may prosperous be",1723
Act IV,Scene I,Juno,And honour'd in their issue.,1724
Act IV,Scene I,[stage direction],They sing:,NA
Act IV,Scene I,Juno,"Honour, riches, marriage-blessing,",1725
Act IV,Scene I,Juno,"Long continuance, and increasing,",1726
Act IV,Scene I,Juno,Hourly joys be still upon you!,1727
Act IV,Scene I,Juno,Juno sings her blessings upon you.,1728
Act IV,Scene I,Ceres,"Earth's increase, foison plenty,",1729
Act IV,Scene I,Ceres,"Barns and garners never empty,",1730
Act IV,Scene I,Ceres,"Vines and clustering bunches growing,",1731
Act IV,Scene I,Ceres,Plants with goodly burthen bowing;,1732
Act IV,Scene I,Ceres,Spring come to you at the farthest,1733
Act IV,Scene I,Ceres,In the very end of harvest!,1734
Act IV,Scene I,Ceres,Scarcity and want shall shun you;,1735
Act IV,Scene I,Ceres,Ceres' blessing so is on you.,1736
Act IV,Scene I,Ferdinand,"This is a most majestic vision, and",1737
Act IV,Scene I,Ferdinand,Harmoniously charmingly. May I be bold,1738
Act IV,Scene I,Ferdinand,To think these spirits?,1739
Act IV,Scene I,Prospero,"Spirits, which by mine art",1740
Act IV,Scene I,Prospero,I have from their confines call'd to enact,1741
Act IV,Scene I,Prospero,My present fancies.,1742
Act IV,Scene I,Ferdinand,Let me live here ever;,1743
Act IV,Scene I,Ferdinand,So rare a wonder'd father and a wife,1744
Act IV,Scene I,Ferdinand,Makes this place Paradise.,1745
Act IV,Scene I,[stage direction],"Juno and Ceres whisper, and send Iris on employment",NA
Act IV,Scene I,Prospero,"Sweet, now, silence!",1746
Act IV,Scene I,Prospero,Juno and Ceres whisper seriously;,1747
Act IV,Scene I,Prospero,"There's something else to do: hush, and be mute,",1748
Act IV,Scene I,Prospero,Or else our spell is marr'd.,1749
Act IV,Scene I,Iris,"You nymphs, call'd Naiads, of the windring brooks,",1750
Act IV,Scene I,Iris,"With your sedged crowns and ever-harmless looks,",1751
Act IV,Scene I,Iris,Leave your crisp channels and on this green land,1752
Act IV,Scene I,Iris,Answer your summons; Juno does command:,1753
Act IV,Scene I,Iris,"Come, temperate nymphs, and help to celebrate",1754
Act IV,Scene I,Iris,A contract of true love; be not too late.,1755
Act IV,Scene I,[stage direction],Enter certain Nymphs,NA
Act IV,Scene I,Iris,"You sunburnt sicklemen, of August weary,",1756
Act IV,Scene I,Iris,Come hither from the furrow and be merry:,1757
Act IV,Scene I,Iris,Make holiday; your rye-straw hats put on,1758
Act IV,Scene I,Iris,And these fresh nymphs encounter every one,1759
Act IV,Scene I,Iris,In country footing.,1760
Act IV,Scene I,[stage direction],"Enter certain Reapers, properly habited: they  join with the Nymphs in a graceful dance;  towards the end whereof PROSPERO starts  suddenly, and speaks; after which, to a  strange, hollow, and confused noise, they heavily vanish",NA
Act IV,Scene I,Prospero,[Aside]  I had forgot that foul conspiracy,1761
Act IV,Scene I,Prospero,Of the beast Caliban and his confederates,1762
Act IV,Scene I,Prospero,Against my life: the minute of their plot,1763
Act IV,Scene I,Prospero,Is almost come.,1764
Act IV,Scene I,[stage direction],To the Spirits,NA
Act IV,Scene I,Prospero,Well done! avoid; no more!,1765
Act IV,Scene I,Ferdinand,This is strange: your father's in some passion,1766
Act IV,Scene I,Ferdinand,That works him strongly.,1767
Act IV,Scene I,Miranda,Never till this day,1768
Act IV,Scene I,Miranda,Saw I him touch'd with anger so distemper'd.,1769
Act IV,Scene I,Prospero,"You do look, my son, in a moved sort,",1770
Act IV,Scene I,Prospero,"As if you were dismay'd: be cheerful, sir.",1771
Act IV,Scene I,Prospero,"Our revels now are ended. These our actors,",1772
Act IV,Scene I,Prospero,"As I foretold you, were all spirits and",1773
Act IV,Scene I,Prospero,"Are melted into air, into thin air:",1774
Act IV,Scene I,Prospero,"And, like the baseless fabric of this vision,",1775
Act IV,Scene I,Prospero,"The cloud-capp'd towers, the gorgeous palaces,",1776
Act IV,Scene I,Prospero,"The solemn temples, the great globe itself,",1777
Act IV,Scene I,Prospero,"Ye all which it inherit, shall dissolve",1778
Act IV,Scene I,Prospero,"And, like this insubstantial pageant faded,",1779
Act IV,Scene I,Prospero,Leave not a rack behind. We are such stuff,1780
Act IV,Scene I,Prospero,"As dreams are made on, and our little life",1781
Act IV,Scene I,Prospero,"Is rounded with a sleep. Sir, I am vex'd;",1782
Act IV,Scene I,Prospero,"Bear with my weakness; my, brain is troubled:",1783
Act IV,Scene I,Prospero,Be not disturb'd with my infirmity:,1784
Act IV,Scene I,Prospero,"If you be pleased, retire into my cell",1785
Act IV,Scene I,Prospero,"And there repose: a turn or two I'll walk,",1786
Act IV,Scene I,Prospero,To still my beating mind.,1787
Act IV,Scene I,Miranda,We wish your peace.,1788
Act IV,Scene I,[stage direction],Exeunt,NA
Act IV,Scene I,Prospero,"Come with a thought I thank thee, Ariel: come.",1789
Act IV,Scene I,[stage direction],Enter ARIEL,NA
Act IV,Scene I,Ariel,Thy thoughts I cleave to. What's thy pleasure?,1790
Act IV,Scene I,Prospero,"Spirit,",1791
Act IV,Scene I,Prospero,We must prepare to meet with Caliban.,1792
Act IV,Scene I,Ariel,"Ay, my commander: when I presented Ceres,",1793
Act IV,Scene I,Ariel,"I thought to have told thee of it, but I fear'd",1794
Act IV,Scene I,Ariel,Lest I might anger thee.,1795
Act IV,Scene I,Prospero,"Say again, where didst thou leave these varlets?",1796
Act IV,Scene I,Ariel,"I told you, sir, they were red-hot with drinking;",1797
Act IV,Scene I,Ariel,So fun of valour that they smote the air,1798
Act IV,Scene I,Ariel,For breathing in their faces; beat the ground,1799
Act IV,Scene I,Ariel,For kissing of their feet; yet always bending,1800
Act IV,Scene I,Ariel,Towards their project. Then I beat my tabour;,1801
Act IV,Scene I,Ariel,"At which, like unback'd colts, they prick'd",1802
Act IV,Scene I,Ariel,"their ears,",1803
Act IV,Scene I,Ariel,"Advanced their eyelids, lifted up their noses",1804
Act IV,Scene I,Ariel,As they smelt music: so I charm'd their ears,1805
Act IV,Scene I,Ariel,That calf-like they my lowing follow'd through,1806
Act IV,Scene I,Ariel,"Tooth'd briers, sharp furzes, pricking goss and thorns,",1807
Act IV,Scene I,Ariel,Which entered their frail shins: at last I left them,1808
Act IV,Scene I,Ariel,"I' the filthy-mantled pool beyond your cell,",1809
Act IV,Scene I,Ariel,"There dancing up to the chins, that the foul lake",1810
Act IV,Scene I,Ariel,O'erstunk their feet.,1811
Act IV,Scene I,Prospero,"This was well done, my bird.",1812
Act IV,Scene I,Prospero,Thy shape invisible retain thou still:,1813
Act IV,Scene I,Prospero,"The trumpery in my house, go bring it hither,",1814
Act IV,Scene I,Prospero,For stale to catch these thieves.,1815
Act IV,Scene I,Ariel,"I go, I go.",1816
Act IV,Scene I,[stage direction],Exit,NA
Act IV,Scene I,Prospero,"A devil, a born devil, on whose nature",1817
Act IV,Scene I,Prospero,"Nurture can never stick; on whom my pains,",1818
Act IV,Scene I,Prospero,"Humanely taken, all, all lost, quite lost;",1819
Act IV,Scene I,Prospero,"And as with age his body uglier grows,",1820
Act IV,Scene I,Prospero,"So his mind cankers. I will plague them all,",1821
Act IV,Scene I,Prospero,Even to roaring.,1822
Act IV,Scene I,[stage direction],"Re-enter ARIEL, loaden with glistering apparel,  &amp; c",NA
Act IV,Scene I,Prospero,"Come, hang them on this line.",1823
Act IV,Scene I,[stage direction],"PROSPERO and ARIEL remain invisible. Enter CALIBAN, STEPHANO, and TRINCULO, all wet",NA
Act IV,Scene I,Caliban,"Pray you, tread softly, that the blind mole may not",1824
Act IV,Scene I,Caliban,Hear a foot fall: we now are near his cell.,1825
Act IV,Scene I,Stephano,"Monster, your fairy, which you say is",1826
Act IV,Scene I,Stephano,"a harmless fairy, has done little better than",1827
Act IV,Scene I,Stephano,played the Jack with us.,1828
Act IV,Scene I,Trinculo,"Monster, I do smell all horse-piss; at",1829
Act IV,Scene I,Trinculo,which my nose is in great indignation.,1830
Act IV,Scene I,Stephano,"So is mine. Do you hear, monster? If I should take",1831
Act IV,Scene I,Stephano,"a displeasure against you, look you,--",1832
Act IV,Scene I,Trinculo,Thou wert but a lost monster.,1833
Act IV,Scene I,Caliban,"Good my lord, give me thy favour still.",1834
Act IV,Scene I,Caliban,"Be patient, for the prize I'll bring thee to",1835
Act IV,Scene I,Caliban,Shall hoodwink this mischance: therefore speak softly.,1836
Act IV,Scene I,Caliban,All's hush'd as midnight yet.,1837
Act IV,Scene I,Trinculo,"Ay, but to lose our bottles in the pool,--",1838
Act IV,Scene I,Stephano,"There is not only disgrace and dishonour in that,",1839
Act IV,Scene I,Stephano,"monster, but an infinite loss.",1840
Act IV,Scene I,Trinculo,That's more to me than my wetting: yet this is your,1841
Act IV,Scene I,Trinculo,"harmless fairy, monster.",1842
Act IV,Scene I,Stephano,"I will fetch off my bottle, though I be o'er ears",1843
Act IV,Scene I,Stephano,for my labour.,1844
Act IV,Scene I,Caliban,"Prithee, my king, be quiet. Seest thou here,",1845
Act IV,Scene I,Caliban,"This is the mouth o' the cell: no noise, and enter.",1846
Act IV,Scene I,Caliban,Do that good mischief which may make this island,1847
Act IV,Scene I,Caliban,"Thine own for ever, and I, thy Caliban,",1848
Act IV,Scene I,Caliban,For aye thy foot-licker.,1849
Act IV,Scene I,Stephano,Give me thy hand. I do begin to have bloody thoughts.,1850
Act IV,Scene I,Trinculo,O king Stephano! O peer! O worthy Stephano! look,1851
Act IV,Scene I,Trinculo,what a wardrobe here is for thee!,1852
Act IV,Scene I,Caliban,"Let it alone, thou fool; it is but trash.",1853
Act IV,Scene I,Trinculo,"O, ho, monster! we know what belongs to a frippery.",1854
Act IV,Scene I,Trinculo,O king Stephano!,1855
Act IV,Scene I,Stephano,"Put off that gown, Trinculo; by this hand, I'll have",1856
Act IV,Scene I,Stephano,that gown.,1857
Act IV,Scene I,Trinculo,Thy grace shall have it.,1858
Act IV,Scene I,Caliban,The dropsy drown this fool I what do you mean,1859
Act IV,Scene I,Caliban,To dote thus on such luggage? Let's alone,1860
Act IV,Scene I,Caliban,"And do the murder first: if he awake,",1861
Act IV,Scene I,Caliban,"From toe to crown he'll fill our skins with pinches,",1862
Act IV,Scene I,Caliban,Make us strange stuff.,1863
Act IV,Scene I,Stephano,"Be you quiet, monster. Mistress line,",1864
Act IV,Scene I,Stephano,is not this my jerkin? Now is the jerkin under,1865
Act IV,Scene I,Stephano,"the line: now, jerkin, you are like to lose your",1866
Act IV,Scene I,Stephano,hair and prove a bald jerkin.,1867
Act IV,Scene I,Trinculo,"Do, do: we steal by line and level, an't like your grace.",1868
Act IV,Scene I,Stephano,I thank thee for that jest; here's a garment for't:,1869
Act IV,Scene I,Stephano,wit shall not go unrewarded while I am king of this,1870
Act IV,Scene I,Stephano,country. 'Steal by line and level' is an excellent,1871
Act IV,Scene I,Stephano,pass of pate; there's another garment for't.,1872
Act IV,Scene I,Trinculo,"Monster, come, put some lime upon your fingers, and",1873
Act IV,Scene I,Trinculo,away with the rest.,1874
Act IV,Scene I,Caliban,"I will have none on't: we shall lose our time,",1875
Act IV,Scene I,Caliban,"And all be turn'd to barnacles, or to apes",1876
Act IV,Scene I,Caliban,With foreheads villanous low.,1877
Act IV,Scene I,Stephano,"Monster, lay-to your fingers: help to bear this",1878
Act IV,Scene I,Stephano,"away where my hogshead of wine is, or I'll turn you",1879
Act IV,Scene I,Stephano,"out of my kingdom: go to, carry this.",1880
Act IV,Scene I,Trinculo,And this.,1881
Act IV,Scene I,Stephano,"Ay, and this.",1882
Act IV,Scene I,[stage direction],"A noise of hunters heard. Enter divers Spirits,  in shape of dogs and hounds, and hunt them about, PROSPERO and ARIEL setting them on",NA
Act IV,Scene I,Prospero,"Hey, Mountain, hey!",1883
Act IV,Scene I,Ariel,"Silver I there it goes, Silver!",1884
Act IV,Scene I,Prospero,"Fury, Fury! there, Tyrant, there! hark! hark!",1885
Act IV,Scene I,[stage direction],"CALIBAN, STEPHANO, and TRINCULO, are driven out",NA
Act IV,Scene I,Prospero,Go charge my goblins that they grind their joints,1886
Act IV,Scene I,Prospero,"With dry convulsions, shorten up their sinews",1887
Act IV,Scene I,Prospero,"With aged cramps, and more pinch-spotted make them",1888
Act IV,Scene I,Prospero,Than pard or cat o' mountain.,1889
Act IV,Scene I,Ariel,"Hark, they roar!",1890
Act IV,Scene I,Prospero,Let them be hunted soundly. At this hour,1891
Act IV,Scene I,Prospero,Lie at my mercy all mine enemies:,1892
Act IV,Scene I,Prospero,"Shortly shall all my labours end, and thou",1893
Act IV,Scene I,Prospero,Shalt have the air at freedom: for a little,1894
Act IV,Scene I,Prospero,"Follow, and do me service.",1895
Act IV,Scene I,[stage direction],Exeunt,NA
Act V,Scene I,[stage direction],"Enter PROSPERO in his magic robes, and ARIEL",NA
Act V,Scene I,Prospero,Now does my project gather to a head:,1896
Act V,Scene I,Prospero,My charms crack not; my spirits obey; and time,1897
Act V,Scene I,Prospero,Goes upright with his carriage. How's the day?,1898
Act V,Scene I,Ariel,"On the sixth hour; at which time, my lord,",1899
Act V,Scene I,Ariel,You said our work should cease.,1900
Act V,Scene I,Prospero,"I did say so,",1901
Act V,Scene I,Prospero,"When first I raised the tempest. Say, my spirit,",1902
Act V,Scene I,Prospero,How fares the king and's followers?,1903
Act V,Scene I,Ariel,Confined together,1904
Act V,Scene I,Ariel,"In the same fashion as you gave in charge,",1905
Act V,Scene I,Ariel,"Just as you left them; all prisoners, sir,",1906
Act V,Scene I,Ariel,In the line-grove which weather-fends your cell;,1907
Act V,Scene I,Ariel,"They cannot budge till your release. The king,",1908
Act V,Scene I,Ariel,"His brother and yours, abide all three distracted",1909
Act V,Scene I,Ariel,"And the remainder mourning over them,",1910
Act V,Scene I,Ariel,Brimful of sorrow and dismay; but chiefly,1911
Act V,Scene I,Ariel,"Him that you term'd, sir, 'The good old lord Gonzalo;'",1912
Act V,Scene I,Ariel,"His tears run down his beard, like winter's drops",1913
Act V,Scene I,Ariel,From eaves of reeds. Your charm so strongly works 'em,1914
Act V,Scene I,Ariel,"That if you now beheld them, your affections",1915
Act V,Scene I,Ariel,Would become tender.,1916
Act V,Scene I,Prospero,"Dost thou think so, spirit?",1917
Act V,Scene I,Ariel,"Mine would, sir, were I human.",1918
Act V,Scene I,Prospero,And mine shall.,1919
Act V,Scene I,Prospero,"Hast thou, which art but air, a touch, a feeling",1920
Act V,Scene I,Prospero,"Of their afflictions, and shall not myself,",1921
Act V,Scene I,Prospero,"One of their kind, that relish all as sharply,",1922
Act V,Scene I,Prospero,"Passion as they, be kindlier moved than thou art?",1923
Act V,Scene I,Prospero,"Though with their high wrongs I am struck to the quick,",1924
Act V,Scene I,Prospero,Yet with my nobler reason 'gaitist my fury,1925
Act V,Scene I,Prospero,Do I take part: the rarer action is,1926
Act V,Scene I,Prospero,"In virtue than in vengeance: they being penitent,",1927
Act V,Scene I,Prospero,The sole drift of my purpose doth extend,1928
Act V,Scene I,Prospero,"Not a frown further. Go release them, Ariel:",1929
Act V,Scene I,Prospero,"My charms I'll break, their senses I'll restore,",1930
Act V,Scene I,Prospero,And they shall be themselves.,1931
Act V,Scene I,Ariel,"I'll fetch them, sir.",1932
Act V,Scene I,[stage direction],Exit,NA
Act V,Scene I,Prospero,"Ye elves of hills, brooks, standing lakes and groves,",1933
Act V,Scene I,Prospero,And ye that on the sands with printless foot,1934
Act V,Scene I,Prospero,Do chase the ebbing Neptune and do fly him,1935
Act V,Scene I,Prospero,When he comes back; you demi-puppets that,1936
Act V,Scene I,Prospero,"By moonshine do the green sour ringlets make,",1937
Act V,Scene I,Prospero,"Whereof the ewe not bites, and you whose pastime",1938
Act V,Scene I,Prospero,"Is to make midnight mushrooms, that rejoice",1939
Act V,Scene I,Prospero,"To hear the solemn curfew; by whose aid,",1940
Act V,Scene I,Prospero,"Weak masters though ye be, I have bedimm'd",1941
Act V,Scene I,Prospero,"The noontide sun, call'd forth the mutinous winds,",1942
Act V,Scene I,Prospero,And 'twixt the green sea and the azured vault,1943
Act V,Scene I,Prospero,Set roaring war: to the dread rattling thunder,1944
Act V,Scene I,Prospero,Have I given fire and rifted Jove's stout oak,1945
Act V,Scene I,Prospero,With his own bolt; the strong-based promontory,1946
Act V,Scene I,Prospero,Have I made shake and by the spurs pluck'd up,1947
Act V,Scene I,Prospero,The pine and cedar: graves at my command,1948
Act V,Scene I,Prospero,"Have waked their sleepers, oped, and let 'em forth",1949
Act V,Scene I,Prospero,By my so potent art. But this rough magic,1950
Act V,Scene I,Prospero,"I here abjure, and, when I have required",1951
Act V,Scene I,Prospero,"Some heavenly music, which even now I do,",1952
Act V,Scene I,Prospero,To work mine end upon their senses that,1953
Act V,Scene I,Prospero,"This airy charm is for, I'll break my staff,",1954
Act V,Scene I,Prospero,"Bury it certain fathoms in the earth,",1955
Act V,Scene I,Prospero,And deeper than did ever plummet sound,1956
Act V,Scene I,Prospero,I'll drown my book.,1957
Act V,Scene I,[stage direction],Solemn music,NA
Act V,Scene I,[stage direction],"Re-enter ARIEL before: then ALONSO, with a  frantic gesture, attended by GONZALO;  SEBASTIAN and ANTONIO in like manner,  attended by ADRIAN and FRANCISCO   they all  enter the circle which PROSPERO had made,  and there stand charmed; which PROSPERO observing, speaks:",NA
Act V,Scene I,Prospero,A solemn air and the best comforter,1958
Act V,Scene I,Prospero,"To an unsettled fancy cure thy brains,",1959
Act V,Scene I,Prospero,"Now useless, boil'd within thy skull! There stand,",1960
Act V,Scene I,Prospero,For you are spell-stopp'd.,1961
Act V,Scene I,Prospero,"Holy Gonzalo, honourable man,",1962
Act V,Scene I,Prospero,"Mine eyes, even sociable to the show of thine,",1963
Act V,Scene I,Prospero,"Fall fellowly drops. The charm dissolves apace,",1964
Act V,Scene I,Prospero,"And as the morning steals upon the night,",1965
Act V,Scene I,Prospero,"Melting the darkness, so their rising senses",1966
Act V,Scene I,Prospero,Begin to chase the ignorant fumes that mantle,1967
Act V,Scene I,Prospero,"Their clearer reason. O good Gonzalo,",1968
Act V,Scene I,Prospero,"My true preserver, and a loyal sir",1969
Act V,Scene I,Prospero,To him you follow'st! I will pay thy graces,1970
Act V,Scene I,Prospero,Home both in word and deed. Most cruelly,1971
Act V,Scene I,Prospero,"Didst thou, Alonso, use me and my daughter:",1972
Act V,Scene I,Prospero,Thy brother was a furtherer in the act.,1973
Act V,Scene I,Prospero,"Thou art pinch'd fort now, Sebastian. Flesh and blood,",1974
Act V,Scene I,Prospero,"You, brother mine, that entertain'd ambition,",1975
Act V,Scene I,Prospero,"Expell'd remorse and nature; who, with Sebastian,",1976
Act V,Scene I,Prospero,"Whose inward pinches therefore are most strong,",1977
Act V,Scene I,Prospero,"Would here have kill'd your king; I do forgive thee,",1978
Act V,Scene I,Prospero,Unnatural though thou art. Their understanding,1979
Act V,Scene I,Prospero,"Begins to swell, and the approaching tide",1980
Act V,Scene I,Prospero,Will shortly fill the reasonable shore,1981
Act V,Scene I,Prospero,That now lies foul and muddy. Not one of them,1982
Act V,Scene I,Prospero,"That yet looks on me, or would know me Ariel,",1983
Act V,Scene I,Prospero,Fetch me the hat and rapier in my cell:,1984
Act V,Scene I,Prospero,"I will discase me, and myself present",1985
Act V,Scene I,Prospero,"As I was sometime Milan: quickly, spirit;",1986
Act V,Scene I,Prospero,Thou shalt ere long be free.,1987
Act V,Scene I,[stage direction],ARIEL sings and helps to attire him,NA
Act V,Scene I,Prospero,Where the bee sucks. there suck I:,1988
Act V,Scene I,Prospero,In a cowslip's bell I lie;,1989
Act V,Scene I,Prospero,There I couch when owls do cry.,1990
Act V,Scene I,Prospero,On the bat's back I do fly,1991
Act V,Scene I,Prospero,After summer merrily.,1992
Act V,Scene I,Prospero,"Merrily, merrily shall I live now",1993
Act V,Scene I,Prospero,Under the blossom that hangs on the bough.,1994
Act V,Scene I,Prospero,"Why, that's my dainty Ariel! I shall miss thee:",1995
Act V,Scene I,Prospero,"But yet thou shalt have freedom: so, so, so.",1996
Act V,Scene I,Prospero,"To the king's ship, invisible as thou art:",1997
Act V,Scene I,Prospero,There shalt thou find the mariners asleep,1998
Act V,Scene I,Prospero,Under the hatches; the master and the boatswain,1999
Act V,Scene I,Prospero,"Being awake, enforce them to this place,",2000
Act V,Scene I,Prospero,"And presently, I prithee.",2001
Act V,Scene I,Ariel,"I drink the air before me, and return",2002
Act V,Scene I,Ariel,Or ere your pulse twice beat.,2003
Act V,Scene I,[stage direction],Exit,NA
Act V,Scene I,Gonzalo,"All torment, trouble, wonder and amazement",2004
Act V,Scene I,Gonzalo,Inhabits here: some heavenly power guide us,2005
Act V,Scene I,Gonzalo,Out of this fearful country!,2006
Act V,Scene I,Prospero,"Behold, sir king,",2007
Act V,Scene I,Prospero,"The wronged Duke of Milan, Prospero:",2008
Act V,Scene I,Prospero,For more assurance that a living prince,2009
Act V,Scene I,Prospero,"Does now speak to thee, I embrace thy body;",2010
Act V,Scene I,Prospero,And to thee and thy company I bid,2011
Act V,Scene I,Prospero,A hearty welcome.,2012
Act V,Scene I,Alonso,"Whether thou best he or no,",2013
Act V,Scene I,Alonso,"Or some enchanted trifle to abuse me,",2014
Act V,Scene I,Alonso,"As late I have been, I not know: thy pulse",2015
Act V,Scene I,Alonso,"Beats as of flesh and blood; and, since I saw thee,",2016
Act V,Scene I,Alonso,"The affliction of my mind amends, with which,",2017
Act V,Scene I,Alonso,"I fear, a madness held me: this must crave,",2018
Act V,Scene I,Alonso,"An if this be at all, a most strange story.",2019
Act V,Scene I,Alonso,Thy dukedom I resign and do entreat,2020
Act V,Scene I,Alonso,Thou pardon me my wrongs. But how should Prospero,2021
Act V,Scene I,Alonso,Be living and be here?,2022
Act V,Scene I,Prospero,"First, noble friend,",2023
Act V,Scene I,Prospero,"Let me embrace thine age, whose honour cannot",2024
Act V,Scene I,Prospero,Be measured or confined.,2025
Act V,Scene I,Gonzalo,Whether this be,2026
Act V,Scene I,Gonzalo,"Or be not, I'll not swear.",2027
Act V,Scene I,Prospero,You do yet taste,2028
Act V,Scene I,Prospero,"Some subtilties o' the isle, that will not let you",2029
Act V,Scene I,Prospero,"Believe things certain. Welcome, my friends all!",2030
Act V,Scene I,[stage direction],Aside to SEBASTIAN and ANTONIO,NA
Act V,Scene I,Prospero,"But you, my brace of lords, were I so minded,",2031
Act V,Scene I,Prospero,I here could pluck his highness' frown upon you,2032
Act V,Scene I,Prospero,And justify you traitors: at this time,2033
Act V,Scene I,Prospero,I will tell no tales.,2034
Act V,Scene I,Sebastian,[Aside]  The devil speaks in him.,2035
Act V,Scene I,Prospero,No.,2036
Act V,Scene I,Prospero,"For you, most wicked sir, whom to call brother",2037
Act V,Scene I,Prospero,"Would even infect my mouth, I do forgive",2038
Act V,Scene I,Prospero,Thy rankest fault; all of them; and require,2039
Act V,Scene I,Prospero,"My dukedom of thee, which perforce, I know,",2040
Act V,Scene I,Prospero,Thou must restore.,2041
Act V,Scene I,Alonso,"If thou be'st Prospero,",2042
Act V,Scene I,Alonso,Give us particulars of thy preservation;,2043
Act V,Scene I,Alonso,"How thou hast met us here, who three hours since",2044
Act V,Scene I,Alonso,Were wreck'd upon this shore; where I have lost--,2045
Act V,Scene I,Alonso,How sharp the point of this remembrance is!--,2046
Act V,Scene I,Alonso,My dear son Ferdinand.,2047
Act V,Scene I,Prospero,"I am woe for't, sir.",2048
Act V,Scene I,Alonso,"Irreparable is the loss, and patience",2049
Act V,Scene I,Alonso,Says it is past her cure.,2050
Act V,Scene I,Prospero,I rather think,2051
Act V,Scene I,Prospero,"You have not sought her help, of whose soft grace",2052
Act V,Scene I,Prospero,For the like loss I have her sovereign aid,2053
Act V,Scene I,Prospero,And rest myself content.,2054
Act V,Scene I,Alonso,You the like loss!,2055
Act V,Scene I,Prospero,"As great to me as late; and, supportable",2056
Act V,Scene I,Prospero,"To make the dear loss, have I means much weaker",2057
Act V,Scene I,Prospero,"Than you may call to comfort you, for I",2058
Act V,Scene I,Prospero,Have lost my daughter.,2059
Act V,Scene I,Alonso,A daughter?,2060
Act V,Scene I,Alonso,"O heavens, that they were living both in Naples,",2061
Act V,Scene I,Alonso,"The king and queen there! that they were, I wish",2062
Act V,Scene I,Alonso,Myself were mudded in that oozy bed,2063
Act V,Scene I,Alonso,Where my son lies. When did you lose your daughter?,2064
Act V,Scene I,Prospero,In this last tempest. I perceive these lords,2065
Act V,Scene I,Prospero,At this encounter do so much admire,2066
Act V,Scene I,Prospero,That they devour their reason and scarce think,2067
Act V,Scene I,Prospero,"Their eyes do offices of truth, their words",2068
Act V,Scene I,Prospero,"Are natural breath: but, howsoe'er you have",2069
Act V,Scene I,Prospero,"Been justled from your senses, know for certain",2070
Act V,Scene I,Prospero,That I am Prospero and that very duke,2071
Act V,Scene I,Prospero,"Which was thrust forth of Milan, who most strangely",2072
Act V,Scene I,Prospero,"Upon this shore, where you were wreck'd, was landed,",2073
Act V,Scene I,Prospero,To be the lord on't. No more yet of this;,2074
Act V,Scene I,Prospero,"For 'tis a chronicle of day by day,",2075
Act V,Scene I,Prospero,Not a relation for a breakfast nor,2076
Act V,Scene I,Prospero,"Befitting this first meeting. Welcome, sir;",2077
Act V,Scene I,Prospero,This cell's my court: here have I few attendants,2078
Act V,Scene I,Prospero,"And subjects none abroad: pray you, look in.",2079
Act V,Scene I,Prospero,"My dukedom since you have given me again,",2080
Act V,Scene I,Prospero,I will requite you with as good a thing;,2081
Act V,Scene I,Prospero,"At least bring forth a wonder, to content ye",2082
Act V,Scene I,Prospero,As much as me my dukedom.,2083
Act V,Scene I,[stage direction],Here PROSPERO discovers FERDINAND and MIRANDA playing at chess,NA
Act V,Scene I,Miranda,"Sweet lord, you play me false.",2084
Act V,Scene I,Ferdinand,"No, my dear'st love,",2085
Act V,Scene I,Ferdinand,I would not for the world.,2086
Act V,Scene I,Miranda,"Yes, for a score of kingdoms you should wrangle,",2087
Act V,Scene I,Miranda,"And I would call it, fair play.",2088
Act V,Scene I,Alonso,If this prove,2089
Act V,Scene I,Alonso,"A vision of the Island, one dear son",2090
Act V,Scene I,Alonso,Shall I twice lose.,2091
Act V,Scene I,Sebastian,A most high miracle!,2092
Act V,Scene I,Ferdinand,"Though the seas threaten, they are merciful;",2093
Act V,Scene I,Ferdinand,I have cursed them without cause.,2094
Act V,Scene I,[stage direction],Kneels,NA
Act V,Scene I,Alonso,Now all the blessings,2095
Act V,Scene I,Alonso,Of a glad father compass thee about!,2096
Act V,Scene I,Alonso,"Arise, and say how thou camest here.",2097
Act V,Scene I,Miranda,"O, wonder!",2098
Act V,Scene I,Miranda,How many goodly creatures are there here!,2099
Act V,Scene I,Miranda,"How beauteous mankind is! O brave new world,",2100
Act V,Scene I,Miranda,That has such people in't!,2101
Act V,Scene I,Prospero,'Tis new to thee.,2102
Act V,Scene I,Alonso,What is this maid with whom thou wast at play?,2103
Act V,Scene I,Alonso,Your eld'st acquaintance cannot be three hours:,2104
Act V,Scene I,Alonso,"Is she the goddess that hath sever'd us,",2105
Act V,Scene I,Alonso,And brought us thus together?,2106
Act V,Scene I,Ferdinand,"Sir, she is mortal;",2107
Act V,Scene I,Ferdinand,But by immortal Providence she's mine:,2108
Act V,Scene I,Ferdinand,I chose her when I could not ask my father,2109
Act V,Scene I,Ferdinand,"For his advice, nor thought I had one. She",2110
Act V,Scene I,Ferdinand,"Is daughter to this famous Duke of Milan,",2111
Act V,Scene I,Ferdinand,"Of whom so often I have heard renown,",2112
Act V,Scene I,Ferdinand,But never saw before; of whom I have,2113
Act V,Scene I,Ferdinand,Received a second life; and second father,2114
Act V,Scene I,Ferdinand,This lady makes him to me.,2115
Act V,Scene I,Alonso,I am hers:,2116
Act V,Scene I,Alonso,"But, O, how oddly will it sound that I",2117
Act V,Scene I,Alonso,Must ask my child forgiveness!,2118
Act V,Scene I,Prospero,"There, sir, stop:",2119
Act V,Scene I,Prospero,Let us not burthen our remembrance with,2120
Act V,Scene I,Prospero,A heaviness that's gone.,2121
Act V,Scene I,Gonzalo,"I have inly wept,",2122
Act V,Scene I,Gonzalo,"Or should have spoke ere this. Look down, you god,",2123
Act V,Scene I,Gonzalo,And on this couple drop a blessed crown!,2124
Act V,Scene I,Gonzalo,For it is you that have chalk'd forth the way,2125
Act V,Scene I,Gonzalo,Which brought us hither.,2126
Act V,Scene I,Alonso,"I say, Amen, Gonzalo!",2127
Act V,Scene I,Gonzalo,"Was Milan thrust from Milan, that his issue",2128
Act V,Scene I,Gonzalo,"Should become kings of Naples? O, rejoice",2129
Act V,Scene I,Gonzalo,"Beyond a common joy, and set it down",2130
Act V,Scene I,Gonzalo,With gold on lasting pillars: In one voyage,2131
Act V,Scene I,Gonzalo,"Did Claribel her husband find at Tunis,",2132
Act V,Scene I,Gonzalo,"And Ferdinand, her brother, found a wife",2133
Act V,Scene I,Gonzalo,"Where he himself was lost, Prospero his dukedom",2134
Act V,Scene I,Gonzalo,In a poor isle and all of us ourselves,2135
Act V,Scene I,Gonzalo,When no man was his own.,2136
Act V,Scene I,Alonso,[To FERDINAND and MIRANDA]  Give me your hands:,2137
Act V,Scene I,Alonso,Let grief and sorrow still embrace his heart,2138
Act V,Scene I,Alonso,That doth not wish you joy!,2139
Act V,Scene I,Gonzalo,Be it so! Amen!,2140
Act V,Scene I,[stage direction],"Re-enter ARIEL, with the Master and Boatswain amazedly following",NA
Act V,Scene I,Gonzalo,"O, look, sir, look, sir! here is more of us:",2141
Act V,Scene I,Gonzalo,"I prophesied, if a gallows were on land,",2142
Act V,Scene I,Gonzalo,"This fellow could not drown. Now, blasphemy,",2143
Act V,Scene I,Gonzalo,"That swear'st grace o'erboard, not an oath on shore?",2144
Act V,Scene I,Gonzalo,Hast thou no mouth by land? What is the news?,2145
Act V,Scene I,Boatswain,"The best news is, that we have safely found",2146
Act V,Scene I,Boatswain,"Our king and company; the next, our ship--",2147
Act V,Scene I,Boatswain,"Which, but three glasses since, we gave out split--",2148
Act V,Scene I,Boatswain,Is tight and yare and bravely rigg'd as when,2149
Act V,Scene I,Boatswain,We first put out to sea.,2150
Act V,Scene I,Ariel,"[Aside to PROSPERO]  Sir, all this service",2151
Act V,Scene I,Ariel,Have I done since I went.,2152
Act V,Scene I,Prospero,[Aside to ARIEL]  My tricksy spirit!,2153
Act V,Scene I,Alonso,These are not natural events; they strengthen,2154
Act V,Scene I,Alonso,"From strange to stranger. Say, how came you hither?",2155
Act V,Scene I,Boatswain,"If I did think, sir, I were well awake,",2156
Act V,Scene I,Boatswain,"I'ld strive to tell you. We were dead of sleep,",2157
Act V,Scene I,Boatswain,And--how we know not--all clapp'd under hatches;,2158
Act V,Scene I,Boatswain,Where but even now with strange and several noises,2159
Act V,Scene I,Boatswain,"Of roaring, shrieking, howling, jingling chains,",2160
Act V,Scene I,Boatswain,"And more diversity of sounds, all horrible,",2161
Act V,Scene I,Boatswain,"We were awaked; straightway, at liberty;",2162
Act V,Scene I,Boatswain,"Where we, in all her trim, freshly beheld",2163
Act V,Scene I,Boatswain,"Our royal, good and gallant ship, our master",2164
Act V,Scene I,Boatswain,"Capering to eye her: on a trice, so please you,",2165
Act V,Scene I,Boatswain,"Even in a dream, were we divided from them",2166
Act V,Scene I,Boatswain,And were brought moping hither.,2167
Act V,Scene I,Ariel,[Aside to PROSPERO]          Was't well done?,2168
Act V,Scene I,Prospero,"[Aside to ARIEL]  Bravely, my diligence. Thou shalt be free.",2169
Act V,Scene I,Alonso,This is as strange a maze as e'er men trod,2170
Act V,Scene I,Alonso,And there is in this business more than nature,2171
Act V,Scene I,Alonso,Was ever conduct of: some oracle,2172
Act V,Scene I,Alonso,Must rectify our knowledge.,2173
Act V,Scene I,Prospero,"Sir, my liege,",2174
Act V,Scene I,Prospero,Do not infest your mind with beating on,2175
Act V,Scene I,Prospero,The strangeness of this business; at pick'd leisure,2176
Act V,Scene I,Prospero,"Which shall be shortly, single I'll resolve you,",2177
Act V,Scene I,Prospero,"Which to you shall seem probable, of every",2178
Act V,Scene I,Prospero,"These happen'd accidents; till when, be cheerful",2179
Act V,Scene I,Prospero,And think of each thing well.,2180
Act V,Scene I,[stage direction],Aside to ARIEL,NA
Act V,Scene I,Prospero,"Come hither, spirit:",2181
Act V,Scene I,Prospero,Set Caliban and his companions free;,2182
Act V,Scene I,Prospero,Untie the spell.,2183
Act V,Scene I,[stage direction],Exit ARIEL,NA
Act V,Scene I,Prospero,How fares my gracious sir?,2184
Act V,Scene I,Prospero,There are yet missing of your company,2185
Act V,Scene I,Prospero,Some few odd lads that you remember not.,2186
Act V,Scene I,[stage direction],"Re-enter ARIEL, driving in CALIBAN, STEPHANO and TRINCULO, in their stolen apparel",NA
Act V,Scene I,Stephano,"Every man shift for all the rest, and",2187
Act V,Scene I,Stephano,let no man take care for himself; for all is,2188
Act V,Scene I,Stephano,"but fortune. Coragio, bully-monster, coragio!",2189
Act V,Scene I,Trinculo,"If these be true spies which I wear in my head,",2190
Act V,Scene I,Trinculo,here's a goodly sight.,2191
Act V,Scene I,Caliban,"O Setebos, these be brave spirits indeed!",2192
Act V,Scene I,Caliban,How fine my master is! I am afraid,2193
Act V,Scene I,Caliban,He will chastise me.,2194
Act V,Scene I,Sebastian,"Ha, ha!",2195
Act V,Scene I,Sebastian,"What things are these, my lord Antonio?",2196
Act V,Scene I,Sebastian,Will money buy 'em?,2197
Act V,Scene I,Antonio,Very like; one of them,2198
Act V,Scene I,Antonio,"Is a plain fish, and, no doubt, marketable.",2199
Act V,Scene I,Prospero,"Mark but the badges of these men, my lords,",2200
Act V,Scene I,Prospero,"Then say if they be true. This mis-shapen knave,",2201
Act V,Scene I,Prospero,"His mother was a witch, and one so strong",2202
Act V,Scene I,Prospero,"That could control the moon, make flows and ebbs,",2203
Act V,Scene I,Prospero,And deal in her command without her power.,2204
Act V,Scene I,Prospero,These three have robb'd me; and this demi-devil--,2205
Act V,Scene I,Prospero,For he's a bastard one--had plotted with them,2206
Act V,Scene I,Prospero,To take my life. Two of these fellows you,2207
Act V,Scene I,Prospero,Must know and own; this thing of darkness!,2208
Act V,Scene I,Prospero,Acknowledge mine.,2209
Act V,Scene I,Caliban,I shall be pinch'd to death.,2210
Act V,Scene I,Alonso,"Is not this Stephano, my drunken butler?",2211
Act V,Scene I,Sebastian,He is drunk now: where had he wine?,2212
Act V,Scene I,Alonso,And Trinculo is reeling ripe: where should they,2213
Act V,Scene I,Alonso,Find this grand liquor that hath gilded 'em?,2214
Act V,Scene I,Alonso,How camest thou in this pickle?,2215
Act V,Scene I,Trinculo,I have been in such a pickle since I,2216
Act V,Scene I,Trinculo,"saw you last that, I fear me, will never out of",2217
Act V,Scene I,Trinculo,my bones: I shall not fear fly-blowing.,2218
Act V,Scene I,Sebastian,"Why, how now, Stephano!",2219
Act V,Scene I,Stephano,"O, touch me not; I am not Stephano, but a cramp.",2220
Act V,Scene I,Prospero,"You'ld be king o' the isle, sirrah?",2221
Act V,Scene I,Stephano,I should have been a sore one then.,2222
Act V,Scene I,Alonso,This is a strange thing as e'er I look'd on.,2223
Act V,Scene I,[stage direction],Pointing to Caliban,NA
Act V,Scene I,Prospero,He is as disproportion'd in his manners,2224
Act V,Scene I,Prospero,"As in his shape. Go, sirrah, to my cell;",2225
Act V,Scene I,Prospero,Take with you your companions; as you look,2226
Act V,Scene I,Prospero,"To have my pardon, trim it handsomely.",2227
Act V,Scene I,Caliban,"Ay, that I will; and I'll be wise hereafter",2228
Act V,Scene I,Caliban,And seek for grace. What a thrice-double ass,2229
Act V,Scene I,Caliban,"Was I, to take this drunkard for a god",2230
Act V,Scene I,Caliban,And worship this dull fool!,2231
Act V,Scene I,Prospero,Go to; away!,2232
Act V,Scene I,Alonso,"Hence, and bestow your luggage where you found it.",2233
Act V,Scene I,Sebastian,"Or stole it, rather.",2234
Act V,Scene I,[stage direction],"Exeunt CALIBAN, STEPHANO, and TRINCULO",NA
Act V,Scene I,Prospero,"Sir, I invite your highness and your train",2235
Act V,Scene I,Prospero,"To my poor cell, where you shall take your rest",2236
Act V,Scene I,Prospero,"For this one night; which, part of it, I'll waste",2237
Act V,Scene I,Prospero,"With such discourse as, I not doubt, shall make it",2238
Act V,Scene I,Prospero,Go quick away; the story of my life,2239
Act V,Scene I,Prospero,And the particular accidents gone by,2240
Act V,Scene I,Prospero,Since I came to this isle: and in the morn,2241
Act V,Scene I,Prospero,"I'll bring you to your ship and so to Naples,",2242
Act V,Scene I,Prospero,Where I have hope to see the nuptial,2243
Act V,Scene I,Prospero,Of these our dear-beloved solemnized;,2244
Act V,Scene I,Prospero,"And thence retire me to my Milan, where",2245
Act V,Scene I,Prospero,Every third thought shall be my grave.,2246
Act V,Scene I,Alonso,I long,2247
Act V,Scene I,Alonso,"To hear the story of your life, which must",2248
Act V,Scene I,Alonso,Take the ear strangely.,2249
Act V,Scene I,Prospero,I'll deliver all;,2250
Act V,Scene I,Prospero,"And promise you calm seas, auspicious gales",2251
Act V,Scene I,Prospero,And sail so expeditious that shall catch,2252
Act V,Scene I,Prospero,Your royal fleet far off.,2253
Act V,Scene I,[stage direction],Aside to ARIEL,NA
Act V,Scene I,Prospero,"My Ariel, chick,",2254
Act V,Scene I,Prospero,That is thy charge: then to the elements,2255
Act V,Scene I,Prospero,"Be free, and fare thou well! Please you, draw near.",2256
Act V,Scene I,[stage direction],Exeunt,NA
Act V,Epilogue,Prospero,SPOKEN BY PROSPERO,2257
Act V,Epilogue,Prospero,"Now my charms are all o'erthrown,",2258
Act V,Epilogue,Prospero,"And what strength I have's mine own,",2259
Act V,Epilogue,Prospero,"Which is most faint: now, 'tis true,",2260
Act V,Epilogue,Prospero,"I must be here confined by you,",2261
Act V,Epilogue,Prospero,"Or sent to Naples. Let me not,",2262
Act V,Epilogue,Prospero,Since I have my dukedom got,2263
Act V,Epilogue,Prospero,"And pardon'd the deceiver, dwell",2264
Act V,Epilogue,Prospero,In this bare island by your spell;,2265
Act V,Epilogue,Prospero,But release me from my bands,2266
Act V,Epilogue,Prospero,With the help of your good hands:,2267
Act V,Epilogue,Prospero,Gentle breath of yours my sails,2268
Act V,Epilogue,Prospero,"Must fill, or else my project fails,",2269
Act V,Epilogue,Prospero,Which was to please. Now I want,2270
Act V,Epilogue,Prospero,"Spirits to enforce, art to enchant,",2271
Act V,Epilogue,Prospero,"And my ending is despair,",2272
Act V,Epilogue,Prospero,"Unless I be relieved by prayer,",2273
Act V,Epilogue,Prospero,Which pierces so that it assaults,2274
Act V,Epilogue,Prospero,Mercy itself and frees all faults.,2275
Act V,Epilogue,Prospero,"As you from crimes would pardon'd be,",2276
Act V,Epilogue,Prospero,Let your indulgence set me free.,2277
