act,scene,character,dialogue,line_number
Act I,Scene I,[stage direction],"Enter Poet, Painter, Jeweller, Merchant, and others, at several doors",NA
Act I,Scene I,Poet,"Good day, sir.",1
Act I,Scene I,Painter,I am glad you're well.,2
Act I,Scene I,Poet,I have not seen you long: how goes the world?,3
Act I,Scene I,Painter,"It wears, sir, as it grows.",4
Act I,Scene I,Poet,"Ay, that's well known:",5
Act I,Scene I,Poet,"But what particular rarity? what strange,",6
Act I,Scene I,Poet,"Which manifold record not matches? See,",7
Act I,Scene I,Poet,Magic of bounty! all these spirits thy power,8
Act I,Scene I,Poet,Hath conjured to attend. I know the merchant.,9
Act I,Scene I,Painter,I know them both; th' other's a jeweller.,10
Act I,Scene I,Merchant,"O, 'tis a worthy lord.",11
Act I,Scene I,Jeweller,"Nay, that's most fix'd.",12
Act I,Scene I,Merchant,"A most incomparable man, breathed, as it were,",13
Act I,Scene I,Merchant,To an untirable and continuate goodness:,14
Act I,Scene I,Merchant,He passes.,15
Act I,Scene I,Merchant,Jeweller:	I have a jewel here--,16
Act I,Scene I,Merchant,"O, pray, let's see't: for the Lord Timon, sir?",17
Act I,Scene I,Merchant,"Jeweller:	If he will touch the estimate: but, for that--",18
Act I,Scene I,Poet,[Reciting to himself]  'When we for recompense have,19
Act I,Scene I,Poet,"praised the vile,",20
Act I,Scene I,Poet,It stains the glory in that happy verse,21
Act I,Scene I,Poet,Which aptly sings the good.',22
Act I,Scene I,Merchant,'Tis a good form.,23
Act I,Scene I,[stage direction],Looking at the jewel,NA
Act I,Scene I,Jeweller,"And rich: here is a water, look ye.",24
Act I,Scene I,Painter,"You are rapt, sir, in some work, some dedication",25
Act I,Scene I,Painter,To the great lord.,26
Act I,Scene I,Poet,A thing slipp'd idly from me.,27
Act I,Scene I,Poet,"Our poesy is as a gum, which oozes",28
Act I,Scene I,Poet,From whence 'tis nourish'd: the fire i' the flint,29
Act I,Scene I,Poet,Shows not till it be struck; our gentle flame,30
Act I,Scene I,Poet,Provokes itself and like the current flies,31
Act I,Scene I,Poet,Each bound it chafes. What have you there?,32
Act I,Scene I,Painter,"A picture, sir. When comes your book forth?",33
Act I,Scene I,Poet,"Upon the heels of my presentment, sir.",34
Act I,Scene I,Poet,Let's see your piece.,35
Act I,Scene I,Painter,'Tis a good piece.,36
Act I,Scene I,Poet,So 'tis: this comes off well and excellent.,37
Act I,Scene I,Painter,Indifferent.,38
Act I,Scene I,Poet,Admirable: how this grace,39
Act I,Scene I,Poet,Speaks his own standing! what a mental power,40
Act I,Scene I,Poet,This eye shoots forth! how big imagination,41
Act I,Scene I,Poet,Moves in this lip! to the dumbness of the gesture,42
Act I,Scene I,Poet,One might interpret.,43
Act I,Scene I,Painter,It is a pretty mocking of the life.,44
Act I,Scene I,Painter,Here is a touch; is't good?,45
Act I,Scene I,Poet,"I will say of it,",46
Act I,Scene I,Poet,It tutors nature: artificial strife,47
Act I,Scene I,Poet,"Lives in these touches, livelier than life.",48
Act I,Scene I,[stage direction],"Enter certain Senators, and pass over",NA
Act I,Scene I,Painter,How this lord is follow'd!,49
Act I,Scene I,Poet,The senators of Athens: happy man!,50
Act I,Scene I,Painter,"Look, more!",51
Act I,Scene I,Poet,"You see this confluence, this great flood",52
Act I,Scene I,Poet,of visitors.,53
Act I,Scene I,Poet,"I have, in this rough work, shaped out a man,",54
Act I,Scene I,Poet,Whom this beneath world doth embrace and hug,55
Act I,Scene I,Poet,With amplest entertainment: my free drift,56
Act I,Scene I,Poet,"Halts not particularly, but moves itself",57
Act I,Scene I,Poet,In a wide sea of wax: no levell'd malice,58
Act I,Scene I,Poet,Infects one comma in the course I hold;,59
Act I,Scene I,Poet,"But flies an eagle flight, bold and forth on,",60
Act I,Scene I,Poet,Leaving no tract behind.,61
Act I,Scene I,Painter,How shall I understand you?,62
Act I,Scene I,Poet,I will unbolt to you.,63
Act I,Scene I,Poet,"You see how all conditions, how all minds,",64
Act I,Scene I,Poet,As well of glib and slippery creatures as,65
Act I,Scene I,Poet,"Of grave and austere quality, tender down",66
Act I,Scene I,Poet,Their services to Lord Timon: his large fortune,67
Act I,Scene I,Poet,Upon his good and gracious nature hanging,68
Act I,Scene I,Poet,Subdues and properties to his love and tendance,69
Act I,Scene I,Poet,"All sorts of hearts; yea, from the glass-faced flatterer",70
Act I,Scene I,Poet,"To Apemantus, that few things loves better",71
Act I,Scene I,Poet,Than to abhor himself: even he drops down,72
Act I,Scene I,Poet,"The knee before him, and returns in peace",73
Act I,Scene I,Poet,Most rich in Timon's nod.,74
Act I,Scene I,Painter,I saw them speak together.,75
Act I,Scene I,Poet,"Sir, I have upon a high and pleasant hill",76
Act I,Scene I,Poet,Feign'd Fortune to be throned: the base o' the mount,77
Act I,Scene I,Poet,"Is rank'd with all deserts, all kind of natures,",78
Act I,Scene I,Poet,That labour on the bosom of this sphere,79
Act I,Scene I,Poet,"To propagate their states: amongst them all,",80
Act I,Scene I,Poet,"Whose eyes are on this sovereign lady fix'd,",81
Act I,Scene I,Poet,"One do I personate of Lord Timon's frame,",82
Act I,Scene I,Poet,Whom Fortune with her ivory hand wafts to her;,83
Act I,Scene I,Poet,Whose present grace to present slaves and servants,84
Act I,Scene I,Poet,Translates his rivals.,85
Act I,Scene I,Painter,'Tis conceived to scope.,86
Act I,Scene I,Painter,"This throne, this Fortune, and this hill, methinks,",87
Act I,Scene I,Painter,"With one man beckon'd from the rest below,",88
Act I,Scene I,Painter,Bowing his head against the sleepy mount,89
Act I,Scene I,Painter,"To climb his happiness, would be well express'd",90
Act I,Scene I,Painter,In our condition.,91
Act I,Scene I,Poet,"Nay, sir, but hear me on.",92
Act I,Scene I,Poet,"All those which were his fellows but of late,",93
Act I,Scene I,Poet,"Some better than his value, on the moment",94
Act I,Scene I,Poet,"Follow his strides, his lobbies fill with tendance,",95
Act I,Scene I,Poet,"Rain sacrificial whisperings in his ear,",96
Act I,Scene I,Poet,"Make sacred even his stirrup, and through him",97
Act I,Scene I,Poet,Drink the free air.,98
Act I,Scene I,Painter,"Ay, marry, what of these?",99
Act I,Scene I,Poet,When Fortune in her shift and change of mood,100
Act I,Scene I,Poet,"Spurns down her late beloved, all his dependants",101
Act I,Scene I,Poet,Which labour'd after him to the mountain's top,102
Act I,Scene I,Poet,"Even on their knees and hands, let him slip down,",103
Act I,Scene I,Poet,Not one accompanying his declining foot.,104
Act I,Scene I,Painter,'Tis common:,105
Act I,Scene I,Painter,A thousand moral paintings I can show,106
Act I,Scene I,Painter,That shall demonstrate these quick blows of Fortune's,107
Act I,Scene I,Painter,More pregnantly than words. Yet you do well,108
Act I,Scene I,Painter,To show Lord Timon that mean eyes have seen,109
Act I,Scene I,Painter,The foot above the head.,110
Act I,Scene I,[stage direction],"Trumpets sound. Enter TIMON, addressing himself  courteously to every suitor; a Messenger from  VENTIDIUS talking with him; LUCILIUS and other servants following",NA
Act I,Scene I,Timon,"Imprison'd is he, say you?",111
Act I,Scene I,Messenger,"Ay, my good lord: five talents is his debt,",112
Act I,Scene I,Messenger,"His means most short, his creditors most strait:",113
Act I,Scene I,Messenger,Your honourable letter he desires,114
Act I,Scene I,Messenger,"To those have shut him up; which failing,",115
Act I,Scene I,Messenger,Periods his comfort.,116
Act I,Scene I,Timon,Noble Ventidius! Well;,117
Act I,Scene I,Timon,I am not of that feather to shake off,118
Act I,Scene I,Timon,My friend when he must need me. I do know him,119
Act I,Scene I,Timon,A gentleman that well deserves a help:,120
Act I,Scene I,Timon,"Which he shall have: I'll pay the debt,",121
Act I,Scene I,Timon,and free him.,122
Act I,Scene I,Messenger,Your lordship ever binds him.,123
Act I,Scene I,Timon,Commend me to him: I will send his ransom;,124
Act I,Scene I,Timon,"And being enfranchised, bid him come to me.",125
Act I,Scene I,Timon,"'Tis not enough to help the feeble up,",126
Act I,Scene I,Timon,But to support him after. Fare you well.,127
Act I,Scene I,Messenger,All happiness to your honour!,128
Act I,Scene I,[stage direction],Exit,NA
Act I,Scene I,[stage direction],Enter an old Athenian,NA
Act I,Scene I,Old Athenian,"Lord Timon, hear me speak.",129
Act I,Scene I,Timon,"Freely, good father.",130
Act I,Scene I,Old Athenian,Thou hast a servant named Lucilius.,131
Act I,Scene I,Timon,I have so: what of him?,132
Act I,Scene I,Old Athenian,"Most noble Timon, call the man before thee.",133
Act I,Scene I,Timon,"Attends he here, or no? Lucilius!",134
Act I,Scene I,Lucilius,"Here, at your lordship's service.",135
Act I,Scene I,Old Athenian,"This fellow here, Lord Timon, this thy creature,",136
Act I,Scene I,Old Athenian,By night frequents my house. I am a man,137
Act I,Scene I,Old Athenian,That from my first have been inclined to thrift;,138
Act I,Scene I,Old Athenian,And my estate deserves an heir more raised,139
Act I,Scene I,Old Athenian,Than one which holds a trencher.,140
Act I,Scene I,Timon,Well; what further?,141
Act I,Scene I,Old Athenian,"One only daughter have I, no kin else,",142
Act I,Scene I,Old Athenian,On whom I may confer what I have got:,143
Act I,Scene I,Old Athenian,"The maid is fair, o' the youngest for a bride,",144
Act I,Scene I,Old Athenian,And I have bred her at my dearest cost,145
Act I,Scene I,Old Athenian,In qualities of the best. This man of thine,146
Act I,Scene I,Old Athenian,"Attempts her love: I prithee, noble lord,",147
Act I,Scene I,Old Athenian,Join with me to forbid him her resort;,148
Act I,Scene I,Old Athenian,Myself have spoke in vain.,149
Act I,Scene I,Timon,The man is honest.,150
Act I,Scene I,Old Athenian,"Therefore he will be, Timon:",151
Act I,Scene I,Old Athenian,His honesty rewards him in itself;,152
Act I,Scene I,Old Athenian,It must not bear my daughter.,153
Act I,Scene I,Timon,Does she love him?,154
Act I,Scene I,Old Athenian,She is young and apt:,155
Act I,Scene I,Old Athenian,Our own precedent passions do instruct us,156
Act I,Scene I,Old Athenian,What levity's in youth.,157
Act I,Scene I,Timon,[To LUCILIUS]           Love you the maid?,158
Act I,Scene I,Lucilius,"Ay, my good lord, and she accepts of it.",159
Act I,Scene I,Old Athenian,"If in her marriage my consent be missing,",160
Act I,Scene I,Old Athenian,"I call the gods to witness, I will choose",161
Act I,Scene I,Old Athenian,"Mine heir from forth the beggars of the world,",162
Act I,Scene I,Old Athenian,And dispossess her all.,163
Act I,Scene I,Timon,"How shall she be endow'd,",164
Act I,Scene I,Timon,if she be mated with an equal husband?,165
Act I,Scene I,Old Athenian,"Three talents on the present; in future, all.",166
Act I,Scene I,Timon,This gentleman of mine hath served me long:,167
Act I,Scene I,Timon,"To build his fortune I will strain a little,",168
Act I,Scene I,Timon,For 'tis a bond in men. Give him thy daughter:,169
Act I,Scene I,Timon,"What you bestow, in him I'll counterpoise,",170
Act I,Scene I,Timon,And make him weigh with her.,171
Act I,Scene I,Old Athenian,"Most noble lord,",172
Act I,Scene I,Old Athenian,"Pawn me to this your honour, she is his.",173
Act I,Scene I,Timon,My hand to thee; mine honour on my promise.,174
Act I,Scene I,Lucilius,Humbly I thank your lordship: never may,175
Act I,Scene I,Lucilius,"The state or fortune fall into my keeping,",176
Act I,Scene I,Lucilius,Which is not owed to you!,177
Act I,Scene I,[stage direction],Exeunt LUCILIUS and Old Athenian,NA
Act I,Scene I,Poet,"Vouchsafe my labour, and long live your lordship!",178
Act I,Scene I,Timon,I thank you; you shall hear from me anon:,179
Act I,Scene I,Timon,"Go not away. What have you there, my friend?",180
Act I,Scene I,Painter,"A piece of painting, which I do beseech",181
Act I,Scene I,Painter,Your lordship to accept.,182
Act I,Scene I,Timon,Painting is welcome.,183
Act I,Scene I,Timon,The painting is almost the natural man;,184
Act I,Scene I,Timon,"or since dishonour traffics with man's nature,",185
Act I,Scene I,Timon,He is but outside: these pencill'd figures are,186
Act I,Scene I,Timon,Even such as they give out. I like your work;,187
Act I,Scene I,Timon,And you shall find I like it: wait attendance,188
Act I,Scene I,Timon,Till you hear further from me.,189
Act I,Scene I,Painter,The gods preserve ye!,190
Act I,Scene I,Timon,"Well fare you, gentleman: give me your hand;",191
Act I,Scene I,Timon,"We must needs dine together. Sir, your jewel",192
Act I,Scene I,Timon,Hath suffer'd under praise.,193
Act I,Scene I,Jeweller,"What, my lord! dispraise?",194
Act I,Scene I,Timon,A more satiety of commendations.,195
Act I,Scene I,Timon,"If I should pay you for't as 'tis extoll'd,",196
Act I,Scene I,Timon,It would unclew me quite.,197
Act I,Scene I,Jeweller,"My lord, 'tis rated",198
Act I,Scene I,Jeweller,"As those which sell would give: but you well know,",199
Act I,Scene I,Jeweller,Things of like value differing in the owners,200
Act I,Scene I,Jeweller,"Are prized by their masters: believe't, dear lord,",201
Act I,Scene I,Jeweller,You mend the jewel by the wearing it.,202
Act I,Scene I,Timon,Well mock'd.,203
Act I,Scene I,Merchant,"No, my good lord; he speaks the common tongue,",204
Act I,Scene I,Merchant,Which all men speak with him.,205
Act I,Scene I,Timon,"Look, who comes here: will you be chid?",206
Act I,Scene I,[stage direction],Enter APEMANTUS,NA
Act I,Scene I,Timon,"Jeweller: We'll bear, with your lordship.",207
Act I,Scene I,Merchant,He'll spare none.,208
Act I,Scene I,Timon,"Good morrow to thee, gentle Apemantus!",209
Act I,Scene I,Apemantus,"Till I be gentle, stay thou for thy good morrow;",210
Act I,Scene I,Apemantus,"When thou art Timon's dog, and these knaves honest.",211
Act I,Scene I,Timon,Why dost thou call them knaves? thou know'st them not.,212
Act I,Scene I,Apemantus,Are they not Athenians?,213
Act I,Scene I,Timon,Yes.,214
Act I,Scene I,Apemantus,Then I repent not.,215
Act I,Scene I,Apemantus,"Jeweller: You know me, Apemantus?",216
Act I,Scene I,Apemantus,Thou know'st I do: I call'd thee by thy name.,217
Act I,Scene I,Timon,"Thou art proud, Apemantus.",218
Act I,Scene I,Apemantus,Of nothing so much as that I am not like Timon.,219
Act I,Scene I,Timon,Whither art going?,220
Act I,Scene I,Apemantus,To knock out an honest Athenian's brains.,221
Act I,Scene I,Timon,That's a deed thou'lt die for.,222
Act I,Scene I,Apemantus,"Right, if doing nothing be death by the law.",223
Act I,Scene I,Timon,"How likest thou this picture, Apemantus?",224
Act I,Scene I,Apemantus,"The best, for the innocence.",225
Act I,Scene I,Timon,Wrought he not well that painted it?,226
Act I,Scene I,Apemantus,He wrought better that made the painter; and yet,227
Act I,Scene I,Apemantus,he's but a filthy piece of work.,228
Act I,Scene I,Painter,You're a dog.,229
Act I,Scene I,Apemantus,"Thy mother's of my generation: what's she, if I be a dog?",230
Act I,Scene I,Timon,"Wilt dine with me, Apemantus?",231
Act I,Scene I,Apemantus,No; I eat not lords.,232
Act I,Scene I,Timon,"An thou shouldst, thou 'ldst anger ladies.",233
Act I,Scene I,Apemantus,"O, they eat lords; so they come by great bellies.",234
Act I,Scene I,Timon,That's a lascivious apprehension.,235
Act I,Scene I,Apemantus,So thou apprehendest it: take it for thy labour.,236
Act I,Scene I,Timon,"How dost thou like this jewel, Apemantus?",237
Act I,Scene I,Apemantus,"Not so well as plain-dealing, which will not cost a",238
Act I,Scene I,Apemantus,man a doit.,239
Act I,Scene I,Timon,What dost thou think 'tis worth?,240
Act I,Scene I,Apemantus,"Not worth my thinking. How now, poet!",241
Act I,Scene I,Poet,"How now, philosopher!",242
Act I,Scene I,Apemantus,Thou liest.,243
Act I,Scene I,Poet,Art not one?,244
Act I,Scene I,Apemantus,Yes.,245
Act I,Scene I,Poet,Then I lie not.,246
Act I,Scene I,Apemantus,Art not a poet?,247
Act I,Scene I,Poet,Yes.,248
Act I,Scene I,Apemantus,"Then thou liest: look in thy last work, where thou",249
Act I,Scene I,Apemantus,hast feigned him a worthy fellow.,250
Act I,Scene I,Poet,That's not feigned; he is so.,251
Act I,Scene I,Apemantus,"Yes, he is worthy of thee, and to pay thee for thy",252
Act I,Scene I,Apemantus,labour: he that loves to be flattered is worthy o',253
Act I,Scene I,Apemantus,"the flatterer. Heavens, that I were a lord!",254
Act I,Scene I,Timon,"What wouldst do then, Apemantus?",255
Act I,Scene I,Apemantus,E'en as Apemantus does now; hate a lord with my heart.,256
Act I,Scene I,Timon,"What, thyself?",257
Act I,Scene I,Apemantus,Ay.,258
Act I,Scene I,Timon,Wherefore?,259
Act I,Scene I,Apemantus,That I had no angry wit to be a lord.,260
Act I,Scene I,Apemantus,Art not thou a merchant?,261
Act I,Scene I,Merchant,"Ay, Apemantus.",262
Act I,Scene I,Apemantus,"Traffic confound thee, if the gods will not!",263
Act I,Scene I,Merchant,"If traffic do it, the gods do it.",264
Act I,Scene I,Apemantus,Traffic's thy god; and thy god confound thee!,265
Act I,Scene I,[stage direction],Trumpet sounds. Enter a Messenger,NA
Act I,Scene I,Timon,What trumpet's that?,266
Act I,Scene I,Messenger,"'Tis Alcibiades, and some twenty horse,",267
Act I,Scene I,Messenger,All of companionship.,268
Act I,Scene I,Timon,"Pray, entertain them; give them guide to us.",269
Act I,Scene I,[stage direction],Exeunt some Attendants,NA
Act I,Scene I,Timon,You must needs dine with me: go not you hence,270
Act I,Scene I,Timon,"Till I have thank'd you: when dinner's done,",271
Act I,Scene I,Timon,Show me this piece. I am joyful of your sights.,272
Act I,Scene I,[stage direction],"Enter ALCIBIADES, with the rest",NA
Act I,Scene I,Timon,"Most welcome, sir!",273
Act I,Scene I,Apemantus,"So, so, there!",274
Act I,Scene I,Apemantus,Aches contract and starve your supple joints!,275
Act I,Scene I,Apemantus,That there should be small love 'mongst these,276
Act I,Scene I,Apemantus,"sweet knaves,",277
Act I,Scene I,Apemantus,And all this courtesy! The strain of man's bred out,278
Act I,Scene I,Apemantus,Into baboon and monkey.,279
Act I,Scene I,Alcibiades,"Sir, you have saved my longing, and I feed",280
Act I,Scene I,Alcibiades,Most hungerly on your sight.,281
Act I,Scene I,Timon,"Right welcome, sir!",282
Act I,Scene I,Timon,"Ere we depart, we'll share a bounteous time",283
Act I,Scene I,Timon,"In different pleasures. Pray you, let us in.",284
Act I,Scene I,[stage direction],Exeunt all except APEMANTUS,NA
Act I,Scene I,[stage direction],Enter two Lords,NA
Act I,Scene I,First Lord,"What time o' day is't, Apemantus?",285
Act I,Scene I,Apemantus,Time to be honest.,286
Act I,Scene I,First Lord,That time serves still.,287
Act I,Scene I,Apemantus,"The more accursed thou, that still omitt'st it.",288
Act I,Scene I,Second Lord,Thou art going to Lord Timon's feast?,289
Act I,Scene I,Apemantus,"Ay, to see meat fill knaves and wine heat fools.",290
Act I,Scene I,Second Lord,"Fare thee well, fare thee well.",291
Act I,Scene I,Apemantus,Thou art a fool to bid me farewell twice.,292
Act I,Scene I,Second Lord,"Why, Apemantus?",293
Act I,Scene I,Apemantus,"Shouldst have kept one to thyself, for I mean to",294
Act I,Scene I,Apemantus,give thee none.,295
Act I,Scene I,First Lord,Hang thyself!,296
Act I,Scene I,Apemantus,"No, I will do nothing at thy bidding: make thy",297
Act I,Scene I,Apemantus,requests to thy friend.,298
Act I,Scene I,Second Lord,"Away, unpeaceable dog, or I'll spurn thee hence!",299
Act I,Scene I,Apemantus,"I will fly, like a dog, the heels o' the ass.",300
Act I,Scene I,[stage direction],Exit,NA
Act I,Scene I,First Lord,"He's opposite to humanity. Come, shall we in,",301
Act I,Scene I,First Lord,And taste Lord Timon's bounty? he outgoes,302
Act I,Scene I,First Lord,The very heart of kindness.,303
Act I,Scene I,Second Lord,"He pours it out; Plutus, the god of gold,",304
Act I,Scene I,Second Lord,"Is but his steward: no meed, but he repays",305
Act I,Scene I,Second Lord,"Sevenfold above itself; no gift to him,",306
Act I,Scene I,Second Lord,But breeds the giver a return exceeding,307
Act I,Scene I,Second Lord,All use of quittance.,308
Act I,Scene I,First Lord,The noblest mind he carries,309
Act I,Scene I,First Lord,That ever govern'd man.,310
Act I,Scene I,Second Lord,Long may he live in fortunes! Shall we in?,311
Act I,Scene I,First Lord,I'll keep you company.,312
Act I,Scene I,[stage direction],Exeunt,NA
Act I,Scene II,[stage direction],"Hautboys playing loud music. A great banquet  served in; FLAVIUS and others attending; then enter  TIMON, ALCIBIADES, Lords, Senators, and VENTIDIUS.  Then comes, dropping, after all, APEMANTUS, discontentedly, like himself",NA
Act I,Scene II,Ventidius,"Most honour'd Timon,",313
Act I,Scene II,Ventidius,"It hath pleased the gods to remember my father's age,",314
Act I,Scene II,Ventidius,And call him to long peace.,315
Act I,Scene II,Ventidius,"He is gone happy, and has left me rich:",316
Act I,Scene II,Ventidius,"Then, as in grateful virtue I am bound",317
Act I,Scene II,Ventidius,"To your free heart, I do return those talents,",318
Act I,Scene II,Ventidius,"Doubled with thanks and service, from whose help",319
Act I,Scene II,Ventidius,I derived liberty.,320
Act I,Scene II,Timon,"O, by no means,",321
Act I,Scene II,Timon,Honest Ventidius; you mistake my love:,322
Act I,Scene II,Timon,I gave it freely ever; and there's none,323
Act I,Scene II,Timon,"Can truly say he gives, if he receives:",324
Act I,Scene II,Timon,"If our betters play at that game, we must not dare",325
Act I,Scene II,Timon,To imitate them; faults that are rich are fair.,326
Act I,Scene II,Ventidius,A noble spirit!,327
Act I,Scene II,Timon,"Nay, my lords,",328
Act I,Scene II,[stage direction],They all stand ceremoniously looking on TIMON,NA
Act I,Scene II,Timon,Ceremony was but devised at first,329
Act I,Scene II,Timon,"To set a gloss on faint deeds, hollow welcomes,",330
Act I,Scene II,Timon,"Recanting goodness, sorry ere 'tis shown;",331
Act I,Scene II,Timon,"But where there is true friendship, there needs none.",332
Act I,Scene II,Timon,"Pray, sit; more welcome are ye to my fortunes",333
Act I,Scene II,Timon,Than my fortunes to me.,334
Act I,Scene II,[stage direction],They sit,NA
Act I,Scene II,First Lord,"My lord, we always have confess'd it.",335
Act I,Scene II,Apemantus,"Ho, ho, confess'd it! hang'd it, have you not?",336
Act I,Scene II,Timon,"O, Apemantus, you are welcome.",337
Act I,Scene II,Apemantus,No;,338
Act I,Scene II,Apemantus,You shall not make me welcome:,339
Act I,Scene II,Apemantus,I come to have thee thrust me out of doors.,340
Act I,Scene II,Timon,"Fie, thou'rt a churl; ye've got a humour there",341
Act I,Scene II,Timon,Does not become a man: 'tis much to blame.,342
Act I,Scene II,Timon,"They say, my lords, 'ira furor brevis est;' but yond",343
Act I,Scene II,Timon,"man is ever angry. Go, let him have a table by",344
Act I,Scene II,Timon,"himself, for he does neither affect company, nor is",345
Act I,Scene II,Timon,"he fit for't, indeed.",346
Act I,Scene II,Apemantus,"Let me stay at thine apperil, Timon: I come to",347
Act I,Scene II,Apemantus,observe; I give thee warning on't.,348
Act I,Scene II,Timon,"I take no heed of thee; thou'rt an Athenian,",349
Act I,Scene II,Timon,therefore welcome: I myself would have no power;,350
Act I,Scene II,Timon,"prithee, let my meat make thee silent.",351
Act I,Scene II,Apemantus,"I scorn thy meat; 'twould choke me, for I should",352
Act I,Scene II,Apemantus,"ne'er flatter thee. O you gods, what a number of",353
Act I,Scene II,Apemantus,"men eat Timon, and he sees 'em not! It grieves me",354
Act I,Scene II,Apemantus,to see so many dip their meat in one man's blood;,355
Act I,Scene II,Apemantus,"and all the madness is, he cheers them up too.",356
Act I,Scene II,Apemantus,I wonder men dare trust themselves with men:,357
Act I,Scene II,Apemantus,Methinks they should invite them without knives;,358
Act I,Scene II,Apemantus,"Good for their meat, and safer for their lives.",359
Act I,Scene II,Apemantus,There's much example for't; the fellow that sits,360
Act I,Scene II,Apemantus,"next him now, parts bread with him, pledges the",361
Act I,Scene II,Apemantus,"breath of him in a divided draught, is the readiest",362
Act I,Scene II,Apemantus,man to kill him: 't has been proved. If I were a,363
Act I,Scene II,Apemantus,"huge man, I should fear to drink at meals;",364
Act I,Scene II,Apemantus,Lest they should spy my windpipe's dangerous notes:,365
Act I,Scene II,Apemantus,Great men should drink with harness on their throats.,366
Act I,Scene II,Timon,"My lord, in heart; and let the health go round.",367
Act I,Scene II,Second Lord,"Let it flow this way, my good lord.",368
Act I,Scene II,Apemantus,Flow this way! A brave fellow! he keeps his tides,369
Act I,Scene II,Apemantus,well. Those healths will make thee and thy state,370
Act I,Scene II,Apemantus,"look ill, Timon. Here's that which is too weak to",371
Act I,Scene II,Apemantus,"be a sinner, honest water, which ne'er left man i' the mire:",372
Act I,Scene II,Apemantus,This and my food are equals; there's no odds:,373
Act I,Scene II,Apemantus,Feasts are too proud to give thanks to the gods.,374
Act I,Scene II,Apemantus,Apemantus' grace.,375
Act I,Scene II,Apemantus,"Immortal gods, I crave no pelf;",376
Act I,Scene II,Apemantus,I pray for no man but myself:,377
Act I,Scene II,Apemantus,"Grant I may never prove so fond,",378
Act I,Scene II,Apemantus,To trust man on his oath or bond;,379
Act I,Scene II,Apemantus,"Or a harlot, for her weeping;",380
Act I,Scene II,Apemantus,"Or a dog, that seems a-sleeping:",381
Act I,Scene II,Apemantus,Or a keeper with my freedom;,382
Act I,Scene II,Apemantus,"Or my friends, if I should need 'em.",383
Act I,Scene II,Apemantus,Amen. So fall to't:,384
Act I,Scene II,Apemantus,"Rich men sin, and I eat root.",385
Act I,Scene II,[stage direction],Eats and drinks,NA
Act I,Scene II,Apemantus,"Much good dich thy good heart, Apemantus!",386
Act I,Scene II,Timon,"Captain Alcibiades, your heart's in the field now.",387
Act I,Scene II,Alcibiades,"My heart is ever at your service, my lord.",388
Act I,Scene II,Timon,You had rather be at a breakfast of enemies than a,389
Act I,Scene II,Timon,dinner of friends.,390
Act I,Scene II,Alcibiades,"So the were bleeding-new, my lord, there's no meat",391
Act I,Scene II,Alcibiades,like 'em: I could wish my best friend at such a feast.,392
Act I,Scene II,Apemantus,"Would all those fatterers were thine enemies then,",393
Act I,Scene II,Apemantus,that then thou mightst kill 'em and bid me to 'em!,394
Act I,Scene II,First Lord,"Might we but have that happiness, my lord, that you",395
Act I,Scene II,First Lord,"would once use our hearts, whereby we might express",396
Act I,Scene II,First Lord,"some part of our zeals, we should think ourselves",397
Act I,Scene II,First Lord,for ever perfect.,398
Act I,Scene II,Timon,"O, no doubt, my good friends, but the gods",399
Act I,Scene II,Timon,themselves have provided that I shall have much help,400
Act I,Scene II,Timon,from you: how had you been my friends else? why,401
Act I,Scene II,Timon,"have you that charitable title from thousands, did",402
Act I,Scene II,Timon,not you chiefly belong to my heart? I have told,403
Act I,Scene II,Timon,more of you to myself than you can with modesty,404
Act I,Scene II,Timon,speak in your own behalf; and thus far I confirm,405
Act I,Scene II,Timon,"you. O you gods, think I, what need we have any",406
Act I,Scene II,Timon,"friends, if we should ne'er have need of 'em? they",407
Act I,Scene II,Timon,"were the most needless creatures living, should we",408
Act I,Scene II,Timon,"ne'er have use for 'em, and would most resemble",409
Act I,Scene II,Timon,sweet instruments hung up in cases that keep their,410
Act I,Scene II,Timon,"sounds to themselves. Why, I have often wished",411
Act I,Scene II,Timon,"myself poorer, that I might come nearer to you. We",412
Act I,Scene II,Timon,are born to do benefits: and what better or,413
Act I,Scene II,Timon,properer can we can our own than the riches of our,414
Act I,Scene II,Timon,"friends? O, what a precious comfort 'tis, to have",415
Act I,Scene II,Timon,"so many, like brothers, commanding one another's",416
Act I,Scene II,Timon,"fortunes! O joy, e'en made away ere 't can be born!",417
Act I,Scene II,Timon,"Mine eyes cannot hold out water, methinks: to",418
Act I,Scene II,Timon,"forget their faults, I drink to you.",419
Act I,Scene II,Apemantus,"Thou weepest to make them drink, Timon.",420
Act I,Scene II,Second Lord,Joy had the like conception in our eyes,421
Act I,Scene II,Second Lord,And at that instant like a babe sprung up.,422
Act I,Scene II,Apemantus,"Ho, ho! I laugh to think that babe a bastard.",423
Act I,Scene II,Third Lord,"I promise you, my lord, you moved me much.",424
Act I,Scene II,Apemantus,Much!,425
Act I,Scene II,[stage direction],"Tucket, within",NA
Act I,Scene II,Timon,What means that trump?,426
Act I,Scene II,[stage direction],Enter a Servant,NA
Act I,Scene II,Timon,How now?,427
Act I,Scene II,Servant,"Please you, my lord, there are certain",428
Act I,Scene II,Servant,ladies most desirous of admittance.,429
Act I,Scene II,Timon,Ladies! what are their wills?,430
Act I,Scene II,Servant,"There comes with them a forerunner, my lord, which",431
Act I,Scene II,Servant,"bears that office, to signify their pleasures.",432
Act I,Scene II,Timon,"I pray, let them be admitted.",433
Act I,Scene II,[stage direction],Enter Cupid,NA
Act I,Scene II,Cupid,"Hail to thee, worthy Timon, and to all",434
Act I,Scene II,Cupid,That of his bounties taste! The five best senses,435
Act I,Scene II,Cupid,Acknowledge thee their patron; and come freely,436
Act I,Scene II,Cupid,"To gratulate thy plenteous bosom: th' ear,",437
Act I,Scene II,Cupid,"Taste, touch and smell, pleased from thy tale rise;",438
Act I,Scene II,Cupid,They only now come but to feast thine eyes.,439
Act I,Scene II,Timon,They're welcome all; let 'em have kind admittance:,440
Act I,Scene II,Timon,"Music, make their welcome!",441
Act I,Scene II,[stage direction],Exit Cupid,NA
Act I,Scene II,First Lord,"You see, my lord, how ample you're beloved.",442
Act I,Scene II,[stage direction],"Music. Re-enter Cupid with a mask of Ladies  as Amazons, with lutes in their hands, dancing and playing",NA
Act I,Scene II,Apemantus,"Hoy-day, what a sweep of vanity comes this way!",443
Act I,Scene II,Apemantus,They dance! they are mad women.,444
Act I,Scene II,Apemantus,Like madness is the glory of this life.,445
Act I,Scene II,Apemantus,As this pomp shows to a little oil and root.,446
Act I,Scene II,Apemantus,"We make ourselves fools, to disport ourselves;",447
Act I,Scene II,Apemantus,"And spend our flatteries, to drink those men",448
Act I,Scene II,Apemantus,"Upon whose age we void it up again,",449
Act I,Scene II,Apemantus,With poisonous spite and envy.,450
Act I,Scene II,Apemantus,Who lives that's not depraved or depraves?,451
Act I,Scene II,Apemantus,"Who dies, that bears not one spurn to their graves",452
Act I,Scene II,Apemantus,Of their friends' gift?,453
Act I,Scene II,Apemantus,I should fear those that dance before me now,454
Act I,Scene II,Apemantus,Would one day stamp upon me: 't has been done;,455
Act I,Scene II,Apemantus,Men shut their doors against a setting sun.,456
Act I,Scene II,[stage direction],"The Lords rise from table, with much adoring of  TIMON; and to show their loves, each singles out an  Amazon, and all dance, men with women, a lofty strain or two to the hautboys, and cease",NA
Act I,Scene II,Timon,"You have done our pleasures much grace, fair ladies,",457
Act I,Scene II,Timon,"Set a fair fashion on our entertainment,",458
Act I,Scene II,Timon,Which was not half so beautiful and kind;,459
Act I,Scene II,Timon,"You have added worth unto 't and lustre,",460
Act I,Scene II,Timon,And entertain'd me with mine own device;,461
Act I,Scene II,Timon,I am to thank you for 't.,462
Act I,Scene II,First Lady,"My lord, you take us even at the best.",463
Act I,Scene II,Apemantus,"'Faith, for the worst is filthy; and would not hold",464
Act I,Scene II,Apemantus,"taking, I doubt me.",465
Act I,Scene II,Timon,"Ladies, there is an idle banquet attends you:",466
Act I,Scene II,Timon,Please you to dispose yourselves.,467
Act I,Scene II,All Ladies,"Most thankfully, my lord.",468
Act I,Scene II,[stage direction],Exeunt Cupid and Ladies,NA
Act I,Scene II,Timon,Flavius.,469
Act I,Scene II,Flavius,My lord?,470
Act I,Scene II,Timon,The little casket bring me hither.,471
Act I,Scene II,Flavius,"Yes, my lord. More jewels yet!",472
Act I,Scene II,Flavius,There is no crossing him in 's humour;,473
Act I,Scene II,[stage direction],Aside,NA
Act I,Scene II,Flavius,"Else I should tell him,--well, i' faith I should,",474
Act I,Scene II,Flavius,"When all's spent, he 'ld be cross'd then, an he could.",475
Act I,Scene II,Flavius,"'Tis pity bounty had not eyes behind,",476
Act I,Scene II,Flavius,That man might ne'er be wretched for his mind.,477
Act I,Scene II,[stage direction],Exit,NA
Act I,Scene II,First Lord,Where be our men?,478
Act I,Scene II,Servant,"Here, my lord, in readiness.",479
Act I,Scene II,Second Lord,Our horses!,480
Act I,Scene II,[stage direction],"Re-enter FLAVIUS, with the casket",NA
Act I,Scene II,Timon,"O my friends,",481
Act I,Scene II,Timon,"I have one word to say to you: look you, my good lord,",482
Act I,Scene II,Timon,"I must entreat you, honour me so much",483
Act I,Scene II,Timon,"As to advance this jewel; accept it and wear it,",484
Act I,Scene II,Timon,Kind my lord.,485
Act I,Scene II,First Lord,"I am so far already in your gifts,--",486
Act I,Scene II,All,So are we all.,487
Act I,Scene II,[stage direction],Enter a Servant,NA
Act I,Scene II,Servant,"My lord, there are certain nobles of the senate",488
Act I,Scene II,Servant,"Newly alighted, and come to visit you.",489
Act I,Scene II,Timon,They are fairly welcome.,490
Act I,Scene II,Flavius,"I beseech your honour,",491
Act I,Scene II,Flavius,Vouchsafe me a word; it does concern you near.,492
Act I,Scene II,Timon,"Near! why then, another time I'll hear thee:",493
Act I,Scene II,Timon,"I prithee, let's be provided to show them",494
Act I,Scene II,Timon,entertainment.,495
Act I,Scene II,Flavius,[Aside]  I scarce know how.,496
Act I,Scene II,[stage direction],Enter a Second Servant,NA
Act I,Scene II,Second Servant,"May it please your honour, Lord Lucius,",497
Act I,Scene II,Second Servant,"Out of his free love, hath presented to you",498
Act I,Scene II,Second Servant,"Four milk-white horses, trapp'd in silver.",499
Act I,Scene II,Timon,I shall accept them fairly; let the presents,500
Act I,Scene II,Timon,Be worthily entertain'd.,501
Act I,Scene II,[stage direction],Enter a third Servant,NA
Act I,Scene II,Timon,How now! what news?,502
Act I,Scene II,Third Servant,"Please you, my lord, that honourable",503
Act I,Scene II,Third Servant,"gentleman, Lord Lucullus, entreats your company",504
Act I,Scene II,Third Servant,"to-morrow to hunt with him, and has sent your honour",505
Act I,Scene II,Third Servant,two brace of greyhounds.,506
Act I,Scene II,Timon,"I'll hunt with him; and let them be received,",507
Act I,Scene II,Timon,Not without fair reward.,508
Act I,Scene II,Flavius,[Aside]                What will this come to?,509
Act I,Scene II,Flavius,"He commands us to provide, and give great gifts,",510
Act I,Scene II,Flavius,And all out of an empty coffer:,511
Act I,Scene II,Flavius,"Nor will he know his purse, or yield me this,",512
Act I,Scene II,Flavius,"To show him what a beggar his heart is,",513
Act I,Scene II,Flavius,Being of no power to make his wishes good:,514
Act I,Scene II,Flavius,His promises fly so beyond his state,515
Act I,Scene II,Flavius,That what he speaks is all in debt; he owes,516
Act I,Scene II,Flavius,For every word: he is so kind that he now,517
Act I,Scene II,Flavius,Pays interest for 't; his land's put to their books.,518
Act I,Scene II,Flavius,"Well, would I were gently put out of office",519
Act I,Scene II,Flavius,Before I were forced out!,520
Act I,Scene II,Flavius,Happier is he that has no friend to feed,521
Act I,Scene II,Flavius,Than such that do e'en enemies exceed.,522
Act I,Scene II,Flavius,I bleed inwardly for my lord.,523
Act I,Scene II,[stage direction],Exit,NA
Act I,Scene II,Timon,You do yourselves,524
Act I,Scene II,Timon,"Much wrong, you bate too much of your own merits:",525
Act I,Scene II,Timon,"Here, my lord, a trifle of our love.",526
Act I,Scene II,Second Lord,With more than common thanks I will receive it.,527
Act I,Scene II,Third Lord,"O, he's the very soul of bounty!",528
Act I,Scene II,Timon,"And now I remember, my lord, you gave",529
Act I,Scene II,Timon,Good words the other day of a bay courser,530
Act I,Scene II,Timon,"I rode on: it is yours, because you liked it.",531
Act I,Scene II,Second Lord,"O, I beseech you, pardon me, my lord, in that.",532
Act I,Scene II,Timon,"You may take my word, my lord; I know, no man",533
Act I,Scene II,Timon,Can justly praise but what he does affect:,534
Act I,Scene II,Timon,I weigh my friend's affection with mine own;,535
Act I,Scene II,Timon,I'll tell you true. I'll call to you.,536
Act I,Scene II,All Lords,"O, none so welcome.",537
Act I,Scene II,Timon,I take all and your several visitations,538
Act I,Scene II,Timon,"So kind to heart, 'tis not enough to give;",539
Act I,Scene II,Timon,"Methinks, I could deal kingdoms to my friends,",540
Act I,Scene II,Timon,"And ne'er be weary. Alcibiades,",541
Act I,Scene II,Timon,"Thou art a soldier, therefore seldom rich;",542
Act I,Scene II,Timon,It comes in charity to thee: for all thy living,543
Act I,Scene II,Timon,"Is 'mongst the dead, and all the lands thou hast",544
Act I,Scene II,Timon,Lie in a pitch'd field.,545
Act I,Scene II,Alcibiades,"Ay, defiled land, my lord.",546
Act I,Scene II,First Lord,We are so virtuously bound--,547
Act I,Scene II,Timon,And so,548
Act I,Scene II,Timon,Am I to you.,549
Act I,Scene II,Second Lord,So infinitely endear'd--,550
Act I,Scene II,Timon,"All to you. Lights, more lights!",551
Act I,Scene II,First Lord,"The best of happiness,",552
Act I,Scene II,First Lord,"Honour and fortunes, keep with you, Lord Timon!",553
Act I,Scene II,Timon,Ready for his friends.,554
Act I,Scene II,[stage direction],Exeunt all but APEMANTUS and TIMON,NA
Act I,Scene II,Apemantus,What a coil's here!,555
Act I,Scene II,Apemantus,Serving of becks and jutting-out of bums!,556
Act I,Scene II,Apemantus,I doubt whether their legs be worth the sums,557
Act I,Scene II,Apemantus,That are given for 'em. Friendship's full of dregs:,558
Act I,Scene II,Apemantus,"Methinks, false hearts should never have sound legs,",559
Act I,Scene II,Apemantus,Thus honest fools lay out their wealth on court'sies.,560
Act I,Scene II,Timon,"Now, Apemantus, if thou wert not sullen, I would be",561
Act I,Scene II,Timon,good to thee.,562
Act I,Scene II,Apemantus,"No, I'll nothing: for if I should be bribed too,",563
Act I,Scene II,Apemantus,"there would be none left to rail upon thee, and then",564
Act I,Scene II,Apemantus,"thou wouldst sin the faster. Thou givest so long,",565
Act I,Scene II,Apemantus,"Timon, I fear me thou wilt give away thyself in",566
Act I,Scene II,Apemantus,"paper shortly: what need these feasts, pomps and",567
Act I,Scene II,Apemantus,vain-glories?,568
Act I,Scene II,Timon,"Nay, an you begin to rail on society once, I am",569
Act I,Scene II,Timon,sworn not to give regard to you. Farewell; and come,570
Act I,Scene II,Timon,with better music.,571
Act I,Scene II,[stage direction],Exit,NA
Act I,Scene II,Apemantus,So:,572
Act I,Scene II,Apemantus,Thou wilt not hear me now; thou shalt not then:,573
Act I,Scene II,Apemantus,I'll lock thy heaven from thee.,574
Act I,Scene II,Apemantus,"O, that men's ears should be",575
Act I,Scene II,Apemantus,"To counsel deaf, but not to flattery!",576
Act I,Scene II,[stage direction],Exit,NA
Act II,Scene I,[stage direction],"Enter Senator, with papers in his hand",NA
Act II,Scene I,Senator,"And late, five thousand: to Varro and to Isidore",577
Act II,Scene I,Senator,"He owes nine thousand; besides my former sum,",578
Act II,Scene I,Senator,Which makes it five and twenty. Still in motion,579
Act II,Scene I,Senator,Of raging waste? It cannot hold; it will not.,580
Act II,Scene I,Senator,"If I want gold, steal but a beggar's dog,",581
Act II,Scene I,Senator,"And give it Timon, why, the dog coins gold.",582
Act II,Scene I,Senator,"If I would sell my horse, and buy twenty more",583
Act II,Scene I,Senator,"Better than he, why, give my horse to Timon,",584
Act II,Scene I,Senator,"Ask nothing, give it him, it foals me, straight,",585
Act II,Scene I,Senator,"And able horses. No porter at his gate,",586
Act II,Scene I,Senator,But rather one that smiles and still invites,587
Act II,Scene I,Senator,All that pass by. It cannot hold: no reason,588
Act II,Scene I,Senator,"Can found his state in safety. Caphis, ho!",589
Act II,Scene I,Senator,"Caphis, I say!",590
Act II,Scene I,[stage direction],Enter CAPHIS,NA
Act II,Scene I,Caphis,"Here, sir; what is your pleasure?",591
Act II,Scene I,Senator,"Get on your cloak, and haste you to Lord Timon;",592
Act II,Scene I,Senator,Importune him for my moneys; be not ceased,593
Act II,Scene I,Senator,"With slight denial, nor then silenced when--",594
Act II,Scene I,Senator,'Commend me to your master'--and the cap,595
Act II,Scene I,Senator,"Plays in the right hand, thus: but tell him,",596
Act II,Scene I,Senator,"My uses cry to me, I must serve my turn",597
Act II,Scene I,Senator,Out of mine own; his days and times are past,598
Act II,Scene I,Senator,And my reliances on his fracted dates,599
Act II,Scene I,Senator,"Have smit my credit: I love and honour him,",600
Act II,Scene I,Senator,But must not break my back to heal his finger;,601
Act II,Scene I,Senator,"Immediate are my needs, and my relief",602
Act II,Scene I,Senator,"Must not be toss'd and turn'd to me in words,",603
Act II,Scene I,Senator,But find supply immediate. Get you gone:,604
Act II,Scene I,Senator,"Put on a most importunate aspect,",605
Act II,Scene I,Senator,"A visage of demand; for, I do fear,",606
Act II,Scene I,Senator,"When every feather sticks in his own wing,",607
Act II,Scene I,Senator,"Lord Timon will be left a naked gull,",608
Act II,Scene I,Senator,Which flashes now a phoenix. Get you gone.,609
Act II,Scene I,Caphis,"I go, sir.",610
Act II,Scene I,Senator,"'I go, sir!'--Take the bonds along with you,",611
Act II,Scene I,Senator,And have the dates in contempt.,612
Act II,Scene I,Caphis,"I will, sir.",613
Act II,Scene I,Senator,Go.,614
Act II,Scene I,[stage direction],Exeunt,NA
Act II,Scene II,[stage direction],"Enter FLAVIUS, with many bills in his hand",NA
Act II,Scene II,Flavius,"No care, no stop! so senseless of expense,",615
Act II,Scene II,Flavius,"That he will neither know how to maintain it,",616
Act II,Scene II,Flavius,Nor cease his flow of riot: takes no account,617
Act II,Scene II,Flavius,"How things go from him, nor resumes no care",618
Act II,Scene II,Flavius,Of what is to continue: never mind,619
Act II,Scene II,Flavius,"Was to be so unwise, to be so kind.",620
Act II,Scene II,Flavius,"What shall be done? he will not hear, till feel:",621
Act II,Scene II,Flavius,"I must be round with him, now he comes from hunting.",622
Act II,Scene II,Flavius,"Fie, fie, fie, fie!",623
Act II,Scene II,[stage direction],"Enter CAPHIS, and the Servants of Isidore and Varro",NA
Act II,Scene II,Caphis,"Good even, Varro: what,",624
Act II,Scene II,Caphis,You come for money?,625
Act II,Scene II,Caphis,Varro's Servant	Is't not your business too?,626
Act II,Scene II,Caphis,"It is: and yours too, Isidore?",627
Act II,Scene II,Caphis,Isidore's Servant	It is so.,628
Act II,Scene II,Caphis,Would we were all discharged!,629
Act II,Scene II,Caphis,Varro's Servant	I fear it.,630
Act II,Scene II,Caphis,Here comes the lord.,631
Act II,Scene II,[stage direction],"Enter TIMON, ALCIBIADES, and Lords,  &amp; c",NA
Act II,Scene II,Timon,"So soon as dinner's done, we'll forth again,",632
Act II,Scene II,Timon,My Alcibiades. With me? what is your will?,633
Act II,Scene II,Caphis,"My lord, here is a note of certain dues.",634
Act II,Scene II,Timon,Dues! Whence are you?,635
Act II,Scene II,Caphis,"Of Athens here, my lord.",636
Act II,Scene II,Timon,Go to my steward.,637
Act II,Scene II,Caphis,"Please it your lordship, he hath put me off",638
Act II,Scene II,Caphis,To the succession of new days this month:,639
Act II,Scene II,Caphis,My master is awaked by great occasion,640
Act II,Scene II,Caphis,"To call upon his own, and humbly prays you",641
Act II,Scene II,Caphis,That with your other noble parts you'll suit,642
Act II,Scene II,Caphis,In giving him his right.,643
Act II,Scene II,Timon,"Mine honest friend,",644
Act II,Scene II,Timon,"I prithee, but repair to me next morning.",645
Act II,Scene II,Caphis,"Nay, good my lord,--",646
Act II,Scene II,Timon,"Contain thyself, good friend.",647
Act II,Scene II,Timon,"Varro's Servant	One Varro's servant, my good lord,--",648
Act II,Scene II,Timon,Isidore's Servant	From Isidore;,649
Act II,Scene II,Timon,He humbly prays your speedy payment.,650
Act II,Scene II,Caphis,"If you did know, my lord, my master's wants--",651
Act II,Scene II,Caphis,"Varro's Servant	'Twas due on forfeiture, my lord, six weeks And past.",652
Act II,Scene II,Caphis,"Isidore's Servant	         Your steward puts me off, my lord;",653
Act II,Scene II,Caphis,And I am sent expressly to your lordship.,654
Act II,Scene II,Timon,Give me breath.,655
Act II,Scene II,Timon,"I do beseech you, good my lords, keep on;",656
Act II,Scene II,Timon,I'll wait upon you instantly.,657
Act II,Scene II,[stage direction],Exeunt ALCIBIADES and Lords,NA
Act II,Scene II,[stage direction],To FLAVIUS,NA
Act II,Scene II,Timon,"Come hither: pray you,",658
Act II,Scene II,Timon,"How goes the world, that I am thus encounter'd",659
Act II,Scene II,Timon,"With clamourous demands of date-broke bonds,",660
Act II,Scene II,Timon,"And the detention of long-since-due debts,",661
Act II,Scene II,Timon,Against my honour?,662
Act II,Scene II,Flavius,"Please you, gentlemen,",663
Act II,Scene II,Flavius,The time is unagreeable to this business:,664
Act II,Scene II,Flavius,"Your importunacy cease till after dinner,",665
Act II,Scene II,Flavius,That I may make his lordship understand,666
Act II,Scene II,Flavius,Wherefore you are not paid.,667
Act II,Scene II,Timon,"Do so, my friends. See them well entertain'd.",668
Act II,Scene II,[stage direction],Exit,NA
Act II,Scene II,Flavius,"Pray, draw near.",669
Act II,Scene II,[stage direction],Exit,NA
Act II,Scene II,[stage direction],Enter APEMANTUS and Fool,NA
Act II,Scene II,Caphis,"Stay, stay, here comes the fool with Apemantus:",670
Act II,Scene II,Caphis,let's ha' some sport with 'em.,671
Act II,Scene II,Caphis,"Varro's Servant	Hang him, he'll abuse us.",672
Act II,Scene II,Caphis,"Isidore's Servant	A plague upon him, dog!",673
Act II,Scene II,Caphis,"Varro's Servant	How dost, fool?",674
Act II,Scene II,Apemantus,Dost dialogue with thy shadow?,675
Act II,Scene II,Apemantus,Varro's Servant	I speak not to thee.,676
Act II,Scene II,Apemantus,"No,'tis to thyself.",677
Act II,Scene II,[stage direction],To the Fool,NA
Act II,Scene II,Apemantus,Come away.,678
Act II,Scene II,Apemantus,Isidore's Servant	There's the fool hangs on your back already.,679
Act II,Scene II,Apemantus,"No, thou stand'st single, thou'rt not on him yet.",680
Act II,Scene II,Caphis,Where's the fool now?,681
Act II,Scene II,Apemantus,"He last asked the question. Poor rogues, and",682
Act II,Scene II,Apemantus,usurers' men! bawds between gold and want!,683
Act II,Scene II,All Servants,"What are we, Apemantus?",684
Act II,Scene II,Apemantus,Asses.,685
Act II,Scene II,All Servants,Why?,686
Act II,Scene II,Apemantus,"That you ask me what you are, and do not know",687
Act II,Scene II,Apemantus,"yourselves. Speak to 'em, fool.",688
Act II,Scene II,Fool,"How do you, gentlemen?",689
Act II,Scene II,All Servants,"Gramercies, good fool: how does your mistress?",690
Act II,Scene II,Fool,She's e'en setting on water to scald such chickens,691
Act II,Scene II,Fool,as you are. Would we could see you at Corinth!,692
Act II,Scene II,Apemantus,Good! gramercy.,693
Act II,Scene II,[stage direction],Enter Page,NA
Act II,Scene II,Fool,"Look you, here comes my mistress' page.",694
Act II,Scene II,Page,"[To the Fool]  Why, how now, captain! what do you",695
Act II,Scene II,Page,"in this wise company? How dost thou, Apemantus?",696
Act II,Scene II,Apemantus,"Would I had a rod in my mouth, that I might answer",697
Act II,Scene II,Apemantus,thee profitably.,698
Act II,Scene II,Page,"Prithee, Apemantus, read me the superscription of",699
Act II,Scene II,Page,these letters: I know not which is which.,700
Act II,Scene II,Apemantus,Canst not read?,701
Act II,Scene II,Page,No.,702
Act II,Scene II,Apemantus,"There will little learning die then, that day thou",703
Act II,Scene II,Apemantus,art hanged. This is to Lord Timon; this to,704
Act II,Scene II,Apemantus,"Alcibiades. Go; thou wast born a bastard, and thou't",705
Act II,Scene II,Apemantus,die a bawd.,706
Act II,Scene II,Page,"Thou wast whelped a dog, and thou shalt famish a",707
Act II,Scene II,Page,dog's death. Answer not; I am gone.,708
Act II,Scene II,[stage direction],Exit,NA
Act II,Scene II,Apemantus,"E'en so thou outrunnest grace. Fool, I will go with",709
Act II,Scene II,Apemantus,you to Lord Timon's.,710
Act II,Scene II,Fool,Will you leave me there?,711
Act II,Scene II,Apemantus,If Timon stay at home. You three serve three usurers?,712
Act II,Scene II,All Servants,Ay; would they served us!,713
Act II,Scene II,Apemantus,"So would I,--as good a trick as ever hangman served thief.",714
Act II,Scene II,Fool,Are you three usurers' men?,715
Act II,Scene II,All Servants,"Ay, fool.",716
Act II,Scene II,Fool,I think no usurer but has a fool to his servant: my,717
Act II,Scene II,Fool,"mistress is one, and I am her fool. When men come",718
Act II,Scene II,Fool,"to borrow of your masters, they approach sadly, and",719
Act II,Scene II,Fool,go away merry; but they enter my mistress' house,720
Act II,Scene II,Fool,"merrily, and go away sadly: the reason of this?",721
Act II,Scene II,Fool,Varro's Servant	I could render one.,722
Act II,Scene II,Apemantus,"Do it then, that we may account thee a whoremaster",723
Act II,Scene II,Apemantus,"and a knave; which not-withstanding, thou shalt be",724
Act II,Scene II,Apemantus,no less esteemed.,725
Act II,Scene II,Apemantus,"Varro's Servant	What is a whoremaster, fool?",726
Act II,Scene II,Fool,"A fool in good clothes, and something like thee.",727
Act II,Scene II,Fool,'Tis a spirit: sometime't appears like a lord;,728
Act II,Scene II,Fool,"sometime like a lawyer; sometime like a philosopher,",729
Act II,Scene II,Fool,with two stones moe than's artificial one: he is,730
Act II,Scene II,Fool,"very often like a knight; and, generally, in all",731
Act II,Scene II,Fool,shapes that man goes up and down in from fourscore,732
Act II,Scene II,Fool,"to thirteen, this spirit walks in.",733
Act II,Scene II,Fool,Varro's Servant	Thou art not altogether a fool.,734
Act II,Scene II,Fool,Nor thou altogether a wise man: as much foolery as,735
Act II,Scene II,Fool,"I have, so much wit thou lackest.",736
Act II,Scene II,Apemantus,That answer might have become Apemantus.,737
Act II,Scene II,All Servants,"Aside, aside; here comes Lord Timon.",738
Act II,Scene II,[stage direction],Re-enter TIMON and FLAVIUS,NA
Act II,Scene II,Apemantus,"Come with me, fool, come.",739
Act II,Scene II,Fool,"I do not always follow lover, elder brother and",740
Act II,Scene II,Fool,woman; sometime the philosopher.,741
Act II,Scene II,[stage direction],Exeunt APEMANTUS and Fool,NA
Act II,Scene II,Flavius,"Pray you, walk near: I'll speak with you anon.",742
Act II,Scene II,[stage direction],Exeunt Servants,NA
Act II,Scene II,Timon,You make me marvel: wherefore ere this time,743
Act II,Scene II,Timon,"Had you not fully laid my state before me,",744
Act II,Scene II,Timon,"That I might so have rated my expense,",745
Act II,Scene II,Timon,As I had leave of means?,746
Act II,Scene II,Flavius,"You would not hear me,",747
Act II,Scene II,Flavius,At many leisures I proposed.,748
Act II,Scene II,Timon,Go to:,749
Act II,Scene II,Timon,Perchance some single vantages you took.,750
Act II,Scene II,Timon,When my indispos ition put you back:,751
Act II,Scene II,Timon,"And that unaptness made your minister,",752
Act II,Scene II,Timon,Thus to excuse yourself.,753
Act II,Scene II,Flavius,"O my good lord,",754
Act II,Scene II,Flavius,"At many times I brought in my accounts,",755
Act II,Scene II,Flavius,"Laid them before you; you would throw them off,",756
Act II,Scene II,Flavius,"And say, you found them in mine honesty.",757
Act II,Scene II,Flavius,"When, for some trifling present, you have bid me",758
Act II,Scene II,Flavius,"Return so much, I have shook my head and wept;",759
Act II,Scene II,Flavius,"Yea, 'gainst the authority of manners, pray'd you",760
Act II,Scene II,Flavius,To hold your hand more close: I did endure,761
Act II,Scene II,Flavius,"Not seldom, nor no slight cheques, when I have",762
Act II,Scene II,Flavius,Prompted you in the ebb of your estate,763
Act II,Scene II,Flavius,"And your great flow of debts. My loved lord,",764
Act II,Scene II,Flavius,"Though you hear now, too late--yet now's a time--",765
Act II,Scene II,Flavius,The greatest of your having lacks a half,766
Act II,Scene II,Flavius,To pay your present debts.,767
Act II,Scene II,Timon,Let all my land be sold.,768
Act II,Scene II,Flavius,"'Tis all engaged, some forfeited and gone;",769
Act II,Scene II,Flavius,And what remains will hardly stop the mouth,770
Act II,Scene II,Flavius,Of present dues: the future comes apace:,771
Act II,Scene II,Flavius,What shall defend the interim? and at length,772
Act II,Scene II,Flavius,How goes our reckoning?,773
Act II,Scene II,Timon,To Lacedaemon did my land extend.,774
Act II,Scene II,Flavius,"O my good lord, the world is but a word:",775
Act II,Scene II,Flavius,"Were it all yours to give it in a breath,",776
Act II,Scene II,Flavius,How quickly were it gone!,777
Act II,Scene II,Timon,You tell me true.,778
Act II,Scene II,Flavius,"If you suspect my husbandry or falsehood,",779
Act II,Scene II,Flavius,Call me before the exactest auditors,780
Act II,Scene II,Flavius,"And set me on the proof. So the gods bless me,",781
Act II,Scene II,Flavius,When all our offices have been oppress'd,782
Act II,Scene II,Flavius,"With riotous feeders, when our vaults have wept",783
Act II,Scene II,Flavius,"With drunken spilth of wine, when every room",784
Act II,Scene II,Flavius,"Hath blazed with lights and bray'd with minstrelsy,",785
Act II,Scene II,Flavius,"I have retired me to a wasteful cock,",786
Act II,Scene II,Flavius,And set mine eyes at flow.,787
Act II,Scene II,Timon,"Prithee, no more.",788
Act II,Scene II,Flavius,"Heavens, have I said, the bounty of this lord!",789
Act II,Scene II,Flavius,How many prodigal bits have slaves and peasants,790
Act II,Scene II,Flavius,This night englutted! Who is not Timon's?,791
Act II,Scene II,Flavius,"What heart, head, sword, force, means, but is",792
Act II,Scene II,Flavius,Lord Timon's?,793
Act II,Scene II,Flavius,"Great Timon, noble, worthy, royal Timon!",794
Act II,Scene II,Flavius,"Ah, when the means are gone that buy this praise,",795
Act II,Scene II,Flavius,The breath is gone whereof this praise is made:,796
Act II,Scene II,Flavius,"Feast-won, fast-lost; one cloud of winter showers,",797
Act II,Scene II,Flavius,These flies are couch'd.,798
Act II,Scene II,Timon,"Come, sermon me no further:",799
Act II,Scene II,Timon,No villanous bounty yet hath pass'd my heart;,800
Act II,Scene II,Timon,"Unwisely, not ignobly, have I given.",801
Act II,Scene II,Timon,"Why dost thou weep? Canst thou the conscience lack,",802
Act II,Scene II,Timon,To think I shall lack friends? Secure thy heart;,803
Act II,Scene II,Timon,"If I would broach the vessels of my love,",804
Act II,Scene II,Timon,"And try the argument of hearts by borrowing,",805
Act II,Scene II,Timon,Men and men's fortunes could I frankly use,806
Act II,Scene II,Timon,As I can bid thee speak.,807
Act II,Scene II,Flavius,Assurance bless your thoughts!,808
Act II,Scene II,Timon,"And, in some sort, these wants of mine are crown'd,",809
Act II,Scene II,Timon,That I account them blessings; for by these,810
Act II,Scene II,Timon,Shall I try friends: you shall perceive how you,811
Act II,Scene II,Timon,Mistake my fortunes; I am wealthy in my friends.,812
Act II,Scene II,Timon,Within there! Flaminius! Servilius!,813
Act II,Scene II,[stage direction],"Enter FLAMINIUS, SERVILIUS, and other Servants",NA
Act II,Scene II,Servants,My lord? my lord?,814
Act II,Scene II,Timon,I will dispatch you severally; you to Lord Lucius;,815
Act II,Scene II,Timon,to Lord Lucullus you: I hunted with his honour,816
Act II,Scene II,Timon,"to-day: you, to Sempronius: commend me to their",817
Act II,Scene II,Timon,"loves, and, I am proud, say, that my occasions have",818
Act II,Scene II,Timon,found time to use 'em toward a supply of money: let,819
Act II,Scene II,Timon,the request be fifty talents.,820
Act II,Scene II,Flaminius,"As you have said, my lord.",821
Act II,Scene II,Flavius,[Aside]  Lord Lucius and Lucullus? hum!,822
Act II,Scene II,Timon,"Go you, sir, to the senators--",823
Act II,Scene II,Timon,"Of whom, even to the state's best health, I have",824
Act II,Scene II,Timon,Deserved this hearing--bid 'em send o' the instant,825
Act II,Scene II,Timon,A thousand talents to me.,826
Act II,Scene II,Flavius,I have been bold--,827
Act II,Scene II,Flavius,For that I knew it the most general way--,828
Act II,Scene II,Flavius,To them to use your signet and your name;,829
Act II,Scene II,Flavius,"But they do shake their heads, and I am here",830
Act II,Scene II,Flavius,No richer in return.,831
Act II,Scene II,Timon,Is't true? can't be?,832
Act II,Scene II,Flavius,"They answer, in a joint and corporate voice,",833
Act II,Scene II,Flavius,"That now they are at fall, want treasure, cannot",834
Act II,Scene II,Flavius,"Do what they would; are sorry--you are honourable,--",835
Act II,Scene II,Flavius,But yet they could have wish'd--they know not--,836
Act II,Scene II,Flavius,Something hath been amiss--a noble nature,837
Act II,Scene II,Flavius,May catch a wrench--would all were well--'tis pity;--,838
Act II,Scene II,Flavius,"And so, intending other serious matters,",839
Act II,Scene II,Flavius,"After distasteful looks and these hard fractions,",840
Act II,Scene II,Flavius,With certain half-caps and cold-moving nods,841
Act II,Scene II,Flavius,They froze me into silence.,842
Act II,Scene II,Timon,"You gods, reward them!",843
Act II,Scene II,Timon,"Prithee, man, look cheerly. These old fellows",844
Act II,Scene II,Timon,Have their ingratitude in them hereditary:,845
Act II,Scene II,Timon,"Their blood is caked, 'tis cold, it seldom flows;",846
Act II,Scene II,Timon,'Tis lack of kindly warmth they are not kind;,847
Act II,Scene II,Timon,"And nature, as it grows again toward earth,",848
Act II,Scene II,Timon,"Is fashion'd for the journey, dull and heavy.",849
Act II,Scene II,[stage direction],To a Servant,NA
Act II,Scene II,Timon,Go to Ventidius.,850
Act II,Scene II,[stage direction],To FLAVIUS,NA
Act II,Scene II,Timon,"Prithee, be not sad,",851
Act II,Scene II,Timon,Thou art true and honest; ingeniously I speak.,852
Act II,Scene II,Timon,No blame belongs to thee.,853
Act II,Scene II,[stage direction],To Servant,NA
Act II,Scene II,Timon,Ventidius lately,854
Act II,Scene II,Timon,Buried his father; by whose death he's stepp'd,855
Act II,Scene II,Timon,"Into a great estate: when he was poor,",856
Act II,Scene II,Timon,"Imprison'd and in scarcity of friends,",857
Act II,Scene II,Timon,I clear'd him with five talents: greet him from me;,858
Act II,Scene II,Timon,Bid him suppose some good necessity,859
Act II,Scene II,Timon,"Touches his friend, which craves to be remember'd",860
Act II,Scene II,Timon,With those five talents.,861
Act II,Scene II,[stage direction],Exit Servant,NA
Act II,Scene II,[stage direction],To FLAVIUS,NA
Act II,Scene II,Timon,"That had, give't these fellows",862
Act II,Scene II,Timon,"To whom 'tis instant due. Ne'er speak, or think,",863
Act II,Scene II,Timon,That Timon's fortunes 'mong his friends can sink.,864
Act II,Scene II,Flavius,I would I could not think it: that thought is,865
Act II,Scene II,Flavius,bounty's foe;,866
Act II,Scene II,Flavius,"Being free itself, it thinks all others so.",867
Act II,Scene II,[stage direction],Exeunt,NA
Act III,Scene I,[stage direction],FLAMINIUS waiting. Enter a Servant to him,NA
Act III,Scene I,Servant,I have told my lord of you; he is coming down to you.,868
Act III,Scene I,Flaminius,"I thank you, sir.",869
Act III,Scene I,[stage direction],Enter LUCULLUS,NA
Act III,Scene I,Servant,Here's my lord.,870
Act III,Scene I,Lucullus,"[Aside]  One of Lord Timon's men? a gift, I",871
Act III,Scene I,Lucullus,"warrant. Why, this hits right; I dreamt of a silver",872
Act III,Scene I,Lucullus,"basin and ewer to-night. Flaminius, honest",873
Act III,Scene I,Lucullus,"Flaminius; you are very respectively welcome, sir.",874
Act III,Scene I,Lucullus,Fill me some wine.,875
Act III,Scene I,[stage direction],Exit Servants,NA
Act III,Scene I,Lucullus,"And how does that honourable, complete, free-hearted",876
Act III,Scene I,Lucullus,"gentleman of Athens, thy very bountiful good lord",877
Act III,Scene I,Lucullus,and master?,878
Act III,Scene I,Flaminius,His health is well sir.,879
Act III,Scene I,Lucullus,"I am right glad that his health is well, sir: and",880
Act III,Scene I,Lucullus,"what hast thou there under thy cloak, pretty Flaminius?",881
Act III,Scene I,Flaminius,"'Faith, nothing but an empty box, sir; which, in my",882
Act III,Scene I,Flaminius,"lord's behalf, I come to entreat your honour to",883
Act III,Scene I,Flaminius,"supply; who, having great and instant occasion to",884
Act III,Scene I,Flaminius,"use fifty talents, hath sent to your lordship to",885
Act III,Scene I,Flaminius,"furnish him, nothing doubting your present",886
Act III,Scene I,Flaminius,assistance therein.,887
Act III,Scene I,Lucullus,"La, la, la, la! 'nothing doubting,' says he? Alas,",888
Act III,Scene I,Lucullus,"good lord! a noble gentleman 'tis, if he would not",889
Act III,Scene I,Lucullus,keep so good a house. Many a time and often I ha',890
Act III,Scene I,Lucullus,"dined with him, and told him on't, and come again to",891
Act III,Scene I,Lucullus,"supper to him, of purpose to have him spend less,",892
Act III,Scene I,Lucullus,"and yet he would embrace no counsel, take no warning",893
Act III,Scene I,Lucullus,"by my coming. Every man has his fault, and honesty",894
Act III,Scene I,Lucullus,"is his: I ha' told him on't, but I could ne'er get",895
Act III,Scene I,Lucullus,him from't.,896
Act III,Scene I,[stage direction],"Re-enter Servant, with wine",NA
Act III,Scene I,Servant,"Please your lordship, here is the wine.",897
Act III,Scene I,Lucullus,"Flaminius, I have noted thee always wise. Here's to thee.",898
Act III,Scene I,Flaminius,Your lordship speaks your pleasure.,899
Act III,Scene I,Lucullus,I have observed thee always for a towardly prompt,900
Act III,Scene I,Lucullus,spirit--give thee thy due--and one that knows what,901
Act III,Scene I,Lucullus,"belongs to reason; and canst use the time well, if",902
Act III,Scene I,Lucullus,the time use thee well: good parts in thee.,903
Act III,Scene I,[stage direction],To Servant,NA
Act III,Scene I,Lucullus,"Get you gone, sirrah.",904
Act III,Scene I,[stage direction],Exit Servant,NA
Act III,Scene I,Lucullus,"Draw nearer, honest Flaminius. Thy lord's a",905
Act III,Scene I,Lucullus,bountiful gentleman: but thou art wise; and thou,906
Act III,Scene I,Lucullus,"knowest well enough, although thou comest to me,",907
Act III,Scene I,Lucullus,"that this is no time to lend money, especially upon",908
Act III,Scene I,Lucullus,"bare friendship, without security. Here's three",909
Act III,Scene I,Lucullus,"solidares for thee: good boy, wink at me, and say",910
Act III,Scene I,Lucullus,thou sawest me not. Fare thee well.,911
Act III,Scene I,Flaminius,"Is't possible the world should so much differ,",912
Act III,Scene I,Flaminius,"And we alive that lived? Fly, damned baseness,",913
Act III,Scene I,Flaminius,To him that worships thee!,914
Act III,Scene I,[stage direction],Throwing the money back,NA
Act III,Scene I,Lucullus,"Ha! now I see thou art a fool, and fit for thy master.",915
Act III,Scene I,[stage direction],Exit,NA
Act III,Scene I,Flaminius,May these add to the number that may scald thee!,916
Act III,Scene I,Flaminius,"Let moulten coin be thy damnation,",917
Act III,Scene I,Flaminius,"Thou disease of a friend, and not himself!",918
Act III,Scene I,Flaminius,"Has friendship such a faint and milky heart,",919
Act III,Scene I,Flaminius,"It turns in less than two nights? O you gods,",920
Act III,Scene I,Flaminius,"I feel master's passion! this slave,",921
Act III,Scene I,Flaminius,"Unto his honour, has my lord's meat in him:",922
Act III,Scene I,Flaminius,"Why should it thrive and turn to nutriment,",923
Act III,Scene I,Flaminius,When he is turn'd to poison?,924
Act III,Scene I,Flaminius,"O, may diseases only work upon't!",925
Act III,Scene I,Flaminius,"And, when he's sick to death, let not that part of nature",926
Act III,Scene I,Flaminius,"Which my lord paid for, be of any power",927
Act III,Scene I,Flaminius,"To expel sickness, but prolong his hour!",928
Act III,Scene I,[stage direction],Exit,NA
Act III,Scene II,[stage direction],"Enter LUCILIUS, with three Strangers",NA
Act III,Scene II,Lucilius,"Who, the Lord Timon? he is my very good friend, and",929
Act III,Scene II,Lucilius,an honourable gentleman.,930
Act III,Scene II,First Stranger,"We know him for no less, though we are but strangers",931
Act III,Scene II,First Stranger,"to him. But I can tell you one thing, my lord, and",932
Act III,Scene II,First Stranger,which I hear from common rumours: now Lord Timon's,933
Act III,Scene II,First Stranger,"happy hours are done and past, and his estate",934
Act III,Scene II,First Stranger,shrinks from him.,935
Act III,Scene II,Lucilius,"Fie, no, do not believe it; he cannot want for money.",936
Act III,Scene II,Second Stranger,"But believe you this, my lord, that, not long ago,",937
Act III,Scene II,Second Stranger,one of his men was with the Lord Lucullus to borrow,938
Act III,Scene II,Second Stranger,"so many talents, nay, urged extremely for't and",939
Act III,Scene II,Second Stranger,"showed what necessity belonged to't, and yet was denied.",940
Act III,Scene II,Lucilius,How!,941
Act III,Scene II,Second Stranger,"I tell you, denied, my lord.",942
Act III,Scene II,Lucilius,"What a strange case was that! now, before the gods,",943
Act III,Scene II,Lucilius,I am ashamed on't. Denied that honourable man!,944
Act III,Scene II,Lucilius,there was very little honour showed in't. For my own,945
Act III,Scene II,Lucilius,"part, I must needs confess, I have received some",946
Act III,Scene II,Lucilius,"small kindnesses from him, as money, plate, jewels",947
Act III,Scene II,Lucilius,"and such-like trifles, nothing comparing to his;",948
Act III,Scene II,Lucilius,"yet, had he mistook him and sent to me, I should",949
Act III,Scene II,Lucilius,ne'er have denied his occasion so many talents.,950
Act III,Scene II,[stage direction],Enter SERVILIUS,NA
Act III,Scene II,Servilius,"See, by good hap, yonder's my lord;",951
Act III,Scene II,Servilius,"I have sweat to see his honour. My honoured lord,--",952
Act III,Scene II,[stage direction],To LUCIUS,NA
Act III,Scene II,Lucilius,"Servilius! you are kindly met, sir. Fare thee well:",953
Act III,Scene II,Lucilius,"commend me to thy honourable virtuous lord, my very",954
Act III,Scene II,Lucilius,exquisite friend.,955
Act III,Scene II,Servilius,"May it please your honour, my lord hath sent--",956
Act III,Scene II,Lucilius,Ha! what has he sent? I am so much endeared to,957
Act III,Scene II,Lucilius,that lord; he's ever sending: how shall I thank,958
Act III,Scene II,Lucilius,"him, thinkest thou? And what has he sent now?",959
Act III,Scene II,Servilius,"Has only sent his present occasion now, my lord;",960
Act III,Scene II,Servilius,requesting your lordship to supply his instant use,961
Act III,Scene II,Servilius,with so many talents.,962
Act III,Scene II,Lucilius,I know his lordship is but merry with me;,963
Act III,Scene II,Lucilius,He cannot want fifty five hundred talents.,964
Act III,Scene II,Servilius,"But in the mean time he wants less, my lord.",965
Act III,Scene II,Servilius,"If his occasion were not virtuous,",966
Act III,Scene II,Servilius,I should not urge it half so faithfully.,967
Act III,Scene II,Lucilius,"Dost thou speak seriously, Servilius?",968
Act III,Scene II,Servilius,"Upon my soul,'tis true, sir.",969
Act III,Scene II,Lucilius,What a wicked beast was I to disfurnish myself,970
Act III,Scene II,Lucilius,"against such a good time, when I might ha' shown",971
Act III,Scene II,Lucilius,"myself honourable! how unluckily it happened, that I",972
Act III,Scene II,Lucilius,"should purchase the day before for a little part,",973
Act III,Scene II,Lucilius,"and undo a great deal of honoured! Servilius, now,",974
Act III,Scene II,Lucilius,"before the gods, I am not able to do,--the more",975
Act III,Scene II,Lucilius,"beast, I say:--I was sending to use Lord Timon",976
Act III,Scene II,Lucilius,"myself, these gentlemen can witness! but I would",977
Act III,Scene II,Lucilius,"not, for the wealth of Athens, I had done't now.",978
Act III,Scene II,Lucilius,Commend me bountifully to his good lordship; and I,979
Act III,Scene II,Lucilius,"hope his honour will conceive the fairest of me,",980
Act III,Scene II,Lucilius,because I have no power to be kind: and tell him,981
Act III,Scene II,Lucilius,"this from me, I count it one of my greatest",982
Act III,Scene II,Lucilius,"afflictions, say, that I cannot pleasure such an",983
Act III,Scene II,Lucilius,"honourable gentleman. Good Servilius, will you",984
Act III,Scene II,Lucilius,"befriend me so far, as to use mine own words to him?",985
Act III,Scene II,Servilius,"Yes, sir, I shall.",986
Act III,Scene II,Lucilius,"I'll look you out a good turn, Servilius.",987
Act III,Scene II,[stage direction],Exit SERVILIUS,NA
Act III,Scene II,Lucilius,"True as you said, Timon is shrunk indeed;",988
Act III,Scene II,Lucilius,And he that's once denied will hardly speed.,989
Act III,Scene II,[stage direction],Exit,NA
Act III,Scene II,First Stranger,"Do you observe this, Hostilius?",990
Act III,Scene II,Second Stranger,"Ay, too well.",991
Act III,Scene II,First Stranger,"Why, this is the world's soul; and just of the",992
Act III,Scene II,First Stranger,same piece,993
Act III,Scene II,First Stranger,Is every flatterer's spirit. Who can call him,994
Act III,Scene II,First Stranger,"His friend that dips in the same dish? for, in",995
Act III,Scene II,First Stranger,"My knowing, Timon has been this lord's father,",996
Act III,Scene II,First Stranger,"And kept his credit with his purse,",997
Act III,Scene II,First Stranger,"Supported his estate; nay, Timon's money",998
Act III,Scene II,First Stranger,"Has paid his men their wages: he ne'er drinks,",999
Act III,Scene II,First Stranger,But Timon's silver treads upon his lip;,1000
Act III,Scene II,First Stranger,"And yet--O, see the monstrousness of man",1001
Act III,Scene II,First Stranger,When he looks out in an ungrateful shape!--,1002
Act III,Scene II,First Stranger,"He does deny him, in respect of his,",1003
Act III,Scene II,First Stranger,What charitable men afford to beggars.,1004
Act III,Scene II,Third Stranger,Religion groans at it.,1005
Act III,Scene II,First Stranger,"For mine own part,",1006
Act III,Scene II,First Stranger,"I never tasted Timon in my life,",1007
Act III,Scene II,First Stranger,"Nor came any of his bounties over me,",1008
Act III,Scene II,First Stranger,"To mark me for his friend; yet, I protest,",1009
Act III,Scene II,First Stranger,"For his right noble mind, illustrious virtue",1010
Act III,Scene II,First Stranger,"And honourable carriage,",1011
Act III,Scene II,First Stranger,"Had his necessity made use of me,",1012
Act III,Scene II,First Stranger,"I would have put my wealth into donation,",1013
Act III,Scene II,First Stranger,"And the best half should have return'd to him,",1014
Act III,Scene II,First Stranger,"So much I love his heart: but, I perceive,",1015
Act III,Scene II,First Stranger,Men must learn now with pity to dispense;,1016
Act III,Scene II,First Stranger,For policy sits above conscience.,1017
Act III,Scene II,[stage direction],Exeunt,NA
Act III,Scene III,[stage direction],"Enter SEMPRONIUS, and a Servant of TIMON's",NA
Act III,Scene III,Sempronius,"Must he needs trouble me in 't,--hum!--'bove",1018
Act III,Scene III,Sempronius,all others?,1019
Act III,Scene III,Sempronius,He might have tried Lord Lucius or Lucullus;,1020
Act III,Scene III,Sempronius,"And now Ventidius is wealthy too,",1021
Act III,Scene III,Sempronius,Whom he redeem'd from prison: all these,1022
Act III,Scene III,Sempronius,Owe their estates unto him.,1023
Act III,Scene III,Servant,"My lord,",1024
Act III,Scene III,Servant,"They have all been touch'd and found base metal, for",1025
Act III,Scene III,Servant,They have au denied him.,1026
Act III,Scene III,Sempronius,How! have they denied him?,1027
Act III,Scene III,Sempronius,Has Ventidius and Lucullus denied him?,1028
Act III,Scene III,Sempronius,And does he send to me? Three? hum!,1029
Act III,Scene III,Sempronius,It shows but little love or judgment in him:,1030
Act III,Scene III,Sempronius,"Must I be his last refuge! His friends, like",1031
Act III,Scene III,Sempronius,"physicians,",1032
Act III,Scene III,Sempronius,"Thrive, give him over: must I take the cure upon me?",1033
Act III,Scene III,Sempronius,"Has much disgraced me in't; I'm angry at him,",1034
Act III,Scene III,Sempronius,"That might have known my place: I see no sense for't,",1035
Act III,Scene III,Sempronius,But his occasion might have woo'd me first;,1036
Act III,Scene III,Sempronius,"For, in my conscience, I was the first man",1037
Act III,Scene III,Sempronius,That e'er received gift from him:,1038
Act III,Scene III,Sempronius,"And does he think so backwardly of me now,",1039
Act III,Scene III,Sempronius,That I'll requite its last? No:,1040
Act III,Scene III,Sempronius,So it may prove an argument of laughter,1041
Act III,Scene III,Sempronius,"To the rest, and 'mongst lords I be thought a fool.",1042
Act III,Scene III,Sempronius,"I'ld rather than the worth of thrice the sum,",1043
Act III,Scene III,Sempronius,"Had sent to me first, but for my mind's sake;",1044
Act III,Scene III,Sempronius,"I'd such a courage to do him good. But now return,",1045
Act III,Scene III,Sempronius,And with their faint reply this answer join;,1046
Act III,Scene III,Sempronius,Who bates mine honour shall not know my coin.,1047
Act III,Scene III,[stage direction],Exit,NA
Act III,Scene III,Servant,Excellent! Your lordship's a goodly villain. The,1048
Act III,Scene III,Servant,devil knew not what he did when he made man,1049
Act III,Scene III,Servant,politic; he crossed himself by 't: and I cannot,1050
Act III,Scene III,Servant,"think but, in the end, the villainies of man will",1051
Act III,Scene III,Servant,set him clear. How fairly this lord strives to,1052
Act III,Scene III,Servant,"appear foul! takes virtuous copies to be wicked,",1053
Act III,Scene III,Servant,like those that under hot ardent zeal would set,1054
Act III,Scene III,Servant,whole realms on fire: Of such a nature is his,1055
Act III,Scene III,Servant,politic love.,1056
Act III,Scene III,Servant,"This was my lord's best hope; now all are fled,",1057
Act III,Scene III,Servant,"Save only the gods: now his friends are dead,",1058
Act III,Scene III,Servant,"Doors, that were ne'er acquainted with their wards",1059
Act III,Scene III,Servant,Many a bounteous year must be employ'd,1060
Act III,Scene III,Servant,Now to guard sure their master.,1061
Act III,Scene III,Servant,And this is all a liberal course allows;,1062
Act III,Scene III,Servant,Who cannot keep his wealth must keep his house.,1063
Act III,Scene III,[stage direction],Exit,NA
Act III,Scene IV,[stage direction],"Enter two Servants of Varro, and the Servant of  LUCIUS, meeting TITUS, HORTENSIUS, and other Servants of TIMON's creditors, waiting his coming out",NA
Act III,Scene IV,Servant,Varro's,1064
Act III,Scene IV,First Servant,"Well met; good morrow, Titus and Hortensius.",1065
Act III,Scene IV,Titus,The like to you kind Varro.,1066
Act III,Scene IV,Hortensius,Lucius!,1067
Act III,Scene IV,Hortensius,"What, do we meet together?",1068
Act III,Scene IV,Hortensius,"Lucilius' Servant	Ay, and I think",1069
Act III,Scene IV,Hortensius,One business does command us all; for mine Is money.,1070
Act III,Scene IV,Titus,So is theirs and ours.,1071
Act III,Scene IV,[stage direction],Enter PHILOTUS,NA
Act III,Scene IV,Titus,Lucilius' Servant	And Sir Philotus too!,1072
Act III,Scene IV,Philotus,Good day at once.,1073
Act III,Scene IV,Philotus,"Lucilius' Servant	                  Welcome, good brother.",1074
Act III,Scene IV,Philotus,What do you think the hour?,1075
Act III,Scene IV,Philotus,Labouring for nine.,1076
Act III,Scene IV,Philotus,Lucilius' Servant	So much?,1077
Act III,Scene IV,Philotus,Is not my lord seen yet?,1078
Act III,Scene IV,Philotus,Lucilius' Servant	Not yet.,1079
Act III,Scene IV,Philotus,I wonder on't; he was wont to shine at seven.,1080
Act III,Scene IV,Philotus,"Lucilius' Servant	Ay, but the days are wax'd shorter with him:",1081
Act III,Scene IV,Philotus,You must consider that a prodigal course,1082
Act III,Scene IV,Philotus,"Is like the sun's; but not, like his, recoverable.",1083
Act III,Scene IV,Philotus,I fear 'tis deepest winter in Lord Timon's purse;,1084
Act III,Scene IV,Philotus,"That is one may reach deep enough, and yet",1085
Act III,Scene IV,Philotus,Find little.,1086
Act III,Scene IV,Philotus,I am of your fear for that.,1087
Act III,Scene IV,Titus,I'll show you how to observe a strange event.,1088
Act III,Scene IV,Titus,Your lord sends now for money.,1089
Act III,Scene IV,Hortensius,"Most true, he does.",1090
Act III,Scene IV,Titus,"And he wears jewels now of Timon's gift,",1091
Act III,Scene IV,Titus,For which I wait for money.,1092
Act III,Scene IV,Hortensius,It is against my heart.,1093
Act III,Scene IV,Hortensius,"Lucilius' Servant	Mark, how strange it shows,",1094
Act III,Scene IV,Hortensius,Timon in this should pay more than he owes:,1095
Act III,Scene IV,Hortensius,"And e'en as if your lord should wear rich jewels,",1096
Act III,Scene IV,Hortensius,And send for money for 'em.,1097
Act III,Scene IV,Hortensius,"I'm weary of this charge, the gods can witness:",1098
Act III,Scene IV,Hortensius,"I know my lord hath spent of Timon's wealth,",1099
Act III,Scene IV,Hortensius,And now ingratitude makes it worse than stealth.,1100
Act III,Scene IV,Hortensius,Varro's,1101
Act III,Scene IV,First Servant,"Yes, mine's three thousand crowns: what's yours?",1102
Act III,Scene IV,First Servant,Lucilius' Servant	Five thousand mine.,1103
Act III,Scene IV,First Servant,Varro's,1104
Act III,Scene IV,First Servant,"'Tis much deep: and it should seem by the sun,",1105
Act III,Scene IV,First Servant,Your master's confidence was above mine;,1106
Act III,Scene IV,First Servant,"Else, surely, his had equall'd.",1107
Act III,Scene IV,First Servant,Enter FLAMINIUS.,1108
Act III,Scene IV,Titus,One of Lord Timon's men.,1109
Act III,Scene IV,Titus,"Lucilius' Servant	Flaminius! Sir, a word: pray, is my lord ready to",1110
Act III,Scene IV,Titus,come forth?,1111
Act III,Scene IV,Flaminius,"No, indeed, he is not.",1112
Act III,Scene IV,Titus,"We attend his lordship; pray, signify so much.",1113
Act III,Scene IV,Flaminius,I need not tell him that; he knows you are too diligent.,1114
Act III,Scene IV,[stage direction],Exit,NA
Act III,Scene IV,[stage direction],"Enter FLAVIUS in a cloak, muffled",NA
Act III,Scene IV,Flaminius,Lucilius' Servant	Ha! is not that his steward muffled so?,1115
Act III,Scene IV,Flaminius,"He goes away in a cloud: call him, call him.",1116
Act III,Scene IV,Titus,"Do you hear, sir?",1117
Act III,Scene IV,Titus,Varro's,1118
Act III,Scene IV,Second Servant,"By your leave, sir,--",1119
Act III,Scene IV,Flavius,"What do ye ask of me, my friend?",1120
Act III,Scene IV,Titus,"We wait for certain money here, sir.",1121
Act III,Scene IV,Flavius,"Ay,",1122
Act III,Scene IV,Flavius,"If money were as certain as your waiting,",1123
Act III,Scene IV,Flavius,'Twere sure enough.,1124
Act III,Scene IV,Flavius,"Why then preferr'd you not your sums and bills,",1125
Act III,Scene IV,Flavius,When your false masters eat of my lord's meat?,1126
Act III,Scene IV,Flavius,Then they could smile and fawn upon his debts,1127
Act III,Scene IV,Flavius,And take down the interest into their,1128
Act III,Scene IV,Flavius,gluttonous maws.,1129
Act III,Scene IV,Flavius,You do yourselves but wrong to stir me up;,1130
Act III,Scene IV,Flavius,Let me pass quietly:,1131
Act III,Scene IV,Flavius,"Believe 't, my lord and I have made an end;",1132
Act III,Scene IV,Flavius,"I have no more to reckon, he to spend.",1133
Act III,Scene IV,Flavius,"Lucilius' Servant	Ay, but this answer will not serve.",1134
Act III,Scene IV,Flavius,"If 'twill not serve,'tis not so base as you;",1135
Act III,Scene IV,Flavius,For you serve knaves.,1136
Act III,Scene IV,[stage direction],Exit,NA
Act III,Scene IV,Flavius,Varro's,1137
Act III,Scene IV,First Servant,How! what does his cashiered worship mutter?,1138
Act III,Scene IV,First Servant,Varro's,1139
Act III,Scene IV,Second Servant,"No matter what; he's poor, and that's revenge",1140
Act III,Scene IV,Second Servant,enough. Who can speak broader than he that has no,1141
Act III,Scene IV,Second Servant,house to put his head in? such may rail against,1142
Act III,Scene IV,Second Servant,great buildings.,1143
Act III,Scene IV,[stage direction],Enter SERVILIUS,NA
Act III,Scene IV,Titus,"O, here's Servilius; now we shall know some answer.",1144
Act III,Scene IV,Servilius,"If I might beseech you, gentlemen, to repair some",1145
Act III,Scene IV,Servilius,"other hour, I should derive much from't; for,",1146
Act III,Scene IV,Servilius,"take't of my soul, my lord leans wondrously to",1147
Act III,Scene IV,Servilius,discontent: his comfortable temper has forsook him;,1148
Act III,Scene IV,Servilius,"he's much out of health, and keeps his chamber.",1149
Act III,Scene IV,Servilius,Lucilius' Servant: Many do keep their chambers are not sick:,1150
Act III,Scene IV,Servilius,"And, if it be so far beyond his health,",1151
Act III,Scene IV,Servilius,"Methinks he should the sooner pay his debts,",1152
Act III,Scene IV,Servilius,And make a clear way to the gods.,1153
Act III,Scene IV,Servilius,Good gods!,1154
Act III,Scene IV,Titus,"We cannot take this for answer, sir.",1155
Act III,Scene IV,Flaminius,"[Within]  Servilius, help! My lord! my lord!",1156
Act III,Scene IV,[stage direction],"Enter TIMON, in a rage, FLAMINIUS following",NA
Act III,Scene IV,Timon,"What, are my doors opposed against my passage?",1157
Act III,Scene IV,Timon,"Have I been ever free, and must my house",1158
Act III,Scene IV,Timon,"Be my retentive enemy, my gaol?",1159
Act III,Scene IV,Timon,"The place which I have feasted, does it now,",1160
Act III,Scene IV,Timon,"Like all mankind, show me an iron heart?",1161
Act III,Scene IV,Timon,"Lucilius' Servant	Put in now, Titus.",1162
Act III,Scene IV,Titus,"My lord, here is my bill.",1163
Act III,Scene IV,Titus,Lucilius' Servant	Here's mine.,1164
Act III,Scene IV,Hortensius,"And mine, my lord.",1165
Act III,Scene IV,Hortensius,Both,1166
Act III,Scene IV,Hortensius,"Varro's Servants	And ours, my lord.",1167
Act III,Scene IV,Philotus,All our bills.,1168
Act III,Scene IV,Timon,Knock me down with 'em: cleave me to the girdle.,1169
Act III,Scene IV,Timon,"Lucilius' Servant	Alas, my lord,-",1170
Act III,Scene IV,Timon,Cut my heart in sums.,1171
Act III,Scene IV,Titus,"Mine, fifty talents.",1172
Act III,Scene IV,Timon,Tell out my blood.,1173
Act III,Scene IV,Timon,"Lucilius' Servant	Five thousand crowns, my lord.",1174
Act III,Scene IV,Timon,Five thousand drops pays that.,1175
Act III,Scene IV,Timon,What yours?--and yours?,1176
Act III,Scene IV,Timon,Varro's,1177
Act III,Scene IV,First Servant,"My lord,--",1178
Act III,Scene IV,First Servant,Varro's,1179
Act III,Scene IV,Second Servant,"My lord,--",1180
Act III,Scene IV,Timon,"Tear me, take me, and the gods fall upon you!",1181
Act III,Scene IV,[stage direction],Exit,NA
Act III,Scene IV,Hortensius,"'Faith, I perceive our masters may throw their caps",1182
Act III,Scene IV,Hortensius,at their money: these debts may well be called,1183
Act III,Scene IV,Hortensius,"desperate ones, for a madman owes 'em.",1184
Act III,Scene IV,[stage direction],Exeunt,NA
Act III,Scene IV,[stage direction],Re-enter TIMON and FLAVIUS,NA
Act III,Scene IV,Timon,"They have e'en put my breath from me, the slaves.",1185
Act III,Scene IV,Timon,Creditors? devils!,1186
Act III,Scene IV,Flavius,"My dear lord,--",1187
Act III,Scene IV,Timon,What if it should be so?,1188
Act III,Scene IV,Flavius,"My lord,--",1189
Act III,Scene IV,Timon,I'll have it so. My steward!,1190
Act III,Scene IV,Flavius,"Here, my lord.",1191
Act III,Scene IV,Timon,"So fitly? Go, bid all my friends again,",1192
Act III,Scene IV,Timon,"Lucius, Lucullus, and Sempronius:",1193
Act III,Scene IV,Timon,"All, sirrah, all:",1194
Act III,Scene IV,Timon,I'll once more feast the rascals.,1195
Act III,Scene IV,Flavius,"O my lord,",1196
Act III,Scene IV,Flavius,You only speak from your distracted soul;,1197
Act III,Scene IV,Flavius,"There is not so much left, to furnish out",1198
Act III,Scene IV,Flavius,A moderate table.,1199
Act III,Scene IV,Timon,"Be't not in thy care; go,",1200
Act III,Scene IV,Timon,"I charge thee, invite them all: let in the tide",1201
Act III,Scene IV,Timon,Of knaves once more; my cook and I'll provide.,1202
Act III,Scene IV,[stage direction],Exeunt,NA
Act III,Scene V,First Senator,"My lord, you have my voice to it; the fault's",1203
Act III,Scene V,First Senator,Bloody; 'tis necessary he should die:,1204
Act III,Scene V,First Senator,Nothing emboldens sin so much as mercy.,1205
Act III,Scene V,Second Senator,Most true; the law shall bruise him.,1206
Act III,Scene V,[stage direction],"Enter ALCIBIADES, with Attendants",NA
Act III,Scene V,Alcibiades,"Honour, health, and compassion to the senate!",1207
Act III,Scene V,First Senator,"Now, captain?",1208
Act III,Scene V,Alcibiades,I am an humble suitor to your virtues;,1209
Act III,Scene V,Alcibiades,"For pity is the virtue of the law,",1210
Act III,Scene V,Alcibiades,And none but tyrants use it cruelly.,1211
Act III,Scene V,Alcibiades,It pleases time and fortune to lie heavy,1212
Act III,Scene V,Alcibiades,"Upon a friend of mine, who, in hot blood,",1213
Act III,Scene V,Alcibiades,"Hath stepp'd into the law, which is past depth",1214
Act III,Scene V,Alcibiades,"To those that, without heed, do plunge into 't.",1215
Act III,Scene V,Alcibiades,"He is a man, setting his fate aside,",1216
Act III,Scene V,Alcibiades,Of comely virtues:,1217
Act III,Scene V,Alcibiades,Nor did he soil the fact with cowardice--,1218
Act III,Scene V,Alcibiades,An honour in him which buys out his fault--,1219
Act III,Scene V,Alcibiades,"But with a noble fury and fair spirit,",1220
Act III,Scene V,Alcibiades,"Seeing his reputation touch'd to death,",1221
Act III,Scene V,Alcibiades,He did oppose his foe:,1222
Act III,Scene V,Alcibiades,And with such sober and unnoted passion,1223
Act III,Scene V,Alcibiades,"He did behave his anger, ere 'twas spent,",1224
Act III,Scene V,Alcibiades,As if he had but proved an argument.,1225
Act III,Scene V,First Senator,"You undergo too strict a paradox,",1226
Act III,Scene V,First Senator,Striving to make an ugly deed look fair:,1227
Act III,Scene V,First Senator,Your words have took such pains as if they labour'd,1228
Act III,Scene V,First Senator,To bring manslaughter into form and set quarrelling,1229
Act III,Scene V,First Senator,Upon the head of valour; which indeed,1230
Act III,Scene V,First Senator,Is valour misbegot and came into the world,1231
Act III,Scene V,First Senator,When sects and factions were newly born:,1232
Act III,Scene V,First Senator,He's truly valiant that can wisely suffer,1233
Act III,Scene V,First Senator,"The worst that man can breathe, and make his wrongs",1234
Act III,Scene V,First Senator,"His outsides, to wear them like his raiment,",1235
Act III,Scene V,First Senator,"carelessly,",1236
Act III,Scene V,First Senator,"And ne'er prefer his injuries to his heart,",1237
Act III,Scene V,First Senator,To bring it into danger.,1238
Act III,Scene V,First Senator,"If wrongs be evils and enforce us kill,",1239
Act III,Scene V,First Senator,What folly 'tis to hazard life for ill!,1240
Act III,Scene V,Alcibiades,"My lord,--",1241
Act III,Scene V,First Senator,You cannot make gross sins look clear:,1242
Act III,Scene V,First Senator,"To revenge is no valour, but to bear.",1243
Act III,Scene V,Alcibiades,"My lords, then, under favour, pardon me,",1244
Act III,Scene V,Alcibiades,If I speak like a captain.,1245
Act III,Scene V,Alcibiades,"Why do fond men expose themselves to battle,",1246
Act III,Scene V,Alcibiades,"And not endure all threats? sleep upon't,",1247
Act III,Scene V,Alcibiades,"And let the foes quietly cut their throats,",1248
Act III,Scene V,Alcibiades,Without repugnancy? If there be,1249
Act III,Scene V,Alcibiades,"Such valour in the bearing, what make we",1250
Act III,Scene V,Alcibiades,"Abroad? why then, women are more valiant",1251
Act III,Scene V,Alcibiades,"That stay at home, if bearing carry it,",1252
Act III,Scene V,Alcibiades,"And the ass more captain than the lion, the felon",1253
Act III,Scene V,Alcibiades,"Loaden with irons wiser than the judge,",1254
Act III,Scene V,Alcibiades,"If wisdom be in suffering. O my lords,",1255
Act III,Scene V,Alcibiades,"As you are great, be pitifully good:",1256
Act III,Scene V,Alcibiades,Who cannot condemn rashness in cold blood?,1257
Act III,Scene V,Alcibiades,"To kill, I grant, is sin's extremest gust;",1258
Act III,Scene V,Alcibiades,"But, in defence, by mercy, 'tis most just.",1259
Act III,Scene V,Alcibiades,To be in anger is impiety;,1260
Act III,Scene V,Alcibiades,But who is man that is not angry?,1261
Act III,Scene V,Alcibiades,Weigh but the crime with this.,1262
Act III,Scene V,Second Senator,You breathe in vain.,1263
Act III,Scene V,Alcibiades,In vain! his service done,1264
Act III,Scene V,Alcibiades,At Lacedaemon and Byzantium,1265
Act III,Scene V,Alcibiades,Were a sufficient briber for his life.,1266
Act III,Scene V,First Senator,What's that?,1267
Act III,Scene V,Alcibiades,"I say, my lords, he has done fair service,",1268
Act III,Scene V,Alcibiades,And slain in fight many of your enemies:,1269
Act III,Scene V,Alcibiades,How full of valour did he bear himself,1270
Act III,Scene V,Alcibiades,"In the last conflict, and made plenteous wounds!",1271
Act III,Scene V,Second Senator,He has made too much plenty with 'em;,1272
Act III,Scene V,Second Senator,He's a sworn rioter: he has a sin that often,1273
Act III,Scene V,Second Senator,"Drowns him, and takes his valour prisoner:",1274
Act III,Scene V,Second Senator,"If there were no foes, that were enough",1275
Act III,Scene V,Second Senator,To overcome him: in that beastly fury,1276
Act III,Scene V,Second Senator,"He has been known to commit outrages,",1277
Act III,Scene V,Second Senator,"And cherish factions: 'tis inferr'd to us,",1278
Act III,Scene V,Second Senator,His days are foul and his drink dangerous.,1279
Act III,Scene V,First Senator,He dies.,1280
Act III,Scene V,Alcibiades,Hard fate! he might have died in war.,1281
Act III,Scene V,Alcibiades,"My lords, if not for any parts in him--",1282
Act III,Scene V,Alcibiades,Though his right arm might purchase his own time,1283
Act III,Scene V,Alcibiades,"And be in debt to none--yet, more to move you,",1284
Act III,Scene V,Alcibiades,"Take my deserts to his, and join 'em both:",1285
Act III,Scene V,Alcibiades,"And, for I know your reverend ages love",1286
Act III,Scene V,Alcibiades,"Security, I'll pawn my victories, all",1287
Act III,Scene V,Alcibiades,"My honours to you, upon his good returns.",1288
Act III,Scene V,Alcibiades,"If by this crime he owes the law his life,",1289
Act III,Scene V,Alcibiades,"Why, let the war receive 't in valiant gore",1290
Act III,Scene V,Alcibiades,"For law is strict, and war is nothing more.",1291
Act III,Scene V,First Senator,"We are for law: he dies; urge it no more,",1292
Act III,Scene V,First Senator,"On height of our displeasure: friend or brother,",1293
Act III,Scene V,First Senator,He forfeits his own blood that spills another.,1294
Act III,Scene V,Alcibiades,"Must it be so? it must not be. My lords,",1295
Act III,Scene V,Alcibiades,"I do beseech you, know me.",1296
Act III,Scene V,Second Senator,How!,1297
Act III,Scene V,Alcibiades,Call me to your remembrances.,1298
Act III,Scene V,Third Senator,What!,1299
Act III,Scene V,Alcibiades,I cannot think but your age has forgot me;,1300
Act III,Scene V,Alcibiades,"It could not else be, I should prove so base,",1301
Act III,Scene V,Alcibiades,"To sue, and be denied such common grace:",1302
Act III,Scene V,Alcibiades,My wounds ache at you.,1303
Act III,Scene V,First Senator,Do you dare our anger?,1304
Act III,Scene V,First Senator,"'Tis in few words, but spacious in effect;",1305
Act III,Scene V,First Senator,We banish thee for ever.,1306
Act III,Scene V,Alcibiades,Banish me!,1307
Act III,Scene V,Alcibiades,"Banish your dotage; banish usury,",1308
Act III,Scene V,Alcibiades,That makes the senate ugly.,1309
Act III,Scene V,First Senator,"If, after two days' shine, Athens contain thee,",1310
Act III,Scene V,First Senator,"Attend our weightier judgment. And, not to swell",1311
Act III,Scene V,First Senator,"our spirit,",1312
Act III,Scene V,First Senator,He shall be executed presently.,1313
Act III,Scene V,[stage direction],Exeunt Senators,NA
Act III,Scene V,Alcibiades,Now the gods keep you old enough; that you may live,1314
Act III,Scene V,Alcibiades,"Only in bone, that none may look on you!",1315
Act III,Scene V,Alcibiades,"I'm worse than mad: I have kept back their foes,",1316
Act III,Scene V,Alcibiades,While they have told their money and let out,1317
Act III,Scene V,Alcibiades,"Their coin upon large interest, I myself",1318
Act III,Scene V,Alcibiades,Rich only in large hurts. All those for this?,1319
Act III,Scene V,Alcibiades,Is this the balsam that the usuring senate,1320
Act III,Scene V,Alcibiades,Pours into captains' wounds? Banishment!,1321
Act III,Scene V,Alcibiades,It comes not ill; I hate not to be banish'd;,1322
Act III,Scene V,Alcibiades,"It is a cause worthy my spleen and fury,",1323
Act III,Scene V,Alcibiades,That I may strike at Athens. I'll cheer up,1324
Act III,Scene V,Alcibiades,"My discontented troops, and lay for hearts.",1325
Act III,Scene V,Alcibiades,'Tis honour with most lands to be at odds;,1326
Act III,Scene V,Alcibiades,Soldiers should brook as little wrongs as gods.,1327
Act III,Scene V,[stage direction],Exit,NA
Act III,Scene VI,[stage direction],"Music. Tables set out: Servants attending.  Enter divers Lords, Senators and others, at several doors",NA
Act III,Scene VI,First Lord,"The good time of day to you, sir.",1328
Act III,Scene VI,Second Lord,I also wish it to you. I think this honourable lord,1329
Act III,Scene VI,Second Lord,did but try us this other day.,1330
Act III,Scene VI,First Lord,"Upon that were my thoughts tiring, when we",1331
Act III,Scene VI,First Lord,encountered: I hope it is not so low with him as,1332
Act III,Scene VI,First Lord,he made it seem in the trial of his several friends.,1333
Act III,Scene VI,Second Lord,"It should not be, by the persuasion of his new feasting.",1334
Act III,Scene VI,First Lord,I should think so: he hath sent me an earnest,1335
Act III,Scene VI,First Lord,"inviting, which many my near occasions did urge me",1336
Act III,Scene VI,First Lord,"to put off; but he hath conjured me beyond them, and",1337
Act III,Scene VI,First Lord,I must needs appear.,1338
Act III,Scene VI,Second Lord,In like manner was I in debt to my importunate,1339
Act III,Scene VI,Second Lord,"business, but he would not hear my excuse. I am",1340
Act III,Scene VI,Second Lord,"sorry, when he sent to borrow of me, that my",1341
Act III,Scene VI,Second Lord,provision was out.,1342
Act III,Scene VI,First Lord,"I am sick of that grief too, as I understand how all",1343
Act III,Scene VI,First Lord,things go.,1344
Act III,Scene VI,Second Lord,Every man here's so. What would he have borrowed of,1345
Act III,Scene VI,Second Lord,you?,1346
Act III,Scene VI,First Lord,A thousand pieces.,1347
Act III,Scene VI,Second Lord,A thousand pieces!,1348
Act III,Scene VI,First Lord,What of you?,1349
Act III,Scene VI,Second Lord,"He sent to me, sir,--Here he comes.",1350
Act III,Scene VI,[stage direction],Enter TIMON and Attendants,NA
Act III,Scene VI,Timon,"With all my heart, gentlemen both; and how fare you?",1351
Act III,Scene VI,First Lord,"Ever at the best, hearing well of your lordship.",1352
Act III,Scene VI,Second Lord,The swallow follows not summer more willing than we,1353
Act III,Scene VI,Second Lord,your lordship.,1354
Act III,Scene VI,Timon,[Aside]  Nor more willingly leaves winter; such,1355
Act III,Scene VI,Timon,"summer-birds are men. Gentlemen, our dinner will not",1356
Act III,Scene VI,Timon,recompense this long stay: feast your ears with the,1357
Act III,Scene VI,Timon,"music awhile, if they will fare so harshly o' the",1358
Act III,Scene VI,Timon,trumpet's sound; we shall to 't presently.,1359
Act III,Scene VI,First Lord,I hope it remains not unkindly with your lordship,1360
Act III,Scene VI,First Lord,that I returned you an empty messenger.,1361
Act III,Scene VI,Timon,"O, sir, let it not trouble you.",1362
Act III,Scene VI,Second Lord,"My noble lord,--",1363
Act III,Scene VI,Timon,"Ah, my good friend, what cheer?",1364
Act III,Scene VI,Second Lord,"My most honourable lord, I am e'en sick of shame,",1365
Act III,Scene VI,Second Lord,"that, when your lordship this other day sent to me,",1366
Act III,Scene VI,Second Lord,I was so unfortunate a beggar.,1367
Act III,Scene VI,Timon,"Think not on 't, sir.",1368
Act III,Scene VI,Second Lord,"If you had sent but two hours before,--",1369
Act III,Scene VI,Timon,Let it not cumber your better remembrance.,1370
Act III,Scene VI,[stage direction],The banquet brought in,NA
Act III,Scene VI,Timon,"Come, bring in all together.",1371
Act III,Scene VI,Second Lord,All covered dishes!,1372
Act III,Scene VI,First Lord,"Royal cheer, I warrant you.",1373
Act III,Scene VI,Third Lord,"Doubt not that, if money and the season can yield",1374
Act III,Scene VI,Third Lord,it.,1375
Act III,Scene VI,First Lord,How do you? What's the news?,1376
Act III,Scene VI,Third Lord,Alcibiades is banished: hear you of it?,1377
Act III,Scene VI,Second Lord,Alcibiades banished!,1378
Act III,Scene VI,Third Lord,"'Tis so, be sure of it.",1379
Act III,Scene VI,First Lord,How! how!,1380
Act III,Scene VI,Second Lord,"I pray you, upon what?",1381
Act III,Scene VI,Timon,"My worthy friends, will you draw near?",1382
Act III,Scene VI,Third Lord,I'll tell you more anon. Here's a noble feast toward.,1383
Act III,Scene VI,Second Lord,This is the old man still.,1384
Act III,Scene VI,Third Lord,Will 't hold? will 't hold?,1385
Act III,Scene VI,Second Lord,It does: but time will--and so--,1386
Act III,Scene VI,Third Lord,I do conceive.,1387
Act III,Scene VI,Timon,"Each man to his stool, with that spur as he would to",1388
Act III,Scene VI,Timon,the lip of his mistress: your diet shall be in all,1389
Act III,Scene VI,Timon,"places alike. Make not a city feast of it, to let",1390
Act III,Scene VI,Timon,the meat cool ere we can agree upon the first place:,1391
Act III,Scene VI,Timon,"sit, sit. The gods require our thanks.",1392
Act III,Scene VI,Timon,"You great benefactors, sprinkle our society with",1393
Act III,Scene VI,Timon,"thankfulness. For your own gifts, make yourselves",1394
Act III,Scene VI,Timon,"praised: but reserve still to give, lest your",1395
Act III,Scene VI,Timon,"deities be despised. Lend to each man enough, that",1396
Act III,Scene VI,Timon,"one need not lend to another; for, were your",1397
Act III,Scene VI,Timon,"godheads to borrow of men, men would forsake the",1398
Act III,Scene VI,Timon,gods. Make the meat be beloved more than the man,1399
Act III,Scene VI,Timon,that gives it. Let no assembly of twenty be without,1400
Act III,Scene VI,Timon,a score of villains: if there sit twelve women at,1401
Act III,Scene VI,Timon,"the table, let a dozen of them be--as they are. The",1402
Act III,Scene VI,Timon,"rest of your fees, O gods--the senators of Athens,",1403
Act III,Scene VI,Timon,together with the common lag of people--what is,1404
Act III,Scene VI,Timon,"amiss in them, you gods, make suitable for",1405
Act III,Scene VI,Timon,"destruction. For these my present friends, as they",1406
Act III,Scene VI,Timon,"are to me nothing, so in nothing bless them, and to",1407
Act III,Scene VI,Timon,nothing are they welcome.,1408
Act III,Scene VI,Timon,"Uncover, dogs, and lap.",1409
Act III,Scene VI,[stage direction],The dishes are uncovered and seen to be full of warm water,NA
Act III,Scene VI,Some Speak,What does his lordship mean?,1410
Act III,Scene VI,Some Others,I know not.,1411
Act III,Scene VI,Timon,"May you a better feast never behold,",1412
Act III,Scene VI,Timon,You knot of mouth-friends I smoke and lukewarm water,1413
Act III,Scene VI,Timon,Is your perfection. This is Timon's last;,1414
Act III,Scene VI,Timon,"Who, stuck and spangled with your flatteries,",1415
Act III,Scene VI,Timon,"Washes it off, and sprinkles in your faces",1416
Act III,Scene VI,Timon,Your reeking villany.,1417
Act III,Scene VI,[stage direction],Throwing the water in their faces,NA
Act III,Scene VI,Timon,"Live loathed and long,",1418
Act III,Scene VI,Timon,"Most smiling, smooth, detested parasites,",1419
Act III,Scene VI,Timon,"Courteous destroyers, affable wolves, meek bears,",1420
Act III,Scene VI,Timon,"You fools of fortune, trencher-friends, time's flies,",1421
Act III,Scene VI,Timon,"Cap and knee slaves, vapours, and minute-jacks!",1422
Act III,Scene VI,Timon,Of man and beast the infinite malady,1423
Act III,Scene VI,Timon,"Crust you quite o'er! What, dost thou go?",1424
Act III,Scene VI,Timon,Soft! take thy physic first--thou too--and thou;--,1425
Act III,Scene VI,Timon,"Stay, I will lend thee money, borrow none.",1426
Act III,Scene VI,[stage direction],"Throws the dishes at them, and drives them out",NA
Act III,Scene VI,Timon,"What, all in motion? Henceforth be no feast,",1427
Act III,Scene VI,Timon,Whereat a villain's not a welcome guest.,1428
Act III,Scene VI,Timon,"Burn, house! sink, Athens! henceforth hated be",1429
Act III,Scene VI,Timon,Of Timon man and all humanity!,1430
Act III,Scene VI,[stage direction],Exit,NA
Act III,Scene VI,[stage direction],"Re-enter the Lords, Senators,  &amp; c",NA
Act III,Scene VI,First Lord,"How now, my lords!",1431
Act III,Scene VI,Second Lord,Know you the quality of Lord Timon's fury?,1432
Act III,Scene VI,Third Lord,Push! did you see my cap?,1433
Act III,Scene VI,Fourth Lord,I have lost my gown.,1434
Act III,Scene VI,First Lord,"He's but a mad lord, and nought but humour sways him.",1435
Act III,Scene VI,First Lord,"He gave me a jewel th' other day, and now he has",1436
Act III,Scene VI,First Lord,beat it out of my hat: did you see my jewel?,1437
Act III,Scene VI,Third Lord,Did you see my cap?,1438
Act III,Scene VI,Second Lord,Here 'tis.,1439
Act III,Scene VI,Fourth Lord,Here lies my gown.,1440
Act III,Scene VI,First Lord,Let's make no stay.,1441
Act III,Scene VI,Second Lord,Lord Timon's mad.,1442
Act III,Scene VI,Third Lord,I feel 't upon my bones.,1443
Act III,Scene VI,Fourth Lord,"One day he gives us diamonds, next day stones.",1444
Act III,Scene VI,[stage direction],Exeunt,NA
Act IV,Scene I,[stage direction],Enter TIMON,NA
Act IV,Scene I,Timon,"Let me look back upon thee. O thou wall,",1445
Act IV,Scene I,Timon,"That girdlest in those wolves, dive in the earth,",1446
Act IV,Scene I,Timon,"And fence not Athens! Matrons, turn incontinent!",1447
Act IV,Scene I,Timon,"Obedience fail in children! slaves and fools,",1448
Act IV,Scene I,Timon,"Pluck the grave wrinkled senate from the bench,",1449
Act IV,Scene I,Timon,And minister in their steads! to general filths,1450
Act IV,Scene I,Timon,"Convert o' the instant, green virginity,",1451
Act IV,Scene I,Timon,"Do 't in your parents' eyes! bankrupts, hold fast;",1452
Act IV,Scene I,Timon,"Rather than render back, out with your knives,",1453
Act IV,Scene I,Timon,"And cut your trusters' throats! bound servants, steal!",1454
Act IV,Scene I,Timon,"Large-handed robbers your grave masters are,",1455
Act IV,Scene I,Timon,"And pill by law. Maid, to thy master's bed;",1456
Act IV,Scene I,Timon,"Thy mistress is o' the brothel! Son of sixteen,",1457
Act IV,Scene I,Timon,"pluck the lined crutch from thy old limping sire,",1458
Act IV,Scene I,Timon,"With it beat out his brains! Piety, and fear,",1459
Act IV,Scene I,Timon,"Religion to the gods, peace, justice, truth,",1460
Act IV,Scene I,Timon,"Domestic awe, night-rest, and neighbourhood,",1461
Act IV,Scene I,Timon,"Instruction, manners, mysteries, and trades,",1462
Act IV,Scene I,Timon,"Degrees, observances, customs, and laws,",1463
Act IV,Scene I,Timon,"Decline to your confounding contraries,",1464
Act IV,Scene I,Timon,"And let confusion live! Plagues, incident to men,",1465
Act IV,Scene I,Timon,Your potent and infectious fevers heap,1466
Act IV,Scene I,Timon,"On Athens, ripe for stroke! Thou cold sciatica,",1467
Act IV,Scene I,Timon,"Cripple our senators, that their limbs may halt",1468
Act IV,Scene I,Timon,As lamely as their manners. Lust and liberty,1469
Act IV,Scene I,Timon,"Creep in the minds and marrows of our youth,",1470
Act IV,Scene I,Timon,"That 'gainst the stream of virtue they may strive,",1471
Act IV,Scene I,Timon,"And drown themselves in riot! Itches, blains,",1472
Act IV,Scene I,Timon,Sow all the Athenian bosoms; and their crop,1473
Act IV,Scene I,Timon,"Be general leprosy! Breath infect breath,",1474
Act IV,Scene I,Timon,"at their society, as their friendship, may",1475
Act IV,Scene I,Timon,"merely poison! Nothing I'll bear from thee,",1476
Act IV,Scene I,Timon,"But nakedness, thou detestable town!",1477
Act IV,Scene I,Timon,"Take thou that too, with multiplying bans!",1478
Act IV,Scene I,Timon,Timon will to the woods; where he shall find,1479
Act IV,Scene I,Timon,The unkindest beast more kinder than mankind.,1480
Act IV,Scene I,Timon,"The gods confound--hear me, you good gods all--",1481
Act IV,Scene I,Timon,The Athenians both within and out that wall!,1482
Act IV,Scene I,Timon,"And grant, as Timon grows, his hate may grow",1483
Act IV,Scene I,Timon,"To the whole race of mankind, high and low! Amen.",1484
Act IV,Scene I,[stage direction],Exit,NA
Act IV,Scene II,[stage direction],"Enter FLAVIUS, with two or three Servants",NA
Act IV,Scene II,First Servant,"Hear you, master steward, where's our master?",1485
Act IV,Scene II,First Servant,Are we undone? cast off? nothing remaining?,1486
Act IV,Scene II,Flavius,"Alack, my fellows, what should I say to you?",1487
Act IV,Scene II,Flavius,"Let me be recorded by the righteous gods,",1488
Act IV,Scene II,Flavius,I am as poor as you.,1489
Act IV,Scene II,First Servant,Such a house broke!,1490
Act IV,Scene II,First Servant,So noble a master fall'n! All gone! and not,1491
Act IV,Scene II,First Servant,"One friend to take his fortune by the arm,",1492
Act IV,Scene II,First Servant,And go along with him!,1493
Act IV,Scene II,Second Servant,As we do turn our backs,1494
Act IV,Scene II,Second Servant,"From our companion thrown into his grave,",1495
Act IV,Scene II,Second Servant,So his familiars to his buried fortunes,1496
Act IV,Scene II,Second Servant,"Slink all away, leave their false vows with him,",1497
Act IV,Scene II,Second Servant,"Like empty purses pick'd; and his poor self,",1498
Act IV,Scene II,Second Servant,"A dedicated beggar to the air,",1499
Act IV,Scene II,Second Servant,"With his disease of all-shunn'd poverty,",1500
Act IV,Scene II,Second Servant,"Walks, like contempt, alone. More of our fellows.",1501
Act IV,Scene II,[stage direction],Enter other Servants,NA
Act IV,Scene II,Flavius,All broken implements of a ruin'd house.,1502
Act IV,Scene II,Third Servant,Yet do our hearts wear Timon's livery;,1503
Act IV,Scene II,Third Servant,"That see I by our faces; we are fellows still,",1504
Act IV,Scene II,Third Servant,"Serving alike in sorrow: leak'd is our bark,",1505
Act IV,Scene II,Third Servant,"And we, poor mates, stand on the dying deck,",1506
Act IV,Scene II,Third Servant,Hearing the surges threat: we must all part,1507
Act IV,Scene II,Third Servant,Into this sea of air.,1508
Act IV,Scene II,Flavius,"Good fellows all,",1509
Act IV,Scene II,Flavius,The latest of my wealth I'll share amongst you.,1510
Act IV,Scene II,Flavius,"Wherever we shall meet, for Timon's sake,",1511
Act IV,Scene II,Flavius,"Let's yet be fellows; let's shake our heads, and say,",1512
Act IV,Scene II,Flavius,"As 'twere a knell unto our master's fortunes,",1513
Act IV,Scene II,Flavius,'We have seen better days.' Let each take some;,1514
Act IV,Scene II,Flavius,"Nay, put out all your hands. Not one word more:",1515
Act IV,Scene II,Flavius,"Thus part we rich in sorrow, parting poor.",1516
Act IV,Scene II,[stage direction],"Servants embrace, and part several ways",NA
Act IV,Scene II,Flavius,"O, the fierce wretchedness that glory brings us!",1517
Act IV,Scene II,Flavius,"Who would not wish to be from wealth exempt,",1518
Act IV,Scene II,Flavius,Since riches point to misery and contempt?,1519
Act IV,Scene II,Flavius,Who would be so mock'd with glory? or to live,1520
Act IV,Scene II,Flavius,But in a dream of friendship?,1521
Act IV,Scene II,Flavius,To have his pomp and all what state compounds,1522
Act IV,Scene II,Flavius,"But only painted, like his varnish'd friends?",1523
Act IV,Scene II,Flavius,"Poor honest lord, brought low by his own heart,",1524
Act IV,Scene II,Flavius,"Undone by goodness! Strange, unusual blood,",1525
Act IV,Scene II,Flavius,"When man's worst sin is, he does too much good!",1526
Act IV,Scene II,Flavius,"Who, then, dares to be half so kind again?",1527
Act IV,Scene II,Flavius,"For bounty, that makes gods, does still mar men.",1528
Act IV,Scene II,Flavius,"My dearest lord, bless'd, to be most accursed,",1529
Act IV,Scene II,Flavius,"Rich, only to be wretched, thy great fortunes",1530
Act IV,Scene II,Flavius,"Are made thy chief afflictions. Alas, kind lord!",1531
Act IV,Scene II,Flavius,He's flung in rage from this ingrateful seat,1532
Act IV,Scene II,Flavius,"Of monstrous friends, nor has he with him to",1533
Act IV,Scene II,Flavius,"Supply his life, or that which can command it.",1534
Act IV,Scene II,Flavius,I'll follow and inquire him out:,1535
Act IV,Scene II,Flavius,I'll ever serve his mind with my best will;,1536
Act IV,Scene II,Flavius,"Whilst I have gold, I'll be his steward still.",1537
Act IV,Scene II,[stage direction],Exit,NA
Act IV,Scene III,[stage direction],"Enter TIMON, from the cave",NA
Act IV,Scene III,Flavius,"O blessed breeding sun, draw from the earth",1538
Act IV,Scene III,Flavius,Rotten humidity; below thy sister's orb,1539
Act IV,Scene III,Flavius,"Infect the air! Twinn'd brothers of one womb,",1540
Act IV,Scene III,Flavius,"Whose procreation, residence, and birth,",1541
Act IV,Scene III,Flavius,"Scarce is dividant, touch them with several fortunes;",1542
Act IV,Scene III,Flavius,"The greater scorns the lesser: not nature,",1543
Act IV,Scene III,Flavius,"To whom all sores lay siege, can bear great fortune,",1544
Act IV,Scene III,Flavius,But by contempt of nature.,1545
Act IV,Scene III,Flavius,"Raise me this beggar, and deny 't that lord;",1546
Act IV,Scene III,Flavius,"The senator shall bear contempt hereditary,",1547
Act IV,Scene III,Flavius,The beggar native honour.,1548
Act IV,Scene III,Flavius,"It is the pasture lards the rother's sides,",1549
Act IV,Scene III,Flavius,"The want that makes him lean. Who dares, who dares,",1550
Act IV,Scene III,Flavius,"In purity of manhood stand upright,",1551
Act IV,Scene III,Flavius,"And say 'This man's a flatterer?' if one be,",1552
Act IV,Scene III,Flavius,So are they all; for every grise of fortune,1553
Act IV,Scene III,Flavius,Is smooth'd by that below: the learned pate,1554
Act IV,Scene III,Flavius,Ducks to the golden fool: all is oblique;,1555
Act IV,Scene III,Flavius,"There's nothing level in our cursed natures,",1556
Act IV,Scene III,Flavius,"But direct villany. Therefore, be abhorr'd",1557
Act IV,Scene III,Flavius,"All feasts, societies, and throngs of men!",1558
Act IV,Scene III,Flavius,"His semblable, yea, himself, Timon disdains:",1559
Act IV,Scene III,Flavius,"Destruction fang mankind! Earth, yield me roots!",1560
Act IV,Scene III,[stage direction],Digging,NA
Act IV,Scene III,Flavius,"Who seeks for better of thee, sauce his palate",1561
Act IV,Scene III,Flavius,With thy most operant poison! What is here?,1562
Act IV,Scene III,Flavius,"Gold? yellow, glittering, precious gold? No, gods,",1563
Act IV,Scene III,Flavius,"I am no idle votarist: roots, you clear heavens!",1564
Act IV,Scene III,Flavius,"Thus much of this will make black white, foul fair,",1565
Act IV,Scene III,Flavius,"Wrong right, base noble, old young, coward valiant.",1566
Act IV,Scene III,Flavius,"Ha, you gods! why this? what this, you gods? Why, this",1567
Act IV,Scene III,Flavius,"Will lug your priests and servants from your sides,",1568
Act IV,Scene III,Flavius,Pluck stout men's pillows from below their heads:,1569
Act IV,Scene III,Flavius,This yellow slave,1570
Act IV,Scene III,Flavius,"Will knit and break religions, bless the accursed,",1571
Act IV,Scene III,Flavius,"Make the hoar leprosy adored, place thieves",1572
Act IV,Scene III,Flavius,"And give them title, knee and approbation",1573
Act IV,Scene III,Flavius,With senators on the bench: this is it,1574
Act IV,Scene III,Flavius,That makes the wappen'd widow wed again;,1575
Act IV,Scene III,Flavius,"She, whom the spital-house and ulcerous sores",1576
Act IV,Scene III,Flavius,"Would cast the gorge at, this embalms and spices",1577
Act IV,Scene III,Flavius,"To the April day again. Come, damned earth,",1578
Act IV,Scene III,Flavius,"Thou common whore of mankind, that put'st odds",1579
Act IV,Scene III,Flavius,"Among the route of nations, I will make thee",1580
Act IV,Scene III,Flavius,Do thy right nature.,1581
Act IV,Scene III,[stage direction],March afar off,NA
Act IV,Scene III,Flavius,"Ha! a drum ? Thou'rt quick,",1582
Act IV,Scene III,Flavius,"But yet I'll bury thee: thou'lt go, strong thief,",1583
Act IV,Scene III,Flavius,When gouty keepers of thee cannot stand.,1584
Act IV,Scene III,Flavius,"Nay, stay thou out for earnest.",1585
Act IV,Scene III,[stage direction],Keeping some gold,NA
Act IV,Scene III,[stage direction],"Enter ALCIBIADES, with drum and fife, in warlike manner; PHRYNIA and TIMANDRA",NA
Act IV,Scene III,Alcibiades,What art thou there? speak.,1586
Act IV,Scene III,Timon,"A beast, as thou art. The canker gnaw thy heart,",1587
Act IV,Scene III,Timon,For showing me again the eyes of man!,1588
Act IV,Scene III,Alcibiades,"What is thy name? Is man so hateful to thee,",1589
Act IV,Scene III,Alcibiades,That art thyself a man?,1590
Act IV,Scene III,Timon,"I am Misanthropos, and hate mankind.",1591
Act IV,Scene III,Timon,"For thy part, I do wish thou wert a dog,",1592
Act IV,Scene III,Timon,That I might love thee something.,1593
Act IV,Scene III,Alcibiades,I know thee well;,1594
Act IV,Scene III,Alcibiades,But in thy fortunes am unlearn'd and strange.,1595
Act IV,Scene III,Timon,"I know thee too; and more than that I know thee,",1596
Act IV,Scene III,Timon,I not desire to know. Follow thy drum;,1597
Act IV,Scene III,Timon,"With man's blood paint the ground, gules, gules:",1598
Act IV,Scene III,Timon,"Religious canons, civil laws are cruel;",1599
Act IV,Scene III,Timon,Then what should war be? This fell whore of thine,1600
Act IV,Scene III,Timon,"Hath in her more destruction than thy sword,",1601
Act IV,Scene III,Timon,For all her cherubim look.,1602
Act IV,Scene III,Phrynia,Thy lips rot off!,1603
Act IV,Scene III,Timon,I will not kiss thee; then the rot returns,1604
Act IV,Scene III,Timon,To thine own lips again.,1605
Act IV,Scene III,Alcibiades,How came the noble Timon to this change?,1606
Act IV,Scene III,Timon,"As the moon does, by wanting light to give:",1607
Act IV,Scene III,Timon,"But then renew I could not, like the moon;",1608
Act IV,Scene III,Timon,There were no suns to borrow of.,1609
Act IV,Scene III,Alcibiades,"Noble Timon,",1610
Act IV,Scene III,Alcibiades,What friendship may I do thee?,1611
Act IV,Scene III,Timon,"None, but to",1612
Act IV,Scene III,Timon,Maintain my opinion.,1613
Act IV,Scene III,Alcibiades,"What is it, Timon?",1614
Act IV,Scene III,Timon,"Promise me friendship, but perform none: if thou",1615
Act IV,Scene III,Timon,"wilt not promise, the gods plague thee, for thou art",1616
Act IV,Scene III,Timon,"a man! if thou dost perform, confound thee, for",1617
Act IV,Scene III,Timon,thou art a man!,1618
Act IV,Scene III,Alcibiades,I have heard in some sort of thy miseries.,1619
Act IV,Scene III,Timon,"Thou saw'st them, when I had prosperity.",1620
Act IV,Scene III,Alcibiades,I see them now; then was a blessed time.,1621
Act IV,Scene III,Timon,"As thine is now, held with a brace of harlots.",1622
Act IV,Scene III,Timandra,"Is this the Athenian minion, whom the world",1623
Act IV,Scene III,Timandra,Voiced so regardfully?,1624
Act IV,Scene III,Timon,Art thou Timandra?,1625
Act IV,Scene III,Timandra,Yes.,1626
Act IV,Scene III,Timon,Be a whore still: they love thee not that use thee;,1627
Act IV,Scene III,Timon,"Give them diseases, leaving with thee their lust.",1628
Act IV,Scene III,Timon,Make use of thy salt hours: season the slaves,1629
Act IV,Scene III,Timon,For tubs and baths; bring down rose-cheeked youth,1630
Act IV,Scene III,Timon,To the tub-fast and the diet.,1631
Act IV,Scene III,Timandra,"Hang thee, monster!",1632
Act IV,Scene III,Alcibiades,"Pardon him, sweet Timandra; for his wits",1633
Act IV,Scene III,Alcibiades,Are drown'd and lost in his calamities.,1634
Act IV,Scene III,Alcibiades,"I have but little gold of late, brave Timon,",1635
Act IV,Scene III,Alcibiades,The want whereof doth daily make revolt,1636
Act IV,Scene III,Alcibiades,"In my penurious band: I have heard, and grieved,",1637
Act IV,Scene III,Alcibiades,"How cursed Athens, mindless of thy worth,",1638
Act IV,Scene III,Alcibiades,"Forgetting thy great deeds, when neighbour states,",1639
Act IV,Scene III,Alcibiades,"But for thy sword and fortune, trod upon them,--",1640
Act IV,Scene III,Timon,"I prithee, beat thy drum, and get thee gone.",1641
Act IV,Scene III,Alcibiades,"I am thy friend, and pity thee, dear Timon.",1642
Act IV,Scene III,Timon,How dost thou pity him whom thou dost trouble?,1643
Act IV,Scene III,Timon,I had rather be alone.,1644
Act IV,Scene III,Alcibiades,"Why, fare thee well:",1645
Act IV,Scene III,Alcibiades,Here is some gold for thee.,1646
Act IV,Scene III,Timon,"Keep it, I cannot eat it.",1647
Act IV,Scene III,Alcibiades,"When I have laid proud Athens on a heap,--",1648
Act IV,Scene III,Timon,Warr'st thou 'gainst Athens?,1649
Act IV,Scene III,Alcibiades,"Ay, Timon, and have cause.",1650
Act IV,Scene III,Timon,The gods confound them all in thy conquest;,1651
Act IV,Scene III,Timon,"And thee after, when thou hast conquer'd!",1652
Act IV,Scene III,Alcibiades,"Why me, Timon?",1653
Act IV,Scene III,Timon,"That, by killing of villains,",1654
Act IV,Scene III,Timon,Thou wast born to conquer my country.,1655
Act IV,Scene III,Timon,"Put up thy gold: go on,--here's gold,--go on;",1656
Act IV,Scene III,Timon,"Be as a planetary plague, when Jove",1657
Act IV,Scene III,Timon,Will o'er some high-viced city hang his poison,1658
Act IV,Scene III,Timon,In the sick air: let not thy sword skip one:,1659
Act IV,Scene III,Timon,Pity not honour'd age for his white beard;,1660
Act IV,Scene III,Timon,He is an usurer: strike me the counterfeit matron;,1661
Act IV,Scene III,Timon,"It is her habit only that is honest,",1662
Act IV,Scene III,Timon,Herself's a bawd: let not the virgin's cheek,1663
Act IV,Scene III,Timon,"Make soft thy trenchant sword; for those milk-paps,",1664
Act IV,Scene III,Timon,"That through the window-bars bore at men's eyes,",1665
Act IV,Scene III,Timon,"Are not within the leaf of pity writ,",1666
Act IV,Scene III,Timon,"But set them down horrible traitors: spare not the babe,",1667
Act IV,Scene III,Timon,Whose dimpled smiles from fools exhaust their mercy;,1668
Act IV,Scene III,Timon,"Think it a bastard, whom the oracle",1669
Act IV,Scene III,Timon,"Hath doubtfully pronounced thy throat shall cut,",1670
Act IV,Scene III,Timon,And mince it sans remorse: swear against objects;,1671
Act IV,Scene III,Timon,Put armour on thine ears and on thine eyes;,1672
Act IV,Scene III,Timon,"Whose proof, nor yells of mothers, maids, nor babes,",1673
Act IV,Scene III,Timon,"Nor sight of priests in holy vestments bleeding,",1674
Act IV,Scene III,Timon,Shall pierce a jot. There's gold to pay soldiers:,1675
Act IV,Scene III,Timon,"Make large confusion; and, thy fury spent,",1676
Act IV,Scene III,Timon,"Confounded be thyself! Speak not, be gone.",1677
Act IV,Scene III,Alcibiades,Hast thou gold yet? I'll take the gold thou,1678
Act IV,Scene III,Alcibiades,"givest me,",1679
Act IV,Scene III,Alcibiades,Not all thy counsel.,1680
Act IV,Scene III,Timon,"Dost thou, or dost thou not, heaven's curse",1681
Act IV,Scene III,Timon,upon thee!,1682
Act IV,Scene III,Timandra,"Give us some gold, good Timon: hast thou more?",1683
Act IV,Scene III,Timon,"Enough to make a whore forswear her trade,",1684
Act IV,Scene III,Timon,"And to make whores, a bawd. Hold up, you sluts,",1685
Act IV,Scene III,Timon,"Your aprons mountant: you are not oathable,",1686
Act IV,Scene III,Timon,"Although, I know, you 'll swear, terribly swear",1687
Act IV,Scene III,Timon,Into strong shudders and to heavenly agues,1688
Act IV,Scene III,Timon,"The immortal gods that hear you,--spare your oaths,",1689
Act IV,Scene III,Timon,I'll trust to your conditions: be whores still;,1690
Act IV,Scene III,Timon,"And he whose pious breath seeks to convert you,",1691
Act IV,Scene III,Timon,"Be strong in whore, allure him, burn him up;",1692
Act IV,Scene III,Timon,"Let your close fire predominate his smoke,",1693
Act IV,Scene III,Timon,"And be no turncoats: yet may your pains, six months,",1694
Act IV,Scene III,Timon,Be quite contrary: and thatch your poor thin roofs,1695
Act IV,Scene III,Timon,"With burthens of the dead;--some that were hang'd,",1696
Act IV,Scene III,Timon,"No matter:--wear them, betray with them: whore still;",1697
Act IV,Scene III,Timon,"Paint till a horse may mire upon your face,",1698
Act IV,Scene III,Timon,A pox of wrinkles!,1699
Act IV,Scene III,Timandra,"Well, more gold: what then?",1700
Act IV,Scene III,Timandra,"Believe't, that we'll do any thing for gold.",1701
Act IV,Scene III,Timon,Consumptions sow,1702
Act IV,Scene III,Timon,"In hollow bones of man; strike their sharp shins,",1703
Act IV,Scene III,Timon,"And mar men's spurring. Crack the lawyer's voice,",1704
Act IV,Scene III,Timon,"That he may never more false title plead,",1705
Act IV,Scene III,Timon,"Nor sound his quillets shrilly: hoar the flamen,",1706
Act IV,Scene III,Timon,"That scolds against the quality of flesh,",1707
Act IV,Scene III,Timon,"And not believes himself: down with the nose,",1708
Act IV,Scene III,Timon,Down with it flat; take the bridge quite away,1709
Act IV,Scene III,Timon,"Of him that, his particular to foresee,",1710
Act IV,Scene III,Timon,Smells from the general weal: make curl'd-pate,1711
Act IV,Scene III,Timon,ruffians bald;,1712
Act IV,Scene III,Timon,And let the unscarr'd braggarts of the war,1713
Act IV,Scene III,Timon,Derive some pain from you: plague all;,1714
Act IV,Scene III,Timon,That your activity may defeat and quell,1715
Act IV,Scene III,Timon,The source of all erection. There's more gold:,1716
Act IV,Scene III,Timon,"Do you damn others, and let this damn you,",1717
Act IV,Scene III,Timon,And ditches grave you all!,1718
Act IV,Scene III,Timandra,"More counsel with more money, bounteous Timon.",1719
Act IV,Scene III,Timon,"More whore, more mischief first; I have given you earnest.",1720
Act IV,Scene III,Alcibiades,"Strike up the drum towards Athens! Farewell, Timon:",1721
Act IV,Scene III,Alcibiades,"If I thrive well, I'll visit thee again.",1722
Act IV,Scene III,Timon,"If I hope well, I'll never see thee more.",1723
Act IV,Scene III,Alcibiades,I never did thee harm.,1724
Act IV,Scene III,Timon,"Yes, thou spokest well of me.",1725
Act IV,Scene III,Alcibiades,Call'st thou that harm?,1726
Act IV,Scene III,Timon,"Men daily find it. Get thee away, and take",1727
Act IV,Scene III,Timon,Thy beagles with thee.,1728
Act IV,Scene III,Alcibiades,We but offend him. Strike!,1729
Act IV,Scene III,[stage direction],"Drum beats. Exeunt ALCIBIADES, PHRYNIA, and TIMANDRA",NA
Act IV,Scene III,Timon,"That nature, being sick of man's unkindness,",1730
Act IV,Scene III,Timon,"Should yet be hungry! Common mother, thou,",1731
Act IV,Scene III,[stage direction],Digging,NA
Act IV,Scene III,Timon,"Whose womb unmeasurable, and infinite breast,",1732
Act IV,Scene III,Timon,"Teems, and feeds all; whose self-same mettle,",1733
Act IV,Scene III,Timon,"Whereof thy proud child, arrogant man, is puff'd,",1734
Act IV,Scene III,Timon,"Engenders the black toad and adder blue,",1735
Act IV,Scene III,Timon,"The gilded newt and eyeless venom'd worm,",1736
Act IV,Scene III,Timon,With all the abhorred births below crisp heaven,1737
Act IV,Scene III,Timon,Whereon Hyperion's quickening fire doth shine;,1738
Act IV,Scene III,Timon,"Yield him, who all thy human sons doth hate,",1739
Act IV,Scene III,Timon,"From forth thy plenteous bosom, one poor root!",1740
Act IV,Scene III,Timon,"Ensear thy fertile and conceptious womb,",1741
Act IV,Scene III,Timon,Let it no more bring out ingrateful man!,1742
Act IV,Scene III,Timon,"Go great with tigers, dragons, wolves, and bears;",1743
Act IV,Scene III,Timon,"Teem with new monsters, whom thy upward face",1744
Act IV,Scene III,Timon,Hath to the marbled mansion all above,1745
Act IV,Scene III,Timon,"Never presented!--O, a root,--dear thanks!--",1746
Act IV,Scene III,Timon,"Dry up thy marrows, vines, and plough-torn leas;",1747
Act IV,Scene III,Timon,"Whereof ungrateful man, with liquorish draughts",1748
Act IV,Scene III,Timon,"And morsels unctuous, greases his pure mind,",1749
Act IV,Scene III,Timon,That from it all consideration slips!,1750
Act IV,Scene III,[stage direction],Enter APEMANTUS,NA
Act IV,Scene III,Timon,"More man? plague, plague!",1751
Act IV,Scene III,Apemantus,I was directed hither: men report,1752
Act IV,Scene III,Apemantus,"Thou dost affect my manners, and dost use them.",1753
Act IV,Scene III,Timon,"'Tis, then, because thou dost not keep a dog,",1754
Act IV,Scene III,Timon,Whom I would imitate: consumption catch thee!,1755
Act IV,Scene III,Apemantus,This is in thee a nature but infected;,1756
Act IV,Scene III,Apemantus,A poor unmanly melancholy sprung,1757
Act IV,Scene III,Apemantus,From change of fortune. Why this spade? this place?,1758
Act IV,Scene III,Apemantus,This slave-like habit? and these looks of care?,1759
Act IV,Scene III,Apemantus,"Thy flatterers yet wear silk, drink wine, lie soft;",1760
Act IV,Scene III,Apemantus,"Hug their diseased perfumes, and have forgot",1761
Act IV,Scene III,Apemantus,"That ever Timon was. Shame not these woods,",1762
Act IV,Scene III,Apemantus,By putting on the cunning of a carper.,1763
Act IV,Scene III,Apemantus,"Be thou a flatterer now, and seek to thrive",1764
Act IV,Scene III,Apemantus,"By that which has undone thee: hinge thy knee,",1765
Act IV,Scene III,Apemantus,"And let his very breath, whom thou'lt observe,",1766
Act IV,Scene III,Apemantus,"Blow off thy cap; praise his most vicious strain,",1767
Act IV,Scene III,Apemantus,And call it excellent: thou wast told thus;,1768
Act IV,Scene III,Apemantus,Thou gavest thine ears like tapsters that bid welcome,1769
Act IV,Scene III,Apemantus,To knaves and all approachers: 'tis most just,1770
Act IV,Scene III,Apemantus,"That thou turn rascal; hadst thou wealth again,",1771
Act IV,Scene III,Apemantus,Rascals should have 't. Do not assume my likeness.,1772
Act IV,Scene III,Timon,"Were I like thee, I'ld throw away myself.",1773
Act IV,Scene III,Apemantus,"Thou hast cast away thyself, being like thyself;",1774
Act IV,Scene III,Apemantus,"A madman so long, now a fool. What, think'st",1775
Act IV,Scene III,Apemantus,"That the bleak air, thy boisterous chamberlain,",1776
Act IV,Scene III,Apemantus,"Will put thy shirt on warm? will these moss'd trees,",1777
Act IV,Scene III,Apemantus,"That have outlived the eagle, page thy heels,",1778
Act IV,Scene III,Apemantus,And skip where thou point'st out? will the,1779
Act IV,Scene III,Apemantus,"cold brook,",1780
Act IV,Scene III,Apemantus,"Candied with ice, caudle thy morning taste,",1781
Act IV,Scene III,Apemantus,To cure thy o'er-night's surfeit? Call the creatures,1782
Act IV,Scene III,Apemantus,Whose naked natures live in an the spite,1783
Act IV,Scene III,Apemantus,"Of wreakful heaven, whose bare unhoused trunks,",1784
Act IV,Scene III,Apemantus,"To the conflicting elements exposed,",1785
Act IV,Scene III,Apemantus,Answer mere nature; bid them flatter thee;,1786
Act IV,Scene III,Apemantus,"O, thou shalt find--",1787
Act IV,Scene III,Timon,A fool of thee: depart.,1788
Act IV,Scene III,Apemantus,I love thee better now than e'er I did.,1789
Act IV,Scene III,Timon,I hate thee worse.,1790
Act IV,Scene III,Apemantus,Why?,1791
Act IV,Scene III,Timon,Thou flatter'st misery.,1792
Act IV,Scene III,Apemantus,I flatter not; but say thou art a caitiff.,1793
Act IV,Scene III,Timon,Why dost thou seek me out?,1794
Act IV,Scene III,Apemantus,To vex thee.,1795
Act IV,Scene III,Timon,Always a villain's office or a fool's.,1796
Act IV,Scene III,Timon,Dost please thyself in't?,1797
Act IV,Scene III,Apemantus,Ay.,1798
Act IV,Scene III,Timon,What! a knave too?,1799
Act IV,Scene III,Apemantus,If thou didst put this sour-cold habit on,1800
Act IV,Scene III,Apemantus,"To castigate thy pride, 'twere well: but thou",1801
Act IV,Scene III,Apemantus,"Dost it enforcedly; thou'ldst courtier be again,",1802
Act IV,Scene III,Apemantus,Wert thou not beggar. Willing misery,1803
Act IV,Scene III,Apemantus,"Outlives encertain pomp, is crown'd before:",1804
Act IV,Scene III,Apemantus,"The one is filling still, never complete;",1805
Act IV,Scene III,Apemantus,"The other, at high wish: best state, contentless,",1806
Act IV,Scene III,Apemantus,"Hath a distracted and most wretched being,",1807
Act IV,Scene III,Apemantus,"Worse than the worst, content.",1808
Act IV,Scene III,Apemantus,"Thou shouldst desire to die, being miserable.",1809
Act IV,Scene III,Timon,Not by his breath that is more miserable.,1810
Act IV,Scene III,Timon,"Thou art a slave, whom Fortune's tender arm",1811
Act IV,Scene III,Timon,With favour never clasp'd; but bred a dog.,1812
Act IV,Scene III,Timon,"Hadst thou, like us from our first swath, proceeded",1813
Act IV,Scene III,Timon,The sweet degrees that this brief world affords,1814
Act IV,Scene III,Timon,To such as may the passive drugs of it,1815
Act IV,Scene III,Timon,"Freely command, thou wouldst have plunged thyself",1816
Act IV,Scene III,Timon,In general riot; melted down thy youth,1817
Act IV,Scene III,Timon,In different beds of lust; and never learn'd,1818
Act IV,Scene III,Timon,"The icy precepts of respect, but follow'd",1819
Act IV,Scene III,Timon,"The sugar'd game before thee. But myself,",1820
Act IV,Scene III,Timon,"Who had the world as my confectionary,",1821
Act IV,Scene III,Timon,"The mouths, the tongues, the eyes and hearts of men",1822
Act IV,Scene III,Timon,"At duty, more than I could frame employment,",1823
Act IV,Scene III,Timon,That numberless upon me stuck as leaves,1824
Act IV,Scene III,Timon,"Do on the oak, hive with one winter's brush",1825
Act IV,Scene III,Timon,"Fell from their boughs and left me open, bare",1826
Act IV,Scene III,Timon,"For every storm that blows: I, to bear this,",1827
Act IV,Scene III,Timon,"That never knew but better, is some burden:",1828
Act IV,Scene III,Timon,"Thy nature did commence in sufferance, time",1829
Act IV,Scene III,Timon,Hath made thee hard in't. Why shouldst thou hate men?,1830
Act IV,Scene III,Timon,They never flatter'd thee: what hast thou given?,1831
Act IV,Scene III,Timon,"If thou wilt curse, thy father, that poor rag,",1832
Act IV,Scene III,Timon,"Must be thy subject, who in spite put stuff",1833
Act IV,Scene III,Timon,To some she beggar and compounded thee,1834
Act IV,Scene III,Timon,"Poor rogue hereditary. Hence, be gone!",1835
Act IV,Scene III,Timon,"If thou hadst not been born the worst of men,",1836
Act IV,Scene III,Timon,Thou hadst been a knave and flatterer.,1837
Act IV,Scene III,Apemantus,Art thou proud yet?,1838
Act IV,Scene III,Timon,"Ay, that I am not thee.",1839
Act IV,Scene III,Apemantus,"I, that I was",1840
Act IV,Scene III,Apemantus,No prodigal.,1841
Act IV,Scene III,Timon,"I, that I am one now:",1842
Act IV,Scene III,Timon,"Were all the wealth I have shut up in thee,",1843
Act IV,Scene III,Timon,I'ld give thee leave to hang it. Get thee gone.,1844
Act IV,Scene III,Timon,That the whole life of Athens were in this!,1845
Act IV,Scene III,Timon,Thus would I eat it.,1846
Act IV,Scene III,[stage direction],Eating a root,NA
Act IV,Scene III,Apemantus,Here; I will mend thy feast.,1847
Act IV,Scene III,[stage direction],Offering him a root,NA
Act IV,Scene III,Timon,"First mend my company, take away thyself.",1848
Act IV,Scene III,Apemantus,"So I shall mend mine own, by the lack of thine.",1849
Act IV,Scene III,Timon,"'Tis not well mended so, it is but botch'd;",1850
Act IV,Scene III,Timon,"if not, I would it were.",1851
Act IV,Scene III,Apemantus,What wouldst thou have to Athens?,1852
Act IV,Scene III,Timon,"Thee thither in a whirlwind. If thou wilt,",1853
Act IV,Scene III,Timon,"Tell them there I have gold; look, so I have.",1854
Act IV,Scene III,Apemantus,Here is no use for gold.,1855
Act IV,Scene III,Timon,The best and truest;,1856
Act IV,Scene III,Timon,"For here it sleeps, and does no hired harm.",1857
Act IV,Scene III,Apemantus,"Where liest o' nights, Timon?",1858
Act IV,Scene III,Timon,Under that's above me.,1859
Act IV,Scene III,Timon,"Where feed'st thou o' days, Apemantus?",1860
Act IV,Scene III,Apemantus,"Where my stomach finds meat; or, rather, where I eat",1861
Act IV,Scene III,Apemantus,it.,1862
Act IV,Scene III,Timon,Would poison were obedient and knew my mind!,1863
Act IV,Scene III,Apemantus,Where wouldst thou send it?,1864
Act IV,Scene III,Timon,To sauce thy dishes.,1865
Act IV,Scene III,Apemantus,"The middle of humanity thou never knewest, but the",1866
Act IV,Scene III,Apemantus,extremity of both ends: when thou wast in thy gilt,1867
Act IV,Scene III,Apemantus,"and thy perfume, they mocked thee for too much",1868
Act IV,Scene III,Apemantus,"curiosity; in thy rags thou knowest none, but art",1869
Act IV,Scene III,Apemantus,despised for the contrary. There's a medlar for,1870
Act IV,Scene III,Apemantus,"thee, eat it.",1871
Act IV,Scene III,Timon,On what I hate I feed not.,1872
Act IV,Scene III,Apemantus,Dost hate a medlar?,1873
Act IV,Scene III,Timon,"Ay, though it look like thee.",1874
Act IV,Scene III,Apemantus,"An thou hadst hated meddlers sooner, thou shouldst",1875
Act IV,Scene III,Apemantus,have loved thyself better now. What man didst thou,1876
Act IV,Scene III,Apemantus,ever know unthrift that was beloved after his means?,1877
Act IV,Scene III,Timon,"Who, without those means thou talkest of, didst thou",1878
Act IV,Scene III,Timon,ever know beloved?,1879
Act IV,Scene III,Apemantus,Myself.,1880
Act IV,Scene III,Timon,I understand thee; thou hadst some means to keep a,1881
Act IV,Scene III,Timon,dog.,1882
Act IV,Scene III,Apemantus,What things in the world canst thou nearest compare,1883
Act IV,Scene III,Apemantus,to thy flatterers?,1884
Act IV,Scene III,Timon,"Women nearest; but men, men are the things",1885
Act IV,Scene III,Timon,"themselves. What wouldst thou do with the world,",1886
Act IV,Scene III,Timon,"Apemantus, if it lay in thy power?",1887
Act IV,Scene III,Apemantus,"Give it the beasts, to be rid of the men.",1888
Act IV,Scene III,Timon,Wouldst thou have thyself fall in the confusion of,1889
Act IV,Scene III,Timon,"men, and remain a beast with the beasts?",1890
Act IV,Scene III,Apemantus,"Ay, Timon.",1891
Act IV,Scene III,Timon,"A beastly ambition, which the gods grant thee t'",1892
Act IV,Scene III,Timon,"attain to! If thou wert the lion, the fox would",1893
Act IV,Scene III,Timon,"beguile thee; if thou wert the lamb, the fox would",1894
Act IV,Scene III,Timon,"eat three: if thou wert the fox, the lion would",1895
Act IV,Scene III,Timon,"suspect thee, when peradventure thou wert accused by",1896
Act IV,Scene III,Timon,"the ass: if thou wert the ass, thy dulness would",1897
Act IV,Scene III,Timon,"torment thee, and still thou livedst but as a",1898
Act IV,Scene III,Timon,"breakfast to the wolf: if thou wert the wolf, thy",1899
Act IV,Scene III,Timon,"greediness would afflict thee, and oft thou shouldst",1900
Act IV,Scene III,Timon,hazard thy life for thy dinner: wert thou the,1901
Act IV,Scene III,Timon,"unicorn, pride and wrath would confound thee and",1902
Act IV,Scene III,Timon,make thine own self the conquest of thy fury: wert,1903
Act IV,Scene III,Timon,"thou a bear, thou wouldst be killed by the horse:",1904
Act IV,Scene III,Timon,"wert thou a horse, thou wouldst be seized by the",1905
Act IV,Scene III,Timon,"leopard: wert thou a leopard, thou wert german to",1906
Act IV,Scene III,Timon,the lion and the spots of thy kindred were jurors on,1907
Act IV,Scene III,Timon,thy life: all thy safety were remotion and thy,1908
Act IV,Scene III,Timon,"defence absence. What beast couldst thou be, that",1909
Act IV,Scene III,Timon,were not subject to a beast? and what a beast art,1910
Act IV,Scene III,Timon,"thou already, that seest not thy loss in",1911
Act IV,Scene III,Timon,transformation!,1912
Act IV,Scene III,Apemantus,"If thou couldst please me with speaking to me, thou",1913
Act IV,Scene III,Apemantus,mightst have hit upon it here: the commonwealth of,1914
Act IV,Scene III,Apemantus,Athens is become a forest of beasts.,1915
Act IV,Scene III,Timon,"How has the ass broke the wall, that thou art out of the city?",1916
Act IV,Scene III,Apemantus,Yonder comes a poet and a painter: the plague of,1917
Act IV,Scene III,Apemantus,company light upon thee! I will fear to catch it,1918
Act IV,Scene III,Apemantus,"and give way: when I know not what else to do, I'll",1919
Act IV,Scene III,Apemantus,see thee again.,1920
Act IV,Scene III,Timon,"When there is nothing living but thee, thou shalt be",1921
Act IV,Scene III,Timon,welcome. I had rather be a beggar's dog than Apemantus.,1922
Act IV,Scene III,Apemantus,Thou art the cap of all the fools alive.,1923
Act IV,Scene III,Timon,Would thou wert clean enough to spit upon!,1924
Act IV,Scene III,Apemantus,A plague on thee! thou art too bad to curse.,1925
Act IV,Scene III,Timon,All villains that do stand by thee are pure.,1926
Act IV,Scene III,Apemantus,There is no leprosy but what thou speak'st.,1927
Act IV,Scene III,Timon,If I name thee.,1928
Act IV,Scene III,Timon,"I'll beat thee, but I should infect my hands.",1929
Act IV,Scene III,Apemantus,I would my tongue could rot them off!,1930
Act IV,Scene III,Timon,"Away, thou issue of a mangy dog!",1931
Act IV,Scene III,Timon,Choler does kill me that thou art alive;,1932
Act IV,Scene III,Timon,I swound to see thee.,1933
Act IV,Scene III,Apemantus,Would thou wouldst burst!,1934
Act IV,Scene III,Timon,"Away,",1935
Act IV,Scene III,Timon,Thou tedious rogue! I am sorry I shall lose,1936
Act IV,Scene III,Timon,A stone by thee.,1937
Act IV,Scene III,[stage direction],Throws a stone at him,NA
Act IV,Scene III,Apemantus,Beast!,1938
Act IV,Scene III,Timon,Slave!,1939
Act IV,Scene III,Apemantus,Toad!,1940
Act IV,Scene III,Timon,"Rogue, rogue, rogue!",1941
Act IV,Scene III,Timon,"I am sick of this false world, and will love nought",1942
Act IV,Scene III,Timon,But even the mere necessities upon 't.,1943
Act IV,Scene III,Timon,"Then, Timon, presently prepare thy grave;",1944
Act IV,Scene III,Timon,Lie where the light foam the sea may beat,1945
Act IV,Scene III,Timon,"Thy grave-stone daily: make thine epitaph,",1946
Act IV,Scene III,Timon,That death in me at others' lives may laugh.,1947
Act IV,Scene III,[stage direction],To the gold,NA
Act IV,Scene III,Timon,"O thou sweet king-killer, and dear divorce",1948
Act IV,Scene III,Timon,'Twixt natural son and sire! thou bright defiler,1949
Act IV,Scene III,Timon,Of Hymen's purest bed! thou valiant Mars!,1950
Act IV,Scene III,Timon,"Thou ever young, fresh, loved and delicate wooer,",1951
Act IV,Scene III,Timon,Whose blush doth thaw the consecrated snow,1952
Act IV,Scene III,Timon,"That lies on Dian's lap! thou visible god,",1953
Act IV,Scene III,Timon,"That solder'st close impossibilities,",1954
Act IV,Scene III,Timon,And makest them kiss! that speak'st with,1955
Act IV,Scene III,Timon,"every tongue,",1956
Act IV,Scene III,Timon,To every purpose! O thou touch of hearts!,1957
Act IV,Scene III,Timon,"Think, thy slave man rebels, and by thy virtue",1958
Act IV,Scene III,Timon,"Set them into confounding odds, that beasts",1959
Act IV,Scene III,Timon,May have the world in empire!,1960
Act IV,Scene III,Apemantus,Would 'twere so!,1961
Act IV,Scene III,Apemantus,But not till I am dead. I'll say thou'st gold:,1962
Act IV,Scene III,Apemantus,Thou wilt be throng'd to shortly.,1963
Act IV,Scene III,Timon,Throng'd to!,1964
Act IV,Scene III,Apemantus,Ay.,1965
Act IV,Scene III,Timon,"Thy back, I prithee.",1966
Act IV,Scene III,Apemantus,"Live, and love thy misery.",1967
Act IV,Scene III,Timon,"Long live so, and so die.",1968
Act IV,Scene III,[stage direction],Exit APEMANTUS,NA
Act IV,Scene III,Timon,I am quit.,1969
Act IV,Scene III,Timon,"Moe things like men! Eat, Timon, and abhor them.",1970
Act IV,Scene III,[stage direction],Enter Banditti,NA
Act IV,Scene III,First Bandit,Where should he have this gold? It is some poor,1971
Act IV,Scene III,First Bandit,"fragment, some slender sort of his remainder: the",1972
Act IV,Scene III,First Bandit,"mere want of gold, and the falling-from of his",1973
Act IV,Scene III,First Bandit,"friends, drove him into this melancholy.",1974
Act IV,Scene III,Second Bandit,It is noised he hath a mass of treasure.,1975
Act IV,Scene III,Third Bandit,Let us make the assay upon him: if he care not,1976
Act IV,Scene III,Third Bandit,"for't, he will supply us easily; if he covetously",1977
Act IV,Scene III,Third Bandit,"reserve it, how shall's get it?",1978
Act IV,Scene III,Second Bandit,"True; for he bears it not about him, 'tis hid.",1979
Act IV,Scene III,First Bandit,Is not this he?,1980
Act IV,Scene III,Banditti,Where?,1981
Act IV,Scene III,Second Bandit,'Tis his description.,1982
Act IV,Scene III,Third Bandit,He; I know him.,1983
Act IV,Scene III,Banditti,"Save thee, Timon.",1984
Act IV,Scene III,Timon,"Now, thieves?",1985
Act IV,Scene III,Banditti,"Soldiers, not thieves.",1986
Act IV,Scene III,Timon,Both too; and women's sons.,1987
Act IV,Scene III,Banditti,"We are not thieves, but men that much do want.",1988
Act IV,Scene III,Timon,"Your greatest want is, you want much of meat.",1989
Act IV,Scene III,Timon,"Why should you want? Behold, the earth hath roots;",1990
Act IV,Scene III,Timon,Within this mile break forth a hundred springs;,1991
Act IV,Scene III,Timon,"The oaks bear mast, the briers scarlet hips;",1992
Act IV,Scene III,Timon,"The bounteous housewife, nature, on each bush",1993
Act IV,Scene III,Timon,Lays her full mess before you. Want! why want?,1994
Act IV,Scene III,First Bandit,"We cannot live on grass, on berries, water,",1995
Act IV,Scene III,First Bandit,As beasts and birds and fishes.,1996
Act IV,Scene III,Timon,"Nor on the beasts themselves, the birds, and fishes;",1997
Act IV,Scene III,Timon,You must eat men. Yet thanks I must you con,1998
Act IV,Scene III,Timon,"That you are thieves profess'd, that you work not",1999
Act IV,Scene III,Timon,In holier shapes: for there is boundless theft,2000
Act IV,Scene III,Timon,"In limited professions. Rascal thieves,",2001
Act IV,Scene III,Timon,"Here's gold. Go, suck the subtle blood o' the grape,",2002
Act IV,Scene III,Timon,"Till the high fever seethe your blood to froth,",2003
Act IV,Scene III,Timon,And so 'scape hanging: trust not the physician;,2004
Act IV,Scene III,Timon,"His antidotes are poison, and he slays",2005
Act IV,Scene III,Timon,Moe than you rob: take wealth and lives together;,2006
Act IV,Scene III,Timon,"Do villany, do, since you protest to do't,",2007
Act IV,Scene III,Timon,Like workmen. I'll example you with thievery.,2008
Act IV,Scene III,Timon,"The sun's a thief, and with his great attraction",2009
Act IV,Scene III,Timon,"Robs the vast sea: the moon's an arrant thief,",2010
Act IV,Scene III,Timon,And her pale fire she snatches from the sun:,2011
Act IV,Scene III,Timon,"The sea's a thief, whose liquid surge resolves",2012
Act IV,Scene III,Timon,"The moon into salt tears: the earth's a thief,",2013
Act IV,Scene III,Timon,That feeds and breeds by a composture stolen,2014
Act IV,Scene III,Timon,From general excrement: each thing's a thief:,2015
Act IV,Scene III,Timon,"The laws, your curb and whip, in their rough power",2016
Act IV,Scene III,Timon,"Have uncheque'd theft. Love not yourselves: away,",2017
Act IV,Scene III,Timon,Rob one another. There's more gold. Cut throats:,2018
Act IV,Scene III,Timon,"All that you meet are thieves: to Athens go,",2019
Act IV,Scene III,Timon,"Break open shops; nothing can you steal,",2020
Act IV,Scene III,Timon,But thieves do lose it: steal no less for this,2021
Act IV,Scene III,Timon,I give you; and gold confound you howsoe'er! Amen.,2022
Act IV,Scene III,Third Bandit,"Has almost charmed me from my profession, by",2023
Act IV,Scene III,Third Bandit,persuading me to it.,2024
Act IV,Scene III,First Bandit,'Tis in the malice of mankind that he thus advises,2025
Act IV,Scene III,First Bandit,us; not to have us thrive in our mystery.,2026
Act IV,Scene III,Second Bandit,"I'll believe him as an enemy, and give over my trade.",2027
Act IV,Scene III,First Bandit,Let us first see peace in Athens: there is no time,2028
Act IV,Scene III,First Bandit,so miserable but a man may be true.,2029
Act IV,Scene III,[stage direction],Exeunt Banditti,NA
Act IV,Scene III,[stage direction],Enter FLAVIUS,NA
Act IV,Scene III,Flavius,O you gods!,2030
Act IV,Scene III,Flavius,Is yond despised and ruinous man my lord?,2031
Act IV,Scene III,Flavius,Full of decay and failing? O monument,2032
Act IV,Scene III,Flavius,And wonder of good deeds evilly bestow'd!,2033
Act IV,Scene III,Flavius,What an alteration of honour,2034
Act IV,Scene III,Flavius,Has desperate want made!,2035
Act IV,Scene III,Flavius,What viler thing upon the earth than friends,2036
Act IV,Scene III,Flavius,Who can bring noblest minds to basest ends!,2037
Act IV,Scene III,Flavius,"How rarely does it meet with this time's guise,",2038
Act IV,Scene III,Flavius,When man was wish'd to love his enemies!,2039
Act IV,Scene III,Flavius,"Grant I may ever love, and rather woo",2040
Act IV,Scene III,Flavius,Those that would mischief me than those that do!,2041
Act IV,Scene III,Flavius,Has caught me in his eye: I will present,2042
Act IV,Scene III,Flavius,"My honest grief unto him; and, as my lord,",2043
Act IV,Scene III,Flavius,Still serve him with my life. My dearest master!,2044
Act IV,Scene III,Timon,Away! what art thou?,2045
Act IV,Scene III,Flavius,"Have you forgot me, sir?",2046
Act IV,Scene III,Timon,Why dost ask that? I have forgot all men;,2047
Act IV,Scene III,Timon,"Then, if thou grant'st thou'rt a man, I have forgot thee.",2048
Act IV,Scene III,Flavius,An honest poor servant of yours.,2049
Act IV,Scene III,Timon,Then I know thee not:,2050
Act IV,Scene III,Timon,"I never had honest man about me, I; all",2051
Act IV,Scene III,Timon,"I kept were knaves, to serve in meat to villains.",2052
Act IV,Scene III,Flavius,"The gods are witness,",2053
Act IV,Scene III,Flavius,Ne'er did poor steward wear a truer grief,2054
Act IV,Scene III,Flavius,For his undone lord than mine eyes for you.,2055
Act IV,Scene III,Timon,"What, dost thou weep? Come nearer. Then I",2056
Act IV,Scene III,Timon,"love thee,",2057
Act IV,Scene III,Timon,"Because thou art a woman, and disclaim'st",2058
Act IV,Scene III,Timon,Flinty mankind; whose eyes do never give,2059
Act IV,Scene III,Timon,But thorough lust and laughter. Pity's sleeping:,2060
Act IV,Scene III,Timon,"Strange times, that weep with laughing, not with weeping!",2061
Act IV,Scene III,Flavius,"I beg of you to know me, good my lord,",2062
Act IV,Scene III,Flavius,To accept my grief and whilst this poor wealth lasts,2063
Act IV,Scene III,Flavius,To entertain me as your steward still.,2064
Act IV,Scene III,Timon,Had I a steward,2065
Act IV,Scene III,Timon,"So true, so just, and now so comfortable?",2066
Act IV,Scene III,Timon,It almost turns my dangerous nature mild.,2067
Act IV,Scene III,Timon,"Let me behold thy face. Surely, this man",2068
Act IV,Scene III,Timon,Was born of woman.,2069
Act IV,Scene III,Timon,"Forgive my general and exceptless rashness,",2070
Act IV,Scene III,Timon,You perpetual-sober gods! I do proclaim,2071
Act IV,Scene III,Timon,One honest man--mistake me not--but one;,2072
Act IV,Scene III,Timon,"No more, I pray,--and he's a steward.",2073
Act IV,Scene III,Timon,How fain would I have hated all mankind!,2074
Act IV,Scene III,Timon,"And thou redeem'st thyself: but all, save thee,",2075
Act IV,Scene III,Timon,I fell with curses.,2076
Act IV,Scene III,Timon,Methinks thou art more honest now than wise;,2077
Act IV,Scene III,Timon,"For, by oppressing and betraying me,",2078
Act IV,Scene III,Timon,Thou mightst have sooner got another service:,2079
Act IV,Scene III,Timon,"For many so arrive at second masters,",2080
Act IV,Scene III,Timon,Upon their first lord's neck. But tell me true--,2081
Act IV,Scene III,Timon,"For I must ever doubt, though ne'er so sure--",2082
Act IV,Scene III,Timon,"Is not thy kindness subtle, covetous,",2083
Act IV,Scene III,Timon,"If not a usuring kindness, and, as rich men deal gifts,",2084
Act IV,Scene III,Timon,Expecting in return twenty for one?,2085
Act IV,Scene III,Flavius,"No, my most worthy master; in whose breast",2086
Act IV,Scene III,Flavius,"Doubt and suspect, alas, are placed too late:",2087
Act IV,Scene III,Flavius,You should have fear'd false times when you did feast:,2088
Act IV,Scene III,Flavius,Suspect still comes where an estate is least.,2089
Act IV,Scene III,Flavius,"That which I show, heaven knows, is merely love,",2090
Act IV,Scene III,Flavius,"Duty and zeal to your unmatched mind,",2091
Act IV,Scene III,Flavius,"Care of your food and living; and, believe it,",2092
Act IV,Scene III,Flavius,"My most honour'd lord,",2093
Act IV,Scene III,Flavius,"For any benefit that points to me,",2094
Act IV,Scene III,Flavius,"Either in hope or present, I'ld exchange",2095
Act IV,Scene III,Flavius,"For this one wish, that you had power and wealth",2096
Act IV,Scene III,Flavius,"To requite me, by making rich yourself.",2097
Act IV,Scene III,Timon,"Look thee, 'tis so! Thou singly honest man,",2098
Act IV,Scene III,Timon,"Here, take: the gods out of my misery",2099
Act IV,Scene III,Timon,"Have sent thee treasure. Go, live rich and happy;",2100
Act IV,Scene III,Timon,But thus condition'd: thou shalt build from men;,2101
Act IV,Scene III,Timon,"Hate all, curse all, show charity to none,",2102
Act IV,Scene III,Timon,"But let the famish'd flesh slide from the bone,",2103
Act IV,Scene III,Timon,Ere thou relieve the beggar; give to dogs,2104
Act IV,Scene III,Timon,"What thou deny'st to men; let prisons swallow 'em,",2105
Act IV,Scene III,Timon,Debts wither 'em to nothing; be men like,2106
Act IV,Scene III,Timon,"blasted woods,",2107
Act IV,Scene III,Timon,And may diseases lick up their false bloods!,2108
Act IV,Scene III,Timon,And so farewell and thrive.,2109
Act IV,Scene III,Flavius,"O, let me stay,",2110
Act IV,Scene III,Flavius,"And comfort you, my master.",2111
Act IV,Scene III,Timon,"If thou hatest curses,",2112
Act IV,Scene III,Timon,"Stay not; fly, whilst thou art blest and free:",2113
Act IV,Scene III,Timon,"Ne'er see thou man, and let me ne'er see thee.",2114
Act IV,Scene III,[stage direction],Exit FLAVIUS. TIMON retires to his cave,NA
Act V,Scene I,[stage direction],Enter Poet and Painter; TIMON watching them from his cave,NA
Act V,Scene I,Painter,"As I took note of the place, it cannot be far where",2115
Act V,Scene I,Painter,he abides.,2116
Act V,Scene I,Poet,What's to be thought of him? does the rumour hold,2117
Act V,Scene I,Poet,"for true, that he's so full of gold?",2118
Act V,Scene I,Painter,Certain: Alcibiades reports it; Phrynia and,2119
Act V,Scene I,Painter,Timandra had gold of him: he likewise enriched poor,2120
Act V,Scene I,Painter,straggling soldiers with great quantity: 'tis said,2121
Act V,Scene I,Painter,he gave unto his steward a mighty sum.,2122
Act V,Scene I,Poet,Then this breaking of his has been but a try for his friends.,2123
Act V,Scene I,Painter,Nothing else: you shall see him a palm in Athens,2124
Act V,Scene I,Painter,"again, and flourish with the highest. Therefore",2125
Act V,Scene I,Painter,"'tis not amiss we tender our loves to him, in this",2126
Act V,Scene I,Painter,supposed distress of his: it will show honestly in,2127
Act V,Scene I,Painter,us; and is very likely to load our purposes with,2128
Act V,Scene I,Painter,"what they travail for, if it be a just true report",2129
Act V,Scene I,Painter,that goes of his having.,2130
Act V,Scene I,Poet,What have you now to present unto him?,2131
Act V,Scene I,Painter,Nothing at this time but my visitation: only I will,2132
Act V,Scene I,Painter,promise him an excellent piece.,2133
Act V,Scene I,Poet,"I must serve him so too, tell him of an intent",2134
Act V,Scene I,Poet,that's coming toward him.,2135
Act V,Scene I,Painter,Good as the best. Promising is the very air o' the,2136
Act V,Scene I,Painter,time: it opens the eyes of expectation:,2137
Act V,Scene I,Painter,"performance is ever the duller for his act; and,",2138
Act V,Scene I,Painter,"but in the plainer and simpler kind of people, the",2139
Act V,Scene I,Painter,deed of saying is quite out of use. To promise is,2140
Act V,Scene I,Painter,most courtly and fashionable: performance is a kind,2141
Act V,Scene I,Painter,of will or testament which argues a great sickness,2142
Act V,Scene I,Painter,in his judgment that makes it.,2143
Act V,Scene I,[stage direction],"TIMON comes from his cave, behind",NA
Act V,Scene I,Timon,[Aside]  Excellent workman! thou canst not paint a,2144
Act V,Scene I,Timon,man so bad as is thyself.,2145
Act V,Scene I,Poet,I am thinking what I shall say I have provided for,2146
Act V,Scene I,Poet,him: it must be a personating of himself; a satire,2147
Act V,Scene I,Poet,"against the softness of prosperity, with a discovery",2148
Act V,Scene I,Poet,of the infinite flatteries that follow youth and opulency.,2149
Act V,Scene I,Timon,[Aside]  Must thou needs stand for a villain in,2150
Act V,Scene I,Timon,thine own work? wilt thou whip thine own faults in,2151
Act V,Scene I,Timon,"other men? Do so, I have gold for thee.",2152
Act V,Scene I,Poet,"Nay, let's seek him:",2153
Act V,Scene I,Poet,"Then do we sin against our own estate,",2154
Act V,Scene I,Poet,"When we may profit meet, and come too late.",2155
Act V,Scene I,Painter,True;,2156
Act V,Scene I,Painter,"When the day serves, before black-corner'd night,",2157
Act V,Scene I,Painter,Find what thou want'st by free and offer'd light. Come.,2158
Act V,Scene I,Timon,[Aside]  I'll meet you at the turn. What a,2159
Act V,Scene I,Timon,"god's gold,",2160
Act V,Scene I,Timon,That he is worshipp'd in a baser temple,2161
Act V,Scene I,Timon,Than where swine feed!,2162
Act V,Scene I,Timon,"'Tis thou that rigg'st the bark and plough'st the foam,",2163
Act V,Scene I,Timon,Settlest admired reverence in a slave:,2164
Act V,Scene I,Timon,To thee be worship! and thy saints for aye,2165
Act V,Scene I,Timon,Be crown'd with plagues that thee alone obey!,2166
Act V,Scene I,Timon,Fit I meet them.,2167
Act V,Scene I,[stage direction],Coming forward,NA
Act V,Scene I,Poet,"Hail, worthy Timon!",2168
Act V,Scene I,Painter,Our late noble master!,2169
Act V,Scene I,Timon,Have I once lived to see two honest men?,2170
Act V,Scene I,Poet,"Sir,",2171
Act V,Scene I,Poet,"Having often of your open bounty tasted,",2172
Act V,Scene I,Poet,"Hearing you were retired, your friends fall'n off,",2173
Act V,Scene I,Poet,Whose thankless natures--O abhorred spirits!--,2174
Act V,Scene I,Poet,Not all the whips of heaven are large enough:,2175
Act V,Scene I,Poet,"What! to you,",2176
Act V,Scene I,Poet,Whose star-like nobleness gave life and influence,2177
Act V,Scene I,Poet,To their whole being! I am rapt and cannot cover,2178
Act V,Scene I,Poet,The monstrous bulk of this ingratitude,2179
Act V,Scene I,Poet,With any size of words.,2180
Act V,Scene I,Timon,"Let it go naked, men may see't the better:",2181
Act V,Scene I,Timon,"You that are honest, by being what you are,",2182
Act V,Scene I,Timon,Make them best seen and known.,2183
Act V,Scene I,Painter,He and myself,2184
Act V,Scene I,Painter,"Have travail'd in the great shower of your gifts,",2185
Act V,Scene I,Painter,And sweetly felt it.,2186
Act V,Scene I,Timon,"Ay, you are honest men.",2187
Act V,Scene I,Painter,We are hither come to offer you our service.,2188
Act V,Scene I,Timon,"Most honest men! Why, how shall I requite you?",2189
Act V,Scene I,Timon,"Can you eat roots, and drink cold water? no.",2190
Act V,Scene I,Both,"What we can do, we'll do, to do you service.",2191
Act V,Scene I,Timon,Ye're honest men: ye've heard that I have gold;,2192
Act V,Scene I,Timon,I am sure you have: speak truth; ye're honest men.,2193
Act V,Scene I,Painter,"So it is said, my noble lord; but therefore",2194
Act V,Scene I,Painter,Came not my friend nor I.,2195
Act V,Scene I,Timon,Good honest men! Thou draw'st a counterfeit,2196
Act V,Scene I,Timon,"Best in all Athens: thou'rt, indeed, the best;",2197
Act V,Scene I,Timon,Thou counterfeit'st most lively.,2198
Act V,Scene I,Painter,"So, so, my lord.",2199
Act V,Scene I,Timon,"E'en so, sir, as I say. And, for thy fiction,",2200
Act V,Scene I,Timon,"Why, thy verse swells with stuff so fine and smooth",2201
Act V,Scene I,Timon,That thou art even natural in thine art.,2202
Act V,Scene I,Timon,"But, for all this, my honest-natured friends,",2203
Act V,Scene I,Timon,I must needs say you have a little fault:,2204
Act V,Scene I,Timon,"Marry, 'tis not monstrous in you, neither wish I",2205
Act V,Scene I,Timon,You take much pains to mend.,2206
Act V,Scene I,Both,Beseech your honour,2207
Act V,Scene I,Both,To make it known to us.,2208
Act V,Scene I,Timon,You'll take it ill.,2209
Act V,Scene I,Both,"Most thankfully, my lord.",2210
Act V,Scene I,Timon,"Will you, indeed?",2211
Act V,Scene I,Both,"Doubt it not, worthy lord.",2212
Act V,Scene I,Timon,"There's never a one of you but trusts a knave,",2213
Act V,Scene I,Timon,That mightily deceives you.,2214
Act V,Scene I,Both,"Do we, my lord?",2215
Act V,Scene I,Timon,"Ay, and you hear him cog, see him dissemble,",2216
Act V,Scene I,Timon,"Know his gross patchery, love him, feed him,",2217
Act V,Scene I,Timon,Keep in your bosom: yet remain assured,2218
Act V,Scene I,Timon,That he's a made-up villain.,2219
Act V,Scene I,Painter,"I know none such, my lord.",2220
Act V,Scene I,Poet,Nor I.,2221
Act V,Scene I,Timon,"Look you, I love you well; I'll give you gold,",2222
Act V,Scene I,Timon,Rid me these villains from your companies:,2223
Act V,Scene I,Timon,"Hang them or stab them, drown them in a draught,",2224
Act V,Scene I,Timon,"Confound them by some course, and come to me,",2225
Act V,Scene I,Timon,I'll give you gold enough.,2226
Act V,Scene I,Both,"Name them, my lord, let's know them.",2227
Act V,Scene I,Timon,"You that way and you this, but two in company;",2228
Act V,Scene I,Timon,"Each man apart, all single and alone,",2229
Act V,Scene I,Timon,Yet an arch-villain keeps him company.,2230
Act V,Scene I,Timon,"If where thou art two villains shall not be,",2231
Act V,Scene I,Timon,Come not near him. If thou wouldst not reside,2232
Act V,Scene I,Timon,"But where one villain is, then him abandon.",2233
Act V,Scene I,Timon,"Hence, pack! there's gold; you came for gold, ye slaves:",2234
Act V,Scene I,[stage direction],To Painter,NA
Act V,Scene I,Timon,You have work'd for me; there's payment for you: hence!,2235
Act V,Scene I,[stage direction],To Poet,NA
Act V,Scene I,Timon,You are an alchemist; make gold of that.,2236
Act V,Scene I,Timon,"Out, rascal dogs!",2237
Act V,Scene I,[stage direction],"Beats them out, and then retires to his cave",NA
Act V,Scene I,[stage direction],Enter FLAVIUS and two Senators,NA
Act V,Scene I,Flavius,It is in vain that you would speak with Timon;,2238
Act V,Scene I,Flavius,For he is set so only to himself,2239
Act V,Scene I,Flavius,That nothing but himself which looks like man,2240
Act V,Scene I,Flavius,Is friendly with him.,2241
Act V,Scene I,First Senator,Bring us to his cave:,2242
Act V,Scene I,First Senator,It is our part and promise to the Athenians,2243
Act V,Scene I,First Senator,To speak with Timon.,2244
Act V,Scene I,Second Senator,At all times alike,2245
Act V,Scene I,Second Senator,Men are not still the same: 'twas time and griefs,2246
Act V,Scene I,Second Senator,"That framed him thus: time, with his fairer hand,",2247
Act V,Scene I,Second Senator,"Offering the fortunes of his former days,",2248
Act V,Scene I,Second Senator,"The former man may make him. Bring us to him,",2249
Act V,Scene I,Second Senator,And chance it as it may.,2250
Act V,Scene I,Flavius,Here is his cave.,2251
Act V,Scene I,Flavius,Peace and content be here! Lord Timon! Timon!,2252
Act V,Scene I,Flavius,"Look out, and speak to friends: the Athenians,",2253
Act V,Scene I,Flavius,"By two of their most reverend senate, greet thee:",2254
Act V,Scene I,Flavius,"Speak to them, noble Timon.",2255
Act V,Scene I,[stage direction],TIMON comes from his cave,NA
Act V,Scene I,Timon,"Thou sun, that comfort'st, burn! Speak, and",2256
Act V,Scene I,Timon,be hang'd:,2257
Act V,Scene I,Timon,"For each true word, a blister! and each false",2258
Act V,Scene I,Timon,"Be as cauterizing to the root o' the tongue,",2259
Act V,Scene I,Timon,Consuming it with speaking!,2260
Act V,Scene I,First Senator,"Worthy Timon,--",2261
Act V,Scene I,Timon,"Of none but such as you, and you of Timon.",2262
Act V,Scene I,First Senator,"The senators of Athens greet thee, Timon.",2263
Act V,Scene I,Timon,"I thank them; and would send them back the plague,",2264
Act V,Scene I,Timon,Could I but catch it for them.,2265
Act V,Scene I,First Senator,"O, forget",2266
Act V,Scene I,First Senator,What we are sorry for ourselves in thee.,2267
Act V,Scene I,First Senator,The senators with one consent of love,2268
Act V,Scene I,First Senator,Entreat thee back to Athens; who have thought,2269
Act V,Scene I,First Senator,"On special dignities, which vacant lie",2270
Act V,Scene I,First Senator,For thy best use and wearing.,2271
Act V,Scene I,Second Senator,They confess,2272
Act V,Scene I,Second Senator,"Toward thee forgetfulness too general, gross:",2273
Act V,Scene I,Second Senator,"Which now the public body, which doth seldom",2274
Act V,Scene I,Second Senator,"Play the recanter, feeling in itself",2275
Act V,Scene I,Second Senator,"A lack of Timon's aid, hath sense withal",2276
Act V,Scene I,Second Senator,"Of its own fail, restraining aid to Timon;",2277
Act V,Scene I,Second Senator,"And send forth us, to make their sorrow'd render,",2278
Act V,Scene I,Second Senator,Together with a recompense more fruitful,2279
Act V,Scene I,Second Senator,Than their offence can weigh down by the dram;,2280
Act V,Scene I,Second Senator,"Ay, even such heaps and sums of love and wealth",2281
Act V,Scene I,Second Senator,As shall to thee blot out what wrongs were theirs,2282
Act V,Scene I,Second Senator,"And write in thee the figures of their love,",2283
Act V,Scene I,Second Senator,Ever to read them thine.,2284
Act V,Scene I,Timon,You witch me in it;,2285
Act V,Scene I,Timon,Surprise me to the very brink of tears:,2286
Act V,Scene I,Timon,"Lend me a fool's heart and a woman's eyes,",2287
Act V,Scene I,Timon,"And I'll beweep these comforts, worthy senators.",2288
Act V,Scene I,First Senator,"Therefore, so please thee to return with us",2289
Act V,Scene I,First Senator,"And of our Athens, thine and ours, to take",2290
Act V,Scene I,First Senator,"The captainship, thou shalt be met with thanks,",2291
Act V,Scene I,First Senator,Allow'd with absolute power and thy good name,2292
Act V,Scene I,First Senator,Live with authority: so soon we shall drive back,2293
Act V,Scene I,First Senator,"Of Alcibiades the approaches wild,",2294
Act V,Scene I,First Senator,"Who, like a boar too savage, doth root up",2295
Act V,Scene I,First Senator,His country's peace.,2296
Act V,Scene I,Second Senator,And shakes his threatening sword,2297
Act V,Scene I,Second Senator,Against the walls of Athens.,2298
Act V,Scene I,First Senator,"Therefore, Timon,--",2299
Act V,Scene I,Timon,"Well, sir, I will; therefore, I will, sir; thus:",2300
Act V,Scene I,Timon,"If Alcibiades kill my countrymen,",2301
Act V,Scene I,Timon,"Let Alcibiades know this of Timon,",2302
Act V,Scene I,Timon,"That Timon cares not. But if be sack fair Athens,",2303
Act V,Scene I,Timon,"And take our goodly aged men by the beards,",2304
Act V,Scene I,Timon,Giving our holy virgins to the stain,2305
Act V,Scene I,Timon,"Of contumelious, beastly, mad-brain'd war,",2306
Act V,Scene I,Timon,"Then let him know, and tell him Timon speaks it,",2307
Act V,Scene I,Timon,"In pity of our aged and our youth,",2308
Act V,Scene I,Timon,"I cannot choose but tell him, that I care not,",2309
Act V,Scene I,Timon,"And let him take't at worst; for their knives care not,",2310
Act V,Scene I,Timon,"While you have throats to answer: for myself,",2311
Act V,Scene I,Timon,There's not a whittle in the unruly camp,2312
Act V,Scene I,Timon,But I do prize it at my love before,2313
Act V,Scene I,Timon,The reverend'st throat in Athens. So I leave you,2314
Act V,Scene I,Timon,"To the protection of the prosperous gods,",2315
Act V,Scene I,Timon,As thieves to keepers.,2316
Act V,Scene I,Flavius,"Stay not, all's in vain.",2317
Act V,Scene I,Timon,"Why, I was writing of my epitaph;",2318
Act V,Scene I,Timon,it will be seen to-morrow: my long sickness,2319
Act V,Scene I,Timon,"Of health and living now begins to mend,",2320
Act V,Scene I,Timon,"And nothing brings me all things. Go, live still;",2321
Act V,Scene I,Timon,"Be Alcibiades your plague, you his,",2322
Act V,Scene I,Timon,And last so long enough!,2323
Act V,Scene I,First Senator,We speak in vain.,2324
Act V,Scene I,Timon,"But yet I love my country, and am not",2325
Act V,Scene I,Timon,"One that rejoices in the common wreck,",2326
Act V,Scene I,Timon,As common bruit doth put it.,2327
Act V,Scene I,First Senator,That's well spoke.,2328
Act V,Scene I,Timon,"Commend me to my loving countrymen,--",2329
Act V,Scene I,First Senator,These words become your lips as they pass,2330
Act V,Scene I,First Senator,thorough them.,2331
Act V,Scene I,Second Senator,And enter in our ears like great triumphers,2332
Act V,Scene I,Second Senator,In their applauding gates.,2333
Act V,Scene I,Timon,"Commend me to them,",2334
Act V,Scene I,Timon,"And tell them that, to ease them of their griefs,",2335
Act V,Scene I,Timon,"Their fears of hostile strokes, their aches, losses,",2336
Act V,Scene I,Timon,"Their pangs of love, with other incident throes",2337
Act V,Scene I,Timon,That nature's fragile vessel doth sustain,2338
Act V,Scene I,Timon,"In life's uncertain voyage, I will some kindness do them:",2339
Act V,Scene I,Timon,I'll teach them to prevent wild Alcibiades' wrath.,2340
Act V,Scene I,First Senator,I like this well; he will return again.,2341
Act V,Scene I,Timon,"I have a tree, which grows here in my close,",2342
Act V,Scene I,Timon,"That mine own use invites me to cut down,",2343
Act V,Scene I,Timon,"And shortly must I fell it: tell my friends,",2344
Act V,Scene I,Timon,"Tell Athens, in the sequence of degree",2345
Act V,Scene I,Timon,"From high to low throughout, that whoso please",2346
Act V,Scene I,Timon,"To stop affliction, let him take his haste,",2347
Act V,Scene I,Timon,"Come hither, ere my tree hath felt the axe,",2348
Act V,Scene I,Timon,"And hang himself. I pray you, do my greeting.",2349
Act V,Scene I,Flavius,Trouble him no further; thus you still shall find him.,2350
Act V,Scene I,Timon,"Come not to me again: but say to Athens,",2351
Act V,Scene I,Timon,Timon hath made his everlasting mansion,2352
Act V,Scene I,Timon,Upon the beached verge of the salt flood;,2353
Act V,Scene I,Timon,Who once a day with his embossed froth,2354
Act V,Scene I,Timon,"The turbulent surge shall cover: thither come,",2355
Act V,Scene I,Timon,And let my grave-stone be your oracle.,2356
Act V,Scene I,Timon,"Lips, let sour words go by and language end:",2357
Act V,Scene I,Timon,What is amiss plague and infection mend!,2358
Act V,Scene I,Timon,Graves only be men's works and death their gain!,2359
Act V,Scene I,Timon,"Sun, hide thy beams! Timon hath done his reign.",2360
Act V,Scene I,[stage direction],Retires to his cave,NA
Act V,Scene I,First Senator,His discontents are unremoveably,2361
Act V,Scene I,First Senator,Coupled to nature.,2362
Act V,Scene I,Second Senator,"Our hope in him is dead: let us return,",2363
Act V,Scene I,Second Senator,And strain what other means is left unto us,2364
Act V,Scene I,Second Senator,In our dear peril.,2365
Act V,Scene I,First Senator,It requires swift foot.,2366
Act V,Scene I,[stage direction],Exeunt,NA
Act V,Scene II,[stage direction],Enter two Senators and a Messenger,NA
Act V,Scene II,First Senator,Thou hast painfully discover'd: are his files,2367
Act V,Scene II,First Senator,As full as thy report?,2368
Act V,Scene II,Messenger,have spoke the least:,2369
Act V,Scene II,Messenger,"Besides, his expedition promises",2370
Act V,Scene II,Messenger,Present approach.,2371
Act V,Scene II,Second Senator,"We stand much hazard, if they bring not Timon.",2372
Act V,Scene II,Messenger,"I met a courier, one mine ancient friend;",2373
Act V,Scene II,Messenger,"Whom, though in general part we were opposed,",2374
Act V,Scene II,Messenger,"Yet our old love made a particular force,",2375
Act V,Scene II,Messenger,And made us speak like friends: this man was riding,2376
Act V,Scene II,Messenger,"From Alcibiades to Timon's cave,",2377
Act V,Scene II,Messenger,"With letters of entreaty, which imported",2378
Act V,Scene II,Messenger,"His fellowship i' the cause against your city,",2379
Act V,Scene II,Messenger,In part for his sake moved.,2380
Act V,Scene II,First Senator,Here come our brothers.,2381
Act V,Scene II,[stage direction],Enter the Senators from TIMON,NA
Act V,Scene II,Third Senator,"No talk of Timon, nothing of him expect.",2382
Act V,Scene II,Third Senator,"The enemies' drum is heard, and fearful scouring",2383
Act V,Scene II,Third Senator,"Doth choke the air with dust: in, and prepare:",2384
Act V,Scene II,Third Senator,"Ours is the fall, I fear; our foes the snare.",2385
Act V,Scene II,[stage direction],Exeunt,NA
Act V,Scene III,[stage direction],"Enter a Soldier, seeking TIMON",NA
Act V,Scene III,Soldier,By all description this should be the place.,2386
Act V,Scene III,Soldier,"Who's here? speak, ho! No answer! What is this?",2387
Act V,Scene III,Soldier,"Timon is dead, who hath outstretch'd his span:",2388
Act V,Scene III,Soldier,Some beast rear'd this; there does not live a man.,2389
Act V,Scene III,Soldier,"Dead, sure; and this his grave. What's on this tomb",2390
Act V,Scene III,Soldier,I cannot read; the character I'll take with wax:,2391
Act V,Scene III,Soldier,"Our captain hath in every figure skill,",2392
Act V,Scene III,Soldier,"An aged interpreter, though young in days:",2393
Act V,Scene III,Soldier,"Before proud Athens he's set down by this,",2394
Act V,Scene III,Soldier,Whose fall the mark of his ambition is.,2395
Act V,Scene III,[stage direction],Exit,NA
Act V,Scene IV,[stage direction],Trumpets sound. Enter ALCIBIADES with his powers,NA
Act V,Scene IV,Alcibiades,Sound to this coward and lascivious town,2396
Act V,Scene IV,Alcibiades,Our terrible approach.,2397
Act V,Scene IV,[stage direction],A parley sounded,NA
Act V,Scene IV,[stage direction],Enter Senators on the walls,NA
Act V,Scene IV,Alcibiades,Till now you have gone on and fill'd the time,2398
Act V,Scene IV,Alcibiades,"With all licentious measure, making your wills",2399
Act V,Scene IV,Alcibiades,The scope of justice; till now myself and such,2400
Act V,Scene IV,Alcibiades,As slept within the shadow of your power,2401
Act V,Scene IV,Alcibiades,Hav e wander'd with our traversed arms and breathed,2402
Act V,Scene IV,Alcibiades,"Our sufferance vainly: now the time is flush,",2403
Act V,Scene IV,Alcibiades,When crouching marrow in the bearer strong,2404
Act V,Scene IV,Alcibiades,Cries of itself 'No more:' now breathless wrong,2405
Act V,Scene IV,Alcibiades,"Shall sit and pant in your great chairs of ease,",2406
Act V,Scene IV,Alcibiades,And pursy insolence shall break his wind,2407
Act V,Scene IV,Alcibiades,With fear and horrid flight.,2408
Act V,Scene IV,First Senator,"Noble and young,",2409
Act V,Scene IV,First Senator,"When thy first griefs were but a mere conceit,",2410
Act V,Scene IV,First Senator,"Ere thou hadst power or we had cause of fear,",2411
Act V,Scene IV,First Senator,"We sent to thee, to give thy rages balm,",2412
Act V,Scene IV,First Senator,To wipe out our ingratitude with loves,2413
Act V,Scene IV,First Senator,Above their quantity.,2414
Act V,Scene IV,Second Senator,So did we woo,2415
Act V,Scene IV,Second Senator,Transformed Timon to our city's love,2416
Act V,Scene IV,Second Senator,By humble message and by promised means:,2417
Act V,Scene IV,Second Senator,"We were not all unkind, nor all deserve",2418
Act V,Scene IV,Second Senator,The common stroke of war.,2419
Act V,Scene IV,First Senator,These walls of ours,2420
Act V,Scene IV,First Senator,Were not erected by their hands from whom,2421
Act V,Scene IV,First Senator,You have received your griefs; nor are they such,2422
Act V,Scene IV,First Senator,"That these great towers, trophies and schools",2423
Act V,Scene IV,First Senator,should fall,2424
Act V,Scene IV,First Senator,For private faults in them.,2425
Act V,Scene IV,Second Senator,Nor are they living,2426
Act V,Scene IV,Second Senator,Who were the motives that you first went out;,2427
Act V,Scene IV,Second Senator,"Shame that they wanted cunning, in excess",2428
Act V,Scene IV,Second Senator,"Hath broke their hearts. March, noble lord,",2429
Act V,Scene IV,Second Senator,Into our city with thy banners spread:,2430
Act V,Scene IV,Second Senator,"By decimation, and a tithed death--",2431
Act V,Scene IV,Second Senator,If thy revenges hunger for that food,2432
Act V,Scene IV,Second Senator,"Which nature loathes--take thou the destined tenth,",2433
Act V,Scene IV,Second Senator,And by the hazard of the spotted die,2434
Act V,Scene IV,Second Senator,Let die the spotted.,2435
Act V,Scene IV,First Senator,All have not offended;,2436
Act V,Scene IV,First Senator,"For those that were, it is not square to take",2437
Act V,Scene IV,First Senator,"On those that are, revenges: crimes, like lands,",2438
Act V,Scene IV,First Senator,"Are not inherited. Then, dear countryman,",2439
Act V,Scene IV,First Senator,"Bring in thy ranks, but leave without thy rage:",2440
Act V,Scene IV,First Senator,Spare thy Athenian cradle and those kin,2441
Act V,Scene IV,First Senator,Which in the bluster of thy wrath must fall,2442
Act V,Scene IV,First Senator,"With those that have offended: like a shepherd,",2443
Act V,Scene IV,First Senator,"Approach the fold and cull the infected forth,",2444
Act V,Scene IV,First Senator,But kill not all together.,2445
Act V,Scene IV,Second Senator,"What thou wilt,",2446
Act V,Scene IV,Second Senator,Thou rather shalt enforce it with thy smile,2447
Act V,Scene IV,Second Senator,Than hew to't with thy sword.,2448
Act V,Scene IV,First Senator ,Set but thy foot,2449
Act V,Scene IV,First Senator ,"Against our rampired gates, and they shall ope;",2450
Act V,Scene IV,First Senator ,"So thou wilt send thy gentle heart before,",2451
Act V,Scene IV,First Senator ,To say thou'lt enter friendly.,2452
Act V,Scene IV,Second Senator,"Throw thy glove,",2453
Act V,Scene IV,Second Senator,"Or any token of thine honour else,",2454
Act V,Scene IV,Second Senator,That thou wilt use the wars as thy redress,2455
Act V,Scene IV,Second Senator,"And not as our confusion, all thy powers",2456
Act V,Scene IV,Second Senator,"Shall make their harbour in our town, till we",2457
Act V,Scene IV,Second Senator,Have seal'd thy full desire.,2458
Act V,Scene IV,Alcibiades,Then there's my glove;,2459
Act V,Scene IV,Alcibiades,"Descend, and open your uncharged ports:",2460
Act V,Scene IV,Alcibiades,Those enemies of Timon's and mine own,2461
Act V,Scene IV,Alcibiades,Whom you yourselves shall set out for reproof,2462
Act V,Scene IV,Alcibiades,"Fall and no more: and, to atone your fears",2463
Act V,Scene IV,Alcibiades,"With my more noble meaning, not a man",2464
Act V,Scene IV,Alcibiades,"Shall pass his quarter, or offend the stream",2465
Act V,Scene IV,Alcibiades,"Of regular justice in your city's bounds,",2466
Act V,Scene IV,Alcibiades,But shall be render'd to your public laws,2467
Act V,Scene IV,Alcibiades,At heaviest answer.,2468
Act V,Scene IV,Both,'Tis most nobly spoken.,2469
Act V,Scene IV,Alcibiades,"Descend, and keep your words.",2470
Act V,Scene IV,[stage direction],"The Senators descend, and open the gates",NA
Act V,Scene IV,[stage direction],Enter Soldier,NA
Act V,Scene IV,Soldier,"My noble general, Timon is dead;",2471
Act V,Scene IV,Soldier,Entomb'd upon the very hem o' the sea;,2472
Act V,Scene IV,Soldier,"And on his grave-stone this insculpture, which",2473
Act V,Scene IV,Soldier,"With wax I brought away, whose soft impression",2474
Act V,Scene IV,Soldier,Interprets for my poor ignorance.,2475
Act V,Scene IV,Alcibiades,[Reads the epitaph]  'Here lies a,2476
Act V,Scene IV,Alcibiades,"wretched corse, of wretched soul bereft:",2477
Act V,Scene IV,Alcibiades,Seek not my name: a plague consume you wicked,2478
Act V,Scene IV,Alcibiades,caitiffs left!,2479
Act V,Scene IV,Alcibiades,"Here lie I, Timon; who, alive, all living men did hate:",2480
Act V,Scene IV,Alcibiades,"Pass by and curse thy fill, but pass and stay",2481
Act V,Scene IV,Alcibiades,not here thy gait.',2482
Act V,Scene IV,Alcibiades,These well express in thee thy latter spirits:,2483
Act V,Scene IV,Alcibiades,"Though thou abhorr'dst in us our human griefs,",2484
Act V,Scene IV,Alcibiades,Scorn'dst our brain's flow and those our,2485
Act V,Scene IV,Alcibiades,droplets which,2486
Act V,Scene IV,Alcibiades,"From niggard nature fall, yet rich conceit",2487
Act V,Scene IV,Alcibiades,Taught thee to make vast Neptune weep for aye,2488
Act V,Scene IV,Alcibiades,"On thy low grave, on faults forgiven. Dead",2489
Act V,Scene IV,Alcibiades,Is noble Timon: of whose memory,2490
Act V,Scene IV,Alcibiades,"Hereafter more. Bring me into your city,",2491
Act V,Scene IV,Alcibiades,"And I will use the olive with my sword,",2492
Act V,Scene IV,Alcibiades,"Make war breed peace, make peace stint war, make each",2493
Act V,Scene IV,Alcibiades,Prescribe to other as each other's leech.,2494
Act V,Scene IV,Alcibiades,Let our drums strike.,2495
Act V,Scene IV,[stage direction],Exeunt,NA
