act,scene,character,dialogue,line_number
Act I,Scene I,[stage direction],"Enter DUKE ORSINO, CURIO, and other Lords; Musicians attending",NA
Act I,Scene I,Duke Orsino,"If music be the food of love, play on;",1
Act I,Scene I,Duke Orsino,"Give me excess of it, that, surfeiting,",2
Act I,Scene I,Duke Orsino,"The appetite may sicken, and so die.",3
Act I,Scene I,Duke Orsino,That strain again! it had a dying fall:,4
Act I,Scene I,Duke Orsino,"O, it came o'er my ear like the sweet sound,",5
Act I,Scene I,Duke Orsino,"That breathes upon a bank of violets,",6
Act I,Scene I,Duke Orsino,Stealing and giving odour! Enough; no more:,7
Act I,Scene I,Duke Orsino,'Tis not so sweet now as it was before.,8
Act I,Scene I,Duke Orsino,"O spirit of love! how quick and fresh art thou,",9
Act I,Scene I,Duke Orsino,"That, notwithstanding thy capacity",10
Act I,Scene I,Duke Orsino,"Receiveth as the sea, nought enters there,",11
Act I,Scene I,Duke Orsino,"Of what validity and pitch soe'er,",12
Act I,Scene I,Duke Orsino,"But falls into abatement and low price,",13
Act I,Scene I,Duke Orsino,Even in a minute: so full of shapes is fancy,14
Act I,Scene I,Duke Orsino,That it alone is high fantastical.,15
Act I,Scene I,Curio,"Will you go hunt, my lord?",16
Act I,Scene I,Duke Orsino,"What, Curio?",17
Act I,Scene I,Curio,The hart.,18
Act I,Scene I,Duke Orsino,"Why, so I do, the noblest that I have:",19
Act I,Scene I,Duke Orsino,"O, when mine eyes did see Olivia first,",20
Act I,Scene I,Duke Orsino,Methought she purged the air of pestilence!,21
Act I,Scene I,Duke Orsino,That instant was I turn'd into a hart;,22
Act I,Scene I,Duke Orsino,"And my desires, like fell and cruel hounds,",23
Act I,Scene I,Duke Orsino,E'er since pursue me.,24
Act I,Scene I,[stage direction],Enter VALENTINE,NA
Act I,Scene I,Duke Orsino,How now! what news from her?,25
Act I,Scene I,Valentine,"So please my lord, I might not be admitted;",26
Act I,Scene I,Valentine,But from her handmaid do return this answer:,27
Act I,Scene I,Valentine,"The element itself, till seven years' heat,",28
Act I,Scene I,Valentine,Shall not behold her face at ample view;,29
Act I,Scene I,Valentine,"But, like a cloistress, she will veiled walk",30
Act I,Scene I,Valentine,And water once a day her chamber round,31
Act I,Scene I,Valentine,With eye-offending brine: all this to season,32
Act I,Scene I,Valentine,"A brother's dead love, which she would keep fresh",33
Act I,Scene I,Valentine,And lasting in her sad remembrance.,34
Act I,Scene I,Duke Orsino,"O, she that hath a heart of that fine frame",35
Act I,Scene I,Duke Orsino,"To pay this debt of love but to a brother,",36
Act I,Scene I,Duke Orsino,"How will she love, when the rich golden shaft",37
Act I,Scene I,Duke Orsino,Hath kill'd the flock of all affections else,38
Act I,Scene I,Duke Orsino,"That live in her; when liver, brain and heart,",39
Act I,Scene I,Duke Orsino,"These sovereign thrones, are all supplied, and fill'd",40
Act I,Scene I,Duke Orsino,Her sweet perfections with one self king!,41
Act I,Scene I,Duke Orsino,Away before me to sweet beds of flowers:,42
Act I,Scene I,Duke Orsino,Love-thoughts lie rich when canopied with bowers.,43
Act I,Scene I,[stage direction],Exeunt,NA
Act I,Scene II,[stage direction],"Enter VIOLA, a Captain, and Sailors",NA
Act I,Scene II,Viola,"What country, friends, is this?",44
Act I,Scene II,Captain,"This is Illyria, lady.",45
Act I,Scene II,Viola,And what should I do in Illyria?,46
Act I,Scene II,Viola,My brother he is in Elysium.,47
Act I,Scene II,Viola,"Perchance he is not drown'd: what think you, sailors?",48
Act I,Scene II,Captain,It is perchance that you yourself were saved.,49
Act I,Scene II,Viola,O my poor brother! and so perchance may he be.,50
Act I,Scene II,Captain,"True, madam: and, to comfort you with chance,",51
Act I,Scene II,Captain,"Assure yourself, after our ship did split,",52
Act I,Scene II,Captain,When you and those poor number saved with you,53
Act I,Scene II,Captain,"Hung on our driving boat, I saw your brother,",54
Act I,Scene II,Captain,"Most provident in peril, bind himself,",55
Act I,Scene II,Captain,"Courage and hope both teaching him the practise,",56
Act I,Scene II,Captain,To a strong mast that lived upon the sea;,57
Act I,Scene II,Captain,"Where, like Arion on the dolphin's back,",58
Act I,Scene II,Captain,I saw him hold acquaintance with the waves,59
Act I,Scene II,Captain,So long as I could see.,60
Act I,Scene II,Viola,"For saying so, there's gold:",61
Act I,Scene II,Viola,"Mine own escape unfoldeth to my hope,",62
Act I,Scene II,Viola,"Whereto thy speech serves for authority,",63
Act I,Scene II,Viola,The like of him. Know'st thou this country?,64
Act I,Scene II,Captain,"Ay, madam, well; for I was bred and born",65
Act I,Scene II,Captain,Not three hours' travel from this very place.,66
Act I,Scene II,Viola,Who governs here?,67
Act I,Scene II,Captain,"A noble duke, in nature as in name.",68
Act I,Scene II,Viola,What is the name?,69
Act I,Scene II,Captain,Orsino.,70
Act I,Scene II,Viola,Orsino! I have heard my father name him:,71
Act I,Scene II,Viola,He was a bachelor then.,72
Act I,Scene II,Captain,"And so is now, or was so very late;",73
Act I,Scene II,Captain,"For but a month ago I went from hence,",74
Act I,Scene II,Captain,"And then 'twas fresh in murmur,--as, you know,",75
Act I,Scene II,Captain,"What great ones do the less will prattle of,--",76
Act I,Scene II,Captain,That he did seek the love of fair Olivia.,77
Act I,Scene II,Viola,What's she?,78
Act I,Scene II,Captain,"A virtuous maid, the daughter of a count",79
Act I,Scene II,Captain,"That died some twelvemonth since, then leaving her",80
Act I,Scene II,Captain,"In the protection of his son, her brother,",81
Act I,Scene II,Captain,"Who shortly also died: for whose dear love,",82
Act I,Scene II,Captain,"They say, she hath abjured the company",83
Act I,Scene II,Captain,And sight of men.,84
Act I,Scene II,Viola,O that I served that lady,85
Act I,Scene II,Viola,"And might not be delivered to the world,",86
Act I,Scene II,Viola,"Till I had made mine own occasion mellow,",87
Act I,Scene II,Viola,What my estate is!,88
Act I,Scene II,Captain,That were hard to compass;,89
Act I,Scene II,Captain,"Because she will admit no kind of suit,",90
Act I,Scene II,Captain,"No, not the duke's.",91
Act I,Scene II,Viola,"There is a fair behavior in thee, captain;",92
Act I,Scene II,Viola,And though that nature with a beauteous wall,93
Act I,Scene II,Viola,"Doth oft close in pollution, yet of thee",94
Act I,Scene II,Viola,I will believe thou hast a mind that suits,95
Act I,Scene II,Viola,With this thy fair and outward character.,96
Act I,Scene II,Viola,"I prithee, and I'll pay thee bounteously,",97
Act I,Scene II,Viola,"Conceal me what I am, and be my aid",98
Act I,Scene II,Viola,For such disguise as haply shall become,99
Act I,Scene II,Viola,The form of my intent. I'll serve this duke:,100
Act I,Scene II,Viola,Thou shall present me as an eunuch to him:,101
Act I,Scene II,Viola,It may be worth thy pains; for I can sing,102
Act I,Scene II,Viola,And speak to him in many sorts of music,103
Act I,Scene II,Viola,That will allow me very worth his service.,104
Act I,Scene II,Viola,What else may hap to time I will commit;,105
Act I,Scene II,Viola,Only shape thou thy silence to my wit.,106
Act I,Scene II,Captain,"Be you his eunuch, and your mute I'll be:",107
Act I,Scene II,Captain,"When my tongue blabs, then let mine eyes not see.",108
Act I,Scene II,Viola,I thank thee: lead me on.,109
Act I,Scene II,[stage direction],Exeunt,NA
Act I,Scene III,[stage direction],Enter SIR TOBY BELCH and MARIA,NA
Act I,Scene III,Sir Toby Belch,"What a plague means my niece, to take the death of",110
Act I,Scene III,Sir Toby Belch,her brother thus? I am sure care's an enemy to life.,111
Act I,Scene III,Maria,"By my troth, Sir Toby, you must come in earlier o'",112
Act I,Scene III,Maria,"nights: your cousin, my lady, takes great",113
Act I,Scene III,Maria,exceptions to your ill hours.,114
Act I,Scene III,Sir Toby Belch,"Why, let her except, before excepted.",115
Act I,Scene III,Maria,"Ay, but you must confine yourself within the modest",116
Act I,Scene III,Maria,limits of order.,117
Act I,Scene III,Sir Toby Belch,Confine! I'll confine myself no finer than I am:,118
Act I,Scene III,Sir Toby Belch,these clothes are good enough to drink in; and so be,119
Act I,Scene III,Sir Toby Belch,"these boots too: an they be not, let them hang",120
Act I,Scene III,Sir Toby Belch,themselves in their own straps.,121
Act I,Scene III,Maria,That quaffing and drinking will undo you: I heard,122
Act I,Scene III,Maria,my lady talk of it yesterday; and of a foolish,123
Act I,Scene III,Maria,knight that you brought in one night here to be her wooer.,124
Act I,Scene III,Sir Toby Belch,"Who, Sir Andrew Aguecheek?",125
Act I,Scene III,Maria,"Ay, he.",126
Act I,Scene III,Sir Toby Belch,He's as tall a man as any's in Illyria.,127
Act I,Scene III,Maria,What's that to the purpose?,128
Act I,Scene III,Sir Toby Belch,"Why, he has three thousand ducats a year.",129
Act I,Scene III,Maria,"Ay, but he'll have but a year in all these ducats:",130
Act I,Scene III,Maria,he's a very fool and a prodigal.,131
Act I,Scene III,Sir Toby Belch,"Fie, that you'll say so! he plays o' the",132
Act I,Scene III,Sir Toby Belch,"viol-de-gamboys, and speaks three or four languages",133
Act I,Scene III,Sir Toby Belch,"word for word without book, and hath all the good",134
Act I,Scene III,Sir Toby Belch,gifts of nature.,135
Act I,Scene III,Maria,"He hath indeed, almost natural: for besides that",136
Act I,Scene III,Maria,"he's a fool, he's a great quarreller: and but that",137
Act I,Scene III,Maria,he hath the gift of a coward to allay the gust he,138
Act I,Scene III,Maria,"hath in quarrelling, 'tis thought among the prudent",139
Act I,Scene III,Maria,he would quickly have the gift of a grave.,140
Act I,Scene III,Sir Toby Belch,"By this hand, they are scoundrels and subtractors",141
Act I,Scene III,Sir Toby Belch,that say so of him. Who are they?,142
Act I,Scene III,Maria,"They that add, moreover, he's drunk nightly in your company.",143
Act I,Scene III,Sir Toby Belch,With drinking healths to my niece: I'll drink to,144
Act I,Scene III,Sir Toby Belch,her as long as there is a passage in my throat and,145
Act I,Scene III,Sir Toby Belch,drink in Illyria: he's a coward and a coystrill,146
Act I,Scene III,Sir Toby Belch,that will not drink to my niece till his brains turn,147
Act I,Scene III,Sir Toby Belch,"o' the toe like a parish-top. What, wench!",148
Act I,Scene III,Sir Toby Belch,Castiliano vulgo! for here comes Sir Andrew Agueface.,149
Act I,Scene III,[stage direction],Enter SIR ANDREW,NA
Act I,Scene III,Sir Andrew,"Sir Toby Belch! how now, Sir Toby Belch!",150
Act I,Scene III,Sir Toby Belch,Sweet Sir Andrew!,151
Act I,Scene III,Sir Andrew,"Bless you, fair shrew.",152
Act I,Scene III,Maria,"And you too, sir.",153
Act I,Scene III,Sir Toby Belch,"Accost, Sir Andrew, accost.",154
Act I,Scene III,Sir Andrew,What's that?,155
Act I,Scene III,Sir Toby Belch,My niece's chambermaid.,156
Act I,Scene III,Sir Andrew,"Good Mistress Accost, I desire better acquaintance.",157
Act I,Scene III,Maria,"My name is Mary, sir.",158
Act I,Scene III,Sir Andrew,"Good Mistress Mary Accost,--",159
Act I,Scene III,Sir Toby Belch,"You mistake, knight; 'accost' is front her, board",160
Act I,Scene III,Sir Toby Belch,"her, woo her, assail her.",161
Act I,Scene III,Sir Andrew,"By my troth, I would not undertake her in this",162
Act I,Scene III,Sir Andrew,company. Is that the meaning of 'accost'?,163
Act I,Scene III,Maria,"Fare you well, gentlemen.",164
Act I,Scene III,Sir Toby Belch,"An thou let part so, Sir Andrew, would thou mightst",165
Act I,Scene III,Sir Toby Belch,never draw sword again.,166
Act I,Scene III,Sir Andrew,"An you part so, mistress, I would I might never",167
Act I,Scene III,Sir Andrew,"draw sword again. Fair lady, do you think you have",168
Act I,Scene III,Sir Andrew,fools in hand?,169
Act I,Scene III,Maria,"Sir, I have not you by the hand.",170
Act I,Scene III,Sir Andrew,"Marry, but you shall have; and here's my hand.",171
Act I,Scene III,Maria,"Now, sir, 'thought is free:' I pray you, bring",172
Act I,Scene III,Maria,your hand to the buttery-bar and let it drink.,173
Act I,Scene III,Sir Andrew,"Wherefore, sweet-heart? what's your metaphor?",174
Act I,Scene III,Maria,"It's dry, sir.",175
Act I,Scene III,Sir Andrew,"Why, I think so: I am not such an ass but I can",176
Act I,Scene III,Sir Andrew,keep my hand dry. But what's your jest?,177
Act I,Scene III,Maria,"A dry jest, sir.",178
Act I,Scene III,Sir Andrew,Are you full of them?,179
Act I,Scene III,Maria,"Ay, sir, I have them at my fingers' ends: marry,",180
Act I,Scene III,Maria,"now I let go your hand, I am barren.",181
Act I,Scene III,[stage direction],Exit,NA
Act I,Scene III,Sir Toby Belch,O knight thou lackest a cup of canary: when did I,182
Act I,Scene III,Sir Toby Belch,see thee so put down?,183
Act I,Scene III,Sir Andrew,"Never in your life, I think; unless you see canary",184
Act I,Scene III,Sir Andrew,put me down. Methinks sometimes I have no more wit,185
Act I,Scene III,Sir Andrew,than a Christian or an ordinary man has: but I am a,186
Act I,Scene III,Sir Andrew,great eater of beef and I believe that does harm to my wit.,187
Act I,Scene III,Sir Toby Belch,No question.,188
Act I,Scene III,Sir Andrew,"An I thought that, I'ld forswear it. I'll ride home",189
Act I,Scene III,Sir Andrew,"to-morrow, Sir Toby.",190
Act I,Scene III,Sir Toby Belch,"Pourquoi, my dear knight?",191
Act I,Scene III,Sir Andrew,What is 'Pourquoi'? do or not do? I would I had,192
Act I,Scene III,Sir Andrew,bestowed that time in the tongues that I have in,193
Act I,Scene III,Sir Andrew,"fencing, dancing and bear-baiting: O, had I but",194
Act I,Scene III,Sir Andrew,followed the arts!,195
Act I,Scene III,Sir Toby Belch,Then hadst thou had an excellent head of hair.,196
Act I,Scene III,Sir Andrew,"Why, would that have mended my hair?",197
Act I,Scene III,Sir Toby Belch,Past question; for thou seest it will not curl by nature.,198
Act I,Scene III,Sir Andrew,"But it becomes me well enough, does't not?",199
Act I,Scene III,Sir Toby Belch,Excellent; it hangs like flax on a distaff; and I,200
Act I,Scene III,Sir Toby Belch,hope to see a housewife take thee between her legs,201
Act I,Scene III,Sir Toby Belch,and spin it off.,202
Act I,Scene III,Sir Andrew,"Faith, I'll home to-morrow, Sir Toby: your niece",203
Act I,Scene III,Sir Andrew,"will not be seen; or if she be, it's four to one",204
Act I,Scene III,Sir Andrew,she'll none of me: the count himself here hard by woos her.,205
Act I,Scene III,Sir Toby Belch,She'll none o' the count: she'll not match above,206
Act I,Scene III,Sir Toby Belch,"her degree, neither in estate, years, nor wit; I",207
Act I,Scene III,Sir Toby Belch,"have heard her swear't. Tut, there's life in't,",208
Act I,Scene III,Sir Toby Belch,man.,209
Act I,Scene III,Sir Andrew,I'll stay a month longer. I am a fellow o' the,210
Act I,Scene III,Sir Andrew,strangest mind i' the world; I delight in masques,211
Act I,Scene III,Sir Andrew,and revels sometimes altogether.,212
Act I,Scene III,Sir Toby Belch,"Art thou good at these kickshawses, knight?",213
Act I,Scene III,Sir Andrew,"As any man in Illyria, whatsoever he be, under the",214
Act I,Scene III,Sir Andrew,degree of my betters; and yet I will not compare,215
Act I,Scene III,Sir Andrew,with an old man.,216
Act I,Scene III,Sir Toby Belch,"What is thy excellence in a galliard, knight?",217
Act I,Scene III,Sir Andrew,"Faith, I can cut a caper.",218
Act I,Scene III,Sir Toby Belch,And I can cut the mutton to't.,219
Act I,Scene III,Sir Andrew,And I think I have the back-trick simply as strong,220
Act I,Scene III,Sir Andrew,as any man in Illyria.,221
Act I,Scene III,Sir Toby Belch,Wherefore are these things hid? wherefore have,222
Act I,Scene III,Sir Toby Belch,these gifts a curtain before 'em? are they like to,223
Act I,Scene III,Sir Toby Belch,"take dust, like Mistress Mall's picture? why dost",224
Act I,Scene III,Sir Toby Belch,thou not go to church in a galliard and come home in,225
Act I,Scene III,Sir Toby Belch,a coranto? My very walk should be a jig; I would not,226
Act I,Scene III,Sir Toby Belch,so much as make water but in a sink-a-pace. What,227
Act I,Scene III,Sir Toby Belch,dost thou mean? Is it a world to hide virtues in?,228
Act I,Scene III,Sir Toby Belch,"I did think, by the excellent constitution of thy",229
Act I,Scene III,Sir Toby Belch,"leg, it was formed under the star of a galliard.",230
Act I,Scene III,Sir Andrew,"Ay, 'tis strong, and it does indifferent well in a",231
Act I,Scene III,Sir Andrew,flame-coloured stock. Shall we set about some revels?,232
Act I,Scene III,Sir Toby Belch,What shall we do else? were we not born under Taurus?,233
Act I,Scene III,Sir Andrew,Taurus! That's sides and heart.,234
Act I,Scene III,Sir Toby Belch,"No, sir; it is legs and thighs. Let me see the",235
Act I,Scene III,Sir Toby Belch,"caper; ha! higher: ha, ha! excellent!",236
Act I,Scene III,[stage direction],Exeunt,NA
Act I,Scene IV,[stage direction],Enter VALENTINE and VIOLA in man's attire,NA
Act I,Scene IV,Valentine,"If the duke continue these favours towards you,",237
Act I,Scene IV,Valentine,"Cesario, you are like to be much advanced: he hath",238
Act I,Scene IV,Valentine,"known you but three days, and already you are no stranger.",239
Act I,Scene IV,Viola,"You either fear his humour or my negligence, that",240
Act I,Scene IV,Viola,you call in question the continuance of his love:,241
Act I,Scene IV,Viola,"is he inconstant, sir, in his favours?",242
Act I,Scene IV,Valentine,"No, believe me.",243
Act I,Scene IV,Viola,I thank you. Here comes the count.,244
Act I,Scene IV,[stage direction],"Enter DUKE ORSINO, CURIO, and Attendants",NA
Act I,Scene IV,Duke Orsino,"Who saw Cesario, ho?",245
Act I,Scene IV,Viola,"On your attendance, my lord; here.",246
Act I,Scene IV,Duke Orsino,"Stand you a while aloof, Cesario,",247
Act I,Scene IV,Duke Orsino,Thou know'st no less but all; I have unclasp'd,248
Act I,Scene IV,Duke Orsino,To thee the book even of my secret soul:,249
Act I,Scene IV,Duke Orsino,"Therefore, good youth, address thy gait unto her;",250
Act I,Scene IV,Duke Orsino,"Be not denied access, stand at her doors,",251
Act I,Scene IV,Duke Orsino,"And tell them, there thy fixed foot shall grow",252
Act I,Scene IV,Duke Orsino,Till thou have audience.,253
Act I,Scene IV,Viola,"Sure, my noble lord,",254
Act I,Scene IV,Viola,If she be so abandon'd to her sorrow,255
Act I,Scene IV,Viola,"As it is spoke, she never will admit me.",256
Act I,Scene IV,Duke Orsino,Be clamorous and leap all civil bounds,257
Act I,Scene IV,Duke Orsino,Rather than make unprofited return.,258
Act I,Scene IV,Viola,"Say I do speak with her, my lord, what then?",259
Act I,Scene IV,Duke Orsino,"O, then unfold the passion of my love,",260
Act I,Scene IV,Duke Orsino,Surprise her with discourse of my dear faith:,261
Act I,Scene IV,Duke Orsino,It shall become thee well to act my woes;,262
Act I,Scene IV,Duke Orsino,She will attend it better in thy youth,263
Act I,Scene IV,Duke Orsino,Than in a nuncio's of more grave aspect.,264
Act I,Scene IV,Viola,"I think not so, my lord.",265
Act I,Scene IV,Duke Orsino,"Dear lad, believe it;",266
Act I,Scene IV,Duke Orsino,"For they shall yet belie thy happy years,",267
Act I,Scene IV,Duke Orsino,That say thou art a man: Diana's lip,268
Act I,Scene IV,Duke Orsino,Is not more smooth and rubious; thy small pipe,269
Act I,Scene IV,Duke Orsino,"Is as the maiden's organ, shrill and sound,",270
Act I,Scene IV,Duke Orsino,And all is semblative a woman's part.,271
Act I,Scene IV,Duke Orsino,I know thy constellation is right apt,272
Act I,Scene IV,Duke Orsino,For this affair. Some four or five attend him;,273
Act I,Scene IV,Duke Orsino,"All, if you will; for I myself am best",274
Act I,Scene IV,Duke Orsino,"When least in company. Prosper well in this,",275
Act I,Scene IV,Duke Orsino,"And thou shalt live as freely as thy lord,",276
Act I,Scene IV,Duke Orsino,To call his fortunes thine.,277
Act I,Scene IV,Viola,I'll do my best,278
Act I,Scene IV,Viola,To woo your lady:,279
Act I,Scene IV,[stage direction],Aside,NA
Act I,Scene IV,Viola,"yet, a barful strife!",280
Act I,Scene IV,Viola,"Whoe'er I woo, myself would be his wife.",281
Act I,Scene IV,[stage direction],Exeunt,NA
Act I,Scene V,[stage direction],Enter MARIA and Clown,NA
Act I,Scene V,Maria,"Nay, either tell me where thou hast been, or I will",282
Act I,Scene V,Maria,not open my lips so wide as a bristle may enter in,283
Act I,Scene V,Maria,way of thy excuse: my lady will hang thee for thy absence.,284
Act I,Scene V,Clown,Let her hang me: he that is well hanged in this,285
Act I,Scene V,Clown,world needs to fear no colours.,286
Act I,Scene V,Maria,Make that good.,287
Act I,Scene V,Clown,He shall see none to fear.,288
Act I,Scene V,Maria,A good lenten answer: I can tell thee where that,289
Act I,Scene V,Maria,"saying was born, of 'I fear no colours.'",290
Act I,Scene V,Clown,"Where, good Mistress Mary?",291
Act I,Scene V,Maria,In the wars; and that may you be bold to say in your foolery.,292
Act I,Scene V,Clown,"Well, God give them wisdom that have it; and those",293
Act I,Scene V,Clown,"that are fools, let them use their talents.",294
Act I,Scene V,Maria,"Yet you will be hanged for being so long absent; or,",295
Act I,Scene V,Maria,"to be turned away, is not that as good as a hanging to you?",296
Act I,Scene V,Clown,"Many a good hanging prevents a bad marriage; and,",297
Act I,Scene V,Clown,"for turning away, let summer bear it out.",298
Act I,Scene V,Maria,"You are resolute, then?",299
Act I,Scene V,Clown,"Not so, neither; but I am resolved on two points.",300
Act I,Scene V,Maria,"That if one break, the other will hold; or, if both",301
Act I,Scene V,Maria,"break, your gaskins fall.",302
Act I,Scene V,Clown,"Apt, in good faith; very apt. Well, go thy way; if",303
Act I,Scene V,Clown,"Sir Toby would leave drinking, thou wert as witty a",304
Act I,Scene V,Clown,piece of Eve's flesh as any in Illyria.,305
Act I,Scene V,Maria,"Peace, you rogue, no more o' that. Here comes my",306
Act I,Scene V,Maria,"lady: make your excuse wisely, you were best.",307
Act I,Scene V,[stage direction],Exit,NA
Act I,Scene V,Clown,"Wit, an't be thy will, put me into good fooling!",308
Act I,Scene V,Clown,"Those wits, that think they have thee, do very oft",309
Act I,Scene V,Clown,"prove fools; and I, that am sure I lack thee, may",310
Act I,Scene V,Clown,pass for a wise man: for what says Quinapalus?,311
Act I,Scene V,Clown,"'Better a witty fool, than a foolish wit.'",312
Act I,Scene V,[stage direction],Enter OLIVIA with MALVOLIO,NA
Act I,Scene V,Clown,"God bless thee, lady!",313
Act I,Scene V,Olivia,Take the fool away.,314
Act I,Scene V,Clown,"Do you not hear, fellows? Take away the lady.",315
Act I,Scene V,Olivia,"Go to, you're a dry fool; I'll no more of you:",316
Act I,Scene V,Olivia,"besides, you grow dishonest.",317
Act I,Scene V,Clown,"Two faults, madonna, that drink and good counsel",318
Act I,Scene V,Clown,"will amend: for give the dry fool drink, then is",319
Act I,Scene V,Clown,the fool not dry: bid the dishonest man mend,320
Act I,Scene V,Clown,"himself; if he mend, he is no longer dishonest; if",321
Act I,Scene V,Clown,"he cannot, let the botcher mend him. Any thing",322
Act I,Scene V,Clown,that's mended is but patched: virtue that,323
Act I,Scene V,Clown,transgresses is but patched with sin; and sin that,324
Act I,Scene V,Clown,amends is but patched with virtue. If that this,325
Act I,Scene V,Clown,"simple syllogism will serve, so; if it will not,",326
Act I,Scene V,Clown,what remedy? As there is no true cuckold but,327
Act I,Scene V,Clown,"calamity, so beauty's a flower. The lady bade take",328
Act I,Scene V,Clown,"away the fool; therefore, I say again, take her away.",329
Act I,Scene V,Olivia,"Sir, I bade them take away you.",330
Act I,Scene V,Clown,"Misprision in the highest degree! Lady, cucullus non",331
Act I,Scene V,Clown,facit monachum; that's as much to say as I wear not,332
Act I,Scene V,Clown,"motley in my brain. Good madonna, give me leave to",333
Act I,Scene V,Clown,prove you a fool.,334
Act I,Scene V,Olivia,Can you do it?,335
Act I,Scene V,Clown,"Dexterously, good madonna.",336
Act I,Scene V,Olivia,Make your proof.,337
Act I,Scene V,Clown,"I must catechise you for it, madonna: good my mouse",338
Act I,Scene V,Clown,"of virtue, answer me.",339
Act I,Scene V,Olivia,"Well, sir, for want of other idleness, I'll bide your proof.",340
Act I,Scene V,Clown,"Good madonna, why mournest thou?",341
Act I,Scene V,Olivia,"Good fool, for my brother's death.",342
Act I,Scene V,Clown,"I think his soul is in hell, madonna.",343
Act I,Scene V,Olivia,"I know his soul is in heaven, fool.",344
Act I,Scene V,Clown,"The more fool, madonna, to mourn for your brother's",345
Act I,Scene V,Clown,"soul being in heaven. Take away the fool, gentlemen.",346
Act I,Scene V,Olivia,"What think you of this fool, Malvolio? doth he not mend?",347
Act I,Scene V,Malvolio,"Yes, and shall do till the pangs of death shake him:",348
Act I,Scene V,Malvolio,"infirmity, that decays the wise, doth ever make the",349
Act I,Scene V,Malvolio,better fool.,350
Act I,Scene V,Clown,"God send you, sir, a speedy infirmity, for the",351
Act I,Scene V,Clown,better increasing your folly! Sir Toby will be,352
Act I,Scene V,Clown,sworn that I am no fox; but he will not pass his,353
Act I,Scene V,Clown,word for two pence that you are no fool.,354
Act I,Scene V,Olivia,"How say you to that, Malvolio?",355
Act I,Scene V,Malvolio,I marvel your ladyship takes delight in such a,356
Act I,Scene V,Malvolio,barren rascal: I saw him put down the other day,357
Act I,Scene V,Malvolio,with an ordinary fool that has no more brain,358
Act I,Scene V,Malvolio,"than a stone. Look you now, he's out of his guard",359
Act I,Scene V,Malvolio,already; unless you laugh and minister occasion to,360
Act I,Scene V,Malvolio,"him, he is gagged. I protest, I take these wise men,",361
Act I,Scene V,Malvolio,"that crow so at these set kind of fools, no better",362
Act I,Scene V,Malvolio,than the fools' zanies.,363
Act I,Scene V,Olivia,"Oh, you are sick of self-love, Malvolio, and taste",364
Act I,Scene V,Olivia,"with a distempered appetite. To be generous,",365
Act I,Scene V,Olivia,"guiltless and of free disposition, is to take those",366
Act I,Scene V,Olivia,things for bird-bolts that you deem cannon-bullets:,367
Act I,Scene V,Olivia,"there is no slander in an allowed fool, though he do",368
Act I,Scene V,Olivia,nothing but rail; nor no railing in a known discreet,369
Act I,Scene V,Olivia,"man, though he do nothing but reprove.",370
Act I,Scene V,Clown,"Now Mercury endue thee with leasing, for thou",371
Act I,Scene V,Clown,speakest well of fools!,372
Act I,Scene V,[stage direction],Re-enter MARIA,NA
Act I,Scene V,Maria,"Madam, there is at the gate a young gentleman much",373
Act I,Scene V,Maria,desires to speak with you.,374
Act I,Scene V,Olivia,"From the Count Orsino, is it?",375
Act I,Scene V,Maria,"I know not, madam: 'tis a fair young man, and well attended.",376
Act I,Scene V,Olivia,Who of my people hold him in delay?,377
Act I,Scene V,Maria,"Sir Toby, madam, your kinsman.",378
Act I,Scene V,Olivia,"Fetch him off, I pray you; he speaks nothing but",379
Act I,Scene V,Olivia,madman: fie on him!,380
Act I,Scene V,[stage direction],Exit MARIA,NA
Act I,Scene V,Olivia,"Go you, Malvolio: if it be a suit from the count, I",381
Act I,Scene V,Olivia,"am sick, or not at home; what you will, to dismiss it.",382
Act I,Scene V,[stage direction],Exit MALVOLIO,NA
Act I,Scene V,Olivia,"Now you see, sir, how your fooling grows old, and",383
Act I,Scene V,Olivia,people dislike it.,384
Act I,Scene V,Clown,"Thou hast spoke for us, madonna, as if thy eldest",385
Act I,Scene V,Clown,son should be a fool; whose skull Jove cram with,386
Act I,Scene V,Clown,"brains! for,--here he comes,--one of thy kin has a",387
Act I,Scene V,Clown,most weak pia mater.,388
Act I,Scene V,[stage direction],Enter SIR TOBY BELCH,NA
Act I,Scene V,Olivia,"By mine honour, half drunk. What is he at the gate, cousin?",389
Act I,Scene V,Sir Toby Belch,A gentleman.,390
Act I,Scene V,Olivia,A gentleman! what gentleman?,391
Act I,Scene V,Sir Toby Belch,'Tis a gentle man here--a plague o' these,392
Act I,Scene V,Sir Toby Belch,"pickle-herring! How now, sot!",393
Act I,Scene V,Clown,Good Sir Toby!,394
Act I,Scene V,Olivia,"Cousin, cousin, how have you come so early by this lethargy?",395
Act I,Scene V,Sir Toby Belch,Lechery! I defy lechery. There's one at the gate.,396
Act I,Scene V,Olivia,"Ay, marry, what is he?",397
Act I,Scene V,Sir Toby Belch,"Let him be the devil, an he will, I care not: give",398
Act I,Scene V,Sir Toby Belch,"me faith, say I. Well, it's all one.",399
Act I,Scene V,[stage direction],Exit,NA
Act I,Scene V,Olivia,"What's a drunken man like, fool?",400
Act I,Scene V,Clown,"Like a drowned man, a fool and a mad man: one",401
Act I,Scene V,Clown,draught above heat makes him a fool; the second mads,402
Act I,Scene V,Clown,him; and a third drowns him.,403
Act I,Scene V,Olivia,"Go thou and seek the crowner, and let him sit o' my",404
Act I,Scene V,Olivia,"coz; for he's in the third degree of drink, he's",405
Act I,Scene V,Olivia,"drowned: go, look after him.",406
Act I,Scene V,Clown,"He is but mad yet, madonna; and the fool shall look",407
Act I,Scene V,Clown,to the madman.,408
Act I,Scene V,[stage direction],Exit,NA
Act I,Scene V,[stage direction],Re-enter MALVOLIO,NA
Act I,Scene V,Malvolio,"Madam, yond young fellow swears he will speak with",409
Act I,Scene V,Malvolio,you. I told him you were sick; he takes on him to,410
Act I,Scene V,Malvolio,"understand so much, and therefore comes to speak",411
Act I,Scene V,Malvolio,with you. I told him you were asleep; he seems to,412
Act I,Scene V,Malvolio,"have a foreknowledge of that too, and therefore",413
Act I,Scene V,Malvolio,"comes to speak with you. What is to be said to him,",414
Act I,Scene V,Malvolio,lady? he's fortified against any denial.,415
Act I,Scene V,Olivia,Tell him he shall not speak with me.,416
Act I,Scene V,Malvolio,"Has been told so; and he says, he'll stand at your",417
Act I,Scene V,Malvolio,"door like a sheriff's post, and be the supporter to",418
Act I,Scene V,Malvolio,"a bench, but he'll speak with you.",419
Act I,Scene V,Olivia,What kind o' man is he?,420
Act I,Scene V,Malvolio,"Why, of mankind.",421
Act I,Scene V,Olivia,What manner of man?,422
Act I,Scene V,Malvolio,"Of very ill manner; he'll speak with you, will you or no.",423
Act I,Scene V,Olivia,Of what personage and years is he?,424
Act I,Scene V,Malvolio,"Not yet old enough for a man, nor young enough for",425
Act I,Scene V,Malvolio,"a boy; as a squash is before 'tis a peascod, or a",426
Act I,Scene V,Malvolio,cooling when 'tis almost an apple: 'tis with him,427
Act I,Scene V,Malvolio,"in standing water, between boy and man. He is very",428
Act I,Scene V,Malvolio,well-favoured and he speaks very shrewishly; one,429
Act I,Scene V,Malvolio,would think his mother's milk were scarce out of him.,430
Act I,Scene V,Olivia,Let him approach: call in my gentlewoman.,431
Act I,Scene V,Malvolio,"Gentlewoman, my lady calls.",432
Act I,Scene V,[stage direction],Exit,NA
Act I,Scene V,[stage direction],Re-enter MARIA,NA
Act I,Scene V,Olivia,"Give me my veil: come, throw it o'er my face.",433
Act I,Scene V,Olivia,We'll once more hear Orsino's embassy.,434
Act I,Scene V,[stage direction],"Enter VIOLA, and Attendants",NA
Act I,Scene V,Viola,"The honourable lady of the house, which is she?",435
Act I,Scene V,Olivia,Speak to me; I shall answer for her.,436
Act I,Scene V,Olivia,Your will?,437
Act I,Scene V,Viola,"Most radiant, exquisite and unmatchable beauty,--I",438
Act I,Scene V,Viola,"pray you, tell me if this be the lady of the house,",439
Act I,Scene V,Viola,for I never saw her: I would be loath to cast away,440
Act I,Scene V,Viola,"my speech, for besides that it is excellently well",441
Act I,Scene V,Viola,"penned, I have taken great pains to con it. Good",442
Act I,Scene V,Viola,"beauties, let me sustain no scorn; I am very",443
Act I,Scene V,Viola,"comptible, even to the least sinister usage.",444
Act I,Scene V,Olivia,"Whence came you, sir?",445
Act I,Scene V,Viola,"I can say little more than I have studied, and that",446
Act I,Scene V,Viola,"question's out of my part. Good gentle one, give me",447
Act I,Scene V,Viola,"modest assurance if you be the lady of the house,",448
Act I,Scene V,Viola,that I may proceed in my speech.,449
Act I,Scene V,Olivia,Are you a comedian?,450
Act I,Scene V,Viola,"No, my profound heart: and yet, by the very fangs",451
Act I,Scene V,Viola,"of malice I swear, I am not that I play. Are you",452
Act I,Scene V,Viola,the lady of the house?,453
Act I,Scene V,Olivia,"If I do not usurp myself, I am.",454
Act I,Scene V,Viola,"Most certain, if you are she, you do usurp",455
Act I,Scene V,Viola,yourself; for what is yours to bestow is not yours,456
Act I,Scene V,Viola,to reserve. But this is from my commission: I will,457
Act I,Scene V,Viola,"on with my speech in your praise, and then show you",458
Act I,Scene V,Viola,the heart of my message.,459
Act I,Scene V,Olivia,Come to what is important in't: I forgive you the praise.,460
Act I,Scene V,Viola,"Alas, I took great pains to study it, and 'tis poetical.",461
Act I,Scene V,Olivia,"It is the more like to be feigned: I pray you,",462
Act I,Scene V,Olivia,"keep it in. I heard you were saucy at my gates,",463
Act I,Scene V,Olivia,and allowed your approach rather to wonder at you,464
Act I,Scene V,Olivia,"than to hear you. If you be not mad, be gone; if",465
Act I,Scene V,Olivia,"you have reason, be brief: 'tis not that time of",466
Act I,Scene V,Olivia,moon with me to make one in so skipping a dialogue.,467
Act I,Scene V,Maria,"Will you hoist sail, sir? here lies your way.",468
Act I,Scene V,Viola,"No, good swabber; I am to hull here a little",469
Act I,Scene V,Viola,"longer. Some mollification for your giant, sweet",470
Act I,Scene V,Viola,lady. Tell me your mind: I am a messenger.,471
Act I,Scene V,Olivia,"Sure, you have some hideous matter to deliver, when",472
Act I,Scene V,Olivia,the courtesy of it is so fearful. Speak your office.,473
Act I,Scene V,Viola,It alone concerns your ear. I bring no overture of,474
Act I,Scene V,Viola,"war, no taxation of homage: I hold the olive in my",475
Act I,Scene V,Viola,hand; my words are as fun of peace as matter.,476
Act I,Scene V,Olivia,Yet you began rudely. What are you? what would you?,477
Act I,Scene V,Viola,The rudeness that hath appeared in me have I,478
Act I,Scene V,Viola,"learned from my entertainment. What I am, and what I",479
Act I,Scene V,Viola,"would, are as secret as maidenhead; to your ears,",480
Act I,Scene V,Viola,"divinity, to any other's, profanation.",481
Act I,Scene V,Olivia,Give us the place alone: we will hear this divinity.,482
Act I,Scene V,[stage direction],Exeunt MARIA and Attendants,NA
Act I,Scene V,Olivia,"Now, sir, what is your text?",483
Act I,Scene V,Viola,"Most sweet lady,--",484
Act I,Scene V,Olivia,"A comfortable doctrine, and much may be said of it.",485
Act I,Scene V,Olivia,Where lies your text?,486
Act I,Scene V,Viola,In Orsino's bosom.,487
Act I,Scene V,Olivia,In his bosom! In what chapter of his bosom?,488
Act I,Scene V,Viola,"To answer by the method, in the first of his heart.",489
Act I,Scene V,Olivia,"O, I have read it: it is heresy. Have you no more to say?",490
Act I,Scene V,Viola,"Good madam, let me see your face.",491
Act I,Scene V,Olivia,Have you any commission from your lord to negotiate,492
Act I,Scene V,Olivia,with my face? You are now out of your text: but,493
Act I,Scene V,Olivia,we will draw the curtain and show you the picture.,494
Act I,Scene V,Olivia,"Look you, sir, such a one I was this present: is't",495
Act I,Scene V,Olivia,not well done?,496
Act I,Scene V,[stage direction],Unveiling,NA
Act I,Scene V,Viola,"Excellently done, if God did all.",497
Act I,Scene V,Olivia,"'Tis in grain, sir; 'twill endure wind and weather.",498
Act I,Scene V,Viola,"'Tis beauty truly blent, whose red and white",499
Act I,Scene V,Viola,Nature's own sweet and cunning hand laid on:,500
Act I,Scene V,Viola,"Lady, you are the cruell'st she alive,",501
Act I,Scene V,Viola,If you will lead these graces to the grave,502
Act I,Scene V,Viola,And leave the world no copy.,503
Act I,Scene V,Olivia,"O, sir, I will not be so hard-hearted; I will give",504
Act I,Scene V,Olivia,out divers schedules of my beauty: it shall be,505
Act I,Scene V,Olivia,"inventoried, and every particle and utensil",506
Act I,Scene V,Olivia,"labelled to my will: as, item, two lips,",507
Act I,Scene V,Olivia,"indifferent red; item, two grey eyes, with lids to",508
Act I,Scene V,Olivia,"them; item, one neck, one chin, and so forth. Were",509
Act I,Scene V,Olivia,you sent hither to praise me?,510
Act I,Scene V,Viola,"I see you what you are, you are too proud;",511
Act I,Scene V,Viola,"But, if you were the devil, you are fair.",512
Act I,Scene V,Viola,"My lord and master loves you: O, such love",513
Act I,Scene V,Viola,"Could be but recompensed, though you were crown'd",514
Act I,Scene V,Viola,The nonpareil of beauty!,515
Act I,Scene V,Olivia,How does he love me?,516
Act I,Scene V,Viola,"With adorations, fertile tears,",517
Act I,Scene V,Viola,"With groans that thunder love, with sighs of fire.",518
Act I,Scene V,Olivia,Your lord does know my mind; I cannot love him:,519
Act I,Scene V,Olivia,"Yet I suppose him virtuous, know him noble,",520
Act I,Scene V,Olivia,"Of great estate, of fresh and stainless youth;",521
Act I,Scene V,Olivia,"In voices well divulged, free, learn'd and valiant;",522
Act I,Scene V,Olivia,And in dimension and the shape of nature,523
Act I,Scene V,Olivia,A gracious person: but yet I cannot love him;,524
Act I,Scene V,Olivia,He might have took his answer long ago.,525
Act I,Scene V,Viola,"If I did love you in my master's flame,",526
Act I,Scene V,Viola,"With such a suffering, such a deadly life,",527
Act I,Scene V,Viola,In your denial I would find no sense;,528
Act I,Scene V,Viola,I would not understand it.,529
Act I,Scene V,Olivia,"Why, what would you?",530
Act I,Scene V,Viola,"Make me a willow cabin at your gate,",531
Act I,Scene V,Viola,And call upon my soul within the house;,532
Act I,Scene V,Viola,Write loyal cantons of contemned love,533
Act I,Scene V,Viola,And sing them loud even in the dead of night;,534
Act I,Scene V,Viola,Halloo your name to the reverberate hills,535
Act I,Scene V,Viola,And make the babbling gossip of the air,536
Act I,Scene V,Viola,"Cry out 'Olivia!' O, You should not rest",537
Act I,Scene V,Viola,"Between the elements of air and earth,",538
Act I,Scene V,Viola,But you should pity me!,539
Act I,Scene V,Olivia,You might do much.,540
Act I,Scene V,Olivia,What is your parentage?,541
Act I,Scene V,Viola,"Above my fortunes, yet my state is well:",542
Act I,Scene V,Viola,I am a gentleman.,543
Act I,Scene V,Olivia,Get you to your lord;,544
Act I,Scene V,Olivia,I cannot love him: let him send no more;,545
Act I,Scene V,Olivia,"Unless, perchance, you come to me again,",546
Act I,Scene V,Olivia,To tell me how he takes it. Fare you well:,547
Act I,Scene V,Olivia,I thank you for your pains: spend this for me.,548
Act I,Scene V,Viola,"I am no fee'd post, lady; keep your purse:",549
Act I,Scene V,Viola,"My master, not myself, lacks recompense.",550
Act I,Scene V,Viola,Love make his heart of flint that you shall love;,551
Act I,Scene V,Viola,"And let your fervor, like my master's, be",552
Act I,Scene V,Viola,"Placed in contempt! Farewell, fair cruelty.",553
Act I,Scene V,[stage direction],Exit,NA
Act I,Scene V,Olivia,'What is your parentage?',554
Act I,Scene V,Olivia,"'Above my fortunes, yet my state is well:",555
Act I,Scene V,Olivia,I am a gentleman.' I'll be sworn thou art;,556
Act I,Scene V,Olivia,"Thy tongue, thy face, thy limbs, actions and spirit,",557
Act I,Scene V,Olivia,Do give thee five-fold blazon: not too fast:,558
Act I,Scene V,Olivia,"soft, soft!",559
Act I,Scene V,Olivia,Unless the master were the man. How now!,560
Act I,Scene V,Olivia,Even so quickly may one catch the plague?,561
Act I,Scene V,Olivia,Methinks I feel this youth's perfections,562
Act I,Scene V,Olivia,With an invisible and subtle stealth,563
Act I,Scene V,Olivia,"To creep in at mine eyes. Well, let it be.",564
Act I,Scene V,Olivia,"What ho, Malvolio!",565
Act I,Scene V,[stage direction],Re-enter MALVOLIO,NA
Act I,Scene V,Malvolio,"Here, madam, at your service.",566
Act I,Scene V,Olivia,"Run after that same peevish messenger,",567
Act I,Scene V,Olivia,"The county's man: he left this ring behind him,",568
Act I,Scene V,Olivia,Would I or not: tell him I'll none of it.,569
Act I,Scene V,Olivia,"Desire him not to flatter with his lord,",570
Act I,Scene V,Olivia,Nor hold him up with hopes; I am not for him:,571
Act I,Scene V,Olivia,"If that the youth will come this way to-morrow,",572
Act I,Scene V,Olivia,"I'll give him reasons for't: hie thee, Malvolio.",573
Act I,Scene V,Malvolio,"Madam, I will.",574
Act I,Scene V,[stage direction],Exit,NA
Act I,Scene V,Olivia,"I do I know not what, and fear to find",575
Act I,Scene V,Olivia,Mine eye too great a flatterer for my mind.,576
Act I,Scene V,Olivia,"Fate, show thy force: ourselves we do not owe;",577
Act I,Scene V,Olivia,"What is decreed must be, and be this so.",578
Act I,Scene V,[stage direction],Exit,NA
Act II,Scene I,[stage direction],Enter ANTONIO and SEBASTIAN,NA
Act II,Scene I,Antonio,Will you stay no longer? nor will you not that I go with you?,579
Act II,Scene I,Sebastian,"By your patience, no. My stars shine darkly over",580
Act II,Scene I,Sebastian,me: the malignancy of my fate might perhaps,581
Act II,Scene I,Sebastian,distemper yours; therefore I shall crave of you your,582
Act II,Scene I,Sebastian,leave that I may bear my evils alone: it were a bad,583
Act II,Scene I,Sebastian,"recompense for your love, to lay any of them on you.",584
Act II,Scene I,Sebastian,ANTONIO: Let me yet know of you whither you are bound.,585
Act II,Scene I,Sebastian,"No, sooth, sir: my determinate voyage is mere",586
Act II,Scene I,Sebastian,extravagancy. But I perceive in you so excellent a,587
Act II,Scene I,Sebastian,"touch of modesty, that you will not extort from me",588
Act II,Scene I,Sebastian,what I am willing to keep in; therefore it charges,589
Act II,Scene I,Sebastian,me in manners the rather to express myself. You,590
Act II,Scene I,Sebastian,"must know of me then, Antonio, my name is Sebastian,",591
Act II,Scene I,Sebastian,which I called Roderigo. My father was that,592
Act II,Scene I,Sebastian,"Sebastian of Messaline, whom I know you have heard",593
Act II,Scene I,Sebastian,"of. He left behind him myself and a sister, both",594
Act II,Scene I,Sebastian,"born in an hour: if the heavens had been pleased,",595
Act II,Scene I,Sebastian,"would we had so ended! but you, sir, altered that;",596
Act II,Scene I,Sebastian,for some hour before you took me from the breach of,597
Act II,Scene I,Sebastian,the sea was my sister drowned.,598
Act II,Scene I,Antonio,Alas the day!,599
Act II,Scene I,Sebastian,"A lady, sir, though it was said she much resembled",600
Act II,Scene I,Sebastian,"me, was yet of many accounted beautiful: but,",601
Act II,Scene I,Sebastian,though I could not with such estimable wonder,602
Act II,Scene I,Sebastian,"overfar believe that, yet thus far I will boldly",603
Act II,Scene I,Sebastian,publish her; she bore a mind that envy could not but,604
Act II,Scene I,Sebastian,"call fair. She is drowned already, sir, with salt",605
Act II,Scene I,Sebastian,"water, though I seem to drown her remembrance again with more.",606
Act II,Scene I,Antonio,"Pardon me, sir, your bad entertainment.",607
Act II,Scene I,Sebastian,"O good Antonio, forgive me your trouble.",608
Act II,Scene I,Antonio,"If you will not murder me for my love, let me be",609
Act II,Scene I,Antonio,your servant.,610
Act II,Scene I,Sebastian,"If you will not undo what you have done, that is,",611
Act II,Scene I,Sebastian,"kill him whom you have recovered, desire it not.",612
Act II,Scene I,Sebastian,"Fare ye well at once: my bosom is full of kindness,",613
Act II,Scene I,Sebastian,"and I am yet so near the manners of my mother, that",614
Act II,Scene I,Sebastian,upon the least occasion more mine eyes will tell,615
Act II,Scene I,Sebastian,tales of me. I am bound to the Count Orsino's court: farewell.,616
Act II,Scene I,[stage direction],Exit,NA
Act II,Scene I,Antonio,The gentleness of all the gods go with thee!,617
Act II,Scene I,Antonio,"I have many enemies in Orsino's court,",618
Act II,Scene I,Antonio,Else would I very shortly see thee there.,619
Act II,Scene I,Antonio,"But, come what may, I do adore thee so,",620
Act II,Scene I,Antonio,"That danger shall seem sport, and I will go.",621
Act II,Scene I,[stage direction],Exit,NA
Act II,Scene II,[stage direction],"Enter VIOLA, MALVOLIO following",NA
Act II,Scene II,Malvolio,Were not you even now with the Countess Olivia?,622
Act II,Scene II,Viola,"Even now, sir; on a moderate pace I have since",623
Act II,Scene II,Viola,arrived but hither.,624
Act II,Scene II,Malvolio,"She returns this ring to you, sir: you might have",625
Act II,Scene II,Malvolio,"saved me my pains, to have taken it away yourself.",626
Act II,Scene II,Malvolio,"She adds, moreover, that you should put your lord",627
Act II,Scene II,Malvolio,into a desperate assurance she will none of him:,628
Act II,Scene II,Malvolio,"and one thing more, that you be never so hardy to",629
Act II,Scene II,Malvolio,"come again in his affairs, unless it be to report",630
Act II,Scene II,Malvolio,your lord's taking of this. Receive it so.,631
Act II,Scene II,Viola,She took the ring of me: I'll none of it.,632
Act II,Scene II,Malvolio,"Come, sir, you peevishly threw it to her; and her",633
Act II,Scene II,Malvolio,"will is, it should be so returned: if it be worth",634
Act II,Scene II,Malvolio,"stooping for, there it lies in your eye; if not, be",635
Act II,Scene II,Malvolio,it his that finds it.,636
Act II,Scene II,[stage direction],Exit,NA
Act II,Scene II,Viola,I left no ring with her: what means this lady?,637
Act II,Scene II,Viola,Fortune forbid my outside have not charm'd her!,638
Act II,Scene II,Viola,"She made good view of me; indeed, so much,",639
Act II,Scene II,Viola,"That sure methought her eyes had lost her tongue,",640
Act II,Scene II,Viola,For she did speak in starts distractedly.,641
Act II,Scene II,Viola,"She loves me, sure; the cunning of her passion",642
Act II,Scene II,Viola,Invites me in this churlish messenger.,643
Act II,Scene II,Viola,"None of my lord's ring! why, he sent her none.",644
Act II,Scene II,Viola,"I am the man: if it be so, as 'tis,",645
Act II,Scene II,Viola,"Poor lady, she were better love a dream.",646
Act II,Scene II,Viola,"Disguise, I see, thou art a wickedness,",647
Act II,Scene II,Viola,Wherein the pregnant enemy does much.,648
Act II,Scene II,Viola,How easy is it for the proper-false,649
Act II,Scene II,Viola,In women's waxen hearts to set their forms!,650
Act II,Scene II,Viola,"Alas, our frailty is the cause, not we!",651
Act II,Scene II,Viola,"For such as we are made of, such we be.",652
Act II,Scene II,Viola,How will this fadge? my master loves her dearly;,653
Act II,Scene II,Viola,"And I, poor monster, fond as much on him;",654
Act II,Scene II,Viola,"And she, mistaken, seems to dote on me.",655
Act II,Scene II,Viola,"What will become of this? As I am man,",656
Act II,Scene II,Viola,My state is desperate for my master's love;,657
Act II,Scene II,Viola,"As I am woman,--now alas the day!--",658
Act II,Scene II,Viola,What thriftless sighs shall poor Olivia breathe!,659
Act II,Scene II,Viola,"O time! thou must untangle this, not I;",660
Act II,Scene II,Viola,It is too hard a knot for me to untie!,661
Act II,Scene II,[stage direction],Exit,NA
Act II,Scene III,[stage direction],Enter SIR TOBY BELCH and SIR ANDREW,NA
Act II,Scene III,Sir Toby Belch,"Approach, Sir Andrew: not to be abed after",662
Act II,Scene III,Sir Toby Belch,midnight is to be up betimes; and 'diluculo,663
Act II,Scene III,Sir Toby Belch,"surgere,' thou know'st,--",664
Act II,Scene III,Sir Andrew,"Nay, my troth, I know not: but I know, to be up",665
Act II,Scene III,Sir Andrew,late is to be up late.,666
Act II,Scene III,Sir Toby Belch,A false conclusion: I hate it as an unfilled can.,667
Act II,Scene III,Sir Toby Belch,"To be up after midnight and to go to bed then, is",668
Act II,Scene III,Sir Toby Belch,early: so that to go to bed after midnight is to go,669
Act II,Scene III,Sir Toby Belch,to bed betimes. Does not our life consist of the,670
Act II,Scene III,Sir Toby Belch,four elements?,671
Act II,Scene III,Sir Andrew,"Faith, so they say; but I think it rather consists",672
Act II,Scene III,Sir Andrew,of eating and drinking.,673
Act II,Scene III,Sir Toby Belch,Thou'rt a scholar; let us therefore eat and drink.,674
Act II,Scene III,Sir Toby Belch,"Marian, I say! a stoup of wine!",675
Act II,Scene III,[stage direction],Enter Clown,NA
Act II,Scene III,Sir Andrew,"Here comes the fool, i' faith.",676
Act II,Scene III,Clown,"How now, my hearts! did you never see the picture",677
Act II,Scene III,Clown,of 'we three'?,678
Act II,Scene III,Sir Toby Belch,"Welcome, ass. Now let's have a catch.",679
Act II,Scene III,Sir Andrew,"By my troth, the fool has an excellent breast. I",680
Act II,Scene III,Sir Andrew,"had rather than forty shillings I had such a leg,",681
Act II,Scene III,Sir Andrew,"and so sweet a breath to sing, as the fool has. In",682
Act II,Scene III,Sir Andrew,"sooth, thou wast in very gracious fooling last",683
Act II,Scene III,Sir Andrew,"night, when thou spokest of Pigrogromitus, of the",684
Act II,Scene III,Sir Andrew,Vapians passing the equinoctial of Queubus: 'twas,685
Act II,Scene III,Sir Andrew,"very good, i' faith. I sent thee sixpence for thy",686
Act II,Scene III,Sir Andrew,leman: hadst it?,687
Act II,Scene III,Clown,I did impeticos thy gratillity; for Malvolio's nose,688
Act II,Scene III,Clown,"is no whipstock: my lady has a white hand, and the",689
Act II,Scene III,Clown,Myrmidons are no bottle-ale houses.,690
Act II,Scene III,Sir Andrew,"Excellent! why, this is the best fooling, when all",691
Act II,Scene III,Sir Andrew,"is done. Now, a song.",692
Act II,Scene III,Sir Toby Belch,Come on; there is sixpence for you: let's have a song.,693
Act II,Scene III,Sir Andrew,There's a testril of me too: if one knight give a--,694
Act II,Scene III,Clown,"Would you have a love-song, or a song of good life?",695
Act II,Scene III,Sir Toby Belch,"A love-song, a love-song.",696
Act II,Scene III,Sir Andrew,"Ay, ay: I care not for good life.",697
Act II,Scene III,Clown,[Sings],698
Act II,Scene III,Clown,"O mistress mine, where are you roaming?",699
Act II,Scene III,Clown,"O, stay and hear; your true love's coming,",700
Act II,Scene III,Clown,That can sing both high and low:,701
Act II,Scene III,Clown,"Trip no further, pretty sweeting;",702
Act II,Scene III,Clown,"Journeys end in lovers meeting,",703
Act II,Scene III,Clown,Every wise man's son doth know.,704
Act II,Scene III,Sir Andrew,"Excellent good, i' faith.",705
Act II,Scene III,Sir Toby Belch,"Good, good.",706
Act II,Scene III,Clown,[Sings],707
Act II,Scene III,Clown,What is love? 'tis not hereafter;,708
Act II,Scene III,Clown,Present mirth hath present laughter;,709
Act II,Scene III,Clown,What's to come is still unsure:,710
Act II,Scene III,Clown,In delay there lies no plenty;,711
Act II,Scene III,Clown,"Then come kiss me, sweet and twenty,",712
Act II,Scene III,Clown,Youth's a stuff will not endure.,713
Act II,Scene III,Sir Andrew,"A mellifluous voice, as I am true knight.",714
Act II,Scene III,Sir Toby Belch,A contagious breath.,715
Act II,Scene III,Sir Andrew,"Very sweet and contagious, i' faith.",716
Act II,Scene III,Sir Toby Belch,"To hear by the nose, it is dulcet in contagion.",717
Act II,Scene III,Sir Toby Belch,But shall we make the welkin dance indeed? shall we,718
Act II,Scene III,Sir Toby Belch,rouse the night-owl in a catch that will draw three,719
Act II,Scene III,Sir Toby Belch,souls out of one weaver? shall we do that?,720
Act II,Scene III,Sir Andrew,"An you love me, let's do't: I am dog at a catch.",721
Act II,Scene III,Clown,"By'r lady, sir, and some dogs will catch well.",722
Act II,Scene III,Sir Andrew,"Most certain. Let our catch be, 'Thou knave.'",723
Act II,Scene III,Clown,"'Hold thy peace, thou knave,' knight? I shall be",724
Act II,Scene III,Clown,"constrained in't to call thee knave, knight.",725
Act II,Scene III,Sir Andrew,'Tis not the first time I have constrained one to,726
Act II,Scene III,Sir Andrew,"call me knave. Begin, fool: it begins 'Hold thy peace.'",727
Act II,Scene III,Clown,I shall never begin if I hold my peace.,728
Act II,Scene III,Sir Andrew,"Good, i' faith. Come, begin.",729
Act II,Scene III,[stage direction],Catch sung,NA
Act II,Scene III,[stage direction],Enter MARIA,NA
Act II,Scene III,Maria,What a caterwauling do you keep here! If my lady,730
Act II,Scene III,Maria,have not called up her steward Malvolio and bid him,731
Act II,Scene III,Maria,"turn you out of doors, never trust me.",732
Act II,Scene III,Sir Toby Belch,"My lady's a Cataian, we are politicians, Malvolio's",733
Act II,Scene III,Sir Toby Belch,"a Peg-a-Ramsey, and 'Three merry men be we.' Am not",734
Act II,Scene III,Sir Toby Belch,I consanguineous? am I not of her blood?,735
Act II,Scene III,Sir Toby Belch,Tillyvally. Lady!,736
Act II,Scene III,[stage direction],Sings,NA
Act II,Scene III,Sir Toby Belch,"'There dwelt a man in Babylon, lady, lady!'",737
Act II,Scene III,Clown,"Beshrew me, the knight's in admirable fooling.",738
Act II,Scene III,Sir Andrew,"Ay, he does well enough if he be disposed, and so do",739
Act II,Scene III,Sir Andrew,"I too: he does it with a better grace, but I do it",740
Act II,Scene III,Sir Andrew,more natural.,741
Act II,Scene III,Sir Toby Belch,"[Sings]  'O, the twelfth day of December,'--",742
Act II,Scene III,Maria,"For the love o' God, peace!",743
Act II,Scene III,[stage direction],Enter MALVOLIO,NA
Act II,Scene III,Malvolio,"My masters, are you mad? or what are you? Have ye",744
Act II,Scene III,Malvolio,"no wit, manners, nor honesty, but to gabble like",745
Act II,Scene III,Malvolio,tinkers at this time of night? Do ye make an,746
Act II,Scene III,Malvolio,"alehouse of my lady's house, that ye squeak out your",747
Act II,Scene III,Malvolio,coziers' catches without any mitigation or remorse,748
Act II,Scene III,Malvolio,"of voice? Is there no respect of place, persons, nor",749
Act II,Scene III,Malvolio,time in you?,750
Act II,Scene III,Sir Toby Belch,"We did keep time, sir, in our catches. Sneck up!",751
Act II,Scene III,Malvolio,"Sir Toby, I must be round with you. My lady bade me",752
Act II,Scene III,Malvolio,"tell you, that, though she harbours you as her",753
Act II,Scene III,Malvolio,"kinsman, she's nothing allied to your disorders. If",754
Act II,Scene III,Malvolio,"you can separate yourself and your misdemeanors, you",755
Act II,Scene III,Malvolio,"are welcome to the house; if not, an it would please",756
Act II,Scene III,Malvolio,"you to take leave of her, she is very willing to bid",757
Act II,Scene III,Malvolio,you farewell.,758
Act II,Scene III,Sir Toby Belch,"'Farewell, dear heart, since I must needs be gone.'",759
Act II,Scene III,Maria,"Nay, good Sir Toby.",760
Act II,Scene III,Clown,'His eyes do show his days are almost done.',761
Act II,Scene III,Malvolio,Is't even so?,762
Act II,Scene III,Sir Toby Belch,'But I will never die.',763
Act II,Scene III,Clown,"Sir Toby, there you lie.",764
Act II,Scene III,Malvolio,This is much credit to you.,765
Act II,Scene III,Sir Toby Belch,'Shall I bid him go?',766
Act II,Scene III,Clown,'What an if you do?',767
Act II,Scene III,Sir Toby Belch,"'Shall I bid him go, and spare not?'",768
Act II,Scene III,Clown,"'O no, no, no, no, you dare not.'",769
Act II,Scene III,Sir Toby Belch,"Out o' tune, sir: ye lie. Art any more than a",770
Act II,Scene III,Sir Toby Belch,"steward? Dost thou think, because thou art",771
Act II,Scene III,Sir Toby Belch,"virtuous, there shall be no more cakes and ale?",772
Act II,Scene III,Clown,"Yes, by Saint Anne, and ginger shall be hot i' the",773
Act II,Scene III,Clown,mouth too.,774
Act II,Scene III,Sir Toby Belch,"Thou'rt i' the right. Go, sir, rub your chain with",775
Act II,Scene III,Sir Toby Belch,"crumbs. A stoup of wine, Maria!",776
Act II,Scene III,Malvolio,"Mistress Mary, if you prized my lady's favour at any",777
Act II,Scene III,Malvolio,"thing more than contempt, you would not give means",778
Act II,Scene III,Malvolio,"for this uncivil rule: she shall know of it, by this hand.",779
Act II,Scene III,[stage direction],Exit,NA
Act II,Scene III,Maria,Go shake your ears.,780
Act II,Scene III,Sir Andrew,'Twere as good a deed as to drink when a man's,781
Act II,Scene III,Sir Andrew,"a-hungry, to challenge him the field, and then to",782
Act II,Scene III,Sir Andrew,break promise with him and make a fool of him.,783
Act II,Scene III,Sir Toby Belch,"Do't, knight: I'll write thee a challenge: or I'll",784
Act II,Scene III,Sir Toby Belch,deliver thy indignation to him by word of mouth.,785
Act II,Scene III,Maria,"Sweet Sir Toby, be patient for tonight: since the",786
Act II,Scene III,Maria,"youth of the count's was today with thy lady, she is",787
Act II,Scene III,Maria,"much out of quiet. For Monsieur Malvolio, let me",788
Act II,Scene III,Maria,alone with him: if I do not gull him into a,789
Act II,Scene III,Maria,"nayword, and make him a common recreation, do not",790
Act II,Scene III,Maria,think I have wit enough to lie straight in my bed:,791
Act II,Scene III,Maria,I know I can do it.,792
Act II,Scene III,Sir Toby Belch,"Possess us, possess us; tell us something of him.",793
Act II,Scene III,Maria,"Marry, sir, sometimes he is a kind of puritan.",794
Act II,Scene III,Sir Andrew,"O, if I thought that I'ld beat him like a dog!",795
Act II,Scene III,Sir Toby Belch,"What, for being a puritan? thy exquisite reason,",796
Act II,Scene III,Sir Toby Belch,dear knight?,797
Act II,Scene III,Sir Andrew,"I have no exquisite reason for't, but I have reason",798
Act II,Scene III,Sir Andrew,good enough.,799
Act II,Scene III,Maria,"The devil a puritan that he is, or any thing",800
Act II,Scene III,Maria,"constantly, but a time-pleaser; an affectioned ass,",801
Act II,Scene III,Maria,that cons state without book and utters it by great,802
Act II,Scene III,Maria,"swarths: the best persuaded of himself, so",803
Act II,Scene III,Maria,"crammed, as he thinks, with excellencies, that it is",804
Act II,Scene III,Maria,his grounds of faith that all that look on him love,805
Act II,Scene III,Maria,him; and on that vice in him will my revenge find,806
Act II,Scene III,Maria,notable cause to work.,807
Act II,Scene III,Sir Toby Belch,What wilt thou do?,808
Act II,Scene III,Maria,I will drop in his way some obscure epistles of,809
Act II,Scene III,Maria,"love; wherein, by the colour of his beard, the shape",810
Act II,Scene III,Maria,"of his leg, the manner of his gait, the expressure",811
Act II,Scene III,Maria,"of his eye, forehead, and complexion, he shall find",812
Act II,Scene III,Maria,himself most feelingly personated. I can write very,813
Act II,Scene III,Maria,like my lady your niece: on a forgotten matter we,814
Act II,Scene III,Maria,can hardly make distinction of our hands.,815
Act II,Scene III,Sir Toby Belch,Excellent! I smell a device.,816
Act II,Scene III,Sir Andrew,I have't in my nose too.,817
Act II,Scene III,Sir Toby Belch,"He shall think, by the letters that thou wilt drop,",818
Act II,Scene III,Sir Toby Belch,"that they come from my niece, and that she's in",819
Act II,Scene III,Sir Toby Belch,love with him.,820
Act II,Scene III,Maria,"My purpose is, indeed, a horse of that colour.",821
Act II,Scene III,Sir Andrew,And your horse now would make him an ass.,822
Act II,Scene III,Maria,"Ass, I doubt not.",823
Act II,Scene III,Sir Andrew,"O, 'twill be admirable!",824
Act II,Scene III,Maria,"Sport royal, I warrant you: I know my physic will",825
Act II,Scene III,Maria,"work with him. I will plant you two, and let the",826
Act II,Scene III,Maria,"fool make a third, where he shall find the letter:",827
Act II,Scene III,Maria,"observe his construction of it. For this night, to",828
Act II,Scene III,Maria,"bed, and dream on the event. Farewell.",829
Act II,Scene III,[stage direction],Exit,NA
Act II,Scene III,Sir Toby Belch,"Good night, Penthesilea.",830
Act II,Scene III,Sir Andrew,"Before me, she's a good wench.",831
Act II,Scene III,Sir Toby Belch,"She's a beagle, true-bred, and one that adores me:",832
Act II,Scene III,Sir Toby Belch,what o' that?,833
Act II,Scene III,Sir Andrew,I was adored once too.,834
Act II,Scene III,Sir Toby Belch,"Let's to bed, knight. Thou hadst need send for",835
Act II,Scene III,Sir Toby Belch,more money.,836
Act II,Scene III,Sir Andrew,"If I cannot recover your niece, I am a foul way out.",837
Act II,Scene III,Sir Toby Belch,"Send for money, knight: if thou hast her not i'",838
Act II,Scene III,Sir Toby Belch,"the end, call me cut.",839
Act II,Scene III,Sir Andrew,"If I do not, never trust me, take it how you will.",840
Act II,Scene III,Sir Toby Belch,"Come, come, I'll go burn some sack; 'tis too late",841
Act II,Scene III,Sir Toby Belch,"to go to bed now: come, knight; come, knight.",842
Act II,Scene III,[stage direction],Exeunt,NA
Act II,Scene IV,[stage direction],"Enter DUKE ORSINO, VIOLA, CURIO, and others",NA
Act II,Scene IV,Duke Orsino,"Give me some music. Now, good morrow, friends.",843
Act II,Scene IV,Duke Orsino,"Now, good Cesario, but that piece of song,",844
Act II,Scene IV,Duke Orsino,That old and antique song we heard last night:,845
Act II,Scene IV,Duke Orsino,"Methought it did relieve my passion much,",846
Act II,Scene IV,Duke Orsino,More than light airs and recollected terms,847
Act II,Scene IV,Duke Orsino,Of these most brisk and giddy-paced times:,848
Act II,Scene IV,Duke Orsino,"Come, but one verse.",849
Act II,Scene IV,Curio,"He is not here, so please your lordship that should sing it.",850
Act II,Scene IV,Duke Orsino,Who was it?,851
Act II,Scene IV,Curio,"Feste, the jester, my lord; a fool that the lady",852
Act II,Scene IV,Curio,Olivia's father took much delight in. He is about the house.,853
Act II,Scene IV,Duke Orsino,"Seek him out, and play the tune the while.",854
Act II,Scene IV,[stage direction],Exit CURIO. Music plays,NA
Act II,Scene IV,Duke Orsino,"Come hither, boy: if ever thou shalt love,",855
Act II,Scene IV,Duke Orsino,In the sweet pangs of it remember me;,856
Act II,Scene IV,Duke Orsino,"For such as I am all true lovers are,",857
Act II,Scene IV,Duke Orsino,"Unstaid and skittish in all motions else,",858
Act II,Scene IV,Duke Orsino,Save in the constant image of the creature,859
Act II,Scene IV,Duke Orsino,That is beloved. How dost thou like this tune?,860
Act II,Scene IV,Viola,It gives a very echo to the seat,861
Act II,Scene IV,Viola,Where Love is throned.,862
Act II,Scene IV,Duke Orsino,Thou dost speak masterly:,863
Act II,Scene IV,Duke Orsino,"My life upon't, young though thou art, thine eye",864
Act II,Scene IV,Duke Orsino,Hath stay'd upon some favour that it loves:,865
Act II,Scene IV,Duke Orsino,"Hath it not, boy?",866
Act II,Scene IV,Viola,"A little, by your favour.",867
Act II,Scene IV,Duke Orsino,What kind of woman is't?,868
Act II,Scene IV,Viola,Of your complexion.,869
Act II,Scene IV,Duke Orsino,"She is not worth thee, then. What years, i' faith?",870
Act II,Scene IV,Viola,"About your years, my lord.",871
Act II,Scene IV,Duke Orsino,Too old by heaven: let still the woman take,872
Act II,Scene IV,Duke Orsino,"An elder than herself: so wears she to him,",873
Act II,Scene IV,Duke Orsino,So sways she level in her husband's heart:,874
Act II,Scene IV,Duke Orsino,"For, boy, however we do praise ourselves,",875
Act II,Scene IV,Duke Orsino,"Our fancies are more giddy and unfirm,",876
Act II,Scene IV,Duke Orsino,"More longing, wavering, sooner lost and worn,",877
Act II,Scene IV,Duke Orsino,Than women's are.,878
Act II,Scene IV,Viola,"I think it well, my lord.",879
Act II,Scene IV,Duke Orsino,"Then let thy love be younger than thyself,",880
Act II,Scene IV,Duke Orsino,Or thy affection cannot hold the bent;,881
Act II,Scene IV,Duke Orsino,"For women are as roses, whose fair flower",882
Act II,Scene IV,Duke Orsino,"Being once display'd, doth fall that very hour.",883
Act II,Scene IV,Viola,"And so they are: alas, that they are so;",884
Act II,Scene IV,Viola,"To die, even when they to perfection grow!",885
Act II,Scene IV,[stage direction],Re-enter CURIO and Clown,NA
Act II,Scene IV,Duke Orsino,"O, fellow, come, the song we had last night.",886
Act II,Scene IV,Duke Orsino,"Mark it, Cesario, it is old and plain;",887
Act II,Scene IV,Duke Orsino,The spinsters and the knitters in the sun,888
Act II,Scene IV,Duke Orsino,And the free maids that weave their thread with bones,889
Act II,Scene IV,Duke Orsino,"Do use to chant it: it is silly sooth,",890
Act II,Scene IV,Duke Orsino,"And dallies with the innocence of love,",891
Act II,Scene IV,Duke Orsino,Like the old age.,892
Act II,Scene IV,Clown,"Are you ready, sir?",893
Act II,Scene IV,Duke Orsino,"Ay; prithee, sing.",894
Act II,Scene IV,[stage direction],Music,NA
Act II,Scene IV,Duke Orsino,SONG.,895
Act II,Scene IV,Clown,"Come away, come away, death,",896
Act II,Scene IV,Clown,And in sad cypress let me be laid;,897
Act II,Scene IV,Clown,"Fly away, fly away breath;",898
Act II,Scene IV,Clown,I am slain by a fair cruel maid.,899
Act II,Scene IV,Clown,"My shroud of white, stuck all with yew,",900
Act II,Scene IV,Clown,"O, prepare it!",901
Act II,Scene IV,Clown,"My part of death, no one so true",902
Act II,Scene IV,Clown,Did share it.,903
Act II,Scene IV,Clown,"Not a flower, not a flower sweet",904
Act II,Scene IV,Clown,On my black coffin let there be strown;,905
Act II,Scene IV,Clown,"Not a friend, not a friend greet",906
Act II,Scene IV,Clown,"My poor corpse, where my bones shall be thrown:",907
Act II,Scene IV,Clown,"A thousand thousand sighs to save,",908
Act II,Scene IV,Clown,"Lay me, O, where",909
Act II,Scene IV,Clown,"Sad true lover never find my grave,",910
Act II,Scene IV,Clown,To weep there!,911
Act II,Scene IV,Duke Orsino,There's for thy pains.,912
Act II,Scene IV,Clown,"No pains, sir: I take pleasure in singing, sir.",913
Act II,Scene IV,Duke Orsino,I'll pay thy pleasure then.,914
Act II,Scene IV,Clown,"Truly, sir, and pleasure will be paid, one time or another.",915
Act II,Scene IV,Duke Orsino,Give me now leave to leave thee.,916
Act II,Scene IV,Clown,"Now, the melancholy god protect thee; and the",917
Act II,Scene IV,Clown,"tailor make thy doublet of changeable taffeta, for",918
Act II,Scene IV,Clown,thy mind is a very opal. I would have men of such,919
Act II,Scene IV,Clown,"constancy put to sea, that their business might be",920
Act II,Scene IV,Clown,every thing and their intent every where; for that's,921
Act II,Scene IV,Clown,it that always makes a good voyage of nothing. Farewell.,922
Act II,Scene IV,[stage direction],Exit,NA
Act II,Scene IV,Duke Orsino,Let all the rest give place.,923
Act II,Scene IV,[stage direction],CURIO and Attendants retire,NA
Act II,Scene IV,Duke Orsino,"Once more, Cesario,",924
Act II,Scene IV,Duke Orsino,Get thee to yond same sovereign cruelty:,925
Act II,Scene IV,Duke Orsino,"Tell her, my love, more noble than the world,",926
Act II,Scene IV,Duke Orsino,Prizes not quantity of dirty lands;,927
Act II,Scene IV,Duke Orsino,"The parts that fortune hath bestow'd upon her,",928
Act II,Scene IV,Duke Orsino,"Tell her, I hold as giddily as fortune;",929
Act II,Scene IV,Duke Orsino,But 'tis that miracle and queen of gems,930
Act II,Scene IV,Duke Orsino,That nature pranks her in attracts my soul.,931
Act II,Scene IV,Viola,"But if she cannot love you, sir?",932
Act II,Scene IV,Duke Orsino,I cannot be so answer'd.,933
Act II,Scene IV,Viola,"Sooth, but you must.",934
Act II,Scene IV,Viola,"Say that some lady, as perhaps there is,",935
Act II,Scene IV,Viola,Hath for your love a great a pang of heart,936
Act II,Scene IV,Viola,As you have for Olivia: you cannot love her;,937
Act II,Scene IV,Viola,You tell her so; must she not then be answer'd?,938
Act II,Scene IV,Duke Orsino,There is no woman's sides,939
Act II,Scene IV,Duke Orsino,Can bide the beating of so strong a passion,940
Act II,Scene IV,Duke Orsino,As love doth give my heart; no woman's heart,941
Act II,Scene IV,Duke Orsino,"So big, to hold so much; they lack retention",942
Act II,Scene IV,Duke Orsino,"Alas, their love may be call'd appetite,",943
Act II,Scene IV,Duke Orsino,"No motion of the liver, but the palate,",944
Act II,Scene IV,Duke Orsino,"That suffer surfeit, cloyment and revolt;",945
Act II,Scene IV,Duke Orsino,"But mine is all as hungry as the sea,",946
Act II,Scene IV,Duke Orsino,And can digest as much: make no compare,947
Act II,Scene IV,Duke Orsino,Between that love a woman can bear me,948
Act II,Scene IV,Duke Orsino,And that I owe Olivia.,949
Act II,Scene IV,Viola,"Ay, but I know--",950
Act II,Scene IV,Duke Orsino,What dost thou know?,951
Act II,Scene IV,Viola,Too well what love women to men may owe:,952
Act II,Scene IV,Viola,"In faith, they are as true of heart as we.",953
Act II,Scene IV,Viola,"My father had a daughter loved a man,",954
Act II,Scene IV,Viola,"As it might be, perhaps, were I a woman,",955
Act II,Scene IV,Viola,I should your lordship.,956
Act II,Scene IV,Duke Orsino,And what's her history?,957
Act II,Scene IV,Viola,"A blank, my lord. She never told her love,",958
Act II,Scene IV,Viola,"But let concealment, like a worm i' the bud,",959
Act II,Scene IV,Viola,"Feed on her damask cheek: she pined in thought,",960
Act II,Scene IV,Viola,And with a green and yellow melancholy,961
Act II,Scene IV,Viola,"She sat like patience on a monument,",962
Act II,Scene IV,Viola,Smiling at grief. Was not this love indeed?,963
Act II,Scene IV,Viola,"We men may say more, swear more: but indeed",964
Act II,Scene IV,Viola,Our shows are more than will; for still we prove,965
Act II,Scene IV,Viola,"Much in our vows, but little in our love.",966
Act II,Scene IV,Duke Orsino,"But died thy sister of her love, my boy?",967
Act II,Scene IV,Viola,"I am all the daughters of my father's house,",968
Act II,Scene IV,Viola,And all the brothers too: and yet I know not.,969
Act II,Scene IV,Viola,"Sir, shall I to this lady?",970
Act II,Scene IV,Duke Orsino,"Ay, that's the theme.",971
Act II,Scene IV,Duke Orsino,"To her in haste; give her this jewel; say,",972
Act II,Scene IV,Duke Orsino,"My love can give no place, bide no denay.",973
Act II,Scene IV,[stage direction],Exeunt,NA
Act II,Scene V,[stage direction],"Enter SIR TOBY BELCH, SIR ANDREW, and FABIAN",NA
Act II,Scene V,Sir Toby Belch,"Come thy ways, Signior Fabian.",974
Act II,Scene V,Fabian,"Nay, I'll come: if I lose a scruple of this sport,",975
Act II,Scene V,Fabian,let me be boiled to death with melancholy.,976
Act II,Scene V,Sir Toby Belch,Wouldst thou not be glad to have the niggardly,977
Act II,Scene V,Sir Toby Belch,rascally sheep-biter come by some notable shame?,978
Act II,Scene V,Fabian,"I would exult, man: you know, he brought me out o'",979
Act II,Scene V,Fabian,favour with my lady about a bear-baiting here.,980
Act II,Scene V,Sir Toby Belch,To anger him we'll have the bear again; and we will,981
Act II,Scene V,Sir Toby Belch,"fool him black and blue: shall we not, Sir Andrew?",982
Act II,Scene V,Sir Andrew,"An we do not, it is pity of our lives.",983
Act II,Scene V,Sir Toby Belch,Here comes the little villain.,984
Act II,Scene V,[stage direction],Enter MARIA,NA
Act II,Scene V,Sir Toby Belch,"How now, my metal of India!",985
Act II,Scene V,Maria,Get ye all three into the box-tree: Malvolio's,986
Act II,Scene V,Maria,coming down this walk: he has been yonder i' the,987
Act II,Scene V,Maria,sun practising behavior to his own shadow this half,988
Act II,Scene V,Maria,"hour: observe him, for the love of mockery; for I",989
Act II,Scene V,Maria,know this letter will make a contemplative idiot of,990
Act II,Scene V,Maria,"him. Close, in the name of jesting! Lie thou there,",991
Act II,Scene V,[stage direction],Throws down a letter,NA
Act II,Scene V,Maria,for here comes the trout that must be caught with tickling.,992
Act II,Scene V,[stage direction],Exit,NA
Act II,Scene V,[stage direction],Enter MALVOLIO,NA
Act II,Scene V,Malvolio,'Tis but fortune; all is fortune. Maria once told,993
Act II,Scene V,Malvolio,me she did affect me: and I have heard herself come,994
Act II,Scene V,Malvolio,"thus near, that, should she fancy, it should be one",995
Act II,Scene V,Malvolio,"of my complexion. Besides, she uses me with a more",996
Act II,Scene V,Malvolio,exalted respect than any one else that follows her.,997
Act II,Scene V,Malvolio,What should I think on't?,998
Act II,Scene V,Sir Toby Belch,Here's an overweening rogue!,999
Act II,Scene V,Fabian,"O, peace! Contemplation makes a rare turkey-cock",1000
Act II,Scene V,Fabian,of him: how he jets under his advanced plumes!,1001
Act II,Scene V,Sir Andrew,"'Slight, I could so beat the rogue!",1002
Act II,Scene V,Sir Toby Belch,"Peace, I say.",1003
Act II,Scene V,Malvolio,To be Count Malvolio!,1004
Act II,Scene V,Sir Toby Belch,"Ah, rogue!",1005
Act II,Scene V,Sir Andrew,"Pistol him, pistol him.",1006
Act II,Scene V,Sir Toby Belch,"Peace, peace!",1007
Act II,Scene V,Malvolio,There is example for't; the lady of the Strachy,1008
Act II,Scene V,Malvolio,married the yeoman of the wardrobe.,1009
Act II,Scene V,Sir Andrew,"Fie on him, Jezebel!",1010
Act II,Scene V,Fabian,"O, peace! now he's deeply in: look how",1011
Act II,Scene V,Fabian,imagination blows him.,1012
Act II,Scene V,Malvolio,"Having been three months married to her, sitting in",1013
Act II,Scene V,Malvolio,"my state,--",1014
Act II,Scene V,Sir Toby Belch,"O, for a stone-bow, to hit him in the eye!",1015
Act II,Scene V,Malvolio,"Calling my officers about me, in my branched velvet",1016
Act II,Scene V,Malvolio,"gown; having come from a day-bed, where I have left",1017
Act II,Scene V,Malvolio,"Olivia sleeping,--",1018
Act II,Scene V,Sir Toby Belch,Fire and brimstone!,1019
Act II,Scene V,Fabian,"O, peace, peace!",1020
Act II,Scene V,Malvolio,And then to have the humour of state; and after a,1021
Act II,Scene V,Malvolio,"demure travel of regard, telling them I know my",1022
Act II,Scene V,Malvolio,"place as I would they should do theirs, to for my",1023
Act II,Scene V,Malvolio,"kinsman Toby,--",1024
Act II,Scene V,Sir Toby Belch,Bolts and shackles!,1025
Act II,Scene V,Fabian,"O peace, peace, peace! now, now.",1026
Act II,Scene V,Malvolio,"Seven of my people, with an obedient start, make",1027
Act II,Scene V,Malvolio,out for him: I frown the while; and perchance wind,1028
Act II,Scene V,Malvolio,"up watch, or play with my--some rich jewel. Toby",1029
Act II,Scene V,Malvolio,"approaches; courtesies there to me,--",1030
Act II,Scene V,Sir Toby Belch,Shall this fellow live?,1031
Act II,Scene V,Fabian,"Though our silence be drawn from us with cars, yet peace.",1032
Act II,Scene V,Malvolio,"I extend my hand to him thus, quenching my familiar",1033
Act II,Scene V,Malvolio,"smile with an austere regard of control,--",1034
Act II,Scene V,Sir Toby Belch,And does not Toby take you a blow o' the lips then?,1035
Act II,Scene V,Malvolio,"Saying, 'Cousin Toby, my fortunes having cast me on",1036
Act II,Scene V,Malvolio,"your niece give me this prerogative of speech,'--",1037
Act II,Scene V,Sir Toby Belch,"What, what?",1038
Act II,Scene V,Malvolio,'You must amend your drunkenness.',1039
Act II,Scene V,Sir Toby Belch,"Out, scab!",1040
Act II,Scene V,Fabian,"Nay, patience, or we break the sinews of our plot.",1041
Act II,Scene V,Malvolio,"'Besides, you waste the treasure of your time with",1042
Act II,Scene V,Malvolio,"a foolish knight,'--",1043
Act II,Scene V,Sir Andrew,"That's me, I warrant you.",1044
Act II,Scene V,Malvolio,"'One Sir Andrew,'--",1045
Act II,Scene V,Sir Andrew,I knew 'twas I; for many do call me fool.,1046
Act II,Scene V,Malvolio,What employment have we here?,1047
Act II,Scene V,[stage direction],Taking up the letter,NA
Act II,Scene V,Fabian,Now is the woodcock near the gin.,1048
Act II,Scene V,Sir Toby Belch,"O, peace! and the spirit of humour intimate reading",1049
Act II,Scene V,Sir Toby Belch,aloud to him!,1050
Act II,Scene V,Malvolio,"By my life, this is my lady's hand these be her",1051
Act II,Scene V,Malvolio,"very C's, her U's and her T's and thus makes she her",1052
Act II,Scene V,Malvolio,"great P's. It is, in contempt of question, her hand.",1053
Act II,Scene V,Sir Andrew,"Her C's, her U's and her T's: why that?",1054
Act II,Scene V,Malvolio,"[Reads]  'To the unknown beloved, this, and my good",1055
Act II,Scene V,Malvolio,"wishes:'--her very phrases! By your leave, wax.",1056
Act II,Scene V,Malvolio,"Soft! and the impressure her Lucrece, with which she",1057
Act II,Scene V,Malvolio,uses to seal: 'tis my lady. To whom should this be?,1058
Act II,Scene V,Fabian,"This wins him, liver and all.",1059
Act II,Scene V,Malvolio,[Reads],1060
Act II,Scene V,Malvolio,Jove knows I love: But who?,1061
Act II,Scene V,Malvolio,"Lips, do not move;",1062
Act II,Scene V,Malvolio,No man must know.,1063
Act II,Scene V,Malvolio,'No man must know.' What follows? the numbers,1064
Act II,Scene V,Malvolio,altered! 'No man must know:' if this should be,1065
Act II,Scene V,Malvolio,"thee, Malvolio?",1066
Act II,Scene V,Sir Toby Belch,"Marry, hang thee, brock!",1067
Act II,Scene V,Malvolio,[Reads],1068
Act II,Scene V,Malvolio,I may command where I adore;,1069
Act II,Scene V,Malvolio,"But silence, like a Lucrece knife,",1070
Act II,Scene V,Malvolio,With bloodless stroke my heart doth gore:,1071
Act II,Scene V,Malvolio,"M, O, A, I, doth sway my life.",1072
Act II,Scene V,Fabian,A fustian riddle!,1073
Act II,Scene V,Sir Toby Belch,"Excellent wench, say I.",1074
Act II,Scene V,Malvolio,"'M, O, A, I, doth sway my life.' Nay, but first, let",1075
Act II,Scene V,Malvolio,"me see, let me see, let me see.",1076
Act II,Scene V,Fabian,What dish o' poison has she dressed him!,1077
Act II,Scene V,Sir Toby Belch,And with what wing the staniel cheques at it!,1078
Act II,Scene V,Malvolio,"'I may command where I adore.' Why, she may command",1079
Act II,Scene V,Malvolio,"me: I serve her; she is my lady. Why, this is",1080
Act II,Scene V,Malvolio,evident to any formal capacity; there is no,1081
Act II,Scene V,Malvolio,"obstruction in this: and the end,--what should",1082
Act II,Scene V,Malvolio,that alphabetical position portend? If I could make,1083
Act II,Scene V,Malvolio,"that resemble something in me,--Softly! M, O, A,",1084
Act II,Scene V,Malvolio,"I,--",1085
Act II,Scene V,Sir Toby Belch,"O, ay, make up that: he is now at a cold scent.",1086
Act II,Scene V,Fabian,"Sowter will cry upon't for all this, though it be as",1087
Act II,Scene V,Fabian,rank as a fox.,1088
Act II,Scene V,Malvolio,"M,--Malvolio; M,--why, that begins my name.",1089
Act II,Scene V,Fabian,Did not I say he would work it out? the cur is,1090
Act II,Scene V,Fabian,excellent at faults.,1091
Act II,Scene V,Malvolio,"M,--but then there is no consonancy in the sequel;",1092
Act II,Scene V,Malvolio,that suffers under probation A should follow but O does.,1093
Act II,Scene V,Fabian,"And O shall end, I hope.",1094
Act II,Scene V,Sir Toby Belch,"Ay, or I'll cudgel him, and make him cry O!",1095
Act II,Scene V,Malvolio,And then I comes behind.,1096
Act II,Scene V,Fabian,"Ay, an you had any eye behind you, you might see",1097
Act II,Scene V,Fabian,more detraction at your heels than fortunes before,1098
Act II,Scene V,Fabian,you.,1099
Act II,Scene V,Malvolio,"M, O, A, I; this simulation is not as the former: and",1100
Act II,Scene V,Malvolio,"yet, to crush this a little, it would bow to me, for",1101
Act II,Scene V,Malvolio,every one of these letters are in my name. Soft!,1102
Act II,Scene V,Malvolio,here follows prose.,1103
Act II,Scene V,[stage direction],Reads,NA
Act II,Scene V,Malvolio,"'If this fall into thy hand, revolve. In my stars I",1104
Act II,Scene V,Malvolio,am above thee; but be not afraid of greatness: some,1105
Act II,Scene V,Malvolio,"are born great, some achieve greatness, and some",1106
Act II,Scene V,Malvolio,have greatness thrust upon 'em. Thy Fates open,1107
Act II,Scene V,Malvolio,their hands; let thy blood and spirit embrace them;,1108
Act II,Scene V,Malvolio,"and, to inure thyself to what thou art like to be,",1109
Act II,Scene V,Malvolio,cast thy humble slough and appear fresh. Be,1110
Act II,Scene V,Malvolio,"opposite with a kinsman, surly with servants; let",1111
Act II,Scene V,Malvolio,thy tongue tang arguments of state; put thyself into,1112
Act II,Scene V,Malvolio,the trick of singularity: she thus advises thee,1113
Act II,Scene V,Malvolio,that sighs for thee. Remember who commended thy,1114
Act II,Scene V,Malvolio,"yellow stockings, and wished to see thee ever",1115
Act II,Scene V,Malvolio,"cross-gartered: I say, remember. Go to, thou art",1116
Act II,Scene V,Malvolio,"made, if thou desirest to be so; if not, let me see",1117
Act II,Scene V,Malvolio,"thee a steward still, the fellow of servants, and",1118
Act II,Scene V,Malvolio,not worthy to touch Fortune's fingers. Farewell.,1119
Act II,Scene V,Malvolio,"She that would alter services with thee,",1120
Act II,Scene V,Malvolio,THE FORTUNATE-UNHAPPY.',1121
Act II,Scene V,Malvolio,Daylight and champaign discovers not more: this is,1122
Act II,Scene V,Malvolio,"open. I will be proud, I will read politic authors,",1123
Act II,Scene V,Malvolio,"I will baffle Sir Toby, I will wash off gross",1124
Act II,Scene V,Malvolio,"acquaintance, I will be point-devise the very man.",1125
Act II,Scene V,Malvolio,"I do not now fool myself, to let imagination jade",1126
Act II,Scene V,Malvolio,"me; for every reason excites to this, that my lady",1127
Act II,Scene V,Malvolio,loves me. She did commend my yellow stockings of,1128
Act II,Scene V,Malvolio,"late, she did praise my leg being cross-gartered;",1129
Act II,Scene V,Malvolio,"and in this she manifests herself to my love, and",1130
Act II,Scene V,Malvolio,with a kind of injunction drives me to these habits,1131
Act II,Scene V,Malvolio,of her liking. I thank my stars I am happy. I will,1132
Act II,Scene V,Malvolio,"be strange, stout, in yellow stockings, and",1133
Act II,Scene V,Malvolio,"cross-gartered, even with the swiftness of putting",1134
Act II,Scene V,Malvolio,on. Jove and my stars be praised! Here is yet a,1135
Act II,Scene V,Malvolio,postscript.,1136
Act II,Scene V,[stage direction],Reads,NA
Act II,Scene V,Malvolio,'Thou canst not choose but know who I am. If thou,1137
Act II,Scene V,Malvolio,"entertainest my love, let it appear in thy smiling;",1138
Act II,Scene V,Malvolio,thy smiles become thee well; therefore in my,1139
Act II,Scene V,Malvolio,"presence still smile, dear my sweet, I prithee.'",1140
Act II,Scene V,Malvolio,"Jove, I thank thee: I will smile; I will do",1141
Act II,Scene V,Malvolio,everything that thou wilt have me.,1142
Act II,Scene V,[stage direction],Exit,NA
Act II,Scene V,Fabian,I will not give my part of this sport for a pension,1143
Act II,Scene V,Fabian,of thousands to be paid from the Sophy.,1144
Act II,Scene V,Sir Toby Belch,I could marry this wench for this device.,1145
Act II,Scene V,Sir Andrew,So could I too.,1146
Act II,Scene V,Sir Toby Belch,And ask no other dowry with her but such another jest.,1147
Act II,Scene V,Sir Andrew,Nor I neither.,1148
Act II,Scene V,Fabian,Here comes my noble gull-catcher.,1149
Act II,Scene V,[stage direction],Re-enter MARIA,NA
Act II,Scene V,Sir Toby Belch,Wilt thou set thy foot o' my neck?,1150
Act II,Scene V,Sir Andrew,Or o' mine either?,1151
Act II,Scene V,Sir Toby Belch,"Shall I play my freedom at traytrip, and become thy",1152
Act II,Scene V,Sir Toby Belch,bond-slave?,1153
Act II,Scene V,Sir Andrew,"I' faith, or I either?",1154
Act II,Scene V,Sir Toby Belch,"Why, thou hast put him in such a dream, that when",1155
Act II,Scene V,Sir Toby Belch,the image of it leaves him he must run mad.,1156
Act II,Scene V,Maria,"Nay, but say true; does it work upon him?",1157
Act II,Scene V,Sir Toby Belch,Like aqua-vitae with a midwife.,1158
Act II,Scene V,Maria,"If you will then see the fruits of the sport, mark",1159
Act II,Scene V,Maria,his first approach before my lady: he will come to,1160
Act II,Scene V,Maria,"her in yellow stockings, and 'tis a colour she",1161
Act II,Scene V,Maria,"abhors, and cross-gartered, a fashion she detests;",1162
Act II,Scene V,Maria,"and he will smile upon her, which will now be so",1163
Act II,Scene V,Maria,"unsuitable to her disposition, being addicted to a",1164
Act II,Scene V,Maria,"melancholy as she is, that it cannot but turn him",1165
Act II,Scene V,Maria,"into a notable contempt. If you will see it, follow",1166
Act II,Scene V,Maria,me.,1167
Act II,Scene V,Sir Toby Belch,"To the gates of Tartar, thou most excellent devil of wit!",1168
Act II,Scene V,Sir Andrew,I'll make one too.,1169
Act II,Scene V,[stage direction],Exeunt,NA
Act III,Scene I,[stage direction],"Enter VIOLA, and Clown with a tabour",NA
Act III,Scene I,Viola,"Save thee, friend, and thy music: dost thou live by",1170
Act III,Scene I,Viola,thy tabour?,1171
Act III,Scene I,Clown,"No, sir, I live by the church.",1172
Act III,Scene I,Viola,Art thou a churchman?,1173
Act III,Scene I,Clown,"No such matter, sir: I do live by the church; for",1174
Act III,Scene I,Clown,"I do live at my house, and my house doth stand by",1175
Act III,Scene I,Clown,the church.,1176
Act III,Scene I,Viola,"So thou mayst say, the king lies by a beggar, if a",1177
Act III,Scene I,Viola,"beggar dwell near him; or, the church stands by thy",1178
Act III,Scene I,Viola,"tabour, if thy tabour stand by the church.",1179
Act III,Scene I,Clown,"You have said, sir. To see this age! A sentence is",1180
Act III,Scene I,Clown,but a cheveril glove to a good wit: how quickly the,1181
Act III,Scene I,Clown,wrong side may be turned outward!,1182
Act III,Scene I,Viola,"Nay, that's certain; they that dally nicely with",1183
Act III,Scene I,Viola,words may quickly make them wanton.,1184
Act III,Scene I,Clown,"I would, therefore, my sister had had no name, sir.",1185
Act III,Scene I,Viola,"Why, man?",1186
Act III,Scene I,Clown,"Why, sir, her name's a word; and to dally with that",1187
Act III,Scene I,Clown,word might make my sister wanton. But indeed words,1188
Act III,Scene I,Clown,are very rascals since bonds disgraced them.,1189
Act III,Scene I,Viola,"Thy reason, man?",1190
Act III,Scene I,Clown,"Troth, sir, I can yield you none without words; and",1191
Act III,Scene I,Clown,"words are grown so false, I am loath to prove",1192
Act III,Scene I,Clown,reason with them.,1193
Act III,Scene I,Viola,I warrant thou art a merry fellow and carest for nothing.,1194
Act III,Scene I,Clown,"Not so, sir, I do care for something; but in my",1195
Act III,Scene I,Clown,"conscience, sir, I do not care for you: if that be",1196
Act III,Scene I,Clown,"to care for nothing, sir, I would it would make you invisible.",1197
Act III,Scene I,Viola,Art not thou the Lady Olivia's fool?,1198
Act III,Scene I,Clown,"No, indeed, sir; the Lady Olivia has no folly: she",1199
Act III,Scene I,Clown,"will keep no fool, sir, till she be married; and",1200
Act III,Scene I,Clown,fools are as like husbands as pilchards are to,1201
Act III,Scene I,Clown,herrings; the husband's the bigger: I am indeed not,1202
Act III,Scene I,Clown,"her fool, but her corrupter of words.",1203
Act III,Scene I,Viola,I saw thee late at the Count Orsino's.,1204
Act III,Scene I,Clown,"Foolery, sir, does walk about the orb like the sun,",1205
Act III,Scene I,Clown,"it shines every where. I would be sorry, sir, but",1206
Act III,Scene I,Clown,the fool should be as oft with your master as with,1207
Act III,Scene I,Clown,my mistress: I think I saw your wisdom there.,1208
Act III,Scene I,Viola,"Nay, an thou pass upon me, I'll no more with thee.",1209
Act III,Scene I,Viola,"Hold, there's expenses for thee.",1210
Act III,Scene I,Clown,"Now Jove, in his next commodity of hair, send thee a beard!",1211
Act III,Scene I,Viola,"By my troth, I'll tell thee, I am almost sick for",1212
Act III,Scene I,Viola,one;,1213
Act III,Scene I,[stage direction],Aside,NA
Act III,Scene I,Viola,though I would not have it grow on my chin. Is thy,1214
Act III,Scene I,Viola,lady within?,1215
Act III,Scene I,Clown,"Would not a pair of these have bred, sir?",1216
Act III,Scene I,Viola,"Yes, being kept together and put to use.",1217
Act III,Scene I,Clown,"I would play Lord Pandarus of Phrygia, sir, to bring",1218
Act III,Scene I,Clown,a Cressida to this Troilus.,1219
Act III,Scene I,Viola,"I understand you, sir; 'tis well begged.",1220
Act III,Scene I,Clown,"The matter, I hope, is not great, sir, begging but",1221
Act III,Scene I,Clown,a beggar: Cressida was a beggar. My lady is,1222
Act III,Scene I,Clown,"within, sir. I will construe to them whence you",1223
Act III,Scene I,Clown,come; who you are and what you would are out of my,1224
Act III,Scene I,Clown,"welkin, I might say 'element,' but the word is over-worn.",1225
Act III,Scene I,[stage direction],Exit,NA
Act III,Scene I,Viola,This fellow is wise enough to play the fool;,1226
Act III,Scene I,Viola,And to do that well craves a kind of wit:,1227
Act III,Scene I,Viola,"He must observe their mood on whom he jests,",1228
Act III,Scene I,Viola,"The quality of persons, and the time,",1229
Act III,Scene I,Viola,"And, like the haggard, cheque at every feather",1230
Act III,Scene I,Viola,That comes before his eye. This is a practise,1231
Act III,Scene I,Viola,As full of labour as a wise man's art,1232
Act III,Scene I,Viola,For folly that he wisely shows is fit;,1233
Act III,Scene I,Viola,"But wise men, folly-fall'n, quite taint their wit.",1234
Act III,Scene I,[stage direction],"Enter SIR TOBY BELCH, and SIR ANDREW",NA
Act III,Scene I,Sir Toby Belch,"Save you, gentleman.",1235
Act III,Scene I,Viola,"And you, sir.",1236
Act III,Scene I,Sir Andrew,"Dieu vous garde, monsieur.",1237
Act III,Scene I,Viola,Et vous aussi; votre serviteur.,1238
Act III,Scene I,Sir Andrew,"I hope, sir, you are; and I am yours.",1239
Act III,Scene I,Sir Toby Belch,Will you encounter the house? my niece is desirous,1240
Act III,Scene I,Sir Toby Belch,"you should enter, if your trade be to her.",1241
Act III,Scene I,Viola,"I am bound to your niece, sir; I mean, she is the",1242
Act III,Scene I,Viola,list of my voyage.,1243
Act III,Scene I,Sir Toby Belch,"Taste your legs, sir; put them to motion.",1244
Act III,Scene I,Viola,"My legs do better understand me, sir, than I",1245
Act III,Scene I,Viola,understand what you mean by bidding me taste my legs.,1246
Act III,Scene I,Sir Toby Belch,"I mean, to go, sir, to enter.",1247
Act III,Scene I,Viola,I will answer you with gait and entrance. But we,1248
Act III,Scene I,Viola,are prevented.,1249
Act III,Scene I,[stage direction],Enter OLIVIA and MARIA,NA
Act III,Scene I,Viola,"Most excellent accomplished lady, the heavens rain",1250
Act III,Scene I,Viola,odours on you!,1251
Act III,Scene I,Sir Andrew,That youth's a rare courtier: 'Rain odours;' well.,1252
Act III,Scene I,Viola,"My matter hath no voice, to your own most pregnant",1253
Act III,Scene I,Viola,and vouchsafed ear.,1254
Act III,Scene I,Sir Andrew,"'Odours,' 'pregnant' and 'vouchsafed:' I'll get 'em",1255
Act III,Scene I,Sir Andrew,all three all ready.,1256
Act III,Scene I,Olivia,"Let the garden door be shut, and leave me to my hearing.",1257
Act III,Scene I,[stage direction],"Exeunt SIR TOBY BELCH, SIR ANDREW, and MARIA",NA
Act III,Scene I,Olivia,"Give me your hand, sir.",1258
Act III,Scene I,Viola,"My duty, madam, and most humble service.",1259
Act III,Scene I,Olivia,What is your name?,1260
Act III,Scene I,Viola,"Cesario is your servant's name, fair princess.",1261
Act III,Scene I,Olivia,"My servant, sir! 'Twas never merry world",1262
Act III,Scene I,Olivia,Since lowly feigning was call'd compliment:,1263
Act III,Scene I,Olivia,"You're servant to the Count Orsino, youth.",1264
Act III,Scene I,Viola,"And he is yours, and his must needs be yours:",1265
Act III,Scene I,Viola,"Your servant's servant is your servant, madam.",1266
Act III,Scene I,Olivia,"For him, I think not on him: for his thoughts,",1267
Act III,Scene I,Olivia,"Would they were blanks, rather than fill'd with me!",1268
Act III,Scene I,Viola,"Madam, I come to whet your gentle thoughts",1269
Act III,Scene I,Viola,On his behalf.,1270
Act III,Scene I,Olivia,"O, by your leave, I pray you,",1271
Act III,Scene I,Olivia,I bade you never speak again of him:,1272
Act III,Scene I,Olivia,"But, would you undertake another suit,",1273
Act III,Scene I,Olivia,I had rather hear you to solicit that,1274
Act III,Scene I,Olivia,Than music from the spheres.,1275
Act III,Scene I,Viola,"Dear lady,--",1276
Act III,Scene I,Olivia,"Give me leave, beseech you. I did send,",1277
Act III,Scene I,Olivia,"After the last enchantment you did here,",1278
Act III,Scene I,Olivia,A ring in chase of you: so did I abuse,1279
Act III,Scene I,Olivia,"Myself, my servant and, I fear me, you:",1280
Act III,Scene I,Olivia,"Under your hard construction must I sit,",1281
Act III,Scene I,Olivia,"To force that on you, in a shameful cunning,",1282
Act III,Scene I,Olivia,Which you knew none of yours: what might you think?,1283
Act III,Scene I,Olivia,Have you not set mine honour at the stake,1284
Act III,Scene I,Olivia,And baited it with all the unmuzzled thoughts,1285
Act III,Scene I,Olivia,That tyrannous heart can think? To one of your receiving,1286
Act III,Scene I,Olivia,"Enough is shown: a cypress, not a bosom,",1287
Act III,Scene I,Olivia,"Hideth my heart. So, let me hear you speak.",1288
Act III,Scene I,Viola,I pity you.,1289
Act III,Scene I,Olivia,That's a degree to love.,1290
Act III,Scene I,Viola,"No, not a grize; for 'tis a vulgar proof,",1291
Act III,Scene I,Viola,That very oft we pity enemies.,1292
Act III,Scene I,Olivia,"Why, then, methinks 'tis time to smile again.",1293
Act III,Scene I,Olivia,"O, world, how apt the poor are to be proud!",1294
Act III,Scene I,Olivia,"If one should be a prey, how much the better",1295
Act III,Scene I,Olivia,To fall before the lion than the wolf!,1296
Act III,Scene I,[stage direction],Clock strikes,NA
Act III,Scene I,Olivia,The clock upbraids me with the waste of time.,1297
Act III,Scene I,Olivia,"Be not afraid, good youth, I will not have you:",1298
Act III,Scene I,Olivia,"And yet, when wit and youth is come to harvest,",1299
Act III,Scene I,Olivia,Your were is alike to reap a proper man:,1300
Act III,Scene I,Olivia,"There lies your way, due west.",1301
Act III,Scene I,Viola,Then westward-ho! Grace and good disposition,1302
Act III,Scene I,Viola,Attend your ladyship!,1303
Act III,Scene I,Viola,"You'll nothing, madam, to my lord by me?",1304
Act III,Scene I,Olivia,Stay:,1305
Act III,Scene I,Olivia,"I prithee, tell me what thou thinkest of me.",1306
Act III,Scene I,Viola,That you do think you are not what you are.,1307
Act III,Scene I,Olivia,"If I think so, I think the same of you.",1308
Act III,Scene I,Viola,Then think you right: I am not what I am.,1309
Act III,Scene I,Olivia,I would you were as I would have you be!,1310
Act III,Scene I,Viola,"Would it be better, madam, than I am?",1311
Act III,Scene I,Viola,"I wish it might, for now I am your fool.",1312
Act III,Scene I,Olivia,"O, what a deal of scorn looks beautiful",1313
Act III,Scene I,Olivia,In the contempt and anger of his lip!,1314
Act III,Scene I,Olivia,A murderous guilt shows not itself more soon,1315
Act III,Scene I,Olivia,Than love that would seem hid: love's night is noon.,1316
Act III,Scene I,Olivia,"Cesario, by the roses of the spring,",1317
Act III,Scene I,Olivia,"By maidhood, honour, truth and every thing,",1318
Act III,Scene I,Olivia,"I love thee so, that, maugre all thy pride,",1319
Act III,Scene I,Olivia,Nor wit nor reason can my passion hide.,1320
Act III,Scene I,Olivia,"Do not extort thy reasons from this clause,",1321
Act III,Scene I,Olivia,"For that I woo, thou therefore hast no cause,",1322
Act III,Scene I,Olivia,"But rather reason thus with reason fetter,",1323
Act III,Scene I,Olivia,"Love sought is good, but given unsought better.",1324
Act III,Scene I,Viola,"By innocence I swear, and by my youth",1325
Act III,Scene I,Viola,"I have one heart, one bosom and one truth,",1326
Act III,Scene I,Viola,And that no woman has; nor never none,1327
Act III,Scene I,Viola,"Shall mistress be of it, save I alone.",1328
Act III,Scene I,Viola,"And so adieu, good madam: never more",1329
Act III,Scene I,Viola,Will I my master's tears to you deplore.,1330
Act III,Scene I,Olivia,Yet come again; for thou perhaps mayst move,1331
Act III,Scene I,Olivia,"That heart, which now abhors, to like his love.",1332
Act III,Scene I,[stage direction],Exeunt,NA
Act III,Scene II,[stage direction],"Enter SIR TOBY BELCH, SIR ANDREW, and FABIAN",NA
Act III,Scene II,Sir Andrew,"No, faith, I'll not stay a jot longer.",1333
Act III,Scene II,Sir Toby Belch,"Thy reason, dear venom, give thy reason.",1334
Act III,Scene II,Fabian,"You must needs yield your reason, Sir Andrew.",1335
Act III,Scene II,Sir Andrew,"Marry, I saw your niece do more favours to the",1336
Act III,Scene II,Sir Andrew,count's serving-man than ever she bestowed upon me;,1337
Act III,Scene II,Sir Andrew,I saw't i' the orchard.,1338
Act III,Scene II,Sir Toby Belch,"Did she see thee the while, old boy? tell me that.",1339
Act III,Scene II,Sir Andrew,As plain as I see you now.,1340
Act III,Scene II,Fabian,This was a great argument of love in her toward you.,1341
Act III,Scene II,Sir Andrew,"'Slight, will you make an ass o' me?",1342
Act III,Scene II,Fabian,"I will prove it legitimate, sir, upon the oaths of",1343
Act III,Scene II,Fabian,judgment and reason.,1344
Act III,Scene II,Sir Toby Belch,And they have been grand-jury-men since before Noah,1345
Act III,Scene II,Sir Toby Belch,was a sailor.,1346
Act III,Scene II,Fabian,She did show favour to the youth in your sight only,1347
Act III,Scene II,Fabian,"to exasperate you, to awake your dormouse valour, to",1348
Act III,Scene II,Fabian,put fire in your heart and brimstone in your liver.,1349
Act III,Scene II,Fabian,You should then have accosted her; and with some,1350
Act III,Scene II,Fabian,"excellent jests, fire-new from the mint, you should",1351
Act III,Scene II,Fabian,have banged the youth into dumbness. This was,1352
Act III,Scene II,Fabian,"looked for at your hand, and this was balked: the",1353
Act III,Scene II,Fabian,double gilt of this opportunity you let time wash,1354
Act III,Scene II,Fabian,"off, and you are now sailed into the north of my",1355
Act III,Scene II,Fabian,lady's opinion; where you will hang like an icicle,1356
Act III,Scene II,Fabian,"on a Dutchman's beard, unless you do redeem it by",1357
Act III,Scene II,Fabian,some laudable attempt either of valour or policy.,1358
Act III,Scene II,Sir Andrew,"An't be any way, it must be with valour; for policy",1359
Act III,Scene II,Sir Andrew,I hate: I had as lief be a Brownist as a,1360
Act III,Scene II,Sir Andrew,politician.,1361
Act III,Scene II,Sir Toby Belch,"Why, then, build me thy fortunes upon the basis of",1362
Act III,Scene II,Sir Toby Belch,valour. Challenge me the count's youth to fight,1363
Act III,Scene II,Sir Toby Belch,with him; hurt him in eleven places: my niece shall,1364
Act III,Scene II,Sir Toby Belch,"take note of it; and assure thyself, there is no",1365
Act III,Scene II,Sir Toby Belch,love-broker in the world can more prevail in man's,1366
Act III,Scene II,Sir Toby Belch,commendation with woman than report of valour.,1367
Act III,Scene II,Fabian,"There is no way but this, Sir Andrew.",1368
Act III,Scene II,Sir Andrew,Will either of you bear me a challenge to him?,1369
Act III,Scene II,Sir Toby Belch,"Go, write it in a martial hand; be curst and brief;",1370
Act III,Scene II,Sir Toby Belch,"it is no matter how witty, so it be eloquent and fun",1371
Act III,Scene II,Sir Toby Belch,of invention: taunt him with the licence of ink:,1372
Act III,Scene II,Sir Toby Belch,"if thou thou'st him some thrice, it shall not be",1373
Act III,Scene II,Sir Toby Belch,amiss; and as many lies as will lie in thy sheet of,1374
Act III,Scene II,Sir Toby Belch,"paper, although the sheet were big enough for the",1375
Act III,Scene II,Sir Toby Belch,"bed of Ware in England, set 'em down: go, about it.",1376
Act III,Scene II,Sir Toby Belch,"Let there be gall enough in thy ink, though thou",1377
Act III,Scene II,Sir Toby Belch,"write with a goose-pen, no matter: about it.",1378
Act III,Scene II,Sir Andrew,Where shall I find you?,1379
Act III,Scene II,Sir Toby Belch,We'll call thee at the cubiculo: go.,1380
Act III,Scene II,[stage direction],Exit SIR ANDREW,NA
Act III,Scene II,Fabian,"This is a dear manikin to you, Sir Toby.",1381
Act III,Scene II,Sir Toby Belch,"I have been dear to him, lad, some two thousand",1382
Act III,Scene II,Sir Toby Belch,"strong, or so.",1383
Act III,Scene II,Fabian,We shall have a rare letter from him: but you'll,1384
Act III,Scene II,Fabian,not deliver't?,1385
Act III,Scene II,Sir Toby Belch,"Never trust me, then; and by all means stir on the",1386
Act III,Scene II,Sir Toby Belch,youth to an answer. I think oxen and wainropes,1387
Act III,Scene II,Sir Toby Belch,"cannot hale them together. For Andrew, if he were",1388
Act III,Scene II,Sir Toby Belch,"opened, and you find so much blood in his liver as",1389
Act III,Scene II,Sir Toby Belch,"will clog the foot of a flea, I'll eat the rest of",1390
Act III,Scene II,Sir Toby Belch,the anatomy.,1391
Act III,Scene II,Fabian,"And his opposite, the youth, bears in his visage no",1392
Act III,Scene II,Fabian,great presage of cruelty.,1393
Act III,Scene II,[stage direction],Enter MARIA,NA
Act III,Scene II,Sir Toby Belch,"Look, where the youngest wren of nine comes.",1394
Act III,Scene II,Maria,"If you desire the spleen, and will laugh yourself",1395
Act III,Scene II,Maria,"into stitches, follow me. Yond gull Malvolio is",1396
Act III,Scene II,Maria,"turned heathen, a very renegado; for there is no",1397
Act III,Scene II,Maria,"Christian, that means to be saved by believing",1398
Act III,Scene II,Maria,"rightly, can ever believe such impossible passages",1399
Act III,Scene II,Maria,of grossness. He's in yellow stockings.,1400
Act III,Scene II,Sir Toby Belch,And cross-gartered?,1401
Act III,Scene II,Maria,Most villanously; like a pedant that keeps a school,1402
Act III,Scene II,Maria,"i' the church. I have dogged him, like his",1403
Act III,Scene II,Maria,murderer. He does obey every point of the letter,1404
Act III,Scene II,Maria,that I dropped to betray him: he does smile his,1405
Act III,Scene II,Maria,face into more lines than is in the new map with the,1406
Act III,Scene II,Maria,augmentation of the Indies: you have not seen such,1407
Act III,Scene II,Maria,a thing as 'tis. I can hardly forbear hurling things,1408
Act III,Scene II,Maria,"at him. I know my lady will strike him: if she do,",1409
Act III,Scene II,Maria,he'll smile and take't for a great favour.,1410
Act III,Scene II,Sir Toby Belch,"Come, bring us, bring us where he is.",1411
Act III,Scene II,[stage direction],Exeunt,NA
Act III,Scene III,[stage direction],Enter SEBASTIAN and ANTONIO,NA
Act III,Scene III,Sebastian,I would not by my will have troubled you;,1412
Act III,Scene III,Sebastian,"But, since you make your pleasure of your pains,",1413
Act III,Scene III,Sebastian,I will no further chide you.,1414
Act III,Scene III,Antonio,"I could not stay behind you: my desire,",1415
Act III,Scene III,Antonio,"More sharp than filed steel, did spur me forth;",1416
Act III,Scene III,Antonio,"And not all love to see you, though so much",1417
Act III,Scene III,Antonio,"As might have drawn one to a longer voyage,",1418
Act III,Scene III,Antonio,"But jealousy what might befall your travel,",1419
Act III,Scene III,Antonio,"Being skilless in these parts; which to a stranger,",1420
Act III,Scene III,Antonio,"Unguided and unfriended, often prove",1421
Act III,Scene III,Antonio,"Rough and unhospitable: my willing love,",1422
Act III,Scene III,Antonio,"The rather by these arguments of fear,",1423
Act III,Scene III,Antonio,Set forth in your pursuit.,1424
Act III,Scene III,Sebastian,"My kind Antonio,",1425
Act III,Scene III,Sebastian,"I can no other answer make but thanks,",1426
Act III,Scene III,Sebastian,And thanks; and ever [         ] oft good turns,1427
Act III,Scene III,Sebastian,Are shuffled off with such uncurrent pay:,1428
Act III,Scene III,Sebastian,"But, were my worth as is my conscience firm,",1429
Act III,Scene III,Sebastian,You should find better dealing. What's to do?,1430
Act III,Scene III,Sebastian,Shall we go see the reliques of this town?,1431
Act III,Scene III,Antonio,"To-morrow, sir: best first go see your lodging.",1432
Act III,Scene III,Sebastian,"I am not weary, and 'tis long to night:",1433
Act III,Scene III,Sebastian,"I pray you, let us satisfy our eyes",1434
Act III,Scene III,Sebastian,With the memorials and the things of fame,1435
Act III,Scene III,Sebastian,That do renown this city.,1436
Act III,Scene III,Antonio,Would you'ld pardon me;,1437
Act III,Scene III,Antonio,I do not without danger walk these streets:,1438
Act III,Scene III,Antonio,"Once, in a sea-fight, 'gainst the count his galleys",1439
Act III,Scene III,Antonio,"I did some service; of such note indeed,",1440
Act III,Scene III,Antonio,That were I ta'en here it would scarce be answer'd.,1441
Act III,Scene III,Sebastian,Belike you slew great number of his people.,1442
Act III,Scene III,Antonio,The offence is not of such a bloody nature;,1443
Act III,Scene III,Antonio,Albeit the quality of the time and quarrel,1444
Act III,Scene III,Antonio,Might well have given us bloody argument.,1445
Act III,Scene III,Antonio,It might have since been answer'd in repaying,1446
Act III,Scene III,Antonio,"What we took from them; which, for traffic's sake,",1447
Act III,Scene III,Antonio,Most of our city did: only myself stood out;,1448
Act III,Scene III,Antonio,"For which, if I be lapsed in this place,",1449
Act III,Scene III,Antonio,I shall pay dear.,1450
Act III,Scene III,Sebastian,Do not then walk too open.,1451
Act III,Scene III,Antonio,"It doth not fit me. Hold, sir, here's my purse.",1452
Act III,Scene III,Antonio,"In the south suburbs, at the Elephant,",1453
Act III,Scene III,Antonio,"Is best to lodge: I will bespeak our diet,",1454
Act III,Scene III,Antonio,Whiles you beguile the time and feed your knowledge,1455
Act III,Scene III,Antonio,With viewing of the town: there shall you have me.,1456
Act III,Scene III,Sebastian,Why I your purse?,1457
Act III,Scene III,Antonio,Haply your eye shall light upon some toy,1458
Act III,Scene III,Antonio,"You have desire to purchase; and your store,",1459
Act III,Scene III,Antonio,"I think, is not for idle markets, sir.",1460
Act III,Scene III,Sebastian,I'll be your purse-bearer and leave you,1461
Act III,Scene III,Sebastian,For an hour.,1462
Act III,Scene III,Antonio,To the Elephant.,1463
Act III,Scene III,Sebastian,I do remember.,1464
Act III,Scene III,[stage direction],Exeunt,NA
Act III,Scene IV,[stage direction],Enter OLIVIA and MARIA,NA
Act III,Scene IV,Olivia,I have sent after him: he says he'll come;,1465
Act III,Scene IV,Olivia,How shall I feast him? what bestow of him?,1466
Act III,Scene IV,Olivia,For youth is bought more oft than begg'd or borrow'd.,1467
Act III,Scene IV,Olivia,I speak too loud.,1468
Act III,Scene IV,Olivia,"Where is Malvolio? he is sad and civil,",1469
Act III,Scene IV,Olivia,And suits well for a servant with my fortunes:,1470
Act III,Scene IV,Olivia,Where is Malvolio?,1471
Act III,Scene IV,Maria,"He's coming, madam; but in very strange manner. He",1472
Act III,Scene IV,Maria,"is, sure, possessed, madam.",1473
Act III,Scene IV,Olivia,"Why, what's the matter? does he rave?",1474
Act III,Scene IV,Maria,"No. madam, he does nothing but smile: your",1475
Act III,Scene IV,Maria,"ladyship were best to have some guard about you, if",1476
Act III,Scene IV,Maria,"he come; for, sure, the man is tainted in's wits.",1477
Act III,Scene IV,Olivia,Go call him hither.,1478
Act III,Scene IV,[stage direction],Exit MARIA,NA
Act III,Scene IV,Olivia,"I am as mad as he,",1479
Act III,Scene IV,Olivia,If sad and merry madness equal be.,1480
Act III,Scene IV,[stage direction],"Re-enter MARIA, with MALVOLIO",NA
Act III,Scene IV,Olivia,"How now, Malvolio!",1481
Act III,Scene IV,Malvolio,"Sweet lady, ho, ho.",1482
Act III,Scene IV,Olivia,Smilest thou?,1483
Act III,Scene IV,Olivia,I sent for thee upon a sad occasion.,1484
Act III,Scene IV,Malvolio,"Sad, lady! I could be sad: this does make some",1485
Act III,Scene IV,Malvolio,"obstruction in the blood, this cross-gartering; but",1486
Act III,Scene IV,Malvolio,"what of that? if it please the eye of one, it is",1487
Act III,Scene IV,Malvolio,"with me as the very true sonnet is, 'Please one, and",1488
Act III,Scene IV,Malvolio,please all.',1489
Act III,Scene IV,Olivia,"Why, how dost thou, man? what is the matter with thee?",1490
Act III,Scene IV,Malvolio,"Not black in my mind, though yellow in my legs. It",1491
Act III,Scene IV,Malvolio,"did come to his hands, and commands shall be",1492
Act III,Scene IV,Malvolio,executed: I think we do know the sweet Roman hand.,1493
Act III,Scene IV,Olivia,"Wilt thou go to bed, Malvolio?",1494
Act III,Scene IV,Malvolio,"To bed! ay, sweet-heart, and I'll come to thee.",1495
Act III,Scene IV,Olivia,God comfort thee! Why dost thou smile so and kiss,1496
Act III,Scene IV,Olivia,thy hand so oft?,1497
Act III,Scene IV,Maria,"How do you, Malvolio?",1498
Act III,Scene IV,Malvolio,At your request! yes; nightingales answer daws.,1499
Act III,Scene IV,Maria,Why appear you with this ridiculous boldness before my lady?,1500
Act III,Scene IV,Malvolio,'Be not afraid of greatness:' 'twas well writ.,1501
Act III,Scene IV,Olivia,"What meanest thou by that, Malvolio?",1502
Act III,Scene IV,Malvolio,"'Some are born great,'--",1503
Act III,Scene IV,Olivia,Ha!,1504
Act III,Scene IV,Malvolio,"'Some achieve greatness,'--",1505
Act III,Scene IV,Olivia,What sayest thou?,1506
Act III,Scene IV,Malvolio,'And some have greatness thrust upon them.',1507
Act III,Scene IV,Olivia,Heaven restore thee!,1508
Act III,Scene IV,Malvolio,"'Remember who commended thy yellow stocking s,'--",1509
Act III,Scene IV,Olivia,Thy yellow stockings!,1510
Act III,Scene IV,Malvolio,'And wished to see thee cross-gartered.',1511
Act III,Scene IV,Olivia,Cross-gartered!,1512
Act III,Scene IV,Malvolio,"'Go to thou art made, if thou desirest to be so;'--",1513
Act III,Scene IV,Olivia,Am I made?,1514
Act III,Scene IV,Malvolio,"'If not, let me see thee a servant still.'",1515
Act III,Scene IV,Olivia,"Why, this is very midsummer madness.",1516
Act III,Scene IV,[stage direction],Enter Servant,NA
Act III,Scene IV,Servant,"Madam, the young gentleman of the Count Orsino's is",1517
Act III,Scene IV,Servant,returned: I could hardly entreat him back: he,1518
Act III,Scene IV,Servant,attends your ladyship's pleasure.,1519
Act III,Scene IV,Olivia,I'll come to him.,1520
Act III,Scene IV,[stage direction],Exit Servant,NA
Act III,Scene IV,Olivia,"Good Maria, let this fellow be looked to. Where's",1521
Act III,Scene IV,Olivia,my cousin Toby? Let some of my people have a special,1522
Act III,Scene IV,Olivia,care of him: I would not have him miscarry for the,1523
Act III,Scene IV,Olivia,half of my dowry.,1524
Act III,Scene IV,[stage direction],Exeunt OLIVIA and MARIA,NA
Act III,Scene IV,Malvolio,"O, ho! do you come near me now? no worse man than",1525
Act III,Scene IV,Malvolio,Sir Toby to look to me! This concurs directly with,1526
Act III,Scene IV,Malvolio,"the letter: she sends him on purpose, that I may",1527
Act III,Scene IV,Malvolio,appear stubborn to him; for she incites me to that,1528
Act III,Scene IV,Malvolio,"in the letter. 'Cast thy humble slough,' says she;",1529
Act III,Scene IV,Malvolio,"'be opposite with a kinsman, surly with servants;",1530
Act III,Scene IV,Malvolio,let thy tongue tang with arguments of state; put,1531
Act III,Scene IV,Malvolio,thyself into the trick of singularity;' and,1532
Act III,Scene IV,Malvolio,"consequently sets down the manner how; as, a sad",1533
Act III,Scene IV,Malvolio,"face, a reverend carriage, a slow tongue, in the",1534
Act III,Scene IV,Malvolio,"habit of some sir of note, and so forth. I have",1535
Act III,Scene IV,Malvolio,"limed her; but it is Jove's doing, and Jove make me",1536
Act III,Scene IV,Malvolio,"thankful! And when she went away now, 'Let this",1537
Act III,Scene IV,Malvolio,"fellow be looked to:' fellow! not Malvolio, nor",1538
Act III,Scene IV,Malvolio,"after my degree, but fellow. Why, every thing",1539
Act III,Scene IV,Malvolio,"adheres together, that no dram of a scruple, no",1540
Act III,Scene IV,Malvolio,"scruple of a scruple, no obstacle, no incredulous",1541
Act III,Scene IV,Malvolio,or unsafe circumstance--What can be said? Nothing,1542
Act III,Scene IV,Malvolio,that can be can come between me and the full,1543
Act III,Scene IV,Malvolio,"prospect of my hopes. Well, Jove, not I, is the",1544
Act III,Scene IV,Malvolio,"doer of this, and he is to be thanked.",1545
Act III,Scene IV,[stage direction],"Re-enter MARIA, with SIR TOBY BELCH and FABIAN",NA
Act III,Scene IV,Sir Toby Belch,"Which way is he, in the name of sanctity? If all",1546
Act III,Scene IV,Sir Toby Belch,"the devils of hell be drawn in little, and Legion",1547
Act III,Scene IV,Sir Toby Belch,"himself possessed him, yet I'll speak to him.",1548
Act III,Scene IV,Fabian,"Here he is, here he is. How is't with you, sir?",1549
Act III,Scene IV,Fabian,"how is't with you, man?",1550
Act III,Scene IV,Malvolio,Go off; I discard you: let me enjoy my private: go,1551
Act III,Scene IV,Malvolio,off.,1552
Act III,Scene IV,Maria,"Lo, how hollow the fiend speaks within him! did not",1553
Act III,Scene IV,Maria,"I tell you? Sir Toby, my lady prays you to have a",1554
Act III,Scene IV,Maria,care of him.,1555
Act III,Scene IV,Malvolio,"Ah, ha! does she so?",1556
Act III,Scene IV,Sir Toby Belch,"Go to, go to; peace, peace; we must deal gently",1557
Act III,Scene IV,Sir Toby Belch,"with him: let me alone. How do you, Malvolio? how",1558
Act III,Scene IV,Sir Toby Belch,"is't with you? What, man! defy the devil:",1559
Act III,Scene IV,Sir Toby Belch,"consider, he's an enemy to mankind.",1560
Act III,Scene IV,Malvolio,Do you know what you say?,1561
Act III,Scene IV,Maria,"La you, an you speak ill of the devil, how he takes",1562
Act III,Scene IV,Maria,"it at heart! Pray God, he be not bewitched!",1563
Act III,Scene IV,Fabian,Carry his water to the wise woman.,1564
Act III,Scene IV,Maria,"Marry, and it shall be done to-morrow morning, if I",1565
Act III,Scene IV,Maria,live. My lady would not lose him for more than I'll say.,1566
Act III,Scene IV,Malvolio,"How now, mistress!",1567
Act III,Scene IV,Maria,O Lord!,1568
Act III,Scene IV,Sir Toby Belch,"Prithee, hold thy peace; this is not the way: do",1569
Act III,Scene IV,Sir Toby Belch,you not see you move him? let me alone with him.,1570
Act III,Scene IV,Fabian,"No way but gentleness; gently, gently: the fiend is",1571
Act III,Scene IV,Fabian,"rough, and will not be roughly used.",1572
Act III,Scene IV,Sir Toby Belch,"Why, how now, my bawcock! how dost thou, chuck?",1573
Act III,Scene IV,Malvolio,Sir!,1574
Act III,Scene IV,Sir Toby Belch,"Ay, Biddy, come with me. What, man! 'tis not for",1575
Act III,Scene IV,Sir Toby Belch,gravity to play at cherry-pit with Satan: hang,1576
Act III,Scene IV,Sir Toby Belch,"him, foul collier!",1577
Act III,Scene IV,Maria,"Get him to say his prayers, good Sir Toby, get him to pray.",1578
Act III,Scene IV,Malvolio,"My prayers, minx!",1579
Act III,Scene IV,Maria,"No, I warrant you, he will not hear of godliness.",1580
Act III,Scene IV,Malvolio,"Go, hang yourselves all! you are idle shallow",1581
Act III,Scene IV,Malvolio,things: I am not of your element: you shall know,1582
Act III,Scene IV,Malvolio,more hereafter.,1583
Act III,Scene IV,[stage direction],Exit,NA
Act III,Scene IV,Sir Toby Belch,Is't possible?,1584
Act III,Scene IV,Fabian,"If this were played upon a stage now, I could",1585
Act III,Scene IV,Fabian,condemn it as an improbable fiction.,1586
Act III,Scene IV,Sir Toby Belch,"His very genius hath taken the infection of the device, man.",1587
Act III,Scene IV,Maria,"Nay, pursue him now, lest the device take air and taint.",1588
Act III,Scene IV,Fabian,"Why, we shall make him mad indeed.",1589
Act III,Scene IV,Maria,The house will be the quieter.,1590
Act III,Scene IV,Sir Toby Belch,"Come, we'll have him in a dark room and bound. My",1591
Act III,Scene IV,Sir Toby Belch,niece is already in the belief that he's mad: we,1592
Act III,Scene IV,Sir Toby Belch,"may carry it thus, for our pleasure and his penance,",1593
Act III,Scene IV,Sir Toby Belch,"till our very pastime, tired out of breath, prompt",1594
Act III,Scene IV,Sir Toby Belch,us to have mercy on him: at which time we will,1595
Act III,Scene IV,Sir Toby Belch,bring the device to the bar and crown thee for a,1596
Act III,Scene IV,Sir Toby Belch,"finder of madmen. But see, but see.",1597
Act III,Scene IV,[stage direction],Enter SIR ANDREW,NA
Act III,Scene IV,Fabian,More matter for a May morning.,1598
Act III,Scene IV,Sir Andrew,"Here's the challenge, read it: warrant there's",1599
Act III,Scene IV,Sir Andrew,vinegar and pepper in't.,1600
Act III,Scene IV,Fabian,Is't so saucy?,1601
Act III,Scene IV,Sir Andrew,"Ay, is't, I warrant him: do but read.",1602
Act III,Scene IV,Sir Toby Belch,Give me.,1603
Act III,Scene IV,[stage direction],Reads,NA
Act III,Scene IV,Sir Toby Belch,"'Youth, whatsoever thou art, thou art but a scurvy fellow.'",1604
Act III,Scene IV,Fabian,"Good, and valiant.",1605
Act III,Scene IV,Sir Toby Belch,"[Reads]  'Wonder not, nor admire not in thy mind,",1606
Act III,Scene IV,Sir Toby Belch,"why I do call thee so, for I will show thee no reason for't.'",1607
Act III,Scene IV,Fabian,A good note; that keeps you from the blow of the law.,1608
Act III,Scene IV,Sir Toby Belch,"[Reads]  'Thou comest to the lady Olivia, and in my",1609
Act III,Scene IV,Sir Toby Belch,sight she uses thee kindly: but thou liest in thy,1610
Act III,Scene IV,Sir Toby Belch,throat; that is not the matter I challenge thee for.',1611
Act III,Scene IV,Fabian,"Very brief, and to exceeding good sense--less.",1612
Act III,Scene IV,Sir Toby Belch,[Reads]  'I will waylay thee going home; where if it,1613
Act III,Scene IV,Sir Toby Belch,"be thy chance to kill me,'--",1614
Act III,Scene IV,Fabian,Good.,1615
Act III,Scene IV,Sir Toby Belch,[Reads]  'Thou killest me like a rogue and a villain.',1616
Act III,Scene IV,Fabian,Still you keep o' the windy side of the law: good.,1617
Act III,Scene IV,Sir Toby Belch,[Reads]  'Fare thee well; and God have mercy upon,1618
Act III,Scene IV,Sir Toby Belch,one of our souls! He may have mercy upon mine; but,1619
Act III,Scene IV,Sir Toby Belch,"my hope is better, and so look to thyself. Thy",1620
Act III,Scene IV,Sir Toby Belch,"friend, as thou usest him, and thy sworn enemy,",1621
Act III,Scene IV,Sir Toby Belch,ANDREW AGUECHEEK.,1622
Act III,Scene IV,Sir Toby Belch,"If this letter move him not, his legs cannot:",1623
Act III,Scene IV,Sir Toby Belch,I'll give't him.,1624
Act III,Scene IV,Maria,You may have very fit occasion for't: he is now in,1625
Act III,Scene IV,Maria,"some commerce with my lady, and will by and by depart.",1626
Act III,Scene IV,Sir Toby Belch,"Go, Sir Andrew: scout me for him at the corner the",1627
Act III,Scene IV,Sir Toby Belch,orchard like a bum-baily: so soon as ever thou seest,1628
Act III,Scene IV,Sir Toby Belch,"him, draw; and, as thou drawest swear horrible; for",1629
Act III,Scene IV,Sir Toby Belch,"it comes to pass oft that a terrible oath, with a",1630
Act III,Scene IV,Sir Toby Belch,"swaggering accent sharply twanged off, gives manhood",1631
Act III,Scene IV,Sir Toby Belch,more approbation than ever proof itself would have,1632
Act III,Scene IV,Sir Toby Belch,earned him. Away!,1633
Act III,Scene IV,Sir Andrew,"Nay, let me alone for swearing.",1634
Act III,Scene IV,[stage direction],Exit,NA
Act III,Scene IV,Sir Toby Belch,Now will not I deliver his letter: for the behavior,1635
Act III,Scene IV,Sir Toby Belch,of the young gentleman gives him out to be of good,1636
Act III,Scene IV,Sir Toby Belch,capacity and breeding; his employment between his,1637
Act III,Scene IV,Sir Toby Belch,lord and my niece confirms no less: therefore this,1638
Act III,Scene IV,Sir Toby Belch,"letter, being so excellently ignorant, will breed no",1639
Act III,Scene IV,Sir Toby Belch,terror in the youth: he will find it comes from a,1640
Act III,Scene IV,Sir Toby Belch,"clodpole. But, sir, I will deliver his challenge by",1641
Act III,Scene IV,Sir Toby Belch,word of mouth; set upon Aguecheek a notable report,1642
Act III,Scene IV,Sir Toby Belch,"of valour; and drive the gentleman, as I know his",1643
Act III,Scene IV,Sir Toby Belch,"youth will aptly receive it, into a most hideous",1644
Act III,Scene IV,Sir Toby Belch,"opinion of his rage, skill, fury and impetuosity.",1645
Act III,Scene IV,Sir Toby Belch,This will so fright them both that they will kill,1646
Act III,Scene IV,Sir Toby Belch,"one another by the look, like cockatrices.",1647
Act III,Scene IV,[stage direction],"Re-enter OLIVIA, with VIOLA",NA
Act III,Scene IV,Fabian,Here he comes with your niece: give them way till,1648
Act III,Scene IV,Fabian,"he take leave, and presently after him.",1649
Act III,Scene IV,Sir Toby Belch,I will meditate the while upon some horrid message,1650
Act III,Scene IV,Sir Toby Belch,for a challenge.,1651
Act III,Scene IV,[stage direction],"Exeunt SIR TOBY BELCH, FABIAN, and MARIA",NA
Act III,Scene IV,Olivia,I have said too much unto a heart of stone,1652
Act III,Scene IV,Olivia,And laid mine honour too unchary out:,1653
Act III,Scene IV,Olivia,There's something in me that reproves my fault;,1654
Act III,Scene IV,Olivia,"But such a headstrong potent fault it is,",1655
Act III,Scene IV,Olivia,That it but mocks reproof.,1656
Act III,Scene IV,Viola,With the same 'havior that your passion bears,1657
Act III,Scene IV,Viola,Goes on my master's grief.,1658
Act III,Scene IV,Olivia,"Here, wear this jewel for me, 'tis my picture;",1659
Act III,Scene IV,Olivia,Refuse it not; it hath no tongue to vex you;,1660
Act III,Scene IV,Olivia,And I beseech you come again to-morrow.,1661
Act III,Scene IV,Olivia,"What shall you ask of me that I'll deny,",1662
Act III,Scene IV,Olivia,That honour saved may upon asking give?,1663
Act III,Scene IV,Viola,Nothing but this; your true love for my master.,1664
Act III,Scene IV,Olivia,How with mine honour may I give him that,1665
Act III,Scene IV,Olivia,Which I have given to you?,1666
Act III,Scene IV,Viola,I will acquit you.,1667
Act III,Scene IV,Olivia,"Well, come again to-morrow: fare thee well:",1668
Act III,Scene IV,Olivia,A fiend like thee might bear my soul to hell.,1669
Act III,Scene IV,[stage direction],Exit,NA
Act III,Scene IV,[stage direction],Re-enter SIR TOBY BELCH and FABIAN,NA
Act III,Scene IV,Sir Toby Belch,"Gentleman, God save thee.",1670
Act III,Scene IV,Viola,"And you, sir.",1671
Act III,Scene IV,Sir Toby Belch,"That defence thou hast, betake thee to't: of what",1672
Act III,Scene IV,Sir Toby Belch,"nature the wrongs are thou hast done him, I know",1673
Act III,Scene IV,Sir Toby Belch,"not; but thy intercepter, full of despite, bloody as",1674
Act III,Scene IV,Sir Toby Belch,"the hunter, attends thee at the orchard-end:",1675
Act III,Scene IV,Sir Toby Belch,"dismount thy tuck, be yare in thy preparation, for",1676
Act III,Scene IV,Sir Toby Belch,"thy assailant is quick, skilful and deadly.",1677
Act III,Scene IV,Viola,"You mistake, sir; I am sure no man hath any quarrel",1678
Act III,Scene IV,Viola,to me: my remembrance is very free and clear from,1679
Act III,Scene IV,Viola,any image of offence done to any man.,1680
Act III,Scene IV,Sir Toby Belch,"You'll find it otherwise, I assure you: therefore,",1681
Act III,Scene IV,Sir Toby Belch,"if you hold your life at any price, betake you to",1682
Act III,Scene IV,Sir Toby Belch,your guard; for your opposite hath in him what,1683
Act III,Scene IV,Sir Toby Belch,"youth, strength, skill and wrath can furnish man withal.",1684
Act III,Scene IV,Viola,"I pray you, sir, what is he?",1685
Act III,Scene IV,Sir Toby Belch,"He is knight, dubbed with unhatched rapier and on",1686
Act III,Scene IV,Sir Toby Belch,carpet consideration; but he is a devil in private,1687
Act III,Scene IV,Sir Toby Belch,brawl: souls and bodies hath he divorced three; and,1688
Act III,Scene IV,Sir Toby Belch,"his incensement at this moment is so implacable,",1689
Act III,Scene IV,Sir Toby Belch,that satisfaction can be none but by pangs of death,1690
Act III,Scene IV,Sir Toby Belch,"and sepulchre. Hob, nob, is his word; give't or take't.",1691
Act III,Scene IV,Viola,I will return again into the house and desire some,1692
Act III,Scene IV,Viola,conduct of the lady. I am no fighter. I have heard,1693
Act III,Scene IV,Viola,of some kind of men that put quarrels purposely on,1694
Act III,Scene IV,Viola,"others, to taste their valour: belike this is a man",1695
Act III,Scene IV,Viola,of that quirk.,1696
Act III,Scene IV,Sir Toby Belch,"Sir, no; his indignation derives itself out of a",1697
Act III,Scene IV,Sir Toby Belch,"very competent injury: therefore, get you on and",1698
Act III,Scene IV,Sir Toby Belch,give him his desire. Back you shall not to the,1699
Act III,Scene IV,Sir Toby Belch,"house, unless you undertake that with me which with",1700
Act III,Scene IV,Sir Toby Belch,"as much safety you might answer him: therefore, on,",1701
Act III,Scene IV,Sir Toby Belch,or strip your sword stark naked; for meddle you,1702
Act III,Scene IV,Sir Toby Belch,"must, that's certain, or forswear to wear iron about you.",1703
Act III,Scene IV,Viola,"This is as uncivil as strange. I beseech you, do me",1704
Act III,Scene IV,Viola,"this courteous office, as to know of the knight what",1705
Act III,Scene IV,Viola,my offence to him is: it is something of my,1706
Act III,Scene IV,Viola,"negligence, nothing of my purpose.",1707
Act III,Scene IV,Sir Toby Belch,"I will do so. Signior Fabian, stay you by this",1708
Act III,Scene IV,Sir Toby Belch,gentleman till my return.,1709
Act III,Scene IV,[stage direction],Exit,NA
Act III,Scene IV,Viola,"Pray you, sir, do you know of this matter?",1710
Act III,Scene IV,Fabian,"I know the knight is incensed against you, even to a",1711
Act III,Scene IV,Fabian,mortal arbitrement; but nothing of the circumstance more.,1712
Act III,Scene IV,Viola,"I beseech you, what manner of man is he?",1713
Act III,Scene IV,Fabian,"Nothing of that wonderful promise, to read him by",1714
Act III,Scene IV,Fabian,"his form, as you are like to find him in the proof",1715
Act III,Scene IV,Fabian,"of his valour. He is, indeed, sir, the most skilful,",1716
Act III,Scene IV,Fabian,bloody and fatal opposite that you could possibly,1717
Act III,Scene IV,Fabian,have found in any part of Illyria. Will you walk,1718
Act III,Scene IV,Fabian,towards him? I will make your peace with him if I,1719
Act III,Scene IV,Fabian,can.,1720
Act III,Scene IV,Viola,I shall be much bound to you for't: I am one that,1721
Act III,Scene IV,Viola,had rather go with sir priest than sir knight: I,1722
Act III,Scene IV,Viola,care not who knows so much of my mettle.,1723
Act III,Scene IV,[stage direction],Exeunt,NA
Act III,Scene IV,[stage direction],"Re-enter SIR TOBY BELCH, with SIR ANDREW",NA
Act III,Scene IV,Sir Toby Belch,"Why, man, he's a very devil; I have not seen such a",1724
Act III,Scene IV,Sir Toby Belch,"firago. I had a pass with him, rapier, scabbard and",1725
Act III,Scene IV,Sir Toby Belch,"all, and he gives me the stuck in with such a mortal",1726
Act III,Scene IV,Sir Toby Belch,"motion, that it is inevitable; and on the answer, he",1727
Act III,Scene IV,Sir Toby Belch,pays you as surely as your feet hit the ground they,1728
Act III,Scene IV,Sir Toby Belch,step on. They say he has been fencer to the Sophy.,1729
Act III,Scene IV,Sir Andrew,"Pox on't, I'll not meddle with him.",1730
Act III,Scene IV,Sir Toby Belch,"Ay, but he will not now be pacified: Fabian can",1731
Act III,Scene IV,Sir Toby Belch,scarce hold him yonder.,1732
Act III,Scene IV,Sir Andrew,"Plague on't, an I thought he had been valiant and so",1733
Act III,Scene IV,Sir Andrew,"cunning in fence, I'ld have seen him damned ere I'ld",1734
Act III,Scene IV,Sir Andrew,"have challenged him. Let him let the matter slip,",1735
Act III,Scene IV,Sir Andrew,"and I'll give him my horse, grey Capilet.",1736
Act III,Scene IV,Sir Toby Belch,"I'll make the motion: stand here, make a good show",1737
Act III,Scene IV,Sir Toby Belch,on't: this shall end without the perdition of souls.,1738
Act III,Scene IV,[stage direction],Aside,NA
Act III,Scene IV,Sir Toby Belch,"Marry, I'll ride your horse as well as I ride you.",1739
Act III,Scene IV,[stage direction],Re-enter FABIAN and VIOLA,NA
Act III,Scene IV,[stage direction],To FABIAN,NA
Act III,Scene IV,Sir Toby Belch,I have his horse to take up the quarrel:,1740
Act III,Scene IV,Sir Toby Belch,I have persuaded him the youth's a devil.,1741
Act III,Scene IV,Fabian,He is as horribly conceited of him; and pants and,1742
Act III,Scene IV,Fabian,"looks pale, as if a bear were at his heels.",1743
Act III,Scene IV,Sir Toby Belch,"[To VIOLA]  There's no remedy, sir; he will fight",1744
Act III,Scene IV,Sir Toby Belch,"with you for's oath sake: marry, he hath better",1745
Act III,Scene IV,Sir Toby Belch,"bethought him of his quarrel, and he finds that now",1746
Act III,Scene IV,Sir Toby Belch,"scarce to be worth talking of: therefore draw, for",1747
Act III,Scene IV,Sir Toby Belch,the supportance of his vow; he protests he will not hurt you.,1748
Act III,Scene IV,Viola,[Aside]  Pray God defend me! A little thing would,1749
Act III,Scene IV,Viola,make me tell them how much I lack of a man.,1750
Act III,Scene IV,Fabian,"Give ground, if you see him furious.",1751
Act III,Scene IV,Sir Toby Belch,"Come, Sir Andrew, there's no remedy; the gentleman",1752
Act III,Scene IV,Sir Toby Belch,"will, for his honour's sake, have one bout with you;",1753
Act III,Scene IV,Sir Toby Belch,he cannot by the duello avoid it: but he has,1754
Act III,Scene IV,Sir Toby Belch,"promised me, as he is a gentleman and a soldier, he",1755
Act III,Scene IV,Sir Toby Belch,will not hurt you. Come on; to't.,1756
Act III,Scene IV,Sir Andrew,"Pray God, he keep his oath!",1757
Act III,Scene IV,Viola,"I do assure you, 'tis against my will.",1758
Act III,Scene IV,[stage direction],They draw,NA
Act III,Scene IV,[stage direction],Enter ANTONIO,NA
Act III,Scene IV,Antonio,Put up your sword. If this young gentleman,1759
Act III,Scene IV,Antonio,"Have done offence, I take the fault on me:",1760
Act III,Scene IV,Antonio,"If you offend him, I for him defy you.",1761
Act III,Scene IV,Sir Toby Belch,"You, sir! why, what are you?",1762
Act III,Scene IV,Antonio,"One, sir, that for his love dares yet do more",1763
Act III,Scene IV,Antonio,Than you have heard him brag to you he will.,1764
Act III,Scene IV,Sir Toby Belch,"Nay, if you be an undertaker, I am for you.",1765
Act III,Scene IV,[stage direction],They draw,NA
Act III,Scene IV,[stage direction],Enter Officers,NA
Act III,Scene IV,Fabian,"O good Sir Toby, hold! here come the officers.",1766
Act III,Scene IV,Sir Toby Belch,I'll be with you anon.,1767
Act III,Scene IV,Viola,"Pray, sir, put your sword up, if you please.",1768
Act III,Scene IV,Sir Andrew,"Marry, will I, sir; and, for that I promised you,",1769
Act III,Scene IV,Sir Andrew,I'll be as good as my word: he will bear you easily,1770
Act III,Scene IV,Sir Andrew,and reins well.,1771
Act III,Scene IV,First Officer,This is the man; do thy office.,1772
Act III,Scene IV,Second Officer,"Antonio, I arrest thee at the suit of Count Orsino.",1773
Act III,Scene IV,Antonio,"You do mistake me, sir.",1774
Act III,Scene IV,First Officer,"No, sir, no jot; I know your favour well,",1775
Act III,Scene IV,First Officer,Though now you have no sea-cap on your head.,1776
Act III,Scene IV,First Officer,Take him away: he knows I know him well.,1777
Act III,Scene IV,Antonio,I must obey.,1778
Act III,Scene IV,[stage direction],To VIOLA,NA
Act III,Scene IV,Antonio,This comes with seeking you:,1779
Act III,Scene IV,Antonio,But there's no remedy; I shall answer it.,1780
Act III,Scene IV,Antonio,"What will you do, now my necessity",1781
Act III,Scene IV,Antonio,Makes me to ask you for my purse? It grieves me,1782
Act III,Scene IV,Antonio,Much more for what I cannot do for you,1783
Act III,Scene IV,Antonio,Than what befalls myself. You stand amazed;,1784
Act III,Scene IV,Antonio,But be of comfort.,1785
Act III,Scene IV,Second Officer,"Come, sir, away.",1786
Act III,Scene IV,Antonio,I must entreat of you some of that money.,1787
Act III,Scene IV,Viola,"What money, sir?",1788
Act III,Scene IV,Viola,"For the fair kindness you have show'd me here,",1789
Act III,Scene IV,Viola,"And, part, being prompted by your present trouble,",1790
Act III,Scene IV,Viola,Out of my lean and low ability,1791
Act III,Scene IV,Viola,I'll lend you something: my having is not much;,1792
Act III,Scene IV,Viola,I'll make division of my present with you:,1793
Act III,Scene IV,Viola,"Hold, there's half my coffer.",1794
Act III,Scene IV,Antonio,Will you deny me now?,1795
Act III,Scene IV,Antonio,Is't possible that my deserts to you,1796
Act III,Scene IV,Antonio,"Can lack persuasion? Do not tempt my misery,",1797
Act III,Scene IV,Antonio,Lest that it make me so unsound a man,1798
Act III,Scene IV,Antonio,As to upbraid you with those kindnesses,1799
Act III,Scene IV,Antonio,That I have done for you.,1800
Act III,Scene IV,Viola,I know of none;,1801
Act III,Scene IV,Viola,Nor know I you by voice or any feature:,1802
Act III,Scene IV,Viola,I hate ingratitude more in a man,1803
Act III,Scene IV,Viola,"Than lying, vainness, babbling, drunkenness,",1804
Act III,Scene IV,Viola,Or any taint of vice whose strong corruption,1805
Act III,Scene IV,Viola,Inhabits our frail blood.,1806
Act III,Scene IV,Antonio,O heavens themselves!,1807
Act III,Scene IV,Second Officer,"Come, sir, I pray you, go.",1808
Act III,Scene IV,Antonio,Let me speak a little. This youth that you see here,1809
Act III,Scene IV,Antonio,"I snatch'd one half out of the jaws of death,",1810
Act III,Scene IV,Antonio,"Relieved him with such sanctity of love,",1811
Act III,Scene IV,Antonio,"And to his image, which methought did promise",1812
Act III,Scene IV,Antonio,"Most venerable worth, did I devotion.",1813
Act III,Scene IV,First Officer,What's that to us? The time goes by: away!,1814
Act III,Scene IV,Antonio,But O how vile an idol proves this god,1815
Act III,Scene IV,Antonio,"Thou hast, Sebastian, done good feature shame.",1816
Act III,Scene IV,Antonio,In nature there's no blemish but the mind;,1817
Act III,Scene IV,Antonio,None can be call'd deform'd but the unkind:,1818
Act III,Scene IV,Antonio,"Virtue is beauty, but the beauteous evil",1819
Act III,Scene IV,Antonio,Are empty trunks o'erflourish'd by the devil.,1820
Act III,Scene IV,First Officer,"The man grows mad: away with him! Come, come, sir.",1821
Act III,Scene IV,Antonio,Lead me on.,1822
Act III,Scene IV,[stage direction],Exit with Officers,NA
Act III,Scene IV,Viola,"Methinks his words do from such passion fly,",1823
Act III,Scene IV,Viola,That he believes himself: so do not I.,1824
Act III,Scene IV,Viola,"Prove true, imagination, O, prove true,",1825
Act III,Scene IV,Viola,"That I, dear brother, be now ta'en for you!",1826
Act III,Scene IV,Sir Toby Belch,"Come hither, knight; come hither, Fabian: we'll",1827
Act III,Scene IV,Sir Toby Belch,whisper o'er a couplet or two of most sage saws.,1828
Act III,Scene IV,Viola,He named Sebastian: I my brother know,1829
Act III,Scene IV,Viola,Yet living in my glass; even such and so,1830
Act III,Scene IV,Viola,"In favour was my brother, and he went",1831
Act III,Scene IV,Viola,"Still in this fashion, colour, ornament,",1832
Act III,Scene IV,Viola,"For him I imitate: O, if it prove,",1833
Act III,Scene IV,Viola,Tempests are kind and salt waves fresh in love.,1834
Act III,Scene IV,[stage direction],Exit,NA
Act III,Scene IV,Sir Toby Belch,"A very dishonest paltry boy, and more a coward than",1835
Act III,Scene IV,Sir Toby Belch,a hare: his dishonesty appears in leaving his,1836
Act III,Scene IV,Sir Toby Belch,friend here in necessity and denying him; and for,1837
Act III,Scene IV,Sir Toby Belch,"his cowardship, ask Fabian.",1838
Act III,Scene IV,Fabian,"A coward, a most devout coward, religious in it.",1839
Act III,Scene IV,Sir Andrew,"'Slid, I'll after him again and beat him.",1840
Act III,Scene IV,Sir Toby Belch,"Do; cuff him soundly, but never draw thy sword.",1841
Act III,Scene IV,Sir Andrew,"An I do not,--",1842
Act III,Scene IV,Fabian,"Come, let's see the event.",1843
Act III,Scene IV,Sir Toby Belch,I dare lay any money 'twill be nothing yet.,1844
Act III,Scene IV,[stage direction],Exeunt,NA
Act IV,Scene I,[stage direction],Enter SEBASTIAN and Clown,NA
Act IV,Scene I,Clown,Will you make me believe that I am not sent for you?,1845
Act IV,Scene I,Sebastian,"Go to, go to, thou art a foolish fellow:",1846
Act IV,Scene I,Sebastian,Let me be clear of thee.,1847
Act IV,Scene I,Clown,"Well held out, i' faith! No, I do not know you; nor",1848
Act IV,Scene I,Clown,"I am not sent to you by my lady, to bid you come",1849
Act IV,Scene I,Clown,speak with her; nor your name is not Master Cesario;,1850
Act IV,Scene I,Clown,nor this is not my nose neither. Nothing that is so is so.,1851
Act IV,Scene I,Sebastian,"I prithee, vent thy folly somewhere else: Thou",1852
Act IV,Scene I,Sebastian,know'st not me.,1853
Act IV,Scene I,Clown,Vent my folly! he has heard that word of some,1854
Act IV,Scene I,Clown,great man and now applies it to a fool. Vent my,1855
Act IV,Scene I,Clown,"folly! I am afraid this great lubber, the world,",1856
Act IV,Scene I,Clown,"will prove a cockney. I prithee now, ungird thy",1857
Act IV,Scene I,Clown,strangeness and tell me what I shall vent to my,1858
Act IV,Scene I,Clown,lady: shall I vent to her that thou art coming?,1859
Act IV,Scene I,Sebastian,"I prithee, foolish Greek, depart from me: There's",1860
Act IV,Scene I,Sebastian,"money for thee: if you tarry longer, I shall give",1861
Act IV,Scene I,Sebastian,worse payment.,1862
Act IV,Scene I,Clown,"By my troth, thou hast an open hand. These wise men",1863
Act IV,Scene I,Clown,that give fools money get themselves a good,1864
Act IV,Scene I,Clown,report--after fourteen years' purchase.,1865
Act IV,Scene I,[stage direction],"Enter SIR ANDREW, SIR TOBY BELCH, and FABIAN",NA
Act IV,Scene I,Sir Andrew,"Now, sir, have I met you again? there's for you.",1866
Act IV,Scene I,Sebastian,"Why, there's for thee, and there, and there. Are all",1867
Act IV,Scene I,Sebastian,the people mad?,1868
Act IV,Scene I,Sir Toby Belch,"Hold, sir, or I'll throw your dagger o'er the house.",1869
Act IV,Scene I,Clown,This will I tell my lady straight: I would not be,1870
Act IV,Scene I,Clown,in some of your coats for two pence.,1871
Act IV,Scene I,[stage direction],Exit,NA
Act IV,Scene I,Sir Toby Belch,"Come on, sir; hold.",1872
Act IV,Scene I,Sir Andrew,"Nay, let him alone: I'll go another way to work",1873
Act IV,Scene I,Sir Andrew,with him; I'll have an action of battery against,1874
Act IV,Scene I,Sir Andrew,"him, if there be any law in Illyria: though I",1875
Act IV,Scene I,Sir Andrew,"struck him first, yet it's no matter for that.",1876
Act IV,Scene I,Sebastian,Let go thy hand.,1877
Act IV,Scene I,Sir Toby Belch,"Come, sir, I will not let you go. Come, my young",1878
Act IV,Scene I,Sir Toby Belch,"soldier, put up your iron: you are well fleshed; come on.",1879
Act IV,Scene I,Sebastian,I will be free from thee. What wouldst thou now? If,1880
Act IV,Scene I,Sebastian,"thou darest tempt me further, draw thy sword.",1881
Act IV,Scene I,Sir Toby Belch,"What, what? Nay, then I must have an ounce or two",1882
Act IV,Scene I,Sir Toby Belch,of this malapert blood from you.,1883
Act IV,Scene I,[stage direction],Enter OLIVIA,NA
Act IV,Scene I,Olivia,"Hold, Toby; on thy life I charge thee, hold!",1884
Act IV,Scene I,Sir Toby Belch,Madam!,1885
Act IV,Scene I,Olivia,"Will it be ever thus? Ungracious wretch,",1886
Act IV,Scene I,Olivia,"Fit for the mountains and the barbarous caves,",1887
Act IV,Scene I,Olivia,Where manners ne'er were preach'd! out of my sight!,1888
Act IV,Scene I,Olivia,"Be not offended, dear Cesario.",1889
Act IV,Scene I,Olivia,"Rudesby, be gone!",1890
Act IV,Scene I,[stage direction],"Exeunt SIR TOBY BELCH, SIR ANDREW, and FABIAN",NA
Act IV,Scene I,Olivia,"I prithee, gentle friend,",1891
Act IV,Scene I,Olivia,"Let thy fair wisdom, not thy passion, sway",1892
Act IV,Scene I,Olivia,In this uncivil and thou unjust extent,1893
Act IV,Scene I,Olivia,"Against thy peace. Go with me to my house,",1894
Act IV,Scene I,Olivia,And hear thou there how many fruitless pranks,1895
Act IV,Scene I,Olivia,"This ruffian hath botch'd up, that thou thereby",1896
Act IV,Scene I,Olivia,Mayst smile at this: thou shalt not choose but go:,1897
Act IV,Scene I,Olivia,"Do not deny. Beshrew his soul for me,",1898
Act IV,Scene I,Olivia,He started one poor heart of mine in thee.,1899
Act IV,Scene I,Sebastian,What relish is in this? how runs the stream?,1900
Act IV,Scene I,Sebastian,"Or I am mad, or else this is a dream:",1901
Act IV,Scene I,Sebastian,Let fancy still my sense in Lethe steep;,1902
Act IV,Scene I,Sebastian,"If it be thus to dream, still let me sleep!",1903
Act IV,Scene I,Olivia,"Nay, come, I prithee; would thou'ldst be ruled by me!",1904
Act IV,Scene I,Sebastian,"Madam, I will.",1905
Act IV,Scene I,Olivia,"O, say so, and so be!",1906
Act IV,Scene I,[stage direction],Exeunt,NA
Act IV,Scene II,[stage direction],Enter MARIA and Clown,NA
Act IV,Scene II,Maria,"Nay, I prithee, put on this gown and this beard;",1907
Act IV,Scene II,Maria,make him believe thou art Sir Topas the curate: do,1908
Act IV,Scene II,Maria,it quickly; I'll call Sir Toby the whilst.,1909
Act IV,Scene II,[stage direction],Exit,NA
Act IV,Scene II,Clown,"Well, I'll put it on, and I will dissemble myself",1910
Act IV,Scene II,Clown,in't; and I would I were the first that ever,1911
Act IV,Scene II,Clown,dissembled in such a gown. I am not tall enough to,1912
Act IV,Scene II,Clown,"become the function well, nor lean enough to be",1913
Act IV,Scene II,Clown,thought a good student; but to be said an honest man,1914
Act IV,Scene II,Clown,and a good housekeeper goes as fairly as to say a,1915
Act IV,Scene II,Clown,careful man and a great scholar. The competitors enter.,1916
Act IV,Scene II,[stage direction],Enter SIR TOBY BELCH and MARIA,NA
Act IV,Scene II,Sir Toby Belch,"Jove bless thee, master Parson.",1917
Act IV,Scene II,Clown,"Bonos dies, Sir Toby: for, as the old hermit of",1918
Act IV,Scene II,Clown,"Prague, that never saw pen and ink, very wittily",1919
Act IV,Scene II,Clown,"said to a niece of King Gorboduc, 'That that is is;'",1920
Act IV,Scene II,Clown,"so I, being Master Parson, am Master Parson; for,",1921
Act IV,Scene II,Clown,"what is 'that' but 'that,' and 'is' but 'is'?",1922
Act IV,Scene II,Sir Toby Belch,"To him, Sir Topas.",1923
Act IV,Scene II,Clown,"What, ho, I say! peace in this prison!",1924
Act IV,Scene II,Sir Toby Belch,The knave counterfeits well; a good knave.,1925
Act IV,Scene II,Malvolio,[Within]  Who calls there?,1926
Act IV,Scene II,Clown,"Sir Topas the curate, who comes to visit Malvolio",1927
Act IV,Scene II,Clown,the lunatic.,1928
Act IV,Scene II,Malvolio,"Sir Topas, Sir Topas, good Sir Topas, go to my lady.",1929
Act IV,Scene II,Clown,"Out, hyperbolical fiend! how vexest thou this man!",1930
Act IV,Scene II,Clown,talkest thou nothing but of ladies?,1931
Act IV,Scene II,Sir Toby Belch,"Well said, Master Parson.",1932
Act IV,Scene II,Malvolio,"Sir Topas, never was man thus wronged: good Sir",1933
Act IV,Scene II,Malvolio,"Topas, do not think I am mad: they have laid me",1934
Act IV,Scene II,Malvolio,here in hideous darkness.,1935
Act IV,Scene II,Clown,"Fie, thou dishonest Satan! I call thee by the most",1936
Act IV,Scene II,Clown,modest terms; for I am one of those gentle ones,1937
Act IV,Scene II,Clown,that will use the devil himself with courtesy:,1938
Act IV,Scene II,Clown,sayest thou that house is dark?,1939
Act IV,Scene II,Malvolio,"As hell, Sir Topas.",1940
Act IV,Scene II,Clown,"Why it hath bay windows transparent as barricadoes,",1941
Act IV,Scene II,Clown,and the clearstores toward the south north are as,1942
Act IV,Scene II,Clown,lustrous as ebony; and yet complainest thou of,1943
Act IV,Scene II,Clown,obstruction?,1944
Act IV,Scene II,Malvolio,"I am not mad, Sir Topas: I say to you, this house is dark.",1945
Act IV,Scene II,Clown,"Madman, thou errest: I say, there is no darkness",1946
Act IV,Scene II,Clown,but ignorance; in which thou art more puzzled than,1947
Act IV,Scene II,Clown,the Egyptians in their fog.,1948
Act IV,Scene II,Malvolio,"I say, this house is as dark as ignorance, though",1949
Act IV,Scene II,Malvolio,"ignorance were as dark as hell; and I say, there",1950
Act IV,Scene II,Malvolio,was never man thus abused. I am no more mad than you,1951
Act IV,Scene II,Malvolio,are: make the trial of it in any constant question.,1952
Act IV,Scene II,Clown,What is the opinion of Pythagoras concerning wild fowl?,1953
Act IV,Scene II,Malvolio,That the soul of our grandam might haply inhabit a bird.,1954
Act IV,Scene II,Clown,What thinkest thou of his opinion?,1955
Act IV,Scene II,Malvolio,"I think nobly of the soul, and no way approve his opinion.",1956
Act IV,Scene II,Clown,Fare thee well. Remain thou still in darkness:,1957
Act IV,Scene II,Clown,thou shalt hold the opinion of Pythagoras ere I will,1958
Act IV,Scene II,Clown,"allow of thy wits, and fear to kill a woodcock, lest",1959
Act IV,Scene II,Clown,thou dispossess the soul of thy grandam. Fare thee well.,1960
Act IV,Scene II,Malvolio,"Sir Topas, Sir Topas!",1961
Act IV,Scene II,Sir Toby Belch,My most exquisite Sir Topas!,1962
Act IV,Scene II,Clown,"Nay, I am for all waters.",1963
Act IV,Scene II,Maria,Thou mightst have done this without thy beard and,1964
Act IV,Scene II,Maria,gown: he sees thee not.,1965
Act IV,Scene II,Sir Toby Belch,"To him in thine own voice, and bring me word how",1966
Act IV,Scene II,Sir Toby Belch,thou findest him: I would we were well rid of this,1967
Act IV,Scene II,Sir Toby Belch,"knavery. If he may be conveniently delivered, I",1968
Act IV,Scene II,Sir Toby Belch,"would he were, for I am now so far in offence with",1969
Act IV,Scene II,Sir Toby Belch,my niece that I cannot pursue with any safety this,1970
Act IV,Scene II,Sir Toby Belch,sport to the upshot. Come by and by to my chamber.,1971
Act IV,Scene II,[stage direction],Exeunt SIR TOBY BELCH and MARIA,NA
Act IV,Scene II,Clown,[Singing],1972
Act IV,Scene II,Clown,"'Hey, Robin, jolly Robin,",1973
Act IV,Scene II,Clown,Tell me how thy lady does.',1974
Act IV,Scene II,Malvolio,Fool!,1975
Act IV,Scene II,Clown,"'My lady is unkind, perdy.'",1976
Act IV,Scene II,Malvolio,Fool!,1977
Act IV,Scene II,Clown,"'Alas, why is she so?'",1978
Act IV,Scene II,Malvolio,"Fool, I say!",1979
Act IV,Scene II,Clown,"'She loves another'--Who calls, ha?",1980
Act IV,Scene II,Malvolio,"Good fool, as ever thou wilt deserve well at my",1981
Act IV,Scene II,Malvolio,"hand, help me to a candle, and pen, ink and paper:",1982
Act IV,Scene II,Malvolio,"as I am a gentleman, I will live to be thankful to",1983
Act IV,Scene II,Malvolio,thee for't.,1984
Act IV,Scene II,Clown,Master Malvolio?,1985
Act IV,Scene II,Malvolio,"Ay, good fool.",1986
Act IV,Scene II,Clown,"Alas, sir, how fell you besides your five wits?",1987
Act IV,Scene II,Malvolio,"Fool, there was never a man so notoriously abused: I",1988
Act IV,Scene II,Malvolio,"am as well in my wits, fool, as thou art.",1989
Act IV,Scene II,Clown,"But as well? then you are mad indeed, if you be no",1990
Act IV,Scene II,Clown,better in your wits than a fool.,1991
Act IV,Scene II,Malvolio,"They have here propertied me; keep me in darkness,",1992
Act IV,Scene II,Malvolio,"send ministers to me, asses, and do all they can to",1993
Act IV,Scene II,Malvolio,face me out of my wits.,1994
Act IV,Scene II,Clown,Advise you what you say; the minister is here.,1995
Act IV,Scene II,Clown,"Malvolio, Malvolio, thy wits the heavens restore!",1996
Act IV,Scene II,Clown,"endeavour thyself to sleep, and leave thy vain",1997
Act IV,Scene II,Clown,bibble babble.,1998
Act IV,Scene II,Malvolio,Sir Topas!,1999
Act IV,Scene II,Clown,"Maintain no words with him, good fellow. Who, I,",2000
Act IV,Scene II,Clown,"sir? not I, sir. God be wi' you, good Sir Topas.",2001
Act IV,Scene II,Clown,"Merry, amen. I will, sir, I will.",2002
Act IV,Scene II,Malvolio,"Fool, fool, fool, I say!",2003
Act IV,Scene II,Clown,"Alas, sir, be patient. What say you sir? I am",2004
Act IV,Scene II,Clown,shent for speaking to you.,2005
Act IV,Scene II,Malvolio,"Good fool, help me to some light and some paper: I",2006
Act IV,Scene II,Malvolio,"tell thee, I am as well in my wits as any man in Illyria.",2007
Act IV,Scene II,Clown,"Well-a-day that you were, sir",2008
Act IV,Scene II,Malvolio,"By this hand, I am. Good fool, some ink, paper and",2009
Act IV,Scene II,Malvolio,light; and convey what I will set down to my lady:,2010
Act IV,Scene II,Malvolio,it shall advantage thee more than ever the bearing,2011
Act IV,Scene II,Malvolio,of letter did.,2012
Act IV,Scene II,Clown,"I will help you to't. But tell me true, are you",2013
Act IV,Scene II,Clown,not mad indeed? or do you but counterfeit?,2014
Act IV,Scene II,Malvolio,"Believe me, I am not; I tell thee true.",2015
Act IV,Scene II,Clown,"Nay, I'll ne'er believe a madman till I see his",2016
Act IV,Scene II,Clown,brains. I will fetch you light and paper and ink.,2017
Act IV,Scene II,Malvolio,"Fool, I'll requite it in the highest degree: I",2018
Act IV,Scene II,Malvolio,"prithee, be gone.",2019
Act IV,Scene II,Clown,[Singing],2020
Act IV,Scene II,Clown,"I am gone, sir,",2021
Act IV,Scene II,Clown,"And anon, sir,",2022
Act IV,Scene II,Clown,"I'll be with you again,",2023
Act IV,Scene II,Clown,"In a trice,",2024
Act IV,Scene II,Clown,"Like to the old Vice,",2025
Act IV,Scene II,Clown,Your need to sustain;,2026
Act IV,Scene II,Clown,"Who, with dagger of lath,",2027
Act IV,Scene II,Clown,"In his rage and his wrath,",2028
Act IV,Scene II,Clown,"Cries, ah, ha! to the devil:",2029
Act IV,Scene II,Clown,"Like a mad lad,",2030
Act IV,Scene II,Clown,"Pare thy nails, dad;",2031
Act IV,Scene II,Clown,"Adieu, good man devil.",2032
Act IV,Scene II,[stage direction],Exit,NA
Act IV,Scene III,[stage direction],Enter SEBASTIAN,NA
Act IV,Scene III,Sebastian,This is the air; that is the glorious sun;,2033
Act IV,Scene III,Sebastian,"This pearl she gave me, I do feel't and see't;",2034
Act IV,Scene III,Sebastian,"And though 'tis wonder that enwraps me thus,",2035
Act IV,Scene III,Sebastian,"Yet 'tis not madness. Where's Antonio, then?",2036
Act IV,Scene III,Sebastian,I could not find him at the Elephant:,2037
Act IV,Scene III,Sebastian,"Yet there he was; and there I found this credit,",2038
Act IV,Scene III,Sebastian,That he did range the town to seek me out.,2039
Act IV,Scene III,Sebastian,His counsel now might do me golden service;,2040
Act IV,Scene III,Sebastian,"For though my soul disputes well with my sense,",2041
Act IV,Scene III,Sebastian,"That this may be some error, but no madness,",2042
Act IV,Scene III,Sebastian,Yet doth this accident and flood of fortune,2043
Act IV,Scene III,Sebastian,"So far exceed all instance, all discourse,",2044
Act IV,Scene III,Sebastian,That I am ready to distrust mine eyes,2045
Act IV,Scene III,Sebastian,And wrangle with my reason that persuades me,2046
Act IV,Scene III,Sebastian,To any other trust but that I am mad,2047
Act IV,Scene III,Sebastian,"Or else the lady's mad; yet, if 'twere so,",2048
Act IV,Scene III,Sebastian,"She could not sway her house, command her followers,",2049
Act IV,Scene III,Sebastian,Take and give back affairs and their dispatch,2050
Act IV,Scene III,Sebastian,"With such a smooth, discreet and stable bearing",2051
Act IV,Scene III,Sebastian,As I perceive she does: there's something in't,2052
Act IV,Scene III,Sebastian,That is deceiveable. But here the lady comes.,2053
Act IV,Scene III,[stage direction],Enter OLIVIA and Priest,NA
Act IV,Scene III,Olivia,"Blame not this haste of mine. If you mean well,",2054
Act IV,Scene III,Olivia,Now go with me and with this holy man,2055
Act IV,Scene III,Olivia,"Into the chantry by: there, before him,",2056
Act IV,Scene III,Olivia,"And underneath that consecrated roof,",2057
Act IV,Scene III,Olivia,Plight me the full assurance of your faith;,2058
Act IV,Scene III,Olivia,That my most jealous and too doubtful soul,2059
Act IV,Scene III,Olivia,May live at peace. He shall conceal it,2060
Act IV,Scene III,Olivia,"Whiles you are willing it shall come to note,",2061
Act IV,Scene III,Olivia,What time we will our celebration keep,2062
Act IV,Scene III,Olivia,According to my birth. What do you say?,2063
Act IV,Scene III,Sebastian,"I'll follow this good man, and go with you;",2064
Act IV,Scene III,Sebastian,"And, having sworn truth, ever will be true.",2065
Act IV,Scene III,Olivia,"Then lead the way, good father; and heavens so shine,",2066
Act IV,Scene III,Olivia,That they may fairly note this act of mine!,2067
Act IV,Scene III,[stage direction],Exeunt,NA
Act V,Scene I,[stage direction],Enter Clown and FABIAN,NA
Act V,Scene I,Fabian,"Now, as thou lovest me, let me see his letter.",2068
Act V,Scene I,Clown,"Good Master Fabian, grant me another request.",2069
Act V,Scene I,Fabian,Any thing.,2070
Act V,Scene I,Clown,Do not desire to see this letter.,2071
Act V,Scene I,Fabian,"This is, to give a dog, and in recompense desire my",2072
Act V,Scene I,Fabian,dog again.,2073
Act V,Scene I,[stage direction],"Enter DUKE ORSINO, VIOLA, CURIO, and Lords",NA
Act V,Scene I,Duke Orsino,"Belong you to the Lady Olivia, friends?",2074
Act V,Scene I,Clown,"Ay, sir; we are some of her trappings.",2075
Act V,Scene I,Duke Orsino,"I know thee well; how dost thou, my good fellow?",2076
Act V,Scene I,Clown,"Truly, sir, the better for my foes and the worse",2077
Act V,Scene I,Clown,for my friends.,2078
Act V,Scene I,Duke Orsino,Just the contrary; the better for thy friends.,2079
Act V,Scene I,Clown,"No, sir, the worse.",2080
Act V,Scene I,Duke Orsino,How can that be?,2081
Act V,Scene I,Clown,"Marry, sir, they praise me and make an ass of me;",2082
Act V,Scene I,Clown,now my foes tell me plainly I am an ass: so that by,2083
Act V,Scene I,Clown,"my foes, sir I profit in the knowledge of myself,",2084
Act V,Scene I,Clown,"and by my friends, I am abused: so that,",2085
Act V,Scene I,Clown,"conclusions to be as kisses, if your four negatives",2086
Act V,Scene I,Clown,"make your two affirmatives why then, the worse for",2087
Act V,Scene I,Clown,my friends and the better for my foes.,2088
Act V,Scene I,Duke Orsino,"Why, this is excellent.",2089
Act V,Scene I,Clown,"By my troth, sir, no; though it please you to be",2090
Act V,Scene I,Clown,one of my friends.,2091
Act V,Scene I,Duke Orsino,Thou shalt not be the worse for me: there's gold.,2092
Act V,Scene I,Clown,"But that it would be double-dealing, sir, I would",2093
Act V,Scene I,Clown,you could make it another.,2094
Act V,Scene I,Duke Orsino,"O, you give me ill counsel.",2095
Act V,Scene I,Clown,"Put your grace in your pocket, sir, for this once,",2096
Act V,Scene I,Clown,and let your flesh and blood obey it.,2097
Act V,Scene I,Duke Orsino,"Well, I will be so much a sinner, to be a",2098
Act V,Scene I,Duke Orsino,double-dealer: there's another.,2099
Act V,Scene I,Clown,"Primo, secundo, tertio, is a good play; and the old",2100
Act V,Scene I,Clown,"saying is, the third pays for all: the triplex,",2101
Act V,Scene I,Clown,"sir, is a good tripping measure; or the bells of",2102
Act V,Scene I,Clown,"Saint Bennet, sir, may put you in mind; one, two, three.",2103
Act V,Scene I,Duke Orsino,You can fool no more money out of me at this throw:,2104
Act V,Scene I,Duke Orsino,if you will let your lady know I am here to speak,2105
Act V,Scene I,Duke Orsino,"with her, and bring her along with you, it may awake",2106
Act V,Scene I,Duke Orsino,my bounty further.,2107
Act V,Scene I,Clown,"Marry, sir, lullaby to your bounty till I come",2108
Act V,Scene I,Clown,"again. I go, sir; but I would not have you to think",2109
Act V,Scene I,Clown,that my desire of having is the sin of covetousness:,2110
Act V,Scene I,Clown,"but, as you say, sir, let your bounty take a nap, I",2111
Act V,Scene I,Clown,will awake it anon.,2112
Act V,Scene I,[stage direction],Exit,NA
Act V,Scene I,Viola,"Here comes the man, sir, that did rescue me.",2113
Act V,Scene I,[stage direction],Enter ANTONIO and Officers,NA
Act V,Scene I,Duke Orsino,That face of his I do remember well;,2114
Act V,Scene I,Duke Orsino,"Yet, when I saw it last, it was besmear'd",2115
Act V,Scene I,Duke Orsino,As black as Vulcan in the smoke of war:,2116
Act V,Scene I,Duke Orsino,"A bawbling vessel was he captain of,",2117
Act V,Scene I,Duke Orsino,For shallow draught and bulk unprizable;,2118
Act V,Scene I,Duke Orsino,With which such scathful grapple did he make,2119
Act V,Scene I,Duke Orsino,"With the most noble bottom of our fleet,",2120
Act V,Scene I,Duke Orsino,That very envy and the tongue of loss,2121
Act V,Scene I,Duke Orsino,Cried fame and honour on him. What's the matter?,2122
Act V,Scene I,First Officer,"Orsino, this is that Antonio",2123
Act V,Scene I,First Officer,That took the Phoenix and her fraught from Candy;,2124
Act V,Scene I,First Officer,"And this is he that did the Tiger board,",2125
Act V,Scene I,First Officer,When your young nephew Titus lost his leg:,2126
Act V,Scene I,First Officer,"Here in the streets, desperate of shame and state,",2127
Act V,Scene I,First Officer,In private brabble did we apprehend him.,2128
Act V,Scene I,Viola,"He did me kindness, sir, drew on my side;",2129
Act V,Scene I,Viola,But in conclusion put strange speech upon me:,2130
Act V,Scene I,Viola,I know not what 'twas but distraction.,2131
Act V,Scene I,Duke Orsino,Notable pirate! thou salt-water thief!,2132
Act V,Scene I,Duke Orsino,"What foolish boldness brought thee to their mercies,",2133
Act V,Scene I,Duke Orsino,"Whom thou, in terms so bloody and so dear,",2134
Act V,Scene I,Duke Orsino,Hast made thine enemies?,2135
Act V,Scene I,Antonio,"Orsino, noble sir,",2136
Act V,Scene I,Antonio,Be pleased that I shake off these names you give me:,2137
Act V,Scene I,Antonio,"Antonio never yet was thief or pirate,",2138
Act V,Scene I,Antonio,"Though I confess, on base and ground enough,",2139
Act V,Scene I,Antonio,Orsino's enemy. A witchcraft drew me hither:,2140
Act V,Scene I,Antonio,"That most ingrateful boy there by your side,",2141
Act V,Scene I,Antonio,From the rude sea's enraged and foamy mouth,2142
Act V,Scene I,Antonio,Did I redeem; a wreck past hope he was:,2143
Act V,Scene I,Antonio,His life I gave him and did thereto add,2144
Act V,Scene I,Antonio,"My love, without retention or restraint,",2145
Act V,Scene I,Antonio,All his in dedication; for his sake,2146
Act V,Scene I,Antonio,"Did I expose myself, pure for his love,",2147
Act V,Scene I,Antonio,Into the danger of this adverse town;,2148
Act V,Scene I,Antonio,Drew to defend him when he was beset:,2149
Act V,Scene I,Antonio,"Where being apprehended, his false cunning,",2150
Act V,Scene I,Antonio,"Not meaning to partake with me in danger,",2151
Act V,Scene I,Antonio,"Taught him to face me out of his acquaintance,",2152
Act V,Scene I,Antonio,And grew a twenty years removed thing,2153
Act V,Scene I,Antonio,"While one would wink; denied me mine own purse,",2154
Act V,Scene I,Antonio,Which I had recommended to his use,2155
Act V,Scene I,Antonio,Not half an hour before.,2156
Act V,Scene I,Viola,How can this be?,2157
Act V,Scene I,Duke Orsino,When came he to this town?,2158
Act V,Scene I,Antonio,"To-day, my lord; and for three months before,",2159
Act V,Scene I,Antonio,"No interim, not a minute's vacancy,",2160
Act V,Scene I,Antonio,Both day and night did we keep company.,2161
Act V,Scene I,[stage direction],Enter OLIVIA and Attendants,NA
Act V,Scene I,Duke Orsino,Here comes the countess: now heaven walks on earth.,2162
Act V,Scene I,Duke Orsino,"But for thee, fellow; fellow, thy words are madness:",2163
Act V,Scene I,Duke Orsino,Three months this youth hath tended upon me;,2164
Act V,Scene I,Duke Orsino,But more of that anon. Take him aside.,2165
Act V,Scene I,Olivia,"What would my lord, but that he may not have,",2166
Act V,Scene I,Olivia,Wherein Olivia may seem serviceable?,2167
Act V,Scene I,Olivia,"Cesario, you do not keep promise with me.",2168
Act V,Scene I,Viola,Madam!,2169
Act V,Scene I,Duke Orsino,"Gracious Olivia,--",2170
Act V,Scene I,Olivia,"What do you say, Cesario? Good my lord,--",2171
Act V,Scene I,Viola,My lord would speak; my duty hushes me.,2172
Act V,Scene I,Olivia,"If it be aught to the old tune, my lord,",2173
Act V,Scene I,Olivia,It is as fat and fulsome to mine ear,2174
Act V,Scene I,Olivia,As howling after music.,2175
Act V,Scene I,Duke Orsino,Still so cruel?,2176
Act V,Scene I,Olivia,"Still so constant, lord.",2177
Act V,Scene I,Duke Orsino,"What, to perverseness? you uncivil lady,",2178
Act V,Scene I,Duke Orsino,To whose ingrate and unauspicious altars,2179
Act V,Scene I,Duke Orsino,My soul the faithfull'st offerings hath breathed out,2180
Act V,Scene I,Duke Orsino,That e'er devotion tender'd! What shall I do?,2181
Act V,Scene I,Olivia,"Even what it please my lord, that shall become him.",2182
Act V,Scene I,Duke Orsino,"Why should I not, had I the heart to do it,",2183
Act V,Scene I,Duke Orsino,"Like to the Egyptian thief at point of death,",2184
Act V,Scene I,Duke Orsino,Kill what I love?--a savage jealousy,2185
Act V,Scene I,Duke Orsino,That sometimes savours nobly. But hear me this:,2186
Act V,Scene I,Duke Orsino,"Since you to non-regardance cast my faith,",2187
Act V,Scene I,Duke Orsino,And that I partly know the instrument,2188
Act V,Scene I,Duke Orsino,"That screws me from my true place in your favour,",2189
Act V,Scene I,Duke Orsino,Live you the marble-breasted tyrant still;,2190
Act V,Scene I,Duke Orsino,"But this your minion, whom I know you love,",2191
Act V,Scene I,Duke Orsino,"And whom, by heaven I swear, I tender dearly,",2192
Act V,Scene I,Duke Orsino,"Him will I tear out of that cruel eye,",2193
Act V,Scene I,Duke Orsino,Where he sits crowned in his master's spite.,2194
Act V,Scene I,Duke Orsino,"Come, boy, with me; my thoughts are ripe in mischief:",2195
Act V,Scene I,Duke Orsino,"I'll sacrifice the lamb that I do love,",2196
Act V,Scene I,Duke Orsino,To spite a raven's heart within a dove.,2197
Act V,Scene I,Viola,"And I, most jocund, apt and willingly,",2198
Act V,Scene I,Viola,"To do you rest, a thousand deaths would die.",2199
Act V,Scene I,Olivia,Where goes Cesario?,2200
Act V,Scene I,Viola,After him I love,2201
Act V,Scene I,Viola,"More than I love these eyes, more than my life,",2202
Act V,Scene I,Viola,"More, by all mores, than e'er I shall love wife.",2203
Act V,Scene I,Viola,"If I do feign, you witnesses above",2204
Act V,Scene I,Viola,Punish my life for tainting of my love!,2205
Act V,Scene I,Olivia,"Ay me, detested! how am I beguiled!",2206
Act V,Scene I,Viola,Who does beguile you? who does do you wrong?,2207
Act V,Scene I,Olivia,Hast thou forgot thyself? is it so long?,2208
Act V,Scene I,Olivia,Call forth the holy father.,2209
Act V,Scene I,Duke Orsino,"Come, away!",2210
Act V,Scene I,Olivia,"Whither, my lord? Cesario, husband, stay.",2211
Act V,Scene I,Duke Orsino,Husband!,2212
Act V,Scene I,Olivia,"Ay, husband: can he that deny?",2213
Act V,Scene I,Duke Orsino,"Her husband, sirrah!",2214
Act V,Scene I,Viola,"No, my lord, not I.",2215
Act V,Scene I,Olivia,"Alas, it is the baseness of thy fear",2216
Act V,Scene I,Olivia,That makes thee strangle thy propriety:,2217
Act V,Scene I,Olivia,"Fear not, Cesario; take thy fortunes up;",2218
Act V,Scene I,Olivia,"Be that thou know'st thou art, and then thou art",2219
Act V,Scene I,Olivia,As great as that thou fear'st.,2220
Act V,Scene I,[stage direction],Enter Priest,NA
Act V,Scene I,Olivia,"O, welcome, father!",2221
Act V,Scene I,Olivia,"Father, I charge thee, by thy reverence,",2222
Act V,Scene I,Olivia,"Here to unfold, though lately we intended",2223
Act V,Scene I,Olivia,To keep in darkness what occasion now,2224
Act V,Scene I,Olivia,"Reveals before 'tis ripe, what thou dost know",2225
Act V,Scene I,Olivia,Hath newly pass'd between this youth and me.,2226
Act V,Scene I,Priest,"A contract of eternal bond of love,",2227
Act V,Scene I,Priest,"Confirm'd by mutual joinder of your hands,",2228
Act V,Scene I,Priest,"Attested by the holy close of lips,",2229
Act V,Scene I,Priest,Strengthen'd by interchangement of your rings;,2230
Act V,Scene I,Priest,And all the ceremony of this compact,2231
Act V,Scene I,Priest,"Seal'd in my function, by my testimony:",2232
Act V,Scene I,Priest,"Since when, my watch hath told me, toward my grave",2233
Act V,Scene I,Priest,I have travell'd but two hours.,2234
Act V,Scene I,Duke Orsino,O thou dissembling cub! what wilt thou be,2235
Act V,Scene I,Duke Orsino,When time hath sow'd a grizzle on thy case?,2236
Act V,Scene I,Duke Orsino,"Or will not else thy craft so quickly grow,",2237
Act V,Scene I,Duke Orsino,That thine own trip shall be thine overthrow?,2238
Act V,Scene I,Duke Orsino,"Farewell, and take her; but direct thy feet",2239
Act V,Scene I,Duke Orsino,Where thou and I henceforth may never meet.,2240
Act V,Scene I,Viola,"My lord, I do protest--",2241
Act V,Scene I,Olivia,"O, do not swear!",2242
Act V,Scene I,Olivia,"Hold little faith, though thou hast too much fear.",2243
Act V,Scene I,[stage direction],Enter SIR ANDREW,NA
Act V,Scene I,Sir Andrew,"For the love of God, a surgeon! Send one presently",2244
Act V,Scene I,Sir Andrew,to Sir Toby.,2245
Act V,Scene I,Olivia,What's the matter?,2246
Act V,Scene I,Sir Andrew,He has broke my head across and has given Sir Toby,2247
Act V,Scene I,Sir Andrew,"a bloody coxcomb too: for the love of God, your",2248
Act V,Scene I,Sir Andrew,help! I had rather than forty pound I were at home.,2249
Act V,Scene I,Olivia,"Who has done this, Sir Andrew?",2250
Act V,Scene I,Sir Andrew,"The count's gentleman, one Cesario: we took him for",2251
Act V,Scene I,Sir Andrew,"a coward, but he's the very devil incardinate.",2252
Act V,Scene I,Duke Orsino,"My gentleman, Cesario?",2253
Act V,Scene I,Sir Andrew,"'Od's lifelings, here he is! You broke my head for",2254
Act V,Scene I,Sir Andrew,"nothing; and that that I did, I was set on to do't",2255
Act V,Scene I,Sir Andrew,by Sir Toby.,2256
Act V,Scene I,Viola,Why do you speak to me? I never hurt you:,2257
Act V,Scene I,Viola,You drew your sword upon me without cause;,2258
Act V,Scene I,Viola,"But I bespoke you fair, and hurt you not.",2259
Act V,Scene I,Sir Andrew,"If a bloody coxcomb be a hurt, you have hurt me: I",2260
Act V,Scene I,Sir Andrew,think you set nothing by a bloody coxcomb.,2261
Act V,Scene I,[stage direction],Enter SIR TOBY BELCH and Clown,NA
Act V,Scene I,Sir Andrew,Here comes Sir Toby halting; you shall hear more:,2262
Act V,Scene I,Sir Andrew,"but if he had not been in drink, he would have",2263
Act V,Scene I,Sir Andrew,tickled you othergates than he did.,2264
Act V,Scene I,Duke Orsino,"How now, gentleman! how is't with you?",2265
Act V,Scene I,Sir Toby Belch,"That's all one: has hurt me, and there's the end",2266
Act V,Scene I,Sir Toby Belch,"on't. Sot, didst see Dick surgeon, sot?",2267
Act V,Scene I,Clown,"O, he's drunk, Sir Toby, an hour agone; his eyes",2268
Act V,Scene I,Clown,were set at eight i' the morning.,2269
Act V,Scene I,Sir Toby Belch,"Then he's a rogue, and a passy measures panyn: I",2270
Act V,Scene I,Sir Toby Belch,hate a drunken rogue.,2271
Act V,Scene I,Olivia,Away with him! Who hath made this havoc with them?,2272
Act V,Scene I,Sir Andrew,"I'll help you, Sir Toby, because well be dressed together.",2273
Act V,Scene I,Sir Toby Belch,Will you help? an ass-head and a coxcomb and a,2274
Act V,Scene I,Sir Toby Belch,"knave, a thin-faced knave, a gull!",2275
Act V,Scene I,Olivia,"Get him to bed, and let his hurt be look'd to.",2276
Act V,Scene I,[stage direction],"Exeunt Clown, FABIAN, SIR TOBY BELCH, and SIR ANDREW",NA
Act V,Scene I,[stage direction],Enter SEBASTIAN,NA
Act V,Scene I,Sebastian,"I am sorry, madam, I have hurt your kinsman:",2277
Act V,Scene I,Sebastian,"But, had it been the brother of my blood,",2278
Act V,Scene I,Sebastian,I must have done no less with wit and safety.,2279
Act V,Scene I,Sebastian,"You throw a strange regard upon me, and by that",2280
Act V,Scene I,Sebastian,I do perceive it hath offended you:,2281
Act V,Scene I,Sebastian,"Pardon me, sweet one, even for the vows",2282
Act V,Scene I,Sebastian,We made each other but so late ago.,2283
Act V,Scene I,Duke Orsino,"One face, one voice, one habit, and two persons,",2284
Act V,Scene I,Duke Orsino,"A natural perspective, that is and is not!",2285
Act V,Scene I,Sebastian,"Antonio, O my dear Antonio!",2286
Act V,Scene I,Sebastian,"How have the hours rack'd and tortured me,",2287
Act V,Scene I,Sebastian,Since I have lost thee!,2288
Act V,Scene I,Antonio,Sebastian are you?,2289
Act V,Scene I,Sebastian,"Fear'st thou that, Antonio?",2290
Act V,Scene I,Antonio,How have you made division of yourself?,2291
Act V,Scene I,Antonio,"An apple, cleft in two, is not more twin",2292
Act V,Scene I,Antonio,Than these two creatures. Which is Sebastian?,2293
Act V,Scene I,Olivia,Most wonderful!,2294
Act V,Scene I,Sebastian,Do I stand there? I never had a brother;,2295
Act V,Scene I,Sebastian,"Nor can there be that deity in my nature,",2296
Act V,Scene I,Sebastian,"Of here and every where. I had a sister,",2297
Act V,Scene I,Sebastian,Whom the blind waves and surges have devour'd.,2298
Act V,Scene I,Sebastian,"Of charity, what kin are you to me?",2299
Act V,Scene I,Sebastian,What countryman? what name? what parentage?,2300
Act V,Scene I,Viola,Of Messaline: Sebastian was my father;,2301
Act V,Scene I,Viola,"Such a Sebastian was my brother too,",2302
Act V,Scene I,Viola,So went he suited to his watery tomb:,2303
Act V,Scene I,Viola,If spirits can assume both form and suit,2304
Act V,Scene I,Viola,You come to fright us.,2305
Act V,Scene I,Sebastian,A spirit I am indeed;,2306
Act V,Scene I,Sebastian,But am in that dimension grossly clad,2307
Act V,Scene I,Sebastian,Which from the womb I did participate.,2308
Act V,Scene I,Sebastian,"Were you a woman, as the rest goes even,",2309
Act V,Scene I,Sebastian,"I should my tears let fall upon your cheek,",2310
Act V,Scene I,Sebastian,"And say 'Thrice-welcome, drowned Viola!'",2311
Act V,Scene I,Viola,My father had a mole upon his brow.,2312
Act V,Scene I,Sebastian,And so had mine.,2313
Act V,Scene I,Viola,And died that day when Viola from her birth,2314
Act V,Scene I,Viola,Had number'd thirteen years.,2315
Act V,Scene I,Sebastian,"O, that record is lively in my soul!",2316
Act V,Scene I,Sebastian,He finished indeed his mortal act,2317
Act V,Scene I,Sebastian,That day that made my sister thirteen years.,2318
Act V,Scene I,Viola,If nothing lets to make us happy both,2319
Act V,Scene I,Viola,"But this my masculine usurp'd attire,",2320
Act V,Scene I,Viola,Do not embrace me till each circumstance,2321
Act V,Scene I,Viola,"Of place, time, fortune, do cohere and jump",2322
Act V,Scene I,Viola,"That I am Viola: which to confirm,",2323
Act V,Scene I,Viola,"I'll bring you to a captain in this town,",2324
Act V,Scene I,Viola,Where lie my maiden weeds; by whose gentle help,2325
Act V,Scene I,Viola,I was preserved to serve this noble count.,2326
Act V,Scene I,Viola,All the occurrence of my fortune since,2327
Act V,Scene I,Viola,Hath been between this lady and this lord.,2328
Act V,Scene I,Sebastian,"[To OLIVIA]  So comes it, lady, you have been mistook:",2329
Act V,Scene I,Sebastian,But nature to her bias drew in that.,2330
Act V,Scene I,Sebastian,You would have been contracted to a maid;,2331
Act V,Scene I,Sebastian,"Nor are you therein, by my life, deceived,",2332
Act V,Scene I,Sebastian,You are betroth'd both to a maid and man.,2333
Act V,Scene I,Duke Orsino,Be not amazed; right noble is his blood.,2334
Act V,Scene I,Duke Orsino,"If this be so, as yet the glass seems true,",2335
Act V,Scene I,Duke Orsino,I shall have share in this most happy wreck.,2336
Act V,Scene I,[stage direction],To VIOLA,NA
Act V,Scene I,Duke Orsino,"Boy, thou hast said to me a thousand times",2337
Act V,Scene I,Duke Orsino,Thou never shouldst love woman like to me.,2338
Act V,Scene I,Viola,And all those sayings will I overswear;,2339
Act V,Scene I,Viola,And those swearings keep as true in soul,2340
Act V,Scene I,Viola,As doth that orbed continent the fire,2341
Act V,Scene I,Viola,That severs day from night.,2342
Act V,Scene I,Duke Orsino,Give me thy hand;,2343
Act V,Scene I,Duke Orsino,And let me see thee in thy woman's weeds.,2344
Act V,Scene I,Viola,The captain that did bring me first on shore,2345
Act V,Scene I,Viola,Hath my maid's garments: he upon some action,2346
Act V,Scene I,Viola,"Is now in durance, at Malvolio's suit,",2347
Act V,Scene I,Viola,"A gentleman, and follower of my lady's.",2348
Act V,Scene I,Olivia,He shall enlarge him: fetch Malvolio hither:,2349
Act V,Scene I,Olivia,"And yet, alas, now I remember me,",2350
Act V,Scene I,Olivia,"They say, poor gentleman, he's much distract.",2351
Act V,Scene I,[stage direction],"Re-enter Clown with a letter, and FABIAN",NA
Act V,Scene I,Olivia,A most extracting frenzy of mine own,2352
Act V,Scene I,Olivia,From my remembrance clearly banish'd his.,2353
Act V,Scene I,Olivia,"How does he, sirrah?",2354
Act V,Scene I,Clown,"Truly, madam, he holds Belzebub at the staves's end as",2355
Act V,Scene I,Clown,well as a man in his case may do: has here writ a,2356
Act V,Scene I,Clown,letter to you; I should have given't you to-day,2357
Act V,Scene I,Clown,"morning, but as a madman's epistles are no gospels,",2358
Act V,Scene I,Clown,so it skills not much when they are delivered.,2359
Act V,Scene I,Olivia,"Open't, and read it.",2360
Act V,Scene I,Clown,Look then to be well edified when the fool delivers,2361
Act V,Scene I,Clown,the madman.,2362
Act V,Scene I,[stage direction],Reads,NA
Act V,Scene I,Clown,"'By the Lord, madam,'--",2363
Act V,Scene I,Olivia,How now! art thou mad?,2364
Act V,Scene I,Clown,"No, madam, I do but read madness: an your ladyship",2365
Act V,Scene I,Clown,"will have it as it ought to be, you must allow Vox.",2366
Act V,Scene I,Olivia,"Prithee, read i' thy right wits.",2367
Act V,Scene I,Clown,"So I do, madonna; but to read his right wits is to",2368
Act V,Scene I,Clown,"read thus: therefore perpend, my princess, and give ear.",2369
Act V,Scene I,Olivia,"Read it you, sirrah.",2370
Act V,Scene I,[stage direction],To FABIAN,NA
Act V,Scene I,Fabian,"[Reads]  'By the Lord, madam, you wrong me, and the",2371
Act V,Scene I,Fabian,world shall know it: though you have put me into,2372
Act V,Scene I,Fabian,darkness and given your drunken cousin rule over,2373
Act V,Scene I,Fabian,"me, yet have I the benefit of my senses as well as",2374
Act V,Scene I,Fabian,your ladyship. I have your own letter that induced,2375
Act V,Scene I,Fabian,me to the semblance I put on; with the which I doubt,2376
Act V,Scene I,Fabian,"not but to do myself much right, or you much shame.",2377
Act V,Scene I,Fabian,Think of me as you please. I leave my duty a little,2378
Act V,Scene I,Fabian,unthought of and speak out of my injury.,2379
Act V,Scene I,Fabian,THE MADLY-USED MALVOLIO.',2380
Act V,Scene I,Olivia,Did he write this?,2381
Act V,Scene I,Clown,"Ay, madam.",2382
Act V,Scene I,Duke Orsino,This savours not much of distraction.,2383
Act V,Scene I,Olivia,"See him deliver'd, Fabian; bring him hither.",2384
Act V,Scene I,[stage direction],Exit FABIAN,NA
Act V,Scene I,Olivia,"My lord so please you, these things further",2385
Act V,Scene I,Olivia,"thought on,",2386
Act V,Scene I,Olivia,"To think me as well a sister as a wife,",2387
Act V,Scene I,Olivia,"One day shall crown the alliance on't, so please you,",2388
Act V,Scene I,Olivia,Here at my house and at my proper cost.,2389
Act V,Scene I,Duke Orsino,"Madam, I am most apt to embrace your offer.",2390
Act V,Scene I,[stage direction],To VIOLA,NA
Act V,Scene I,Duke Orsino,"Your master quits you; and for your service done him,",2391
Act V,Scene I,Duke Orsino,"So much against the mettle of your sex,",2392
Act V,Scene I,Duke Orsino,"So far beneath your soft and tender breeding,",2393
Act V,Scene I,Duke Orsino,"And since you call'd me master for so long,",2394
Act V,Scene I,Duke Orsino,Here is my hand: you shall from this time be,2395
Act V,Scene I,Duke Orsino,Your master's mistress.,2396
Act V,Scene I,Olivia,A sister! you are she.,2397
Act V,Scene I,[stage direction],"Re-enter FABIAN, with MALVOLIO",NA
Act V,Scene I,Duke Orsino,Is this the madman?,2398
Act V,Scene I,Olivia,"Ay, my lord, this same.",2399
Act V,Scene I,Olivia,"How now, Malvolio!",2400
Act V,Scene I,Malvolio,"Madam, you have done me wrong,",2401
Act V,Scene I,Malvolio,Notorious wrong.,2402
Act V,Scene I,Olivia,"Have I, Malvolio? no.",2403
Act V,Scene I,Malvolio,"Lady, you have. Pray you, peruse that letter.",2404
Act V,Scene I,Malvolio,You must not now deny it is your hand:,2405
Act V,Scene I,Malvolio,"Write from it, if you can, in hand or phrase;",2406
Act V,Scene I,Malvolio,"Or say 'tis not your seal, nor your invention:",2407
Act V,Scene I,Malvolio,"You can say none of this: well, grant it then",2408
Act V,Scene I,Malvolio,"And tell me, in the modesty of honour,",2409
Act V,Scene I,Malvolio,"Why you have given me such clear lights of favour,",2410
Act V,Scene I,Malvolio,"Bade me come smiling and cross-garter'd to you,",2411
Act V,Scene I,Malvolio,To put on yellow stockings and to frown,2412
Act V,Scene I,Malvolio,Upon Sir Toby and the lighter people;,2413
Act V,Scene I,Malvolio,"And, acting this in an obedient hope,",2414
Act V,Scene I,Malvolio,"Why have you suffer'd me to be imprison'd,",2415
Act V,Scene I,Malvolio,"Kept in a dark house, visited by the priest,",2416
Act V,Scene I,Malvolio,And made the most notorious geck and gull,2417
Act V,Scene I,Malvolio,That e'er invention play'd on? tell me why.,2418
Act V,Scene I,Olivia,"Alas, Malvolio, this is not my writing,",2419
Act V,Scene I,Olivia,"Though, I confess, much like the character",2420
Act V,Scene I,Olivia,But out of question 'tis Maria's hand.,2421
Act V,Scene I,Olivia,"And now I do bethink me, it was she",2422
Act V,Scene I,Olivia,"First told me thou wast mad; then camest in smiling,",2423
Act V,Scene I,Olivia,And in such forms which here were presupposed,2424
Act V,Scene I,Olivia,"Upon thee in the letter. Prithee, be content:",2425
Act V,Scene I,Olivia,This practise hath most shrewdly pass'd upon thee;,2426
Act V,Scene I,Olivia,"But when we know the grounds and authors of it,",2427
Act V,Scene I,Olivia,Thou shalt be both the plaintiff and the judge,2428
Act V,Scene I,Olivia,Of thine own cause.,2429
Act V,Scene I,Fabian,"Good madam, hear me speak,",2430
Act V,Scene I,Fabian,And let no quarrel nor no brawl to come,2431
Act V,Scene I,Fabian,"Taint the condition of this present hour,",2432
Act V,Scene I,Fabian,"Which I have wonder'd at. In hope it shall not,",2433
Act V,Scene I,Fabian,"Most freely I confess, myself and Toby",2434
Act V,Scene I,Fabian,"Set this device against Malvolio here,",2435
Act V,Scene I,Fabian,Upon some stubborn and uncourteous parts,2436
Act V,Scene I,Fabian,We had conceived against him: Maria writ,2437
Act V,Scene I,Fabian,The letter at Sir Toby's great importance;,2438
Act V,Scene I,Fabian,In recompense whereof he hath married her.,2439
Act V,Scene I,Fabian,"How with a sportful malice it was follow'd,",2440
Act V,Scene I,Fabian,May rather pluck on laughter than revenge;,2441
Act V,Scene I,Fabian,If that the injuries be justly weigh'd,2442
Act V,Scene I,Fabian,That have on both sides pass'd.,2443
Act V,Scene I,Olivia,"Alas, poor fool, how have they baffled thee!",2444
Act V,Scene I,Clown,"Why, 'some are born great, some achieve greatness,",2445
Act V,Scene I,Clown,and some have greatness thrown upon them.' I was,2446
Act V,Scene I,Clown,"one, sir, in this interlude; one Sir Topas, sir; but",2447
Act V,Scene I,Clown,"that's all one. 'By the Lord, fool, I am not mad.'",2448
Act V,Scene I,Clown,"But do you remember? 'Madam, why laugh you at such",2449
Act V,Scene I,Clown,"a barren rascal? an you smile not, he's gagged:'",2450
Act V,Scene I,Clown,and thus the whirligig of time brings in his revenges.,2451
Act V,Scene I,Malvolio,I'll be revenged on the whole pack of you.,2452
Act V,Scene I,[stage direction],Exit,NA
Act V,Scene I,Olivia,He hath been most notoriously abused.,2453
Act V,Scene I,Duke Orsino,Pursue him and entreat him to a peace:,2454
Act V,Scene I,Duke Orsino,He hath not told us of the captain yet:,2455
Act V,Scene I,Duke Orsino,"When that is known and golden time convents,",2456
Act V,Scene I,Duke Orsino,A solemn combination shall be made,2457
Act V,Scene I,Duke Orsino,"Of our dear souls. Meantime, sweet sister,",2458
Act V,Scene I,Duke Orsino,"We will not part from hence. Cesario, come;",2459
Act V,Scene I,Duke Orsino,"For so you shall be, while you are a man;",2460
Act V,Scene I,Duke Orsino,"But when in other habits you are seen,",2461
Act V,Scene I,Duke Orsino,Orsino's mistress and his fancy's queen.,2462
Act V,Scene I,[stage direction],"Exeunt all, except Clown",NA
Act V,Scene I,Clown,[Sings],2463
Act V,Scene I,Clown,"When that I was and a little tiny boy,",2464
Act V,Scene I,Clown,"With hey, ho, the wind and the rain,",2465
Act V,Scene I,Clown,"A foolish thing was but a toy,",2466
Act V,Scene I,Clown,For the rain it raineth every day.,2467
Act V,Scene I,Clown,"But when I came to man's estate,",2468
Act V,Scene I,Clown,"With hey, ho,  &amp; c.",2469
Act V,Scene I,Clown,"'Gainst knaves and thieves men shut their gate,",2470
Act V,Scene I,Clown,"For the rain,  &amp; c.",2471
Act V,Scene I,Clown,"But when I came, alas! to wive,",2472
Act V,Scene I,Clown,"With hey, ho,  &amp; c.",2473
Act V,Scene I,Clown,"By swaggering could I never thrive,",2474
Act V,Scene I,Clown,"For the rain,  &amp; c.",2475
Act V,Scene I,Clown,"But when I came unto my beds,",2476
Act V,Scene I,Clown,"With hey, ho,  &amp; c.",2477
Act V,Scene I,Clown,"With toss-pots still had drunken heads,",2478
Act V,Scene I,Clown,"For the rain,  &amp; c.",2479
Act V,Scene I,Clown,"A great while ago the world begun,",2480
Act V,Scene I,Clown,"With hey, ho,  &amp; c.",2481
Act V,Scene I,Clown,"But that's all one, our play is done,",2482
Act V,Scene I,Clown,And we'll strive to please you every day.,2483
Act V,Scene I,[stage direction],Exit,NA
