act,scene,character,dialogue,line_number
Act I,Scene I,[stage direction],Enter VALENTINE and PROTEUS,NA
Act I,Scene I,Valentine,"Cease to persuade, my loving Proteus:",1
Act I,Scene I,Valentine,Home-keeping youth have ever homely wits.,2
Act I,Scene I,Valentine,Were't not affection chains thy tender days,3
Act I,Scene I,Valentine,"To the sweet glances of thy honour'd love,",4
Act I,Scene I,Valentine,I rather would entreat thy company,5
Act I,Scene I,Valentine,"To see the wonders of the world abroad,",6
Act I,Scene I,Valentine,"Than, living dully sluggardized at home,",7
Act I,Scene I,Valentine,Wear out thy youth with shapeless idleness.,8
Act I,Scene I,Valentine,"But since thou lovest, love still and thrive therein,",9
Act I,Scene I,Valentine,Even as I would when I to love begin.,10
Act I,Scene I,Proteus,"Wilt thou be gone? Sweet Valentine, adieu!",11
Act I,Scene I,Proteus,"Think on thy Proteus, when thou haply seest",12
Act I,Scene I,Proteus,Some rare note-worthy object in thy travel:,13
Act I,Scene I,Proteus,Wish me partaker in thy happiness,14
Act I,Scene I,Proteus,"When thou dost meet good hap; and in thy danger,",15
Act I,Scene I,Proteus,"If ever danger do environ thee,",16
Act I,Scene I,Proteus,"Commend thy grievance to my holy prayers,",17
Act I,Scene I,Proteus,"For I will be thy beadsman, Valentine.",18
Act I,Scene I,Valentine,And on a love-book pray for my success?,19
Act I,Scene I,Proteus,Upon some book I love I'll pray for thee.,20
Act I,Scene I,Valentine,That's on some shallow story of deep love:,21
Act I,Scene I,Valentine,How young Leander cross'd the Hellespont.,22
Act I,Scene I,Proteus,That's a deep story of a deeper love:,23
Act I,Scene I,Proteus,For he was more than over shoes in love.,24
Act I,Scene I,Valentine,"'Tis true; for you are over boots in love,",25
Act I,Scene I,Valentine,And yet you never swum the Hellespont.,26
Act I,Scene I,Proteus,"Over the boots? nay, give me not the boots.",27
Act I,Scene I,Valentine,"No, I will not, for it boots thee not.",28
Act I,Scene I,Proteus,What?,29
Act I,Scene I,Valentine,"To be in love, where scorn is bought with groans;",30
Act I,Scene I,Valentine,Coy looks with heart-sore sighs; one fading moment's mirth,31
Act I,Scene I,Valentine,"With twenty watchful, weary, tedious nights:",32
Act I,Scene I,Valentine,"If haply won, perhaps a hapless gain;",33
Act I,Scene I,Valentine,"If lost, why then a grievous labour won;",34
Act I,Scene I,Valentine,"However, but a folly bought with wit,",35
Act I,Scene I,Valentine,Or else a wit by folly vanquished.,36
Act I,Scene I,Proteus,"So, by your circumstance, you call me fool.",37
Act I,Scene I,Valentine,"So, by your circumstance, I fear you'll prove.",38
Act I,Scene I,Proteus,'Tis love you cavil at: I am not Love.,39
Act I,Scene I,Valentine,"Love is your master, for he masters you:",40
Act I,Scene I,Valentine,"And he that is so yoked by a fool,",41
Act I,Scene I,Valentine,"Methinks, should not be chronicled for wise.",42
Act I,Scene I,Proteus,"Yet writers say, as in the sweetest bud",43
Act I,Scene I,Proteus,"The eating canker dwells, so eating love",44
Act I,Scene I,Proteus,Inhabits in the finest wits of all.,45
Act I,Scene I,Valentine,"And writers say, as the most forward bud",46
Act I,Scene I,Valentine,"Is eaten by the canker ere it blow,",47
Act I,Scene I,Valentine,Even so by love the young and tender wit,48
Act I,Scene I,Valentine,"Is turn'd to folly, blasting in the bud,",49
Act I,Scene I,Valentine,Losing his verdure even in the prime,50
Act I,Scene I,Valentine,And all the fair effects of future hopes.,51
Act I,Scene I,Valentine,"But wherefore waste I time to counsel thee,",52
Act I,Scene I,Valentine,That art a votary to fond desire?,53
Act I,Scene I,Valentine,Once more adieu! my father at the road,54
Act I,Scene I,Valentine,"Expects my coming, there to see me shipp'd.",55
Act I,Scene I,Proteus,"And thither will I bring thee, Valentine.",56
Act I,Scene I,Valentine,"Sweet Proteus, no; now let us take our leave.",57
Act I,Scene I,Valentine,To Milan let me hear from thee by letters,58
Act I,Scene I,Valentine,"Of thy success in love, and what news else",59
Act I,Scene I,Valentine,Betideth here in absence of thy friend;,60
Act I,Scene I,Valentine,And likewise will visit thee with mine.,61
Act I,Scene I,Proteus,All happiness bechance to thee in Milan!,62
Act I,Scene I,Valentine,"As much to you at home! and so, farewell.",63
Act I,Scene I,[stage direction],Exit,NA
Act I,Scene I,Proteus,"He after honour hunts, I after love:",64
Act I,Scene I,Proteus,"He leaves his friends to dignify them more,",65
Act I,Scene I,Proteus,"I leave myself, my friends and all, for love.",66
Act I,Scene I,Proteus,"Thou, Julia, thou hast metamorphosed me,",67
Act I,Scene I,Proteus,"Made me neglect my studies, lose my time,",68
Act I,Scene I,Proteus,"War with good counsel, set the world at nought;",69
Act I,Scene I,Proteus,"Made wit with musing weak, heart sick with thought.",70
Act I,Scene I,[stage direction],Enter SPEED,NA
Act I,Scene I,Speed,"Sir Proteus, save you! Saw you my master?",71
Act I,Scene I,Proteus,"But now he parted hence, to embark for Milan.",72
Act I,Scene I,Speed,"Twenty to one then he is shipp'd already,",73
Act I,Scene I,Speed,And I have play'd the sheep in losing him.,74
Act I,Scene I,Proteus,"Indeed, a sheep doth very often stray,",75
Act I,Scene I,Proteus,An if the shepherd be a while away.,76
Act I,Scene I,Speed,"You conclude that my master is a shepherd, then,",77
Act I,Scene I,Speed,and I a sheep?,78
Act I,Scene I,Proteus,I do.,79
Act I,Scene I,Speed,"Why then, my horns are his horns, whether I wake or sleep.",80
Act I,Scene I,Proteus,A silly answer and fitting well a sheep.,81
Act I,Scene I,Speed,This proves me still a sheep.,82
Act I,Scene I,Proteus,True; and thy master a shepherd.,83
Act I,Scene I,Speed,"Nay, that I can deny by a circumstance.",84
Act I,Scene I,Proteus,It shall go hard but I'll prove it by another.,85
Act I,Scene I,Speed,"The shepherd seeks the sheep, and not the sheep the",86
Act I,Scene I,Speed,"shepherd; but I seek my master, and my master seeks",87
Act I,Scene I,Speed,not me: therefore I am no sheep.,88
Act I,Scene I,Proteus,The sheep for fodder follow the shepherd; the,89
Act I,Scene I,Proteus,shepherd for food follows not the sheep: thou for,90
Act I,Scene I,Proteus,wages followest thy master; thy master for wages,91
Act I,Scene I,Proteus,follows not thee: therefore thou art a sheep.,92
Act I,Scene I,Speed,Such another proof will make me cry 'baa.',93
Act I,Scene I,Proteus,"But, dost thou hear? gavest thou my letter to Julia?",94
Act I,Scene I,Speed,"Ay sir: I, a lost mutton, gave your letter to her,",95
Act I,Scene I,Speed,"a laced mutton, and she, a laced mutton, gave me, a",96
Act I,Scene I,Speed,"lost mutton, nothing for my labour.",97
Act I,Scene I,Proteus,Here's too small a pasture for such store of muttons.,98
Act I,Scene I,Speed,"If the ground be overcharged, you were best stick her.",99
Act I,Scene I,Proteus,"Nay: in that you are astray, 'twere best pound you.",100
Act I,Scene I,Speed,"Nay, sir, less than a pound shall serve me for",101
Act I,Scene I,Speed,carrying your letter.,102
Act I,Scene I,Proteus,"You mistake; I mean the pound,--a pinfold.",103
Act I,Scene I,Speed,"From a pound to a pin? fold it over and over,",104
Act I,Scene I,Speed,'Tis threefold too little for carrying a letter to,105
Act I,Scene I,Speed,your lover.,106
Act I,Scene I,Proteus,But what said she?,107
Act I,Scene I,Speed,[First nodding]  Ay.,108
Act I,Scene I,Proteus,"Nod--Ay--why, that's noddy.",109
Act I,Scene I,Speed,"You mistook, sir; I say, she did nod: and you ask",110
Act I,Scene I,Speed,"me if she did nod; and I say, 'Ay.'",111
Act I,Scene I,Proteus,And that set together is noddy.,112
Act I,Scene I,Speed,"Now you have taken the pains to set it together,",113
Act I,Scene I,Speed,take it for your pains.,114
Act I,Scene I,Proteus,"No, no; you shall have it for bearing the letter.",115
Act I,Scene I,Speed,"Well, I perceive I must be fain to bear with you.",116
Act I,Scene I,Proteus,"Why sir, how do you bear with me?",117
Act I,Scene I,Speed,"Marry, sir, the letter, very orderly; having nothing",118
Act I,Scene I,Speed,but the word 'noddy' for my pains.,119
Act I,Scene I,Proteus,"Beshrew me, but you have a quick wit.",120
Act I,Scene I,Speed,And yet it cannot overtake your slow purse.,121
Act I,Scene I,Proteus,"Come come, open the matter in brief: what said she?",122
Act I,Scene I,Speed,"Open your purse, that the money and the matter may",123
Act I,Scene I,Speed,be both at once delivered.,124
Act I,Scene I,Proteus,"Well, sir, here is for your pains. What said she?",125
Act I,Scene I,Speed,"Truly, sir, I think you'll hardly win her.",126
Act I,Scene I,Proteus,"Why, couldst thou perceive so much from her?",127
Act I,Scene I,Speed,"Sir, I could perceive nothing at all from her; no,",128
Act I,Scene I,Speed,not so much as a ducat for delivering your letter:,129
Act I,Scene I,Speed,"and being so hard to me that brought your mind, I",130
Act I,Scene I,Speed,fear she'll prove as hard to you in telling your,131
Act I,Scene I,Speed,mind. Give her no token but stones; for she's as,132
Act I,Scene I,Speed,hard as steel.,133
Act I,Scene I,Proteus,What said she? nothing?,134
Act I,Scene I,Speed,"No, not so much as 'Take this for thy pains.' To",135
Act I,Scene I,Speed,"testify your bounty, I thank you, you have testerned",136
Act I,Scene I,Speed,"me; in requital whereof, henceforth carry your",137
Act I,Scene I,Speed,"letters yourself: and so, sir, I'll commend you to my master.",138
Act I,Scene I,Proteus,"Go, go, be gone, to save your ship from wreck,",139
Act I,Scene I,Proteus,"Which cannot perish having thee aboard,",140
Act I,Scene I,Proteus,Being destined to a drier death on shore.,141
Act I,Scene I,[stage direction],Exit SPEED,NA
Act I,Scene I,Proteus,I must go send some better messenger:,142
Act I,Scene I,Proteus,"I fear my Julia would not deign my lines,",143
Act I,Scene I,Proteus,Receiving them from such a worthless post.,144
Act I,Scene I,[stage direction],Exit,NA
Act I,Scene II,[stage direction],Enter JULlA and LUCETTA,NA
Act I,Scene II,Julia,"But say, Lucetta, now we are alone,",145
Act I,Scene II,Julia,Wouldst thou then counsel me to fall in love?,146
Act I,Scene II,Lucetta,"Ay, madam, so you stumble not unheedfully.",147
Act I,Scene II,Julia,Of all the fair resort of gentlemen,148
Act I,Scene II,Julia,"That every day with parle encounter me,",149
Act I,Scene II,Julia,In thy opinion which is worthiest love?,150
Act I,Scene II,Lucetta,"Please you repeat their names, I'll show my mind",151
Act I,Scene II,Lucetta,According to my shallow simple skill.,152
Act I,Scene II,Julia,What think'st thou of the fair Sir Eglamour?,153
Act I,Scene II,Lucetta,"As of a knight well-spoken, neat and fine;",154
Act I,Scene II,Lucetta,"But, were I you, he never should be mine.",155
Act I,Scene II,Julia,What think'st thou of the rich Mercatio?,156
Act I,Scene II,Lucetta,"Well of his wealth; but of himself, so so.",157
Act I,Scene II,Julia,What think'st thou of the gentle Proteus?,158
Act I,Scene II,Lucetta,"Lord, Lord! to see what folly reigns in us!",159
Act I,Scene II,Julia,How now! what means this passion at his name?,160
Act I,Scene II,Lucetta,"Pardon, dear madam: 'tis a passing shame",161
Act I,Scene II,Lucetta,"That I, unworthy body as I am,",162
Act I,Scene II,Lucetta,Should censure thus on lovely gentlemen.,163
Act I,Scene II,Julia,"Why not on Proteus, as of all the rest?",164
Act I,Scene II,Lucetta,Then thus: of many good I think him best.,165
Act I,Scene II,Julia,Your reason?,166
Act I,Scene II,Lucetta,"I have no other, but a woman's reason;",167
Act I,Scene II,Lucetta,I think him so because I think him so.,168
Act I,Scene II,Julia,And wouldst thou have me cast my love on him?,169
Act I,Scene II,Lucetta,"Ay, if you thought your love not cast away.",170
Act I,Scene II,Julia,"Why he, of all the rest, hath never moved me.",171
Act I,Scene II,Lucetta,"Yet he, of all the rest, I think, best loves ye.",172
Act I,Scene II,Julia,His little speaking shows his love but small.,173
Act I,Scene II,Lucetta,Fire that's closest kept burns most of all.,174
Act I,Scene II,Julia,They do not love that do not show their love.,175
Act I,Scene II,Lucetta,"O, they love least that let men know their love.",176
Act I,Scene II,Julia,I would I knew his mind.,177
Act I,Scene II,Lucetta,"Peruse this paper, madam.",178
Act I,Scene II,Julia,"'To Julia.' Say, from whom?",179
Act I,Scene II,Lucetta,That the contents will show.,180
Act I,Scene II,Julia,"Say, say, who gave it thee?",181
Act I,Scene II,Lucetta,"Valentine's page; and sent, I think, from Proteus.",182
Act I,Scene II,Lucetta,"He would have given it you; but I, being in the way,",183
Act I,Scene II,Lucetta,Did in your name receive it: pardon the,184
Act I,Scene II,Lucetta,fault I pray.,185
Act I,Scene II,Julia,"Now, by my modesty, a goodly broker!",186
Act I,Scene II,Julia,Dare you presume to harbour wanton lines?,187
Act I,Scene II,Julia,To whisper and conspire against my youth?,188
Act I,Scene II,Julia,"Now, trust me, 'tis an office of great worth",189
Act I,Scene II,Julia,And you an officer fit for the place.,190
Act I,Scene II,Julia,Or else return no more into my sight.,191
Act I,Scene II,Lucetta,To plead for love deserves more fee than hate.,192
Act I,Scene II,Julia,Will ye be gone?,193
Act I,Scene II,Lucetta,That you may ruminate.,194
Act I,Scene II,[stage direction],Exit,NA
Act I,Scene II,Julia,And yet I would I had o'erlooked the letter:,195
Act I,Scene II,Julia,It were a shame to call her back again,196
Act I,Scene II,Julia,And pray her to a fault for which I chid her.,197
Act I,Scene II,Julia,"What a fool is she, that knows I am a maid,",198
Act I,Scene II,Julia,And would not force the letter to my view!,199
Act I,Scene II,Julia,"Since maids, in modesty, say 'no' to that",200
Act I,Scene II,Julia,Which they would have the profferer construe 'ay.',201
Act I,Scene II,Julia,"Fie, fie, how wayward is this foolish love",202
Act I,Scene II,Julia,"That, like a testy babe, will scratch the nurse",203
Act I,Scene II,Julia,And presently all humbled kiss the rod!,204
Act I,Scene II,Julia,"How churlishly I chid Lucetta hence,",205
Act I,Scene II,Julia,When willingly I would have had her here!,206
Act I,Scene II,Julia,"How angerly I taught my brow to frown,",207
Act I,Scene II,Julia,When inward joy enforced my heart to smile!,208
Act I,Scene II,Julia,My penance is to call Lucetta back,209
Act I,Scene II,Julia,And ask remission for my folly past.,210
Act I,Scene II,Julia,What ho! Lucetta!,211
Act I,Scene II,[stage direction],Re-enter LUCETTA,NA
Act I,Scene II,Lucetta,What would your ladyship?,212
Act I,Scene II,Julia,Is't near dinner-time?,213
Act I,Scene II,Lucetta,"I would it were,",214
Act I,Scene II,Lucetta,That you might kill your stomach on your meat,215
Act I,Scene II,Lucetta,And not upon your maid.,216
Act I,Scene II,Julia,What is't that you took up so gingerly?,217
Act I,Scene II,Lucetta,Nothing.,218
Act I,Scene II,Julia,"Why didst thou stoop, then?",219
Act I,Scene II,Lucetta,To take a paper up that I let fall.,220
Act I,Scene II,Julia,And is that paper nothing?,221
Act I,Scene II,Lucetta,Nothing concerning me.,222
Act I,Scene II,Julia,Then let it lie for those that it concerns.,223
Act I,Scene II,Lucetta,"Madam, it will not lie where it concerns",224
Act I,Scene II,Lucetta,Unless it have a false interpeter.,225
Act I,Scene II,Julia,Some love of yours hath writ to you in rhyme.,226
Act I,Scene II,Lucetta,"That I might sing it, madam, to a tune.",227
Act I,Scene II,Lucetta,Give me a note: your ladyship can set.,228
Act I,Scene II,Julia,As little by such toys as may be possible.,229
Act I,Scene II,Julia,Best sing it to the tune of 'Light o' love.',230
Act I,Scene II,Lucetta,It is too heavy for so light a tune.,231
Act I,Scene II,Julia,Heavy! belike it hath some burden then?,232
Act I,Scene II,Lucetta,"Ay, and melodious were it, would you sing it.",233
Act I,Scene II,Julia,And why not you?,234
Act I,Scene II,Lucetta,I cannot reach so high.,235
Act I,Scene II,Julia,"Let's see your song. How now, minion!",236
Act I,Scene II,Lucetta,"Keep tune there still, so you will sing it out:",237
Act I,Scene II,Lucetta,And yet methinks I do not like this tune.,238
Act I,Scene II,Julia,You do not?,239
Act I,Scene II,Lucetta,"No, madam; it is too sharp.",240
Act I,Scene II,Julia,"You, minion, are too saucy.",241
Act I,Scene II,Lucetta,"Nay, now you are too flat",242
Act I,Scene II,Lucetta,And mar the concord with too harsh a descant:,243
Act I,Scene II,Lucetta,There wanteth but a mean to fill your song.,244
Act I,Scene II,Julia,The mean is drown'd with your unruly bass.,245
Act I,Scene II,Lucetta,"Indeed, I bid the base for Proteus.",246
Act I,Scene II,Julia,This babble shall not henceforth trouble me.,247
Act I,Scene II,Julia,Here is a coil with protestation!,248
Act I,Scene II,[stage direction],Tears the letter,NA
Act I,Scene II,Julia,"Go get you gone, and let the papers lie:",249
Act I,Scene II,Julia,"You would be fingering them, to anger me.",250
Act I,Scene II,Lucetta,She makes it strange; but she would be best pleased,251
Act I,Scene II,Lucetta,To be so anger'd with another letter.,252
Act I,Scene II,[stage direction],Exit,NA
Act I,Scene II,Julia,"Nay, would I were so anger'd with the same!",253
Act I,Scene II,Julia,"O hateful hands, to tear such loving words!",254
Act I,Scene II,Julia,"Injurious wasps, to feed on such sweet honey",255
Act I,Scene II,Julia,And kill the bees that yield it with your stings!,256
Act I,Scene II,Julia,I'll kiss each several paper for amends.,257
Act I,Scene II,Julia,"Look, here is writ 'kind Julia.' Unkind Julia!",258
Act I,Scene II,Julia,"As in revenge of thy ingratitude,",259
Act I,Scene II,Julia,"I throw thy name against the bruising stones,",260
Act I,Scene II,Julia,Trampling contemptuously on thy disdain.,261
Act I,Scene II,Julia,And here is writ 'love-wounded Proteus.',262
Act I,Scene II,Julia,Poor wounded name! my bosom as a bed,263
Act I,Scene II,Julia,Shall lodge thee till thy wound be thoroughly heal'd;,264
Act I,Scene II,Julia,And thus I search it with a sovereign kiss.,265
Act I,Scene II,Julia,But twice or thrice was 'Proteus' written down.,266
Act I,Scene II,Julia,"Be calm, good wind, blow not a word away",267
Act I,Scene II,Julia,"Till I have found each letter in the letter,",268
Act I,Scene II,Julia,Except mine own name: that some whirlwind bear,269
Act I,Scene II,Julia,Unto a ragged fearful-hanging rock,270
Act I,Scene II,Julia,And throw it thence into the raging sea!,271
Act I,Scene II,Julia,"Lo, here in one line is his name twice writ,",272
Act I,Scene II,Julia,"'Poor forlorn Proteus, passionate Proteus,",273
Act I,Scene II,Julia,To the sweet Julia:' that I'll tear away.,274
Act I,Scene II,Julia,"And yet I will not, sith so prettily",275
Act I,Scene II,Julia,He couples it to his complaining names.,276
Act I,Scene II,Julia,Thus will I fold them one on another:,277
Act I,Scene II,Julia,"Now kiss, embrace, contend, do what you will.",278
Act I,Scene II,[stage direction],Re-enter LUCETTA,NA
Act I,Scene II,Lucetta,"Madam,",279
Act I,Scene II,Lucetta,"Dinner is ready, and your father stays.",280
Act I,Scene II,Julia,"Well, let us go.",281
Act I,Scene II,Lucetta,"What, shall these papers lie like tell-tales here?",282
Act I,Scene II,Julia,"If you respect them, best to take them up.",283
Act I,Scene II,Lucetta,"Nay, I was taken up for laying them down:",284
Act I,Scene II,Lucetta,"Yet here they shall not lie, for catching cold.",285
Act I,Scene II,Julia,I see you have a month's mind to them.,286
Act I,Scene II,Lucetta,"Ay, madam, you may say what sights you see;",287
Act I,Scene II,Lucetta,"I see things too, although you judge I wink.",288
Act I,Scene II,Julia,"Come, come; will't please you go?",289
Act I,Scene II,[stage direction],Exeunt,NA
Act I,Scene III,[stage direction],Enter ANTONIO and PANTHINO,NA
Act I,Scene III,Antonio,"Tell me, Panthino, what sad talk was that",290
Act I,Scene III,Antonio,Wherewith my brother held you in the cloister?,291
Act I,Scene III,Panthino,"'Twas of his nephew Proteus, your son.",292
Act I,Scene III,Antonio,"Why, what of him?",293
Act I,Scene III,Panthino,He wonder'd that your lordship,294
Act I,Scene III,Panthino,"Would suffer him to spend his youth at home,",295
Act I,Scene III,Panthino,"While other men, of slender reputation,",296
Act I,Scene III,Panthino,Put forth their sons to seek preferment out:,297
Act I,Scene III,Panthino,"Some to the wars, to try their fortune there;",298
Act I,Scene III,Panthino,Some to discover islands far away;,299
Act I,Scene III,Panthino,Some to the studious universities.,300
Act I,Scene III,Panthino,"For any or for all these exercises,",301
Act I,Scene III,Panthino,"He said that Proteus your son was meet,",302
Act I,Scene III,Panthino,And did request me to importune you,303
Act I,Scene III,Panthino,"To let him spend his time no more at home,",304
Act I,Scene III,Panthino,"Which would be great impeachment to his age,",305
Act I,Scene III,Panthino,In having known no travel in his youth.,306
Act I,Scene III,Antonio,Nor need'st thou much importune me to that,307
Act I,Scene III,Antonio,Whereon this month I have been hammering.,308
Act I,Scene III,Antonio,I have consider'd well his loss of time,309
Act I,Scene III,Antonio,"And how he cannot be a perfect man,",310
Act I,Scene III,Antonio,Not being tried and tutor'd in the world:,311
Act I,Scene III,Antonio,Experience is by industry achieved,312
Act I,Scene III,Antonio,And perfected by the swift course of time.,313
Act I,Scene III,Antonio,"Then tell me, whither were I best to send him?",314
Act I,Scene III,Panthino,I think your lordship is not ignorant,315
Act I,Scene III,Panthino,"How his companion, youthful Valentine,",316
Act I,Scene III,Panthino,Attends the emperor in his royal court.,317
Act I,Scene III,Antonio,I know it well.,318
Act I,Scene III,Panthino,"'Twere good, I think, your lordship sent him thither:",319
Act I,Scene III,Panthino,"There shall he practise tilts and tournaments,",320
Act I,Scene III,Panthino,"Hear sweet discourse, converse with noblemen.",321
Act I,Scene III,Panthino,And be in eye of every exercise,322
Act I,Scene III,Panthino,Worthy his youth and nobleness of birth.,323
Act I,Scene III,Antonio,I like thy counsel; well hast thou advised:,324
Act I,Scene III,Antonio,"And that thou mayst perceive how well I like it,",325
Act I,Scene III,Antonio,The execution of it shall make known.,326
Act I,Scene III,Antonio,Even with the speediest expedition,327
Act I,Scene III,Antonio,I will dispatch him to the emperor's court.,328
Act I,Scene III,Panthino,"To-morrow, may it please you, Don Alphonso,",329
Act I,Scene III,Panthino,"With other gentlemen of good esteem,",330
Act I,Scene III,Panthino,Are journeying to salute the emperor,331
Act I,Scene III,Panthino,And to commend their service to his will.,332
Act I,Scene III,Antonio,Good company; with them shall Proteus go:,333
Act I,Scene III,Antonio,"And, in good time! now will we break with him.",334
Act I,Scene III,[stage direction],Enter PROTEUS,NA
Act I,Scene III,Proteus,Sweet love! sweet lines! sweet life!,335
Act I,Scene III,Proteus,"Here is her hand, the agent of her heart;",336
Act I,Scene III,Proteus,"Here is her oath for love, her honour's pawn.",337
Act I,Scene III,Proteus,"O, that our fathers would applaud our loves,",338
Act I,Scene III,Proteus,To seal our happiness with their consents!,339
Act I,Scene III,Proteus,O heavenly Julia!,340
Act I,Scene III,Antonio,How now! what letter are you reading there?,341
Act I,Scene III,Proteus,"May't please your lordship, 'tis a word or two",342
Act I,Scene III,Proteus,"Of commendations sent from Valentine,",343
Act I,Scene III,Proteus,Deliver'd by a friend that came from him.,344
Act I,Scene III,Antonio,Lend me the letter; let me see what news.,345
Act I,Scene III,Proteus,"There is no news, my lord, but that he writes",346
Act I,Scene III,Proteus,"How happily he lives, how well beloved",347
Act I,Scene III,Proteus,And daily graced by the emperor;,348
Act I,Scene III,Proteus,"Wishing me with him, partner of his fortune.",349
Act I,Scene III,Antonio,And how stand you affected to his wish?,350
Act I,Scene III,Proteus,As one relying on your lordship's will,351
Act I,Scene III,Proteus,And not depending on his friendly wish.,352
Act I,Scene III,Antonio,My will is something sorted with his wish.,353
Act I,Scene III,Antonio,Muse not that I thus suddenly proceed;,354
Act I,Scene III,Antonio,"For what I will, I will, and there an end.",355
Act I,Scene III,Antonio,I am resolved that thou shalt spend some time,356
Act I,Scene III,Antonio,With Valentinus in the emperor's court:,357
Act I,Scene III,Antonio,"What maintenance he from his friends receives,",358
Act I,Scene III,Antonio,Like exhibition thou shalt have from me.,359
Act I,Scene III,Antonio,To-morrow be in readiness to go:,360
Act I,Scene III,Antonio,"Excuse it not, for I am peremptory.",361
Act I,Scene III,Proteus,"My lord, I cannot be so soon provided:",362
Act I,Scene III,Proteus,"Please you, deliberate a day or two.",363
Act I,Scene III,Antonio,"Look, what thou want'st shall be sent after thee:",364
Act I,Scene III,Antonio,No more of stay! to-morrow thou must go.,365
Act I,Scene III,Antonio,"Come on, Panthino: you shall be employ'd",366
Act I,Scene III,Antonio,To hasten on his expedition.,367
Act I,Scene III,[stage direction],Exeunt ANTONIO and PANTHINO,NA
Act I,Scene III,Proteus,"Thus have I shunn'd the fire for fear of burning,",368
Act I,Scene III,Proteus,"And drench'd me in the sea, where I am drown'd.",369
Act I,Scene III,Proteus,"I fear'd to show my father Julia's letter,",370
Act I,Scene III,Proteus,Lest he should take exceptions to my love;,371
Act I,Scene III,Proteus,And with the vantage of mine own excuse,372
Act I,Scene III,Proteus,Hath he excepted most against my love.,373
Act I,Scene III,Proteus,"O, how this spring of love resembleth",374
Act I,Scene III,Proteus,"The uncertain glory of an April day,",375
Act I,Scene III,Proteus,"Which now shows all the beauty of the sun,",376
Act I,Scene III,Proteus,And by and by a cloud takes all away!,377
Act I,Scene III,[stage direction],Re-enter PANTHINO,NA
Act I,Scene III,Panthino,"Sir Proteus, your father calls for you:",378
Act I,Scene III,Panthino,"He is in haste; therefore, I pray you to go.",379
Act I,Scene III,Proteus,"Why, this it is: my heart accords thereto,",380
Act I,Scene III,Proteus,And yet a thousand times it answers 'no.',381
Act I,Scene III,[stage direction],Exeunt,NA
Act II,Scene I,[stage direction],Enter VALENTINE and SPEED,NA
Act II,Scene I,Speed,"Sir, your glove.",382
Act II,Scene I,Valentine,Not mine; my gloves are on.,383
Act II,Scene I,Speed,"Why, then, this may be yours, for this is but one.",384
Act II,Scene I,Valentine,"Ha! let me see: ay, give it me, it's mine:",385
Act II,Scene I,Valentine,Sweet ornament that decks a thing divine!,386
Act II,Scene I,Valentine,"Ah, Silvia, Silvia!",387
Act II,Scene I,Speed,Madam Silvia! Madam Silvia!,388
Act II,Scene I,Valentine,"How now, sirrah?",389
Act II,Scene I,Speed,"She is not within hearing, sir.",390
Act II,Scene I,Valentine,"Why, sir, who bade you call her?",391
Act II,Scene I,Speed,"Your worship, sir; or else I mistook.",392
Act II,Scene I,Valentine,"Well, you'll still be too forward.",393
Act II,Scene I,Speed,And yet I was last chidden for being too slow.,394
Act II,Scene I,Valentine,"Go to, sir: tell me, do you know Madam Silvia?",395
Act II,Scene I,Speed,She that your worship loves?,396
Act II,Scene I,Valentine,"Why, how know you that I am in love?",397
Act II,Scene I,Speed,"Marry, by these special marks: first, you have",398
Act II,Scene I,Speed,"learned, like Sir Proteus, to wreathe your arms,",399
Act II,Scene I,Speed,"like a malecontent; to relish a love-song, like a",400
Act II,Scene I,Speed,"robin-redbreast; to walk alone, like one that had",401
Act II,Scene I,Speed,"the pestilence; to sigh, like a school-boy that had",402
Act II,Scene I,Speed,"lost his A B C; to weep, like a young wench that had",403
Act II,Scene I,Speed,"buried her grandam; to fast, like one that takes",404
Act II,Scene I,Speed,diet; to watch like one that fears robbing; to,405
Act II,Scene I,Speed,"speak puling, like a beggar at Hallowmas. You were",406
Act II,Scene I,Speed,"wont, when you laughed, to crow like a cock; when you",407
Act II,Scene I,Speed,"walked, to walk like one of the lions; when you",408
Act II,Scene I,Speed,"fasted, it was presently after dinner; when you",409
Act II,Scene I,Speed,"looked sadly, it was for want of money: and now you",410
Act II,Scene I,Speed,"are metamorphosed with a mistress, that, when I look",411
Act II,Scene I,Speed,"on you, I can hardly think you my master.",412
Act II,Scene I,Valentine,Are all these things perceived in me?,413
Act II,Scene I,Speed,They are all perceived without ye.,414
Act II,Scene I,Valentine,Without me? they cannot.,415
Act II,Scene I,Speed,"Without you? nay, that's certain, for, without you",416
Act II,Scene I,Speed,"were so simple, none else would: but you are so",417
Act II,Scene I,Speed,"without these follies, that these follies are within",418
Act II,Scene I,Speed,you and shine through you like the water in an,419
Act II,Scene I,Speed,"urinal, that not an eye that sees you but is a",420
Act II,Scene I,Speed,physician to comment on your malady.,421
Act II,Scene I,Valentine,"But tell me, dost thou know my lady Silvia?",422
Act II,Scene I,Speed,She that you gaze on so as she sits at supper?,423
Act II,Scene I,Valentine,"Hast thou observed that? even she, I mean.",424
Act II,Scene I,Speed,"Why, sir, I know her not.",425
Act II,Scene I,Valentine,"Dost thou know her by my gazing on her, and yet",426
Act II,Scene I,Valentine,knowest her not?,427
Act II,Scene I,Speed,"Is she not hard-favoured, sir?",428
Act II,Scene I,Valentine,"Not so fair, boy, as well-favoured.",429
Act II,Scene I,Speed,"Sir, I know that well enough.",430
Act II,Scene I,Valentine,What dost thou know?,431
Act II,Scene I,Speed,"That she is not so fair as, of you, well-favoured.",432
Act II,Scene I,Valentine,"I mean that her beauty is exquisite, but her favour infinite.",433
Act II,Scene I,Speed,That's because the one is painted and the other out,434
Act II,Scene I,Speed,of all count.,435
Act II,Scene I,Valentine,How painted? and how out of count?,436
Act II,Scene I,Speed,"Marry, sir, so painted, to make her fair, that no",437
Act II,Scene I,Speed,man counts of her beauty.,438
Act II,Scene I,Valentine,How esteemest thou me? I account of her beauty.,439
Act II,Scene I,Speed,You never saw her since she was deformed.,440
Act II,Scene I,Valentine,How long hath she been deformed?,441
Act II,Scene I,Speed,Ever since you loved her.,442
Act II,Scene I,Valentine,I have loved her ever since I saw her; and still I,443
Act II,Scene I,Valentine,see her beautiful.,444
Act II,Scene I,Speed,"If you love her, you cannot see her.",445
Act II,Scene I,Valentine,Why?,446
Act II,Scene I,Speed,"Because Love is blind. O, that you had mine eyes;",447
Act II,Scene I,Speed,or your own eyes had the lights they were wont to,448
Act II,Scene I,Speed,have when you chid at Sir Proteus for going,449
Act II,Scene I,Speed,ungartered!,450
Act II,Scene I,Valentine,What should I see then?,451
Act II,Scene I,Speed,Your own present folly and her passing deformity:,452
Act II,Scene I,Speed,"for he, being in love, could not see to garter his",453
Act II,Scene I,Speed,"hose, and you, being in love, cannot see to put on your hose.",454
Act II,Scene I,Valentine,"Belike, boy, then, you are in love; for last",455
Act II,Scene I,Valentine,morning you could not see to wipe my shoes.,456
Act II,Scene I,Speed,"True, sir; I was in love with my bed: I thank you,",457
Act II,Scene I,Speed,"you swinged me for my love, which makes me the",458
Act II,Scene I,Speed,bolder to chide you for yours.,459
Act II,Scene I,Valentine,"In conclusion, I stand affected to her.",460
Act II,Scene I,Speed,"I would you were set, so your affection would cease.",461
Act II,Scene I,Valentine,Last night she enjoined me to write some lines to,462
Act II,Scene I,Valentine,one she loves.,463
Act II,Scene I,Speed,And have you?,464
Act II,Scene I,Valentine,I have.,465
Act II,Scene I,Speed,Are they not lamely writ?,466
Act II,Scene I,Valentine,"No, boy, but as well as I can do them. Peace!",467
Act II,Scene I,Valentine,here she comes.,468
Act II,Scene I,Speed,[Aside]  O excellent motion! O exceeding puppet!,469
Act II,Scene I,Speed,Now will he interpret to her.,470
Act II,Scene I,[stage direction],Enter SILVIA,NA
Act II,Scene I,Valentine,"Madam and mistress, a thousand good-morrows.",471
Act II,Scene I,Speed,"[Aside]  O, give ye good even! here's a million of manners.",472
Act II,Scene I,Silvia,"Sir Valentine and servant, to you two thousand.",473
Act II,Scene I,Speed,[Aside]  He should give her interest and she gives it him.,474
Act II,Scene I,Valentine,"As you enjoin'd me, I have writ your letter",475
Act II,Scene I,Valentine,Unto the secret nameless friend of yours;,476
Act II,Scene I,Valentine,Which I was much unwilling to proceed in,477
Act II,Scene I,Valentine,But for my duty to your ladyship.,478
Act II,Scene I,Silvia,I thank you gentle servant: 'tis very clerkly done.,479
Act II,Scene I,Valentine,"Now trust me, madam, it came hardly off;",480
Act II,Scene I,Valentine,For being ignorant to whom it goes,481
Act II,Scene I,Valentine,"I writ at random, very doubtfully.",482
Act II,Scene I,Silvia,Perchance you think too much of so much pains?,483
Act II,Scene I,Valentine,"No, madam; so it stead you, I will write",484
Act II,Scene I,Valentine,"Please you command, a thousand times as much; And yet--",485
Act II,Scene I,Silvia,"A pretty period! Well, I guess the sequel;",486
Act II,Scene I,Silvia,And yet I will not name it; and yet I care not;,487
Act II,Scene I,Silvia,"And yet take this again; and yet I thank you,",488
Act II,Scene I,Silvia,Meaning henceforth to trouble you no more.,489
Act II,Scene I,Speed,[Aside]  And yet you will; and yet another 'yet.',490
Act II,Scene I,Valentine,What means your ladyship? do you not like it?,491
Act II,Scene I,Silvia,"Yes, yes; the lines are very quaintly writ;",492
Act II,Scene I,Silvia,"But since unwillingly, take them again.",493
Act II,Scene I,Silvia,"Nay, take them.",494
Act II,Scene I,Valentine,"Madam, they are for you.",495
Act II,Scene I,Silvia,"Ay, ay: you writ them, sir, at my request;",496
Act II,Scene I,Silvia,But I will none of them; they are for you;,497
Act II,Scene I,Silvia,I would have had them writ more movingly.,498
Act II,Scene I,Valentine,"Please you, I'll write your ladyship another.",499
Act II,Scene I,Silvia,"And when it's writ, for my sake read it over,",500
Act II,Scene I,Silvia,"And if it please you, so; if not, why, so.",501
Act II,Scene I,Valentine,"If it please me, madam, what then?",502
Act II,Scene I,Silvia,"Why, if it please you, take it for your labour:",503
Act II,Scene I,Silvia,"And so, good morrow, servant.",504
Act II,Scene I,[stage direction],Exit,NA
Act II,Scene I,Speed,"O jest unseen, inscrutable, invisible,",505
Act II,Scene I,Speed,"As a nose on a man's face, or a weathercock on a steeple!",506
Act II,Scene I,Speed,"My master sues to her, and she hath",507
Act II,Scene I,Speed,"taught her suitor,",508
Act II,Scene I,Speed,"He being her pupil, to become her tutor.",509
Act II,Scene I,Speed,"O excellent device! was there ever heard a better,",510
Act II,Scene I,Speed,"That my master, being scribe, to himself should write",511
Act II,Scene I,Speed,the letter?,512
Act II,Scene I,Valentine,"How now, sir? what are you reasoning with yourself?",513
Act II,Scene I,Speed,"Nay, I was rhyming: 'tis you that have the reason.",514
Act II,Scene I,Valentine,To do what?,515
Act II,Scene I,Speed,To be a spokesman for Madam Silvia.,516
Act II,Scene I,Valentine,To whom?,517
Act II,Scene I,Speed,"To yourself: why, she wooes you by a figure.",518
Act II,Scene I,Valentine,What figure?,519
Act II,Scene I,Speed,"By a letter, I should say.",520
Act II,Scene I,Valentine,"Why, she hath not writ to me?",521
Act II,Scene I,Speed,"What need she, when she hath made you write to",522
Act II,Scene I,Speed,"yourself? Why, do you not perceive the jest?",523
Act II,Scene I,Valentine,"No, believe me.",524
Act II,Scene I,Speed,"No believing you, indeed, sir. But did you perceive",525
Act II,Scene I,Speed,her earnest?,526
Act II,Scene I,Valentine,"She gave me none, except an angry word.",527
Act II,Scene I,Speed,"Why, she hath given you a letter.",528
Act II,Scene I,Valentine,That's the letter I writ to her friend.,529
Act II,Scene I,Speed,"And that letter hath she delivered, and there an end.",530
Act II,Scene I,Valentine,I would it were no worse.,531
Act II,Scene I,Speed,"I'll warrant you, 'tis as well:",532
Act II,Scene I,Speed,"For often have you writ to her, and she, in modesty,",533
Act II,Scene I,Speed,"Or else for want of idle time, could not again reply;",534
Act II,Scene I,Speed,"Or fearing else some messenger that might her mind discover,",535
Act II,Scene I,Speed,Herself hath taught her love himself to write unto her lover.,536
Act II,Scene I,Speed,"All this I speak in print, for in print I found it.",537
Act II,Scene I,Speed,"Why muse you, sir? 'tis dinner-time.",538
Act II,Scene I,Valentine,I have dined.,539
Act II,Scene I,Speed,"Ay, but hearken, sir; though the chameleon Love can",540
Act II,Scene I,Speed,"feed on the air, I am one that am nourished by my",541
Act II,Scene I,Speed,"victuals, and would fain have meat. O, be not like",542
Act II,Scene I,Speed,"your mistress; be moved, be moved.",543
Act II,Scene I,[stage direction],Exeunt,NA
Act II,Scene II,[stage direction],Enter PROTEUS and JULIA,NA
Act II,Scene II,Proteus,"Have patience, gentle Julia.",544
Act II,Scene II,Julia,"I must, where is no remedy.",545
Act II,Scene II,Proteus,"When possibly I can, I will return.",546
Act II,Scene II,Julia,"If you turn not, you will return the sooner.",547
Act II,Scene II,Julia,Keep this remembrance for thy Julia's sake.,548
Act II,Scene II,[stage direction],Giving a ring,NA
Act II,Scene II,Proteus,"Why then, we'll make exchange; here, take you this.",549
Act II,Scene II,Julia,And seal the bargain with a holy kiss.,550
Act II,Scene II,Proteus,Here is my hand for my true constancy;,551
Act II,Scene II,Proteus,And when that hour o'erslips me in the day,552
Act II,Scene II,Proteus,"Wherein I sigh not, Julia, for thy sake,",553
Act II,Scene II,Proteus,The next ensuing hour some foul mischance,554
Act II,Scene II,Proteus,Torment me for my love's forgetfulness!,555
Act II,Scene II,Proteus,My father stays my coming; answer not;,556
Act II,Scene II,Proteus,"The tide is now: nay, not thy tide of tears;",557
Act II,Scene II,Proteus,That tide will stay me longer than I should.,558
Act II,Scene II,Proteus,"Julia, farewell!",559
Act II,Scene II,[stage direction],Exit JULIA,NA
Act II,Scene II,Proteus,"What, gone without a word?",560
Act II,Scene II,Proteus,"Ay, so true love should do: it cannot speak;",561
Act II,Scene II,Proteus,For truth hath better deeds than words to grace it.,562
Act II,Scene II,[stage direction],Enter PANTHINO,NA
Act II,Scene II,Panthino,"Sir Proteus, you are stay'd for.",563
Act II,Scene II,Proteus,"Go; I come, I come.",564
Act II,Scene II,Proteus,Alas! this parting strikes poor lovers dumb.,565
Act II,Scene II,[stage direction],Exeunt,NA
Act II,Scene III,[stage direction],"Enter LAUNCE, leading a dog",NA
Act II,Scene III,Launce,"Nay, 'twill be this hour ere I have done weeping;",566
Act II,Scene III,Launce,all the kind of the Launces have this very fault. I,567
Act II,Scene III,Launce,"have received my proportion, like the prodigious",568
Act II,Scene III,Launce,"son, and am going with Sir Proteus to the Imperial's",569
Act II,Scene III,Launce,"court. I think Crab, my dog, be the sourest-natured",570
Act II,Scene III,Launce,"dog that lives: my mother weeping, my father",571
Act II,Scene III,Launce,"wailing, my sister crying, our maid howling, our cat",572
Act II,Scene III,Launce,"wringing her hands, and all our house in a great",573
Act II,Scene III,Launce,"perplexity, yet did not this cruel-hearted cur shed",574
Act II,Scene III,Launce,"one tear: he is a stone, a very pebble stone, and",575
Act II,Scene III,Launce,has no more pity in him than a dog: a Jew would have,576
Act II,Scene III,Launce,"wept to have seen our parting; why, my grandam,",577
Act II,Scene III,Launce,"having no eyes, look you, wept herself blind at my",578
Act II,Scene III,Launce,"parting. Nay, I'll show you the manner of it. This",579
Act II,Scene III,Launce,"shoe is my father: no, this left shoe is my father:",580
Act II,Scene III,Launce,"no, no, this left shoe is my mother: nay, that",581
Act II,Scene III,Launce,"cannot be so neither: yes, it is so, it is so, it",582
Act II,Scene III,Launce,"hath the worser sole. This shoe, with the hole in",583
Act II,Scene III,Launce,"it, is my mother, and this my father; a vengeance",584
Act II,Scene III,Launce,"on't! there 'tis: now, sit, this staff is my",585
Act II,Scene III,Launce,"sister, for, look you, she is as white as a lily and",586
Act II,Scene III,Launce,"as small as a wand: this hat is Nan, our maid: I",587
Act II,Scene III,Launce,"am the dog: no, the dog is himself, and I am the",588
Act II,Scene III,Launce,"dog--Oh! the dog is me, and I am myself; ay, so,",589
Act II,Scene III,Launce,"so. Now come I to my father; Father, your blessing:",590
Act II,Scene III,Launce,now should not the shoe speak a word for weeping:,591
Act II,Scene III,Launce,"now should I kiss my father; well, he weeps on. Now",592
Act II,Scene III,Launce,"come I to my mother: O, that she could speak now",593
Act II,Scene III,Launce,"like a wood woman! Well, I kiss her; why, there",594
Act II,Scene III,Launce,'tis; here's my mother's breath up and down. Now,595
Act II,Scene III,Launce,come I to my sister; mark the moan she makes. Now,596
Act II,Scene III,Launce,the dog all this while sheds not a tear nor speaks a,597
Act II,Scene III,Launce,word; but see how I lay the dust with my tears.,598
Act II,Scene III,[stage direction],Enter PANTHINO,NA
Act II,Scene III,Panthino,"Launce, away, away, aboard! thy master is shipped",599
Act II,Scene III,Panthino,and thou art to post after with oars. What's the,600
Act II,Scene III,Panthino,"matter? why weepest thou, man? Away, ass! You'll",601
Act II,Scene III,Panthino,"lose the tide, if you tarry any longer.",602
Act II,Scene III,Launce,It is no matter if the tied were lost; for it is the,603
Act II,Scene III,Launce,unkindest tied that ever any man tied.,604
Act II,Scene III,Panthino,What's the unkindest tide?,605
Act II,Scene III,Launce,"Why, he that's tied here, Crab, my dog.",606
Act II,Scene III,Panthino,"Tut, man, I mean thou'lt lose the flood, and, in",607
Act II,Scene III,Panthino,"losing the flood, lose thy voyage, and, in losing",608
Act II,Scene III,Panthino,"thy voyage, lose thy master, and, in losing thy",609
Act II,Scene III,Panthino,"master, lose thy service, and, in losing thy",610
Act II,Scene III,Panthino,"service,--Why dost thou stop my mouth?",611
Act II,Scene III,Launce,For fear thou shouldst lose thy tongue.,612
Act II,Scene III,Panthino,Where should I lose my tongue?,613
Act II,Scene III,Launce,In thy tale.,614
Act II,Scene III,Panthino,In thy tail!,615
Act II,Scene III,Launce,"Lose the tide, and the voyage, and the master, and",616
Act II,Scene III,Launce,"the service, and the tied! Why, man, if the river",617
Act II,Scene III,Launce,"were dry, I am able to fill it with my tears; if the",618
Act II,Scene III,Launce,"wind were down, I could drive the boat with my sighs.",619
Act II,Scene III,Panthino,"Come, come away, man; I was sent to call thee.",620
Act II,Scene III,Launce,"Sir, call me what thou darest.",621
Act II,Scene III,Panthino,Wilt thou go?,622
Act II,Scene III,Launce,"Well, I will go.",623
Act II,Scene III,[stage direction],Exeunt,NA
Act II,Scene IV,[stage direction],"Enter SILVIA, VALENTINE, THURIO, and SPEED",NA
Act II,Scene IV,Silvia,Servant!,624
Act II,Scene IV,Valentine,Mistress?,625
Act II,Scene IV,Speed,"Master, Sir Thurio frowns on you.",626
Act II,Scene IV,Valentine,"Ay, boy, it's for love.",627
Act II,Scene IV,Speed,Not of you.,628
Act II,Scene IV,Valentine,"Of my mistress, then.",629
Act II,Scene IV,Speed,'Twere good you knocked him.,630
Act II,Scene IV,[stage direction],Exit,NA
Act II,Scene IV,Silvia,"Servant, you are sad.",631
Act II,Scene IV,Valentine,"Indeed, madam, I seem so.",632
Act II,Scene IV,Thurio,Seem you that you are not?,633
Act II,Scene IV,Valentine,Haply I do.,634
Act II,Scene IV,Thurio,So do counterfeits.,635
Act II,Scene IV,Valentine,So do you.,636
Act II,Scene IV,Thurio,What seem I that I am not?,637
Act II,Scene IV,Valentine,Wise.,638
Act II,Scene IV,Thurio,What instance of the contrary?,639
Act II,Scene IV,Valentine,Your folly.,640
Act II,Scene IV,Thurio,And how quote you my folly?,641
Act II,Scene IV,Valentine,I quote it in your jerkin.,642
Act II,Scene IV,Thurio,My jerkin is a doublet.,643
Act II,Scene IV,Valentine,"Well, then, I'll double your folly.",644
Act II,Scene IV,Thurio,How?,645
Act II,Scene IV,Silvia,"What, angry, Sir Thurio! do you change colour?",646
Act II,Scene IV,Valentine,"Give him leave, madam; he is a kind of chameleon.",647
Act II,Scene IV,Thurio,That hath more mind to feed on your blood than live,648
Act II,Scene IV,Thurio,in your air.,649
Act II,Scene IV,Valentine,"You have said, sir.",650
Act II,Scene IV,Thurio,"Ay, sir, and done too, for this time.",651
Act II,Scene IV,Valentine,"I know it well, sir; you always end ere you begin.",652
Act II,Scene IV,Silvia,"A fine volley of words, gentlemen, and quickly shot off.",653
Act II,Scene IV,Valentine,"'Tis indeed, madam; we thank the giver.",654
Act II,Scene IV,Silvia,"Who is that, servant?",655
Act II,Scene IV,Valentine,"Yourself, sweet lady; for you gave the fire. Sir",656
Act II,Scene IV,Valentine,"Thurio borrows his wit from your ladyship's looks,",657
Act II,Scene IV,Valentine,and spends what he borrows kindly in your company.,658
Act II,Scene IV,Thurio,"Sir, if you spend word for word with me, I shall",659
Act II,Scene IV,Thurio,make your wit bankrupt.,660
Act II,Scene IV,Valentine,"I know it well, sir; you have an exchequer of words,",661
Act II,Scene IV,Valentine,"and, I think, no other treasure to give your",662
Act II,Scene IV,Valentine,"followers, for it appears by their bare liveries,",663
Act II,Scene IV,Valentine,that they live by your bare words.,664
Act II,Scene IV,Silvia,"No more, gentlemen, no more:--here comes my father.",665
Act II,Scene IV,[stage direction],Enter DUKE,NA
Act II,Scene IV,Duke,"Now, daughter Silvia, you are hard beset.",666
Act II,Scene IV,Duke,"Sir Valentine, your father's in good health:",667
Act II,Scene IV,Duke,What say you to a letter from your friends,668
Act II,Scene IV,Duke,Of much good news?,669
Act II,Scene IV,Valentine,"My lord, I will be thankful.",670
Act II,Scene IV,Valentine,To any happy messenger from thence.,671
Act II,Scene IV,Duke,"Know ye Don Antonio, your countryman?",672
Act II,Scene IV,Valentine,"Ay, my good lord, I know the gentleman",673
Act II,Scene IV,Valentine,To be of worth and worthy estimation,674
Act II,Scene IV,Valentine,And not without desert so well reputed.,675
Act II,Scene IV,Duke,Hath he not a son?,676
Act II,Scene IV,Valentine,"Ay, my good lord; a son that well deserves",677
Act II,Scene IV,Valentine,The honour and regard of such a father.,678
Act II,Scene IV,Duke,You know him well?,679
Act II,Scene IV,Valentine,I know him as myself; for from our infancy,680
Act II,Scene IV,Valentine,We have conversed and spent our hours together:,681
Act II,Scene IV,Valentine,"And though myself have been an idle truant,",682
Act II,Scene IV,Valentine,Omitting the sweet benefit of time,683
Act II,Scene IV,Valentine,"To clothe mine age with angel-like perfection,",684
Act II,Scene IV,Valentine,"Yet hath Sir Proteus, for that's his name,",685
Act II,Scene IV,Valentine,Made use and fair advantage of his days;,686
Act II,Scene IV,Valentine,"His years but young, but his experience old;",687
Act II,Scene IV,Valentine,"His head unmellow'd, but his judgment ripe;",688
Act II,Scene IV,Valentine,"And, in a word, for far behind his worth",689
Act II,Scene IV,Valentine,"Comes all the praises that I now bestow,",690
Act II,Scene IV,Valentine,He is complete in feature and in mind,691
Act II,Scene IV,Valentine,With all good grace to grace a gentleman.,692
Act II,Scene IV,Duke,"Beshrew me, sir, but if he make this good,",693
Act II,Scene IV,Duke,He is as worthy for an empress' love,694
Act II,Scene IV,Duke,As meet to be an emperor's counsellor.,695
Act II,Scene IV,Duke,"Well, sir, this gentleman is come to me,",696
Act II,Scene IV,Duke,With commendation from great potentates;,697
Act II,Scene IV,Duke,And here he means to spend his time awhile:,698
Act II,Scene IV,Duke,I think 'tis no unwelcome news to you.,699
Act II,Scene IV,Valentine,"Should I have wish'd a thing, it had been he.",700
Act II,Scene IV,Duke,Welcome him then according to his worth.,701
Act II,Scene IV,Duke,"Silvia, I speak to you, and you, Sir Thurio;",702
Act II,Scene IV,Duke,"For Valentine, I need not cite him to it:",703
Act II,Scene IV,Duke,I will send him hither to you presently.,704
Act II,Scene IV,[stage direction],Exit,NA
Act II,Scene IV,Valentine,This is the gentleman I told your ladyship,705
Act II,Scene IV,Valentine,"Had come along with me, but that his mistress",706
Act II,Scene IV,Valentine,Did hold his eyes lock'd in her crystal looks.,707
Act II,Scene IV,Silvia,Belike that now she hath enfranchised them,708
Act II,Scene IV,Silvia,Upon some other pawn for fealty.,709
Act II,Scene IV,Valentine,"Nay, sure, I think she holds them prisoners still.",710
Act II,Scene IV,Silvia,"Nay, then he should be blind; and, being blind",711
Act II,Scene IV,Silvia,How could he see his way to seek out you?,712
Act II,Scene IV,Valentine,"Why, lady, Love hath twenty pair of eyes.",713
Act II,Scene IV,Thurio,They say that Love hath not an eye at all.,714
Act II,Scene IV,Valentine,"To see such lovers, Thurio, as yourself:",715
Act II,Scene IV,Valentine,Upon a homely object Love can wink.,716
Act II,Scene IV,Silvia,"Have done, have done; here comes the gentleman.",717
Act II,Scene IV,[stage direction],Exit THURIO,NA
Act II,Scene IV,[stage direction],Enter PROTEUS,NA
Act II,Scene IV,Valentine,"Welcome, dear Proteus! Mistress, I beseech you,",718
Act II,Scene IV,Valentine,Confirm his welcome with some special favour.,719
Act II,Scene IV,Silvia,"His worth is warrant for his welcome hither,",720
Act II,Scene IV,Silvia,If this be he you oft have wish'd to hear from.,721
Act II,Scene IV,Valentine,"Mistress, it is: sweet lady, entertain him",722
Act II,Scene IV,Valentine,To be my fellow-servant to your ladyship.,723
Act II,Scene IV,Silvia,Too low a mistress for so high a servant.,724
Act II,Scene IV,Proteus,"Not so, sweet  lady: but too mean a servant",725
Act II,Scene IV,Proteus,To have a look of such a worthy mistress.,726
Act II,Scene IV,Valentine,Leave off discourse of disability:,727
Act II,Scene IV,Valentine,"Sweet lady, entertain him for your servant.",728
Act II,Scene IV,Proteus,My duty will I boast of; nothing else.,729
Act II,Scene IV,Silvia,And duty never yet did want his meed:,730
Act II,Scene IV,Silvia,"Servant, you are welcome to a worthless mistress.",731
Act II,Scene IV,Proteus,I'll die on him that says so but yourself.,732
Act II,Scene IV,Silvia,That you are welcome?,733
Act II,Scene IV,Proteus,That you are worthless.,734
Act II,Scene IV,[stage direction],Re-enter THURIO,NA
Act II,Scene IV,Thurio,"Madam, my lord your father would speak with you.",735
Act II,Scene IV,Silvia,"I wait upon his pleasure. Come, Sir Thurio,",736
Act II,Scene IV,Silvia,"Go with me. Once more, new servant, welcome:",737
Act II,Scene IV,Silvia,I'll leave you to confer of home affairs;,738
Act II,Scene IV,Silvia,"When you have done, we look to hear from you.",739
Act II,Scene IV,Proteus,We'll both attend upon your ladyship.,740
Act II,Scene IV,[stage direction],Exeunt SILVIA and THURIO,NA
Act II,Scene IV,Valentine,"Now, tell me, how do all from whence you came?",741
Act II,Scene IV,Proteus,Your friends are well and have them much commended.,742
Act II,Scene IV,Valentine,And how do yours?,743
Act II,Scene IV,Proteus,I left them all in health.,744
Act II,Scene IV,Valentine,How does your lady? and how thrives your love?,745
Act II,Scene IV,Proteus,My tales of love were wont to weary you;,746
Act II,Scene IV,Proteus,I know you joy not in a love discourse.,747
Act II,Scene IV,Valentine,"Ay, Proteus, but that life is alter'd now:",748
Act II,Scene IV,Valentine,"I have done penance for contemning Love,",749
Act II,Scene IV,Valentine,Whose high imperious thoughts have punish'd me,750
Act II,Scene IV,Valentine,"With bitter fasts, with penitential groans,",751
Act II,Scene IV,Valentine,With nightly tears and daily heart-sore sighs;,752
Act II,Scene IV,Valentine,"For in revenge of my contempt of love,",753
Act II,Scene IV,Valentine,Love hath chased sleep from my enthralled eyes,754
Act II,Scene IV,Valentine,And made them watchers of mine own heart's sorrow.,755
Act II,Scene IV,Valentine,"O gentle Proteus, Love's a mighty lord,",756
Act II,Scene IV,Valentine,"And hath so humbled me, as, I confess,",757
Act II,Scene IV,Valentine,"There is no woe to his correction,",758
Act II,Scene IV,Valentine,Nor to his service no such joy on earth.,759
Act II,Scene IV,Valentine,"Now no discourse, except it be of love;",760
Act II,Scene IV,Valentine,"Now can I break my fast, dine, sup and sleep,",761
Act II,Scene IV,Valentine,Upon the very naked name of love.,762
Act II,Scene IV,Proteus,Enough; I read your fortune in your eye.,763
Act II,Scene IV,Proteus,Was this the idol that you worship so?,764
Act II,Scene IV,Valentine,Even she; and is she not a heavenly saint?,765
Act II,Scene IV,Proteus,No; but she is an earthly paragon.,766
Act II,Scene IV,Valentine,Call her divine.,767
Act II,Scene IV,Proteus,I will not flatter her.,768
Act II,Scene IV,Valentine,"O, flatter me; for love delights in praises.",769
Act II,Scene IV,Proteus,"When I was sick, you gave me bitter pills,",770
Act II,Scene IV,Proteus,And I must minister the like to you.,771
Act II,Scene IV,Valentine,"Then speak the truth by her; if not divine,",772
Act II,Scene IV,Valentine,"Yet let her be a principality,",773
Act II,Scene IV,Valentine,Sovereign to all the creatures on the earth.,774
Act II,Scene IV,Proteus,Except my mistress.,775
Act II,Scene IV,Valentine,"Sweet, except not any;",776
Act II,Scene IV,Valentine,Except thou wilt except against my love.,777
Act II,Scene IV,Proteus,Have I not reason to prefer mine own?,778
Act II,Scene IV,Valentine,And I will help thee to prefer her too:,779
Act II,Scene IV,Valentine,She shall be dignified with this high honour--,780
Act II,Scene IV,Valentine,"To bear my lady's train, lest the base earth",781
Act II,Scene IV,Valentine,Should from her vesture chance to steal a kiss,782
Act II,Scene IV,Valentine,"And, of so great a favour growing proud,",783
Act II,Scene IV,Valentine,Disdain to root the summer-swelling flower,784
Act II,Scene IV,Valentine,And make rough winter everlastingly.,785
Act II,Scene IV,Proteus,"Why, Valentine, what braggardism is this?",786
Act II,Scene IV,Valentine,"Pardon me, Proteus: all I can is nothing",787
Act II,Scene IV,Valentine,To her whose worth makes other worthies nothing;,788
Act II,Scene IV,Valentine,She is alone.,789
Act II,Scene IV,Proteus,Then let her alone.,790
Act II,Scene IV,Valentine,"Not for the world: why, man, she is mine own,",791
Act II,Scene IV,Valentine,And I as rich in having such a jewel,792
Act II,Scene IV,Valentine,"As twenty seas, if all their sand were pearl,",793
Act II,Scene IV,Valentine,The water nectar and the rocks pure gold.,794
Act II,Scene IV,Valentine,"Forgive me that I do not dream on thee,",795
Act II,Scene IV,Valentine,Because thou see'st me dote upon my love.,796
Act II,Scene IV,Valentine,"My foolish rival, that her father likes",797
Act II,Scene IV,Valentine,"Only for his possessions are so huge,",798
Act II,Scene IV,Valentine,"Is gone with her along, and I must after,",799
Act II,Scene IV,Valentine,"For love, thou know'st, is full of jealousy.",800
Act II,Scene IV,Proteus,But she loves you?,801
Act II,Scene IV,Valentine,"Ay, and we are betroth'd: nay, more, our,",802
Act II,Scene IV,Valentine,"marriage-hour,",803
Act II,Scene IV,Valentine,"With all the cunning manner of our flight,",804
Act II,Scene IV,Valentine,"Determined of; how I must climb her window,",805
Act II,Scene IV,Valentine,"The ladder made of cords, and all the means",806
Act II,Scene IV,Valentine,Plotted and 'greed on for my happiness.,807
Act II,Scene IV,Valentine,"Good Proteus, go with me to my chamber,",808
Act II,Scene IV,Valentine,In these affairs to aid me with thy counsel.,809
Act II,Scene IV,Proteus,Go on before; I shall inquire you forth:,810
Act II,Scene IV,Proteus,"I must unto the road, to disembark",811
Act II,Scene IV,Proteus,"Some necessaries that I needs must use,",812
Act II,Scene IV,Proteus,And then I'll presently attend you.,813
Act II,Scene IV,Valentine,Will you make haste?,814
Act II,Scene IV,Proteus,I will.,815
Act II,Scene IV,[stage direction],Exit VALENTINE,NA
Act II,Scene IV,Proteus,"Even as one heat another heat expels,",816
Act II,Scene IV,Proteus,"Or as one nail by strength drives out another,",817
Act II,Scene IV,Proteus,So the remembrance of my former love,818
Act II,Scene IV,Proteus,Is by a newer object quite forgotten.,819
Act II,Scene IV,Proteus,"Is it mine, or Valentine's praise,",820
Act II,Scene IV,Proteus,"Her true perfection, or my false transgression,",821
Act II,Scene IV,Proteus,That makes me reasonless to reason thus?,822
Act II,Scene IV,Proteus,She is fair; and so is Julia that I love--,823
Act II,Scene IV,Proteus,"That I did love, for now my love is thaw'd;",824
Act II,Scene IV,Proteus,"Which, like a waxen image, 'gainst a fire,",825
Act II,Scene IV,Proteus,Bears no impression of the thing it was.,826
Act II,Scene IV,Proteus,"Methinks my zeal to Valentine is cold,",827
Act II,Scene IV,Proteus,And that I love him not as I was wont.,828
Act II,Scene IV,Proteus,"O, but I love his lady too too much,",829
Act II,Scene IV,Proteus,And that's the reason I love him so little.,830
Act II,Scene IV,Proteus,"How shall I dote on her with more advice,",831
Act II,Scene IV,Proteus,That thus without advice begin to love her!,832
Act II,Scene IV,Proteus,"'Tis but her picture I have yet beheld,",833
Act II,Scene IV,Proteus,And that hath dazzled my reason's light;,834
Act II,Scene IV,Proteus,"But when I look on her perfections,",835
Act II,Scene IV,Proteus,There is no reason but I shall be blind.,836
Act II,Scene IV,Proteus,"If I can cheque my erring love, I will;",837
Act II,Scene IV,Proteus,"If not, to compass her I'll use my skill.",838
Act II,Scene IV,[stage direction],Exit,NA
Act II,Scene V,[stage direction],Enter SPEED and LAUNCE severally,NA
Act II,Scene V,Speed,"Launce! by mine honesty, welcome to Milan!",839
Act II,Scene V,Launce,"Forswear not thyself, sweet youth, for I am not",840
Act II,Scene V,Launce,"welcome. I reckon this always, that a man is never",841
Act II,Scene V,Launce,"undone till he be hanged, nor never welcome to a",842
Act II,Scene V,Launce,place till some certain shot be paid and the hostess,843
Act II,Scene V,Launce,say 'Welcome!',844
Act II,Scene V,Speed,"Come on, you madcap, I'll to the alehouse with you",845
Act II,Scene V,Speed,"presently; where, for one shot of five pence, thou",846
Act II,Scene V,Speed,"shalt have five thousand welcomes. But, sirrah, how",847
Act II,Scene V,Speed,did thy master part with Madam Julia?,848
Act II,Scene V,Launce,"Marry, after they closed in earnest, they parted very",849
Act II,Scene V,Launce,fairly in jest.,850
Act II,Scene V,Speed,But shall she marry him?,851
Act II,Scene V,Launce,No.,852
Act II,Scene V,Speed,How then? shall he marry her?,853
Act II,Scene V,Launce,"No, neither.",854
Act II,Scene V,Speed,"What, are they broken?",855
Act II,Scene V,Launce,"No, they are both as whole as a fish.",856
Act II,Scene V,Speed,"Why, then, how stands the matter with them?",857
Act II,Scene V,Launce,"Marry, thus: when it stands well with him, it",858
Act II,Scene V,Launce,stands well with her.,859
Act II,Scene V,Speed,What an ass art thou! I understand thee not.,860
Act II,Scene V,Launce,"What a block art thou, that thou canst not! My",861
Act II,Scene V,Launce,staff understands me.,862
Act II,Scene V,Speed,What thou sayest?,863
Act II,Scene V,Launce,"Ay, and what I do too: look thee, I'll but lean,",864
Act II,Scene V,Launce,and my staff understands me.,865
Act II,Scene V,Speed,"It stands under thee, indeed.",866
Act II,Scene V,Launce,"Why, stand-under and under-stand is all one.",867
Act II,Scene V,Speed,"But tell me true, will't be a match?",868
Act II,Scene V,Launce,"Ask my dog: if he say ay, it will! if he say no,",869
Act II,Scene V,Launce,"it will; if he shake his tail and say nothing, it will.",870
Act II,Scene V,Speed,The conclusion is then that it will.,871
Act II,Scene V,Launce,Thou shalt never get such a secret from me but by a parable.,872
Act II,Scene V,Speed,"'Tis well that I get it so. But, Launce, how sayest",873
Act II,Scene V,Speed,"thou, that my master is become a notable lover?",874
Act II,Scene V,Launce,I never knew him otherwise.,875
Act II,Scene V,Speed,Than how?,876
Act II,Scene V,Launce,"A notable lubber, as thou reportest him to be.",877
Act II,Scene V,Speed,"Why, thou whoreson ass, thou mistakest me.",878
Act II,Scene V,Launce,"Why, fool, I meant not thee; I meant thy master.",879
Act II,Scene V,Speed,"I tell thee, my master is become a hot lover.",880
Act II,Scene V,Launce,"Why, I tell thee, I care not though he burn himself",881
Act II,Scene V,Launce,"in love. If thou wilt, go with me to the alehouse;",882
Act II,Scene V,Launce,"if not, thou art an Hebrew, a Jew, and not worth the",883
Act II,Scene V,Launce,name of a Christian.,884
Act II,Scene V,Speed,Why?,885
Act II,Scene V,Launce,Because thou hast not so much charity in thee as to,886
Act II,Scene V,Launce,go to the ale with a Christian. Wilt thou go?,887
Act II,Scene V,Speed,At thy service.,888
Act II,Scene V,[stage direction],Exeunt,NA
Act II,Scene VI,[stage direction],Enter PROTEUS,NA
Act II,Scene VI,Proteus,"To leave my Julia, shall I be forsworn;",889
Act II,Scene VI,Proteus,"To love fair Silvia, shall I be forsworn;",890
Act II,Scene VI,Proteus,"To wrong my friend, I shall be much forsworn;",891
Act II,Scene VI,Proteus,And even that power which gave me first my oath,892
Act II,Scene VI,Proteus,Provokes me to this threefold perjury;,893
Act II,Scene VI,Proteus,Love bade me swear and Love bids me forswear.,894
Act II,Scene VI,Proteus,"O sweet-suggesting Love, if thou hast sinned,",895
Act II,Scene VI,Proteus,"Teach me, thy tempted subject, to excuse it!",896
Act II,Scene VI,Proteus,"At first I did adore a twinkling star,",897
Act II,Scene VI,Proteus,But now I worship a celestial sun.,898
Act II,Scene VI,Proteus,"Unheedful vows may heedfully be broken,",899
Act II,Scene VI,Proteus,And he wants wit that wants resolved will,900
Act II,Scene VI,Proteus,To learn his wit to exchange the bad for better.,901
Act II,Scene VI,Proteus,"Fie, fie, unreverend tongue! to call her bad,",902
Act II,Scene VI,Proteus,Whose sovereignty so oft thou hast preferr'd,903
Act II,Scene VI,Proteus,With twenty thousand soul-confirming oaths.,904
Act II,Scene VI,Proteus,"I cannot leave to love, and yet I do;",905
Act II,Scene VI,Proteus,But there I leave to love where I should love.,906
Act II,Scene VI,Proteus,Julia I lose and Valentine I lose:,907
Act II,Scene VI,Proteus,"If I keep them, I needs must lose myself;",908
Act II,Scene VI,Proteus,"If I lose them, thus find I by their loss",909
Act II,Scene VI,Proteus,"For Valentine myself, for Julia Silvia.",910
Act II,Scene VI,Proteus,"I to myself am dearer than a friend,",911
Act II,Scene VI,Proteus,For love is still most precious in itself;,912
Act II,Scene VI,Proteus,"And Silvia--witness Heaven, that made her fair!--",913
Act II,Scene VI,Proteus,Shows Julia but a swarthy Ethiope.,914
Act II,Scene VI,Proteus,"I will forget that Julia is alive,",915
Act II,Scene VI,Proteus,Remembering that my love to her is dead;,916
Act II,Scene VI,Proteus,"And Valentine I'll hold an enemy,",917
Act II,Scene VI,Proteus,Aiming at Silvia as a sweeter friend.,918
Act II,Scene VI,Proteus,"I cannot now prove constant to myself,",919
Act II,Scene VI,Proteus,Without some treachery used to Valentine.,920
Act II,Scene VI,Proteus,This night he meaneth with a corded ladder,921
Act II,Scene VI,Proteus,"To climb celestial Silvia's chamber-window,",922
Act II,Scene VI,Proteus,"Myself in counsel, his competitor.",923
Act II,Scene VI,Proteus,Now presently I'll give her father notice,924
Act II,Scene VI,Proteus,Of their disguising and pretended flight;,925
Act II,Scene VI,Proteus,"Who, all enraged, will banish Valentine;",926
Act II,Scene VI,Proteus,"For Thurio, he intends, shall wed his daughter;",927
Act II,Scene VI,Proteus,"But, Valentine being gone, I'll quickly cross",928
Act II,Scene VI,Proteus,By some sly trick blunt Thurio's dull proceeding.,929
Act II,Scene VI,Proteus,"Love, lend me wings to make my purpose swift,",930
Act II,Scene VI,Proteus,As thou hast lent me wit to plot this drift!,931
Act II,Scene VI,[stage direction],Exit,NA
Act II,Scene VII,[stage direction],Enter JULIA and LUCETTA,NA
Act II,Scene VII,Julia,"Counsel, Lucetta; gentle girl, assist me;",932
Act II,Scene VII,Julia,"And even in kind love I do conjure thee,",933
Act II,Scene VII,Julia,Who art the table wherein all my thoughts,934
Act II,Scene VII,Julia,"Are visibly character'd and engraved,",935
Act II,Scene VII,Julia,To lesson me and tell me some good mean,936
Act II,Scene VII,Julia,"How, with my honour, I may undertake",937
Act II,Scene VII,Julia,A journey to my loving Proteus.,938
Act II,Scene VII,Lucetta,"Alas, the way is wearisome and long!",939
Act II,Scene VII,Julia,A true-devoted pilgrim is not weary,940
Act II,Scene VII,Julia,To measure kingdoms with his feeble steps;,941
Act II,Scene VII,Julia,"Much less shall she that hath Love's wings to fly,",942
Act II,Scene VII,Julia,"And when the flight is made to one so dear,",943
Act II,Scene VII,Julia,"Of such divine perfection, as Sir Proteus.",944
Act II,Scene VII,Lucetta,Better forbear till Proteus make return.,945
Act II,Scene VII,Julia,"O, know'st thou not his looks are my soul's food?",946
Act II,Scene VII,Julia,"Pity the dearth that I have pined in,",947
Act II,Scene VII,Julia,By longing for that food so long a time.,948
Act II,Scene VII,Julia,"Didst thou but know the inly touch of love,",949
Act II,Scene VII,Julia,Thou wouldst as soon go kindle fire with snow,950
Act II,Scene VII,Julia,As seek to quench the fire of love with words.,951
Act II,Scene VII,Lucetta,"I do not seek to quench your love's hot fire,",952
Act II,Scene VII,Lucetta,"But qualify the fire's extreme rage,",953
Act II,Scene VII,Lucetta,Lest it should burn above the bounds of reason.,954
Act II,Scene VII,Julia,"The more thou damm'st it up, the more it burns.",955
Act II,Scene VII,Julia,"The current that with gentle murmur glides,",956
Act II,Scene VII,Julia,"Thou know'st, being stopp'd, impatiently doth rage;",957
Act II,Scene VII,Julia,"But when his fair course is not hindered,",958
Act II,Scene VII,Julia,"He makes sweet music with the enamell'ed stones,",959
Act II,Scene VII,Julia,Giving a gentle kiss to every sedge,960
Act II,Scene VII,Julia,"He overtaketh in his pilgrimage,",961
Act II,Scene VII,Julia,And so by many winding nooks he strays,962
Act II,Scene VII,Julia,With willing sport to the wild ocean.,963
Act II,Scene VII,Julia,Then let me go and hinder not my course,964
Act II,Scene VII,Julia,I'll be as patient as a gentle stream,965
Act II,Scene VII,Julia,"And make a pastime of each weary step,",966
Act II,Scene VII,Julia,Till the last step have brought me to my love;,967
Act II,Scene VII,Julia,"And there I'll rest, as after much turmoil",968
Act II,Scene VII,Julia,A blessed soul doth in Elysium.,969
Act II,Scene VII,Lucetta,But in what habit will you go along?,970
Act II,Scene VII,Julia,Not like a woman; for I would prevent,971
Act II,Scene VII,Julia,The loose encounters of lascivious men:,972
Act II,Scene VII,Julia,"Gentle Lucetta, fit me with such weeds",973
Act II,Scene VII,Julia,As may beseem some well-reputed page.,974
Act II,Scene VII,Lucetta,"Why, then, your ladyship must cut your hair.",975
Act II,Scene VII,Julia,"No, girl, I'll knit it up in silken strings",976
Act II,Scene VII,Julia,With twenty odd-conceited true-love knots.,977
Act II,Scene VII,Julia,To be fantastic may become a youth,978
Act II,Scene VII,Julia,Of greater time than I shall show to be.,979
Act II,Scene VII,Lucetta,"What fashion, madam shall I make your breeches?",980
Act II,Scene VII,Julia,"That fits as well as 'Tell me, good my lord,",981
Act II,Scene VII,Julia,What compass will you wear your farthingale?',982
Act II,Scene VII,Julia,"Why even what fashion thou best likest, Lucetta.",983
Act II,Scene VII,Lucetta,"You must needs have them with a codpiece, madam.",984
Act II,Scene VII,Julia,"Out, out, Lucetta! that would be ill-favour'd.",985
Act II,Scene VII,Lucetta,"A round hose, madam, now's not worth a pin,",986
Act II,Scene VII,Lucetta,Unless you have a codpiece to stick pins on.,987
Act II,Scene VII,Julia,"Lucetta, as thou lovest me, let me have",988
Act II,Scene VII,Julia,What thou thinkest meet and is most mannerly.,989
Act II,Scene VII,Julia,"But tell me, wench, how will the world repute me",990
Act II,Scene VII,Julia,For undertaking so unstaid a journey?,991
Act II,Scene VII,Julia,"I fear me, it will make me scandalized.",992
Act II,Scene VII,Lucetta,"If you think so, then stay at home and go not.",993
Act II,Scene VII,Julia,"Nay, that I will not.",994
Act II,Scene VII,Lucetta,"Then never dream on infamy, but go.",995
Act II,Scene VII,Lucetta,"If Proteus like your journey when you come,",996
Act II,Scene VII,Lucetta,No matter who's displeased when you are gone:,997
Act II,Scene VII,Lucetta,"I fear me, he will scarce be pleased withal.",998
Act II,Scene VII,Julia,"That is the least, Lucetta, of my fear:",999
Act II,Scene VII,Julia,"A thousand oaths, an ocean of his tears",1000
Act II,Scene VII,Julia,And instances of infinite of love,1001
Act II,Scene VII,Julia,Warrant me welcome to my Proteus.,1002
Act II,Scene VII,Lucetta,All these are servants to deceitful men.,1003
Act II,Scene VII,Julia,"Base men, that use them to so base effect!",1004
Act II,Scene VII,Julia,But truer stars did govern Proteus' birth,1005
Act II,Scene VII,Julia,"His words are bonds, his oaths are oracles,",1006
Act II,Scene VII,Julia,"His love sincere, his thoughts immaculate,",1007
Act II,Scene VII,Julia,"His tears pure messengers sent from his heart,",1008
Act II,Scene VII,Julia,His heart as far from fraud as heaven from earth.,1009
Act II,Scene VII,Lucetta,"Pray heaven he prove so, when you come to him!",1010
Act II,Scene VII,Julia,"Now, as thou lovest me, do him not that wrong",1011
Act II,Scene VII,Julia,To bear a hard opinion of his truth:,1012
Act II,Scene VII,Julia,Only deserve my love by loving him;,1013
Act II,Scene VII,Julia,"And presently go with me to my chamber,",1014
Act II,Scene VII,Julia,"To take a note of what I stand in need of,",1015
Act II,Scene VII,Julia,To furnish me upon my longing journey.,1016
Act II,Scene VII,Julia,"All that is mine I leave at thy dispose,",1017
Act II,Scene VII,Julia,"My goods, my lands, my reputation;",1018
Act II,Scene VII,Julia,"Only, in lieu thereof, dispatch me hence.",1019
Act II,Scene VII,Julia,"Come, answer not, but to it presently!",1020
Act II,Scene VII,Julia,I am impatient of my tarriance.,1021
Act II,Scene VII,[stage direction],Exeunt,NA
Act III,Scene I,[stage direction],"Enter DUKE, THURIO, and PROTEUS",NA
Act III,Scene I,Duke,"Sir Thurio, give us leave, I pray, awhile;",1022
Act III,Scene I,Duke,We have some secrets to confer about.,1023
Act III,Scene I,[stage direction],Exit THURIO,NA
Act III,Scene I,Duke,"Now, tell me, Proteus, what's your will with me?",1024
Act III,Scene I,Proteus,"My gracious lord, that which I would discover",1025
Act III,Scene I,Proteus,The law of friendship bids me to conceal;,1026
Act III,Scene I,Proteus,But when I call to mind your gracious favours,1027
Act III,Scene I,Proteus,"Done to me, undeserving as I am,",1028
Act III,Scene I,Proteus,My duty pricks me on to utter that,1029
Act III,Scene I,Proteus,Which else no worldly good should draw from me.,1030
Act III,Scene I,Proteus,"Know, worthy prince, Sir Valentine, my friend,",1031
Act III,Scene I,Proteus,This night intends to steal away your daughter:,1032
Act III,Scene I,Proteus,Myself am one made privy to the plot.,1033
Act III,Scene I,Proteus,I know you have determined to bestow her,1034
Act III,Scene I,Proteus,"On Thurio, whom your gentle daughter hates;",1035
Act III,Scene I,Proteus,"And should she thus be stol'n away from you,",1036
Act III,Scene I,Proteus,It would be much vexation to your age.,1037
Act III,Scene I,Proteus,"Thus, for my duty's sake, I rather chose",1038
Act III,Scene I,Proteus,To cross my friend in his intended drift,1039
Act III,Scene I,Proteus,"Than, by concealing it, heap on your head",1040
Act III,Scene I,Proteus,"A pack of sorrows which would press you down,",1041
Act III,Scene I,Proteus,"Being unprevented, to your timeless grave.",1042
Act III,Scene I,Duke,"Proteus, I thank thee for thine honest care;",1043
Act III,Scene I,Duke,"Which to requite, command me while I live.",1044
Act III,Scene I,Duke,"This love of theirs myself have often seen,",1045
Act III,Scene I,Duke,"Haply when they have judged me fast asleep,",1046
Act III,Scene I,Duke,And oftentimes have purposed to forbid,1047
Act III,Scene I,Duke,Sir Valentine her company and my court:,1048
Act III,Scene I,Duke,But fearing lest my jealous aim might err,1049
Act III,Scene I,Duke,"And so unworthily disgrace the man,",1050
Act III,Scene I,Duke,"A rashness that I ever yet have shunn'd,",1051
Act III,Scene I,Duke,"I gave him gentle looks, thereby to find",1052
Act III,Scene I,Duke,That which thyself hast now disclosed to me.,1053
Act III,Scene I,Duke,"And, that thou mayst perceive my fear of this,",1054
Act III,Scene I,Duke,"Knowing that tender youth is soon suggested,",1055
Act III,Scene I,Duke,"I nightly lodge her in an upper tower,",1056
Act III,Scene I,Duke,The key whereof myself have ever kept;,1057
Act III,Scene I,Duke,And thence she cannot be convey'd away.,1058
Act III,Scene I,Proteus,"Know, noble lord, they have devised a mean",1059
Act III,Scene I,Proteus,How he her chamber-window will ascend,1060
Act III,Scene I,Proteus,And with a corded ladder fetch her down;,1061
Act III,Scene I,Proteus,For which the youthful lover now is gone,1062
Act III,Scene I,Proteus,And this way comes he with it presently;,1063
Act III,Scene I,Proteus,"Where, if it please you, you may intercept him.",1064
Act III,Scene I,Proteus,"But, good my Lord, do it so cunningly",1065
Act III,Scene I,Proteus,That my discovery be not aimed at;,1066
Act III,Scene I,Proteus,"For love of you, not hate unto my friend,",1067
Act III,Scene I,Proteus,Hath made me publisher of this pretence.,1068
Act III,Scene I,Duke,"Upon mine honour, he shall never know",1069
Act III,Scene I,Duke,That I had any light from thee of this.,1070
Act III,Scene I,Proteus,"Adieu, my Lord; Sir Valentine is coming.",1071
Act III,Scene I,[stage direction],Exit,NA
Act III,Scene I,[stage direction],Enter VALENTINE,NA
Act III,Scene I,Duke,"Sir Valentine, whither away so fast?",1072
Act III,Scene I,Valentine,"Please it your grace, there is a messenger",1073
Act III,Scene I,Valentine,"That stays to bear my letters to my friends,",1074
Act III,Scene I,Valentine,And I am going to deliver them.,1075
Act III,Scene I,Duke,Be they of much import?,1076
Act III,Scene I,Valentine,The tenor of them doth but signify,1077
Act III,Scene I,Valentine,My health and happy being at your court.,1078
Act III,Scene I,Duke,"Nay then, no matter; stay with me awhile;",1079
Act III,Scene I,Duke,I am to break with thee of some affairs,1080
Act III,Scene I,Duke,"That touch me near, wherein thou must be secret.",1081
Act III,Scene I,Duke,'Tis not unknown to thee that I have sought,1082
Act III,Scene I,Duke,To match my friend Sir Thurio to my daughter.,1083
Act III,Scene I,Valentine,"I know it well, my Lord; and, sure, the match",1084
Act III,Scene I,Valentine,"Were rich and honourable; besides, the gentleman",1085
Act III,Scene I,Valentine,"Is full of virtue, bounty, worth and qualities",1086
Act III,Scene I,Valentine,Beseeming such a wife as your fair daughter:,1087
Act III,Scene I,Valentine,Cannot your Grace win her to fancy him?,1088
Act III,Scene I,Duke,"No, trust me; she is peevish, sullen, froward,",1089
Act III,Scene I,Duke,"Proud, disobedient, stubborn, lacking duty,",1090
Act III,Scene I,Duke,Neither regarding that she is my child,1091
Act III,Scene I,Duke,Nor fearing me as if I were her father;,1092
Act III,Scene I,Duke,"And, may I say to thee, this pride of hers,",1093
Act III,Scene I,Duke,"Upon advice, hath drawn my love from her;",1094
Act III,Scene I,Duke,"And, where I thought the remnant of mine age",1095
Act III,Scene I,Duke,"Should have been cherish'd by her child-like duty,",1096
Act III,Scene I,Duke,I now am full resolved to take a wife,1097
Act III,Scene I,Duke,And turn her out to who will take her in:,1098
Act III,Scene I,Duke,Then let her beauty be her wedding-dower;,1099
Act III,Scene I,Duke,For me and my possessions she esteems not.,1100
Act III,Scene I,Valentine,What would your Grace have me to do in this?,1101
Act III,Scene I,Duke,There is a lady in Verona here,1102
Act III,Scene I,Duke,Whom I affect; but she is nice and coy,1103
Act III,Scene I,Duke,And nought esteems my aged eloquence:,1104
Act III,Scene I,Duke,Now therefore would I have thee to my tutor--,1105
Act III,Scene I,Duke,For long agone I have forgot to court;,1106
Act III,Scene I,Duke,"Besides, the fashion of the time is changed--",1107
Act III,Scene I,Duke,How and which way I may bestow myself,1108
Act III,Scene I,Duke,To be regarded in her sun-bright eye.,1109
Act III,Scene I,Valentine,"Win her with gifts, if she respect not words:",1110
Act III,Scene I,Valentine,Dumb jewels often in their silent kind,1111
Act III,Scene I,Valentine,More than quick words do move a woman's mind.,1112
Act III,Scene I,Duke,But she did scorn a present that I sent her.,1113
Act III,Scene I,Valentine,A woman sometimes scorns what best contents her.,1114
Act III,Scene I,Valentine,Send her another; never give her o'er;,1115
Act III,Scene I,Valentine,For scorn at first makes after-love the more.,1116
Act III,Scene I,Valentine,"If she do frown, 'tis not in hate of you,",1117
Act III,Scene I,Valentine,But rather to beget more love in you:,1118
Act III,Scene I,Valentine,"If she do chide, 'tis not to have you gone;",1119
Act III,Scene I,Valentine,"For why, the fools are mad, if left alone.",1120
Act III,Scene I,Valentine,"Take no repulse, whatever she doth say;",1121
Act III,Scene I,Valentine,"For 'get you gone,' she doth not mean 'away!'",1122
Act III,Scene I,Valentine,"Flatter and praise, commend, extol their graces;",1123
Act III,Scene I,Valentine,"Though ne'er so black, say they have angels' faces.",1124
Act III,Scene I,Valentine,"That man that hath a tongue, I say, is no man,",1125
Act III,Scene I,Valentine,If with his tongue he cannot win a woman.,1126
Act III,Scene I,Duke,But she I mean is promised by her friends,1127
Act III,Scene I,Duke,"Unto a youthful gentleman of worth,",1128
Act III,Scene I,Duke,"And kept severely from resort of men,",1129
Act III,Scene I,Duke,That no man hath access by day to her.,1130
Act III,Scene I,Valentine,"Why, then, I would resort to her by night.",1131
Act III,Scene I,Duke,"Ay, but the doors be lock'd and keys kept safe,",1132
Act III,Scene I,Duke,That no man hath recourse to her by night.,1133
Act III,Scene I,Valentine,What lets but one may enter at her window?,1134
Act III,Scene I,Duke,"Her chamber is aloft, far from the ground,",1135
Act III,Scene I,Duke,And built so shelving that one cannot climb it,1136
Act III,Scene I,Duke,Without apparent hazard of his life.,1137
Act III,Scene I,Valentine,"Why then, a ladder quaintly made of cords,",1138
Act III,Scene I,Valentine,"To cast up, with a pair of anchoring hooks,",1139
Act III,Scene I,Valentine,"Would serve to scale another Hero's tower,",1140
Act III,Scene I,Valentine,So bold Leander would adventure it.,1141
Act III,Scene I,Duke,"Now, as thou art a gentleman of blood,",1142
Act III,Scene I,Duke,Advise me where I may have such a ladder.,1143
Act III,Scene I,Valentine,"When would you use it? pray, sir, tell me that.",1144
Act III,Scene I,Duke,"This very night; for Love is like a child,",1145
Act III,Scene I,Duke,That longs for every thing that he can come by.,1146
Act III,Scene I,Valentine,By seven o'clock I'll get you such a ladder.,1147
Act III,Scene I,Duke,"But, hark thee; I will go to her alone:",1148
Act III,Scene I,Duke,How shall I best convey the ladder thither?,1149
Act III,Scene I,Valentine,"It will be light, my lord, that you may bear it",1150
Act III,Scene I,Valentine,Under a cloak that is of any length.,1151
Act III,Scene I,Duke,A cloak as long as thine will serve the turn?,1152
Act III,Scene I,Valentine,"Ay, my good lord.",1153
Act III,Scene I,Duke,Then let me see thy cloak:,1154
Act III,Scene I,Duke,I'll get me one of such another length.,1155
Act III,Scene I,Valentine,"Why, any cloak will serve the turn, my lord.",1156
Act III,Scene I,Duke,How shall I fashion me to wear a cloak?,1157
Act III,Scene I,Duke,"I pray thee, let me feel thy cloak upon me.",1158
Act III,Scene I,Duke,What letter is this same? What's here? 'To Silvia'!,1159
Act III,Scene I,Duke,And here an engine fit for my proceeding.,1160
Act III,Scene I,Duke,I'll be so bold to break the seal for once.,1161
Act III,Scene I,[stage direction],Reads,NA
Act III,Scene I,Duke,"'My thoughts do harbour with my Silvia nightly,",1162
Act III,Scene I,Duke,And slaves they are to me that send them flying:,1163
Act III,Scene I,Duke,"O, could their master come and go as lightly,",1164
Act III,Scene I,Duke,Himself would lodge where senseless they are lying!,1165
Act III,Scene I,Duke,My herald thoughts in thy pure bosom rest them:,1166
Act III,Scene I,Duke,"While I, their king, that hither them importune,",1167
Act III,Scene I,Duke,"Do curse the grace that with such grace hath bless'd them,",1168
Act III,Scene I,Duke,Because myself do want my servants' fortune:,1169
Act III,Scene I,Duke,"I curse myself, for they are sent by me,",1170
Act III,Scene I,Duke,That they should harbour where their lord would be.',1171
Act III,Scene I,Duke,What's here?,1172
Act III,Scene I,Duke,"'Silvia, this night I will enfranchise thee.'",1173
Act III,Scene I,Duke,'Tis so; and here's the ladder for the purpose.,1174
Act III,Scene I,Duke,"Why, Phaeton,--for thou art Merops' son,--",1175
Act III,Scene I,Duke,Wilt thou aspire to guide the heavenly car,1176
Act III,Scene I,Duke,And with thy daring folly burn the world?,1177
Act III,Scene I,Duke,"Wilt thou reach stars, because they shine on thee?",1178
Act III,Scene I,Duke,"Go, base intruder! overweening slave!",1179
Act III,Scene I,Duke,"Bestow thy fawning smiles on equal mates,",1180
Act III,Scene I,Duke,"And think my patience, more than thy desert,",1181
Act III,Scene I,Duke,Is privilege for thy departure hence:,1182
Act III,Scene I,Duke,Thank me for this more than for all the favours,1183
Act III,Scene I,Duke,Which all too much I have bestow'd on thee.,1184
Act III,Scene I,Duke,But if thou linger in my territories,1185
Act III,Scene I,Duke,Longer than swiftest expedition,1186
Act III,Scene I,Duke,"Will give thee time to leave our royal court,",1187
Act III,Scene I,Duke,By heaven! my wrath shall far exceed the love,1188
Act III,Scene I,Duke,I ever bore my daughter or thyself.,1189
Act III,Scene I,Duke,Be gone! I will not hear thy vain excuse;,1190
Act III,Scene I,Duke,"But, as thou lovest thy life, make speed from hence.",1191
Act III,Scene I,[stage direction],Exit,NA
Act III,Scene I,Valentine,And why not death rather than living torment?,1192
Act III,Scene I,Valentine,To die is to be banish'd from myself;,1193
Act III,Scene I,Valentine,And Silvia is myself: banish'd from her,1194
Act III,Scene I,Valentine,Is self from self: a deadly banishment!,1195
Act III,Scene I,Valentine,"What light is light, if Silvia be not seen?",1196
Act III,Scene I,Valentine,"What joy is joy, if Silvia be not by?",1197
Act III,Scene I,Valentine,Unless it be to think that she is by,1198
Act III,Scene I,Valentine,And feed upon the shadow of perfection,1199
Act III,Scene I,Valentine,"Except I be by Silvia in the night,",1200
Act III,Scene I,Valentine,There is no music in the nightingale;,1201
Act III,Scene I,Valentine,"Unless I look on Silvia in the day,",1202
Act III,Scene I,Valentine,There is no day for me to look upon;,1203
Act III,Scene I,Valentine,"She is my essence, and I leave to be,",1204
Act III,Scene I,Valentine,If I be not by her fair influence,1205
Act III,Scene I,Valentine,"Foster'd, illumined, cherish'd, kept alive.",1206
Act III,Scene I,Valentine,"I fly not death, to fly his deadly doom:",1207
Act III,Scene I,Valentine,"Tarry I here, I but attend on death:",1208
Act III,Scene I,Valentine,"But, fly I hence, I fly away from life.",1209
Act III,Scene I,[stage direction],Enter PROTEUS and LAUNCE,NA
Act III,Scene I,Proteus,"Run, boy, run, run, and seek him out.",1210
Act III,Scene I,Launce,"Soho, soho!",1211
Act III,Scene I,Proteus,What seest thou?,1212
Act III,Scene I,Launce,Him we go to find: there's not a hair on's head,1213
Act III,Scene I,Launce,but 'tis a Valentine.,1214
Act III,Scene I,Proteus,Valentine?,1215
Act III,Scene I,Valentine,No.,1216
Act III,Scene I,Proteus,Who then? his spirit?,1217
Act III,Scene I,Valentine,Neither.,1218
Act III,Scene I,Proteus,What then?,1219
Act III,Scene I,Valentine,Nothing.,1220
Act III,Scene I,Launce,"Can nothing speak? Master, shall I strike?",1221
Act III,Scene I,Proteus,Who wouldst thou strike?,1222
Act III,Scene I,Launce,Nothing.,1223
Act III,Scene I,Proteus,"Villain, forbear.",1224
Act III,Scene I,Launce,"Why, sir, I'll strike nothing: I pray you,--",1225
Act III,Scene I,Proteus,"Sirrah, I say, forbear. Friend Valentine, a word.",1226
Act III,Scene I,Valentine,"My ears are stopt and cannot hear good news,",1227
Act III,Scene I,Valentine,So much of bad already hath possess'd them.,1228
Act III,Scene I,Proteus,"Then in dumb silence will I bury mine,",1229
Act III,Scene I,Proteus,"For they are harsh, untuneable and bad.",1230
Act III,Scene I,Valentine,Is Silvia dead?,1231
Act III,Scene I,Proteus,"No, Valentine.",1232
Act III,Scene I,Valentine,"No Valentine, indeed, for sacred Silvia.",1233
Act III,Scene I,Valentine,Hath she forsworn me?,1234
Act III,Scene I,Proteus,"No, Valentine.",1235
Act III,Scene I,Valentine,"No Valentine, if Silvia have forsworn me.",1236
Act III,Scene I,Valentine,What is your news?,1237
Act III,Scene I,Launce,"Sir, there is a proclamation that you are vanished.",1238
Act III,Scene I,Proteus,"That thou art banished--O, that's the news!--",1239
Act III,Scene I,Proteus,"From hence, from Silvia and from me thy friend.",1240
Act III,Scene I,Valentine,"O, I have fed upon this woe already,",1241
Act III,Scene I,Valentine,And now excess of it will make me surfeit.,1242
Act III,Scene I,Valentine,Doth Silvia know that I am banished?,1243
Act III,Scene I,Proteus,"Ay, ay; and she hath offer'd to the doom--",1244
Act III,Scene I,Proteus,"Which, unreversed, stands in effectual force--",1245
Act III,Scene I,Proteus,"A sea of melting pearl, which some call tears:",1246
Act III,Scene I,Proteus,Those at her father's churlish feet she tender'd;,1247
Act III,Scene I,Proteus,"With them, upon her knees, her humble self;",1248
Act III,Scene I,Proteus,"Wringing her hands, whose whiteness so became them",1249
Act III,Scene I,Proteus,As if but now they waxed pale for woe:,1250
Act III,Scene I,Proteus,"But neither bended knees, pure hands held up,",1251
Act III,Scene I,Proteus,"Sad sighs, deep groans, nor silver-shedding tears,",1252
Act III,Scene I,Proteus,Could penetrate her uncompassionate sire;,1253
Act III,Scene I,Proteus,"But Valentine, if he be ta'en, must die.",1254
Act III,Scene I,Proteus,"Besides, her intercession chafed him so,",1255
Act III,Scene I,Proteus,"When she for thy repeal was suppliant,",1256
Act III,Scene I,Proteus,"That to close prison he commanded her,",1257
Act III,Scene I,Proteus,With many bitter threats of biding there.,1258
Act III,Scene I,Valentine,No more; unless the next word that thou speak'st,1259
Act III,Scene I,Valentine,Have some malignant power upon my life:,1260
Act III,Scene I,Valentine,"If so, I pray thee, breathe it in mine ear,",1261
Act III,Scene I,Valentine,As ending anthem of my endless dolour.,1262
Act III,Scene I,Proteus,"Cease to lament for that thou canst not help,",1263
Act III,Scene I,Proteus,And study help for that which thou lament'st.,1264
Act III,Scene I,Proteus,Time is the nurse and breeder of all good.,1265
Act III,Scene I,Proteus,"Here if thou stay, thou canst not see thy love;",1266
Act III,Scene I,Proteus,"Besides, thy staying will abridge thy life.",1267
Act III,Scene I,Proteus,Hope is a lover's staff; walk hence with that,1268
Act III,Scene I,Proteus,And manage it against despairing thoughts.,1269
Act III,Scene I,Proteus,"Thy letters may be here, though thou art hence;",1270
Act III,Scene I,Proteus,"Which, being writ to me, shall be deliver'd",1271
Act III,Scene I,Proteus,Even in the milk-white bosom of thy love.,1272
Act III,Scene I,Proteus,The time now serves not to expostulate:,1273
Act III,Scene I,Proteus,"Come, I'll convey thee through the city-gate;",1274
Act III,Scene I,Proteus,"And, ere I part with thee, confer at large",1275
Act III,Scene I,Proteus,Of all that may concern thy love-affairs.,1276
Act III,Scene I,Proteus,"As thou lovest Silvia, though not for thyself,",1277
Act III,Scene I,Proteus,"Regard thy danger, and along with me!",1278
Act III,Scene I,Valentine,"I pray thee, Launce, an if thou seest my boy,",1279
Act III,Scene I,Valentine,Bid him make haste and meet me at the North-gate.,1280
Act III,Scene I,Proteus,"Go, sirrah, find him out. Come, Valentine.",1281
Act III,Scene I,Valentine,O my dear Silvia! Hapless Valentine!,1282
Act III,Scene I,[stage direction],Exeunt VALENTINE and PROTEUS,NA
Act III,Scene I,Launce,"I am but a fool, look you; and yet I have the wit to",1283
Act III,Scene I,Launce,think my master is a kind of a knave: but that's,1284
Act III,Scene I,Launce,"all one, if he be but one knave. He lives not now",1285
Act III,Scene I,Launce,that knows me to be in love; yet I am in love; but a,1286
Act III,Scene I,Launce,team of horse shall not pluck that from me; nor who,1287
Act III,Scene I,Launce,"'tis I love; and yet 'tis a woman; but what woman, I",1288
Act III,Scene I,Launce,will not tell myself; and yet 'tis a milkmaid; yet,1289
Act III,Scene I,Launce,"'tis not a maid, for she hath had gossips; yet 'tis",1290
Act III,Scene I,Launce,"a maid, for she is her master's maid, and serves for",1291
Act III,Scene I,Launce,wages. She hath more qualities than a water-spaniel;,1292
Act III,Scene I,Launce,which is much in a bare Christian.,1293
Act III,Scene I,[stage direction],Pulling out a paper,NA
Act III,Scene I,Launce,Here is the cate-log of her condition.,1294
Act III,Scene I,Launce,"'Imprimis: She can fetch and carry.' Why, a horse",1295
Act III,Scene I,Launce,"can do no more: nay, a horse cannot fetch, but only",1296
Act III,Scene I,Launce,carry; therefore is she better than a jade. 'Item:,1297
Act III,Scene I,Launce,"She can milk;' look you, a sweet virtue in a maid",1298
Act III,Scene I,Launce,with clean hands.,1299
Act III,Scene I,[stage direction],Enter SPEED,NA
Act III,Scene I,Speed,"How now, Signior Launce! what news with your",1300
Act III,Scene I,Speed,mastership?,1301
Act III,Scene I,Launce,"With my master's ship? why, it is at sea.",1302
Act III,Scene I,Speed,"Well, your old vice still; mistake the word. What",1303
Act III,Scene I,Speed,"news, then, in your paper?",1304
Act III,Scene I,Launce,The blackest news that ever thou heardest.,1305
Act III,Scene I,Speed,"Why, man, how black?",1306
Act III,Scene I,Launce,"Why, as black as ink.",1307
Act III,Scene I,Speed,Let me read them.,1308
Act III,Scene I,Launce,"Fie on thee, jolt-head! thou canst not read.",1309
Act III,Scene I,Speed,Thou liest; I can.,1310
Act III,Scene I,Launce,I will try thee. Tell me this: who begot thee?,1311
Act III,Scene I,Speed,"Marry, the son of my grandfather.",1312
Act III,Scene I,Launce,O illiterate loiterer! it was the son of thy,1313
Act III,Scene I,Launce,grandmother: this proves that thou canst not read.,1314
Act III,Scene I,Speed,"Come, fool, come; try me in thy paper.",1315
Act III,Scene I,Launce,There; and St. Nicholas be thy speed!,1316
Act III,Scene I,Speed,[Reads]  'Imprimis: She can milk.',1317
Act III,Scene I,Launce,"Ay, that she can.",1318
Act III,Scene I,Speed,'Item: She brews good ale.',1319
Act III,Scene I,Launce,And thereof comes the proverb: 'Blessing of your,1320
Act III,Scene I,Launce,"heart, you brew good ale.'",1321
Act III,Scene I,Speed,'Item: She can sew.',1322
Act III,Scene I,Launce,"That's as much as to say, Can she so?",1323
Act III,Scene I,Speed,'Item: She can knit.',1324
Act III,Scene I,Launce,"What need a man care for a stock with a wench, when",1325
Act III,Scene I,Launce,she can knit him a stock?,1326
Act III,Scene I,Speed,'Item: She can wash and scour.',1327
Act III,Scene I,Launce,A special virtue: for then she need not be washed,1328
Act III,Scene I,Launce,and scoured.,1329
Act III,Scene I,Speed,'Item: She can spin.',1330
Act III,Scene I,Launce,"Then may I set the world on wheels, when she can",1331
Act III,Scene I,Launce,spin for her living.,1332
Act III,Scene I,Speed,'Item: She hath many nameless virtues.',1333
Act III,Scene I,Launce,"That's as much as to say, bastard virtues; that,",1334
Act III,Scene I,Launce,"indeed, know not their fathers and therefore have no names.",1335
Act III,Scene I,Speed,'Here follow her vices.',1336
Act III,Scene I,Launce,Close at the heels of her virtues.,1337
Act III,Scene I,Speed,'Item: She is not to be kissed fasting in respect,1338
Act III,Scene I,Speed,of her breath.',1339
Act III,Scene I,Launce,"Well, that fault may be mended with a breakfast. Read on.",1340
Act III,Scene I,Speed,'Item: She hath a sweet mouth.',1341
Act III,Scene I,Launce,That makes amends for her sour breath.,1342
Act III,Scene I,Speed,'Item: She doth talk in her sleep.',1343
Act III,Scene I,Launce,"It's no matter for that, so she sleep not in her talk.",1344
Act III,Scene I,Speed,'Item: She is slow in words.',1345
Act III,Scene I,Launce,"O villain, that set this down among her vices! To",1346
Act III,Scene I,Launce,be slow in words is a woman's only virtue: I pray,1347
Act III,Scene I,Launce,"thee, out with't, and place it for her chief virtue.",1348
Act III,Scene I,Speed,'Item: She is proud.',1349
Act III,Scene I,Launce,"Out with that too; it was Eve's legacy, and cannot",1350
Act III,Scene I,Launce,be ta'en from her.,1351
Act III,Scene I,Speed,'Item: She hath no teeth.',1352
Act III,Scene I,Launce,"I care not for that neither, because I love crusts.",1353
Act III,Scene I,Speed,'Item: She is curst.',1354
Act III,Scene I,Launce,"Well, the best is, she hath no teeth to bite.",1355
Act III,Scene I,Speed,'Item: She will often praise her liquor.',1356
Act III,Scene I,Launce,"If her liquor be good, she shall: if she will not, I",1357
Act III,Scene I,Launce,will; for good things should be praised.,1358
Act III,Scene I,Speed,'Item: She is too liberal.',1359
Act III,Scene I,Launce,"Of her tongue she cannot, for that's writ down she",1360
Act III,Scene I,Launce,"is slow of; of her purse she shall not, for that",1361
Act III,Scene I,Launce,"I'll keep shut: now, of another thing she may, and",1362
Act III,Scene I,Launce,"that cannot I help. Well, proceed.",1363
Act III,Scene I,Speed,"'Item: She hath more hair than wit, and more faults",1364
Act III,Scene I,Speed,"than hairs, and more wealth than faults.'",1365
Act III,Scene I,Launce,"Stop there; I'll have her: she was mine, and not",1366
Act III,Scene I,Launce,"mine, twice or thrice in that last article.",1367
Act III,Scene I,Launce,Rehearse that once more.,1368
Act III,Scene I,Speed,"'Item: She hath more hair than wit,'--",1369
Act III,Scene I,Launce,More hair than wit? It may be; I'll prove it. The,1370
Act III,Scene I,Launce,"cover of the salt hides the salt, and therefore it",1371
Act III,Scene I,Launce,is more than the salt; the hair that covers the wit,1372
Act III,Scene I,Launce,"is more than the wit, for the greater hides the",1373
Act III,Scene I,Launce,less. What's next?,1374
Act III,Scene I,Speed,"'And more faults than hairs,'--",1375
Act III,Scene I,Launce,"That's monstrous: O, that that were out!",1376
Act III,Scene I,Speed,'And more wealth than faults.',1377
Act III,Scene I,Launce,"Why, that word makes the faults gracious. Well,",1378
Act III,Scene I,Launce,"I'll have her; and if it be a match, as nothing is",1379
Act III,Scene I,Launce,"impossible,--",1380
Act III,Scene I,Speed,What then?,1381
Act III,Scene I,Launce,"Why, then will I tell thee--that thy master stays",1382
Act III,Scene I,Launce,for thee at the North-gate.,1383
Act III,Scene I,Speed,For me?,1384
Act III,Scene I,Launce,"For thee! ay, who art thou? he hath stayed for a",1385
Act III,Scene I,Launce,better man than thee.,1386
Act III,Scene I,Speed,And must I go to him?,1387
Act III,Scene I,Launce,"Thou must run to him, for thou hast stayed so long",1388
Act III,Scene I,Launce,that going will scarce serve the turn.,1389
Act III,Scene I,Speed,Why didst not tell me sooner? pox of your love letters!,1390
Act III,Scene I,[stage direction],Exit,NA
Act III,Scene I,Launce,Now will he be swinged for reading my letter; an,1391
Act III,Scene I,Launce,"unmannerly slave, that will thrust himself into",1392
Act III,Scene I,Launce,"secrets! I'll after, to rejoice in the boy's correction.",1393
Act III,Scene I,[stage direction],Exit,NA
Act III,Scene II,[stage direction],Enter DUKE and THURIO,NA
Act III,Scene II,Duke,"Sir Thurio, fear not but that she will love you,",1394
Act III,Scene II,Duke,Now Valentine is banish'd from her sight.,1395
Act III,Scene II,Thurio,"Since his exile she hath despised me most,",1396
Act III,Scene II,Thurio,"Forsworn my company and rail'd at me,",1397
Act III,Scene II,Thurio,That I am desperate of obtaining her.,1398
Act III,Scene II,Duke,This weak impress of love is as a figure,1399
Act III,Scene II,Duke,"Trenched in ice, which with an hour's heat",1400
Act III,Scene II,Duke,Dissolves to water and doth lose his form.,1401
Act III,Scene II,Duke,A little time will melt her frozen thoughts,1402
Act III,Scene II,Duke,And worthless Valentine shall be forgot.,1403
Act III,Scene II,[stage direction],Enter PROTEUS,NA
Act III,Scene II,Duke,"How now, Sir Proteus! Is your countryman",1404
Act III,Scene II,Duke,According to our proclamation gone?,1405
Act III,Scene II,Proteus,"Gone, my good lord.",1406
Act III,Scene II,Duke,My daughter takes his going grievously.,1407
Act III,Scene II,Proteus,"A little time, my lord, will kill that grief.",1408
Act III,Scene II,Duke,So I believe; but Thurio thinks not so.,1409
Act III,Scene II,Duke,"Proteus, the good conceit I hold of thee--",1410
Act III,Scene II,Duke,For thou hast shown some sign of good desert--,1411
Act III,Scene II,Duke,Makes me the better to confer with thee.,1412
Act III,Scene II,Proteus,Longer than I prove loyal to your grace,1413
Act III,Scene II,Proteus,Let me not live to look upon your grace.,1414
Act III,Scene II,Duke,Thou know'st how willingly I would effect,1415
Act III,Scene II,Duke,The match between Sir Thurio and my daughter.,1416
Act III,Scene II,Proteus,"I do, my lord.",1417
Act III,Scene II,Duke,"And also, I think, thou art not ignorant",1418
Act III,Scene II,Duke,How she opposes her against my will,1419
Act III,Scene II,Proteus,"She did, my lord, when Valentine was here.",1420
Act III,Scene II,Duke,"Ay, and perversely she persevers so.",1421
Act III,Scene II,Duke,What might we do to make the girl forget,1422
Act III,Scene II,Duke,The love of Valentine and love Sir Thurio?,1423
Act III,Scene II,Proteus,The best way is to slander Valentine,1424
Act III,Scene II,Proteus,"With falsehood, cowardice and poor descent,",1425
Act III,Scene II,Proteus,Three things that women highly hold in hate.,1426
Act III,Scene II,Duke,"Ay, but she'll think that it is spoke in hate.",1427
Act III,Scene II,Proteus,"Ay, if his enemy deliver it:",1428
Act III,Scene II,Proteus,Therefore it must with circumstance be spoken,1429
Act III,Scene II,Proteus,By one whom she esteemeth as his friend.,1430
Act III,Scene II,Duke,Then you must undertake to slander him.,1431
Act III,Scene II,Proteus,"And that, my lord, I shall be loath to do:",1432
Act III,Scene II,Proteus,"'Tis an ill office for a gentleman,",1433
Act III,Scene II,Proteus,Especially against his very friend.,1434
Act III,Scene II,Duke,"Where your good word cannot advantage him,",1435
Act III,Scene II,Duke,Your slander never can endamage him;,1436
Act III,Scene II,Duke,"Therefore the office is indifferent,",1437
Act III,Scene II,Duke,Being entreated to it by your friend.,1438
Act III,Scene II,Proteus,"You have prevail'd, my lord; if I can do it",1439
Act III,Scene II,Proteus,"By ought that I can speak in his dispraise,",1440
Act III,Scene II,Proteus,She shall not long continue love to him.,1441
Act III,Scene II,Proteus,"But say this weed her love from Valentine,",1442
Act III,Scene II,Proteus,It follows not that she will love Sir Thurio.,1443
Act III,Scene II,Thurio,"Therefore, as you unwind her love from him,",1444
Act III,Scene II,Thurio,"Lest it should ravel and be good to none,",1445
Act III,Scene II,Thurio,You must provide to bottom it on me;,1446
Act III,Scene II,Thurio,Which must be done by praising me as much,1447
Act III,Scene II,Thurio,As you in worth dispraise Sir Valentine.,1448
Act III,Scene II,Duke,"And, Proteus, we dare trust you in this kind,",1449
Act III,Scene II,Duke,"Because we know, on Valentine's report,",1450
Act III,Scene II,Duke,You are already Love's firm votary,1451
Act III,Scene II,Duke,And cannot soon revolt and change your mind.,1452
Act III,Scene II,Duke,Upon this warrant shall you have access,1453
Act III,Scene II,Duke,Where you with Silvia may confer at large;,1454
Act III,Scene II,Duke,"For she is lumpish, heavy, melancholy,",1455
Act III,Scene II,Duke,"And, for your friend's sake, will be glad of you;",1456
Act III,Scene II,Duke,Where you may temper her by your persuasion,1457
Act III,Scene II,Duke,To hate young Valentine and love my friend.,1458
Act III,Scene II,Proteus,"As much as I can do, I will effect:",1459
Act III,Scene II,Proteus,"But you, Sir Thurio, are not sharp enough;",1460
Act III,Scene II,Proteus,You must lay lime to tangle her desires,1461
Act III,Scene II,Proteus,"By wailful sonnets, whose composed rhymes",1462
Act III,Scene II,Proteus,Should be full-fraught with serviceable vows.,1463
Act III,Scene II,Duke,"Ay,",1464
Act III,Scene II,Duke,Much is the force of heaven-bred poesy.,1465
Act III,Scene II,Proteus,Say that upon the altar of her beauty,1466
Act III,Scene II,Proteus,"You sacrifice your tears, your sighs, your heart:",1467
Act III,Scene II,Proteus,"Write till your ink be dry, and with your tears",1468
Act III,Scene II,Proteus,"Moist it again, and frame some feeling line",1469
Act III,Scene II,Proteus,That may discover such integrity:,1470
Act III,Scene II,Proteus,"For Orpheus' lute was strung with poets' sinews,",1471
Act III,Scene II,Proteus,"Whose golden touch could soften steel and stones,",1472
Act III,Scene II,Proteus,Make tigers tame and huge leviathans,1473
Act III,Scene II,Proteus,Forsake unsounded deeps to dance on sands.,1474
Act III,Scene II,Proteus,"After your dire-lamenting elegies,",1475
Act III,Scene II,Proteus,Visit by night your lady's chamber-window,1476
Act III,Scene II,Proteus,With some sweet concert; to their instruments,1477
Act III,Scene II,Proteus,Tune a deploring dump: the night's dead silence,1478
Act III,Scene II,Proteus,Will well become such sweet-complaining grievance.,1479
Act III,Scene II,Proteus,"This, or else nothing, will inherit her.",1480
Act III,Scene II,Duke,This discipline shows thou hast been in love.,1481
Act III,Scene II,Thurio,And thy advice this night I'll put in practise.,1482
Act III,Scene II,Thurio,"Therefore, sweet Proteus, my direction-giver,",1483
Act III,Scene II,Thurio,Let us into the city presently,1484
Act III,Scene II,Thurio,To sort some gentlemen well skill'd in music.,1485
Act III,Scene II,Thurio,I have a sonnet that will serve the turn,1486
Act III,Scene II,Thurio,To give the onset to thy good advice.,1487
Act III,Scene II,Duke,"About it, gentlemen!",1488
Act III,Scene II,Proteus,"We'll wait upon your grace till after supper,",1489
Act III,Scene II,Proteus,And afterward determine our proceedings.,1490
Act III,Scene II,Duke,Even now about it! I will pardon you.,1491
Act III,Scene II,[stage direction],Exeunt,NA
Act IV,Scene I,[stage direction],Enter certain Outlaws,NA
Act IV,Scene I,First Outlaw,"Fellows, stand fast; I see a passenger.",1492
Act IV,Scene I,Second Outlaw,"If there be ten, shrink not, but down with 'em.",1493
Act IV,Scene I,[stage direction],Enter VALENTINE and SPEED,NA
Act IV,Scene I,Third Outlaw,"Stand, sir, and throw us that you have about ye:",1494
Act IV,Scene I,Third Outlaw,If not: we'll make you sit and rifle you.,1495
Act IV,Scene I,Speed,"Sir, we are undone; these are the villains",1496
Act IV,Scene I,Speed,That all the travellers do fear so much.,1497
Act IV,Scene I,Valentine,"My friends,--",1498
Act IV,Scene I,First Outlaw,"That's not so, sir: we are your enemies.",1499
Act IV,Scene I,Second Outlaw,Peace! we'll hear him.,1500
Act IV,Scene I,Third Outlaw,"Ay, by my beard, will we, for he's a proper man.",1501
Act IV,Scene I,Valentine,Then know that I have little wealth to lose:,1502
Act IV,Scene I,Valentine,A man I am cross'd with adversity;,1503
Act IV,Scene I,Valentine,"My riches are these poor habiliments,",1504
Act IV,Scene I,Valentine,"Of which if you should here disfurnish me,",1505
Act IV,Scene I,Valentine,You take the sum and substance that I have.,1506
Act IV,Scene I,Second Outlaw,Whither travel you?,1507
Act IV,Scene I,Valentine,To Verona.,1508
Act IV,Scene I,First Outlaw,Whence came you?,1509
Act IV,Scene I,Valentine,From Milan.,1510
Act IV,Scene I,Third Outlaw,Have you long sojourned there?,1511
Act IV,Scene I,Valentine,"Some sixteen months, and longer might have stay'd,",1512
Act IV,Scene I,Valentine,If crooked fortune had not thwarted me.,1513
Act IV,Scene I,First Outlaw,"What, were you banish'd thence?",1514
Act IV,Scene I,Valentine,I was.,1515
Act IV,Scene I,Second Outlaw,For what offence?,1516
Act IV,Scene I,Valentine,For that which now torments me to rehearse:,1517
Act IV,Scene I,Valentine,"I kill'd a man, whose death I much repent;",1518
Act IV,Scene I,Valentine,"Bu t yet I slew him manfully in fight,",1519
Act IV,Scene I,Valentine,Without false vantage or base treachery.,1520
Act IV,Scene I,First Outlaw,"Why, ne'er repent it, if it were done so.",1521
Act IV,Scene I,First Outlaw,But were you banish'd for so small a fault?,1522
Act IV,Scene I,Valentine,"I was, and held me glad of such a doom.",1523
Act IV,Scene I,Second Outlaw,Have you the tongues?,1524
Act IV,Scene I,Valentine,"My youthful travel therein made me happy,",1525
Act IV,Scene I,Valentine,Or else I often had been miserable.,1526
Act IV,Scene I,Third Outlaw,"By the bare scalp of Robin Hood's fat friar,",1527
Act IV,Scene I,Third Outlaw,This fellow were a king for our wild faction!,1528
Act IV,Scene I,First Outlaw,"We'll have him. Sirs, a word.",1529
Act IV,Scene I,Speed,"Master, be one of them; it's an honourable kind of thievery.",1530
Act IV,Scene I,Valentine,"Peace, villain!",1531
Act IV,Scene I,Second Outlaw,Tell us this: have you any thing to take to?,1532
Act IV,Scene I,Valentine,Nothing but my fortune.,1533
Act IV,Scene I,Third Outlaw,"Know, then, that some of us are gentlemen,",1534
Act IV,Scene I,Third Outlaw,Such as the fury of ungovern'd youth,1535
Act IV,Scene I,Third Outlaw,Thrust from the company of awful men:,1536
Act IV,Scene I,Third Outlaw,Myself was from Verona banished,1537
Act IV,Scene I,Third Outlaw,"For practising to steal away a lady,",1538
Act IV,Scene I,Third Outlaw,"An heir, and near allied unto the duke.",1539
Act IV,Scene I,Second Outlaw,"And I from Mantua, for a gentleman,",1540
Act IV,Scene I,Second Outlaw,"Who, in my mood, I stabb'd unto the heart.",1541
Act IV,Scene I,First Outlaw,"And I for such like petty crimes as these,",1542
Act IV,Scene I,First Outlaw,"But to the purpose--for we cite our faults,",1543
Act IV,Scene I,First Outlaw,That they may hold excus'd our lawless lives;,1544
Act IV,Scene I,First Outlaw,"And partly, seeing you are beautified",1545
Act IV,Scene I,First Outlaw,With goodly shape and by your own report,1546
Act IV,Scene I,First Outlaw,A linguist and a man of such perfection,1547
Act IV,Scene I,First Outlaw,As we do in our quality much want--,1548
Act IV,Scene I,Second Outlaw,"Indeed, because you are a banish'd man,",1549
Act IV,Scene I,Second Outlaw,"Therefore, above the rest, we parley to you:",1550
Act IV,Scene I,Second Outlaw,Are you content to be our general?,1551
Act IV,Scene I,Second Outlaw,To make a virtue of necessity,1552
Act IV,Scene I,Second Outlaw,"And live, as we do, in this wilderness?",1553
Act IV,Scene I,Third Outlaw,What say'st thou? wilt thou be of our consort?,1554
Act IV,Scene I,Third Outlaw,"Say ay, and be the captain of us all:",1555
Act IV,Scene I,Third Outlaw,"We'll do thee homage and be ruled by thee,",1556
Act IV,Scene I,Third Outlaw,Love thee as our commander and our king.,1557
Act IV,Scene I,First Outlaw,"But if thou scorn our courtesy, thou diest.",1558
Act IV,Scene I,Second Outlaw,Thou shalt not live to brag what we have offer'd.,1559
Act IV,Scene I,Valentine,"I take your offer and will live with you,",1560
Act IV,Scene I,Valentine,Provided that you do no outrages,1561
Act IV,Scene I,Valentine,On silly women or poor passengers.,1562
Act IV,Scene I,Third Outlaw,"No, we detest such vile base practises.",1563
Act IV,Scene I,Third Outlaw,"Come, go with us, we'll bring thee to our crews,",1564
Act IV,Scene I,Third Outlaw,"And show thee all the treasure we have got,",1565
Act IV,Scene I,Third Outlaw,"Which, with ourselves, all rest at thy dispose.",1566
Act IV,Scene I,[stage direction],Exeunt,NA
Act IV,Scene II,[stage direction],Enter PROTEUS,NA
Act IV,Scene II,Proteus,Already have I been false to Valentine,1567
Act IV,Scene II,Proteus,And now I must be as unjust to Thurio.,1568
Act IV,Scene II,Proteus,"Under the colour of commending him,",1569
Act IV,Scene II,Proteus,I have access my own love to prefer:,1570
Act IV,Scene II,Proteus,"But Silvia is too fair, too true, too holy,",1571
Act IV,Scene II,Proteus,To be corrupted with my worthless gifts.,1572
Act IV,Scene II,Proteus,"When I protest true loyalty to her,",1573
Act IV,Scene II,Proteus,She twits me with my falsehood to my friend;,1574
Act IV,Scene II,Proteus,"When to her beauty I commend my vows,",1575
Act IV,Scene II,Proteus,She bids me think how I have been forsworn,1576
Act IV,Scene II,Proteus,In breaking faith with Julia whom I loved:,1577
Act IV,Scene II,Proteus,"And notwithstanding all her sudden quips,",1578
Act IV,Scene II,Proteus,"The least whereof would quell a lover's hope,",1579
Act IV,Scene II,Proteus,"Yet, spaniel-like, the more she spurns my love,",1580
Act IV,Scene II,Proteus,The more it grows and fawneth on her still.,1581
Act IV,Scene II,Proteus,"But here comes Thurio: now must we to her window,",1582
Act IV,Scene II,Proteus,And give some evening music to her ear.,1583
Act IV,Scene II,[stage direction],Enter THURIO and Musicians,NA
Act IV,Scene II,Thurio,"How now, Sir Proteus, are you crept before us?",1584
Act IV,Scene II,Proteus,"Ay, gentle Thurio: for you know that love",1585
Act IV,Scene II,Proteus,Will creep in service where it cannot go.,1586
Act IV,Scene II,Thurio,"Ay, but I hope, sir, that you love not here.",1587
Act IV,Scene II,Proteus,"Sir, but I do; or else I would be hence.",1588
Act IV,Scene II,Thurio,Who? Silvia?,1589
Act IV,Scene II,Proteus,"Ay, Silvia; for your sake.",1590
Act IV,Scene II,Thurio,"I thank you for your own. Now, gentlemen,",1591
Act IV,Scene II,Thurio,"Let's tune, and to it lustily awhile.",1592
Act IV,Scene II,[stage direction],"Enter, at a distance, Host, and JULIA in boy's clothes",NA
Act IV,Scene II,Host,"Now, my young guest, methinks you're allycholly: I",1593
Act IV,Scene II,Host,"pray you, why is it?",1594
Act IV,Scene II,Julia,"Marry, mine host, because I cannot be merry.",1595
Act IV,Scene II,Host,"Come, we'll have you merry: I'll bring you where",1596
Act IV,Scene II,Host,you shall hear music and see the gentleman that you asked for.,1597
Act IV,Scene II,Julia,But shall I hear him speak?,1598
Act IV,Scene II,Host,"Ay, that you shall.",1599
Act IV,Scene II,Julia,That will be music.,1600
Act IV,Scene II,[stage direction],Music plays,NA
Act IV,Scene II,Host,"Hark, hark!",1601
Act IV,Scene II,Julia,Is he among these?,1602
Act IV,Scene II,Host,"Ay: but, peace! let's hear 'em.",1603
Act IV,Scene II,Host,SONG.,1604
Act IV,Scene II,Host,"Who is Silvia? what is she,",1605
Act IV,Scene II,Host,That all our swains commend her?,1606
Act IV,Scene II,Host,"Holy, fair and wise is she;",1607
Act IV,Scene II,Host,"The heaven such grace did lend her,",1608
Act IV,Scene II,Host,That she might admired be.,1609
Act IV,Scene II,Host,Is she kind as she is fair?,1610
Act IV,Scene II,Host,For beauty lives with kindness.,1611
Act IV,Scene II,Host,"Love doth to her eyes repair,",1612
Act IV,Scene II,Host,"To help him of his blindness,",1613
Act IV,Scene II,Host,"And, being help'd, inhabits there.",1614
Act IV,Scene II,Host,"Then to Silvia let us sing,",1615
Act IV,Scene II,Host,That Silvia is excelling;,1616
Act IV,Scene II,Host,She excels each mortal thing,1617
Act IV,Scene II,Host,Upon the dull earth dwelling:,1618
Act IV,Scene II,Host,To her let us garlands bring.,1619
Act IV,Scene II,Host,How now! are you sadder than you were before? How,1620
Act IV,Scene II,Host,"do you, man? the music likes you not.",1621
Act IV,Scene II,Julia,You mistake; the musician likes me not.,1622
Act IV,Scene II,Host,"Why, my pretty youth?",1623
Act IV,Scene II,Julia,"He plays false, father.",1624
Act IV,Scene II,Host,How? out of tune on the strings?,1625
Act IV,Scene II,Julia,Not so; but yet so false that he grieves my very,1626
Act IV,Scene II,Julia,heart-strings.,1627
Act IV,Scene II,Host,You have a quick ear.,1628
Act IV,Scene II,Julia,"Ay, I would I were deaf; it makes me have a slow heart.",1629
Act IV,Scene II,Host,I perceive you delight not in music.,1630
Act IV,Scene II,Julia,"Not a whit, when it jars so.",1631
Act IV,Scene II,Host,"Hark, what fine change is in the music!",1632
Act IV,Scene II,Julia,"Ay, that change is the spite.",1633
Act IV,Scene II,Host,You would have them always play but one thing?,1634
Act IV,Scene II,Julia,I would always have one play but one thing.,1635
Act IV,Scene II,Julia,"But, host, doth this Sir Proteus that we talk on",1636
Act IV,Scene II,Julia,Often resort unto this gentlewoman?,1637
Act IV,Scene II,Host,"I tell you what Launce, his man, told me: he loved",1638
Act IV,Scene II,Host,her out of all nick.,1639
Act IV,Scene II,Julia,Where is Launce?,1640
Act IV,Scene II,Host,"Gone to seek his dog; which tomorrow, by his",1641
Act IV,Scene II,Host,"master's command, he must carry for a present to his lady.",1642
Act IV,Scene II,Julia,Peace! stand aside: the company parts.,1643
Act IV,Scene II,Proteus,"Sir Thurio, fear not you: I will so plead",1644
Act IV,Scene II,Proteus,That you shall say my cunning drift excels.,1645
Act IV,Scene II,Thurio,Where meet we?,1646
Act IV,Scene II,Proteus,At Saint Gregory's well.,1647
Act IV,Scene II,Thurio,Farewell.,1648
Act IV,Scene II,[stage direction],Exeunt THURIO and Musicians,NA
Act IV,Scene II,[stage direction],Enter SILVIA above,NA
Act IV,Scene II,Proteus,"Madam, good even to your ladyship.",1649
Act IV,Scene II,Silvia,"I thank you for your music, gentlemen.",1650
Act IV,Scene II,Silvia,Who is that that spake?,1651
Act IV,Scene II,Proteus,"One, lady, if you knew his pure heart's truth,",1652
Act IV,Scene II,Proteus,You would quickly learn to know him by his voice.,1653
Act IV,Scene II,Silvia,"Sir Proteus, as I take it.",1654
Act IV,Scene II,Proteus,"Sir Proteus, gentle lady, and your servant.",1655
Act IV,Scene II,Silvia,What's your will?,1656
Act IV,Scene II,Proteus,That I may compass yours.,1657
Act IV,Scene II,Silvia,You have your wish; my will is even this:,1658
Act IV,Scene II,Silvia,That presently you hie you home to bed.,1659
Act IV,Scene II,Silvia,"Thou subtle, perjured, false, disloyal man!",1660
Act IV,Scene II,Silvia,"Think'st thou I am so shallow, so conceitless,",1661
Act IV,Scene II,Silvia,"To be seduced by thy flattery,",1662
Act IV,Scene II,Silvia,That hast deceived so many with thy vows?,1663
Act IV,Scene II,Silvia,"Return, return, and make thy love amends.",1664
Act IV,Scene II,Silvia,"For me, by this pale queen of night I swear,",1665
Act IV,Scene II,Silvia,I am so far from granting thy request,1666
Act IV,Scene II,Silvia,"That I despise thee for thy wrongful suit,",1667
Act IV,Scene II,Silvia,And by and by intend to chide myself,1668
Act IV,Scene II,Silvia,Even for this time I spend in talking to thee.,1669
Act IV,Scene II,Proteus,"I grant, sweet love, that I did love a lady;",1670
Act IV,Scene II,Proteus,But she is dead.,1671
Act IV,Scene II,Julia,"[Aside]        'Twere false, if I should speak it;",1672
Act IV,Scene II,Julia,For I am sure she is not buried.,1673
Act IV,Scene II,Silvia,Say that she be; yet Valentine thy friend,1674
Act IV,Scene II,Silvia,"Survives; to whom, thyself art witness,",1675
Act IV,Scene II,Silvia,I am betroth'd: and art thou not ashamed,1676
Act IV,Scene II,Silvia,To wrong him with thy importunacy?,1677
Act IV,Scene II,Proteus,I likewise hear that Valentine is dead.,1678
Act IV,Scene II,Silvia,And so suppose am I; for in his grave,1679
Act IV,Scene II,Silvia,Assure thyself my love is buried.,1680
Act IV,Scene II,Proteus,"Sweet lady, let me rake it from the earth.",1681
Act IV,Scene II,Silvia,"Go to thy lady's grave and call hers thence,",1682
Act IV,Scene II,Silvia,"Or, at the least, in hers sepulchre thine.",1683
Act IV,Scene II,Julia,[Aside]  He heard not that.,1684
Act IV,Scene II,Proteus,"Madam, if your heart be so obdurate,",1685
Act IV,Scene II,Proteus,"Vouchsafe me yet your picture for my love,",1686
Act IV,Scene II,Proteus,The picture that is hanging in your chamber;,1687
Act IV,Scene II,Proteus,"To that I'll speak, to that I'll sigh and weep:",1688
Act IV,Scene II,Proteus,For since the substance of your perfect self,1689
Act IV,Scene II,Proteus,"Is else devoted, I am but a shadow;",1690
Act IV,Scene II,Proteus,And to your shadow will I make true love.,1691
Act IV,Scene II,Julia,"[Aside]  If 'twere a substance, you would, sure,",1692
Act IV,Scene II,Julia,"deceive it,",1693
Act IV,Scene II,Julia,"And make it but a shadow, as I am.",1694
Act IV,Scene II,Silvia,"I am very loath to be your idol, sir;",1695
Act IV,Scene II,Silvia,But since your falsehood shall become you well,1696
Act IV,Scene II,Silvia,"To worship shadows and adore false shapes,",1697
Act IV,Scene II,Silvia,Send to me in the morning and I'll send it:,1698
Act IV,Scene II,Silvia,"And so, good rest.",1699
Act IV,Scene II,Proteus,As wretches have o'ernight,1700
Act IV,Scene II,Proteus,That wait for execution in the morn.,1701
Act IV,Scene II,[stage direction],Exeunt PROTEUS and SILVIA severally,NA
Act IV,Scene II,Julia,"Host, will you go?",1702
Act IV,Scene II,Host,"By my halidom, I was fast asleep.",1703
Act IV,Scene II,Julia,"Pray you, where lies Sir Proteus?",1704
Act IV,Scene II,Host,"Marry, at my house. Trust me, I think 'tis almost",1705
Act IV,Scene II,Host,day.,1706
Act IV,Scene II,Julia,Not so; but it hath been the longest night,1707
Act IV,Scene II,Julia,That e'er I watch'd and the most heaviest.,1708
Act IV,Scene II,[stage direction],Exeunt,NA
Act IV,Scene III,[stage direction],Enter EGLAMOUR,NA
Act IV,Scene III,Eglamour,This is the hour that Madam Silvia,1709
Act IV,Scene III,Eglamour,Entreated me to call and know her mind:,1710
Act IV,Scene III,Eglamour,There's some great matter she'ld employ me in.,1711
Act IV,Scene III,Eglamour,"Madam, madam!",1712
Act IV,Scene III,[stage direction],Enter SILVIA above,NA
Act IV,Scene III,Silvia,Who calls?,1713
Act IV,Scene III,Eglamour,Your servant and your friend;,1714
Act IV,Scene III,Eglamour,One that attends your ladyship's command.,1715
Act IV,Scene III,Silvia,"Sir Eglamour, a thousand times good morrow.",1716
Act IV,Scene III,Eglamour,"As many, worthy lady, to yourself:",1717
Act IV,Scene III,Eglamour,"According to your ladyship's impose,",1718
Act IV,Scene III,Eglamour,I am thus early come to know what service,1719
Act IV,Scene III,Eglamour,It is your pleasure to command me in.,1720
Act IV,Scene III,Silvia,"O Eglamour, thou art a gentleman--",1721
Act IV,Scene III,Silvia,"Think not I flatter, for I swear I do not--",1722
Act IV,Scene III,Silvia,"Valiant, wise, remorseful, well accomplish'd:",1723
Act IV,Scene III,Silvia,Thou art not ignorant what dear good will,1724
Act IV,Scene III,Silvia,"I bear unto the banish'd Valentine,",1725
Act IV,Scene III,Silvia,Nor how my father would enforce me marry,1726
Act IV,Scene III,Silvia,"Vain Thurio, whom my very soul abhors.",1727
Act IV,Scene III,Silvia,Thyself hast loved; and I have heard thee say,1728
Act IV,Scene III,Silvia,No grief did ever come so near thy heart,1729
Act IV,Scene III,Silvia,"As when thy lady and thy true love died,",1730
Act IV,Scene III,Silvia,Upon whose grave thou vow'dst pure chastity.,1731
Act IV,Scene III,Silvia,"Sir Eglamour, I would to Valentine,",1732
Act IV,Scene III,Silvia,"To Mantua, where I hear he makes abode;",1733
Act IV,Scene III,Silvia,"And, for the ways are dangerous to pass,",1734
Act IV,Scene III,Silvia,"I do desire thy worthy company,",1735
Act IV,Scene III,Silvia,Upon whose faith and honour I repose.,1736
Act IV,Scene III,Silvia,"Urge not my father's anger, Eglamour,",1737
Act IV,Scene III,Silvia,"But think upon my grief, a lady's grief,",1738
Act IV,Scene III,Silvia,"And on the justice of my flying hence,",1739
Act IV,Scene III,Silvia,"To keep me from a most unholy match,",1740
Act IV,Scene III,Silvia,Which heaven and fortune still rewards with plagues.,1741
Act IV,Scene III,Silvia,"I do desire thee, even from a heart",1742
Act IV,Scene III,Silvia,"As full of sorrows as the sea of sands,",1743
Act IV,Scene III,Silvia,To bear me company and go with me:,1744
Act IV,Scene III,Silvia,"If not, to hide what I have said to thee,",1745
Act IV,Scene III,Silvia,That I may venture to depart alone.,1746
Act IV,Scene III,Eglamour,"Madam, I pity much your grievances;",1747
Act IV,Scene III,Eglamour,"Which since I know they virtuously are placed,",1748
Act IV,Scene III,Eglamour,"I give consent to go along with you,",1749
Act IV,Scene III,Eglamour,Recking as little what betideth me,1750
Act IV,Scene III,Eglamour,As much I wish all good befortune you.,1751
Act IV,Scene III,Eglamour,When will you go?,1752
Act IV,Scene III,Silvia,This evening coming.,1753
Act IV,Scene III,Eglamour,Where shall I meet you?,1754
Act IV,Scene III,Silvia,"At Friar Patrick's cell,",1755
Act IV,Scene III,Silvia,Where I intend holy confession.,1756
Act IV,Scene III,Eglamour,"I will not fail your ladyship. Good morrow, gentle lady.",1757
Act IV,Scene III,Silvia,"Good morrow, kind Sir Eglamour.",1758
Act IV,Scene III,[stage direction],Exeunt severally,NA
Act IV,Scene IV,[stage direction],"Enter LAUNCE, with his his Dog",NA
Act IV,Scene IV,Launce,"When a man's servant shall play the cur with him,",1759
Act IV,Scene IV,Launce,"look you, it goes hard: one that I brought up of a",1760
Act IV,Scene IV,Launce,"puppy; one that I saved from drowning, when three or",1761
Act IV,Scene IV,Launce,four of his blind brothers and sisters went to it.,1762
Act IV,Scene IV,Launce,"I have taught him, even as one would say precisely,",1763
Act IV,Scene IV,Launce,'thus I would teach a dog.' I was sent to deliver,1764
Act IV,Scene IV,Launce,him as a present to Mistress Silvia from my master;,1765
Act IV,Scene IV,Launce,and I came no sooner into the dining-chamber but he,1766
Act IV,Scene IV,Launce,steps me to her trencher and steals her capon's leg:,1767
Act IV,Scene IV,Launce,"O, 'tis a foul thing when a cur cannot keep himself",1768
Act IV,Scene IV,Launce,"in all companies! I would have, as one should say,",1769
Act IV,Scene IV,Launce,"one that takes upon him to be a dog indeed, to be,",1770
Act IV,Scene IV,Launce,"as it were, a dog at all things. If I had not had",1771
Act IV,Scene IV,Launce,"more wit than he, to take a fault upon me that he did,",1772
Act IV,Scene IV,Launce,I think verily he had been hanged for't; sure as I,1773
Act IV,Scene IV,Launce,"live, he had suffered for't; you shall judge. He",1774
Act IV,Scene IV,Launce,thrusts me himself into the company of three or four,1775
Act IV,Scene IV,Launce,gentlemanlike dogs under the duke's table: he had,1776
Act IV,Scene IV,Launce,"not been there--bless the mark!--a pissing while, but",1777
Act IV,Scene IV,Launce,all the chamber smelt him. 'Out with the dog!' says,1778
Act IV,Scene IV,Launce,one: 'What cur is that?' says another: 'Whip him,1779
Act IV,Scene IV,Launce,out' says the third: 'Hang him up' says the duke.,1780
Act IV,Scene IV,Launce,"I, having been acquainted with the smell before,",1781
Act IV,Scene IV,Launce,"knew it was Crab, and goes me to the fellow that",1782
Act IV,Scene IV,Launce,"whips the dogs: 'Friend,' quoth I, 'you mean to whip",1783
Act IV,Scene IV,Launce,"the dog?' 'Ay, marry, do I,' quoth he. 'You do him",1784
Act IV,Scene IV,Launce,"the more wrong,' quoth I; ''twas I did the thing you",1785
Act IV,Scene IV,Launce,"wot of.' He makes me no more ado, but whips me out",1786
Act IV,Scene IV,Launce,of the chamber. How many masters would do this for,1787
Act IV,Scene IV,Launce,"his servant? Nay, I'll be sworn, I have sat in the",1788
Act IV,Scene IV,Launce,"stocks for puddings he hath stolen, otherwise he had",1789
Act IV,Scene IV,Launce,been executed; I have stood on the pillory for geese,1790
Act IV,Scene IV,Launce,"he hath killed, otherwise he had suffered for't.",1791
Act IV,Scene IV,Launce,"Thou thinkest not of this now. Nay, I remember the",1792
Act IV,Scene IV,Launce,trick you served me when I took my leave of Madam,1793
Act IV,Scene IV,Launce,Silvia: did not I bid thee still mark me and do as I,1794
Act IV,Scene IV,Launce,do? when didst thou see me heave up my leg and make,1795
Act IV,Scene IV,Launce,water against a gentlewoman's farthingale? didst,1796
Act IV,Scene IV,Launce,thou ever see me do such a trick?,1797
Act IV,Scene IV,[stage direction],Enter PROTEUS and JULIA,NA
Act IV,Scene IV,Proteus,Sebastian is thy name? I like thee well,1798
Act IV,Scene IV,Proteus,And will employ thee in some service presently.,1799
Act IV,Scene IV,Julia,In what you please: I'll do what I can.,1800
Act IV,Scene IV,Proteus,I hope thou wilt.,1801
Act IV,Scene IV,[stage direction],To LAUNCE,NA
Act IV,Scene IV,Proteus,"How now, you whoreson peasant!",1802
Act IV,Scene IV,Proteus,Where have you been these two days loitering?,1803
Act IV,Scene IV,Launce,"Marry, sir, I carried Mistress Silvia the dog you bade me.",1804
Act IV,Scene IV,Proteus,And what says she to my little jewel?,1805
Act IV,Scene IV,Launce,"Marry, she says your dog was a cur, and tells you",1806
Act IV,Scene IV,Launce,currish thanks is good enough for such a present.,1807
Act IV,Scene IV,Proteus,But she received my dog?,1808
Act IV,Scene IV,Launce,"No, indeed, did she not: here have I brought him",1809
Act IV,Scene IV,Launce,back again.,1810
Act IV,Scene IV,Proteus,"What, didst thou offer her this from me?",1811
Act IV,Scene IV,Launce,"Ay, sir: the other squirrel was stolen from me by",1812
Act IV,Scene IV,Launce,the hangman boys in the market-place: and then I,1813
Act IV,Scene IV,Launce,"offered her mine own, who is a dog as big as ten of",1814
Act IV,Scene IV,Launce,"yours, and therefore the gift the greater.",1815
Act IV,Scene IV,Proteus,"Go get thee hence, and find my dog again,",1816
Act IV,Scene IV,Proteus,Or ne'er return again into my sight.,1817
Act IV,Scene IV,Proteus,"Away, I say! stay'st thou to vex me here?",1818
Act IV,Scene IV,[stage direction],Exit LAUNCE,NA
Act IV,Scene IV,Proteus,"A slave, that still an end turns me to shame!",1819
Act IV,Scene IV,Proteus,"Sebastian, I have entertained thee,",1820
Act IV,Scene IV,Proteus,Partly that I have need of such a youth,1821
Act IV,Scene IV,Proteus,"That can with some discretion do my business,",1822
Act IV,Scene IV,Proteus,"For 'tis no trusting to yond foolish lout,",1823
Act IV,Scene IV,Proteus,"But chiefly for thy face and thy behavior,",1824
Act IV,Scene IV,Proteus,"Which, if my augury deceive me not,",1825
Act IV,Scene IV,Proteus,"Witness good bringing up, fortune and truth:",1826
Act IV,Scene IV,Proteus,"Therefore know thou, for this I entertain thee.",1827
Act IV,Scene IV,Proteus,"Go presently and take this ring with thee,",1828
Act IV,Scene IV,Proteus,Deliver it to Madam Silvia:,1829
Act IV,Scene IV,Proteus,She loved me well deliver'd it to me.,1830
Act IV,Scene IV,Julia,"It seems you loved not her, to leave her token.",1831
Act IV,Scene IV,Julia,"She is dead, belike?",1832
Act IV,Scene IV,Proteus,Not so; I think she lives.,1833
Act IV,Scene IV,Julia,Alas!,1834
Act IV,Scene IV,Proteus,Why dost thou cry 'alas'?,1835
Act IV,Scene IV,Julia,I cannot choose,1836
Act IV,Scene IV,Julia,But pity her.,1837
Act IV,Scene IV,Proteus,Wherefore shouldst thou pity her?,1838
Act IV,Scene IV,Julia,Because methinks that she loved you as well,1839
Act IV,Scene IV,Julia,As you do love your lady Silvia:,1840
Act IV,Scene IV,Julia,She dreams of him that has forgot her love;,1841
Act IV,Scene IV,Julia,You dote on her that cares not for your love.,1842
Act IV,Scene IV,Julia,'Tis pity love should be so contrary;,1843
Act IV,Scene IV,Julia,And thinking of it makes me cry 'alas!',1844
Act IV,Scene IV,Proteus,"Well, give her that ring and therewithal",1845
Act IV,Scene IV,Proteus,This letter. That's her chamber. Tell my lady,1846
Act IV,Scene IV,Proteus,I claim the promise for her heavenly picture.,1847
Act IV,Scene IV,Proteus,"Your message done, hie home unto my chamber,",1848
Act IV,Scene IV,Proteus,"Where thou shalt find me, sad and solitary.",1849
Act IV,Scene IV,[stage direction],Exit,NA
Act IV,Scene IV,Julia,How many women would do such a message?,1850
Act IV,Scene IV,Julia,"Alas, poor Proteus! thou hast entertain'd",1851
Act IV,Scene IV,Julia,A fox to be the shepherd of thy lambs.,1852
Act IV,Scene IV,Julia,"Alas, poor fool! why do I pity him",1853
Act IV,Scene IV,Julia,That with his very heart despiseth me?,1854
Act IV,Scene IV,Julia,"Because he loves her, he despiseth me;",1855
Act IV,Scene IV,Julia,Because I love him I must pity him.,1856
Act IV,Scene IV,Julia,"This ring I gave him when he parted from me,",1857
Act IV,Scene IV,Julia,To bind him to remember my good will;,1858
Act IV,Scene IV,Julia,"And now am I, unhappy messenger,",1859
Act IV,Scene IV,Julia,"To plead for that which I would not obtain,",1860
Act IV,Scene IV,Julia,"To carry that which I would have refused,",1861
Act IV,Scene IV,Julia,To praise his faith which I would have dispraised.,1862
Act IV,Scene IV,Julia,I am my master's true-confirmed love;,1863
Act IV,Scene IV,Julia,"But cannot be true servant to my master,",1864
Act IV,Scene IV,Julia,Unless I prove false traitor to myself.,1865
Act IV,Scene IV,Julia,"Yet will I woo for him, but yet so coldly",1866
Act IV,Scene IV,Julia,"As, heaven it knows, I would not have him speed.",1867
Act IV,Scene IV,[stage direction],"Enter SILVIA, attended",NA
Act IV,Scene IV,Julia,"Gentlewoman, good day! I pray you, be my mean",1868
Act IV,Scene IV,Julia,To bring me where to speak with Madam Silvia.,1869
Act IV,Scene IV,Silvia,"What would you with her, if that I be she?",1870
Act IV,Scene IV,Julia,"If you be she, I do entreat your patience",1871
Act IV,Scene IV,Julia,To hear me speak the message I am sent on.,1872
Act IV,Scene IV,Silvia,From whom?,1873
Act IV,Scene IV,Julia,"From my master, Sir Proteus, madam.",1874
Act IV,Scene IV,Silvia,"O, he sends you for a picture.",1875
Act IV,Scene IV,Julia,"Ay, madam.",1876
Act IV,Scene IV,Silvia,"Ursula, bring my picture here.",1877
Act IV,Scene IV,Silvia,"Go give your master this: tell him from me,",1878
Act IV,Scene IV,Silvia,"One Julia, that his changing thoughts forget,",1879
Act IV,Scene IV,Silvia,Would better fit his chamber than this shadow.,1880
Act IV,Scene IV,Julia,"Madam, please you peruse this letter.--",1881
Act IV,Scene IV,Julia,"Pardon me, madam; I have unadvised",1882
Act IV,Scene IV,Julia,Deliver'd you a paper that I should not:,1883
Act IV,Scene IV,Julia,This is the letter to your ladyship.,1884
Act IV,Scene IV,Silvia,"I pray thee, let me look on that again.",1885
Act IV,Scene IV,Julia,"It may not be; good madam, pardon me.",1886
Act IV,Scene IV,Silvia,"There, hold!",1887
Act IV,Scene IV,Silvia,I will not look upon your master's lines:,1888
Act IV,Scene IV,Silvia,I know they are stuff'd with protestations,1889
Act IV,Scene IV,Silvia,And full of new-found oaths; which he will break,1890
Act IV,Scene IV,Silvia,As easily as I do tear his paper.,1891
Act IV,Scene IV,Julia,"Madam, he sends your ladyship this ring.",1892
Act IV,Scene IV,Silvia,The more shame for him that he sends it me;,1893
Act IV,Scene IV,Silvia,For I have heard him say a thousand times,1894
Act IV,Scene IV,Silvia,His Julia gave it him at his departure.,1895
Act IV,Scene IV,Silvia,"Though his false finger have profaned the ring,",1896
Act IV,Scene IV,Silvia,Mine shall not do his Julia so much wrong.,1897
Act IV,Scene IV,Julia,She thanks you.,1898
Act IV,Scene IV,Silvia,What say'st thou?,1899
Act IV,Scene IV,Julia,"I thank you, madam, that you tender her.",1900
Act IV,Scene IV,Julia,Poor gentlewoman! my master wrongs her much.,1901
Act IV,Scene IV,Silvia,Dost thou know her?,1902
Act IV,Scene IV,Julia,Almost as well as I do know myself:,1903
Act IV,Scene IV,Julia,To think upon her woes I do protest,1904
Act IV,Scene IV,Julia,That I have wept a hundred several times.,1905
Act IV,Scene IV,Silvia,Belike she thinks that Proteus hath forsook her.,1906
Act IV,Scene IV,Julia,I think she doth; and that's her cause of sorrow.,1907
Act IV,Scene IV,Silvia,Is she not passing fair?,1908
Act IV,Scene IV,Julia,"She hath been fairer, madam, than she is:",1909
Act IV,Scene IV,Julia,"When she did think my master loved her well,",1910
Act IV,Scene IV,Julia,"She, in my judgment, was as fair as you:",1911
Act IV,Scene IV,Julia,But since she did neglect her looking-glass,1912
Act IV,Scene IV,Julia,"And threw her sun-expelling mask away,",1913
Act IV,Scene IV,Julia,The air hath starved the roses in her cheeks,1914
Act IV,Scene IV,Julia,"And pinch'd the lily-tincture of her face,",1915
Act IV,Scene IV,Julia,That now she is become as black as I.,1916
Act IV,Scene IV,Silvia,How tall was she?,1917
Act IV,Scene IV,Julia,"About my stature; for at Pentecost,",1918
Act IV,Scene IV,Julia,"When all our pageants of delight were play'd,",1919
Act IV,Scene IV,Julia,"Our youth got me to play the woman's part,",1920
Act IV,Scene IV,Julia,"And I was trimm'd in Madam Julia's gown,",1921
Act IV,Scene IV,Julia,"Which served me as fit, by all men's judgments,",1922
Act IV,Scene IV,Julia,As if the garment had been made for me:,1923
Act IV,Scene IV,Julia,Therefore I know she is about my height.,1924
Act IV,Scene IV,Julia,"And at that time I made her weep agood,",1925
Act IV,Scene IV,Julia,For I did play a lamentable part:,1926
Act IV,Scene IV,Julia,"Madam, 'twas Ariadne passioning",1927
Act IV,Scene IV,Julia,For Theseus' perjury and unjust flight;,1928
Act IV,Scene IV,Julia,Which I so lively acted with my tears,1929
Act IV,Scene IV,Julia,"That my poor mistress, moved therewithal,",1930
Act IV,Scene IV,Julia,Wept bitterly; and would I might be dead,1931
Act IV,Scene IV,Julia,If I in thought felt not her very sorrow!,1932
Act IV,Scene IV,Silvia,"She is beholding to thee, gentle youth.",1933
Act IV,Scene IV,Silvia,"Alas, poor lady, desolate and left!",1934
Act IV,Scene IV,Silvia,I weep myself to think upon thy words.,1935
Act IV,Scene IV,Silvia,"Here, youth, there is my purse; I give thee this",1936
Act IV,Scene IV,Silvia,"For thy sweet mistress' sake, because thou lovest her.",1937
Act IV,Scene IV,Silvia,Farewell.,1938
Act IV,Scene IV,[stage direction],"Exit SILVIA, with attendants",NA
Act IV,Scene IV,Julia,"And she shall thank you for't, if e'er you know her.",1939
Act IV,Scene IV,Julia,"A virtuous gentlewoman, mild and beautiful",1940
Act IV,Scene IV,Julia,"I hope my master's suit will be but cold,",1941
Act IV,Scene IV,Julia,Since she respects my mistress' love so much.,1942
Act IV,Scene IV,Julia,"Alas, how love can trifle with itself!",1943
Act IV,Scene IV,Julia,"Here is her picture: let me see; I think,",1944
Act IV,Scene IV,Julia,"If I had such a tire, this face of mine",1945
Act IV,Scene IV,Julia,Were full as lovely as is this of hers:,1946
Act IV,Scene IV,Julia,"And yet the painter flatter'd her a little,",1947
Act IV,Scene IV,Julia,Unless I flatter with myself too much.,1948
Act IV,Scene IV,Julia,"Her hair is auburn, mine is perfect yellow:",1949
Act IV,Scene IV,Julia,"If that be all the difference in his love,",1950
Act IV,Scene IV,Julia,I'll get me such a colour'd periwig.,1951
Act IV,Scene IV,Julia,"Her eyes are grey as glass, and so are mine:",1952
Act IV,Scene IV,Julia,"Ay, but her forehead's low, and mine's as high.",1953
Act IV,Scene IV,Julia,What should it be that he respects in her,1954
Act IV,Scene IV,Julia,"But I can make respective in myself,",1955
Act IV,Scene IV,Julia,If this fond Love were not a blinded god?,1956
Act IV,Scene IV,Julia,"Come, shadow, come and take this shadow up,",1957
Act IV,Scene IV,Julia,"For 'tis thy rival. O thou senseless form,",1958
Act IV,Scene IV,Julia,"Thou shalt be worshipp'd, kiss'd, loved and adored!",1959
Act IV,Scene IV,Julia,"And, were there sense in his idolatry,",1960
Act IV,Scene IV,Julia,My substance should be statue in thy stead.,1961
Act IV,Scene IV,Julia,"I'll use thee kindly for thy mistress' sake,",1962
Act IV,Scene IV,Julia,"That used me so; or else, by Jove I vow,",1963
Act IV,Scene IV,Julia,I should have scratch'd out your unseeing eyes,1964
Act IV,Scene IV,Julia,To make my master out of love with thee!,1965
Act IV,Scene IV,[stage direction],Exit,NA
Act V,Scene I,[stage direction],Enter EGLAMOUR,NA
Act V,Scene I,Eglamour,The sun begins to gild the western sky;,1966
Act V,Scene I,Eglamour,And now it is about the very hour,1967
Act V,Scene I,Eglamour,"That Silvia, at Friar Patrick's cell, should meet me.",1968
Act V,Scene I,Eglamour,"She will not fail, for lovers break not hours,",1969
Act V,Scene I,Eglamour,Unless it be to come before their time;,1970
Act V,Scene I,Eglamour,So much they spur their expedition.,1971
Act V,Scene I,Eglamour,See where she comes.,1972
Act V,Scene I,[stage direction],Enter SILVIA,NA
Act V,Scene I,Eglamour,"Lady, a happy evening!",1973
Act V,Scene I,Silvia,"Amen, amen! Go on, good Eglamour,",1974
Act V,Scene I,Silvia,Out at the postern by the abbey-wall:,1975
Act V,Scene I,Silvia,I fear I am attended by some spies.,1976
Act V,Scene I,Eglamour,Fear not: the forest is not three leagues off;,1977
Act V,Scene I,Eglamour,"If we recover that, we are sure enough.",1978
Act V,Scene I,[stage direction],Exeunt,NA
Act V,Scene II,[stage direction],"Enter THURIO, PROTEUS, and JULIA",NA
Act V,Scene II,Thurio,"Sir Proteus, what says Silvia to my suit?",1979
Act V,Scene II,Proteus,"O, sir, I find her milder than she was;",1980
Act V,Scene II,Proteus,And yet she takes exceptions at your person.,1981
Act V,Scene II,Thurio,"What, that my leg is too long?",1982
Act V,Scene II,Proteus,No; that it is too little.,1983
Act V,Scene II,Thurio,"I'll wear a boot, to make it somewhat rounder.",1984
Act V,Scene II,Julia,[Aside]  But love will not be spurr'd to what,1985
Act V,Scene II,Julia,it loathes.,1986
Act V,Scene II,Thurio,What says she to my face?,1987
Act V,Scene II,Proteus,She says it is a fair one.,1988
Act V,Scene II,Thurio,"Nay then, the wanton lies; my face is black.",1989
Act V,Scene II,Proteus,"But pearls are fair; and the old saying is,",1990
Act V,Scene II,Proteus,Black men are pearls in beauteous ladies' eyes.,1991
Act V,Scene II,Julia,[Aside]  'Tis true; such pearls as put out,1992
Act V,Scene II,Julia,ladies' eyes;,1993
Act V,Scene II,Julia,For I had rather wink than look on them.,1994
Act V,Scene II,Thurio,How likes she my discourse?,1995
Act V,Scene II,Proteus,"Ill, when you talk of war.",1996
Act V,Scene II,Thurio,"But well, when I discourse of love and peace?",1997
Act V,Scene II,Julia,"[Aside]  But better, indeed, when you hold your peace.",1998
Act V,Scene II,Thurio,What says she to my valour?,1999
Act V,Scene II,Proteus,"O, sir, she makes no doubt of that.",2000
Act V,Scene II,Julia,"[Aside]  She needs not, when she knows it cowardice.",2001
Act V,Scene II,Thurio,What says she to my birth?,2002
Act V,Scene II,Proteus,That you are well derived.,2003
Act V,Scene II,Julia,[Aside]  True; from a gentleman to a fool.,2004
Act V,Scene II,Thurio,Considers she my possessions?,2005
Act V,Scene II,Proteus,"O, ay; and pities them.",2006
Act V,Scene II,Thurio,Wherefore?,2007
Act V,Scene II,Julia,[Aside]  That such an ass should owe them.,2008
Act V,Scene II,Proteus,That they are out by lease.,2009
Act V,Scene II,Julia,Here comes the duke.,2010
Act V,Scene II,[stage direction],Enter DUKE,NA
Act V,Scene II,Duke,"How now, Sir Proteus! how now, Thurio!",2011
Act V,Scene II,Duke,Which of you saw Sir Eglamour of late?,2012
Act V,Scene II,Thurio,Not I.,2013
Act V,Scene II,Proteus,Nor I.,2014
Act V,Scene II,Duke,Saw you my daughter?,2015
Act V,Scene II,Proteus,Neither.,2016
Act V,Scene II,Duke,"Why then,",2017
Act V,Scene II,Duke,She's fled unto that peasant Valentine;,2018
Act V,Scene II,Duke,And Eglamour is in her company.,2019
Act V,Scene II,Duke,"'Tis true; for Friar Laurence met them both,",2020
Act V,Scene II,Duke,As he in penance wander'd through the forest;,2021
Act V,Scene II,Duke,"Him he knew well, and guess'd that it was she,",2022
Act V,Scene II,Duke,"But, being mask'd, he was not sure of it;",2023
Act V,Scene II,Duke,"Besides, she did intend confession",2024
Act V,Scene II,Duke,At Patrick's cell this even; and there she was not;,2025
Act V,Scene II,Duke,These likelihoods confirm her flight from hence.,2026
Act V,Scene II,Duke,"Therefore, I pray you, stand not to discourse,",2027
Act V,Scene II,Duke,But mount you presently and meet with me,2028
Act V,Scene II,Duke,Upon the rising of the mountain-foot,2029
Act V,Scene II,Duke,"That leads towards Mantua, whither they are fled:",2030
Act V,Scene II,Duke,"Dispatch, sweet gentlemen, and follow me.",2031
Act V,Scene II,[stage direction],Exit,NA
Act V,Scene II,Thurio,"Why, this it is to be a peevish girl,",2032
Act V,Scene II,Thurio,That flies her fortune when it follows her.,2033
Act V,Scene II,Thurio,"I'll after, more to be revenged on Eglamour",2034
Act V,Scene II,Thurio,Than for the love of reckless Silvia.,2035
Act V,Scene II,[stage direction],Exit,NA
Act V,Scene II,Proteus,"And I will follow, more for Silvia's love",2036
Act V,Scene II,Proteus,Than hate of Eglamour that goes with her.,2037
Act V,Scene II,[stage direction],Exit,NA
Act V,Scene II,Julia,"And I will follow, more to cross that love",2038
Act V,Scene II,Julia,Than hate for Silvia that is gone for love.,2039
Act V,Scene II,[stage direction],Exit,NA
Act V,Scene III,[stage direction],Enter Outlaws with SILVIA,NA
Act V,Scene III,First Outlaw,"Come, come,",2040
Act V,Scene III,First Outlaw,Be patient; we must bring you to our captain.,2041
Act V,Scene III,Silvia,A thousand more mischances than this one,2042
Act V,Scene III,Silvia,Have learn'd me how to brook this patiently.,2043
Act V,Scene III,Second Outlaw,"Come, bring her away.",2044
Act V,Scene III,First Outlaw,Where is the gentleman that was with her?,2045
Act V,Scene III,Third Outlaw,"Being nimble-footed, he hath outrun us,",2046
Act V,Scene III,Third Outlaw,But Moyses and Valerius follow him.,2047
Act V,Scene III,Third Outlaw,Go thou with her to the west end of the wood;,2048
Act V,Scene III,Third Outlaw,There is our captain: we'll follow him that's fled;,2049
Act V,Scene III,Third Outlaw,The thicket is beset; he cannot 'scape.,2050
Act V,Scene III,First Outlaw,"Come, I must bring you to our captain's cave:",2051
Act V,Scene III,First Outlaw,"Fear not; he bears an honourable mind,",2052
Act V,Scene III,First Outlaw,And will not use a woman lawlessly.,2053
Act V,Scene III,Silvia,"O Valentine, this I endure for thee!",2054
Act V,Scene III,[stage direction],Exeunt,NA
Act V,Scene IV,[stage direction],Enter VALENTINE,NA
Act V,Scene IV,Valentine,How use doth breed a habit in a man!,2055
Act V,Scene IV,Valentine,"This shadowy desert, unfrequented woods,",2056
Act V,Scene IV,Valentine,I better brook than flourishing peopled towns:,2057
Act V,Scene IV,Valentine,"Here can I sit alone, unseen of any,",2058
Act V,Scene IV,Valentine,And to the nightingale's complaining notes,2059
Act V,Scene IV,Valentine,Tune my distresses and record my woes.,2060
Act V,Scene IV,Valentine,"O thou that dost inhabit in my breast,",2061
Act V,Scene IV,Valentine,"Leave not the mansion so long tenantless,",2062
Act V,Scene IV,Valentine,"Lest, growing ruinous, the building fall",2063
Act V,Scene IV,Valentine,And leave no memory of what it was!,2064
Act V,Scene IV,Valentine,"Repair me with thy presence, Silvia;",2065
Act V,Scene IV,Valentine,"Thou gentle nymph, cherish thy forlorn swain!",2066
Act V,Scene IV,Valentine,What halloing and what stir is this to-day?,2067
Act V,Scene IV,Valentine,"These are my mates, that make their wills their law,",2068
Act V,Scene IV,Valentine,Have some unhappy passenger in chase.,2069
Act V,Scene IV,Valentine,They love me well; yet I have much to do,2070
Act V,Scene IV,Valentine,To keep them from uncivil outrages.,2071
Act V,Scene IV,Valentine,"Withdraw thee, Valentine: who's this comes here?",2072
Act V,Scene IV,[stage direction],"Enter PROTEUS, SILVIA, and JULIA",NA
Act V,Scene IV,Proteus,"Madam, this service I have done for you,",2073
Act V,Scene IV,Proteus,"Though you respect not aught your servant doth,",2074
Act V,Scene IV,Proteus,To hazard life and rescue you from him,2075
Act V,Scene IV,Proteus,That would have forced your honour and your love;,2076
Act V,Scene IV,Proteus,"Vouchsafe me, for my meed, but one fair look;",2077
Act V,Scene IV,Proteus,A smaller boon than this I cannot beg,2078
Act V,Scene IV,Proteus,"And less than this, I am sure, you cannot give.",2079
Act V,Scene IV,Valentine,[Aside]  How like a dream is this I see and hear!,2080
Act V,Scene IV,Valentine,"Love, lend me patience to forbear awhile.",2081
Act V,Scene IV,Silvia,"O miserable, unhappy that I am!",2082
Act V,Scene IV,Proteus,"Unhappy were you, madam, ere I came;",2083
Act V,Scene IV,Proteus,But by my coming I have made you happy.,2084
Act V,Scene IV,Silvia,By thy approach thou makest me most unhappy.,2085
Act V,Scene IV,Julia,"[Aside]  And me, when he approacheth to your presence.",2086
Act V,Scene IV,Silvia,"Had I been seized by a hungry lion,",2087
Act V,Scene IV,Silvia,"I would have been a breakfast to the beast,",2088
Act V,Scene IV,Silvia,Rather than have false Proteus rescue me.,2089
Act V,Scene IV,Silvia,"O, Heaven be judge how I love Valentine,",2090
Act V,Scene IV,Silvia,Whose life's as tender to me as my soul!,2091
Act V,Scene IV,Silvia,"And full as much, for more there cannot be,",2092
Act V,Scene IV,Silvia,I do detest false perjured Proteus.,2093
Act V,Scene IV,Silvia,Therefore be gone; solicit me no more.,2094
Act V,Scene IV,Proteus,"What dangerous action, stood it next to death,",2095
Act V,Scene IV,Proteus,Would I not undergo for one calm look!,2096
Act V,Scene IV,Proteus,"O, 'tis the curse in love, and still approved,",2097
Act V,Scene IV,Proteus,When women cannot love where they're beloved!,2098
Act V,Scene IV,Silvia,When Proteus cannot love where he's beloved.,2099
Act V,Scene IV,Silvia,"Read over Julia's heart, thy first best love,",2100
Act V,Scene IV,Silvia,For whose dear sake thou didst then rend thy faith,2101
Act V,Scene IV,Silvia,Into a thousand oaths; and all those oaths,2102
Act V,Scene IV,Silvia,"Descended into perjury, to love me.",2103
Act V,Scene IV,Silvia,"Thou hast no faith left now, unless thou'dst two;",2104
Act V,Scene IV,Silvia,And that's far worse than none; better have none,2105
Act V,Scene IV,Silvia,Than plural faith which is too much by one:,2106
Act V,Scene IV,Silvia,Thou counterfeit to thy true friend!,2107
Act V,Scene IV,Proteus,In love,2108
Act V,Scene IV,Proteus,Who respects friend?,2109
Act V,Scene IV,Silvia,All men but Proteus.,2110
Act V,Scene IV,Proteus,"Nay, if the gentle spirit of moving words",2111
Act V,Scene IV,Proteus,"Can no way change you to a milder form,",2112
Act V,Scene IV,Proteus,"I'll woo you like a soldier, at arms' end,",2113
Act V,Scene IV,Proteus,"And love you 'gainst the nature of love,--force ye.",2114
Act V,Scene IV,Silvia,O heaven!,2115
Act V,Scene IV,Proteus,I'll force thee yield to my desire.,2116
Act V,Scene IV,Valentine,"Ruffian, let go that rude uncivil touch,",2117
Act V,Scene IV,Valentine,Thou friend of an ill fashion!,2118
Act V,Scene IV,Proteus,Valentine!,2119
Act V,Scene IV,Valentine,"Thou common friend, that's without faith or love,",2120
Act V,Scene IV,Valentine,For such is a friend now; treacherous man!,2121
Act V,Scene IV,Valentine,Thou hast beguiled my hopes; nought but mine eye,2122
Act V,Scene IV,Valentine,Could have persuaded me: now I dare not say,2123
Act V,Scene IV,Valentine,I have one friend alive; thou wouldst disprove me.,2124
Act V,Scene IV,Valentine,"Who should be trusted, when one's own right hand",2125
Act V,Scene IV,Valentine,"Is perjured to the bosom? Proteus,",2126
Act V,Scene IV,Valentine,"I am sorry I must never trust thee more,",2127
Act V,Scene IV,Valentine,But count the world a stranger for thy sake.,2128
Act V,Scene IV,Valentine,"The private wound is deepest: O time most accurst,",2129
Act V,Scene IV,Valentine,'Mongst all foes that a friend should be the worst!,2130
Act V,Scene IV,Proteus,My shame and guilt confounds me.,2131
Act V,Scene IV,Proteus,"Forgive me, Valentine: if hearty sorrow",2132
Act V,Scene IV,Proteus,"Be a sufficient ransom for offence,",2133
Act V,Scene IV,Proteus,I tender 't here; I do as truly suffer,2134
Act V,Scene IV,Proteus,As e'er I did commit.,2135
Act V,Scene IV,Valentine,Then I am paid;,2136
Act V,Scene IV,Valentine,And once again I do receive thee honest.,2137
Act V,Scene IV,Valentine,Who by repentance is not satisfied,2138
Act V,Scene IV,Valentine,"Is nor of heaven nor earth, for these are pleased.",2139
Act V,Scene IV,Valentine,By penitence the Eternal's wrath's appeased:,2140
Act V,Scene IV,Valentine,"And, that my love may appear plain and free,",2141
Act V,Scene IV,Valentine,All that was mine in Silvia I give thee.,2142
Act V,Scene IV,Julia,O me unhappy!,2143
Act V,Scene IV,[stage direction],Swoons,NA
Act V,Scene IV,Proteus,Look to the boy.,2144
Act V,Scene IV,Valentine,"Why, boy! why, wag! how now! what's the matter?",2145
Act V,Scene IV,Valentine,Look up; speak.,2146
Act V,Scene IV,Julia,"O good sir, my master charged me to deliver a ring",2147
Act V,Scene IV,Julia,"to Madam Silvia, which, out of my neglect, was never done.",2148
Act V,Scene IV,Proteus,"Where is that ring, boy?",2149
Act V,Scene IV,Julia,Here 'tis; this is it.,2150
Act V,Scene IV,Proteus,How! let me see:,2151
Act V,Scene IV,Proteus,"Why, this is the ring I gave to Julia.",2152
Act V,Scene IV,Julia,"O, cry you mercy, sir, I have mistook:",2153
Act V,Scene IV,Julia,This is the ring you sent to Silvia.,2154
Act V,Scene IV,Proteus,But how camest thou by this ring? At my depart,2155
Act V,Scene IV,Proteus,I gave this unto Julia.,2156
Act V,Scene IV,Julia,And Julia herself did give it me;,2157
Act V,Scene IV,Julia,And Julia herself hath brought it hither.,2158
Act V,Scene IV,Proteus,How! Julia!,2159
Act V,Scene IV,Julia,"Behold her that gave aim to all thy oaths,",2160
Act V,Scene IV,Julia,And entertain'd 'em deeply in her heart.,2161
Act V,Scene IV,Julia,How oft hast thou with perjury cleft the root!,2162
Act V,Scene IV,Julia,"O Proteus, let this habit make thee blush!",2163
Act V,Scene IV,Julia,Be thou ashamed that I have took upon me,2164
Act V,Scene IV,Julia,"Such an immodest raiment, if shame live",2165
Act V,Scene IV,Julia,In a disguise of love:,2166
Act V,Scene IV,Julia,"It is the lesser blot, modesty finds,",2167
Act V,Scene IV,Julia,Women to change their shapes than men their minds.,2168
Act V,Scene IV,Proteus,Than men their minds! 'tis true.,2169
Act V,Scene IV,Proteus,O heaven! were man,2170
Act V,Scene IV,Proteus,"But constant, he were perfect. That one error",2171
Act V,Scene IV,Proteus,Fills him with faults; makes him run through all the sins:,2172
Act V,Scene IV,Proteus,Inconstancy falls off ere it begins.,2173
Act V,Scene IV,Proteus,"What is in Silvia's face, but I may spy",2174
Act V,Scene IV,Proteus,More fresh in Julia's with a constant eye?,2175
Act V,Scene IV,Valentine,"Come, come, a hand from either:",2176
Act V,Scene IV,Valentine,Let me be blest to make this happy close;,2177
Act V,Scene IV,Valentine,'Twere pity two such friends should be long foes.,2178
Act V,Scene IV,Proteus,"Bear witness, Heaven, I have my wish for ever.",2179
Act V,Scene IV,Julia,And I mine.,2180
Act V,Scene IV,[stage direction],"Enter Outlaws, with DUKE and THURIO",NA
Act V,Scene IV,Outlaws,"A prize, a prize, a prize!",2181
Act V,Scene IV,Valentine,"Forbear, forbear, I say! it is my lord the duke.",2182
Act V,Scene IV,Valentine,"Your grace is welcome to a man disgraced,",2183
Act V,Scene IV,Valentine,Banished Valentine.,2184
Act V,Scene IV,Duke,Sir Valentine!,2185
Act V,Scene IV,Thurio,Yonder is Silvia; and Silvia's mine.,2186
Act V,Scene IV,Valentine,"Thurio, give back, or else embrace thy death;",2187
Act V,Scene IV,Valentine,Come not within the measure of my wrath;,2188
Act V,Scene IV,Valentine,"Do not name Silvia thine; if once again,",2189
Act V,Scene IV,Valentine,Verona shall not hold thee. Here she stands;,2190
Act V,Scene IV,Valentine,Take but possession of her with a touch:,2191
Act V,Scene IV,Valentine,I dare thee but to breathe upon my love.,2192
Act V,Scene IV,Thurio,"Sir Valentine, I care not for her, I;",2193
Act V,Scene IV,Thurio,I hold him but a fool that will endanger,2194
Act V,Scene IV,Thurio,His body for a girl that loves him not:,2195
Act V,Scene IV,Thurio,"I claim her not, and therefore she is thine.",2196
Act V,Scene IV,Duke,"The more degenerate and base art thou,",2197
Act V,Scene IV,Duke,To make such means for her as thou hast done,2198
Act V,Scene IV,Duke,And leave her on such slight conditions.,2199
Act V,Scene IV,Duke,"Now, by the honour of my ancestry,",2200
Act V,Scene IV,Duke,"I do applaud thy spirit, Valentine,",2201
Act V,Scene IV,Duke,And think thee worthy of an empress' love:,2202
Act V,Scene IV,Duke,"Know then, I here forget all former griefs,",2203
Act V,Scene IV,Duke,"Cancel all grudge, repeal thee home again,",2204
Act V,Scene IV,Duke,"Plead a new state in thy unrivall'd merit,",2205
Act V,Scene IV,Duke,"To which I thus subscribe: Sir Valentine,",2206
Act V,Scene IV,Duke,Thou art a gentleman and well derived;,2207
Act V,Scene IV,Duke,"Take thou thy Silvia, for thou hast deserved her.",2208
Act V,Scene IV,Valentine,I thank your grace; the gift hath made me happy.,2209
Act V,Scene IV,Valentine,"I now beseech you, for your daughter's sake,",2210
Act V,Scene IV,Valentine,To grant one boom that I shall ask of you.,2211
Act V,Scene IV,Duke,"I grant it, for thine own, whate'er it be.",2212
Act V,Scene IV,Valentine,These banish'd men that I have kept withal,2213
Act V,Scene IV,Valentine,Are men endued with worthy qualities:,2214
Act V,Scene IV,Valentine,Forgive them what they have committed here,2215
Act V,Scene IV,Valentine,And let them be recall'd from their exile:,2216
Act V,Scene IV,Valentine,"They are reformed, civil, full of good",2217
Act V,Scene IV,Valentine,"And fit for great employment, worthy lord.",2218
Act V,Scene IV,Duke,Thou hast prevail'd; I pardon them and thee:,2219
Act V,Scene IV,Duke,Dispose of them as thou know'st their deserts.,2220
Act V,Scene IV,Duke,"Come, let us go: we will include all jars",2221
Act V,Scene IV,Duke,"With triumphs, mirth and rare solemnity.",2222
Act V,Scene IV,Valentine,"And, as we walk along, I dare be bold",2223
Act V,Scene IV,Valentine,With our discourse to make your grace to smile.,2224
Act V,Scene IV,Valentine,"What think you of this page, my lord?",2225
Act V,Scene IV,Duke,I think the boy hath grace in him; he blushes.,2226
Act V,Scene IV,Valentine,"I warrant you, my lord, more grace than boy.",2227
Act V,Scene IV,Duke,What mean you by that saying?,2228
Act V,Scene IV,Valentine,"Please you, I'll tell you as we pass along,",2229
Act V,Scene IV,Valentine,That you will wonder what hath fortuned.,2230
Act V,Scene IV,Valentine,"Come, Proteus; 'tis your penance but to hear",2231
Act V,Scene IV,Valentine,The story of your loves discovered:,2232
Act V,Scene IV,Valentine,"That done, our day of marriage shall be yours;",2233
Act V,Scene IV,Valentine,"One feast, one house, one mutual happiness.",2234
Act V,Scene IV,[stage direction],Exeunt,NA
